window_start_utc,raw_deviation_score,normalized_deviation_score,chunk_id,dev_median,dev_scale
2018-02-14 12:29:00+00:00,2.1025166511535645,0.27140435576438904,1,1.06141996383667,0.26084190607070923
2018-02-14 12:30:00+00:00,1.5371487140655518,-0.4998394846916199,1,1.06141996383667,0.26084190607070923
2018-02-14 12:31:00+00:00,1.8386199474334717,-0.06939809024333954,1,1.06141996383667,0.26084190607070923
2018-02-14 12:32:00+00:00,1.3565183877944946,-0.7829825282096863,1,1.06141996383667,0.26084190607070923
2018-02-14 12:33:00+00:00,1.7142951488494873,-0.24109496176242828,1,1.06141996383667,0.26084190607070923
2018-02-14 12:34:00+00:00,1.1290535926818848,-1.1721367835998535,1,1.06141996383667,0.26084190607070923
2018-02-14 12:35:00+00:00,1.8785083293914795,-0.015901463106274605,1,1.06141996383667,0.26084190607070923
2018-02-14 12:36:00+00:00,1.4305298328399658,-0.6644281148910522,1,1.06141996383667,0.26084190607070923
2018-02-14 12:37:00+00:00,1.5380878448486328,-0.4984206557273865,1,1.06141996383667,0.26084190607070923
2018-02-14 12:38:00+00:00,1.0526989698410034,-1.3121529817581177,1,1.06141996383667,0.26084190607070923
2018-02-14 12:39:00+00:00,2.5955452919006348,0.8368121385574341,1,1.06141996383667,0.26084190607070923
2018-02-14 12:40:00+00:00,1.0794761180877686,-1.2624658346176147,1,1.06141996383667,0.26084190607070923
2018-02-14 12:41:00+00:00,1.4390828609466553,-0.6509609818458557,1,1.06141996383667,0.26084190607070923
2018-02-14 12:42:00+00:00,1.2642079591751099,-0.9361798167228699,1,1.06141996383667,0.26084190607070923
2018-02-14 12:43:00+00:00,1.2822657823562622,-0.9057257771492004,1,1.06141996383667,0.26084190607070923
2018-02-14 12:44:00+00:00,1.9941552877426147,0.13510942459106445,1,1.06141996383667,0.26084190607070923
2018-02-14 12:45:00+00:00,1.1723506450653076,-1.0949549674987793,1,1.06141996383667,0.26084190607070923
2018-02-14 12:46:00+00:00,1.3409709930419922,-0.8083600401878357,1,1.06141996383667,0.26084190607070923
2018-02-14 12:47:00+00:00,1.4452329874038696,-0.6413062214851379,1,1.06141996383667,0.26084190607070923
2018-02-14 12:48:00+00:00,1.7564697265625,-0.1819843351840973,1,1.06141996383667,0.26084190607070923
2018-02-14 12:49:00+00:00,1.3540018796920776,-0.7870790362358093,1,1.06141996383667,0.26084190607070923
2018-02-14 12:50:00+00:00,1.2468507289886475,-0.965682327747345,1,1.06141996383667,0.26084190607070923
2018-02-14 12:51:00+00:00,1.1541252136230469,-1.1272547245025635,1,1.06141996383667,0.26084190607070923
2018-02-14 12:52:00+00:00,1.5268545150756836,-0.5154260396957397,1,1.06141996383667,0.26084190607070923
2018-02-14 12:53:00+00:00,1.2018156051635742,-1.0433049201965332,1,1.06141996383667,0.26084190607070923
2018-02-14 12:54:00+00:00,1.3186395168304443,-0.8451071977615356,1,1.06141996383667,0.26084190607070923
2018-02-14 12:55:00+00:00,1.2294033765792847,-0.9955685138702393,1,1.06141996383667,0.26084190607070923
2018-02-14 12:56:00+00:00,1.4216434955596924,-0.6784704327583313,1,1.06141996383667,0.26084190607070923
2018-02-14 12:57:00+00:00,1.219238519668579,-1.0130881071090698,1,1.06141996383667,0.26084190607070923
2018-02-14 12:58:00+00:00,1.3228466510772705,-0.8381571173667908,1,1.06141996383667,0.26084190607070923
2018-02-14 12:59:00+00:00,1.6737580299377441,-0.29878243803977966,1,1.06141996383667,0.26084190607070923
2018-02-21 01:55:00+00:00,16.1787052154541,6.832685470581055,1,1.06141996383667,0.26084190607070923
2018-02-21 01:56:00+00:00,10.24891471862793,5.209483623504639,1,1.06141996383667,0.26084190607070923
2018-02-21 01:57:00+00:00,16.61771011352539,6.9294257164001465,1,1.06141996383667,0.26084190607070923
2018-02-21 01:58:00+00:00,97.10918426513672,13.512633323669434,1,1.06141996383667,0.26084190607070923
2018-02-21 01:59:00+00:00,13.192239761352539,6.100535869598389,1,1.06141996383667,0.26084190607070923
2018-02-21 02:00:00+00:00,15.984135627746582,6.789015293121338,1,1.06141996383667,0.26084190607070923
2018-02-21 02:01:00+00:00,15.13542366027832,6.592487812042236,1,1.06141996383667,0.26084190607070923
2018-02-21 02:02:00+00:00,12.407628059387207,5.882504940032959,1,1.06141996383667,0.26084190607070923
2018-02-21 02:03:00+00:00,15.237205505371094,6.61659574508667,1,1.06141996383667,0.26084190607070923
2018-02-21 02:04:00+00:00,12.605925559997559,5.938790321350098,1,1.06141996383667,0.26084190607070923
2018-02-21 02:05:00+00:00,16.265111923217773,6.851920127868652,1,1.06141996383667,0.26084190607070923
2018-02-21 02:06:00+00:00,16.136287689208984,6.823206901550293,1,1.06141996383667,0.26084190607070923
2018-02-21 02:07:00+00:00,14.096266746520996,6.337277412414551,1,1.06141996383667,0.26084190607070923
2018-02-21 02:08:00+00:00,16.230247497558594,6.844170093536377,1,1.06141996383667,0.26084190607070923
2018-02-21 02:09:00+00:00,94.38093566894531,13.404512405395508,1,1.06141996383667,0.26084190607070923
2018-02-21 02:10:00+00:00,13.111043930053711,6.07853889465332,1,1.06141996383667,0.26084190607070923
2018-02-21 02:11:00+00:00,24.07837677001953,8.283124923706055,1,1.06141996383667,0.26084190607070923
2018-02-21 02:12:00+00:00,28.242950439453125,8.872111320495605,1,1.06141996383667,0.26084190607070923
2018-02-21 02:13:00+00:00,25.754619598388672,8.531171798706055,1,1.06141996383667,0.26084190607070923
2018-02-21 02:14:00+00:00,28.023258209228516,8.843201637268066,1,1.06141996383667,0.26084190607070923
2018-02-21 02:15:00+00:00,28.280010223388672,8.876967430114746,1,1.06141996383667,0.26084190607070923
2018-02-21 02:16:00+00:00,25.6180477142334,8.511552810668945,1,1.06141996383667,0.26084190607070923
2018-02-21 02:17:00+00:00,28.3087158203125,8.88072395324707,1,1.06141996383667,0.26084190607070923
2018-02-21 02:18:00+00:00,31.913433074951172,9.325422286987305,1,1.06141996383667,0.26084190607070923
2018-02-21 02:19:00+00:00,30.05323028564453,9.10238265991211,1,1.06141996383667,0.26084190607070923
2018-02-21 02:20:00+00:00,97.31756591796875,13.520766258239746,1,1.06141996383667,0.26084190607070923
2018-02-21 02:21:00+00:00,30.045522689819336,9.101430892944336,1,1.06141996383667,0.26084190607070923
2018-02-21 02:22:00+00:00,32.585411071777344,9.402905464172363,1,1.06141996383667,0.26084190607070923
2018-02-21 02:23:00+00:00,32.58829116821289,9.403234481811523,1,1.06141996383667,0.26084190607070923
2018-02-21 02:24:00+00:00,30.06789779663086,9.104193687438965,1,1.06141996383667,0.26084190607070923
2018-02-21 02:25:00+00:00,29.014156341552734,8.971906661987305,1,1.06141996383667,0.26084190607070923
2018-02-21 02:26:00+00:00,32.554534912109375,9.399378776550293,1,1.06141996383667,0.26084190607070923
2018-02-21 02:27:00+00:00,29.928674697875977,9.08697509765625,1,1.06141996383667,0.26084190607070923
2018-02-21 02:28:00+00:00,31.876075744628906,9.321067810058594,1,1.06141996383667,0.26084190607070923
2018-02-21 02:29:00+00:00,31.082271575927734,9.227365493774414,1,1.06141996383667,0.26084190607070923
2018-02-21 02:30:00+00:00,27.52593421936035,8.776939392089844,1,1.06141996383667,0.26084190607070923
2018-02-21 02:31:00+00:00,107.34136199951172,13.892963409423828,1,1.06141996383667,0.26084190607070923
2018-02-21 02:32:00+00:00,106.22832489013672,13.853374481201172,1,1.06141996383667,0.26084190607070923
2018-02-21 02:33:00+00:00,112.66033935546875,14.076704025268555,1,1.06141996383667,0.26084190607070923
2018-02-21 08:32:00+00:00,87.48757934570312,13.116918563842773,1,1.06141996383667,0.26084190607070923
2018-02-21 08:33:00+00:00,13.867645263671875,6.278773784637451,1,1.06141996383667,0.26084190607070923
2018-02-21 08:34:00+00:00,102.86476135253906,13.731189727783203,1,1.06141996383667,0.26084190607070923
2018-02-21 08:35:00+00:00,16.32490348815918,6.865173816680908,1,1.06141996383667,0.26084190607070923
2018-02-21 08:36:00+00:00,12.284229278564453,5.847057819366455,1,1.06141996383667,0.26084190607070923
2018-02-21 08:37:00+00:00,15.425657272338867,6.660833835601807,1,1.06141996383667,0.26084190607070923
2018-02-21 08:38:00+00:00,16.901443481445312,6.990675926208496,1,1.06141996383667,0.26084190607070923
2018-02-21 08:39:00+00:00,15.277589797973633,6.626118183135986,1,1.06141996383667,0.26084190607070923
2018-02-21 08:40:00+00:00,12.87769889831543,6.014613151550293,1,1.06141996383667,0.26084190607070923
2018-02-21 08:41:00+00:00,13.94984245300293,6.299911022186279,1,1.06141996383667,0.26084190607070923
2018-02-21 08:42:00+00:00,11.470724105834961,5.6047892570495605,1,1.06141996383667,0.26084190607070923
2018-02-21 08:43:00+00:00,14.82069206237793,6.516969203948975,1,1.06141996383667,0.26084190607070923
2018-02-21 08:44:00+00:00,13.018668174743652,6.0533599853515625,1,1.06141996383667,0.26084190607070923
2018-02-21 08:45:00+00:00,11.744291305541992,5.6879801750183105,1,1.06141996383667,0.26084190607070923
2018-02-21 08:46:00+00:00,15.733267784118652,6.731966018676758,1,1.06141996383667,0.26084190607070923
2018-02-21 08:47:00+00:00,12.78014850616455,5.987569808959961,1,1.06141996383667,0.26084190607070923
2018-02-21 08:48:00+00:00,17.98958969116211,7.216903209686279,1,1.06141996383667,0.26084190607070923
2018-02-21 08:49:00+00:00,17.952390670776367,7.209386348724365,1,1.06141996383667,0.26084190607070923
2018-02-21 08:50:00+00:00,14.3418607711792,6.399144649505615,1,1.06141996383667,0.26084190607070923
2018-02-21 08:51:00+00:00,13.420902252197266,6.161811828613281,1,1.06141996383667,0.26084190607070923
2018-02-21 08:52:00+00:00,15.85985279083252,6.760858535766602,1,1.06141996383667,0.26084190607070923
2018-02-21 08:53:00+00:00,13.070878982543945,6.0676116943359375,1,1.06141996383667,0.26084190607070923
2018-02-21 08:54:00+00:00,16.822402954101562,6.9737114906311035,1,1.06141996383667,0.26084190607070923
2018-02-21 08:55:00+00:00,15.42245864868164,6.6600871086120605,1,1.06141996383667,0.26084190607070923
2018-02-21 08:56:00+00:00,15.264728546142578,6.6230878829956055,1,1.06141996383667,0.26084190607070923
2018-02-21 08:57:00+00:00,15.422815322875977,6.660170078277588,1,1.06141996383667,0.26084190607070923
2018-02-21 08:58:00+00:00,13.685746192932129,6.231581211090088,1,1.06141996383667,0.26084190607070923
2018-02-21 08:59:00+00:00,14.932065963745117,6.543863773345947,1,1.06141996383667,0.26084190607070923
2018-02-21 09:00:00+00:00,15.596391677856445,6.700477600097656,1,1.06141996383667,0.26084190607070923
2018-02-21 09:01:00+00:00,11.170136451721191,5.5112504959106445,1,1.06141996383667,0.26084190607070923
2018-02-21 09:02:00+00:00,15.844574928283691,6.757382392883301,1,1.06141996383667,0.26084190607070923
2018-02-21 09:03:00+00:00,14.414907455444336,6.417355060577393,1,1.06141996383667,0.26084190607070923
2018-02-21 09:04:00+00:00,14.107192039489746,6.34005069732666,1,1.06141996383667,0.26084190607070923
2018-02-21 09:05:00+00:00,13.202926635742188,6.103421688079834,1,1.06141996383667,0.26084190607070923
2018-02-21 09:06:00+00:00,12.587172508239746,5.933502674102783,1,1.06141996383667,0.26084190607070923
2018-02-21 09:07:00+00:00,13.695219039916992,6.234052658081055,1,1.06141996383667,0.26084190607070923
2018-02-21 09:08:00+00:00,17.044044494628906,7.02109432220459,1,1.06141996383667,0.26084190607070923
2018-02-21 09:09:00+00:00,89.9006118774414,13.220064163208008,1,1.06141996383667,0.26084190607070923
2018-02-21 09:10:00+00:00,14.025654792785645,6.319303035736084,1,1.06141996383667,0.26084190607070923
2018-02-21 09:11:00+00:00,17.945026397705078,7.207896709442139,1,1.06141996383667,0.26084190607070923
2018-02-21 09:12:00+00:00,17.930255889892578,7.204906940460205,1,1.06141996383667,0.26084190607070923
2018-02-21 09:13:00+00:00,12.771476745605469,5.985156536102295,1,1.06141996383667,0.26084190607070923
2018-02-21 09:14:00+00:00,14.687294006347656,6.484506607055664,1,1.06141996383667,0.26084190607070923
2018-02-21 09:15:00+00:00,15.276656150817871,6.625898361206055,1,1.06141996383667,0.26084190607070923
2018-02-21 09:16:00+00:00,12.793902397155762,5.99139404296875,1,1.06141996383667,0.26084190607070923
2018-02-21 09:17:00+00:00,15.109301567077637,6.586277008056641,1,1.06141996383667,0.26084190607070923
2018-02-21 09:18:00+00:00,12.896048545837402,6.019678592681885,1,1.06141996383667,0.26084190607070923
2018-02-21 09:19:00+00:00,16.75845718383789,6.95993185043335,1,1.06141996383667,0.26084190607070923
2018-02-21 09:21:00+00:00,12.036352157592773,5.774846076965332,1,1.06141996383667,0.26084190607070923
2018-02-21 09:22:00+00:00,17.941844940185547,7.2072529792785645,1,1.06141996383667,0.26084190607070923
2018-02-21 09:23:00+00:00,16.376220703125,6.87651252746582,1,1.06141996383667,0.26084190607070923
2018-02-21 09:24:00+00:00,12.06701946258545,5.783854007720947,1,1.06141996383667,0.26084190607070923
2018-02-21 09:25:00+00:00,15.158684730529785,6.598010540008545,1,1.06141996383667,0.26084190607070923
2018-02-21 09:26:00+00:00,16.343496322631836,6.869286060333252,1,1.06141996383667,0.26084190607070923
2018-02-21 09:27:00+00:00,14.267871856689453,6.380610942840576,1,1.06141996383667,0.26084190607070923
2018-02-21 09:28:00+00:00,17.94721221923828,7.208338737487793,1,1.06141996383667,0.26084190607070923
2018-02-21 09:29:00+00:00,15.27750015258789,6.626096725463867,1,1.06141996383667,0.26084190607070923
2018-02-21 09:30:00+00:00,15.59782600402832,6.700809001922607,1,1.06141996383667,0.26084190607070923
2018-02-21 09:31:00+00:00,90.82548522949219,13.25887393951416,1,1.06141996383667,0.26084190607070923
2018-02-21 09:32:00+00:00,15.59646987915039,6.700495719909668,1,1.06141996383667,0.26084190607070923
2018-02-21 09:33:00+00:00,14.476491928100586,6.432640552520752,1,1.06141996383667,0.26084190607070923
2018-02-21 09:34:00+00:00,13.990808486938477,6.310401916503906,1,1.06141996383667,0.26084190607070923
2018-02-21 09:35:00+00:00,11.416629791259766,5.588123798370361,1,1.06141996383667,0.26084190607070923
2018-02-21 09:36:00+00:00,15.227706909179688,6.614351749420166,1,1.06141996383667,0.26084190607070923
2018-02-21 09:37:00+00:00,15.62595272064209,6.707300662994385,1,1.06141996383667,0.26084190607070923
2018-02-21 09:38:00+00:00,11.306800842285156,5.5540618896484375,1,1.06141996383667,0.26084190607070923
2018-02-21 09:39:00+00:00,13.75380802154541,6.249307155609131,1,1.06141996383667,0.26084190607070923
2018-02-21 09:40:00+00:00,15.78498649597168,6.743797302246094,1,1.06141996383667,0.26084190607070923
2018-02-21 09:41:00+00:00,12.130831718444824,5.802530765533447,1,1.06141996383667,0.26084190607070923
2018-02-21 09:42:00+00:00,295.01953125,17.746402740478516,1,1.06141996383667,0.26084190607070923
2018-02-21 09:43:00+00:00,12.960895538330078,6.037528038024902,1,1.06141996383667,0.26084190607070923
2018-02-21 09:44:00+00:00,16.837018966674805,6.9768548011779785,1,1.06141996383667,0.26084190607070923
2018-02-21 09:45:00+00:00,15.642160415649414,6.711035251617432,1,1.06141996383667,0.26084190607070923
2018-02-21 09:46:00+00:00,10.313983917236328,5.231595993041992,1,1.06141996383667,0.26084190607070923
2018-02-21 09:47:00+00:00,15.674729347229004,6.718530654907227,1,1.06141996383667,0.26084190607070923
2018-02-21 09:48:00+00:00,16.826480865478516,6.9745893478393555,1,1.06141996383667,0.26084190607070923
2018-02-21 09:49:00+00:00,13.306524276733398,6.131283283233643,1,1.06141996383667,0.26084190607070923
2018-02-21 09:50:00+00:00,13.327791213989258,6.136978626251221,1,1.06141996383667,0.26084190607070923
2018-02-21 09:51:00+00:00,15.208657264709473,6.6098480224609375,1,1.06141996383667,0.26084190607070923
2018-02-21 09:52:00+00:00,14.478967666625977,6.433253765106201,1,1.06141996383667,0.26084190607070923
2018-02-21 09:53:00+00:00,87.27299499511719,13.107611656188965,1,1.06141996383667,0.26084190607070923
2018-02-21 09:54:00+00:00,13.171183586120605,6.09484338760376,1,1.06141996383667,0.26084190607070923
2018-02-21 09:55:00+00:00,13.624547958374023,6.215571880340576,1,1.06141996383667,0.26084190607070923
2018-02-21 09:56:00+00:00,14.050698280334473,6.325687408447266,1,1.06141996383667,0.26084190607070923
2018-02-21 09:57:00+00:00,16.9150333404541,6.993585586547852,1,1.06141996383667,0.26084190607070923
2018-02-21 09:58:00+00:00,13.014608383178711,6.052249431610107,1,1.06141996383667,0.26084190607070923
2018-02-21 09:59:00+00:00,15.552088737487793,6.690230369567871,1,1.06141996383667,0.26084190607070923
2018-02-21 10:00:00+00:00,13.625015258789062,6.215694427490234,1,1.06141996383667,0.26084190607070923
2018-02-21 10:01:00+00:00,16.892780303955078,6.988820552825928,1,1.06141996383667,0.26084190607070923
2018-02-21 10:02:00+00:00,16.816120147705078,6.972359657287598,1,1.06141996383667,0.26084190607070923
2018-02-21 10:03:00+00:00,12.548861503601074,5.922677516937256,1,1.06141996383667,0.26084190607070923
2018-02-21 10:04:00+00:00,88.64125061035156,13.166580200195312,1,1.06141996383667,0.26084190607070923
2018-02-21 10:05:00+00:00,15.644450187683105,6.711562633514404,1,1.06141996383667,0.26084190607070923
2018-02-21 10:06:00+00:00,15.275514602661133,6.625629901885986,1,1.06141996383667,0.26084190607070923
2018-02-21 10:07:00+00:00,14.063076972961426,6.328839302062988,1,1.06141996383667,0.26084190607070923
2018-02-21 10:08:00+00:00,21521.740234375,34.17949676513672,1,1.06141996383667,0.26084190607070923
2018-02-21 10:09:00+00:00,10265.0712890625,31.341514587402344,1,1.06141996383667,0.26084190607070923
2018-02-21 10:10:00+00:00,12887.5234375,32.21365737915039,1,1.06141996383667,0.26084190607070923
2018-02-21 10:11:00+00:00,9087.72265625,30.874523162841797,1,1.06141996383667,0.26084190607070923
2018-02-21 10:12:00+00:00,13241.78515625,32.3176155090332,1,1.06141996383667,0.26084190607070923
2018-02-21 10:13:00+00:00,9243.1103515625,30.93951416015625,1,1.06141996383667,0.26084190607070923
2018-02-21 10:14:00+00:00,10577.32421875,31.456382751464844,1,1.06141996383667,0.26084190607070923
2018-02-21 10:15:00+00:00,9174.466796875,30.910938262939453,1,1.06141996383667,0.26084190607070923
2018-02-21 10:16:00+00:00,10788.609375,31.532196044921875,1,1.06141996383667,0.26084190607070923
2018-02-21 10:17:00+00:00,10581.7900390625,31.45800018310547,1,1.06141996383667,0.26084190607070923
2018-02-21 10:18:00+00:00,8814.6640625,30.757577896118164,1,1.06141996383667,0.26084190607070923
2018-02-21 10:19:00+00:00,11943.8359375,31.92214584350586,1,1.06141996383667,0.26084190607070923
2018-02-21 10:20:00+00:00,7277.26953125,30.02289390563965,1,1.06141996383667,0.26084190607070923
2018-02-21 10:21:00+00:00,12554.12890625,32.11318588256836,1,1.06141996383667,0.26084190607070923
2018-02-21 10:22:00+00:00,6562.216796875,29.626436233520508,1,1.06141996383667,0.26084190607070923
2018-02-21 10:23:00+00:00,12485.9375,32.09231185913086,1,1.06141996383667,0.26084190607070923
2018-02-21 10:24:00+00:00,6852.39208984375,29.792293548583984,1,1.06141996383667,0.26084190607070923
2018-02-21 10:25:00+00:00,13371.6728515625,32.35503387451172,1,1.06141996383667,0.26084190607070923
2018-02-21 10:26:00+00:00,5518.244140625,28.9622802734375,1,1.06141996383667,0.26084190607070923
2018-02-21 10:27:00+00:00,12869.732421875,32.2083625793457,1,1.06141996383667,0.26084190607070923
2018-02-21 10:28:00+00:00,5661.65478515625,29.060623168945312,1,1.06141996383667,0.26084190607070923
2018-02-21 10:29:00+00:00,13024.50390625,32.254188537597656,1,1.06141996383667,0.26084190607070923
2018-02-21 10:30:00+00:00,5724.984375,29.103261947631836,1,1.06141996383667,0.26084190607070923
2018-02-21 10:31:00+00:00,13092.1201171875,32.274044036865234,1,1.06141996383667,0.26084190607070923
2018-02-21 10:32:00+00:00,5672.06298828125,29.06766128540039,1,1.06141996383667,0.26084190607070923
2018-02-21 10:33:00+00:00,12577.306640625,32.12025833129883,1,1.06141996383667,0.26084190607070923
2018-02-21 10:34:00+00:00,6163.9833984375,29.38646125793457,1,1.06141996383667,0.26084190607070923
2018-02-21 10:35:00+00:00,12165.0849609375,31.992511749267578,1,1.06141996383667,0.26084190607070923
2018-02-21 10:36:00+00:00,6634.1884765625,29.66824722290039,1,1.06141996383667,0.26084190607070923
2018-02-21 10:37:00+00:00,11512.5263671875,31.781158447265625,1,1.06141996383667,0.26084190607070923
2018-02-21 10:38:00+00:00,7659.3466796875,30.21904182434082,1,1.06141996383667,0.26084190607070923
2018-02-21 10:39:00+00:00,11336.7080078125,31.7221622467041,1,1.06141996383667,0.26084190607070923
2018-02-21 10:40:00+00:00,7115.61474609375,29.936784744262695,1,1.06141996383667,0.26084190607070923
2018-02-21 10:41:00+00:00,9156.0986328125,30.903261184692383,1,1.06141996383667,0.26084190607070923
2018-02-21 10:42:00+00:00,9856.70703125,31.185894012451172,1,1.06141996383667,0.26084190607070923
2018-02-21 10:43:00+00:00,2941.26806640625,26.550626754760742,1,1.06141996383667,0.26084190607070923
2018-02-22 01:00:00+00:00,1.7488782405853271,-0.1925574243068695,1,1.06141996383667,0.26084190607070923
2018-02-22 01:01:00+00:00,1.8378870487213135,-0.07038798928260803,1,1.06141996383667,0.26084190607070923
2018-02-22 01:02:00+00:00,1.8059570789337158,-0.11376716941595078,1,1.06141996383667,0.26084190607070923
2018-02-22 01:03:00+00:00,1.6678427457809448,-0.30727335810661316,1,1.06141996383667,0.26084190607070923
2018-02-22 01:04:00+00:00,1.9130600690841675,0.029842322692275047,1,1.06141996383667,0.26084190607070923
2018-02-22 01:05:00+00:00,2.135439395904541,0.31187233328819275,1,1.06141996383667,0.26084190607070923
2018-02-22 01:06:00+00:00,1.4654970169067383,-0.6096664667129517,1,1.06141996383667,0.26084190607070923
2018-02-22 01:07:00+00:00,2.1378846168518066,0.3148607611656189,1,1.06141996383667,0.26084190607070923
2018-02-22 01:08:00+00:00,1.6960493326187134,-0.266952782869339,1,1.06141996383667,0.26084190607070923
2018-02-22 01:09:00+00:00,1.2789185047149658,-0.911352813243866,1,1.06141996383667,0.26084190607070923
2018-02-22 01:10:00+00:00,2.8186564445495605,1.0676145553588867,1,1.06141996383667,0.26084190607070923
2018-02-22 01:11:00+00:00,1.4586355686187744,-0.6203505992889404,1,1.06141996383667,0.26084190607070923
2018-02-22 01:12:00+00:00,2.270095109939575,0.47308018803596497,1,1.06141996383667,0.26084190607070923
2018-02-22 01:13:00+00:00,2.1736631393432617,0.3583263158798218,1,1.06141996383667,0.26084190607070923
2018-02-22 01:14:00+00:00,1.5533617734909058,-0.47541874647140503,1,1.06141996383667,0.26084190607070923
2018-02-22 01:15:00+00:00,1.3397912979125977,-0.8102925419807434,1,1.06141996383667,0.26084190607070923
2018-02-22 01:16:00+00:00,1.9149863719940186,0.0323764830827713,1,1.06141996383667,0.26084190607070923
2018-02-22 01:17:00+00:00,2.167896270751953,0.35135361552238464,1,1.06141996383667,0.26084190607070923
2018-02-22 01:18:00+00:00,2.4883475303649902,0.7207744717597961,1,1.06141996383667,0.26084190607070923
2018-02-22 01:19:00+00:00,2.102722644805908,0.27165889739990234,1,1.06141996383667,0.26084190607070923
2018-02-22 01:20:00+00:00,1.2586126327514648,-0.9456656575202942,1,1.06141996383667,0.26084190607070923
2018-02-22 01:21:00+00:00,1.982966423034668,0.12075633555650711,1,1.06141996383667,0.26084190607070923
2018-02-22 01:22:00+00:00,1.718944787979126,-0.23453310132026672,1,1.06141996383667,0.26084190607070923
2018-02-22 01:23:00+00:00,1.8440916538238525,-0.062015432864427567,1,1.06141996383667,0.26084190607070923
2018-02-22 01:24:00+00:00,1.561396598815918,-0.4633738398551941,1,1.06141996383667,0.26084190607070923
2018-02-22 01:25:00+00:00,1.8594521284103394,-0.04136556014418602,1,1.06141996383667,0.26084190607070923
2018-02-22 01:26:00+00:00,2.510467529296875,0.7450078129768372,1,1.06141996383667,0.26084190607070923
2018-02-22 01:27:00+00:00,1.7580461502075195,-0.17979247868061066,1,1.06141996383667,0.26084190607070923
2018-02-22 01:28:00+00:00,1.9890691041946411,0.12859144806861877,1,1.06141996383667,0.26084190607070923
2018-02-22 01:29:00+00:00,1.830108642578125,-0.08091036230325699,1,1.06141996383667,0.26084190607070923
2018-02-22 01:30:00+00:00,1.5963683128356934,-0.4113844335079193,1,1.06141996383667,0.26084190607070923
2018-02-22 01:31:00+00:00,1.7150774002075195,-0.23999011516571045,1,1.06141996383667,0.26084190607070923
2018-02-22 01:32:00+00:00,1.936390995979309,0.06042455509305,1,1.06141996383667,0.26084190607070923
2018-02-22 01:33:00+00:00,1.2924838066101074,-0.8885999321937561,1,1.06141996383667,0.26084190607070923
2018-02-22 01:34:00+00:00,2.5414302349090576,0.778673529624939,1,1.06141996383667,0.26084190607070923
2018-02-22 01:35:00+00:00,1.9839725494384766,0.1220492422580719,1,1.06141996383667,0.26084190607070923
2018-02-22 01:36:00+00:00,1.500691294670105,-0.5553277730941772,1,1.06141996383667,0.26084190607070923
2018-02-22 01:37:00+00:00,1.7837876081466675,-0.14417710900306702,1,1.06141996383667,0.26084190607070923
2018-02-22 01:38:00+00:00,2.034269332885742,0.1861308515071869,1,1.06141996383667,0.26084190607070923
2018-02-22 01:39:00+00:00,1.6549136638641357,-0.3258979618549347,1,1.06141996383667,0.26084190607070923
2018-02-22 01:40:00+00:00,1.696176290512085,-0.26677224040031433,1,1.06141996383667,0.26084190607070923
2018-02-22 01:41:00+00:00,1.6715176105499268,-0.3019961714744568,1,1.06141996383667,0.26084190607070923
2018-02-22 01:42:00+00:00,2.231482744216919,0.4275429844856262,1,1.06141996383667,0.26084190607070923
2018-02-22 01:43:00+00:00,3.507049083709717,1.7030341625213623,1,1.06141996383667,0.26084190607070923
2018-02-22 01:44:00+00:00,1.993189811706543,0.13387319445610046,1,1.06141996383667,0.26084190607070923
2018-02-22 01:45:00+00:00,1.7411220073699951,-0.20339010655879974,1,1.06141996383667,0.26084190607070923
2018-02-22 01:46:00+00:00,2.137472629547119,0.31435757875442505,1,1.06141996383667,0.26084190607070923
2018-02-22 01:47:00+00:00,1.7567071914672852,-0.18165436387062073,1,1.06141996383667,0.26084190607070923
2018-02-22 01:48:00+00:00,1.9169758558273315,0.03499245271086693,1,1.06141996383667,0.26084190607070923
2018-02-22 01:49:00+00:00,1.619078516960144,-0.3779968023300171,1,1.06141996383667,0.26084190607070923
2018-02-22 01:50:00+00:00,1.7542725801467896,-0.18504177033901215,1,1.06141996383667,0.26084190607070923
2018-02-22 01:51:00+00:00,2.7078051567077637,0.9546782970428467,1,1.06141996383667,0.26084190607070923
2018-02-22 01:52:00+00:00,2.092686891555786,0.2592385411262512,1,1.06141996383667,0.26084190607070923
2018-02-22 01:53:00+00:00,1.7860937118530273,-0.14100266993045807,1,1.06141996383667,0.26084190607070923
2018-02-22 01:54:00+00:00,1.9263564348220825,0.04730129987001419,1,1.06141996383667,0.26084190607070923
2018-02-22 01:55:00+00:00,2.7475173473358154,0.9955210089683533,1,1.06141996383667,0.26084190607070923
2018-02-22 01:56:00+00:00,2.3600428104400635,0.5771074295043945,1,1.06141996383667,0.26084190607070923
2018-02-22 01:57:00+00:00,2.2589237689971924,0.45996057987213135,1,1.06141996383667,0.26084190607070923
2018-02-22 01:58:00+00:00,2.7826616764068604,1.0313063859939575,1,1.06141996383667,0.26084190607070923
2018-02-22 01:59:00+00:00,2.088597536087036,0.2541661262512207,1,1.06141996383667,0.26084190607070923
2018-02-22 02:00:00+00:00,2.927652597427368,1.1755090951919556,1,1.06141996383667,0.26084190607070923
2018-02-22 02:01:00+00:00,2.3226380348205566,0.5341898202896118,1,1.06141996383667,0.26084190607070923
2018-02-22 02:02:00+00:00,8.118317604064941,4.404451370239258,1,1.06141996383667,0.26084190607070923
2018-02-22 02:03:00+00:00,1.7864583730697632,-0.14050085842609406,1,1.06141996383667,0.26084190607070923
2018-02-22 02:04:00+00:00,2.277688503265381,0.4819719195365906,1,1.06141996383667,0.26084190607070923
2018-02-22 02:05:00+00:00,1.6206791400909424,-0.37565457820892334,1,1.06141996383667,0.26084190607070923
2018-02-22 02:06:00+00:00,1.7153115272521973,-0.23965969681739807,1,1.06141996383667,0.26084190607070923
2018-02-22 02:07:00+00:00,1.7850980758666992,-0.14237326383590698,1,1.06141996383667,0.26084190607070923
2018-02-22 02:08:00+00:00,1.919640064239502,0.038492292165756226,1,1.06141996383667,0.26084190607070923
2018-02-22 02:09:00+00:00,2.015002727508545,0.16171012818813324,1,1.06141996383667,0.26084190607070923
2018-02-22 02:10:00+00:00,3.32724928855896,1.546960473060608,1,1.06141996383667,0.26084190607070923
2018-02-22 02:11:00+00:00,1.9253082275390625,0.04592796415090561,1,1.06141996383667,0.26084190607070923
2018-02-22 02:12:00+00:00,1.9702339172363281,0.10435718297958374,1,1.06141996383667,0.26084190607070923
2018-02-22 02:13:00+00:00,2.0005393028259277,0.1432749480009079,1,1.06141996383667,0.26084190607070923
2018-02-22 02:14:00+00:00,1.919119119644165,0.0378081351518631,1,1.06141996383667,0.26084190607070923
2018-02-22 02:15:00+00:00,1.882330060005188,-0.01081485953181982,1,1.06141996383667,0.26084190607070923
2018-02-22 02:16:00+00:00,1.9386653900146484,0.06339288502931595,1,1.06141996383667,0.26084190607070923
2018-02-22 02:17:00+00:00,2.23710298538208,0.43420490622520447,1,1.06141996383667,0.26084190607070923
2018-02-22 02:18:00+00:00,1.9763380289077759,0.11222793161869049,1,1.06141996383667,0.26084190607070923
2018-02-22 02:19:00+00:00,1.8924157619476318,0.002576664090156555,1,1.06141996383667,0.26084190607070923
2018-02-22 02:20:00+00:00,1.865715503692627,-0.03297746181488037,1,1.06141996383667,0.26084190607070923
2018-02-22 02:21:00+00:00,2.3355393409729004,0.5490469932556152,1,1.06141996383667,0.26084190607070923
2018-02-22 02:22:00+00:00,2.6916542053222656,0.9379422664642334,1,1.06141996383667,0.26084190607070923
2018-02-22 02:23:00+00:00,1.886038064956665,-0.005885927006602287,1,1.06141996383667,0.26084190607070923
2018-02-22 02:24:00+00:00,1.9086326360702515,0.024011237546801567,1,1.06141996383667,0.26084190607070923
2018-02-22 02:25:00+00:00,1.8430054187774658,-0.0634797140955925,1,1.06141996383667,0.26084190607070923
2018-02-22 02:26:00+00:00,1.797499656677246,-0.12534022331237793,1,1.06141996383667,0.26084190607070923
2018-02-22 02:27:00+00:00,1.9807517528533936,0.11790866404771805,1,1.06141996383667,0.26084190607070923
2018-02-22 02:28:00+00:00,1.8507983684539795,-0.05298568308353424,1,1.06141996383667,0.26084190607070923
2018-02-22 02:29:00+00:00,1.4189682006835938,-0.6827081441879272,1,1.06141996383667,0.26084190607070923
2018-02-22 02:30:00+00:00,1.511306643486023,-0.5390881299972534,1,1.06141996383667,0.26084190607070923
2018-02-22 02:31:00+00:00,1.6044455766677856,-0.39947617053985596,1,1.06141996383667,0.26084190607070923
2018-02-22 02:32:00+00:00,2.55521559715271,0.7935677766799927,1,1.06141996383667,0.26084190607070923
2018-02-22 02:33:00+00:00,1.4392850399017334,-0.6506431102752686,1,1.06141996383667,0.26084190607070923
2018-02-22 02:34:00+00:00,1.5824053287506104,-0.43205738067626953,1,1.06141996383667,0.26084190607070923
2018-02-22 02:35:00+00:00,2.8369462490081787,1.0859332084655762,1,1.06141996383667,0.26084190607070923
2018-02-22 02:36:00+00:00,1.4443109035491943,-0.6427522301673889,1,1.06141996383667,0.26084190607070923
2018-02-22 02:37:00+00:00,1.8402711153030396,-0.06716921925544739,1,1.06141996383667,0.26084190607070923
2018-02-22 02:38:00+00:00,1.7016297578811646,-0.25902557373046875,1,1.06141996383667,0.26084190607070923
2018-02-22 02:39:00+00:00,1.724409580230713,-0.22683556377887726,1,1.06141996383667,0.26084190607070923
2018-02-22 02:40:00+00:00,1.7475627660751343,-0.1943923532962799,1,1.06141996383667,0.26084190607070923
2018-02-22 02:41:00+00:00,1.4045066833496094,-0.7056963443756104,1,1.06141996383667,0.26084190607070923
2018-02-22 02:42:00+00:00,1.287843108177185,-0.8963685631752014,1,1.06141996383667,0.26084190607070923
2018-02-22 02:43:00+00:00,1.99893319606781,0.1412224918603897,1,1.06141996383667,0.26084190607070923
2018-02-22 02:44:00+00:00,1.3850088119506836,-0.7369106411933899,1,1.06141996383667,0.26084190607070923
2018-02-22 02:45:00+00:00,1.6798818111419678,-0.29001203179359436,1,1.06141996383667,0.26084190607070923
2018-02-22 02:46:00+00:00,1.5889623165130615,-0.42233550548553467,1,1.06141996383667,0.26084190607070923
2018-02-22 02:47:00+00:00,1.562352180480957,-0.4619438052177429,1,1.06141996383667,0.26084190607070923
2018-02-22 02:48:00+00:00,1.983449101448059,0.12137650698423386,1,1.06141996383667,0.26084190607070923
2018-02-22 02:49:00+00:00,1.6139070987701416,-0.3855741620063782,1,1.06141996383667,0.26084190607070923
2018-02-22 02:50:00+00:00,1.2650079727172852,-0.9348256587982178,1,1.06141996383667,0.26084190607070923
2018-02-22 02:51:00+00:00,2.1822867393493652,0.3687294125556946,1,1.06141996383667,0.26084190607070923
2018-02-22 02:52:00+00:00,2.0651962757110596,0.22500839829444885,1,1.06141996383667,0.26084190607070923
2018-02-22 02:53:00+00:00,1.4081530570983887,-0.6998869776725769,1,1.06141996383667,0.26084190607070923
2018-02-22 02:54:00+00:00,1.7365403175354004,-0.20980343222618103,1,1.06141996383667,0.26084190607070923
2018-02-22 02:55:00+00:00,1.7575414180755615,-0.18049445748329163,1,1.06141996383667,0.26084190607070923
2018-02-22 02:56:00+00:00,2.569136619567871,0.8085501790046692,1,1.06141996383667,0.26084190607070923
2018-02-22 02:57:00+00:00,1.5656700134277344,-0.45698288083076477,1,1.06141996383667,0.26084190607070923
2018-02-22 02:58:00+00:00,2.359377384185791,0.576347827911377,1,1.06141996383667,0.26084190607070923
2018-02-22 02:59:00+00:00,1.8775420188903809,-0.01718842424452305,1,1.06141996383667,0.26084190607070923
2018-02-22 03:00:00+00:00,1.560297966003418,-0.465018630027771,1,1.06141996383667,0.26084190607070923
2018-02-22 03:01:00+00:00,1.7465232610702515,-0.1958429217338562,1,1.06141996383667,0.26084190607070923
2018-02-22 03:02:00+00:00,2.208406925201416,0.400068461894989,1,1.06141996383667,0.26084190607070923
2018-02-22 03:03:00+00:00,1.3215630054473877,-0.840276300907135,1,1.06141996383667,0.26084190607070923
2018-02-22 03:04:00+00:00,2.1677870750427246,0.3512215316295624,1,1.06141996383667,0.26084190607070923
2018-02-22 03:05:00+00:00,2.2587921619415283,0.4598061144351959,1,1.06141996383667,0.26084190607070923
2018-02-22 03:06:00+00:00,1.5197913646697998,-0.5261572599411011,1,1.06141996383667,0.26084190607070923
2018-02-22 03:07:00+00:00,1.5504006147384644,-0.4798673689365387,1,1.06141996383667,0.26084190607070923
2018-02-22 03:08:00+00:00,1.6312811374664307,-0.36017656326293945,1,1.06141996383667,0.26084190607070923
2018-02-22 03:09:00+00:00,1.2048641443252563,-1.0380005836486816,1,1.06141996383667,0.26084190607070923
2018-02-22 03:10:00+00:00,1.1596801280975342,-1.11738121509552,1,1.06141996383667,0.26084190607070923
2018-02-22 03:11:00+00:00,1.3367047309875488,-0.8153530955314636,1,1.06141996383667,0.26084190607070923
2018-02-22 03:12:00+00:00,1.605692744255066,-0.39764079451560974,1,1.06141996383667,0.26084190607070923
2018-02-22 03:13:00+00:00,1.706300973892212,-0.25240272283554077,1,1.06141996383667,0.26084190607070923
2018-02-22 03:14:00+00:00,1.2020282745361328,-1.042934775352478,1,1.06141996383667,0.26084190607070923
2018-02-22 03:15:00+00:00,1.3685989379882812,-0.7633794546127319,1,1.06141996383667,0.26084190607070923
2018-02-22 03:16:00+00:00,1.4266366958618164,-0.670573890209198,1,1.06141996383667,0.26084190607070923
2018-02-22 03:17:00+00:00,1.5621261596679688,-0.4622820019721985,1,1.06141996383667,0.26084190607070923
2018-02-22 03:18:00+00:00,1.4338774681091309,-0.6591513752937317,1,1.06141996383667,0.26084190607070923
2018-02-22 03:19:00+00:00,1.5474408864974976,-0.48431894183158875,1,1.06141996383667,0.26084190607070923
2018-02-22 03:20:00+00:00,2.0699148178100586,0.23090575635433197,1,1.06141996383667,0.26084190607070923
2018-02-22 03:21:00+00:00,1.489088535308838,-0.5731569528579712,1,1.06141996383667,0.26084190607070923
2018-02-22 03:22:00+00:00,1.4585442543029785,-0.6204929947853088,1,1.06141996383667,0.26084190607070923
2018-02-22 03:23:00+00:00,1.3074066638946533,-0.8637251853942871,1,1.06141996383667,0.26084190607070923
2018-02-22 03:24:00+00:00,1.5389915704727173,-0.4970557689666748,1,1.06141996383667,0.26084190607070923
2018-02-22 03:25:00+00:00,2.042901039123535,0.19702111184597015,1,1.06141996383667,0.26084190607070923
2018-02-22 03:26:00+00:00,1.2274177074432373,-0.9989845156669617,1,1.06141996383667,0.26084190607070923
2018-02-22 03:27:00+00:00,1.3287850618362427,-0.8283687233924866,1,1.06141996383667,0.26084190607070923
2018-02-22 03:28:00+00:00,1.3943040370941162,-0.7219981551170349,1,1.06141996383667,0.26084190607070923
2018-02-22 03:29:00+00:00,1.2953212261199951,-0.8838579654693604,1,1.06141996383667,0.26084190607070923
2018-02-22 03:30:00+00:00,1.4272949695587158,-0.669533908367157,1,1.06141996383667,0.26084190607070923
2018-02-22 03:31:00+00:00,1.7862107753753662,-0.1408417969942093,1,1.06141996383667,0.26084190607070923
2018-02-22 03:32:00+00:00,1.2753256559371948,-0.9174016714096069,1,1.06141996383667,0.26084190607070923
2018-02-22 03:33:00+00:00,1.4388368129730225,-0.6513475775718689,1,1.06141996383667,0.26084190607070923
2018-02-22 03:34:00+00:00,1.6035536527633667,-0.40078940987586975,1,1.06141996383667,0.26084190607070923
2018-02-22 03:35:00+00:00,1.439530849456787,-0.6502566933631897,1,1.06141996383667,0.26084190607070923
2018-02-22 03:36:00+00:00,1.2933491468429565,-0.8871530294418335,1,1.06141996383667,0.26084190607070923
2018-02-22 03:37:00+00:00,1.560767650604248,-0.4643152952194214,1,1.06141996383667,0.26084190607070923
2018-02-22 03:38:00+00:00,1.2181689739227295,-1.0149362087249756,1,1.06141996383667,0.26084190607070923
2018-02-22 03:39:00+00:00,1.8884806632995605,-0.002642474602907896,1,1.06141996383667,0.26084190607070923
2018-02-22 03:40:00+00:00,1.4086191654205322,-0.6991449594497681,1,1.06141996383667,0.26084190607070923
2018-02-22 03:41:00+00:00,1.2474136352539062,-0.9647219181060791,1,1.06141996383667,0.26084190607070923
2018-02-22 03:42:00+00:00,1.447452425956726,-0.6378281116485596,1,1.06141996383667,0.26084190607070923
2018-02-22 03:43:00+00:00,1.4235143661499023,-0.6755098700523376,1,1.06141996383667,0.26084190607070923
2018-02-22 03:44:00+00:00,1.402991533279419,-0.7081130146980286,1,1.06141996383667,0.26084190607070923
2018-02-22 03:45:00+00:00,1.6215471029281616,-0.3743852376937866,1,1.06141996383667,0.26084190607070923
2018-02-22 03:46:00+00:00,1.4176650047302246,-0.6847741007804871,1,1.06141996383667,0.26084190607070923
2018-02-22 03:47:00+00:00,1.3493304252624512,-0.7946943044662476,1,1.06141996383667,0.26084190607070923
2018-02-22 03:48:00+00:00,1.6420238018035889,-0.34455639123916626,1,1.06141996383667,0.26084190607070923
2018-02-22 03:49:00+00:00,2.0004634857177734,0.1431780606508255,1,1.06141996383667,0.26084190607070923
2018-02-22 03:50:00+00:00,1.22111177444458,-1.009853482246399,1,1.06141996383667,0.26084190607070923
2018-02-22 03:51:00+00:00,1.292015790939331,-0.8893826007843018,1,1.06141996383667,0.26084190607070923
2018-02-22 03:52:00+00:00,1.7848820686340332,-0.14267031848430634,1,1.06141996383667,0.26084190607070923
2018-02-22 03:53:00+00:00,1.7706308364868164,-0.16233943402767181,1,1.06141996383667,0.26084190607070923
2018-02-22 03:54:00+00:00,1.532133936882019,-0.5074245929718018,1,1.06141996383667,0.26084190607070923
2018-02-22 03:55:00+00:00,3.8907036781311035,2.016226053237915,1,1.06141996383667,0.26084190607070923
2018-02-22 03:56:00+00:00,1.683466911315918,-0.28488659858703613,1,1.06141996383667,0.26084190607070923
2018-02-22 03:57:00+00:00,1.376019835472107,-0.7513871192932129,1,1.06141996383667,0.26084190607070923
2018-02-22 03:58:00+00:00,3.124552011489868,1.3630379438400269,1,1.06141996383667,0.26084190607070923
2018-02-22 03:59:00+00:00,1.8707330226898193,-0.026270730420947075,1,1.06141996383667,0.26084190607070923
2018-02-22 04:00:00+00:00,1.4492754936218262,-0.6349735856056213,1,1.06141996383667,0.26084190607070923
2018-02-22 04:01:00+00:00,1.9695972204208374,0.10353546589612961,1,1.06141996383667,0.26084190607070923
2018-02-22 04:02:00+00:00,1.355380654335022,-0.7848339080810547,1,1.06141996383667,0.26084190607070923
2018-02-22 04:03:00+00:00,1.7892433404922485,-0.1366715133190155,1,1.06141996383667,0.26084190607070923
2018-02-22 04:04:00+00:00,1.4704161882400513,-0.6020249128341675,1,1.06141996383667,0.26084190607070923
2018-02-22 04:05:00+00:00,1.4824656248092651,-0.5833712816238403,1,1.06141996383667,0.26084190607070923
2018-02-22 04:06:00+00:00,2.0540480613708496,0.21103966236114502,1,1.06141996383667,0.26084190607070923
2018-02-22 04:07:00+00:00,1.596207618713379,-0.411621630191803,1,1.06141996383667,0.26084190607070923
2018-02-22 04:08:00+00:00,1.418397068977356,-0.6836132407188416,1,1.06141996383667,0.26084190607070923
2018-02-22 04:09:00+00:00,1.860703706741333,-0.03968830406665802,1,1.06141996383667,0.26084190607070923
2018-02-22 04:10:00+00:00,1.3128201961517334,-0.8547411561012268,1,1.06141996383667,0.26084190607070923
2018-02-22 04:11:00+00:00,1.7542831897735596,-0.18502669036388397,1,1.06141996383667,0.26084190607070923
2018-02-22 04:12:00+00:00,1.2813355922698975,-0.9072887897491455,1,1.06141996383667,0.26084190607070923
2018-02-22 04:13:00+00:00,1.4327300786972046,-0.6609591245651245,1,1.06141996383667,0.26084190607070923
2018-02-22 04:14:00+00:00,2.4200429916381836,0.6449621319770813,1,1.06141996383667,0.26084190607070923
2018-02-22 04:15:00+00:00,2.2580432891845703,0.4589249789714813,1,1.06141996383667,0.26084190607070923
2018-02-22 04:16:00+00:00,1.3250699043273926,-0.8344895243644714,1,1.06141996383667,0.26084190607070923
2018-02-22 04:17:00+00:00,2.190873146057129,0.3790598213672638,1,1.06141996383667,0.26084190607070923
2018-02-22 04:18:00+00:00,2.221991539001465,0.4162660837173462,1,1.06141996383667,0.26084190607070923
2018-02-22 04:19:00+00:00,1.811294674873352,-0.10648185759782791,1,1.06141996383667,0.26084190607070923
2018-02-22 04:20:00+00:00,1.5520938634872437,-0.47732290625572205,1,1.06141996383667,0.26084190607070923
2018-02-22 04:21:00+00:00,2.548929452896118,0.7867833375930786,1,1.06141996383667,0.26084190607070923
2018-02-22 04:22:00+00:00,4.8634443283081055,2.711670160293579,1,1.06141996383667,0.26084190607070923
2018-02-22 04:23:00+00:00,1.1533262729644775,-1.1286768913269043,1,1.06141996383667,0.26084190607070923
2018-02-22 04:24:00+00:00,1.6529126167297363,-0.3287886083126068,1,1.06141996383667,0.26084190607070923
2018-02-22 04:25:00+00:00,1.625657081604004,-0.3683793246746063,1,1.06141996383667,0.26084190607070923
2018-02-22 04:26:00+00:00,1.7249503135681152,-0.22607462108135223,1,1.06141996383667,0.26084190607070923
2018-02-22 04:27:00+00:00,1.6836800575256348,-0.2845822274684906,1,1.06141996383667,0.26084190607070923
2018-02-22 04:28:00+00:00,1.4482781887054443,-0.6365347504615784,1,1.06141996383667,0.26084190607070923
2018-02-22 04:29:00+00:00,1.5527713298797607,-0.47630536556243896,1,1.06141996383667,0.26084190607070923
2018-02-22 04:30:00+00:00,3.5003819465637207,1.6973589658737183,1,1.06141996383667,0.26084190607070923
2018-02-22 04:31:00+00:00,1.3316566944122314,-0.8236442804336548,1,1.06141996383667,0.26084190607070923
2018-02-22 04:32:00+00:00,2.2609200477600098,0.46230828762054443,1,1.06141996383667,0.26084190607070923
2018-02-22 04:33:00+00:00,1.558178186416626,-0.46819397807121277,1,1.06141996383667,0.26084190607070923
2018-02-22 04:34:00+00:00,1.647517442703247,-0.3365930914878845,1,1.06141996383667,0.26084190607070923
2018-02-22 04:35:00+00:00,1.46268892288208,-0.6140353083610535,1,1.06141996383667,0.26084190607070923
2018-02-22 04:36:00+00:00,1.5212366580963135,-0.5239590406417847,1,1.06141996383667,0.26084190607070923
2018-02-22 04:37:00+00:00,2.2742233276367188,0.47791680693626404,1,1.06141996383667,0.26084190607070923
2018-02-22 04:38:00+00:00,1.7218618392944336,-0.2304222285747528,1,1.06141996383667,0.26084190607070923
2018-02-22 04:39:00+00:00,1.7693822383880615,-0.16406741738319397,1,1.06141996383667,0.26084190607070923
2018-02-22 04:40:00+00:00,1.9731385707855225,0.10810472071170807,1,1.06141996383667,0.26084190607070923
2018-02-22 04:41:00+00:00,1.3501256704330444,-0.7933968305587769,1,1.06141996383667,0.26084190607070923
2018-02-22 04:42:00+00:00,2.1319212913513184,0.30756813287734985,1,1.06141996383667,0.26084190607070923
2018-02-22 04:43:00+00:00,1.3106708526611328,-0.8583056330680847,1,1.06141996383667,0.26084190607070923
2018-02-22 04:44:00+00:00,1.4339752197265625,-0.6589973568916321,1,1.06141996383667,0.26084190607070923
2018-02-22 04:45:00+00:00,1.4426442384719849,-0.6453670859336853,1,1.06141996383667,0.26084190607070923
2018-02-22 04:46:00+00:00,1.5067660808563232,-0.5460258722305298,1,1.06141996383667,0.26084190607070923
2018-02-22 04:47:00+00:00,1.644571304321289,-0.34086161851882935,1,1.06141996383667,0.26084190607070923
2018-02-22 04:48:00+00:00,1.7340680360794067,-0.21326853334903717,1,1.06141996383667,0.26084190607070923
2018-02-22 04:49:00+00:00,1.8535906076431274,-0.04923265799880028,1,1.06141996383667,0.26084190607070923
2018-02-22 04:50:00+00:00,1.5967605113983154,-0.4108054041862488,1,1.06141996383667,0.26084190607070923
2018-02-22 04:51:00+00:00,3.392545700073242,1.6043778657913208,1,1.06141996383667,0.26084190607070923
2018-02-22 04:52:00+00:00,1.7772984504699707,-0.15312460064888,1,1.06141996383667,0.26084190607070923
2018-02-22 04:53:00+00:00,1.8036811351776123,-0.11687808483839035,1,1.06141996383667,0.26084190607070923
2018-02-22 04:54:00+00:00,2.3774967193603516,0.5969703197479248,1,1.06141996383667,0.26084190607070923
2018-02-22 04:55:00+00:00,2.0229294300079346,0.1717759370803833,1,1.06141996383667,0.26084190607070923
2018-02-22 04:56:00+00:00,1.992262840270996,0.13268540799617767,1,1.06141996383667,0.26084190607070923
2018-02-22 04:57:00+00:00,1.7610112428665161,-0.17567338049411774,1,1.06141996383667,0.26084190607070923
2018-02-22 04:58:00+00:00,1.8654876947402954,-0.033282291144132614,1,1.06141996383667,0.26084190607070923
2018-02-22 04:59:00+00:00,1.7538349628448486,-0.1856505274772644,1,1.06141996383667,0.26084190607070923
2018-02-22 05:00:00+00:00,1.919335126876831,0.03809194266796112,1,1.06141996383667,0.26084190607070923
2018-02-22 05:01:00+00:00,1.9809989929199219,0.11822674423456192,1,1.06141996383667,0.26084190607070923
2018-02-22 05:02:00+00:00,1.4452199935913086,-0.6413265466690063,1,1.06141996383667,0.26084190607070923
2018-02-22 05:03:00+00:00,1.7227120399475098,-0.2292253077030182,1,1.06141996383667,0.26084190607070923
2018-02-22 05:04:00+00:00,1.6932486295700073,-0.2709375023841858,1,1.06141996383667,0.26084190607070923
2018-02-22 05:05:00+00:00,1.8724428415298462,-0.0239883866161108,1,1.06141996383667,0.26084190607070923
2018-02-22 05:06:00+00:00,1.6005165576934814,-0.4052640497684479,1,1.06141996383667,0.26084190607070923
2018-02-22 05:07:00+00:00,1.8254778385162354,-0.08718886226415634,1,1.06141996383667,0.26084190607070923
2018-02-22 05:08:00+00:00,1.4346224069595337,-0.6579782366752625,1,1.06141996383667,0.26084190607070923
2018-02-22 05:09:00+00:00,1.6299324035644531,-0.3621419668197632,1,1.06141996383667,0.26084190607070923
2018-02-22 05:10:00+00:00,2.0251717567443848,0.17461903393268585,1,1.06141996383667,0.26084190607070923
2018-02-22 05:11:00+00:00,2.6131339073181152,0.8555201292037964,1,1.06141996383667,0.26084190607070923
2018-02-22 05:12:00+00:00,1.7303247451782227,-0.21852104365825653,1,1.06141996383667,0.26084190607070923
2018-02-22 05:13:00+00:00,1.6818616390228271,-0.2871808111667633,1,1.06141996383667,0.26084190607070923
2018-02-22 05:14:00+00:00,2.0193233489990234,0.1672002673149109,1,1.06141996383667,0.26084190607070923
2018-02-22 05:15:00+00:00,2.025569438934326,0.17512266337871552,1,1.06141996383667,0.26084190607070923
2018-02-22 05:16:00+00:00,2.098011016845703,0.2658328413963318,1,1.06141996383667,0.26084190607070923
2018-02-22 05:17:00+00:00,1.9535224437713623,0.08272654563188553,1,1.06141996383667,0.26084190607070923
2018-02-22 05:18:00+00:00,1.867837905883789,-0.030139382928609848,1,1.06141996383667,0.26084190607070923
2018-02-22 05:19:00+00:00,2.217057704925537,0.4103911221027374,1,1.06141996383667,0.26084190607070923
2018-02-22 05:20:00+00:00,2.503051280975342,0.7368998527526855,1,1.06141996383667,0.26084190607070923
2018-02-22 05:21:00+00:00,1.8209052085876465,-0.09339790046215057,1,1.06141996383667,0.26084190607070923
2018-02-22 05:22:00+00:00,1.520200490951538,-0.5255348086357117,1,1.06141996383667,0.26084190607070923
2018-02-22 05:23:00+00:00,2.080361843109131,0.24392983317375183,1,1.06141996383667,0.26084190607070923
2018-02-22 05:24:00+00:00,1.742967128753662,-0.2008102387189865,1,1.06141996383667,0.26084190607070923
2018-02-22 05:25:00+00:00,1.9802132844924927,0.11721628159284592,1,1.06141996383667,0.26084190607070923
2018-02-22 05:26:00+00:00,2.013075828552246,0.1592591404914856,1,1.06141996383667,0.26084190607070923
2018-02-22 05:27:00+00:00,1.6718679666519165,-0.30149346590042114,1,1.06141996383667,0.26084190607070923
2018-02-22 05:28:00+00:00,1.6056383848190308,-0.3977207541465759,1,1.06141996383667,0.26084190607070923
2018-02-22 05:29:00+00:00,14.080492973327637,6.3332695960998535,1,1.06141996383667,0.26084190607070923
2018-02-22 05:30:00+00:00,35.0129508972168,9.670450210571289,1,1.06141996383667,0.26084190607070923
2018-02-22 08:22:00+00:00,8.062525749206543,4.380921363830566,1,1.06141996383667,0.26084190607070923
2018-02-22 08:23:00+00:00,6.10682487487793,3.4489686489105225,1,1.06141996383667,0.26084190607070923
2018-02-22 08:24:00+00:00,2.3953027725219727,0.6171284317970276,1,1.06141996383667,0.26084190607070923
2018-02-22 08:25:00+00:00,13.380475997924805,6.1510491371154785,1,1.06141996383667,0.26084190607070923
2018-02-22 08:26:00+00:00,10.400003433227539,5.2606329917907715,1,1.06141996383667,0.26084190607070923
2018-02-22 08:27:00+00:00,8.364189147949219,4.5064568519592285,1,1.06141996383667,0.26084190607070923
2018-02-22 08:28:00+00:00,4.463275909423828,2.4406685829162598,1,1.06141996383667,0.26084190607070923
2018-02-22 08:29:00+00:00,4.90614128112793,2.7394862174987793,1,1.06141996383667,0.26084190607070923
2018-02-22 08:30:00+00:00,5.571685791015625,3.148844003677368,1,1.06141996383667,0.26084190607070923
2018-02-22 08:31:00+00:00,4.410397529602051,2.40338134765625,1,1.06141996383667,0.26084190607070923
2018-02-22 08:32:00+00:00,7.5188117027282715,4.14372444152832,1,1.06141996383667,0.26084190607070923
2018-02-22 08:33:00+00:00,1.6840054988861084,-0.284117192029953,1,1.06141996383667,0.26084190607070923
2018-02-22 08:34:00+00:00,1.849863886833191,-0.05424248054623604,1,1.06141996383667,0.26084190607070923
2018-02-22 08:35:00+00:00,1.6689598560333252,-0.30566832423210144,1,1.06141996383667,0.26084190607070923
2018-02-22 08:36:00+00:00,1.9947943687438965,0.1359274834394455,1,1.06141996383667,0.26084190607070923
2018-02-22 08:37:00+00:00,2.8343276977539062,1.0833158493041992,1,1.06141996383667,0.26084190607070923
2018-02-22 08:38:00+00:00,1.9606549739837646,0.09197337925434113,1,1.06141996383667,0.26084190607070923
2018-02-22 08:39:00+00:00,1.987771987915039,0.1269274353981018,1,1.06141996383667,0.26084190607070923
2018-02-22 08:40:00+00:00,1.9585001468658447,0.08918237686157227,1,1.06141996383667,0.26084190607070923
2018-02-22 08:41:00+00:00,2.4748544692993164,0.7059164047241211,1,1.06141996383667,0.26084190607070923
2018-02-22 08:42:00+00:00,2.1049203872680664,0.2743735909461975,1,1.06141996383667,0.26084190607070923
2018-02-22 08:43:00+00:00,2.0025644302368164,0.14586122334003448,1,1.06141996383667,0.26084190607070923
2018-02-22 08:44:00+00:00,1.6963040828704834,-0.26659059524536133,1,1.06141996383667,0.26084190607070923
2018-02-22 08:45:00+00:00,2.0228002071380615,0.17161232233047485,1,1.06141996383667,0.26084190607070923
2018-02-22 08:46:00+00:00,1.9132498502731323,0.030092310160398483,1,1.06141996383667,0.26084190607070923
2018-02-22 08:47:00+00:00,1.7734946012496948,-0.15837892889976501,1,1.06141996383667,0.26084190607070923
2018-02-22 08:48:00+00:00,1.8482872247695923,-0.05636441335082054,1,1.06141996383667,0.26084190607070923
2018-02-22 08:49:00+00:00,5.295438766479492,2.984203815460205,1,1.06141996383667,0.26084190607070923
2018-02-22 08:50:00+00:00,3.7983593940734863,1.9431465864181519,1,1.06141996383667,0.26084190607070923
2018-02-22 08:51:00+00:00,2.5506861209869385,0.7886804342269897,1,1.06141996383667,0.26084190607070923
2018-02-22 08:52:00+00:00,1.561988353729248,-0.4624881148338318,1,1.06141996383667,0.26084190607070923
2018-02-22 08:53:00+00:00,1.918698787689209,0.03725605830550194,1,1.06141996383667,0.26084190607070923
2018-02-22 08:54:00+00:00,1.8535182476043701,-0.049329545348882675,1,1.06141996383667,0.26084190607070923
2018-02-22 08:55:00+00:00,2.3413116931915283,0.5556755661964417,1,1.06141996383667,0.26084190607070923
2018-02-22 08:56:00+00:00,1.9324581623077393,0.05528676509857178,1,1.06141996383667,0.26084190607070923
2018-02-22 08:57:00+00:00,2.326603651046753,0.5387627482414246,1,1.06141996383667,0.26084190607070923
2018-02-22 08:58:00+00:00,1.647727131843567,-0.3362894058227539,1,1.06141996383667,0.26084190607070923
2018-02-22 08:59:00+00:00,1.6317777633666992,-0.35945287346839905,1,1.06141996383667,0.26084190607070923
2018-02-22 09:00:00+00:00,2.152031421661377,0.3321058750152588,1,1.06141996383667,0.26084190607070923
2018-02-22 09:01:00+00:00,1.8344919681549072,-0.07497736066579819,1,1.06141996383667,0.26084190607070923
2018-02-22 09:02:00+00:00,159.09359741210938,-0.24379871785640717,2,5.077070713043213,0.005382537841796875
2018-02-22 09:03:00+00:00,167.15365600585938,8.881999015808105,2,5.077070713043213,0.005382537841796875
2018-02-22 09:04:00+00:00,159.69277954101562,0.4503012001514435,2,5.077070713043213,0.005382537841796875
2018-02-22 09:05:00+00:00,159.5755157470703,0.3146704435348511,2,5.077070713043213,0.005382537841796875
2018-02-22 09:06:00+00:00,159.60548400878906,0.3493089973926544,2,5.077070713043213,0.005382537841796875
2018-02-22 09:07:00+00:00,159.26144409179688,-0.049078669399023056,2,5.077070713043213,0.005382537841796875
2018-02-22 09:08:00+00:00,159.08840942382812,-0.24982282519340515,2,5.077070713043213,0.005382537841796875
2018-02-22 09:09:00+00:00,159.46328735351562,0.18479801714420319,2,5.077070713043213,0.005382537841796875
2018-02-22 09:10:00+00:00,158.91909790039062,-0.44640326499938965,2,5.077070713043213,0.005382537841796875
2018-02-22 09:11:00+00:00,159.2849884033203,-0.021793054416775703,2,5.077070713043213,0.005382537841796875
2018-02-22 09:12:00+00:00,159.5085906982422,0.23724308609962463,2,5.077070713043213,0.005382537841796875
2018-02-22 09:13:00+00:00,159.3570098876953,0.06165839731693268,2,5.077070713043213,0.005382537841796875
2018-02-22 09:14:00+00:00,159.19419860839844,-0.12703755497932434,2,5.077070713043213,0.005382537841796875
2018-02-22 09:15:00+00:00,159.88851928710938,0.6764705777168274,2,5.077070713043213,0.005382537841796875
2018-02-22 09:16:00+00:00,160.37567138671875,1.2381290197372437,2,5.077070713043213,0.005382537841796875
2018-02-22 09:17:00+00:00,159.8229217529297,0.6006378531455994,2,5.077070713043213,0.005382537841796875
2018-02-22 09:18:00+00:00,158.81951904296875,-0.5621013641357422,2,5.077070713043213,0.005382537841796875
2018-02-22 09:19:00+00:00,159.1705322265625,-0.154500350356102,2,5.077070713043213,0.005382537841796875
2018-02-22 09:20:00+00:00,159.2926025390625,-0.01293408963829279,2,5.077070713043213,0.005382537841796875
2018-02-22 09:21:00+00:00,160.0283203125,0.8377923369407654,2,5.077070713043213,0.005382537841796875
2018-02-22 09:22:00+00:00,159.0363311767578,-0.3102409541606903,2,5.077070713043213,0.005382537841796875
2018-02-22 09:23:00+00:00,159.14297485351562,-0.18648122251033783,2,5.077070713043213,0.005382537841796875
2018-02-22 09:24:00+00:00,159.4012908935547,0.11295180767774582,2,5.077070713043213,0.005382537841796875
2018-02-22 09:25:00+00:00,159.1212158203125,-0.2117292732000351,2,5.077070713043213,0.005382537841796875
2018-02-22 09:26:00+00:00,159.2362060546875,-0.07831325381994247,2,5.077070713043213,0.005382537841796875
2018-02-22 09:27:00+00:00,159.26930236816406,-0.03995393216609955,2,5.077070713043213,0.005382537841796875
2018-02-22 09:28:00+00:00,159.5128936767578,0.24220411479473114,2,5.077070713043213,0.005382537841796875
2018-02-22 09:29:00+00:00,159.6217803955078,0.3681786060333252,2,5.077070713043213,0.005382537841796875
2018-02-22 09:30:00+00:00,161.79721069335938,2.867558479309082,2,5.077070713043213,0.005382537841796875
2018-02-22 09:31:00+00:00,158.93370056152344,-0.42939403653144836,2,5.077070713043213,0.005382537841796875
2018-02-22 09:32:00+00:00,159.54893493652344,0.28392982482910156,2,5.077070713043213,0.005382537841796875
2018-02-22 09:33:00+00:00,159.2414093017578,-0.07228915393352509,2,5.077070713043213,0.005382537841796875
2018-02-22 09:34:00+00:00,159.3300018310547,0.030386250466108322,2,5.077070713043213,0.005382537841796875
2018-02-22 09:35:00+00:00,159.4371795654297,0.154500350356102,2,5.077070713043213,0.005382537841796875
2018-02-22 09:36:00+00:00,159.60060119628906,0.3436392545700073,2,5.077070713043213,0.005382537841796875
2018-02-22 09:37:00+00:00,159.26162719726562,-0.04890148714184761,2,5.077070713043213,0.005382537841796875
2018-02-22 09:38:00+00:00,159.7111053466797,0.47147414088249207,2,5.077070713043213,0.005382537841796875
2018-02-22 09:39:00+00:00,159.9834442138672,0.7860559821128845,2,5.077070713043213,0.005382537841796875
2018-02-22 09:40:00+00:00,159.6116485595703,0.3564847707748413,2,5.077070713043213,0.005382537841796875
2018-02-22 09:41:00+00:00,159.36485290527344,0.07078313082456589,2,5.077070713043213,0.005382537841796875
2018-02-22 09:42:00+00:00,159.56582641601562,0.3034195601940155,2,5.077070713043213,0.005382537841796875
2018-02-22 09:43:00+00:00,160.60476684570312,1.501683235168457,2,5.077070713043213,0.005382537841796875
2018-02-22 09:44:00+00:00,159.46234130859375,0.18364635109901428,2,5.077070713043213,0.005382537841796875
2018-02-22 09:45:00+00:00,159.1765899658203,-0.14750176668167114,2,5.077070713043213,0.005382537841796875
2018-02-22 09:46:00+00:00,159.11917114257812,-0.21412119269371033,2,5.077070713043213,0.005382537841796875
2018-02-22 09:47:00+00:00,159.3365478515625,0.03791636973619461,2,5.077070713043213,0.005382537841796875
2018-02-22 09:48:00+00:00,159.40359497070312,0.11560949683189392,2,5.077070713043213,0.005382537841796875
2018-02-22 09:49:00+00:00,159.37200927734375,0.07902196794748306,2,5.077070713043213,0.005382537841796875
2018-02-22 09:50:00+00:00,159.37181091308594,0.07884479314088821,2,5.077070713043213,0.005382537841796875
2018-02-22 09:51:00+00:00,159.23507690429688,-0.07964209467172623,2,5.077070713043213,0.005382537841796875
2018-02-22 09:52:00+00:00,159.3624725341797,0.06803685426712036,2,5.077070713043213,0.005382537841796875
2018-02-22 09:53:00+00:00,159.1405029296875,-0.18931609392166138,2,5.077070713043213,0.005382537841796875
2018-02-22 09:54:00+00:00,158.98033142089844,-0.37526577711105347,2,5.077070713043213,0.005382537841796875
2018-02-22 09:55:00+00:00,159.24151611328125,-0.07220056653022766,2,5.077070713043213,0.005382537841796875
2018-02-22 09:56:00+00:00,159.20245361328125,-0.11746987700462341,2,5.077070713043213,0.005382537841796875
2018-02-22 09:57:00+00:00,160.20608520507812,1.0427887439727783,2,5.077070713043213,0.005382537841796875
2018-02-22 09:58:00+00:00,159.61126708984375,0.356041818857193,2,5.077070713043213,0.005382537841796875
2018-02-22 09:59:00+00:00,159.50375366210938,0.23157335817813873,2,5.077070713043213,0.005382537841796875
2018-02-22 10:00:00+00:00,159.3320770263672,0.032778169959783554,2,5.077070713043213,0.005382537841796875
2018-02-22 10:01:00+00:00,159.5457763671875,0.2802090644836426,2,5.077070713043213,0.005382537841796875
2018-02-22 10:02:00+00:00,159.6075439453125,0.35170093178749084,2,5.077070713043213,0.005382537841796875
2018-02-22 10:03:00+00:00,159.23069763183594,-0.08469171077013016,2,5.077070713043213,0.005382537841796875
2018-02-22 10:04:00+00:00,160.8072967529297,1.7344082593917847,2,5.077070713043213,0.005382537841796875
2018-02-22 10:05:00+00:00,159.4384765625,0.15600638091564178,2,5.077070713043213,0.005382537841796875
2018-02-22 10:06:00+00:00,159.30020141601562,-0.004163713660091162,2,5.077070713043213,0.005382537841796875
2018-02-22 10:07:00+00:00,159.50685119628906,0.2352055311203003,2,5.077070713043213,0.005382537841796875
2018-02-22 10:08:00+00:00,159.260986328125,-0.0496102049946785,2,5.077070713043213,0.005382537841796875
2018-02-22 10:09:00+00:00,159.07350158691406,-0.2670978009700775,2,5.077070713043213,0.005382537841796875
2018-02-22 10:10:00+00:00,160.48269653320312,1.3612686395645142,2,5.077070713043213,0.005382537841796875
2018-02-22 10:11:00+00:00,159.17071533203125,-0.15432317554950714,2,5.077070713043213,0.005382537841796875
2018-02-22 10:12:00+00:00,159.123779296875,-0.2087172269821167,2,5.077070713043213,0.005382537841796875
2018-02-22 10:13:00+00:00,161.01266479492188,1.9700566530227661,2,5.077070713043213,0.005382537841796875
2018-02-22 10:14:00+00:00,159.0438232421875,-0.301559180021286,2,5.077070713043213,0.005382537841796875
2018-02-22 10:15:00+00:00,161.27548217773438,2.2711730003356934,2,5.077070713043213,0.005382537841796875
2018-02-22 10:16:00+00:00,160.7472381591797,1.6653969287872314,2,5.077070713043213,0.005382537841796875
2018-02-22 10:17:00+00:00,159.56642150878906,0.3041282892227173,2,5.077070713043213,0.005382537841796875
2018-02-22 10:18:00+00:00,159.60821533203125,0.35249823331832886,2,5.077070713043213,0.005382537841796875
2018-02-22 10:19:00+00:00,159.19773864746094,-0.12296243757009506,2,5.077070713043213,0.005382537841796875
2018-02-22 10:20:00+00:00,159.07211303710938,-0.26869240403175354,2,5.077070713043213,0.005382537841796875
2018-02-22 10:21:00+00:00,160.4331817626953,1.3043054342269897,2,5.077070713043213,0.005382537841796875
2018-02-22 10:22:00+00:00,161.58653259277344,2.6269490718841553,2,5.077070713043213,0.005382537841796875
2018-02-22 10:23:00+00:00,160.7661895751953,1.6871899366378784,2,5.077070713043213,0.005382537841796875
2018-02-22 10:24:00+00:00,162.0211181640625,3.1228737831115723,2,5.077070713043213,0.005382537841796875
2018-02-22 10:25:00+00:00,159.2602996826172,-0.05040751397609711,2,5.077070713043213,0.005382537841796875
2018-02-22 10:26:00+00:00,159.5001983642578,0.22749823331832886,2,5.077070713043213,0.005382537841796875
2018-02-22 10:27:00+00:00,159.36788940429688,0.0742381289601326,2,5.077070713043213,0.005382537841796875
2018-02-22 10:28:00+00:00,159.7428436279297,0.5081502199172974,2,5.077070713043213,0.005382537841796875
2018-02-22 10:29:00+00:00,159.23635864257812,-0.07813607156276703,2,5.077070713043213,0.005382537841796875
2018-02-22 10:30:00+00:00,159.39271545410156,0.103029765188694,2,5.077070713043213,0.005382537841796875
2018-02-22 10:31:00+00:00,159.2850341796875,-0.02170446515083313,2,5.077070713043213,0.005382537841796875
2018-02-22 10:32:00+00:00,159.27601623535156,-0.03215804323554039,2,5.077070713043213,0.005382537841796875
2018-02-22 10:33:00+00:00,159.3946533203125,0.10524450987577438,2,5.077070713043213,0.005382537841796875
2018-02-22 10:34:00+00:00,159.3463592529297,0.04934443533420563,2,5.077070713043213,0.005382537841796875
2018-02-22 10:35:00+00:00,159.41314697265625,0.12668320536613464,2,5.077070713043213,0.005382537841796875
2018-02-22 10:36:00+00:00,159.400146484375,0.11162295937538147,2,5.077070713043213,0.005382537841796875
2018-02-22 10:37:00+00:00,160.71041870117188,1.6231396198272705,2,5.077070713043213,0.005382537841796875
2018-02-22 10:38:00+00:00,159.86663818359375,0.6511339545249939,2,5.077070713043213,0.005382537841796875
2018-02-22 10:39:00+00:00,160.3904571533203,1.2551381587982178,2,5.077070713043213,0.005382537841796875
2018-02-22 10:40:00+00:00,159.51278686523438,0.2420269250869751,2,5.077070713043213,0.005382537841796875
2018-02-22 10:41:00+00:00,159.36534118652344,0.07131467014551163,2,5.077070713043213,0.005382537841796875
2018-02-22 10:42:00+00:00,159.44293212890625,0.16114458441734314,2,5.077070713043213,0.005382537841796875
2018-02-22 10:43:00+00:00,159.3418731689453,0.04411764815449715,2,5.077070713043213,0.005382537841796875
2018-02-22 10:44:00+00:00,159.8428192138672,0.6236711740493774,2,5.077070713043213,0.005382537841796875
2018-02-22 10:45:00+00:00,159.4459991455078,0.1647767573595047,2,5.077070713043213,0.005382537841796875
2018-02-22 10:46:00+00:00,159.88343811035156,0.6705350875854492,2,5.077070713043213,0.005382537841796875
2018-02-22 10:47:00+00:00,159.1302490234375,-0.20127569139003754,2,5.077070713043213,0.005382537841796875
2018-02-22 10:48:00+00:00,159.15573120117188,-0.17168675363063812,2,5.077070713043213,0.005382537841796875
2018-02-22 10:49:00+00:00,159.17318725585938,-0.15139971673488617,2,5.077070713043213,0.005382537841796875
2018-02-22 10:50:00+00:00,159.24668884277344,-0.06617647409439087,2,5.077070713043213,0.005382537841796875
2018-02-22 10:51:00+00:00,161.13865661621094,2.114457845687866,2,5.077070713043213,0.005382537841796875
2018-02-22 10:52:00+00:00,159.13912963867188,-0.1909106969833374,2,5.077070713043213,0.005382537841796875
2018-02-22 10:53:00+00:00,159.2050018310547,-0.11454641819000244,2,5.077070713043213,0.005382537841796875
2018-02-22 10:54:00+00:00,159.2161407470703,-0.10161232948303223,2,5.077070713043213,0.005382537841796875
2018-02-22 10:55:00+00:00,159.86534118652344,0.6497164964675903,2,5.077070713043213,0.005382537841796875
2018-02-22 10:56:00+00:00,158.86756896972656,-0.5062898397445679,2,5.077070713043213,0.005382537841796875
2018-02-22 10:57:00+00:00,162.27127075195312,3.407778263092041,2,5.077070713043213,0.005382537841796875
2018-02-22 10:58:00+00:00,159.2337646484375,-0.08114812523126602,2,5.077070713043213,0.005382537841796875
2018-02-22 10:59:00+00:00,159.82582092285156,0.6040042638778687,2,5.077070713043213,0.005382537841796875
2018-02-22 11:00:00+00:00,168.31204223632812,10.157423973083496,2,5.077070713043213,0.005382537841796875
2018-02-22 11:01:00+00:00,160.1621551513672,0.9921154975891113,2,5.077070713043213,0.005382537841796875
2018-02-22 11:02:00+00:00,159.12954711914062,-0.20207299292087555,2,5.077070713043213,0.005382537841796875
2018-02-22 11:03:00+00:00,160.00479125976562,0.8106839060783386,2,5.077070713043213,0.005382537841796875
2018-02-22 11:04:00+00:00,160.94635009765625,1.8939582109451294,2,5.077070713043213,0.005382537841796875
2018-02-22 11:05:00+00:00,160.20521545410156,1.0418143272399902,2,5.077070713043213,0.005382537841796875
2018-02-22 11:06:00+00:00,159.27903747558594,-0.028703046962618828,2,5.077070713043213,0.005382537841796875
2018-02-22 11:07:00+00:00,159.8957977294922,0.684886634349823,2,5.077070713043213,0.005382537841796875
2018-02-22 11:08:00+00:00,159.68124389648438,0.43692415952682495,2,5.077070713043213,0.005382537841796875
2018-02-22 11:09:00+00:00,160.1490478515625,0.9770552515983582,2,5.077070713043213,0.005382537841796875
2018-02-22 11:10:00+00:00,159.13890075683594,-0.19117647409439087,2,5.077070713043213,0.005382537841796875
2018-02-22 11:11:00+00:00,159.9220428466797,0.7151842713356018,2,5.077070713043213,0.005382537841796875
2018-02-22 11:12:00+00:00,159.00238037109375,-0.3496633470058441,2,5.077070713043213,0.005382537841796875
2018-02-22 11:13:00+00:00,159.18223571777344,-0.1409461349248886,2,5.077070713043213,0.005382537841796875
2018-02-22 11:14:00+00:00,159.43280029296875,0.14945074915885925,2,5.077070713043213,0.005382537841796875
2018-02-22 11:15:00+00:00,159.62303161621094,0.36959603428840637,2,5.077070713043213,0.005382537841796875
2018-02-22 11:16:00+00:00,160.44390869140625,1.316707968711853,2,5.077070713043213,0.005382537841796875
2018-02-22 11:17:00+00:00,159.36656188964844,0.0727321058511734,2,5.077070713043213,0.005382537841796875
2018-02-22 11:18:00+00:00,160.37106323242188,1.2328135967254639,2,5.077070713043213,0.005382537841796875
2018-02-22 11:19:00+00:00,159.3301239013672,0.030474839732050896,2,5.077070713043213,0.005382537841796875
2018-02-22 11:20:00+00:00,159.27328491210938,-0.03534727171063423,2,5.077070713043213,0.005382537841796875
2018-02-22 11:21:00+00:00,161.5526580810547,2.588235378265381,2,5.077070713043213,0.005382537841796875
2018-02-22 11:22:00+00:00,159.33578491210938,0.0371190644800663,2,5.077070713043213,0.005382537841796875
2018-02-22 11:23:00+00:00,159.26817321777344,-0.0412827767431736,2,5.077070713043213,0.005382537841796875
2018-02-22 11:24:00+00:00,159.6944580078125,0.4522501826286316,2,5.077070713043213,0.005382537841796875
2018-02-22 11:25:00+00:00,159.49143981933594,0.21731041371822357,2,5.077070713043213,0.005382537841796875
2018-02-22 11:26:00+00:00,159.33392333984375,0.034904323518276215,2,5.077070713043213,0.005382537841796875
2018-02-22 11:27:00+00:00,159.8375244140625,0.617558479309082,2,5.077070713043213,0.005382537841796875
2018-02-22 11:28:00+00:00,159.2406005859375,-0.07326364517211914,2,5.077070713043213,0.005382537841796875
2018-02-22 11:29:00+00:00,159.32078552246094,0.019666902720928192,2,5.077070713043213,0.005382537841796875
2018-02-22 11:30:00+00:00,159.41441345214844,0.12818922102451324,2,5.077070713043213,0.005382537841796875
2018-02-22 11:31:00+00:00,161.1321563720703,2.1070163249969482,2,5.077070713043213,0.005382537841796875
2018-02-22 11:32:00+00:00,160.07937622070312,0.8967044353485107,2,5.077070713043213,0.005382537841796875
2018-02-22 11:33:00+00:00,159.074462890625,-0.2659461498260498,2,5.077070713043213,0.005382537841796875
2018-02-22 11:34:00+00:00,159.53671264648438,0.269755482673645,2,5.077070713043213,0.005382537841796875
2018-02-22 11:35:00+00:00,159.55361938476562,0.2893338203430176,2,5.077070713043213,0.005382537841796875
2018-02-22 11:36:00+00:00,159.82884216308594,0.6075478196144104,2,5.077070713043213,0.005382537841796875
2018-02-22 11:37:00+00:00,159.32296752929688,0.02223600260913372,2,5.077070713043213,0.005382537841796875
2018-02-22 11:38:00+00:00,159.93345642089844,0.7282955646514893,2,5.077070713043213,0.005382537841796875
2018-02-22 11:39:00+00:00,159.17526245117188,-0.14900779724121094,2,5.077070713043213,0.005382537841796875
2018-02-22 11:40:00+00:00,158.7847900390625,-0.6024982333183289,2,5.077070713043213,0.005382537841796875
2018-02-22 11:41:00+00:00,159.13272094726562,-0.19835223257541656,2,5.077070713043213,0.005382537841796875
2018-02-22 11:42:00+00:00,159.2273712158203,-0.08858965337276459,2,5.077070713043213,0.005382537841796875
2018-02-22 11:43:00+00:00,159.30018615722656,-0.004163713660091162,2,5.077070713043213,0.005382537841796875
2018-02-22 11:44:00+00:00,159.37477111816406,0.0822111964225769,2,5.077070713043213,0.005382537841796875
2018-02-22 11:45:00+00:00,161.27171325683594,2.266832113265991,2,5.077070713043213,0.005382537841796875
2018-02-22 11:46:00+00:00,159.86593627929688,0.6503366231918335,2,5.077070713043213,0.005382537841796875
2018-02-22 11:47:00+00:00,159.03717041015625,-0.30926647782325745,2,5.077070713043213,0.005382537841796875
2018-02-22 11:48:00+00:00,159.6302032470703,0.37792345881462097,2,5.077070713043213,0.005382537841796875
2018-02-22 11:49:00+00:00,159.56088256835938,0.2977498173713684,2,5.077070713043213,0.005382537841796875
2018-02-22 11:50:00+00:00,159.68978881835938,0.44684621691703796,2,5.077070713043213,0.005382537841796875
2018-02-22 11:51:00+00:00,159.49163818359375,0.21757619082927704,2,5.077070713043213,0.005382537841796875
2018-02-22 11:52:00+00:00,160.7087860107422,1.621279239654541,2,5.077070713043213,0.005382537841796875
2018-02-22 11:53:00+00:00,159.54339599609375,0.27746278047561646,2,5.077070713043213,0.005382537841796875
2018-02-22 11:54:00+00:00,159.7211151123047,0.4829908013343811,2,5.077070713043213,0.005382537841796875
2018-02-22 11:55:00+00:00,159.25502014160156,-0.05652019754052162,2,5.077070713043213,0.005382537841796875
2018-02-22 11:56:00+00:00,159.99989318847656,0.8050141930580139,2,5.077070713043213,0.005382537841796875
2018-02-22 11:57:00+00:00,159.1364288330078,-0.19409993290901184,2,5.077070713043213,0.005382537841796875
2018-02-22 11:58:00+00:00,161.37266540527344,2.382441520690918,2,5.077070713043213,0.005382537841796875
2018-02-22 11:59:00+00:00,160.34449768066406,1.2022501230239868,2,5.077070713043213,0.005382537841796875
2018-02-22 12:00:00+00:00,159.77047729492188,0.540042519569397,2,5.077070713043213,0.005382537841796875
2018-02-22 12:01:00+00:00,159.5433349609375,0.2773742079734802,2,5.077070713043213,0.005382537841796875
2018-02-22 12:02:00+00:00,160.03970336914062,0.8509036302566528,2,5.077070713043213,0.005382537841796875
2018-02-22 12:03:00+00:00,159.80194091796875,0.5764528512954712,2,5.077070713043213,0.005382537841796875
2018-02-22 12:04:00+00:00,160.04165649414062,0.8532069325447083,2,5.077070713043213,0.005382537841796875
2018-02-22 12:05:00+00:00,160.32167053222656,1.1759390830993652,2,5.077070713043213,0.005382537841796875
2018-02-22 12:06:00+00:00,160.1217041015625,0.945517361164093,2,5.077070713043213,0.005382537841796875
2018-02-22 12:07:00+00:00,160.1522979736328,0.9807760715484619,2,5.077070713043213,0.005382537841796875
2018-02-22 12:08:00+00:00,158.58177185058594,-0.838678240776062,2,5.077070713043213,0.005382537841796875
2018-02-22 12:09:00+00:00,159.7772674560547,0.5479270219802856,2,5.077070713043213,0.005382537841796875
2018-02-22 12:10:00+00:00,159.50946044921875,0.2382175773382187,2,5.077070713043213,0.005382537841796875
2018-02-22 12:11:00+00:00,159.29440307617188,-0.010896527208387852,2,5.077070713043213,0.005382537841796875
2018-02-22 12:12:00+00:00,159.9635009765625,0.7630226612091064,2,5.077070713043213,0.005382537841796875
2018-02-22 12:13:00+00:00,159.24244689941406,-0.07113748788833618,2,5.077070713043213,0.005382537841796875
2018-02-22 12:14:00+00:00,159.2745361328125,-0.03392983600497246,2,5.077070713043213,0.005382537841796875
2018-02-22 12:15:00+00:00,159.18894958496094,-0.13315024971961975,2,5.077070713043213,0.005382537841796875
2018-02-22 12:16:00+00:00,159.6395263671875,0.3887313902378082,2,5.077070713043213,0.005382537841796875
2018-02-22 12:17:00+00:00,159.12001037597656,-0.21314670145511627,2,5.077070713043213,0.005382537841796875
2018-02-22 12:18:00+00:00,159.7554168701172,0.5226789712905884,2,5.077070713043213,0.005382537841796875
2018-02-22 12:19:00+00:00,159.29946899414062,-0.005049610044807196,2,5.077070713043213,0.005382537841796875
2018-02-22 12:20:00+00:00,159.39393615722656,0.10444720089435577,2,5.077070713043213,0.005382537841796875
2018-02-22 12:21:00+00:00,160.23684692382812,1.0782246589660645,2,5.077070713043213,0.005382537841796875
2018-02-22 12:22:00+00:00,159.19346618652344,-0.12792345881462097,2,5.077070713043213,0.005382537841796875
2018-02-22 12:23:00+00:00,159.14378356933594,-0.18550673127174377,2,5.077070713043213,0.005382537841796875
2018-02-22 12:24:00+00:00,159.7794189453125,0.5504075288772583,2,5.077070713043213,0.005382537841796875
2018-02-22 12:25:00+00:00,160.0203094482422,0.8285790085792542,2,5.077070713043213,0.005382537841796875
2018-02-22 12:26:00+00:00,159.2843475341797,-0.02250177226960659,2,5.077070713043213,0.005382537841796875
2018-02-22 12:27:00+00:00,159.8754425048828,0.661321759223938,2,5.077070713043213,0.005382537841796875
2018-02-22 12:28:00+00:00,159.33338928222656,0.03428419679403305,2,5.077070713043213,0.005382537841796875
2018-02-22 12:29:00+00:00,159.22911071777344,-0.08655209094285965,2,5.077070713043213,0.005382537841796875
2018-02-22 12:30:00+00:00,159.56312561035156,0.3003189265727997,2,5.077070713043213,0.005382537841796875
2018-02-22 12:31:00+00:00,159.439697265625,0.15742380917072296,2,5.077070713043213,0.005382537841796875
2018-02-22 12:32:00+00:00,159.6753387451172,0.43010276556015015,2,5.077070713043213,0.005382537841796875
2018-02-22 12:33:00+00:00,159.22760009765625,-0.08832388371229172,2,5.077070713043213,0.005382537841796875
2018-02-22 12:34:00+00:00,159.18492126464844,-0.1378455013036728,2,5.077070713043213,0.005382537841796875
2018-02-22 12:35:00+00:00,159.08575439453125,-0.25283485651016235,2,5.077070713043213,0.005382537841796875
2018-02-22 12:36:00+00:00,158.94949340820312,-0.4110559821128845,2,5.077070713043213,0.005382537841796875
2018-02-22 12:37:00+00:00,158.74794006347656,-0.645287036895752,2,5.077070713043213,0.005382537841796875
2018-02-22 12:38:00+00:00,159.39865112304688,0.10993976145982742,2,5.077070713043213,0.005382537841796875
2018-02-22 12:39:00+00:00,159.12901306152344,-0.2026931196451187,2,5.077070713043213,0.005382537841796875
2018-02-22 12:40:00+00:00,159.13125610351562,-0.2000354379415512,2,5.077070713043213,0.005382537841796875
2018-02-22 12:41:00+00:00,158.9782257080078,-0.3777462840080261,2,5.077070713043213,0.005382537841796875
2018-02-22 12:42:00+00:00,159.3785400390625,0.08664067834615707,2,5.077070713043213,0.005382537841796875
2018-02-22 12:43:00+00:00,159.39382934570312,0.10435861349105835,2,5.077070713043213,0.005382537841796875
2018-02-22 12:44:00+00:00,158.9656524658203,-0.39227497577667236,2,5.077070713043213,0.005382537841796875
2018-02-22 12:45:00+00:00,159.16607666015625,-0.15963855385780334,2,5.077070713043213,0.005382537841796875
2018-02-22 12:46:00+00:00,158.79942321777344,-0.58548903465271,2,5.077070713043213,0.005382537841796875
2018-02-22 12:47:00+00:00,158.72740173339844,-0.6692062616348267,2,5.077070713043213,0.005382537841796875
2018-02-22 12:48:00+00:00,158.8837432861328,-0.4874202609062195,2,5.077070713043213,0.005382537841796875
2018-02-22 12:49:00+00:00,159.23326110839844,-0.08176825195550919,2,5.077070713043213,0.005382537841796875
2018-02-22 12:50:00+00:00,158.8995361328125,-0.46908220648765564,2,5.077070713043213,0.005382537841796875
2018-02-22 12:51:00+00:00,159.362548828125,0.06812544167041779,2,5.077070713043213,0.005382537841796875
2018-02-22 12:52:00+00:00,159.41702270507812,0.13120128214359283,2,5.077070713043213,0.005382537841796875
2018-02-22 12:53:00+00:00,158.78939819335938,-0.5970942378044128,2,5.077070713043213,0.005382537841796875
2018-02-22 12:54:00+00:00,158.873046875,-0.4999113976955414,2,5.077070713043213,0.005382537841796875
2018-02-22 12:55:00+00:00,158.9982452392578,-0.3544471859931946,2,5.077070713043213,0.005382537841796875
2018-02-22 12:56:00+00:00,160.0230255126953,0.83167964220047,2,5.077070713043213,0.005382537841796875
2018-02-22 12:57:00+00:00,159.85317993164062,0.6356307864189148,2,5.077070713043213,0.005382537841796875
2018-02-22 12:58:00+00:00,159.15150451660156,-0.176559180021286,2,5.077070713043213,0.005382537841796875
2018-02-22 12:59:00+00:00,159.14102172851562,-0.1886959671974182,2,5.077070713043213,0.005382537841796875
2018-02-28 01:00:00+00:00,159.78118896484375,0.5524450540542603,2,5.077070713043213,0.005382537841796875
2018-02-28 01:01:00+00:00,158.9397430419922,-0.4223954677581787,2,5.077070713043213,0.005382537841796875
2018-02-28 01:02:00+00:00,159.20651245117188,-0.11277462542057037,2,5.077070713043213,0.005382537841796875
2018-02-28 01:03:00+00:00,159.0629119873047,-0.27941176295280457,2,5.077070713043213,0.005382537841796875
2018-02-28 01:04:00+00:00,159.23887634277344,-0.07521261274814606,2,5.077070713043213,0.005382537841796875
2018-02-28 01:05:00+00:00,159.2407989501953,-0.07299787551164627,2,5.077070713043213,0.005382537841796875
2018-02-28 01:06:00+00:00,159.07809448242188,-0.2617824375629425,2,5.077070713043213,0.005382537841796875
2018-02-28 01:07:00+00:00,159.30581665039062,0.0023033309262245893,2,5.077070713043213,0.005382537841796875
2018-02-28 01:08:00+00:00,160.16204833984375,0.9920269250869751,2,5.077070713043213,0.005382537841796875
2018-02-28 01:09:00+00:00,159.19952392578125,-0.12092487514019012,2,5.077070713043213,0.005382537841796875
2018-02-28 01:10:00+00:00,159.58509826660156,0.3257441520690918,2,5.077070713043213,0.005382537841796875
2018-02-28 01:11:00+00:00,158.93899536132812,-0.42328137159347534,2,5.077070713043213,0.005382537841796875
2018-02-28 01:12:00+00:00,158.98292541503906,-0.3722537159919739,2,5.077070713043213,0.005382537841796875
2018-02-28 01:13:00+00:00,158.86227416992188,-0.5124025344848633,2,5.077070713043213,0.005382537841796875
2018-02-28 01:14:00+00:00,158.97227478027344,-0.38465628027915955,2,5.077070713043213,0.005382537841796875
2018-02-28 01:15:00+00:00,158.979248046875,-0.3765060305595398,2,5.077070713043213,0.005382537841796875
2018-02-28 01:16:00+00:00,158.98130798339844,-0.37411409616470337,2,5.077070713043213,0.005382537841796875
2018-02-28 01:17:00+00:00,158.80599975585938,-0.5777817368507385,2,5.077070713043213,0.005382537841796875
2018-02-28 01:18:00+00:00,158.82510375976562,-0.5556343197822571,2,5.077070713043213,0.005382537841796875
2018-02-28 01:19:00+00:00,159.00009155273438,-0.352321058511734,2,5.077070713043213,0.005382537841796875
2018-02-28 01:20:00+00:00,160.02601623535156,0.8351346850395203,2,5.077070713043213,0.005382537841796875
2018-02-28 01:21:00+00:00,158.8748016357422,-0.49787384271621704,2,5.077070713043213,0.005382537841796875
2018-02-28 01:22:00+00:00,158.83413696289062,-0.5450921058654785,2,5.077070713043213,0.005382537841796875
2018-02-28 01:23:00+00:00,158.86610412597656,-0.5079730749130249,2,5.077070713043213,0.005382537841796875
2018-02-28 01:24:00+00:00,158.9530792236328,-0.4068922698497772,2,5.077070713043213,0.005382537841796875
2018-02-28 01:25:00+00:00,158.9626922607422,-0.39572998881340027,2,5.077070713043213,0.005382537841796875
2018-02-28 01:26:00+00:00,158.94784545898438,-0.41300496459007263,2,5.077070713043213,0.005382537841796875
2018-02-28 01:27:00+00:00,158.97216796875,-0.3847448527812958,2,5.077070713043213,0.005382537841796875
2018-02-28 01:28:00+00:00,158.8717041015625,-0.5014174580574036,2,5.077070713043213,0.005382537841796875
2018-02-28 01:29:00+00:00,159.06390380859375,-0.27826011180877686,2,5.077070713043213,0.005382537841796875
2018-02-28 01:30:00+00:00,159.9192352294922,0.7119064331054688,2,5.077070713043213,0.005382537841796875
2018-02-28 01:31:00+00:00,159.01979064941406,-0.3294649124145508,2,5.077070713043213,0.005382537841796875
2018-02-28 01:32:00+00:00,159.07029724121094,-0.2708185613155365,2,5.077070713043213,0.005382537841796875
2018-02-28 01:33:00+00:00,159.11590576171875,-0.2178419530391693,2,5.077070713043213,0.005382537841796875
2018-02-28 01:34:00+00:00,158.9210205078125,-0.44418850541114807,2,5.077070713043213,0.005382537841796875
2018-02-28 01:35:00+00:00,158.97584533691406,-0.38049256801605225,2,5.077070713043213,0.005382537841796875
2018-02-28 01:36:00+00:00,158.91773986816406,-0.4479978680610657,2,5.077070713043213,0.005382537841796875
2018-02-28 01:37:00+00:00,159.84071350097656,0.6211906671524048,2,5.077070713043213,0.005382537841796875
2018-02-28 01:38:00+00:00,158.83242797851562,-0.5471296906471252,2,5.077070713043213,0.005382537841796875
2018-02-28 01:39:00+00:00,158.80038452148438,-0.5843373537063599,2,5.077070713043213,0.005382537841796875
2018-02-28 01:40:00+00:00,162.3351593017578,3.480421781539917,2,5.077070713043213,0.005382537841796875
2018-02-28 01:41:00+00:00,158.78919982910156,-0.5973600149154663,2,5.077070713043213,0.005382537841796875
2018-02-28 01:42:00+00:00,161.76010131835938,2.8252127170562744,2,5.077070713043213,0.005382537841796875
2018-02-28 01:43:00+00:00,158.60098266601562,-0.8163536787033081,2,5.077070713043213,0.005382537841796875
2018-02-28 01:44:00+00:00,158.86239624023438,-0.5122253894805908,2,5.077070713043213,0.005382537841796875
2018-02-28 01:45:00+00:00,159.21188354492188,-0.10657335072755814,2,5.077070713043213,0.005382537841796875
2018-02-28 01:46:00+00:00,159.10325622558594,-0.2325478345155716,2,5.077070713043213,0.005382537841796875
2018-02-28 01:47:00+00:00,159.16458129882812,-0.1614103466272354,2,5.077070713043213,0.005382537841796875
2018-02-28 01:48:00+00:00,171.333984375,13.444188117980957,2,5.077070713043213,0.005382537841796875
2018-02-28 01:49:00+00:00,164.02584838867188,5.393603801727295,2,5.077070713043213,0.005382537841796875
2018-02-28 01:50:00+00:00,159.82322692871094,0.6009922027587891,2,5.077070713043213,0.005382537841796875
2018-02-28 01:51:00+00:00,180.2340850830078,22.7994327545166,2,5.077070713043213,0.005382537841796875
2018-02-28 01:52:00+00:00,159.2021942138672,-0.1178242415189743,2,5.077070713043213,0.005382537841796875
2018-02-28 01:53:00+00:00,159.83058166503906,0.6094968318939209,2,5.077070713043213,0.005382537841796875
2018-02-28 01:54:00+00:00,159.1008758544922,-0.23529411852359772,2,5.077070713043213,0.005382537841796875
2018-02-28 01:55:00+00:00,159.0720977783203,-0.26869240403175354,2,5.077070713043213,0.005382537841796875
2018-02-28 01:56:00+00:00,159.21356201171875,-0.10462438315153122,2,5.077070713043213,0.005382537841796875
2018-02-28 01:57:00+00:00,173.90904235839844,16.19968032836914,2,5.077070713043213,0.005382537841796875
2018-02-28 01:58:00+00:00,158.9234161376953,-0.4413536489009857,2,5.077070713043213,0.005382537841796875
2018-02-28 01:59:00+00:00,333.0313720703125,136.3974151611328,2,5.077070713043213,0.005382537841796875
2018-02-28 02:00:00+00:00,159.8856658935547,0.6731927990913391,2,5.077070713043213,0.005382537841796875
2018-02-28 02:01:00+00:00,158.7391815185547,-0.655474841594696,2,5.077070713043213,0.005382537841796875
2018-02-28 02:02:00+00:00,159.17677307128906,-0.14723600447177887,2,5.077070713043213,0.005382537841796875
2018-02-28 02:03:00+00:00,159.42636108398438,0.1420092135667801,2,5.077070713043213,0.005382537841796875
2018-02-28 02:04:00+00:00,159.1118927001953,-0.22253720462322235,2,5.077070713043213,0.005382537841796875
2018-02-28 02:05:00+00:00,159.2387237548828,-0.0753897950053215,2,5.077070713043213,0.005382537841796875
2018-02-28 02:06:00+00:00,165.3453826904297,6.873228073120117,2,5.077070713043213,0.005382537841796875
2018-02-28 02:07:00+00:00,159.3477020263672,0.050850462168455124,2,5.077070713043213,0.005382537841796875
2018-02-28 02:08:00+00:00,159.63955688476562,0.3887313902378082,2,5.077070713043213,0.005382537841796875
2018-02-28 02:09:00+00:00,163.3152618408203,4.59195613861084,2,5.077070713043213,0.005382537841796875
2018-02-28 02:10:00+00:00,164.82122802734375,6.286942005157471,2,5.077070713043213,0.005382537841796875
2018-02-28 02:11:00+00:00,159.08517456054688,-0.25354358553886414,2,5.077070713043213,0.005382537841796875
2018-02-28 02:12:00+00:00,160.2216033935547,1.0606839656829834,2,5.077070713043213,0.005382537841796875
2018-02-28 02:13:00+00:00,158.92312622070312,-0.4417079985141754,2,5.077070713043213,0.005382537841796875
2018-02-28 02:14:00+00:00,158.98988342285156,-0.36419206857681274,2,5.077070713043213,0.005382537841796875
2018-02-28 02:15:00+00:00,159.77334594726562,0.5434089303016663,2,5.077070713043213,0.005382537841796875
2018-02-28 02:16:00+00:00,158.8047637939453,-0.5792877674102783,2,5.077070713043213,0.005382537841796875
2018-02-28 02:17:00+00:00,159.52967834472656,0.26160523295402527,2,5.077070713043213,0.005382537841796875
2018-02-28 02:18:00+00:00,159.21395874023438,-0.1041814312338829,2,5.077070713043213,0.005382537841796875
2018-02-28 02:19:00+00:00,158.8380126953125,-0.5405740737915039,2,5.077070713043213,0.005382537841796875
2018-02-28 02:20:00+00:00,158.71063232421875,-0.6886959671974182,2,5.077070713043213,0.005382537841796875
2018-02-28 02:21:00+00:00,158.9626007080078,-0.3958185613155365,2,5.077070713043213,0.005382537841796875
2018-02-28 02:22:00+00:00,159.0201873779297,-0.32893338799476624,2,5.077070713043213,0.005382537841796875
2018-02-28 02:23:00+00:00,171.62411499023438,13.756644248962402,2,5.077070713043213,0.005382537841796875
2018-02-28 02:24:00+00:00,159.01077270507812,-0.33991849422454834,2,5.077070713043213,0.005382537841796875
2018-02-28 02:25:00+00:00,159.04920959472656,-0.29526931047439575,2,5.077070713043213,0.005382537841796875
2018-02-28 02:26:00+00:00,159.04908752441406,-0.2954464852809906,2,5.077070713043213,0.005382537841796875
2018-02-28 02:27:00+00:00,159.09559631347656,-0.24140679836273193,2,5.077070713043213,0.005382537841796875
2018-02-28 02:28:00+00:00,159.2106170654297,-0.10799078643321991,2,5.077070713043213,0.005382537841796875
2018-02-28 02:29:00+00:00,159.5247802734375,0.25593551993370056,2,5.077070713043213,0.005382537841796875
2018-02-28 02:30:00+00:00,158.89149475097656,-0.4784727096557617,2,5.077070713043213,0.005382537841796875
2018-02-28 02:31:00+00:00,159.0970001220703,-0.2398121953010559,2,5.077070713043213,0.005382537841796875
2018-02-28 02:32:00+00:00,159.3399200439453,0.04190290719270706,2,5.077070713043213,0.005382537841796875
2018-02-28 02:33:00+00:00,164.5142364501953,5.942682266235352,2,5.077070713043213,0.005382537841796875
2018-02-28 02:34:00+00:00,159.26502990722656,-0.04491495341062546,2,5.077070713043213,0.005382537841796875
2018-02-28 02:35:00+00:00,165.22166442871094,6.735028266906738,2,5.077070713043213,0.005382537841796875
2018-02-28 02:36:00+00:00,159.25535583496094,-0.05616584047675133,2,5.077070713043213,0.005382537841796875
2018-02-28 02:37:00+00:00,170.27120971679688,12.294915199279785,2,5.077070713043213,0.005382537841796875
2018-02-28 02:38:00+00:00,159.34153747558594,0.043763287365436554,2,5.077070713043213,0.005382537841796875
2018-02-28 02:39:00+00:00,158.1373291015625,-1.3568391799926758,2,5.077070713043213,0.005382537841796875
2018-02-28 02:40:00+00:00,160.47315979003906,1.350372076034546,2,5.077070713043213,0.005382537841796875
2018-02-28 02:41:00+00:00,158.84820556640625,-0.5287916660308838,2,5.077070713043213,0.005382537841796875
2018-02-28 02:42:00+00:00,158.92710876464844,-0.4371013343334198,2,5.077070713043213,0.005382537841796875
2018-02-28 02:43:00+00:00,158.85169982910156,-0.5247164964675903,2,5.077070713043213,0.005382537841796875
2018-02-28 02:44:00+00:00,159.1324462890625,-0.19870659708976746,2,5.077070713043213,0.005382537841796875
2018-02-28 02:45:00+00:00,158.96783447265625,-0.3897944688796997,2,5.077070713043213,0.005382537841796875
2018-02-28 02:46:00+00:00,158.92343139648438,-0.4413536489009857,2,5.077070713043213,0.005382537841796875
2018-02-28 02:47:00+00:00,159.13662719726562,-0.19383415579795837,2,5.077070713043213,0.005382537841796875
2018-02-28 02:48:00+00:00,159.19602966308594,-0.12491141259670258,2,5.077070713043213,0.005382537841796875
2018-02-28 02:49:00+00:00,159.7602081298828,0.5282601118087769,2,5.077070713043213,0.005382537841796875
2018-02-28 02:50:00+00:00,159.06576538085938,-0.2760453522205353,2,5.077070713043213,0.005382537841796875
2018-02-28 02:51:00+00:00,159.16534423828125,-0.16052445769309998,2,5.077070713043213,0.005382537841796875
2018-02-28 02:52:00+00:00,159.02403259277344,-0.32450389862060547,2,5.077070713043213,0.005382537841796875
2018-02-28 02:53:00+00:00,159.15245056152344,-0.17549610137939453,2,5.077070713043213,0.005382537841796875
2018-02-28 02:54:00+00:00,158.99276733398438,-0.36082565784454346,2,5.077070713043213,0.005382537841796875
2018-02-28 02:55:00+00:00,159.1300811767578,-0.20145286619663239,2,5.077070713043213,0.005382537841796875
2018-02-28 02:56:00+00:00,159.2118377685547,-0.10657335072755814,2,5.077070713043213,0.005382537841796875
2018-02-28 02:57:00+00:00,160.58702087402344,1.4813076257705688,2,5.077070713043213,0.005382537841796875
2018-02-28 02:58:00+00:00,159.92613220214844,0.7198795080184937,2,5.077070713043213,0.005382537841796875
2018-02-28 02:59:00+00:00,159.02308654785156,-0.3256555497646332,2,5.077070713043213,0.005382537841796875
2018-02-28 03:00:00+00:00,159.2065887451172,-0.11268603801727295,2,5.077070713043213,0.005382537841796875
2018-02-28 03:01:00+00:00,159.48927307128906,0.21482990682125092,2,5.077070713043213,0.005382537841796875
2018-02-28 03:02:00+00:00,158.91094970703125,-0.45588234066963196,2,5.077070713043213,0.005382537841796875
2018-02-28 03:03:00+00:00,158.8521270751953,-0.5241850018501282,2,5.077070713043213,0.005382537841796875
2018-02-28 03:04:00+00:00,158.94529724121094,-0.4159284234046936,2,5.077070713043213,0.005382537841796875
2018-02-28 03:05:00+00:00,159.2182159423828,-0.099220409989357,2,5.077070713043213,0.005382537841796875
2018-02-28 03:06:00+00:00,159.48948669433594,0.21509568393230438,2,5.077070713043213,0.005382537841796875
2018-02-28 03:07:00+00:00,158.83323669433594,-0.5461552143096924,2,5.077070713043213,0.005382537841796875
2018-02-28 03:08:00+00:00,159.19427490234375,-0.12694896757602692,2,5.077070713043213,0.005382537841796875
2018-02-28 03:09:00+00:00,829.8969116210938,305.6986999511719,2,5.077070713043213,0.005382537841796875
2018-02-28 03:10:00+00:00,160.09617614746094,0.9161056280136108,2,5.077070713043213,0.005382537841796875
2018-02-28 03:11:00+00:00,160.1654052734375,0.9959248900413513,2,5.077070713043213,0.005382537841796875
2018-02-28 03:12:00+00:00,159.22500610351562,-0.09133592993021011,2,5.077070713043213,0.005382537841796875
2018-02-28 03:13:00+00:00,159.4567108154297,0.17717930674552917,2,5.077070713043213,0.005382537841796875
2018-02-28 03:14:00+00:00,159.64036560058594,0.3897058963775635,2,5.077070713043213,0.005382537841796875
2018-02-28 03:15:00+00:00,159.104736328125,-0.23086462914943695,2,5.077070713043213,0.005382537841796875
2018-02-28 03:16:00+00:00,159.1349639892578,-0.19578313827514648,2,5.077070713043213,0.005382537841796875
2018-02-28 03:17:00+00:00,158.88885498046875,-0.4814847707748413,2,5.077070713043213,0.005382537841796875
2018-02-28 03:18:00+00:00,159.09774780273438,-0.23892629146575928,2,5.077070713043213,0.005382537841796875
2018-02-28 03:19:00+00:00,159.0575714111328,-0.2856130301952362,2,5.077070713043213,0.005382537841796875
2018-02-28 03:20:00+00:00,158.87059020996094,-0.5027462840080261,2,5.077070713043213,0.005382537841796875
2018-02-28 03:21:00+00:00,159.31883239746094,0.017452161759138107,2,5.077070713043213,0.005382537841796875
2018-02-28 03:22:00+00:00,159.1792449951172,-0.14440113306045532,2,5.077070713043213,0.005382537841796875
2018-02-28 03:23:00+00:00,159.10888671875,-0.22599220275878906,2,5.077070713043213,0.005382537841796875
2018-02-28 03:24:00+00:00,159.0740509033203,-0.26647767424583435,2,5.077070713043213,0.005382537841796875
2018-02-28 03:25:00+00:00,159.2006072998047,-0.11959603428840637,2,5.077070713043213,0.005382537841796875
2018-02-28 03:26:00+00:00,159.09251403808594,-0.2450389862060547,2,5.077070713043213,0.005382537841796875
2018-02-28 03:27:00+00:00,159.10125732421875,-0.2348511666059494,2,5.077070713043213,0.005382537841796875
2018-02-28 03:28:00+00:00,159.1516571044922,-0.17638200521469116,2,5.077070713043213,0.005382537841796875
2018-02-28 03:29:00+00:00,159.02992248535156,-0.31768250465393066,2,5.077070713043213,0.005382537841796875
2018-02-28 03:30:00+00:00,159.19085693359375,-0.13093550503253937,2,5.077070713043213,0.005382537841796875
2018-02-28 03:31:00+00:00,159.00051879882812,-0.3517895042896271,2,5.077070713043213,0.005382537841796875
2018-02-28 03:32:00+00:00,159.3624267578125,0.06794826686382294,2,5.077070713043213,0.005382537841796875
2018-02-28 03:33:00+00:00,160.07432556152344,0.8908575773239136,2,5.077070713043213,0.005382537841796875
2018-02-28 03:34:00+00:00,159.1652374267578,-0.1606130450963974,2,5.077070713043213,0.005382537841796875
2018-02-28 03:35:00+00:00,159.6714324951172,0.42558470368385315,2,5.077070713043213,0.005382537841796875
2018-02-28 03:36:00+00:00,159.71385192871094,0.4746633470058441,2,5.077070713043213,0.005382537841796875
2018-02-28 03:37:00+00:00,158.98756408691406,-0.36684975028038025,2,5.077070713043213,0.005382537841796875
2018-02-28 03:38:00+00:00,159.13320922851562,-0.19782069325447083,2,5.077070713043213,0.005382537841796875
2018-02-28 03:39:00+00:00,158.66197204589844,-0.7453047633171082,2,5.077070713043213,0.005382537841796875
2018-02-28 03:40:00+00:00,160.19696044921875,1.0322465896606445,2,5.077070713043213,0.005382537841796875
2018-02-28 03:41:00+00:00,158.84547424316406,-0.5318922996520996,2,5.077070713043213,0.005382537841796875
2018-02-28 03:42:00+00:00,159.23184204101562,-0.08336286246776581,2,5.077070713043213,0.005382537841796875
2018-02-28 03:43:00+00:00,158.79220581054688,-0.5938164591789246,2,5.077070713043213,0.005382537841796875
2018-02-28 03:44:00+00:00,159.08627319335938,-0.2523033320903778,2,5.077070713043213,0.005382537841796875
2018-02-28 03:45:00+00:00,158.9611053466797,-0.39759036898612976,2,5.077070713043213,0.005382537841796875
2018-02-28 03:46:00+00:00,159.2810516357422,-0.02639971673488617,2,5.077070713043213,0.005382537841796875
2018-02-28 03:47:00+00:00,159.32301330566406,0.02223600260913372,2,5.077070713043213,0.005382537841796875
2018-02-28 03:48:00+00:00,159.02699279785156,-0.32104891538619995,2,5.077070713043213,0.005382537841796875
2018-02-28 03:49:00+00:00,159.19473266601562,-0.12641742825508118,2,5.077070713043213,0.005382537841796875
2018-02-28 03:50:00+00:00,159.07583618164062,-0.2643515169620514,2,5.077070713043213,0.005382537841796875
2018-02-28 03:51:00+00:00,158.96817016601562,-0.3893515169620514,2,5.077070713043213,0.005382537841796875
2018-02-28 03:52:00+00:00,159.2803192138672,-0.02719702385365963,2,5.077070713043213,0.005382537841796875
2018-02-28 03:53:00+00:00,159.01364135742188,-0.33655208349227905,2,5.077070713043213,0.005382537841796875
2018-02-28 03:54:00+00:00,159.0703582763672,-0.27072998881340027,2,5.077070713043213,0.005382537841796875
2018-02-28 03:55:00+00:00,167.60951232910156,9.38492202758789,2,5.077070713043213,0.005382537841796875
2018-02-28 03:56:00+00:00,159.23983764648438,-0.07414954155683517,2,5.077070713043213,0.005382537841796875
2018-02-28 03:57:00+00:00,159.70640563964844,0.46607017517089844,2,5.077070713043213,0.005382537841796875
2018-02-28 03:58:00+00:00,158.95350646972656,-0.4064493179321289,2,5.077070713043213,0.005382537841796875
2018-02-28 03:59:00+00:00,158.90281677246094,-0.46527284383773804,2,5.077070713043213,0.005382537841796875
2018-02-28 04:00:00+00:00,159.0592041015625,-0.2836640775203705,2,5.077070713043213,0.005382537841796875
2018-02-28 04:01:00+00:00,158.9390411376953,-0.4231927692890167,2,5.077070713043213,0.005382537841796875
2018-02-28 04:02:00+00:00,159.48806762695312,0.21341247856616974,2,5.077070713043213,0.005382537841796875
2018-02-28 04:03:00+00:00,158.75521850585938,-0.6368710398674011,2,5.077070713043213,0.005382537841796875
2018-02-28 04:04:00+00:00,159.28546142578125,-0.021261516958475113,2,5.077070713043213,0.005382537841796875
2018-02-28 04:05:00+00:00,159.1509246826172,-0.1772678941488266,2,5.077070713043213,0.005382537841796875
2018-02-28 04:06:00+00:00,159.09603881835938,-0.2409638613462448,2,5.077070713043213,0.005382537841796875
2018-02-28 04:07:00+00:00,159.65000915527344,0.4007795751094818,2,5.077070713043213,0.005382537841796875
2018-02-28 04:08:00+00:00,158.78466796875,-0.6025868058204651,2,5.077070713043213,0.005382537841796875
2018-02-28 04:09:00+00:00,158.65802001953125,-0.7499114274978638,2,5.077070713043213,0.005382537841796875
2018-02-28 04:10:00+00:00,159.01734924316406,-0.3322997987270355,2,5.077070713043213,0.005382537841796875
2018-02-28 04:11:00+00:00,159.02467346191406,-0.3237951695919037,2,5.077070713043213,0.005382537841796875
2018-02-28 04:12:00+00:00,158.9190673828125,-0.44640326499938965,2,5.077070713043213,0.005382537841796875
2018-02-28 04:13:00+00:00,159.0546875,-0.28889086842536926,2,5.077070713043213,0.005382537841796875
2018-02-28 04:14:00+00:00,158.9259033203125,-0.43851879239082336,2,5.077070713043213,0.005382537841796875
2018-02-28 04:15:00+00:00,159.26312255859375,-0.04712969437241554,2,5.077070713043213,0.005382537841796875
2018-02-28 04:16:00+00:00,159.09439086914062,-0.2428242415189743,2,5.077070713043213,0.005382537841796875
2018-02-28 04:17:00+00:00,159.21337890625,-0.10480155795812607,2,5.077070713043213,0.005382537841796875
2018-02-28 04:18:00+00:00,159.05113220214844,-0.29305458068847656,2,5.077070713043213,0.005382537841796875
2018-02-28 04:19:00+00:00,159.07835388183594,-0.2614280581474304,2,5.077070713043213,0.005382537841796875
2018-02-28 04:20:00+00:00,158.99557495117188,-0.3575478494167328,2,5.077070713043213,0.005382537841796875
2018-02-28 04:21:00+00:00,159.19180297851562,-0.1298724263906479,2,5.077070713043213,0.005382537841796875
2018-02-28 04:22:00+00:00,159.1397247314453,-0.19020198285579681,2,5.077070713043213,0.005382537841796875
2018-02-28 04:23:00+00:00,159.00375366210938,-0.3480687439441681,2,5.077070713043213,0.005382537841796875
2018-02-28 04:24:00+00:00,159.21798706054688,-0.09948617964982986,2,5.077070713043213,0.005382537841796875
2018-02-28 04:25:00+00:00,159.07142639160156,-0.26948973536491394,2,5.077070713043213,0.005382537841796875
2018-02-28 04:26:00+00:00,159.159423828125,-0.1674344390630722,2,5.077070713043213,0.005382537841796875
2018-02-28 04:27:00+00:00,159.05096435546875,-0.2932317554950714,2,5.077070713043213,0.005382537841796875
2018-02-28 04:28:00+00:00,159.08657836914062,-0.2519489824771881,2,5.077070713043213,0.005382537841796875
2018-02-28 04:29:00+00:00,159.22767639160156,-0.0882352963089943,2,5.077070713043213,0.005382537841796875
2018-02-28 04:30:00+00:00,159.06564331054688,-0.2762225270271301,2,5.077070713043213,0.005382537841796875
2018-02-28 04:31:00+00:00,159.43148803710938,0.14794471859931946,2,5.077070713043213,0.005382537841796875
2018-02-28 04:32:00+00:00,159.0929718017578,-0.24450744688510895,2,5.077070713043213,0.005382537841796875
2018-02-28 04:33:00+00:00,158.9882354736328,-0.36605244874954224,2,5.077070713043213,0.005382537841796875
2018-02-28 04:34:00+00:00,159.0929718017578,-0.24450744688510895,2,5.077070713043213,0.005382537841796875
2018-02-28 04:35:00+00:00,159.2254638671875,-0.09080439060926437,2,5.077070713043213,0.005382537841796875
2018-02-28 04:36:00+00:00,158.89776611328125,-0.4712083637714386,2,5.077070713043213,0.005382537841796875
2018-02-28 04:37:00+00:00,159.6527557373047,0.40396881103515625,2,5.077070713043213,0.005382537841796875
2018-02-28 04:38:00+00:00,159.05325317382812,-0.2905740737915039,2,5.077070713043213,0.005382537841796875
2018-02-28 04:39:00+00:00,159.15847778320312,-0.16849751770496368,2,5.077070713043213,0.005382537841796875
2018-02-28 04:40:00+00:00,159.12832641601562,-0.20349043607711792,2,5.077070713043213,0.005382537841796875
2018-02-28 04:41:00+00:00,159.14100646972656,-0.18878455460071564,2,5.077070713043213,0.005382537841796875
2018-02-28 04:42:00+00:00,158.7929229736328,-0.5930191278457642,2,5.077070713043213,0.005382537841796875
2018-02-28 04:43:00+00:00,158.90753173828125,-0.4597803056240082,2,5.077070713043213,0.005382537841796875
2018-02-28 04:44:00+00:00,158.90118408203125,-0.46722182631492615,2,5.077070713043213,0.005382537841796875
2018-02-28 04:45:00+00:00,159.0400390625,-0.30590006709098816,2,5.077070713043213,0.005382537841796875
2018-02-28 04:46:00+00:00,158.88954162597656,-0.4806874692440033,2,5.077070713043213,0.005382537841796875
2018-02-28 04:47:00+00:00,159.01873779296875,-0.3306165933609009,2,5.077070713043213,0.005382537841796875
2018-02-28 04:48:00+00:00,159.0341339111328,-0.3128100633621216,2,5.077070713043213,0.005382537841796875
2018-02-28 04:49:00+00:00,159.06996154785156,-0.2711729407310486,2,5.077070713043213,0.005382537841796875
2018-02-28 04:50:00+00:00,159.0679168701172,-0.2735648453235626,2,5.077070713043213,0.005382537841796875
2018-02-28 04:51:00+00:00,159.1581268310547,-0.168940469622612,2,5.077070713043213,0.005382537841796875
2018-02-28 04:52:00+00:00,159.07518005371094,-0.2651488184928894,2,5.077070713043213,0.005382537841796875
2018-02-28 04:53:00+00:00,159.19781494140625,-0.12287385016679764,2,5.077070713043213,0.005382537841796875
2018-02-28 04:54:00+00:00,159.03363037109375,-0.31334158778190613,2,5.077070713043213,0.005382537841796875
2018-02-28 04:55:00+00:00,159.0736083984375,-0.2670091986656189,2,5.077070713043213,0.005382537841796875
2018-02-28 04:56:00+00:00,159.01185607910156,-0.338678240776062,2,5.077070713043213,0.005382537841796875
2018-02-28 04:57:00+00:00,158.89483642578125,-0.4745747745037079,2,5.077070713043213,0.005382537841796875
2018-02-28 04:58:00+00:00,158.951171875,-0.4091070294380188,2,5.077070713043213,0.005382537841796875
2018-02-28 04:59:00+00:00,159.06272888183594,-0.2795889377593994,2,5.077070713043213,0.005382537841796875
2018-02-28 05:00:00+00:00,159.1831512451172,-0.13988305628299713,2,5.077070713043213,0.005382537841796875
2018-02-28 05:01:00+00:00,159.56088256835938,0.2977498173713684,2,5.077070713043213,0.005382537841796875
2018-02-28 05:02:00+00:00,159.16787719726562,-0.157600998878479,2,5.077070713043213,0.005382537841796875
2018-02-28 05:03:00+00:00,159.05892944335938,-0.2840184271335602,2,5.077070713043213,0.005382537841796875
2018-02-28 05:04:00+00:00,159.35855102539062,0.06343019008636475,2,5.077070713043213,0.005382537841796875
2018-02-28 05:05:00+00:00,158.84483337402344,-0.5326895713806152,2,5.077070713043213,0.005382537841796875
2018-02-28 05:06:00+00:00,158.98672485351562,-0.3678242266178131,2,5.077070713043213,0.005382537841796875
2018-02-28 05:07:00+00:00,159.18252563476562,-0.1405917853116989,2,5.077070713043213,0.005382537841796875
2018-02-28 05:08:00+00:00,159.04132080078125,-0.304482638835907,2,5.077070713043213,0.005382537841796875
2018-02-28 05:09:00+00:00,159.04478454589844,-0.3004074990749359,2,5.077070713043213,0.005382537841796875
2018-02-28 05:10:00+00:00,159.28494262695312,-0.021881643682718277,2,5.077070713043213,0.005382537841796875
2018-02-28 05:11:00+00:00,159.1572723388672,-0.16991496086120605,2,5.077070713043213,0.005382537841796875
2018-02-28 05:12:00+00:00,159.11538696289062,-0.21846207976341248,2,5.077070713043213,0.005382537841796875
2018-02-28 05:13:00+00:00,159.4041748046875,0.11631821095943451,2,5.077070713043213,0.005382537841796875
2018-02-28 05:14:00+00:00,159.08544921875,-0.25318923592567444,2,5.077070713043213,0.005382537841796875
2018-02-28 05:15:00+00:00,159.1745147705078,-0.14989368617534637,2,5.077070713043213,0.005382537841796875
2018-02-28 05:16:00+00:00,158.97854614257812,-0.3773033320903778,2,5.077070713043213,0.005382537841796875
2018-02-28 05:17:00+00:00,159.1246795654297,-0.20774273574352264,2,5.077070713043213,0.005382537841796875
2018-02-28 05:18:00+00:00,158.98828125,-0.36605244874954224,2,5.077070713043213,0.005382537841796875
2018-02-28 05:19:00+00:00,159.04318237304688,-0.3022679090499878,2,5.077070713043213,0.005382537841796875
2018-02-28 05:20:00+00:00,159.46868896484375,0.19099928438663483,2,5.077070713043213,0.005382537841796875
2018-02-28 05:21:00+00:00,158.85084533691406,-0.5256909728050232,2,5.077070713043213,0.005382537841796875
2018-02-28 05:22:00+00:00,159.47549438476562,0.1988837718963623,2,5.077070713043213,0.005382537841796875
2018-02-28 05:23:00+00:00,159.16403198242188,-0.16203047335147858,2,5.077070713043213,0.005382537841796875
2018-02-28 05:24:00+00:00,159.35433959960938,0.05855775997042656,2,5.077070713043213,0.005382537841796875
2018-02-28 05:25:00+00:00,159.9073028564453,0.6981750726699829,2,5.077070713043213,0.005382537841796875
2018-02-28 05:26:00+00:00,159.9694061279297,0.7698440551757812,2,5.077070713043213,0.005382537841796875
2018-02-28 05:27:00+00:00,160.1691436767578,1.0001771450042725,2,5.077070713043213,0.005382537841796875
2018-02-28 05:28:00+00:00,159.9021453857422,0.6921509504318237,2,5.077070713043213,0.005382537841796875
2018-02-28 05:29:00+00:00,161.8953857421875,2.9795358180999756,2,5.077070713043213,0.005382537841796875
2018-02-28 05:30:00+00:00,230.50852966308594,68.28490447998047,2,5.077070713043213,0.005382537841796875
2018-02-28 05:31:00+00:00,167.22409057617188,8.9597806930542,2,5.077070713043213,0.005382537841796875
2018-02-28 05:32:00+00:00,160.41754150390625,1.286321759223938,2,5.077070713043213,0.005382537841796875
2018-02-28 05:33:00+00:00,167.91787719726562,9.724397659301758,2,5.077070713043213,0.005382537841796875
2018-02-28 05:34:00+00:00,102.99750518798828,1.1927930116653442,3,4.633144378662109,0.00940847396850586
2018-02-28 05:35:00+00:00,109.73506164550781,7.864831924438477,3,4.633144378662109,0.00940847396850586
2018-02-28 05:36:00+00:00,164.1781463623047,50.36738967895508,3,4.633144378662109,0.00940847396850586
2018-02-28 05:37:00+00:00,185.7286376953125,63.40155029296875,3,4.633144378662109,0.00940847396850586
2018-02-28 05:38:00+00:00,103.36699676513672,1.5697633028030396,3,4.633144378662109,0.00940847396850586
2018-02-28 05:39:00+00:00,110.83711242675781,8.917388916015625,3,4.633144378662109,0.00940847396850586
2018-02-28 05:40:00+00:00,103.18220520019531,1.3814302682876587,3,4.633144378662109,0.00940847396850586
2018-02-28 05:41:00+00:00,110.86048889160156,8.939587593078613,3,4.633144378662109,0.00940847396850586
2018-02-28 05:42:00+00:00,105.4422378540039,3.6624600887298584,3,4.633144378662109,0.00940847396850586
2018-02-28 05:43:00+00:00,148.78909301757812,39.97288513183594,3,4.633144378662109,0.00940847396850586
2018-02-28 05:44:00+00:00,103.64156341552734,1.8490192890167236,3,4.633144378662109,0.00940847396850586
2018-02-28 05:45:00+00:00,105.28224182128906,3.5025594234466553,3,4.633144378662109,0.00940847396850586
2018-02-28 05:46:00+00:00,107.81212615966797,6.002939701080322,3,4.633144378662109,0.00940847396850586
2018-02-28 05:47:00+00:00,109.55419158935547,7.691095352172852,3,4.633144378662109,0.00940847396850586
2018-02-28 05:48:00+00:00,111.2637939453125,9.32213306427002,3,4.633144378662109,0.00940847396850586
2018-02-28 05:49:00+00:00,120.38988494873047,17.629112243652344,3,4.633144378662109,0.00940847396850586
2018-02-28 05:50:00+00:00,213.7921600341797,78.28330993652344,3,4.633144378662109,0.00940847396850586
2018-02-28 08:21:00+00:00,125.34361267089844,21.88039207458496,3,4.633144378662109,0.00940847396850586
2018-02-28 08:22:00+00:00,104.18428039550781,2.39886474609375,3,4.633144378662109,0.00940847396850586
2018-02-28 08:23:00+00:00,101.92083740234375,0.08671633154153824,3,4.633144378662109,0.00940847396850586
2018-02-28 08:24:00+00:00,101.9260025024414,0.09203790873289108,3,4.633144378662109,0.00940847396850586
2018-02-28 08:25:00+00:00,102.2503890991211,0.4264862537384033,3,4.633144378662109,0.00940847396850586
2018-02-28 08:26:00+00:00,101.83502960205078,-0.0019259033724665642,3,4.633144378662109,0.00940847396850586
2018-02-28 08:27:00+00:00,101.43820190429688,-0.4129035472869873,3,4.633144378662109,0.00940847396850586
2018-02-28 08:28:00+00:00,102.13187408447266,0.30439409613609314,3,4.633144378662109,0.00940847396850586
2018-02-28 08:29:00+00:00,101.9893798828125,0.15746794641017914,3,4.633144378662109,0.00940847396850586
2018-02-28 08:30:00+00:00,101.88097381591797,0.04551213979721069,3,4.633144378662109,0.00940847396850586
2018-02-28 08:31:00+00:00,113.46473693847656,11.385738372802734,3,4.633144378662109,0.00940847396850586
2018-02-28 08:32:00+00:00,114.82379150390625,12.64026165008545,3,4.633144378662109,0.00940847396850586
2018-02-28 08:33:00+00:00,108.32626342773438,6.503978729248047,3,4.633144378662109,0.00940847396850586
2018-02-28 08:34:00+00:00,101.73399353027344,-0.1064315065741539,3,4.633144378662109,0.00940847396850586
2018-02-28 08:35:00+00:00,101.39276123046875,-0.460037499666214,3,4.633144378662109,0.00940847396850586
2018-02-28 08:36:00+00:00,101.72099304199219,-0.1198621466755867,3,4.633144378662109,0.00940847396850586
2018-02-28 08:37:00+00:00,101.69388580322266,-0.1479397863149643,3,4.633144378662109,0.00940847396850586
2018-02-28 08:38:00+00:00,101.61339569091797,-0.23126044869422913,3,4.633144378662109,0.00940847396850586
2018-02-28 08:39:00+00:00,102.12332153320312,0.295626163482666,3,4.633144378662109,0.00940847396850586
2018-02-28 08:40:00+00:00,102.70486450195312,0.8933150768280029,3,4.633144378662109,0.00940847396850586
2018-02-28 08:41:00+00:00,101.83646392822266,-0.0004561350215226412,3,4.633144378662109,0.00940847396850586
2018-02-28 08:42:00+00:00,101.81130981445312,-0.0264558307826519,3,4.633144378662109,0.00940847396850586
2018-02-28 08:43:00+00:00,102.25457763671875,0.4307941794395447,3,4.633144378662109,0.00940847396850586
2018-02-28 08:44:00+00:00,101.89301300048828,0.057979829609394073,3,4.633144378662109,0.00940847396850586
2018-02-28 08:45:00+00:00,101.98211669921875,0.14996705949306488,3,4.633144378662109,0.00940847396850586
2018-02-28 08:46:00+00:00,101.65220642089844,-0.19106988608837128,3,4.633144378662109,0.00940847396850586
2018-02-28 08:47:00+00:00,101.6979751586914,-0.14368252456188202,3,4.633144378662109,0.00940847396850586
2018-02-28 08:48:00+00:00,101.8973388671875,0.06243981420993805,3,4.633144378662109,0.00940847396850586
2018-02-28 08:49:00+00:00,102.1114273071289,0.28336119651794434,3,4.633144378662109,0.00940847396850586
2018-02-28 08:50:00+00:00,101.9111099243164,0.07668136805295944,3,4.633144378662109,0.00940847396850586
2018-02-28 08:51:00+00:00,104.7253646850586,2.944199562072754,3,4.633144378662109,0.00940847396850586
2018-02-28 08:52:00+00:00,102.03271484375,0.20216917991638184,3,4.633144378662109,0.00940847396850586
2018-02-28 08:53:00+00:00,101.8326644897461,-0.004409305285662413,3,4.633144378662109,0.00940847396850586
2018-02-28 08:54:00+00:00,101.77068328857422,-0.06847093254327774,3,4.633144378662109,0.00940847396850586
2018-02-28 08:55:00+00:00,102.01915740966797,0.18818102777004242,3,4.633144378662109,0.00940847396850586
2018-02-28 08:56:00+00:00,102.33399200439453,0.5124930143356323,3,4.633144378662109,0.00940847396850586
2018-02-28 08:57:00+00:00,101.57337951660156,-0.27271807193756104,3,4.633144378662109,0.00940847396850586
2018-02-28 08:58:00+00:00,101.8486328125,0.012112918309867382,3,4.633144378662109,0.00940847396850586
2018-02-28 08:59:00+00:00,101.59986114501953,-0.24529927968978882,3,4.633144378662109,0.00940847396850586
2018-02-28 09:00:00+00:00,101.77561950683594,-0.0633520856499672,3,4.633144378662109,0.00940847396850586
2018-02-28 09:01:00+00:00,101.70742797851562,-0.1339009702205658,3,4.633144378662109,0.00940847396850586
2018-02-28 09:02:00+00:00,101.68169403076172,-0.1605595201253891,3,4.633144378662109,0.00940847396850586
2018-02-28 09:03:00+00:00,101.75613403320312,-0.08352339267730713,3,4.633144378662109,0.00940847396850586
2018-02-28 09:04:00+00:00,101.83812713623047,0.0012670416617766023,3,4.633144378662109,0.00940847396850586
2018-02-28 09:05:00+00:00,102.08100128173828,0.2519892454147339,3,4.633144378662109,0.00940847396850586
2018-02-28 09:06:00+00:00,101.9644546508789,0.13172166049480438,3,4.633144378662109,0.00940847396850586
2018-02-28 09:07:00+00:00,102.12995910644531,0.3024682104587555,3,4.633144378662109,0.00940847396850586
2018-02-28 09:08:00+00:00,101.86569213867188,0.029750138521194458,3,4.633144378662109,0.00940847396850586
2018-02-28 09:09:00+00:00,101.37100219726562,-0.4826415181159973,3,4.633144378662109,0.00940847396850586
2018-02-28 09:10:00+00:00,101.94082641601562,0.10734377056360245,3,4.633144378662109,0.00940847396850586
2018-02-28 09:11:00+00:00,101.66069030761719,-0.18230196833610535,3,4.633144378662109,0.00940847396850586
2018-02-28 09:12:00+00:00,101.81460571289062,-0.023060159757733345,3,4.633144378662109,0.00940847396850586
2018-02-28 09:13:00+00:00,102.11812591552734,0.2902539074420929,3,4.633144378662109,0.00940847396850586
2018-02-28 09:14:00+00:00,102.35436248779297,0.5334752202033997,3,4.633144378662109,0.00940847396850586
2018-02-28 09:15:00+00:00,102.11257934570312,0.28452688455581665,3,4.633144378662109,0.00940847396850586
2018-02-28 09:16:00+00:00,101.95710754394531,0.12417008727788925,3,4.633144378662109,0.00940847396850586
2018-02-28 09:17:00+00:00,102.0667724609375,0.23729157447814941,3,4.633144378662109,0.00940847396850586
2018-02-28 09:18:00+00:00,101.8272705078125,-0.009984288364648819,3,4.633144378662109,0.00940847396850586
2018-02-28 09:19:00+00:00,101.94186401367188,0.10840808600187302,3,4.633144378662109,0.00940847396850586
2018-02-28 09:20:00+00:00,102.42988586425781,0.6111195683479309,3,4.633144378662109,0.00940847396850586
2018-02-28 09:21:00+00:00,102.04730987548828,0.21722163259983063,3,4.633144378662109,0.00940847396850586
2018-02-28 09:22:00+00:00,101.6075668334961,-0.23729157447814941,3,4.633144378662109,0.00940847396850586
2018-02-28 09:23:00+00:00,102.01676177978516,0.18569763004779816,3,4.633144378662109,0.00940847396850586
2018-02-28 09:24:00+00:00,101.49779510498047,-0.35107192397117615,3,4.633144378662109,0.00940847396850586
2018-02-28 09:25:00+00:00,101.75373840332031,-0.08600679039955139,3,4.633144378662109,0.00940847396850586
2018-02-28 09:26:00+00:00,101.80604553222656,-0.03192945197224617,3,4.633144378662109,0.00940847396850586
2018-02-28 09:27:00+00:00,101.96971130371094,0.13714459538459778,3,4.633144378662109,0.00940847396850586
2018-02-28 09:28:00+00:00,102.00086975097656,0.16932745277881622,3,4.633144378662109,0.00940847396850586
2018-02-28 09:29:00+00:00,102.03775787353516,0.20738938450813293,3,4.633144378662109,0.00940847396850586
2018-02-28 09:30:00+00:00,102.68706512451172,0.8750696778297424,3,4.633144378662109,0.00940847396850586
2018-02-28 09:31:00+00:00,101.84066772460938,0.003902488388121128,3,4.633144378662109,0.00940847396850586
2018-02-28 09:32:00+00:00,101.84188079833984,0.005118848290294409,3,4.633144378662109,0.00940847396850586
2018-02-28 09:33:00+00:00,102.18292236328125,0.3570016622543335,3,4.633144378662109,0.00940847396850586
2018-02-28 09:34:00+00:00,101.66199493408203,-0.18093355000019073,3,4.633144378662109,0.00940847396850586
2018-02-28 09:35:00+00:00,102.10572052001953,0.27748212218284607,3,4.633144378662109,0.00940847396850586
2018-02-28 09:36:00+00:00,101.77249908447266,-0.06659571081399918,3,4.633144378662109,0.00940847396850586
2018-02-28 09:37:00+00:00,102.23967742919922,0.41543763875961304,3,4.633144378662109,0.00940847396850586
2018-02-28 09:38:00+00:00,102.04973602294922,0.21975570917129517,3,4.633144378662109,0.00940847396850586
2018-02-28 09:39:00+00:00,101.68891143798828,-0.15305863320827484,3,4.633144378662109,0.00940847396850586
2018-02-28 09:40:00+00:00,101.5124282836914,-0.3359180986881256,3,4.633144378662109,0.00940847396850586
2018-02-28 09:41:00+00:00,101.9289779663086,0.09512948989868164,3,4.633144378662109,0.00940847396850586
2018-02-28 09:42:00+00:00,101.87594604492188,0.040342606604099274,3,4.633144378662109,0.00940847396850586
2018-02-28 09:43:00+00:00,101.81183624267578,-0.02589833177626133,3,4.633144378662109,0.00940847396850586
2018-02-28 09:44:00+00:00,101.80540466308594,-0.03258831426501274,3,4.633144378662109,0.00940847396850586
2018-02-28 09:45:00+00:00,101.71583557128906,-0.12523441016674042,3,4.633144378662109,0.00940847396850586
2018-02-28 09:46:00+00:00,101.44373321533203,-0.40717652440071106,3,4.633144378662109,0.00940847396850586
2018-02-28 09:47:00+00:00,101.74012756347656,-0.10009629279375076,3,4.633144378662109,0.00940847396850586
2018-02-28 09:48:00+00:00,102.27259063720703,0.4493436813354492,3,4.633144378662109,0.00940847396850586
2018-02-28 09:49:00+00:00,101.5497055053711,-0.297247976064682,3,4.633144378662109,0.00940847396850586
2018-02-28 09:50:00+00:00,101.9422836303711,0.10886422544717789,3,4.633144378662109,0.00940847396850586
2018-02-28 09:51:00+00:00,101.92073059082031,0.08661497384309769,3,4.633144378662109,0.00940847396850586
2018-02-28 09:52:00+00:00,101.69754791259766,-0.1441386640071869,3,4.633144378662109,0.00940847396850586
2018-02-28 09:53:00+00:00,101.8502426147461,0.013785413466393948,3,4.633144378662109,0.00940847396850586
2018-02-28 09:54:00+00:00,101.75708770751953,-0.08256043493747711,3,4.633144378662109,0.00940847396850586
2018-02-28 09:55:00+00:00,101.9410629272461,0.10759717971086502,3,4.633144378662109,0.00940847396850586
2018-02-28 09:56:00+00:00,101.89944458007812,0.06461912393569946,3,4.633144378662109,0.00940847396850586
2018-02-28 09:57:00+00:00,101.60475158691406,-0.24023111164569855,3,4.633144378662109,0.00940847396850586
2018-02-28 09:58:00+00:00,101.763671875,-0.07571841031312943,3,4.633144378662109,0.00940847396850586
2018-02-28 09:59:00+00:00,101.94336700439453,0.10997921973466873,3,4.633144378662109,0.00940847396850586
2018-02-28 10:00:00+00:00,101.89752960205078,0.06264254450798035,3,4.633144378662109,0.00940847396850586
2018-02-28 10:01:00+00:00,101.62934112548828,-0.21473823487758636,3,4.633144378662109,0.00940847396850586
2018-02-28 10:02:00+00:00,101.52506256103516,-0.32279154658317566,3,4.633144378662109,0.00940847396850586
2018-02-28 10:03:00+00:00,101.57881927490234,-0.26709240674972534,3,4.633144378662109,0.00940847396850586
2018-02-28 10:04:00+00:00,102.14713287353516,0.3201560974121094,3,4.633144378662109,0.00940847396850586
2018-02-28 10:05:00+00:00,101.50225830078125,-0.34645989537239075,3,4.633144378662109,0.00940847396850586
2018-02-28 10:06:00+00:00,102.1804428100586,0.35446760058403015,3,4.633144378662109,0.00940847396850586
2018-02-28 10:07:00+00:00,101.4476547241211,-0.4030713140964508,3,4.633144378662109,0.00940847396850586
2018-02-28 10:08:00+00:00,101.4946060180664,-0.3543662130832672,3,4.633144378662109,0.00940847396850586
2018-02-28 10:09:00+00:00,101.2323226928711,-0.6267294883728027,3,4.633144378662109,0.00940847396850586
2018-02-28 10:10:00+00:00,101.89872741699219,0.06385890394449234,3,4.633144378662109,0.00940847396850586
2018-02-28 10:11:00+00:00,101.6379165649414,-0.2058689445257187,3,4.633144378662109,0.00940847396850586
2018-02-28 10:12:00+00:00,102.01318359375,0.18204855918884277,3,4.633144378662109,0.00940847396850586
2018-02-28 10:13:00+00:00,101.6451187133789,-0.1984187364578247,3,4.633144378662109,0.00940847396850586
2018-02-28 10:14:00+00:00,101.32022857666016,-0.5353504419326782,3,4.633144378662109,0.00940847396850586
2018-02-28 10:15:00+00:00,102.07376861572266,0.2445390522480011,3,4.633144378662109,0.00940847396850586
2018-02-28 10:16:00+00:00,105.54418182373047,3.7641782760620117,3,4.633144378662109,0.00940847396850586
2018-02-28 10:17:00+00:00,101.75718688964844,-0.08245907723903656,3,4.633144378662109,0.00940847396850586
2018-02-28 10:18:00+00:00,101.77184295654297,-0.06725457310676575,3,4.633144378662109,0.00940847396850586
2018-02-28 10:19:00+00:00,101.50415802001953,-0.34448328614234924,3,4.633144378662109,0.00940847396850586
2018-02-28 10:20:00+00:00,101.89177703857422,0.056712787598371506,3,4.633144378662109,0.00940847396850586
2018-02-28 10:21:00+00:00,101.46792602539062,-0.382038414478302,3,4.633144378662109,0.00940847396850586
2018-02-28 10:22:00+00:00,101.70806121826172,-0.13324210047721863,3,4.633144378662109,0.00940847396850586
2018-02-28 10:23:00+00:00,101.53910064697266,-0.3082458972930908,3,4.633144378662109,0.00940847396850586
2018-02-28 10:24:00+00:00,101.98237609863281,0.15022046864032745,3,4.633144378662109,0.00940847396850586
2018-02-28 10:25:00+00:00,101.81259155273438,-0.02513810805976391,3,4.633144378662109,0.00940847396850586
2018-02-28 10:26:00+00:00,101.99757385253906,0.16593177616596222,3,4.633144378662109,0.00940847396850586
2018-02-28 10:27:00+00:00,101.51252746582031,-0.33581674098968506,3,4.633144378662109,0.00940847396850586
2018-02-28 10:28:00+00:00,101.94776916503906,0.11448989063501358,3,4.633144378662109,0.00940847396850586
2018-02-28 10:29:00+00:00,101.85623931884766,0.019968576729297638,3,4.633144378662109,0.00940847396850586
2018-02-28 10:30:00+00:00,102.18909454345703,0.3633875548839569,3,4.633144378662109,0.00940847396850586
2018-02-28 10:31:00+00:00,101.9222183227539,0.08813542127609253,3,4.633144378662109,0.00940847396850586
2018-02-28 10:32:00+00:00,102.6578369140625,0.8451167941093445,3,4.633144378662109,0.00940847396850586
2018-02-28 10:33:00+00:00,103.45578002929688,1.6601287126541138,3,4.633144378662109,0.00940847396850586
2018-02-28 10:34:00+00:00,101.37899780273438,-0.47432973980903625,3,4.633144378662109,0.00940847396850586
2018-02-28 10:35:00+00:00,101.78820037841797,-0.05037757754325867,3,4.633144378662109,0.00940847396850586
2018-02-28 10:36:00+00:00,101.98059844970703,0.14839592576026917,3,4.633144378662109,0.00940847396850586
2018-02-28 10:37:00+00:00,101.81198120117188,-0.02579696848988533,3,4.633144378662109,0.00940847396850586
2018-02-28 10:38:00+00:00,107.69017791748047,5.8837361335754395,3,4.633144378662109,0.00940847396850586
2018-02-28 10:39:00+00:00,101.77285766601562,-0.06624094396829605,3,4.633144378662109,0.00940847396850586
2018-02-28 10:40:00+00:00,104.32858276367188,2.544574499130249,3,4.633144378662109,0.00940847396850586
2018-02-28 10:41:00+00:00,101.40790557861328,-0.4443261921405792,3,4.633144378662109,0.00940847396850586
2018-02-28 10:42:00+00:00,112.12812805175781,10.137296676635742,3,4.633144378662109,0.00940847396850586
2018-02-28 10:43:00+00:00,103.0168685913086,1.2126096487045288,3,4.633144378662109,0.00940847396850586
2018-02-28 10:44:00+00:00,102.21937561035156,0.39455679059028625,3,4.633144378662109,0.00940847396850586
2018-02-28 10:45:00+00:00,101.49076843261719,-0.3583700656890869,3,4.633144378662109,0.00940847396850586
2018-02-28 10:46:00+00:00,101.67789459228516,-0.16446201503276825,3,4.633144378662109,0.00940847396850586
2018-02-28 10:47:00+00:00,102.2276840209961,0.4031219780445099,3,4.633144378662109,0.00940847396850586
2018-02-28 10:48:00+00:00,101.63169860839844,-0.21230551600456238,3,4.633144378662109,0.00940847396850586
2018-02-28 10:49:00+00:00,101.73280334472656,-0.1076478660106659,3,4.633144378662109,0.00940847396850586
2018-02-28 10:50:00+00:00,190.38934326171875,66.02189636230469,3,4.633144378662109,0.00940847396850586
2018-02-28 10:51:00+00:00,101.7125244140625,-0.12863007187843323,3,4.633144378662109,0.00940847396850586
2018-02-28 10:52:00+00:00,102.93742370605469,1.1313668489456177,3,4.633144378662109,0.00940847396850586
2018-02-28 10:53:00+00:00,101.91290283203125,0.07850590348243713,3,4.633144378662109,0.00940847396850586
2018-02-28 10:54:00+00:00,101.74165344238281,-0.09852516651153564,3,4.633144378662109,0.00940847396850586
2018-02-28 10:55:00+00:00,101.8438491821289,0.00714611541479826,3,4.633144378662109,0.00940847396850586
2018-02-28 10:56:00+00:00,101.66677856445312,-0.1759667545557022,3,4.633144378662109,0.00940847396850586
2018-02-28 10:57:00+00:00,102.00818634033203,0.17687901854515076,3,4.633144378662109,0.00940847396850586
2018-02-28 10:58:00+00:00,101.51337432861328,-0.3349044620990753,3,4.633144378662109,0.00940847396850586
2018-02-28 10:59:00+00:00,101.48194885253906,-0.36749276518821716,3,4.633144378662109,0.00940847396850586
2018-02-28 11:00:00+00:00,108.81918334960938,6.982109546661377,3,4.633144378662109,0.00940847396850586
2018-02-28 11:01:00+00:00,101.7160415649414,-0.12498099356889725,3,4.633144378662109,0.00940847396850586
2018-02-28 11:02:00+00:00,101.58560180664062,-0.26004764437675476,3,4.633144378662109,0.00940847396850586
2018-02-28 11:03:00+00:00,108.48040771484375,6.653692245483398,3,4.633144378662109,0.00940847396850586
2018-02-28 11:04:00+00:00,101.75505065917969,-0.08463838696479797,3,4.633144378662109,0.00940847396850586
2018-02-28 11:05:00+00:00,115.95308685302734,13.67158317565918,3,4.633144378662109,0.00940847396850586
2018-02-28 11:06:00+00:00,101.7131576538086,-0.12797121703624725,3,4.633144378662109,0.00940847396850586
2018-02-28 11:07:00+00:00,101.4290542602539,-0.4223810136318207,3,4.633144378662109,0.00940847396850586
2018-02-28 11:08:00+00:00,101.71821594238281,-0.12275099754333496,3,4.633144378662109,0.00940847396850586
2018-02-28 11:09:00+00:00,101.73480224609375,-0.10556991398334503,3,4.633144378662109,0.00940847396850586
2018-02-28 11:10:00+00:00,102.6141357421875,0.800263524055481,3,4.633144378662109,0.00940847396850586
2018-02-28 11:11:00+00:00,101.73339080810547,-0.1070396825671196,3,4.633144378662109,0.00940847396850586
2018-02-28 11:12:00+00:00,114.94527435302734,12.751710891723633,3,4.633144378662109,0.00940847396850586
2018-02-28 11:13:00+00:00,101.66533660888672,-0.17748720943927765,3,4.633144378662109,0.00940847396850586
2018-02-28 11:14:00+00:00,101.67700958251953,-0.1653742790222168,3,4.633144378662109,0.00940847396850586
2018-02-28 11:15:00+00:00,102.6217269897461,0.8080685138702393,3,4.633144378662109,0.00940847396850586
2018-02-28 11:16:00+00:00,102.08084869384766,0.25183722376823425,3,4.633144378662109,0.00940847396850586
2018-02-28 11:17:00+00:00,101.49291229248047,-0.3561400771141052,3,4.633144378662109,0.00940847396850586
2018-02-28 11:18:00+00:00,101.73631286621094,-0.10404946655035019,3,4.633144378662109,0.00940847396850586
2018-02-28 11:19:00+00:00,101.34507751464844,-0.5095534920692444,3,4.633144378662109,0.00940847396850586
2018-02-28 11:20:00+00:00,101.56305694580078,-0.2834118902683258,3,4.633144378662109,0.00940847396850586
2018-02-28 11:21:00+00:00,101.89016723632812,0.05504029244184494,3,4.633144378662109,0.00940847396850586
2018-02-28 11:22:00+00:00,101.54244995117188,-0.30479955673217773,3,4.633144378662109,0.00940847396850586
2018-02-28 11:23:00+00:00,106.49232482910156,4.705894470214844,3,4.633144378662109,0.00940847396850586
2018-02-28 11:24:00+00:00,102.0748291015625,0.24560336768627167,3,4.633144378662109,0.00940847396850586
2018-02-28 11:25:00+00:00,102.34870147705078,0.5276468396186829,3,4.633144378662109,0.00940847396850586
2018-02-28 11:26:00+00:00,101.88227844238281,0.04688054323196411,3,4.633144378662109,0.00940847396850586
2018-02-28 11:27:00+00:00,107.85293579101562,6.0427751541137695,3,4.633144378662109,0.00940847396850586
2018-02-28 11:28:00+00:00,101.69239807128906,-0.14946024119853973,3,4.633144378662109,0.00940847396850586
2018-02-28 11:29:00+00:00,114.89551544189453,12.706046104431152,3,4.633144378662109,0.00940847396850586
2018-02-28 11:30:00+00:00,101.8880615234375,0.05286097899079323,3,4.633144378662109,0.00940847396850586
2018-02-28 11:31:00+00:00,101.74919891357422,-0.09072018414735794,3,4.633144378662109,0.00940847396850586
2018-02-28 11:32:00+00:00,101.63968658447266,-0.2040444016456604,3,4.633144378662109,0.00940847396850586
2018-02-28 11:33:00+00:00,101.77205657958984,-0.06705185025930405,3,4.633144378662109,0.00940847396850586
2018-02-28 11:34:00+00:00,102.07543182373047,0.24621154367923737,3,4.633144378662109,0.00940847396850586
2018-02-28 11:35:00+00:00,101.7313461303711,-0.10916831344366074,3,4.633144378662109,0.00940847396850586
2018-02-28 11:36:00+00:00,102.12094116210938,0.29314276576042175,3,4.633144378662109,0.00940847396850586
2018-02-28 11:37:00+00:00,101.72746276855469,-0.11317216604948044,3,4.633144378662109,0.00940847396850586
2018-02-28 11:38:00+00:00,101.73503875732422,-0.10536719113588333,3,4.633144378662109,0.00940847396850586
2018-02-28 11:39:00+00:00,101.82286071777344,-0.014545639045536518,3,4.633144378662109,0.00940847396850586
2018-02-28 11:40:00+00:00,101.5537109375,-0.29309210181236267,3,4.633144378662109,0.00940847396850586
2018-02-28 11:41:00+00:00,101.41625213623047,-0.43565961718559265,3,4.633144378662109,0.00940847396850586
2018-02-28 11:42:00+00:00,101.63274383544922,-0.2112412005662918,3,4.633144378662109,0.00940847396850586
2018-02-28 11:43:00+00:00,102.56157684326172,0.7463382482528687,3,4.633144378662109,0.00940847396850586
2018-02-28 11:44:00+00:00,101.68234252929688,-0.15990066528320312,3,4.633144378662109,0.00940847396850586
2018-02-28 11:45:00+00:00,101.5733871459961,-0.27271807193756104,3,4.633144378662109,0.00940847396850586
2018-02-28 11:46:00+00:00,101.81991577148438,-0.017586538568139076,3,4.633144378662109,0.00940847396850586
2018-02-28 11:47:00+00:00,101.90152740478516,0.0667477548122406,3,4.633144378662109,0.00940847396850586
2018-02-28 11:48:00+00:00,102.11820983886719,0.29035526514053345,3,4.633144378662109,0.00940847396850586
2018-02-28 11:49:00+00:00,101.62920379638672,-0.2148902714252472,3,4.633144378662109,0.00940847396850586
2018-02-28 11:50:00+00:00,101.7142105102539,-0.12690690159797668,3,4.633144378662109,0.00940847396850586
2018-02-28 11:51:00+00:00,105.61322784423828,3.833054542541504,3,4.633144378662109,0.00940847396850586
2018-02-28 11:52:00+00:00,102.52330780029297,0.7070599794387817,3,4.633144378662109,0.00940847396850586
2018-02-28 11:53:00+00:00,101.51994323730469,-0.3281131088733673,3,4.633144378662109,0.00940847396850586
2018-02-28 11:54:00+00:00,101.4167709350586,-0.4351527988910675,3,4.633144378662109,0.00940847396850586
2018-02-28 11:55:00+00:00,104.56961059570312,2.787491798400879,3,4.633144378662109,0.00940847396850586
2018-02-28 11:56:00+00:00,101.92173767089844,0.08762860298156738,3,4.633144378662109,0.00940847396850586
2018-02-28 11:57:00+00:00,101.84458923339844,0.007957021705806255,3,4.633144378662109,0.00940847396850586
2018-02-28 11:58:00+00:00,101.76605224609375,-0.07328569144010544,3,4.633144378662109,0.00940847396850586
2018-02-28 11:59:00+00:00,115.10992431640625,12.902539253234863,3,4.633144378662109,0.00940847396850586
2018-02-28 12:00:00+00:00,102.06735229492188,0.2378997504711151,3,4.633144378662109,0.00940847396850586
2018-02-28 12:01:00+00:00,101.82678985595703,-0.010440424084663391,3,4.633144378662109,0.00940847396850586
2018-02-28 12:02:00+00:00,101.89081573486328,0.05569915473461151,3,4.633144378662109,0.00940847396850586
2018-02-28 12:03:00+00:00,102.17172241210938,0.34549692273139954,3,4.633144378662109,0.00940847396850586
2018-02-28 12:04:00+00:00,101.73267364501953,-0.10779991000890732,3,4.633144378662109,0.00940847396850586
2018-02-28 12:05:00+00:00,102.20526123046875,0.3800111413002014,3,4.633144378662109,0.00940847396850586
2018-02-28 12:06:00+00:00,101.8464584350586,0.00988292507827282,3,4.633144378662109,0.00940847396850586
2018-02-28 12:07:00+00:00,102.08890533447266,0.2601490020751953,3,4.633144378662109,0.00940847396850586
2018-02-28 12:08:00+00:00,102.21316528320312,0.38817089796066284,3,4.633144378662109,0.00940847396850586
2018-02-28 12:09:00+00:00,101.89946746826172,0.06461912393569946,3,4.633144378662109,0.00940847396850586
2018-02-28 12:10:00+00:00,101.64098358154297,-0.20267599821090698,3,4.633144378662109,0.00940847396850586
2018-02-28 12:11:00+00:00,103.62612915039062,1.833358645439148,3,4.633144378662109,0.00940847396850586
2018-02-28 12:12:00+00:00,101.71407318115234,-0.1270589381456375,3,4.633144378662109,0.00940847396850586
2018-02-28 12:13:00+00:00,101.93189239501953,0.09811971336603165,3,4.633144378662109,0.00940847396850586
2018-02-28 12:14:00+00:00,102.04327392578125,0.2130657285451889,3,4.633144378662109,0.00940847396850586
2018-02-28 12:15:00+00:00,101.67896270751953,-0.16339769959449768,3,4.633144378662109,0.00940847396850586
2018-02-28 12:16:00+00:00,101.81023406982422,-0.027570826932787895,3,4.633144378662109,0.00940847396850586
2018-02-28 12:17:00+00:00,101.71344757080078,-0.1276671290397644,3,4.633144378662109,0.00940847396850586
2018-02-28 12:18:00+00:00,102.01424407958984,0.18311287462711334,3,4.633144378662109,0.00940847396850586
2018-02-28 12:19:00+00:00,101.71509552001953,-0.12599462270736694,3,4.633144378662109,0.00940847396850586
2018-02-28 12:20:00+00:00,102.0848617553711,0.2559424340724945,3,4.633144378662109,0.00940847396850586
2018-02-28 12:21:00+00:00,101.83942413330078,0.002584765199571848,3,4.633144378662109,0.00940847396850586
2018-02-28 12:22:00+00:00,101.74275207519531,-0.09735948592424393,3,4.633144378662109,0.00940847396850586
2018-02-28 12:23:00+00:00,102.60906982421875,0.7950940132141113,3,4.633144378662109,0.00940847396850586
2018-02-28 12:24:00+00:00,101.994140625,0.1623840630054474,3,4.633144378662109,0.00940847396850586
2018-02-28 12:25:00+00:00,102.2891616821289,0.46637269854545593,3,4.633144378662109,0.00940847396850586
2018-02-28 12:26:00+00:00,101.66813659667969,-0.1745983511209488,3,4.633144378662109,0.00940847396850586
2018-02-28 12:27:00+00:00,101.93568420410156,0.1020222008228302,3,4.633144378662109,0.00940847396850586
2018-02-28 12:28:00+00:00,101.87831115722656,0.04277532920241356,3,4.633144378662109,0.00940847396850586
2018-02-28 12:29:00+00:00,101.76510620117188,-0.07424864172935486,3,4.633144378662109,0.00940847396850586
2018-02-28 12:30:00+00:00,102.13679504394531,0.3095129430294037,3,4.633144378662109,0.00940847396850586
2018-02-28 12:31:00+00:00,101.72014617919922,-0.12077441811561584,3,4.633144378662109,0.00940847396850586
2018-02-28 12:32:00+00:00,102.18616485595703,0.3603466749191284,3,4.633144378662109,0.00940847396850586
2018-02-28 12:33:00+00:00,101.88087463378906,0.045410774648189545,3,4.633144378662109,0.00940847396850586
2018-02-28 12:34:00+00:00,101.81749725341797,-0.020069940015673637,3,4.633144378662109,0.00940847396850586
2018-02-28 12:35:00+00:00,101.71919250488281,-0.12173736840486526,3,4.633144378662109,0.00940847396850586
2018-02-28 12:36:00+00:00,101.70952606201172,-0.13172166049480438,3,4.633144378662109,0.00940847396850586
2018-02-28 12:37:00+00:00,101.83590698242188,-0.0010643150890246034,3,4.633144378662109,0.00940847396850586
2018-02-28 12:38:00+00:00,103.81736755371094,2.027418851852417,3,4.633144378662109,0.00940847396850586
2018-02-28 12:39:00+00:00,101.9994888305664,0.16790837049484253,3,4.633144378662109,0.00940847396850586
2018-02-28 12:40:00+00:00,103.67071533203125,1.8786174058914185,3,4.633144378662109,0.00940847396850586
2018-02-28 12:41:00+00:00,102.11564636230469,0.2876691520214081,3,4.633144378662109,0.00940847396850586
2018-02-28 12:42:00+00:00,102.23841094970703,0.41417059302330017,3,4.633144378662109,0.00940847396850586
2018-02-28 12:43:00+00:00,101.4957275390625,-0.3532005548477173,3,4.633144378662109,0.00940847396850586
2018-02-28 12:44:00+00:00,101.91048431396484,0.07602250576019287,3,4.633144378662109,0.00940847396850586
2018-02-28 12:45:00+00:00,103.49884033203125,1.7039684057235718,3,4.633144378662109,0.00940847396850586
2018-02-28 12:46:00+00:00,102.00577545166016,0.1743956208229065,3,4.633144378662109,0.00940847396850586
2018-02-28 12:47:00+00:00,102.21619415283203,0.3912624716758728,3,4.633144378662109,0.00940847396850586
2018-02-28 12:48:00+00:00,101.5973892211914,-0.24783335626125336,3,4.633144378662109,0.00940847396850586
2018-02-28 12:49:00+00:00,101.65943908691406,-0.18356899917125702,3,4.633144378662109,0.00940847396850586
2018-02-28 12:50:00+00:00,101.78136444091797,-0.05742232874035835,3,4.633144378662109,0.00940847396850586
2018-02-28 12:51:00+00:00,101.74799346923828,-0.09193654358386993,3,4.633144378662109,0.00940847396850586
2018-02-28 12:52:00+00:00,102.1770248413086,0.3509198725223541,3,4.633144378662109,0.00940847396850586
2018-02-28 12:53:00+00:00,102.17035675048828,0.34407785534858704,3,4.633144378662109,0.00940847396850586
2018-02-28 12:54:00+00:00,101.75996398925781,-0.0795702189207077,3,4.633144378662109,0.00940847396850586
2018-02-28 12:55:00+00:00,101.65565490722656,-0.18752217292785645,3,4.633144378662109,0.00940847396850586
2018-02-28 12:56:00+00:00,102.3115005493164,0.48938217759132385,3,4.633144378662109,0.00940847396850586
2018-02-28 12:57:00+00:00,102.18846130371094,0.36272871494293213,3,4.633144378662109,0.00940847396850586
2018-02-28 12:58:00+00:00,101.76170349121094,-0.07774567604064941,3,4.633144378662109,0.00940847396850586
2018-02-28 12:59:00+00:00,102.01039123535156,0.17915970087051392,3,4.633144378662109,0.00940847396850586
2018-03-01 01:00:00+00:00,102.345947265625,0.5248087048530579,3,4.633144378662109,0.00940847396850586
2018-03-01 01:01:00+00:00,102.84481048583984,1.0366427898406982,3,4.633144378662109,0.00940847396850586
2018-03-01 01:02:00+00:00,102.3459701538086,0.5248593688011169,3,4.633144378662109,0.00940847396850586
2018-03-01 01:03:00+00:00,101.77848815917969,-0.06041254848241806,3,4.633144378662109,0.00940847396850586
2018-03-01 01:04:00+00:00,102.21143341064453,0.38639703392982483,3,4.633144378662109,0.00940847396850586
2018-03-01 01:05:00+00:00,102.13800811767578,0.3107292950153351,3,4.633144378662109,0.00940847396850586
2018-03-01 01:06:00+00:00,101.72358703613281,-0.11717601865530014,3,4.633144378662109,0.00940847396850586
2018-03-01 01:07:00+00:00,101.75575256347656,-0.08392884582281113,3,4.633144378662109,0.00940847396850586
2018-03-01 01:08:00+00:00,101.70789337158203,-0.13344483077526093,3,4.633144378662109,0.00940847396850586
2018-03-01 01:09:00+00:00,101.64649200439453,-0.19699963927268982,3,4.633144378662109,0.00940847396850586
2018-03-01 01:10:00+00:00,101.5456771850586,-0.3014545738697052,3,4.633144378662109,0.00940847396850586
2018-03-01 01:11:00+00:00,101.58110809326172,-0.26471036672592163,3,4.633144378662109,0.00940847396850586
2018-03-01 01:12:00+00:00,101.72624206542969,-0.11443920433521271,3,4.633144378662109,0.00940847396850586
2018-03-01 01:13:00+00:00,102.48912811279297,0.6719882488250732,3,4.633144378662109,0.00940847396850586
2018-03-01 01:14:00+00:00,101.75140380859375,-0.08843950927257538,3,4.633144378662109,0.00940847396850586
2018-03-01 01:15:00+00:00,101.67143249511719,-0.1711519956588745,3,4.633144378662109,0.00940847396850586
2018-03-01 01:16:00+00:00,101.68531036376953,-0.15680907666683197,3,4.633144378662109,0.00940847396850586
2018-03-01 01:17:00+00:00,101.5548095703125,-0.29197707772254944,3,4.633144378662109,0.00940847396850586
2018-03-01 01:18:00+00:00,101.83433532714844,-0.0026861284859478474,3,4.633144378662109,0.00940847396850586
2018-03-01 01:19:00+00:00,101.80062866210938,-0.03750443458557129,3,4.633144378662109,0.00940847396850586
2018-03-01 01:20:00+00:00,101.82269287109375,-0.014697683975100517,3,4.633144378662109,0.00940847396850586
2018-03-01 01:21:00+00:00,101.91812896728516,0.08392884582281113,3,4.633144378662109,0.00940847396850586
2018-03-01 01:22:00+00:00,101.50139617919922,-0.347321480512619,3,4.633144378662109,0.00940847396850586
2018-03-01 01:23:00+00:00,102.38617706298828,0.5661649107933044,3,4.633144378662109,0.00940847396850586
2018-03-01 01:24:00+00:00,101.48686218261719,-0.3624246120452881,3,4.633144378662109,0.00940847396850586
2018-03-01 01:25:00+00:00,102.00241088867188,0.17089858651161194,3,4.633144378662109,0.00940847396850586
2018-03-01 01:26:00+00:00,101.7863540649414,-0.05225279927253723,3,4.633144378662109,0.00940847396850586
2018-03-01 01:27:00+00:00,101.6471939086914,-0.19629010558128357,3,4.633144378662109,0.00940847396850586
2018-03-01 01:28:00+00:00,101.88308715820312,0.04769144952297211,3,4.633144378662109,0.00940847396850586
2018-03-01 01:29:00+00:00,101.8058090209961,-0.03213217854499817,3,4.633144378662109,0.00940847396850586
2018-03-01 01:30:00+00:00,102.00175476074219,0.17023973166942596,3,4.633144378662109,0.00940847396850586
2018-03-01 01:31:00+00:00,101.78189849853516,-0.05686483159661293,3,4.633144378662109,0.00940847396850586
2018-03-01 01:32:00+00:00,102.38148498535156,0.5613501667976379,3,4.633144378662109,0.00940847396850586
2018-03-01 01:33:00+00:00,102.16373443603516,0.33723580837249756,3,4.633144378662109,0.00940847396850586
2018-03-01 01:34:00+00:00,101.73308563232422,-0.10734377056360245,3,4.633144378662109,0.00940847396850586
2018-03-01 01:35:00+00:00,101.82324981689453,-0.01414018590003252,3,4.633144378662109,0.00940847396850586
2018-03-01 01:36:00+00:00,101.78755950927734,-0.05103643983602524,3,4.633144378662109,0.00940847396850586
2018-03-01 01:37:00+00:00,101.406982421875,-0.44528913497924805,3,4.633144378662109,0.00940847396850586
2018-03-01 01:38:00+00:00,101.4869384765625,-0.36232325434684753,3,4.633144378662109,0.00940847396850586
2018-03-01 01:39:00+00:00,102.0055923461914,0.1741928905248642,3,4.633144378662109,0.00940847396850586
2018-03-01 01:40:00+00:00,101.61991882324219,-0.2245197892189026,3,4.633144378662109,0.00940847396850586
2018-03-01 01:41:00+00:00,101.45828247070312,-0.392073392868042,3,4.633144378662109,0.00940847396850586
2018-03-01 01:42:00+00:00,104.00752258300781,2.220059871673584,3,4.633144378662109,0.00940847396850586
2018-03-01 01:43:00+00:00,101.70549011230469,-0.1359282284975052,3,4.633144378662109,0.00940847396850586
2018-03-01 01:44:00+00:00,101.54031372070312,-0.30697885155677795,3,4.633144378662109,0.00940847396850586
2018-03-01 01:45:00+00:00,101.90943908691406,0.07490750402212143,3,4.633144378662109,0.00940847396850586
2018-03-01 01:46:00+00:00,102.02771759033203,0.19699963927268982,3,4.633144378662109,0.00940847396850586
2018-03-01 01:47:00+00:00,101.80403137207031,-0.03400740027427673,3,4.633144378662109,0.00940847396850586
2018-03-01 01:48:00+00:00,102.06078338623047,0.2311084121465683,3,4.633144378662109,0.00940847396850586
2018-03-01 01:49:00+00:00,101.61968994140625,-0.22477319836616516,3,4.633144378662109,0.00940847396850586
2018-03-01 01:50:00+00:00,102.01050567626953,0.17926105856895447,3,4.633144378662109,0.00940847396850586
2018-03-01 01:51:00+00:00,101.7522964477539,-0.08747655898332596,3,4.633144378662109,0.00940847396850586
2018-03-01 01:52:00+00:00,102.01200866699219,0.18083219230175018,3,4.633144378662109,0.00940847396850586
2018-03-01 01:53:00+00:00,101.63300323486328,-0.21093709766864777,3,4.633144378662109,0.00940847396850586
2018-03-01 01:54:00+00:00,101.96173858642578,0.12893415987491608,3,4.633144378662109,0.00940847396850586
2018-03-01 01:55:00+00:00,101.46941375732422,-0.38051795959472656,3,4.633144378662109,0.00940847396850586
2018-03-01 01:56:00+00:00,101.90129089355469,0.06649434566497803,3,4.633144378662109,0.00940847396850586
2018-03-01 01:57:00+00:00,101.67818450927734,-0.1641579270362854,3,4.633144378662109,0.00940847396850586
2018-03-01 01:58:00+00:00,101.60822296142578,-0.23663270473480225,3,4.633144378662109,0.00940847396850586
2018-03-01 01:59:00+00:00,101.75385284423828,-0.08590542525053024,3,4.633144378662109,0.00940847396850586
2018-03-01 02:00:00+00:00,105.57181549072266,3.7917490005493164,3,4.633144378662109,0.00940847396850586
2018-03-01 02:01:00+00:00,101.7552719116211,-0.08443565666675568,3,4.633144378662109,0.00940847396850586
2018-03-01 02:02:00+00:00,102.3893814086914,0.5694591999053955,3,4.633144378662109,0.00940847396850586
2018-03-01 02:03:00+00:00,101.93919372558594,0.10567127913236618,3,4.633144378662109,0.00940847396850586
2018-03-01 02:04:00+00:00,101.7066879272461,-0.13466119766235352,3,4.633144378662109,0.00940847396850586
2018-03-01 02:05:00+00:00,101.80913543701172,-0.028736505657434464,3,4.633144378662109,0.00940847396850586
2018-03-01 02:06:00+00:00,101.66741180419922,-0.1753585785627365,3,4.633144378662109,0.00940847396850586
2018-03-01 02:07:00+00:00,101.64105987548828,-0.2026253044605255,3,4.633144378662109,0.00940847396850586
2018-03-01 02:08:00+00:00,101.67859649658203,-0.1637524664402008,3,4.633144378662109,0.00940847396850586
2018-03-01 02:09:00+00:00,101.78050994873047,-0.0583346001803875,3,4.633144378662109,0.00940847396850586
2018-03-01 02:10:00+00:00,101.61174774169922,-0.23298363387584686,3,4.633144378662109,0.00940847396850586
2018-03-01 02:11:00+00:00,101.79142761230469,-0.047032587230205536,3,4.633144378662109,0.00940847396850586
2018-03-01 02:12:00+00:00,101.805419921875,-0.03253763169050217,3,4.633144378662109,0.00940847396850586
2018-03-01 02:13:00+00:00,101.57634735107422,-0.2696264684200287,3,4.633144378662109,0.00940847396850586
2018-03-01 02:14:00+00:00,106.47621154785156,4.689929485321045,3,4.633144378662109,0.00940847396850586
2018-03-01 02:15:00+00:00,102.58654022216797,0.7719831466674805,3,4.633144378662109,0.00940847396850586
2018-03-01 02:16:00+00:00,104.48115539550781,2.6983933448791504,3,4.633144378662109,0.00940847396850586
2018-03-01 02:17:00+00:00,101.77181243896484,-0.06730525940656662,3,4.633144378662109,0.00940847396850586
2018-03-01 02:18:00+00:00,102.01787567138672,0.18686331808567047,3,4.633144378662109,0.00940847396850586
2018-03-01 02:19:00+00:00,101.73748016357422,-0.1028331071138382,3,4.633144378662109,0.00940847396850586
2018-03-01 02:20:00+00:00,101.61520385742188,-0.22938522696495056,3,4.633144378662109,0.00940847396850586
2018-03-01 02:21:00+00:00,101.90450286865234,0.06983933597803116,3,4.633144378662109,0.00940847396850586
2018-03-01 02:22:00+00:00,101.52946472167969,-0.31823018193244934,3,4.633144378662109,0.00940847396850586
2018-03-01 02:23:00+00:00,101.74610137939453,-0.09391313046216965,3,4.633144378662109,0.00940847396850586
2018-03-01 02:24:00+00:00,101.63451385498047,-0.20941665768623352,3,4.633144378662109,0.00940847396850586
2018-03-01 02:25:00+00:00,104.37599182128906,2.59236741065979,3,4.633144378662109,0.00940847396850586
2018-03-01 02:26:00+00:00,102.00479125976562,0.1733819842338562,3,4.633144378662109,0.00940847396850586
2018-03-01 02:27:00+00:00,155.370849609375,44.543460845947266,3,4.633144378662109,0.00940847396850586
2018-03-01 02:28:00+00:00,101.9333267211914,0.09958948194980621,3,4.633144378662109,0.00940847396850586
2018-03-01 02:29:00+00:00,121.9806137084961,19.01287269592285,3,4.633144378662109,0.00940847396850586
2018-03-01 02:30:00+00:00,106.17918395996094,4.395772933959961,3,4.633144378662109,0.00940847396850586
2018-03-01 02:31:00+00:00,111.940185546875,9.960569381713867,3,4.633144378662109,0.00940847396850586
2018-03-01 02:32:00+00:00,101.99319458007812,0.16142112016677856,3,4.633144378662109,0.00940847396850586
2018-03-01 02:33:00+00:00,105.97987365722656,4.197962760925293,3,4.633144378662109,0.00940847396850586
2018-03-01 02:34:00+00:00,101.99124908447266,0.15939384698867798,3,4.633144378662109,0.00940847396850586
2018-03-01 02:35:00+00:00,101.74839782714844,-0.09153109043836594,3,4.633144378662109,0.00940847396850586
2018-03-01 02:36:00+00:00,101.88298797607422,0.04759008809924126,3,4.633144378662109,0.00940847396850586
2018-03-01 02:37:00+00:00,107.83534240722656,6.025594234466553,3,4.633144378662109,0.00940847396850586
2018-03-01 02:38:00+00:00,102.0947265625,0.26612943410873413,3,4.633144378662109,0.00940847396850586
2018-03-01 02:39:00+00:00,102.00233459472656,0.17084790766239166,3,4.633144378662109,0.00940847396850586
2018-03-01 02:40:00+00:00,108.28414154052734,6.462976932525635,3,4.633144378662109,0.00940847396850586
2018-03-01 02:41:00+00:00,101.80928802490234,-0.028533779084682465,3,4.633144378662109,0.00940847396850586
2018-03-01 02:42:00+00:00,115.72906494140625,13.467791557312012,3,4.633144378662109,0.00940847396850586
2018-03-01 02:43:00+00:00,101.75631713867188,-0.08332066237926483,3,4.633144378662109,0.00940847396850586
2018-03-01 02:44:00+00:00,101.97516632080078,0.14277026057243347,3,4.633144378662109,0.00940847396850586
2018-03-01 02:45:00+00:00,102.27511596679688,0.45192843675613403,3,4.633144378662109,0.00940847396850586
2018-03-01 02:46:00+00:00,102.00108337402344,0.16953018307685852,3,4.633144378662109,0.00940847396850586
2018-03-01 02:47:00+00:00,101.63160705566406,-0.21240687370300293,3,4.633144378662109,0.00940847396850586
2018-03-01 02:48:00+00:00,101.74256134033203,-0.09756220877170563,3,4.633144378662109,0.00940847396850586
2018-03-01 02:49:00+00:00,101.46806335449219,-0.38188636302948,3,4.633144378662109,0.00940847396850586
2018-03-01 02:50:00+00:00,102.02713775634766,0.1964421421289444,3,4.633144378662109,0.00940847396850586
2018-03-01 02:51:00+00:00,101.55113220214844,-0.29577821493148804,3,4.633144378662109,0.00940847396850586
2018-03-01 02:52:00+00:00,101.9219741821289,0.08788201212882996,3,4.633144378662109,0.00940847396850586
2018-03-01 02:53:00+00:00,101.64280700683594,-0.20080077648162842,3,4.633144378662109,0.00940847396850586
2018-03-01 02:54:00+00:00,101.8253402709961,-0.011960873380303383,3,4.633144378662109,0.00940847396850586
2018-03-01 02:55:00+00:00,101.6003189086914,-0.24479246139526367,3,4.633144378662109,0.00940847396850586
2018-03-01 02:56:00+00:00,101.66870880126953,-0.1739901751279831,3,4.633144378662109,0.00940847396850586
2018-03-01 02:57:00+00:00,101.88086700439453,0.045410774648189545,3,4.633144378662109,0.00940847396850586
2018-03-01 02:58:00+00:00,56.98291015625,-0.2011585533618927,4,4.062863826751709,0.013499736785888672
2018-03-01 02:59:00+00:00,56.87254333496094,-0.34226977825164795,4,4.062863826751709,0.013499736785888672
2018-03-01 03:00:00+00:00,57.067256927490234,-0.09346190840005875,4,4.062863826751709,0.013499736785888672
2018-03-01 03:01:00+00:00,56.70487976074219,-0.5572038888931274,4,4.062863826751709,0.013499736785888672
2018-03-01 03:02:00+00:00,56.79812240600586,-0.43760377168655396,4,4.062863826751709,0.013499736785888672
2018-03-01 03:03:00+00:00,57.123695373535156,-0.021511074155569077,4,4.062863826751709,0.013499736785888672
2018-03-01 03:04:00+00:00,57.309146881103516,0.21447494626045227,4,4.062863826751709,0.013499736785888672
2018-03-01 03:05:00+00:00,56.607337951660156,-0.6825262308120728,4,4.062863826751709,0.013499736785888672
2018-03-01 03:06:00+00:00,57.064884185791016,-0.09649959206581116,4,4.062863826751709,0.013499736785888672
2018-03-01 03:07:00+00:00,56.89691162109375,-0.3111158311367035,4,4.062863826751709,0.013499736785888672
2018-03-01 03:08:00+00:00,56.659934997558594,-0.6149200201034546,4,4.062863826751709,0.013499736785888672
2018-03-01 03:09:00+00:00,56.855690002441406,-0.36385151743888855,4,4.062863826751709,0.013499736785888672
2018-03-01 03:10:00+00:00,57.07107925415039,-0.08858747780323029,4,4.062863826751709,0.013499736785888672
2018-03-01 03:11:00+00:00,57.38591766357422,0.3119282126426697,4,4.062863826751709,0.013499736785888672
2018-03-01 03:12:00+00:00,57.06940460205078,-0.09074211120605469,4,4.062863826751709,0.013499736785888672
2018-03-01 03:13:00+00:00,56.950008392333984,-0.2431916892528534,4,4.062863826751709,0.013499736785888672
2018-03-01 03:14:00+00:00,56.638187408447266,-0.6428596377372742,4,4.062863826751709,0.013499736785888672
2018-03-01 03:15:00+00:00,56.77333450317383,-0.4693935215473175,4,4.062863826751709,0.013499736785888672
2018-03-01 03:16:00+00:00,57.04439926147461,-0.12263784557580948,4,4.062863826751709,0.013499736785888672
2018-03-01 03:17:00+00:00,57.05895233154297,-0.10405849665403366,4,4.062863826751709,0.013499736785888672
2018-03-01 03:18:00+00:00,57.55164337158203,0.5218819379806519,4,4.062863826751709,0.013499736785888672
2018-03-01 03:19:00+00:00,57.09359359741211,-0.05987071990966797,4,4.062863826751709,0.013499736785888672
2018-03-01 03:20:00+00:00,56.869468688964844,-0.3462258577346802,4,4.062863826751709,0.013499736785888672
2018-03-01 03:21:00+00:00,56.797706604003906,-0.4381335973739624,4,4.062863826751709,0.013499736785888672
2018-03-01 03:22:00+00:00,56.76354217529297,-0.4819328188896179,4,4.062863826751709,0.013499736785888672
2018-03-01 03:23:00+00:00,57.81414031982422,0.8532372713088989,4,4.062863826751709,0.013499736785888672
2018-03-01 03:24:00+00:00,57.51896286010742,0.48051995038986206,4,4.062863826751709,0.013499736785888672
2018-03-01 03:25:00+00:00,57.41722869873047,0.3516301214694977,4,4.062863826751709,0.013499736785888672
2018-03-01 03:26:00+00:00,57.07427978515625,-0.0845254510641098,4,4.062863826751709,0.013499736785888672
2018-03-01 03:27:00+00:00,61.32216262817383,5.144784927368164,4,4.062863826751709,0.013499736785888672
2018-03-01 03:28:00+00:00,57.6778564453125,0.681395947933197,4,4.062863826751709,0.013499736785888672
2018-03-01 03:29:00+00:00,57.97239303588867,1.0522764921188354,4,4.062863826751709,0.013499736785888672
2018-03-01 03:30:00+00:00,57.49660873413086,0.45222705602645874,4,4.062863826751709,0.013499736785888672
2018-03-01 03:31:00+00:00,57.31902313232422,0.2270142287015915,4,4.062863826751709,0.013499736785888672
2018-03-01 03:32:00+00:00,58.05725860595703,1.1588075160980225,4,4.062863826751709,0.013499736785888672
2018-03-01 03:33:00+00:00,57.52023696899414,0.4821447432041168,4,4.062863826751709,0.013499736785888672
2018-03-01 03:34:00+00:00,56.92213821411133,-0.2788315415382385,4,4.062863826751709,0.013499736785888672
2018-03-01 03:35:00+00:00,59.02752685546875,2.3659355640411377,4,4.062863826751709,0.013499736785888672
2018-03-01 03:36:00+00:00,57.887939453125,0.9461340308189392,4,4.062863826751709,0.013499736785888672
2018-03-01 03:37:00+00:00,61.14109802246094,4.929250240325928,4,4.062863826751709,0.013499736785888672
2018-03-01 03:38:00+00:00,56.90583419799805,-0.2996715009212494,4,4.062863826751709,0.013499736785888672
2018-03-01 03:39:00+00:00,57.439998626708984,0.3805234730243683,4,4.062863826751709,0.013499736785888672
2018-03-01 03:40:00+00:00,56.837100982666016,-0.3876585066318512,4,4.062863826751709,0.013499736785888672
2018-03-01 03:41:00+00:00,57.0938606262207,-0.05955282226204872,4,4.062863826751709,0.013499736785888672
2018-03-01 03:42:00+00:00,57.15773010253906,0.02186429314315319,4,4.062863826751709,0.013499736785888672
2018-03-01 03:43:00+00:00,57.0368537902832,-0.13228073716163635,4,4.062863826751709,0.013499736785888672
2018-03-01 03:44:00+00:00,56.8516731262207,-0.36900851130485535,4,4.062863826751709,0.013499736785888672
2018-03-01 03:45:00+00:00,58.37249755859375,1.5531772375106812,4,4.062863826751709,0.013499736785888672
2018-03-01 03:46:00+00:00,57.224422454833984,0.1067429631948471,4,4.062863826751709,0.013499736785888672
2018-03-01 03:47:00+00:00,56.765174865722656,-0.47984883189201355,4,4.062863826751709,0.013499736785888672
2018-03-01 03:48:00+00:00,56.7089958190918,-0.551905632019043,4,4.062863826751709,0.013499736785888672
2018-03-01 03:49:00+00:00,57.36198425292969,0.281551331281662,4,4.062863826751709,0.013499736785888672
2018-03-01 03:50:00+00:00,56.74730682373047,-0.5027727484703064,4,4.062863826751709,0.013499736785888672
2018-03-01 03:51:00+00:00,57.02045822143555,-0.15319134294986725,4,4.062863826751709,0.013499736785888672
2018-03-01 03:52:00+00:00,57.207618713378906,0.0853731781244278,4,4.062863826751709,0.013499736785888672
2018-03-01 03:53:00+00:00,57.05691909790039,-0.10667231678962708,4,4.062863826751709,0.013499736785888672
2018-03-01 03:54:00+00:00,56.94057083129883,-0.2552717924118042,4,4.062863826751709,0.013499736785888672
2018-03-01 03:55:00+00:00,57.162261962890625,0.02762177214026451,4,4.062863826751709,0.013499736785888672
2018-03-01 03:56:00+00:00,57.553348541259766,0.5240365862846375,4,4.062863826751709,0.013499736785888672
2018-03-01 03:57:00+00:00,56.86642837524414,-0.3501112759113312,4,4.062863826751709,0.013499736785888672
2018-03-01 03:58:00+00:00,56.75152587890625,-0.49733319878578186,4,4.062863826751709,0.013499736785888672
2018-03-01 03:59:00+00:00,56.95170974731445,-0.241037055850029,4,4.062863826751709,0.013499736785888672
2018-03-01 04:00:00+00:00,57.64726257324219,0.6427537202835083,4,4.062863826751709,0.013499736785888672
2018-03-01 05:11:00+00:00,57.38631820678711,0.3124227225780487,4,4.062863826751709,0.013499736785888672
2018-03-01 05:12:00+00:00,56.700809478759766,-0.5624315738677979,4,4.062863826751709,0.013499736785888672
2018-03-01 05:13:00+00:00,57.386592864990234,0.31277593970298767,4,4.062863826751709,0.013499736785888672
2018-03-01 05:14:00+00:00,56.78831100463867,-0.4501783847808838,4,4.062863826751709,0.013499736785888672
2018-03-01 05:15:00+00:00,57.62082290649414,0.6093391180038452,4,4.062863826751709,0.013499736785888672
2018-03-01 05:16:00+00:00,57.442779541015625,0.3840203583240509,4,4.062863826751709,0.013499736785888672
2018-03-01 05:17:00+00:00,57.5065803527832,0.464836984872818,4,4.062863826751709,0.013499736785888672
2018-03-01 05:18:00+00:00,56.737632751464844,-0.5151707530021667,4,4.062863826751709,0.013499736785888672
2018-03-01 05:19:00+00:00,57.03221130371094,-0.13817951083183289,4,4.062863826751709,0.013499736785888672
2018-03-01 05:20:00+00:00,56.874168395996094,-0.340221107006073,4,4.062863826751709,0.013499736785888672
2018-03-01 05:21:00+00:00,56.73139953613281,-0.52315354347229,4,4.062863826751709,0.013499736785888672
2018-03-01 05:22:00+00:00,56.94892120361328,-0.24460457265377045,4,4.062863826751709,0.013499736785888672
2018-03-01 05:23:00+00:00,56.89894104003906,-0.3085019886493683,4,4.062863826751709,0.013499736785888672
2018-03-01 05:24:00+00:00,57.8304443359375,0.8737593293190002,4,4.062863826751709,0.013499736785888672
2018-03-01 05:25:00+00:00,57.49237060546875,0.44685810804367065,4,4.062863826751709,0.013499736785888672
2018-03-01 05:26:00+00:00,57.566959381103516,0.5412737131118774,4,4.062863826751709,0.013499736785888672
2018-03-01 05:27:00+00:00,56.8611946105957,-0.3568224310874939,4,4.062863826751709,0.013499736785888672
2018-03-01 05:28:00+00:00,57.62376022338867,0.6130832433700562,4,4.062863826751709,0.013499736785888672
2018-03-01 05:29:00+00:00,56.903785705566406,-0.302320659160614,4,4.062863826751709,0.013499736785888672
2018-03-01 05:30:00+00:00,96.00677490234375,37.92052459716797,4,4.062863826751709,0.013499736785888672
2018-03-01 05:31:00+00:00,70.61195373535156,15.437214851379395,4,4.062863826751709,0.013499736785888672
2018-03-01 05:32:00+00:00,79.32921600341797,23.946346282958984,4,4.062863826751709,0.013499736785888672
2018-03-01 05:33:00+00:00,66.13067626953125,10.650382995605469,4,4.062863826751709,0.013499736785888672
2018-03-01 05:34:00+00:00,63.52953338623047,7.723040580749512,4,4.062863826751709,0.013499736785888672
2018-03-01 05:35:00+00:00,105.21758270263672,44.63982009887695,4,4.062863826751709,0.013499736785888672
2018-03-01 05:36:00+00:00,75.28329467773438,20.118186950683594,4,4.062863826751709,0.013499736785888672
2018-03-01 05:37:00+00:00,311.87725830078125,124.6651840209961,4,4.062863826751709,0.013499736785888672
2018-03-01 05:38:00+00:00,79.52091217041016,24.122920989990234,4,4.062863826751709,0.013499736785888672
2018-03-01 05:39:00+00:00,76.88630676269531,21.65868377685547,4,4.062863826751709,0.013499736785888672
2018-03-01 05:40:00+00:00,66.64927673339844,11.220444679260254,4,4.062863826751709,0.013499736785888672
2018-03-01 05:41:00+00:00,310.23431396484375,124.27519226074219,4,4.062863826751709,0.013499736785888672
2018-03-01 05:42:00+00:00,77.98945617675781,22.700469970703125,4,4.062863826751709,0.013499736785888672
2018-03-01 05:43:00+00:00,309.8153076171875,124.17537689208984,4,4.062863826751709,0.013499736785888672
2018-03-01 05:44:00+00:00,78.65802001953125,23.32482147216797,4,4.062863826751709,0.013499736785888672
2018-03-01 05:45:00+00:00,126.61447143554688,58.234466552734375,4,4.062863826751709,0.013499736785888672
2018-03-01 08:16:00+00:00,59.204750061035156,2.5842957496643066,4,4.062863826751709,0.013499736785888672
2018-03-01 08:17:00+00:00,57.09482955932617,-0.05831655487418175,4,4.062863826751709,0.013499736785888672
2018-03-01 08:18:00+00:00,58.446041107177734,1.644873023033142,4,4.062863826751709,0.013499736785888672
2018-03-01 08:19:00+00:00,56.72787094116211,-0.5277100801467896,4,4.062863826751709,0.013499736785888672
2018-03-01 08:20:00+00:00,56.81822204589844,-0.4118540585041046,4,4.062863826751709,0.013499736785888672
2018-03-01 08:21:00+00:00,56.58915328979492,-0.7059093713760376,4,4.062863826751709,0.013499736785888672
2018-03-01 08:22:00+00:00,56.596580505371094,-0.6963724493980408,4,4.062863826751709,0.013499736785888672
2018-03-01 08:23:00+00:00,57.65598678588867,0.6537741422653198,4,4.062863826751709,0.013499736785888672
2018-03-01 08:24:00+00:00,56.41555404663086,-0.9295327067375183,4,4.062863826751709,0.013499736785888672
2018-03-01 08:25:00+00:00,56.98521423339844,-0.19822683930397034,4,4.062863826751709,0.013499736785888672
2018-03-01 08:26:00+00:00,70.80546569824219,15.637102127075195,4,4.062863826751709,0.013499736785888672
2018-03-01 08:27:00+00:00,58.57807922363281,1.809226155281067,4,4.062863826751709,0.013499736785888672
2018-03-01 08:28:00+00:00,56.83723449707031,-0.3874818980693817,4,4.062863826751709,0.013499736785888672
2018-03-01 08:29:00+00:00,57.17550277709961,0.044470347464084625,4,4.062863826751709,0.013499736785888672
2018-03-01 08:30:00+00:00,56.79632568359375,-0.4398996829986572,4,4.062863826751709,0.013499736785888672
2018-03-01 08:31:00+00:00,58.013099670410156,1.1033873558044434,4,4.062863826751709,0.013499736785888672
2018-03-01 08:32:00+00:00,56.46870040893555,-0.8610081076622009,4,4.062863826751709,0.013499736785888672
2018-03-01 08:33:00+00:00,56.94770050048828,-0.24615873396396637,4,4.062863826751709,0.013499736785888672
2018-03-01 08:34:00+00:00,56.600486755371094,-0.6913213729858398,4,4.062863826751709,0.013499736785888672
2018-03-01 08:35:00+00:00,56.490535736083984,-0.8328564763069153,4,4.062863826751709,0.013499736785888672
2018-03-01 08:36:00+00:00,56.60661697387695,-0.683444619178772,4,4.062863826751709,0.013499736785888672
2018-03-01 08:37:00+00:00,56.401145935058594,-0.9481473565101624,4,4.062863826751709,0.013499736785888672
2018-03-01 08:38:00+00:00,57.50230026245117,0.4594327211380005,4,4.062863826751709,0.013499736785888672
2018-03-01 08:39:00+00:00,56.21600341796875,-1.1874536275863647,4,4.062863826751709,0.013499736785888672
2018-03-01 08:40:00+00:00,56.674842834472656,-0.5957754850387573,4,4.062863826751709,0.013499736785888672
2018-03-01 08:41:00+00:00,56.81978225708008,-0.4098407030105591,4,4.062863826751709,0.013499736785888672
2018-03-01 08:42:00+00:00,57.141056060791016,0.0006004733149893582,4,4.062863826751709,0.013499736785888672
2018-03-01 08:43:00+00:00,56.588233947753906,-0.7070749998092651,4,4.062863826751709,0.013499736785888672
2018-03-01 08:44:00+00:00,58.96330642700195,2.286637783050537,4,4.062863826751709,0.013499736785888672
2018-03-01 08:45:00+00:00,57.434627532958984,0.3737063407897949,4,4.062863826751709,0.013499736785888672
2018-03-01 08:46:00+00:00,56.98092269897461,-0.20370173454284668,4,4.062863826751709,0.013499736785888672
2018-03-01 08:47:00+00:00,56.972801208496094,-0.21405108273029327,4,4.062863826751709,0.013499736785888672
2018-03-01 08:48:00+00:00,56.70868682861328,-0.5523294806480408,4,4.062863826751709,0.013499736785888672
2018-03-01 08:49:00+00:00,57.14834213256836,0.009890148416161537,4,4.062863826751709,0.013499736785888672
2018-03-01 08:50:00+00:00,56.89773178100586,-0.3100561499595642,4,4.062863826751709,0.013499736785888672
2018-03-01 08:51:00+00:00,56.64842224121094,-0.6297199130058289,4,4.062863826751709,0.013499736785888672
2018-03-01 08:52:00+00:00,57.04908752441406,-0.11666843295097351,4,4.062863826751709,0.013499736785888672
2018-03-01 08:53:00+00:00,56.849609375,-0.37165766954421997,4,4.062863826751709,0.013499736785888672
2018-03-01 08:54:00+00:00,57.21461486816406,0.09427431225776672,4,4.062863826751709,0.013499736785888672
2018-03-01 08:55:00+00:00,57.25621032714844,0.14718660712242126,4,4.062863826751709,0.013499736785888672
2018-03-01 08:56:00+00:00,57.13492202758789,-0.007205679547041655,4,4.062863826751709,0.013499736785888672
2018-03-01 08:57:00+00:00,57.09059524536133,-0.06372081488370895,4,4.062863826751709,0.013499736785888672
2018-03-01 08:58:00+00:00,57.1243782043457,-0.020628023892641068,4,4.062863826751709,0.013499736785888672
2018-03-01 08:59:00+00:00,56.66962814331055,-0.6024513244628906,4,4.062863826751709,0.013499736785888672
2018-03-01 09:00:00+00:00,56.99846267700195,-0.18127229809761047,4,4.062863826751709,0.013499736785888672
2018-03-01 09:01:00+00:00,56.96591567993164,-0.22288157045841217,4,4.062863826751709,0.013499736785888672
2018-03-01 09:02:00+00:00,57.01929473876953,-0.15467485785484314,4,4.062863826751709,0.013499736785888672
2018-03-01 09:03:00+00:00,57.020565032958984,-0.15305005013942719,4,4.062863826751709,0.013499736785888672
2018-03-01 09:04:00+00:00,57.36273956298828,0.2825050354003906,4,4.062863826751709,0.013499736785888672
2018-03-01 09:05:00+00:00,57.030609130859375,-0.14022818207740784,4,4.062863826751709,0.013499736785888672
2018-03-01 09:06:00+00:00,57.3603515625,0.2794673442840576,4,4.062863826751709,0.013499736785888672
2018-03-01 09:07:00+00:00,57.304954528808594,0.2091413289308548,4,4.062863826751709,0.013499736785888672
2018-03-01 09:08:00+00:00,56.80073165893555,-0.4342481791973114,4,4.062863826751709,0.013499736785888672
2018-03-01 09:09:00+00:00,57.126426696777344,-0.018014200031757355,4,4.062863826751709,0.013499736785888672
2018-03-01 09:10:00+00:00,57.16960144042969,0.03698209300637245,4,4.062863826751709,0.013499736785888672
2018-03-01 09:11:00+00:00,57.26921844482422,0.16371728479862213,4,4.062863826751709,0.013499736785888672
2018-03-01 09:12:00+00:00,57.131492614746094,-0.011585602536797523,4,4.062863826751709,0.013499736785888672
2018-03-01 09:13:00+00:00,57.01469421386719,-0.16057363152503967,4,4.062863826751709,0.013499736785888672
2018-03-01 09:14:00+00:00,57.539710998535156,0.5067994594573975,4,4.062863826751709,0.013499736785888672
2018-03-01 09:15:00+00:00,56.744895935058594,-0.5058457851409912,4,4.062863826751709,0.013499736785888672
2018-03-01 09:16:00+00:00,56.9258918762207,-0.2740277647972107,4,4.062863826751709,0.013499736785888672
2018-03-01 09:17:00+00:00,57.199806213378906,0.07541238516569138,4,4.062863826751709,0.013499736785888672
2018-03-01 09:18:00+00:00,57.205108642578125,0.0821588784456253,4,4.062863826751709,0.013499736785888672
2018-03-01 09:19:00+00:00,57.099395751953125,-0.052488431334495544,4,4.062863826751709,0.013499736785888672
2018-03-01 09:20:00+00:00,57.05683898925781,-0.10677828639745712,4,4.062863826751709,0.013499736785888672
2018-03-01 09:21:00+00:00,56.96379470825195,-0.22556602954864502,4,4.062863826751709,0.013499736785888672
2018-03-01 09:22:00+00:00,57.01668167114258,-0.1580304503440857,4,4.062863826751709,0.013499736785888672
2018-03-01 09:23:00+00:00,56.736427307128906,-0.5167249441146851,4,4.062863826751709,0.013499736785888672
2018-03-01 09:24:00+00:00,57.01085662841797,-0.16544805467128754,4,4.062863826751709,0.013499736785888672
2018-03-01 09:25:00+00:00,56.91098403930664,-0.29310160875320435,4,4.062863826751709,0.013499736785888672
2018-03-01 09:26:00+00:00,56.9897346496582,-0.19243404269218445,4,4.062863826751709,0.013499736785888672
2018-03-01 09:27:00+00:00,57.12751770019531,-0.016636643558740616,4,4.062863826751709,0.013499736785888672
2018-03-01 09:28:00+00:00,57.145835876464844,0.00671117240563035,4,4.062863826751709,0.013499736785888672
2018-03-01 09:29:00+00:00,57.315185546875,0.22213980555534363,4,4.062863826751709,0.013499736785888672
2018-03-01 09:30:00+00:00,56.99317932128906,-0.1880187839269638,4,4.062863826751709,0.013499736785888672
2018-03-01 09:31:00+00:00,57.003211975097656,-0.17523224651813507,4,4.062863826751709,0.013499736785888672
2018-03-01 09:32:00+00:00,56.742279052734375,-0.5092013478279114,4,4.062863826751709,0.013499736785888672
2018-03-01 09:33:00+00:00,56.88793182373047,-0.3225954473018646,4,4.062863826751709,0.013499736785888672
2018-03-01 09:34:00+00:00,57.02862548828125,-0.14277136325836182,4,4.062863826751709,0.013499736785888672
2018-03-01 09:35:00+00:00,56.667724609375,-0.6049239039421082,4,4.062863826751709,0.013499736785888672
2018-03-01 09:36:00+00:00,56.59642791748047,-0.6965490579605103,4,4.062863826751709,0.013499736785888672
2018-03-01 09:37:00+00:00,56.936519622802734,-0.2604288160800934,4,4.062863826751709,0.013499736785888672
2018-03-01 09:38:00+00:00,56.90751266479492,-0.2975521981716156,4,4.062863826751709,0.013499736785888672
2018-03-01 09:39:00+00:00,56.561092376708984,-0.74200838804245,4,4.062863826751709,0.013499736785888672
2018-03-01 09:40:00+00:00,56.95042037963867,-0.24266186356544495,4,4.062863826751709,0.013499736785888672
2018-03-01 09:41:00+00:00,56.7030143737793,-0.5596057772636414,4,4.062863826751709,0.013499736785888672
2018-03-01 09:42:00+00:00,56.72516632080078,-0.5311716198921204,4,4.062863826751709,0.013499736785888672
2018-03-01 09:43:00+00:00,57.62384033203125,0.613153874874115,4,4.062863826751709,0.013499736785888672
2018-03-01 09:44:00+00:00,56.82640838623047,-0.40136343240737915,4,4.062863826751709,0.013499736785888672
2018-03-01 09:45:00+00:00,56.681663513183594,-0.5870156288146973,4,4.062863826751709,0.013499736785888672
2018-03-01 09:46:00+00:00,56.80455017089844,-0.42937374114990234,4,4.062863826751709,0.013499736785888672
2018-03-01 09:47:00+00:00,56.96891784667969,-0.2190314680337906,4,4.062863826751709,0.013499736785888672
2018-03-01 09:48:00+00:00,56.96535873413086,-0.2235880047082901,4,4.062863826751709,0.013499736785888672
2018-03-01 09:49:00+00:00,66.55809020996094,11.120518684387207,4,4.062863826751709,0.013499736785888672
2018-03-01 09:50:00+00:00,56.90488815307617,-0.30090776085853577,4,4.062863826751709,0.013499736785888672
2018-03-01 09:51:00+00:00,94.76206970214844,36.96390151977539,4,4.062863826751709,0.013499736785888672
2018-03-01 09:52:00+00:00,59.48204803466797,2.9246935844421387,4,4.062863826751709,0.013499736785888672
2018-03-01 09:53:00+00:00,58.33336639404297,1.5043269395828247,4,4.062863826751709,0.013499736785888672
2018-03-01 09:54:00+00:00,56.6209716796875,-0.6650065183639526,4,4.062863826751709,0.013499736785888672
2018-03-01 09:55:00+00:00,57.24562454223633,0.13372893631458282,4,4.062863826751709,0.013499736785888672
2018-03-01 09:56:00+00:00,56.683040618896484,-0.5852495431900024,4,4.062863826751709,0.013499736785888672
2018-03-01 09:57:00+00:00,57.90475082397461,0.9672565460205078,4,4.062863826751709,0.013499736785888672
2018-03-01 09:58:00+00:00,61.11915588378906,4.903111934661865,4,4.062863826751709,0.013499736785888672
2018-03-01 09:59:00+00:00,57.58101272583008,0.5590406656265259,4,4.062863826751709,0.013499736785888672
2018-03-01 10:00:00+00:00,56.961273193359375,-0.22881565988063812,4,4.062863826751709,0.013499736785888672
2018-03-01 10:01:00+00:00,56.80257797241211,-0.4318816065788269,4,4.062863826751709,0.013499736785888672
2018-03-01 10:02:00+00:00,57.36483383178711,0.28515419363975525,4,4.062863826751709,0.013499736785888672
2018-03-01 10:03:00+00:00,80.16719055175781,24.7150936126709,4,4.062863826751709,0.013499736785888672
2018-03-01 10:04:00+00:00,58.687767028808594,1.945462942123413,4,4.062863826751709,0.013499736785888672
2018-03-01 10:05:00+00:00,57.55685806274414,0.5284871459007263,4,4.062863826751709,0.013499736785888672
2018-03-01 10:06:00+00:00,56.93190002441406,-0.26636290550231934,4,4.062863826751709,0.013499736785888672
2018-03-01 10:07:00+00:00,56.781829833984375,-0.45847904682159424,4,4.062863826751709,0.013499736785888672
2018-03-01 10:08:00+00:00,56.75249481201172,-0.4960969090461731,4,4.062863826751709,0.013499736785888672
2018-03-01 10:09:00+00:00,86.86093139648438,30.58514404296875,4,4.062863826751709,0.013499736785888672
2018-03-01 10:10:00+00:00,60.21391296386719,3.815690040588379,4,4.062863826751709,0.013499736785888672
2018-03-01 10:11:00+00:00,58.329559326171875,1.499558448791504,4,4.062863826751709,0.013499736785888672
2018-03-01 10:12:00+00:00,57.657588958740234,0.6557875275611877,4,4.062863826751709,0.013499736785888672
2018-03-01 10:13:00+00:00,57.759788513183594,0.7847479581832886,4,4.062863826751709,0.013499736785888672
2018-03-01 10:14:00+00:00,62.666725158691406,6.7259368896484375,4,4.062863826751709,0.013499736785888672
2018-03-01 10:15:00+00:00,57.84332275390625,0.8899720907211304,4,4.062863826751709,0.013499736785888672
2018-03-01 10:16:00+00:00,57.73483657836914,0.7532761096954346,4,4.062863826751709,0.013499736785888672
2018-03-01 10:17:00+00:00,57.75355911254883,0.7769064903259277,4,4.062863826751709,0.013499736785888672
2018-03-01 10:18:00+00:00,57.22542190551758,0.1080145537853241,4,4.062863826751709,0.013499736785888672
2018-03-01 10:19:00+00:00,57.982421875,1.064886450767517,4,4.062863826751709,0.013499736785888672
2018-03-01 10:20:00+00:00,56.72959518432617,-0.5254848003387451,4,4.062863826751709,0.013499736785888672
2018-03-01 10:21:00+00:00,57.63911056518555,0.6324750185012817,4,4.062863826751709,0.013499736785888672
2018-03-01 10:22:00+00:00,61.59771728515625,5.471583366394043,4,4.062863826751709,0.013499736785888672
2018-03-01 10:23:00+00:00,57.5083122253418,0.4670622646808624,4,4.062863826751709,0.013499736785888672
2018-03-01 10:24:00+00:00,61.436954498291016,5.281092166900635,4,4.062863826751709,0.013499736785888672
2018-03-01 10:25:00+00:00,57.697784423828125,0.7065451741218567,4,4.062863826751709,0.013499736785888672
2018-03-01 10:26:00+00:00,57.223426818847656,0.10547137260437012,4,4.062863826751709,0.013499736785888672
2018-03-01 10:27:00+00:00,66.05411529541016,10.565857887268066,4,4.062863826751709,0.013499736785888672
2018-03-01 10:28:00+00:00,57.2965087890625,0.19840344786643982,4,4.062863826751709,0.013499736785888672
2018-03-01 10:29:00+00:00,57.779930114746094,0.8101444840431213,4,4.062863826751709,0.013499736785888672
2018-03-01 10:30:00+00:00,56.87762451171875,-0.33577054738998413,4,4.062863826751709,0.013499736785888672
2018-03-01 10:31:00+00:00,56.89992904663086,-0.3072304129600525,4,4.062863826751709,0.013499736785888672
2018-03-01 10:32:00+00:00,60.496849060058594,4.157288551330566,4,4.062863826751709,0.013499736785888672
2018-03-01 10:33:00+00:00,57.51300811767578,0.4729963541030884,4,4.062863826751709,0.013499736785888672
2018-03-01 10:34:00+00:00,62.287864685058594,6.283812046051025,4,4.062863826751709,0.013499736785888672
2018-03-01 10:35:00+00:00,57.19709777832031,0.07198615372180939,4,4.062863826751709,0.013499736785888672
2018-03-01 10:36:00+00:00,58.491737365722656,1.7017767429351807,4,4.062863826751709,0.013499736785888672
2018-03-01 10:37:00+00:00,58.06557846069336,1.1692274808883667,4,4.062863826751709,0.013499736785888672
2018-03-01 10:38:00+00:00,58.31588363647461,1.4824979305267334,4,4.062863826751709,0.013499736785888672
2018-03-01 10:39:00+00:00,58.82304000854492,2.1131715774536133,4,4.062863826751709,0.013499736785888672
2018-03-01 10:40:00+00:00,61.35877227783203,5.1883015632629395,4,4.062863826751709,0.013499736785888672
2018-03-01 10:41:00+00:00,57.68587875366211,0.6915333271026611,4,4.062863826751709,0.013499736785888672
2018-03-01 10:42:00+00:00,57.7237434387207,0.7392886281013489,4,4.062863826751709,0.013499736785888672
2018-03-01 10:43:00+00:00,57.90303039550781,0.9651018977165222,4,4.062863826751709,0.013499736785888672
2018-03-01 10:44:00+00:00,57.26603698730469,0.15965525805950165,4,4.062863826751709,0.013499736785888672
2018-03-01 10:45:00+00:00,57.12889862060547,-0.014870544895529747,4,4.062863826751709,0.013499736785888672
2018-03-01 10:46:00+00:00,57.637840270996094,0.6308501958847046,4,4.062863826751709,0.013499736785888672
2018-03-01 10:47:00+00:00,60.991111755371094,4.750238418579102,4,4.062863826751709,0.013499736785888672
2018-03-01 10:48:00+00:00,57.97282791137695,1.0528416633605957,4,4.062863826751709,0.013499736785888672
2018-03-01 10:49:00+00:00,61.44297409057617,5.288227081298828,4,4.062863826751709,0.013499736785888672
2018-03-01 10:50:00+00:00,57.79440689086914,0.8283705711364746,4,4.062863826751709,0.013499736785888672
2018-03-01 10:51:00+00:00,61.27797317504883,5.092260837554932,4,4.062863826751709,0.013499736785888672
2018-03-01 10:52:00+00:00,61.059776306152344,4.832255840301514,4,4.062863826751709,0.013499736785888672
2018-03-01 10:53:00+00:00,57.176029205322266,0.045141465961933136,4,4.062863826751709,0.013499736785888672
2018-03-01 10:54:00+00:00,56.98471450805664,-0.19886262714862823,4,4.062863826751709,0.013499736785888672
2018-03-01 10:55:00+00:00,57.480552673339844,0.4318816065788269,4,4.062863826751709,0.013499736785888672
2018-03-01 10:56:00+00:00,57.198856353759766,0.07421143352985382,4,4.062863826751709,0.013499736785888672
2018-03-01 10:57:00+00:00,57.049598693847656,-0.115997314453125,4,4.062863826751709,0.013499736785888672
2018-03-01 10:58:00+00:00,57.05533218383789,-0.10868567228317261,4,4.062863826751709,0.013499736785888672
2018-03-01 10:59:00+00:00,57.12024688720703,-0.025890996679663658,4,4.062863826751709,0.013499736785888672
2018-03-01 11:00:00+00:00,57.670021057128906,0.6715057492256165,4,4.062863826751709,0.013499736785888672
2018-03-01 11:01:00+00:00,57.04252624511719,-0.125039741396904,4,4.062863826751709,0.013499736785888672
2018-03-01 11:02:00+00:00,57.048095703125,-0.1179400235414505,4,4.062863826751709,0.013499736785888672
2018-03-01 11:03:00+00:00,57.05238723754883,-0.11242979764938354,4,4.062863826751709,0.013499736785888672
2018-03-01 11:04:00+00:00,56.92946243286133,-0.2694712281227112,4,4.062863826751709,0.013499736785888672
2018-03-01 11:05:00+00:00,57.266056060791016,0.15969057381153107,4,4.062863826751709,0.013499736785888672
2018-03-01 11:06:00+00:00,57.31856155395508,0.226413756608963,4,4.062863826751709,0.013499736785888672
2018-03-01 11:07:00+00:00,56.9883918762207,-0.19416481256484985,4,4.062863826751709,0.013499736785888672
2018-03-01 11:08:00+00:00,57.1242790222168,-0.020769312977790833,4,4.062863826751709,0.013499736785888672
2018-03-01 11:09:00+00:00,57.22333526611328,0.10536540299654007,4,4.062863826751709,0.013499736785888672
2018-03-01 11:10:00+00:00,56.703243255615234,-0.5592879056930542,4,4.062863826751709,0.013499736785888672
2018-03-01 11:11:00+00:00,56.93352127075195,-0.2642788887023926,4,4.062863826751709,0.013499736785888672
2018-03-01 11:12:00+00:00,56.56071853637695,-0.7425029277801514,4,4.062863826751709,0.013499736785888672
2018-03-01 11:13:00+00:00,57.208961486816406,0.08706863224506378,4,4.062863826751709,0.013499736785888672
2018-03-01 11:14:00+00:00,56.948570251464844,-0.24502843618392944,4,4.062863826751709,0.013499736785888672
2018-03-01 11:15:00+00:00,56.67252731323242,-0.5987425446510315,4,4.062863826751709,0.013499736785888672
2018-03-01 11:16:00+00:00,57.20524215698242,0.08233548700809479,4,4.062863826751709,0.013499736785888672
2018-03-01 11:17:00+00:00,56.965850830078125,-0.222952201962471,4,4.062863826751709,0.013499736785888672
2018-03-01 11:18:00+00:00,56.73527908325195,-0.5181731581687927,4,4.062863826751709,0.013499736785888672
2018-03-01 11:19:00+00:00,56.966243743896484,-0.22245770692825317,4,4.062863826751709,0.013499736785888672
2018-03-01 11:20:00+00:00,57.0616569519043,-0.10063226521015167,4,4.062863826751709,0.013499736785888672
2018-03-01 11:21:00+00:00,56.797996520996094,-0.43778038024902344,4,4.062863826751709,0.013499736785888672
2018-03-01 11:22:00+00:00,56.833274841308594,-0.3925682604312897,4,4.062863826751709,0.013499736785888672
2018-03-01 11:23:00+00:00,56.8880500793457,-0.32245418429374695,4,4.062863826751709,0.013499736785888672
2018-03-01 11:24:00+00:00,57.39035415649414,0.31754443049430847,4,4.062863826751709,0.013499736785888672
2018-03-01 11:25:00+00:00,56.88098907470703,-0.3314612805843353,4,4.062863826751709,0.013499736785888672
2018-03-01 11:26:00+00:00,56.968971252441406,-0.21896082162857056,4,4.062863826751709,0.013499736785888672
2018-03-01 11:27:00+00:00,57.33697509765625,0.24979689717292786,4,4.062863826751709,0.013499736785888672
2018-03-01 11:28:00+00:00,57.266273498535156,0.1599731594324112,4,4.062863826751709,0.013499736785888672
2018-03-01 11:29:00+00:00,56.962284088134766,-0.22750873863697052,4,4.062863826751709,0.013499736785888672
2018-03-01 11:30:00+00:00,56.998878479003906,-0.18074247241020203,4,4.062863826751709,0.013499736785888672
2018-03-01 11:31:00+00:00,56.97236251831055,-0.21461622416973114,4,4.062863826751709,0.013499736785888672
2018-03-01 11:32:00+00:00,56.801517486572266,-0.43325915932655334,4,4.062863826751709,0.013499736785888672
2018-03-01 11:33:00+00:00,57.127662658691406,-0.016460033133625984,4,4.062863826751709,0.013499736785888672
2018-03-01 11:34:00+00:00,56.80088806152344,-0.4340715706348419,4,4.062863826751709,0.013499736785888672
2018-03-01 11:35:00+00:00,56.720115661621094,-0.5376355648040771,4,4.062863826751709,0.013499736785888672
2018-03-01 11:36:00+00:00,57.03082275390625,-0.13998092710971832,4,4.062863826751709,0.013499736785888672
2018-03-01 11:37:00+00:00,56.63673782348633,-0.6447317004203796,4,4.062863826751709,0.013499736785888672
2018-03-01 11:38:00+00:00,57.1112060546875,-0.037441276013851166,4,4.062863826751709,0.013499736785888672
2018-03-01 11:39:00+00:00,57.97872543334961,1.060223937034607,4,4.062863826751709,0.013499736785888672
2018-03-01 11:40:00+00:00,56.91200256347656,-0.29179471731185913,4,4.062863826751709,0.013499736785888672
2018-03-01 11:41:00+00:00,57.0185661315918,-0.15562854707241058,4,4.062863826751709,0.013499736785888672
2018-03-01 11:42:00+00:00,57.15617752075195,0.019886262714862823,4,4.062863826751709,0.013499736785888672
2018-03-01 11:43:00+00:00,56.732357025146484,-0.5219525694847107,4,4.062863826751709,0.013499736785888672
2018-03-01 11:44:00+00:00,56.931793212890625,-0.2664688527584076,4,4.062863826751709,0.013499736785888672
2018-03-01 11:45:00+00:00,56.860572814941406,-0.35759952664375305,4,4.062863826751709,0.013499736785888672
2018-03-01 11:46:00+00:00,56.854156494140625,-0.3658295273780823,4,4.062863826751709,0.013499736785888672
2018-03-01 11:47:00+00:00,56.95561599731445,-0.23602133989334106,4,4.062863826751709,0.013499736785888672
2018-03-01 11:48:00+00:00,56.642478942871094,-0.6373494267463684,4,4.062863826751709,0.013499736785888672
2018-03-01 11:49:00+00:00,57.425437927246094,0.3620500862598419,4,4.062863826751709,0.013499736785888672
2018-03-01 11:50:00+00:00,56.84981918334961,-0.37137508392333984,4,4.062863826751709,0.013499736785888672
2018-03-01 11:51:00+00:00,56.73317337036133,-0.5208929181098938,4,4.062863826751709,0.013499736785888672
2018-03-01 11:52:00+00:00,56.83076477050781,-0.39578256011009216,4,4.062863826751709,0.013499736785888672
2018-03-01 11:53:00+00:00,817.1407470703125,195.86831665039062,4,4.062863826751709,0.013499736785888672
2018-03-01 11:54:00+00:00,71.2119140625,16.055208206176758,4,4.062863826751709,0.013499736785888672
2018-03-01 11:55:00+00:00,60.41462707519531,4.058175086975098,4,4.062863826751709,0.013499736785888672
2018-03-01 11:56:00+00:00,57.425804138183594,0.36250928044319153,4,4.062863826751709,0.013499736785888672
2018-03-01 11:57:00+00:00,57.764034271240234,0.7901169061660767,4,4.062863826751709,0.013499736785888672
2018-03-01 11:58:00+00:00,56.97045135498047,-0.2170887589454651,4,4.062863826751709,0.013499736785888672
2018-03-01 11:59:00+00:00,57.327205657958984,0.2373988926410675,4,4.062863826751709,0.013499736785888672
2018-03-01 12:00:00+00:00,57.900108337402344,0.9614284038543701,4,4.062863826751709,0.013499736785888672
2018-03-01 12:01:00+00:00,58.2115364074707,1.3520539999008179,4,4.062863826751709,0.013499736785888672
2018-03-01 12:02:00+00:00,57.50952911376953,0.46858111023902893,4,4.062863826751709,0.013499736785888672
2018-03-01 12:03:00+00:00,57.16077423095703,0.025714386254549026,4,4.062863826751709,0.013499736785888672
2018-03-01 12:04:00+00:00,57.48400115966797,0.43626153469085693,4,4.062863826751709,0.013499736785888672
2018-03-01 12:05:00+00:00,57.23779296875,0.1237681433558464,4,4.062863826751709,0.013499736785888672
2018-03-01 12:06:00+00:00,57.04549026489258,-0.12126028537750244,4,4.062863826751709,0.013499736785888672
2018-03-01 12:07:00+00:00,57.30459976196289,0.2086821347475052,4,4.062863826751709,0.013499736785888672
2018-03-01 12:08:00+00:00,58.03199005126953,1.1271237134933472,4,4.062863826751709,0.013499736785888672
2018-03-01 12:09:00+00:00,57.33720397949219,0.250079482793808,4,4.062863826751709,0.013499736785888672
2018-03-01 12:10:00+00:00,57.15175247192383,0.014234749600291252,4,4.062863826751709,0.013499736785888672
2018-03-01 12:11:00+00:00,57.981510162353516,1.0637208223342896,4,4.062863826751709,0.013499736785888672
2018-03-01 12:12:00+00:00,58.286136627197266,1.445339322090149,4,4.062863826751709,0.013499736785888672
2018-03-01 12:13:00+00:00,57.66920852661133,0.6704814434051514,4,4.062863826751709,0.013499736785888672
2018-03-01 12:14:00+00:00,57.27217102050781,0.16746141016483307,4,4.062863826751709,0.013499736785888672
2018-03-01 12:15:00+00:00,57.467281341552734,0.4150683581829071,4,4.062863826751709,0.013499736785888672
2018-03-01 12:16:00+00:00,57.50755310058594,0.46607324481010437,4,4.062863826751709,0.013499736785888672
2018-03-01 12:17:00+00:00,57.4526481628418,0.3965243101119995,4,4.062863826751709,0.013499736785888672
2018-03-01 12:18:00+00:00,57.35929489135742,0.2781251072883606,4,4.062863826751709,0.013499736785888672
2018-03-01 12:19:00+00:00,57.110809326171875,-0.037935785949230194,4,4.062863826751709,0.013499736785888672
2018-03-01 12:20:00+00:00,57.59857940673828,0.5812581777572632,4,4.062863826751709,0.013499736785888672
2018-03-01 12:21:00+00:00,57.910194396972656,0.9741089940071106,4,4.062863826751709,0.013499736785888672
2018-03-01 12:22:00+00:00,57.303428649902344,0.2071986198425293,4,4.062863826751709,0.013499736785888672
2018-03-01 12:23:00+00:00,57.77402877807617,0.8026915192604065,4,4.062863826751709,0.013499736785888672
2018-03-01 12:24:00+00:00,57.321311950683594,0.22991064190864563,4,4.062863826751709,0.013499736785888672
2018-03-01 12:25:00+00:00,57.499366760253906,0.45572391152381897,4,4.062863826751709,0.013499736785888672
2018-03-01 12:26:00+00:00,57.71311950683594,0.7259016036987305,4,4.062863826751709,0.013499736785888672
2018-03-01 12:27:00+00:00,56.78636932373047,-0.45265090465545654,4,4.062863826751709,0.013499736785888672
2018-03-01 12:28:00+00:00,57.14039993286133,-0.0002119317650794983,4,4.062863826751709,0.013499736785888672
2018-03-01 12:29:00+00:00,57.18096160888672,0.05142877250909805,4,4.062863826751709,0.013499736785888672
2018-03-01 12:30:00+00:00,57.228633880615234,0.112111896276474,4,4.062863826751709,0.013499736785888672
2018-03-01 12:31:00+00:00,57.964576721191406,1.0424569845199585,4,4.062863826751709,0.013499736785888672
2018-03-01 12:32:00+00:00,58.29050064086914,1.450778841972351,4,4.062863826751709,0.013499736785888672
2018-03-01 12:33:00+00:00,57.86146926879883,0.9128254055976868,4,4.062863826751709,0.013499736785888672
2018-03-01 12:34:00+00:00,58.448211669921875,1.6475574970245361,4,4.062863826751709,0.013499736785888672
2018-03-01 12:35:00+00:00,58.331844329833984,1.5024195909500122,4,4.062863826751709,0.013499736785888672
2018-03-01 12:36:00+00:00,56.81328582763672,-0.41817668080329895,4,4.062863826751709,0.013499736785888672
2018-03-01 12:37:00+00:00,56.725467681884766,-0.5307831168174744,4,4.062863826751709,0.013499736785888672
2018-03-01 12:38:00+00:00,57.67726516723633,0.6806541681289673,4,4.062863826751709,0.013499736785888672
2018-03-01 12:39:00+00:00,57.78644943237305,0.8183391690254211,4,4.062863826751709,0.013499736785888672
2018-03-01 12:40:00+00:00,57.496986389160156,0.45272156596183777,4,4.062863826751709,0.013499736785888672
2018-03-01 12:41:00+00:00,57.3415641784668,0.25562500953674316,4,4.062863826751709,0.013499736785888672
2018-03-01 12:42:00+00:00,57.09321594238281,-0.060365229845047,4,4.062863826751709,0.013499736785888672
2018-03-01 12:43:00+00:00,57.35967254638672,0.2786196172237396,4,4.062863826751709,0.013499736785888672
2018-03-01 12:44:00+00:00,57.88850021362305,0.9468404650688171,4,4.062863826751709,0.013499736785888672
2018-03-01 12:45:00+00:00,56.81404495239258,-0.4171876609325409,4,4.062863826751709,0.013499736785888672
2018-03-01 12:46:00+00:00,57.88280487060547,0.9396700859069824,4,4.062863826751709,0.013499736785888672
2018-03-01 12:47:00+00:00,57.670494079589844,0.6721062660217285,4,4.062863826751709,0.013499736785888672
2018-03-01 12:48:00+00:00,57.69135284423828,0.6984211206436157,4,4.062863826751709,0.013499736785888672
2018-03-01 12:49:00+00:00,57.96588134765625,1.0441170930862427,4,4.062863826751709,0.013499736785888672
2018-03-01 12:50:00+00:00,56.76155090332031,-0.4844760000705719,4,4.062863826751709,0.013499736785888672
2018-03-01 12:51:00+00:00,57.55783462524414,0.5297234058380127,4,4.062863826751709,0.013499736785888672
2018-03-01 12:52:00+00:00,57.68415832519531,0.6893433928489685,4,4.062863826751709,0.013499736785888672
2018-03-01 12:53:00+00:00,57.701080322265625,0.7107131481170654,4,4.062863826751709,0.013499736785888672
2018-03-01 12:54:00+00:00,57.13485336303711,-0.00727632362395525,4,4.062863826751709,0.013499736785888672
2018-03-01 12:55:00+00:00,56.91173553466797,-0.2921479344367981,4,4.062863826751709,0.013499736785888672
2018-03-01 12:56:00+00:00,57.4342041015625,0.3731765151023865,4,4.062863826751709,0.013499736785888672
2018-03-01 12:57:00+00:00,57.40723419189453,0.3389495313167572,4,4.062863826751709,0.013499736785888672
2018-03-01 12:58:00+00:00,57.44755554199219,0.39009571075439453,4,4.062863826751709,0.013499736785888672
2018-03-01 12:59:00+00:00,57.579193115234375,0.5567447543144226,4,4.062863826751709,0.013499736785888672
2018-03-02 01:00:00+00:00,56.72905349731445,-0.526191234588623,4,4.062863826751709,0.013499736785888672
2018-03-02 01:01:00+00:00,56.86162567138672,-0.35625728964805603,4,4.062863826751709,0.013499736785888672
2018-03-02 01:02:00+00:00,56.785762786865234,-0.4534633159637451,4,4.062863826751709,0.013499736785888672
2018-03-02 01:03:00+00:00,56.759822845458984,-0.48670127987861633,4,4.062863826751709,0.013499736785888672
2018-03-02 01:04:00+00:00,56.88972091674805,-0.32029953598976135,4,4.062863826751709,0.013499736785888672
2018-03-02 01:05:00+00:00,57.38492965698242,0.3106566369533539,4,4.062863826751709,0.013499736785888672
2018-03-02 01:06:00+00:00,56.504051208496094,-0.8154427409172058,4,4.062863826751709,0.013499736785888672
2018-03-02 01:07:00+00:00,56.88368225097656,-0.32803502678871155,4,4.062863826751709,0.013499736785888672
2018-03-02 01:08:00+00:00,56.68888854980469,-0.5777259469032288,4,4.062863826751709,0.013499736785888672
2018-03-02 01:09:00+00:00,57.227149963378906,0.11020451784133911,4,4.062863826751709,0.013499736785888672
2018-03-02 01:10:00+00:00,56.91607666015625,-0.2865670621395111,4,4.062863826751709,0.013499736785888672
2018-03-02 01:11:00+00:00,56.887603759765625,-0.3230193257331848,4,4.062863826751709,0.013499736785888672
2018-03-02 01:12:00+00:00,56.81187438964844,-0.4199781119823456,4,4.062863826751709,0.013499736785888672
2018-03-02 01:13:00+00:00,57.21566390991211,0.09561654180288315,4,4.062863826751709,0.013499736785888672
2018-03-02 01:14:00+00:00,57.37446212768555,0.2973755896091461,4,4.062863826751709,0.013499736785888672
2018-03-02 01:15:00+00:00,56.56233215332031,-0.7404189109802246,4,4.062863826751709,0.013499736785888672
2018-03-02 01:16:00+00:00,56.48303985595703,-0.8425347208976746,4,4.062863826751709,0.013499736785888672
2018-03-02 01:17:00+00:00,56.54887008666992,-0.7577266693115234,4,4.062863826751709,0.013499736785888672
2018-03-02 01:18:00+00:00,56.77584457397461,-0.4661439061164856,4,4.062863826751709,0.013499736785888672
2018-03-02 01:19:00+00:00,57.36519241333008,0.28561335802078247,4,4.062863826751709,0.013499736785888672
2018-03-02 01:20:00+00:00,56.779815673828125,-0.46105754375457764,4,4.062863826751709,0.013499736785888672
2018-03-02 01:21:00+00:00,57.3691520690918,0.290664404630661,4,4.062863826751709,0.013499736785888672
2018-03-02 01:22:00+00:00,57.362388610839844,0.28208115696907043,4,4.062863826751709,0.013499736785888672
2018-03-02 01:23:00+00:00,56.87996292114258,-0.33280351758003235,4,4.062863826751709,0.013499736785888672
2018-03-02 01:24:00+00:00,56.8315544128418,-0.3947582244873047,4,4.062863826751709,0.013499736785888672
2018-03-02 01:25:00+00:00,56.690834045410156,-0.575218141078949,4,4.062863826751709,0.013499736785888672
2018-03-02 01:26:00+00:00,57.07964324951172,-0.07767298817634583,4,4.062863826751709,0.013499736785888672
2018-03-02 01:27:00+00:00,56.58253860473633,-0.7144219279289246,4,4.062863826751709,0.013499736785888672
2018-03-02 01:28:00+00:00,57.10268020629883,-0.048285119235515594,4,4.062863826751709,0.013499736785888672
2018-03-02 01:29:00+00:00,57.034297943115234,-0.13553035259246826,4,4.062863826751709,0.013499736785888672
2018-03-02 01:30:00+00:00,57.211524963378906,0.0903535708785057,4,4.062863826751709,0.013499736785888672
2018-03-02 01:31:00+00:00,57.2755012512207,0.17170004546642303,4,4.062863826751709,0.013499736785888672
2018-03-02 01:32:00+00:00,56.85420227050781,-0.36575889587402344,4,4.062863826751709,0.013499736785888672
2018-03-02 01:33:00+00:00,56.70000076293945,-0.5634558796882629,4,4.062863826751709,0.013499736785888672
2018-03-02 01:34:00+00:00,56.800819396972656,-0.43414220213890076,4,4.062863826751709,0.013499736785888672
2018-03-02 01:35:00+00:00,56.903892517089844,-0.30217936635017395,4,4.062863826751709,0.013499736785888672
2018-03-02 01:36:00+00:00,57.159454345703125,0.024054255336523056,4,4.062863826751709,0.013499736785888672
2018-03-02 01:37:00+00:00,56.820858001708984,-0.40846315026283264,4,4.062863826751709,0.013499736785888672
2018-03-02 01:38:00+00:00,57.02040481567383,-0.15326198935508728,4,4.062863826751709,0.013499736785888672
2018-03-02 01:39:00+00:00,56.69873046875,-0.5650807023048401,4,4.062863826751709,0.013499736785888672
2018-03-02 01:40:00+00:00,56.72829818725586,-0.5271449089050293,4,4.062863826751709,0.013499736785888672
2018-03-02 01:41:00+00:00,57.94155502319336,1.0135283470153809,4,4.062863826751709,0.013499736785888672
2018-03-02 01:42:00+00:00,57.048126220703125,-0.11786937713623047,4,4.062863826751709,0.013499736785888672
2018-03-02 01:43:00+00:00,56.744022369384766,-0.5069760680198669,4,4.062863826751709,0.013499736785888672
2018-03-02 01:44:00+00:00,56.929569244384766,-0.2693299353122711,4,4.062863826751709,0.013499736785888672
2018-03-02 01:45:00+00:00,56.50186538696289,-0.8182685375213623,4,4.062863826751709,0.013499736785888672
2018-03-02 01:46:00+00:00,57.17689514160156,0.04627176746726036,4,4.062863826751709,0.013499736785888672
2018-03-02 01:47:00+00:00,56.50630569458008,-0.8125463724136353,4,4.062863826751709,0.013499736785888672
2018-03-02 01:48:00+00:00,57.13072204589844,-0.012574617750942707,4,4.062863826751709,0.013499736785888672
2018-03-02 01:49:00+00:00,56.75755310058594,-0.4896329939365387,4,4.062863826751709,0.013499736785888672
2018-03-02 03:00:00+00:00,57.10932159423828,-0.03984317183494568,4,4.062863826751709,0.013499736785888672
2018-03-02 03:01:00+00:00,56.78017044067383,-0.460598349571228,4,4.062863826751709,0.013499736785888672
2018-03-02 03:02:00+00:00,56.72611999511719,-0.529935359954834,4,4.062863826751709,0.013499736785888672
2018-03-02 03:03:00+00:00,57.06242370605469,-0.09964324533939362,4,4.062863826751709,0.013499736785888672
2018-03-02 03:04:00+00:00,56.81481170654297,-0.41623398661613464,4,4.062863826751709,0.013499736785888672
2018-03-02 03:05:00+00:00,56.882694244384766,-0.32930663228034973,4,4.062863826751709,0.013499736785888672
2018-03-02 03:06:00+00:00,56.71729278564453,-0.5412737131118774,4,4.062863826751709,0.013499736785888672
2018-03-02 03:07:00+00:00,56.555267333984375,-0.7494966387748718,4,4.062863826751709,0.013499736785888672
2018-03-02 03:08:00+00:00,56.72663497924805,-0.5292642712593079,4,4.062863826751709,0.013499736785888672
2018-03-02 03:09:00+00:00,56.579227447509766,-0.7186605930328369,4,4.062863826751709,0.013499736785888672
2018-03-02 03:10:00+00:00,56.87021255493164,-0.34527215361595154,4,4.062863826751709,0.013499736785888672
2018-03-02 03:11:00+00:00,57.093013763427734,-0.06061248108744621,4,4.062863826751709,0.013499736785888672
2018-03-02 03:12:00+00:00,57.28535842895508,0.18423934280872345,4,4.062863826751709,0.013499736785888672
2018-03-02 03:13:00+00:00,56.51626968383789,-0.7997244596481323,4,4.062863826751709,0.013499736785888672
2018-03-02 03:14:00+00:00,56.904354095458984,-0.3015788793563843,4,4.062863826751709,0.013499736785888672
2018-03-02 03:15:00+00:00,57.30427932739258,0.2082582712173462,4,4.062863826751709,0.013499736785888672
2018-03-02 03:16:00+00:00,57.06916809082031,-0.09102468937635422,4,4.062863826751709,0.013499736785888672
2018-03-02 03:17:00+00:00,57.03202438354492,-0.1384267657995224,4,4.062863826751709,0.013499736785888672
2018-03-02 03:18:00+00:00,56.92934799194336,-0.26961252093315125,4,4.062863826751709,0.013499736785888672
2018-03-02 03:19:00+00:00,57.19511413574219,0.06944297254085541,4,4.062863826751709,0.013499736785888672
2018-03-02 03:20:00+00:00,57.11712646484375,-0.02988237701356411,4,4.062863826751709,0.013499736785888672
2018-03-02 03:21:00+00:00,57.239009857177734,0.1252869963645935,4,4.062863826751709,0.013499736785888672
2018-03-02 03:22:00+00:00,56.62614059448242,-0.6583660244941711,4,4.062863826751709,0.013499736785888672
2018-03-02 03:23:00+00:00,57.06258773803711,-0.09943131357431412,4,4.062863826751709,0.013499736785888672
2018-03-02 03:24:00+00:00,56.893157958984375,-0.3159196078777313,4,4.062863826751709,0.013499736785888672
2018-03-02 03:25:00+00:00,57.29487991333008,0.19631944596767426,4,4.062863826751709,0.013499736785888672
2018-03-02 03:26:00+00:00,57.54404830932617,0.5122743844985962,4,4.062863826751709,0.013499736785888672
2018-03-02 03:27:00+00:00,57.2712516784668,0.16629578173160553,4,4.062863826751709,0.013499736785888672
2018-03-02 03:28:00+00:00,56.96007537841797,-0.23033450543880463,4,4.062863826751709,0.013499736785888672
2018-03-02 03:29:00+00:00,56.748558044433594,-0.501147985458374,4,4.062863826751709,0.013499736785888672
2018-03-02 03:30:00+00:00,56.69211196899414,-0.5735933184623718,4,4.062863826751709,0.013499736785888672
2018-03-02 03:31:00+00:00,58.12689208984375,1.2460881471633911,4,4.062863826751709,0.013499736785888672
2018-03-02 03:32:00+00:00,58.109230041503906,1.223976492881775,4,4.062863826751709,0.013499736785888672
2018-03-02 03:33:00+00:00,58.247108459472656,1.3965595960617065,4,4.062863826751709,0.013499736785888672
2018-03-02 03:34:00+00:00,58.30963897705078,1.4746918678283691,4,4.062863826751709,0.013499736785888672
2018-03-02 03:35:00+00:00,58.000755310058594,1.087916374206543,4,4.062863826751709,0.013499736785888672
2018-03-02 03:36:00+00:00,58.347312927246094,1.5217406749725342,4,4.062863826751709,0.013499736785888672
2018-03-02 03:37:00+00:00,57.79899978637695,0.8341634273529053,4,4.062863826751709,0.013499736785888672
2018-03-02 03:38:00+00:00,57.895729064941406,0.9559181928634644,4,4.062863826751709,0.013499736785888672
2018-03-02 03:39:00+00:00,58.15602111816406,1.2825757265090942,4,4.062863826751709,0.013499736785888672
2018-03-02 03:40:00+00:00,57.10799789428711,-0.04150330275297165,4,4.062863826751709,0.013499736785888672
2018-03-02 03:41:00+00:00,57.36808776855469,0.28928685188293457,4,4.062863826751709,0.013499736785888672
2018-03-02 03:42:00+00:00,57.10218048095703,-0.04892091453075409,4,4.062863826751709,0.013499736785888672
2018-03-02 03:43:00+00:00,57.000675201416016,-0.17844654619693756,4,4.062863826751709,0.013499736785888672
2018-03-02 03:44:00+00:00,57.15489196777344,0.018226131796836853,4,4.062863826751709,0.013499736785888672
2018-03-02 03:45:00+00:00,57.17312240600586,0.04146797955036163,4,4.062863826751709,0.013499736785888672
2018-03-02 03:46:00+00:00,57.08713150024414,-0.0681360587477684,4,4.062863826751709,0.013499736785888672
2018-03-02 03:47:00+00:00,57.122562408447266,-0.02295927330851555,4,4.062863826751709,0.013499736785888672
2018-03-02 03:48:00+00:00,57.0347785949707,-0.13492988049983978,4,4.062863826751709,0.013499736785888672
2018-03-02 03:49:00+00:00,57.2971076965332,0.19918052852153778,4,4.062863826751709,0.013499736785888672
2018-03-02 03:50:00+00:00,57.2176513671875,0.09812440723180771,4,4.062863826751709,0.013499736785888672
2018-03-02 03:51:00+00:00,57.4980354309082,0.454028457403183,4,4.062863826751709,0.013499736785888672
2018-03-02 03:52:00+00:00,57.24309539794922,0.13051463663578033,4,4.062863826751709,0.013499736785888672
2018-03-02 03:53:00+00:00,57.68608093261719,0.6917805671691895,4,4.062863826751709,0.013499736785888672
2018-03-02 03:54:00+00:00,56.94696044921875,-0.2470771074295044,4,4.062863826751709,0.013499736785888672
2018-03-02 03:55:00+00:00,57.95302200317383,1.0279396772384644,4,4.062863826751709,0.013499736785888672
2018-03-02 03:56:00+00:00,57.63246536254883,0.6240683794021606,4,4.062863826751709,0.013499736785888672
2018-03-02 03:57:00+00:00,57.949928283691406,1.0240542888641357,4,4.062863826751709,0.013499736785888672
2018-03-02 03:58:00+00:00,57.37797927856445,0.3018614649772644,4,4.062863826751709,0.013499736785888672
2018-03-02 03:59:00+00:00,57.37566375732422,0.29892975091934204,4,4.062863826751709,0.013499736785888672
2018-03-02 04:00:00+00:00,56.71908950805664,-0.5389778017997742,4,4.062863826751709,0.013499736785888672
2018-03-02 04:01:00+00:00,57.28995132446289,0.19006747007369995,4,4.062863826751709,0.013499736785888672
2018-03-02 04:02:00+00:00,56.70527648925781,-0.5567094087600708,4,4.062863826751709,0.013499736785888672
2018-03-02 04:03:00+00:00,56.800411224365234,-0.4346720278263092,4,4.062863826751709,0.013499736785888672
2018-03-02 04:04:00+00:00,56.687862396240234,-0.5790681838989258,4,4.062863826751709,0.013499736785888672
2018-03-02 04:05:00+00:00,56.77633285522461,-0.4655434191226959,4,4.062863826751709,0.013499736785888672
2018-03-02 04:06:00+00:00,57.17191696166992,0.03991381451487541,4,4.062863826751709,0.013499736785888672
2018-03-02 04:07:00+00:00,56.704933166503906,-0.5571332573890686,4,4.062863826751709,0.013499736785888672
2018-03-02 04:08:00+00:00,56.70235824584961,-0.5604535341262817,4,4.062863826751709,0.013499736785888672
2018-03-02 04:09:00+00:00,57.35353088378906,0.2708134651184082,4,4.062863826751709,0.013499736785888672
2018-03-02 04:10:00+00:00,56.672340393066406,-0.5989897847175598,4,4.062863826751709,0.013499736785888672
2018-03-02 04:11:00+00:00,56.921024322509766,-0.2802444398403168,4,4.062863826751709,0.013499736785888672
2018-03-02 04:12:00+00:00,56.978023529052734,-0.2074105441570282,4,4.062863826751709,0.013499736785888672
2018-03-02 04:13:00+00:00,56.696533203125,-0.5679064393043518,4,4.062863826751709,0.013499736785888672
2018-03-02 04:14:00+00:00,56.60817337036133,-0.681431233882904,4,4.062863826751709,0.013499736785888672
2018-03-02 04:15:00+00:00,56.553253173828125,-0.752110481262207,4,4.062863826751709,0.013499736785888672
2018-03-02 04:16:00+00:00,56.40717315673828,-0.9403412342071533,4,4.062863826751709,0.013499736785888672
2018-03-02 04:17:00+00:00,56.61662673950195,-0.670587420463562,4,4.062863826751709,0.013499736785888672
2018-03-02 04:18:00+00:00,56.93227005004883,-0.2658683955669403,4,4.062863826751709,0.013499736785888672
2018-03-02 04:19:00+00:00,56.42383575439453,-0.918865442276001,4,4.062863826751709,0.013499736785888672
2018-03-02 04:20:00+00:00,56.98772430419922,-0.19501253962516785,4,4.062863826751709,0.013499736785888672
2018-03-02 04:21:00+00:00,56.74673843383789,-0.5034792423248291,4,4.062863826751709,0.013499736785888672
2018-03-02 04:22:00+00:00,57.02650833129883,-0.14549115300178528,4,4.062863826751709,0.013499736785888672
2018-03-02 04:23:00+00:00,57.59783935546875,0.5803045034408569,4,4.062863826751709,0.013499736785888672
2018-03-02 04:24:00+00:00,56.44220733642578,-0.895164430141449,4,4.062863826751709,0.013499736785888672
2018-03-02 04:25:00+00:00,56.715965270996094,-0.5429691672325134,4,4.062863826751709,0.013499736785888672
2018-03-02 04:26:00+00:00,57.033843994140625,-0.13609550893306732,4,4.062863826751709,0.013499736785888672
2018-03-02 04:27:00+00:00,57.017723083496094,-0.15668821334838867,4,4.062863826751709,0.013499736785888672
2018-03-02 04:28:00+00:00,56.616050720214844,-0.671329140663147,4,4.062863826751709,0.013499736785888672
2018-03-02 04:29:00+00:00,56.67428970336914,-0.5964819192886353,4,4.062863826751709,0.013499736785888672
2018-03-02 04:30:00+00:00,56.73079299926758,-0.5239306092262268,4,4.062863826751709,0.013499736785888672
2018-03-02 04:31:00+00:00,56.69753646850586,-0.5666348934173584,4,4.062863826751709,0.013499736785888672
2018-03-02 04:32:00+00:00,56.821109771728516,-0.4081452488899231,4,4.062863826751709,0.013499736785888672
2018-03-02 04:33:00+00:00,56.833492279052734,-0.39228567481040955,4,4.062863826751709,0.013499736785888672
2018-03-02 04:34:00+00:00,56.83363342285156,-0.39210906624794006,4,4.062863826751709,0.013499736785888672
2018-03-02 04:35:00+00:00,56.76650619506836,-0.47811803221702576,4,4.062863826751709,0.013499736785888672
2018-03-02 04:36:00+00:00,56.84526062011719,-0.37720319628715515,4,4.062863826751709,0.013499736785888672
2018-03-02 04:37:00+00:00,56.79292678833008,-0.44427961111068726,4,4.062863826751709,0.013499736785888672
2018-03-02 04:38:00+00:00,57.12744140625,-0.016742609441280365,4,4.062863826751709,0.013499736785888672
2018-03-02 04:39:00+00:00,57.071346282958984,-0.08826957643032074,4,4.062863826751709,0.013499736785888672
2018-03-02 04:40:00+00:00,56.9158821105957,-0.28684964776039124,4,4.062863826751709,0.013499736785888672
2018-03-02 04:41:00+00:00,57.52450180053711,0.4875490069389343,4,4.062863826751709,0.013499736785888672
2018-03-02 04:42:00+00:00,57.37175750732422,0.29394933581352234,4,4.062863826751709,0.013499736785888672
2018-03-02 04:43:00+00:00,56.8681755065918,-0.34788596630096436,4,4.062863826751709,0.013499736785888672
2018-03-02 04:44:00+00:00,56.7410888671875,-0.5107201933860779,4,4.062863826751709,0.013499736785888672
2018-03-02 04:45:00+00:00,56.97536849975586,-0.21080145239830017,4,4.062863826751709,0.013499736785888672
2018-03-02 04:46:00+00:00,56.692569732666016,-0.5729928016662598,4,4.062863826751709,0.013499736785888672
2018-03-02 04:47:00+00:00,56.82452392578125,-0.40376532077789307,4,4.062863826751709,0.013499736785888672
2018-03-02 04:48:00+00:00,56.88758087158203,-0.32305464148521423,4,4.062863826751709,0.013499736785888672
2018-03-02 04:49:00+00:00,56.89297866821289,-0.3161315321922302,4,4.062863826751709,0.013499736785888672
2018-03-02 04:50:00+00:00,56.78394317626953,-0.4557945728302002,4,4.062863826751709,0.013499736785888672
2018-03-02 04:51:00+00:00,57.27462387084961,0.17060506343841553,4,4.062863826751709,0.013499736785888672
2018-03-02 04:52:00+00:00,57.10374069213867,-0.04694288596510887,4,4.062863826751709,0.013499736785888672
2018-03-02 04:53:00+00:00,57.002506256103516,-0.17611528933048248,4,4.062863826751709,0.013499736785888672
2018-03-02 04:54:00+00:00,57.10813522338867,-0.041362013667821884,4,4.062863826751709,0.013499736785888672
2018-03-02 04:55:00+00:00,56.66598129272461,-0.6071491837501526,4,4.062863826751709,0.013499736785888672
2018-03-02 04:56:00+00:00,57.01419448852539,-0.16120941936969757,4,4.062863826751709,0.013499736785888672
2018-03-02 04:57:00+00:00,56.99443054199219,-0.18642930686473846,4,4.062863826751709,0.013499736785888672
2018-03-02 04:58:00+00:00,57.03398895263672,-0.13591890037059784,4,4.062863826751709,0.013499736785888672
2018-03-02 04:59:00+00:00,56.86343765258789,-0.35392603278160095,4,4.062863826751709,0.013499736785888672
2018-03-02 05:00:00+00:00,57.1632194519043,0.028858041390776634,4,4.062863826751709,0.013499736785888672
2018-03-02 05:01:00+00:00,56.886634826660156,-0.3242555856704712,4,4.062863826751709,0.013499736785888672
2018-03-02 05:02:00+00:00,56.66961669921875,-0.6024866700172424,4,4.062863826751709,0.013499736785888672
2018-03-02 05:03:00+00:00,57.024085998535156,-0.1485641598701477,4,4.062863826751709,0.013499736785888672
2018-03-02 05:04:00+00:00,57.159732818603516,0.02440747432410717,4,4.062863826751709,0.013499736785888672
2018-03-02 05:05:00+00:00,56.95869445800781,-0.23210059106349945,4,4.062863826751709,0.013499736785888672
2018-03-02 05:06:00+00:00,57.09367370605469,-0.059800077229738235,4,4.062863826751709,0.013499736785888672
2018-03-02 05:07:00+00:00,56.954856872558594,-0.23701034486293793,4,4.062863826751709,0.013499736785888672
2018-03-02 05:08:00+00:00,56.8821907043457,-0.3299424350261688,4,4.062863826751709,0.013499736785888672
2018-03-02 05:09:00+00:00,56.89617919921875,-0.3120341897010803,4,4.062863826751709,0.013499736785888672
2018-03-02 05:10:00+00:00,56.68263244628906,-0.5857793688774109,4,4.062863826751709,0.013499736785888672
2018-03-02 05:11:00+00:00,57.06690216064453,-0.09392108768224716,4,4.062863826751709,0.013499736785888672
2018-03-02 05:12:00+00:00,56.63764190673828,-0.6435661315917969,4,4.062863826751709,0.013499736785888672
2018-03-02 05:13:00+00:00,57.095489501953125,-0.057468827813863754,4,4.062863826751709,0.013499736785888672
2018-03-02 05:14:00+00:00,56.8766975402832,-0.3369714915752411,4,4.062863826751709,0.013499736785888672
2018-03-02 05:15:00+00:00,56.715843200683594,-0.5431457757949829,4,4.062863826751709,0.013499736785888672
2018-03-02 05:16:00+00:00,57.5703239440918,0.545512318611145,4,4.062863826751709,0.013499736785888672
2018-03-02 05:17:00+00:00,56.76594543457031,-0.4788598120212555,4,4.062863826751709,0.013499736785888672
2018-03-02 05:18:00+00:00,56.95610809326172,-0.23538553714752197,4,4.062863826751709,0.013499736785888672
2018-03-02 05:19:00+00:00,57.18782043457031,0.0601532980799675,4,4.062863826751709,0.013499736785888672
2018-03-02 05:20:00+00:00,56.921142578125,-0.2801031470298767,4,4.062863826751709,0.013499736785888672
2018-03-02 05:21:00+00:00,57.00019454956055,-0.17908233404159546,4,4.062863826751709,0.013499736785888672
2018-03-02 05:22:00+00:00,56.75449752807617,-0.4935184121131897,4,4.062863826751709,0.013499736785888672
2018-03-02 05:23:00+00:00,56.843074798583984,-0.38002896308898926,4,4.062863826751709,0.013499736785888672
2018-03-02 05:24:00+00:00,56.74638748168945,-0.5039383769035339,4,4.062863826751709,0.013499736785888672
2018-03-02 05:25:00+00:00,57.02439880371094,-0.14817562699317932,4,4.062863826751709,0.013499736785888672
2018-03-02 05:26:00+00:00,56.79738998413086,-0.4385574460029602,4,4.062863826751709,0.013499736785888672
2018-03-02 05:27:00+00:00,56.70307159423828,-0.5595351457595825,4,4.062863826751709,0.013499736785888672
2018-03-02 05:28:00+00:00,56.652278900146484,-0.6247395277023315,4,4.062863826751709,0.013499736785888672
2018-03-02 05:29:00+00:00,69.31555938720703,14.083925247192383,4,4.062863826751709,0.013499736785888672
2018-03-02 05:30:00+00:00,115.564697265625,51.52566146850586,4,4.062863826751709,0.013499736785888672
2018-03-02 08:46:00+00:00,60.98572540283203,4.743809700012207,4,4.062863826751709,0.013499736785888672
2018-03-02 08:47:00+00:00,61.10210037231445,4.882766246795654,4,4.062863826751709,0.013499736785888672
2018-03-02 08:48:00+00:00,56.783775329589844,-0.4560064971446991,4,4.062863826751709,0.013499736785888672
2018-03-02 08:49:00+00:00,58.24223327636719,1.3904489278793335,4,4.062863826751709,0.013499736785888672
2018-03-02 08:50:00+00:00,61.386314392089844,5.221009731292725,4,4.062863826751709,0.013499736785888672
2018-03-02 08:51:00+00:00,63.995079040527344,8.25555419921875,4,4.062863826751709,0.013499736785888672
2018-03-02 08:52:00+00:00,57.37437057495117,0.2972696125507355,4,4.062863826751709,0.013499736785888672
2018-03-02 08:53:00+00:00,57.54081726074219,0.5081770420074463,4,4.062863826751709,0.013499736785888672
2018-03-02 08:54:00+00:00,63.877838134765625,8.121789932250977,4,4.062863826751709,0.013499736785888672
2018-03-02 08:55:00+00:00,58.66843795776367,1.9214792251586914,4,4.062863826751709,0.013499736785888672
2018-03-02 08:56:00+00:00,69.10183715820312,13.858429908752441,4,4.062863826751709,0.013499736785888672
2018-03-02 08:57:00+00:00,60.18859100341797,3.7850306034088135,4,4.062863826751709,0.013499736785888672
2018-03-02 08:58:00+00:00,57.16865539550781,0.035781145095825195,4,4.062863826751709,0.013499736785888672
2018-03-02 08:59:00+00:00,57.04778289794922,-0.11832856386899948,4,4.062863826751709,0.013499736785888672
2018-03-02 09:00:00+00:00,59.219207763671875,2.602098226547241,4,4.062863826751709,0.013499736785888672
2018-03-02 09:01:00+00:00,56.534297943115234,-0.7765179872512817,4,4.062863826751709,0.013499736785888672
2018-03-02 09:02:00+00:00,57.00146484375,-0.1774575263261795,4,4.062863826751709,0.013499736785888672
2018-03-02 09:03:00+00:00,56.89793395996094,-0.3098089098930359,4,4.062863826751709,0.013499736785888672
2018-03-02 09:04:00+00:00,57.0755729675293,-0.08286532014608383,4,4.062863826751709,0.013499736785888672
2018-03-02 09:05:00+00:00,56.91780471801758,-0.2843770980834961,4,4.062863826751709,0.013499736785888672
2018-03-02 09:06:00+00:00,57.026607513427734,-0.14534986019134521,4,4.062863826751709,0.013499736785888672
2018-03-02 09:07:00+00:00,56.96540832519531,-0.22351735830307007,4,4.062863826751709,0.013499736785888672
2018-03-02 09:08:00+00:00,57.011863708496094,-0.16417646408081055,4,4.062863826751709,0.013499736785888672
2018-03-02 09:09:00+00:00,59.759368896484375,3.2635724544525146,4,4.062863826751709,0.013499736785888672
2018-03-02 09:10:00+00:00,56.83648681640625,-0.38843560218811035,4,4.062863826751709,0.013499736785888672
2018-03-02 09:11:00+00:00,56.96378707885742,-0.22560136020183563,4,4.062863826751709,0.013499736785888672
2018-03-02 09:12:00+00:00,56.820125579833984,-0.4094168245792389,4,4.062863826751709,0.013499736785888672
2018-03-02 09:13:00+00:00,57.998809814453125,1.0854791402816772,4,4.062863826751709,0.013499736785888672
2018-03-02 09:14:00+00:00,57.5034065246582,0.46084561944007874,4,4.062863826751709,0.013499736785888672
2018-03-02 09:15:00+00:00,56.90589904785156,-0.29960086941719055,4,4.062863826751709,0.013499736785888672
2018-03-02 09:16:00+00:00,56.67730712890625,-0.5925965309143066,4,4.062863826751709,0.013499736785888672
2018-03-02 09:17:00+00:00,56.746337890625,-0.5040090680122375,4,4.062863826751709,0.013499736785888672
2018-03-02 09:18:00+00:00,57.857696533203125,0.9080922603607178,4,4.062863826751709,0.013499736785888672
2018-03-02 09:19:00+00:00,56.70521545410156,-0.5567800402641296,4,4.062863826751709,0.013499736785888672
2018-03-02 09:20:00+00:00,56.694671630859375,-0.5703083872795105,4,4.062863826751709,0.013499736785888672
2018-03-02 09:21:00+00:00,57.23428726196289,0.11928226053714752,4,4.062863826751709,0.013499736785888672
2018-03-02 09:22:00+00:00,56.9017219543457,-0.30493447184562683,4,4.062863826751709,0.013499736785888672
2018-03-02 09:23:00+00:00,56.560646057128906,-0.7425735592842102,4,4.062863826751709,0.013499736785888672
2018-03-02 09:24:00+00:00,56.896305084228516,-0.31189289689064026,4,4.062863826751709,0.013499736785888672
2018-03-02 09:25:00+00:00,56.449188232421875,-0.8861573338508606,4,4.062863826751709,0.013499736785888672
2018-03-02 09:26:00+00:00,56.90000534057617,-0.30715975165367126,4,4.062863826751709,0.013499736785888672
2018-03-02 09:27:00+00:00,58.30392837524414,1.4675568342208862,4,4.062863826751709,0.013499736785888672
2018-03-02 09:28:00+00:00,56.79547119140625,-0.4409946799278259,4,4.062863826751709,0.013499736785888672
2018-03-02 09:29:00+00:00,57.126224517822266,-0.018296774476766586,4,4.062863826751709,0.013499736785888672
2018-03-02 09:30:00+00:00,56.94412612915039,-0.2507152557373047,4,4.062863826751709,0.013499736785888672
2018-03-02 09:31:00+00:00,58.83281707763672,2.1252517700195312,4,4.062863826751709,0.013499736785888672
2018-03-02 09:32:00+00:00,56.98869705200195,-0.19377626478672028,4,4.062863826751709,0.013499736785888672
2018-03-02 09:33:00+00:00,57.95201873779297,1.0267033576965332,4,4.062863826751709,0.013499736785888672
2018-03-02 09:34:00+00:00,57.789215087890625,0.8218360543251038,4,4.062863826751709,0.013499736785888672
2018-03-02 09:35:00+00:00,56.656028747558594,-0.6199356913566589,4,4.062863826751709,0.013499736785888672
2018-03-02 09:36:00+00:00,56.93093490600586,-0.2675991654396057,4,4.062863826751709,0.013499736785888672
2018-03-02 09:37:00+00:00,57.633731842041016,0.625657856464386,4,4.062863826751709,0.013499736785888672
2018-03-02 09:38:00+00:00,58.48304748535156,1.6909681558609009,4,4.062863826751709,0.013499736785888672
2018-03-02 09:39:00+00:00,56.81297302246094,-0.41856521368026733,4,4.062863826751709,0.013499736785888672
2018-03-02 09:40:00+00:00,57.26913070678711,0.16361132264137268,4,4.062863826751709,0.013499736785888672
2018-03-02 09:41:00+00:00,58.8964729309082,2.204019546508789,4,4.062863826751709,0.013499736785888672
2018-03-02 09:42:00+00:00,69.6627426147461,14.448765754699707,4,4.062863826751709,0.013499736785888672
2018-03-02 09:43:00+00:00,56.52400588989258,-0.7897636890411377,4,4.062863826751709,0.013499736785888672
2018-03-02 09:44:00+00:00,74.33399200439453,19.190561294555664,4,4.062863826751709,0.013499736785888672
2018-03-02 09:45:00+00:00,57.77935028076172,0.8094027042388916,4,4.062863826751709,0.013499736785888672
2018-03-02 09:46:00+00:00,56.74711608886719,-0.5030200481414795,4,4.062863826751709,0.013499736785888672
2018-03-02 09:47:00+00:00,57.309059143066406,0.2143336534500122,4,4.062863826751709,0.013499736785888672
2018-03-02 09:48:00+00:00,56.919715881347656,-0.28193989396095276,4,4.062863826751709,0.013499736785888672
2018-03-02 09:49:00+00:00,57.92306900024414,0.9903217554092407,4,4.062863826751709,0.013499736785888672
2018-03-02 09:50:00+00:00,58.18124771118164,1.3141535520553589,4,4.062863826751709,0.013499736785888672
2018-03-02 09:51:00+00:00,60.0207405090332,3.581540822982788,4,4.062863826751709,0.013499736785888672
2018-03-02 09:52:00+00:00,56.98934555053711,-0.19292853772640228,4,4.062863826751709,0.013499736785888672
2018-03-02 09:53:00+00:00,57.8042106628418,0.8407332897186279,4,4.062863826751709,0.013499736785888672
2018-03-02 09:54:00+00:00,57.78510284423828,0.8166437149047852,4,4.062863826751709,0.013499736785888672
2018-03-02 09:55:00+00:00,56.9256477355957,-0.27434566617012024,4,4.062863826751709,0.013499736785888672
2018-03-02 09:56:00+00:00,56.89421081542969,-0.3145420551300049,4,4.062863826751709,0.013499736785888672
2018-03-02 09:57:00+00:00,58.9859733581543,2.314647912979126,4,4.062863826751709,0.013499736785888672
2018-03-02 09:58:00+00:00,56.557491302490234,-0.7466355562210083,4,4.062863826751709,0.013499736785888672
2018-03-02 09:59:00+00:00,56.52091598510742,-0.7937197685241699,4,4.062863826751709,0.013499736785888672
2018-03-02 10:00:00+00:00,58.306304931640625,1.4705238342285156,4,4.062863826751709,0.013499736785888672
2018-03-02 10:01:00+00:00,56.756778717041016,-0.49062201380729675,4,4.062863826751709,0.013499736785888672
2018-03-02 10:02:00+00:00,57.956520080566406,1.0323549509048462,4,4.062863826751709,0.013499736785888672
2018-03-02 10:03:00+00:00,57.64430618286133,0.6390095949172974,4,4.062863826751709,0.013499736785888672
2018-03-02 10:04:00+00:00,56.9305419921875,-0.26809367537498474,4,4.062863826751709,0.013499736785888672
2018-03-02 10:05:00+00:00,57.38380432128906,0.309243768453598,4,4.062863826751709,0.013499736785888672
2018-03-02 10:06:00+00:00,57.404014587402344,0.3348875045776367,4,4.062863826751709,0.013499736785888672
2018-03-02 10:07:00+00:00,57.505950927734375,0.4640599191188812,4,4.062863826751709,0.013499736785888672
2018-03-02 10:08:00+00:00,58.529212951660156,1.7484370470046997,4,4.062863826751709,0.013499736785888672
2018-03-02 10:09:00+00:00,56.860084533691406,-0.35823532938957214,4,4.062863826751709,0.013499736785888672
2018-03-02 10:10:00+00:00,57.78449249267578,0.8159019351005554,4,4.062863826751709,0.013499736785888672
2018-03-02 10:11:00+00:00,57.018890380859375,-0.1552046835422516,4,4.062863826751709,0.013499736785888672
2018-03-02 10:12:00+00:00,57.042606353759766,-0.12493377178907394,4,4.062863826751709,0.013499736785888672
2018-03-02 10:13:00+00:00,57.554927825927734,0.5260499715805054,4,4.062863826751709,0.013499736785888672
2018-03-02 10:14:00+00:00,57.20785903930664,0.08565574884414673,4,4.062863826751709,0.013499736785888672
2018-03-02 10:15:00+00:00,57.59625244140625,0.578291118144989,4,4.062863826751709,0.013499736785888672
2018-03-02 10:16:00+00:00,56.6475715637207,-0.6308148503303528,4,4.062863826751709,0.013499736785888672
2018-03-02 10:17:00+00:00,56.57136535644531,-0.728797972202301,4,4.062863826751709,0.013499736785888672
2018-03-02 10:18:00+00:00,57.275047302246094,0.17113488912582397,4,4.062863826751709,0.013499736785888672
2018-03-02 10:19:00+00:00,57.24010467529297,0.12669986486434937,4,4.062863826751709,0.013499736785888672
2018-03-02 10:20:00+00:00,57.43807601928711,0.37808626890182495,4,4.062863826751709,0.013499736785888672
2018-03-02 10:21:00+00:00,58.27574920654297,1.4323407411575317,4,4.062863826751709,0.013499736785888672
2018-03-02 10:22:00+00:00,56.75412368774414,-0.4940129220485687,4,4.062863826751709,0.013499736785888672
2018-03-02 10:23:00+00:00,56.863346099853516,-0.354067325592041,4,4.062863826751709,0.013499736785888672
2018-03-02 10:24:00+00:00,57.34849166870117,0.26442018151283264,4,4.062863826751709,0.013499736785888672
2018-03-02 10:25:00+00:00,56.68939971923828,-0.5770902037620544,4,4.062863826751709,0.013499736785888672
2018-03-02 10:26:00+00:00,57.524169921875,0.4871251583099365,4,4.062863826751709,0.013499736785888672
2018-03-02 10:27:00+00:00,56.69444274902344,-0.5705909132957458,4,4.062863826751709,0.013499736785888672
2018-03-02 10:28:00+00:00,58.14923858642578,1.2740983963012695,4,4.062863826751709,0.013499736785888672
2018-03-02 10:29:00+00:00,56.46641159057617,-0.8639398217201233,4,4.062863826751709,0.013499736785888672
2018-03-02 10:30:00+00:00,57.99803924560547,1.084490180015564,4,4.062863826751709,0.013499736785888672
2018-03-02 10:31:00+00:00,56.83845901489258,-0.3859277367591858,4,4.062863826751709,0.013499736785888672
2018-03-02 10:32:00+00:00,58.08150863647461,1.1892197132110596,4,4.062863826751709,0.013499736785888672
2018-03-02 10:33:00+00:00,56.55598831176758,-0.7485783100128174,4,4.062863826751709,0.013499736785888672
2018-03-02 10:34:00+00:00,58.78480529785156,2.0658047199249268,4,4.062863826751709,0.013499736785888672
2018-03-02 10:35:00+00:00,57.48443603515625,0.4368266761302948,4,4.062863826751709,0.013499736785888672
2018-03-02 10:36:00+00:00,58.8377571105957,2.1313624382019043,4,4.062863826751709,0.013499736785888672
2018-03-02 10:37:00+00:00,61.67580795288086,5.563950538635254,4,4.062863826751709,0.013499736785888672
2018-03-02 10:38:00+00:00,57.87322998046875,0.927625298500061,4,4.062863826751709,0.013499736785888672
2018-03-02 10:39:00+00:00,56.99213409423828,-0.18936102092266083,4,4.062863826751709,0.013499736785888672
2018-03-02 10:40:00+00:00,56.83897018432617,-0.3852566182613373,4,4.062863826751709,0.013499736785888672
2018-03-02 10:41:00+00:00,56.468360900878906,-0.8614319562911987,4,4.062863826751709,0.013499736785888672
2018-03-02 10:42:00+00:00,57.584529876708984,0.5634912252426147,4,4.062863826751709,0.013499736785888672
2018-03-02 10:43:00+00:00,56.47093200683594,-0.8581470251083374,4,4.062863826751709,0.013499736785888672
2018-03-02 10:44:00+00:00,56.86796951293945,-0.34813323616981506,4,4.062863826751709,0.013499736785888672
2018-03-02 10:45:00+00:00,67.44081115722656,12.082123756408691,4,4.062863826751709,0.013499736785888672
2018-03-02 10:46:00+00:00,63.46050262451172,7.643777847290039,4,4.062863826751709,0.013499736785888672
2018-03-02 10:47:00+00:00,58.436038970947266,1.6324043273925781,4,4.062863826751709,0.013499736785888672
2018-03-02 10:48:00+00:00,59.27143096923828,2.666313409805298,4,4.062863826751709,0.013499736785888672
2018-03-02 10:49:00+00:00,72.54705810546875,17.41231346130371,4,4.062863826751709,0.013499736785888672
2018-03-02 10:50:00+00:00,56.8811149597168,-0.33131998777389526,4,4.062863826751709,0.013499736785888672
2018-03-02 10:51:00+00:00,57.64728546142578,0.6427890062332153,4,4.062863826751709,0.013499736785888672
2018-03-02 10:52:00+00:00,56.60221862792969,-0.6890960931777954,4,4.062863826751709,0.013499736785888672
2018-03-02 10:53:00+00:00,56.36998748779297,-0.9883437752723694,4,4.062863826751709,0.013499736785888672
2018-03-02 10:54:00+00:00,56.6070671081543,-0.6828794479370117,4,4.062863826751709,0.013499736785888672
2018-03-02 10:55:00+00:00,57.11246109008789,-0.03581646829843521,4,4.062863826751709,0.013499736785888672
2018-03-02 10:56:00+00:00,56.71413803100586,-0.5453357100486755,4,4.062863826751709,0.013499736785888672
2018-03-02 10:57:00+00:00,56.977195739746094,-0.2084702104330063,4,4.062863826751709,0.013499736785888672
2018-03-02 10:58:00+00:00,56.61677551269531,-0.6703754663467407,4,4.062863826751709,0.013499736785888672
2018-03-02 10:59:00+00:00,56.95185089111328,-0.2408604472875595,4,4.062863826751709,0.013499736785888672
2018-03-02 11:00:00+00:00,56.76306915283203,-0.4825332760810852,4,4.062863826751709,0.013499736785888672
2018-03-02 11:01:00+00:00,58.29341506958008,1.4544169902801514,4,4.062863826751709,0.013499736785888672
2018-03-02 11:02:00+00:00,58.02704620361328,1.1209070682525635,4,4.062863826751709,0.013499736785888672
2018-03-02 11:03:00+00:00,56.68033218383789,-0.5887110829353333,4,4.062863826751709,0.013499736785888672
2018-03-02 11:04:00+00:00,57.401023864746094,0.33107271790504456,4,4.062863826751709,0.013499736785888672
2018-03-02 11:05:00+00:00,56.98835754394531,-0.19420012831687927,4,4.062863826751709,0.013499736785888672
2018-03-02 11:06:00+00:00,57.12678527832031,-0.017590336501598358,4,4.062863826751709,0.013499736785888672
2018-03-02 11:07:00+00:00,57.00062942504883,-0.1785171777009964,4,4.062863826751709,0.013499736785888672
2018-03-02 11:08:00+00:00,56.93701171875,-0.2598283290863037,4,4.062863826751709,0.013499736785888672
2018-03-02 11:09:00+00:00,57.440303802490234,0.38087669014930725,4,4.062863826751709,0.013499736785888672
2018-03-02 11:10:00+00:00,56.551883697509766,-0.7538765668869019,4,4.062863826751709,0.013499736785888672
2018-03-02 11:11:00+00:00,57.255340576171875,0.14605630934238434,4,4.062863826751709,0.013499736785888672
2018-03-02 11:12:00+00:00,56.97922897338867,-0.20585638284683228,4,4.062863826751709,0.013499736785888672
2018-03-02 11:13:00+00:00,57.806400299072266,0.8434883952140808,4,4.062863826751709,0.013499736785888672
2018-03-02 11:14:00+00:00,57.56492614746094,0.538695216178894,4,4.062863826751709,0.013499736785888672
2018-03-02 11:15:00+00:00,59.15180969238281,2.5191268920898438,4,4.062863826751709,0.013499736785888672
2018-03-02 11:16:00+00:00,57.045841217041016,-0.12080109864473343,4,4.062863826751709,0.013499736785888672
2018-03-02 11:17:00+00:00,57.419639587402344,0.3547031283378601,4,4.062863826751709,0.013499736785888672
2018-03-02 11:18:00+00:00,57.142791748046875,0.0028257567901164293,4,4.062863826751709,0.013499736785888672
2018-03-02 11:19:00+00:00,57.72612380981445,0.7422909736633301,4,4.062863826751709,0.013499736785888672
2018-03-02 11:20:00+00:00,57.69115447998047,0.6981738805770874,4,4.062863826751709,0.013499736785888672
2018-03-02 11:21:00+00:00,57.16925811767578,0.03652290627360344,4,4.062863826751709,0.013499736785888672
2018-03-02 11:22:00+00:00,57.12580108642578,-0.018826603889465332,4,4.062863826751709,0.013499736785888672
2018-03-02 11:23:00+00:00,57.668575286865234,0.6696690320968628,4,4.062863826751709,0.013499736785888672
2018-03-02 11:24:00+00:00,57.454673767089844,0.3991028368473053,4,4.062863826751709,0.013499736785888672
2018-03-02 11:25:00+00:00,57.52847671508789,0.49256473779678345,4,4.062863826751709,0.013499736785888672
2018-03-02 11:26:00+00:00,57.62295150756836,0.6120589375495911,4,4.062863826751709,0.013499736785888672
2018-03-02 11:27:00+00:00,57.36111068725586,0.2804563641548157,4,4.062863826751709,0.013499736785888672
2018-03-02 11:28:00+00:00,59.738197326660156,3.2377521991729736,4,4.062863826751709,0.013499736785888672
2018-03-02 11:29:00+00:00,57.904964447021484,0.9675391316413879,4,4.062863826751709,0.013499736785888672
2018-03-02 11:30:00+00:00,57.296932220458984,0.19893327355384827,4,4.062863826751709,0.013499736785888672
2018-03-02 11:31:00+00:00,57.33619689941406,0.2488078773021698,4,4.062863826751709,0.013499736785888672
2018-03-02 11:32:00+00:00,56.744510650634766,-0.5063402652740479,4,4.062863826751709,0.013499736785888672
2018-03-02 11:33:00+00:00,57.18280029296875,0.053760021924972534,4,4.062863826751709,0.013499736785888672
2018-03-02 11:34:00+00:00,57.332027435302734,0.24350959062576294,4,4.062863826751709,0.013499736785888672
2018-03-02 11:35:00+00:00,57.29840850830078,0.20080533623695374,4,4.062863826751709,0.013499736785888672
2018-03-02 11:36:00+00:00,56.858787536621094,-0.3598954379558563,4,4.062863826751709,0.013499736785888672
2018-03-02 11:37:00+00:00,57.105796813964844,-0.04432905837893486,4,4.062863826751709,0.013499736785888672
2018-03-02 11:38:00+00:00,56.8996696472168,-0.30758363008499146,4,4.062863826751709,0.013499736785888672
2018-03-02 11:39:00+00:00,57.0547981262207,-0.10935679078102112,4,4.062863826751709,0.013499736785888672
2018-03-02 11:40:00+00:00,56.722084045410156,-0.5351276993751526,4,4.062863826751709,0.013499736785888672
2018-03-02 11:41:00+00:00,56.97492218017578,-0.21136660873889923,4,4.062863826751709,0.013499736785888672
2018-03-02 11:42:00+00:00,57.91252136230469,0.977040708065033,4,4.062863826751709,0.013499736785888672
2018-03-02 11:43:00+00:00,56.86076354980469,-0.35735225677490234,4,4.062863826751709,0.013499736785888672
2018-03-02 11:44:00+00:00,57.011444091796875,-0.1647063046693802,4,4.062863826751709,0.013499736785888672
2018-03-02 11:45:00+00:00,56.75593566894531,-0.49168166518211365,4,4.062863826751709,0.013499736785888672
2018-03-02 11:46:00+00:00,56.96561050415039,-0.22327010333538055,4,4.062863826751709,0.013499736785888672
2018-03-02 11:47:00+00:00,56.61836624145508,-0.6683267951011658,4,4.062863826751709,0.013499736785888672
2018-03-02 11:48:00+00:00,56.79219055175781,-0.4451979696750641,4,4.062863826751709,0.013499736785888672
2018-03-02 11:49:00+00:00,57.03819274902344,-0.13054996728897095,4,4.062863826751709,0.013499736785888672
2018-03-02 11:50:00+00:00,56.80681610107422,-0.4264773428440094,4,4.062863826751709,0.013499736785888672
2018-03-02 11:51:00+00:00,58.04304122924805,1.14096999168396,4,4.062863826751709,0.013499736785888672
2018-03-02 11:52:00+00:00,56.654701232910156,-0.6216311454772949,4,4.062863826751709,0.013499736785888672
2018-03-02 11:53:00+00:00,57.192710876464844,0.0664052814245224,4,4.062863826751709,0.013499736785888672
2018-03-02 11:54:00+00:00,56.94148635864258,-0.25410616397857666,4,4.062863826751709,0.013499736785888672
2018-03-02 11:55:00+00:00,57.05605697631836,-0.10776729881763458,4,4.062863826751709,0.013499736785888672
2018-03-02 11:56:00+00:00,56.7722053527832,-0.47084173560142517,4,4.062863826751709,0.013499736785888672
2018-03-02 11:57:00+00:00,56.471073150634766,-0.8579350709915161,4,4.062863826751709,0.013499736785888672
2018-03-02 11:58:00+00:00,56.7181510925293,-0.5401787161827087,4,4.062863826751709,0.013499736785888672
2018-03-02 11:59:00+00:00,56.73870849609375,-0.5137932300567627,4,4.062863826751709,0.013499736785888672
2018-03-02 12:00:00+00:00,56.764869689941406,-0.48023736476898193,4,4.062863826751709,0.013499736785888672
2018-03-02 12:01:00+00:00,56.48530578613281,-0.8396030068397522,4,4.062863826751709,0.013499736785888672
2018-03-02 12:02:00+00:00,57.163841247558594,0.029635123908519745,4,4.062863826751709,0.013499736785888672
2018-03-02 12:03:00+00:00,56.76910400390625,-0.474797785282135,4,4.062863826751709,0.013499736785888672
2018-03-02 12:04:00+00:00,56.34247970581055,-1.0238776206970215,4,4.062863826751709,0.013499736785888672
2018-03-02 12:05:00+00:00,56.8681526184082,-0.34792131185531616,4,4.062863826751709,0.013499736785888672
2018-03-02 12:06:00+00:00,57.24821472167969,0.13701388239860535,4,4.062863826751709,0.013499736785888672
2018-03-02 12:07:00+00:00,56.843467712402344,-0.3794991374015808,4,4.062863826751709,0.013499736785888672
2018-03-02 12:08:00+00:00,57.121612548828125,-0.024160221219062805,4,4.062863826751709,0.013499736785888672
2018-03-02 12:09:00+00:00,57.51176452636719,0.47140687704086304,4,4.062863826751709,0.013499736785888672
2018-03-02 12:10:00+00:00,57.21553421020508,0.09543993324041367,4,4.062863826751709,0.013499736785888672
2018-03-02 12:11:00+00:00,56.74549102783203,-0.5051040053367615,4,4.062863826751709,0.013499736785888672
2018-03-02 12:12:00+00:00,56.4869384765625,-0.8375189900398254,4,4.062863826751709,0.013499736785888672
2018-03-02 12:13:00+00:00,56.71270751953125,-0.5471371412277222,4,4.062863826751709,0.013499736785888672
2018-03-02 12:14:00+00:00,56.64470672607422,-0.6344883441925049,4,4.062863826751709,0.013499736785888672
2018-03-02 12:15:00+00:00,57.222206115722656,0.1039172038435936,4,4.062863826751709,0.013499736785888672
2018-03-02 12:16:00+00:00,57.05778503417969,-0.10554201900959015,4,4.062863826751709,0.013499736785888672
2018-03-02 12:17:00+00:00,57.2327995300293,0.11741019040346146,4,4.062863826751709,0.013499736785888672
2018-03-02 12:18:00+00:00,56.70047378540039,-0.5628554224967957,4,4.062863826751709,0.013499736785888672
2018-03-02 12:19:00+00:00,56.672325134277344,-0.5989897847175598,4,4.062863826751709,0.013499736785888672
2018-03-02 12:20:00+00:00,56.72901916503906,-0.5262265801429749,4,4.062863826751709,0.013499736785888672
2018-03-02 12:21:00+00:00,57.536964416503906,0.5033025741577148,4,4.062863826751709,0.013499736785888672
2018-03-02 12:22:00+00:00,56.68247985839844,-0.5859559774398804,4,4.062863826751709,0.013499736785888672
2018-03-02 12:23:00+00:00,56.65187454223633,-0.62526935338974,4,4.062863826751709,0.013499736785888672
2018-03-02 12:24:00+00:00,56.87031936645508,-0.3451308608055115,4,4.062863826751709,0.013499736785888672
2018-03-02 12:25:00+00:00,57.015254974365234,-0.15983186662197113,4,4.062863826751709,0.013499736785888672
2018-03-02 12:26:00+00:00,56.88623046875,-0.32478541135787964,4,4.062863826751709,0.013499736785888672
2018-03-02 12:27:00+00:00,57.314205169677734,0.22086821496486664,4,4.062863826751709,0.013499736785888672
2018-03-02 12:28:00+00:00,57.03532409667969,-0.13422344624996185,4,4.062863826751709,0.013499736785888672
2018-03-02 12:29:00+00:00,57.45045471191406,0.39376920461654663,4,4.062863826751709,0.013499736785888672
2018-03-02 12:30:00+00:00,56.972633361816406,-0.2142983227968216,4,4.062863826751709,0.013499736785888672
2018-03-02 12:31:00+00:00,56.93602752685547,-0.2610645890235901,4,4.062863826751709,0.013499736785888672
2018-03-02 12:32:00+00:00,56.739288330078125,-0.513051450252533,4,4.062863826751709,0.013499736785888672
2018-03-02 12:33:00+00:00,56.80866241455078,-0.4241107702255249,4,4.062863826751709,0.013499736785888672
2018-03-02 12:34:00+00:00,56.9538459777832,-0.23828193545341492,4,4.062863826751709,0.013499736785888672
2018-03-02 12:35:00+00:00,56.873958587646484,-0.3404683768749237,4,4.062863826751709,0.013499736785888672
2018-03-02 12:36:00+00:00,56.69226837158203,-0.5733813643455505,4,4.062863826751709,0.013499736785888672
2018-03-02 12:37:00+00:00,57.0460205078125,-0.12055385112762451,4,4.062863826751709,0.013499736785888672
2018-03-02 12:38:00+00:00,56.765045166015625,-0.48002544045448303,4,4.062863826751709,0.013499736785888672
2018-03-02 12:39:00+00:00,56.941349029541016,-0.25428280234336853,4,4.062863826751709,0.013499736785888672
2018-03-02 12:40:00+00:00,57.040138244628906,-0.128077432513237,4,4.062863826751709,0.013499736785888672
2018-03-02 12:41:00+00:00,57.15576171875,0.019356433302164078,4,4.062863826751709,0.013499736785888672
2018-03-02 12:42:00+00:00,57.49916076660156,0.45547667145729065,4,4.062863826751709,0.013499736785888672
2018-03-02 12:43:00+00:00,56.78524398803711,-0.4540991187095642,4,4.062863826751709,0.013499736785888672
2018-03-02 12:44:00+00:00,57.36689758300781,0.2878033220767975,4,4.062863826751709,0.013499736785888672
2018-03-02 12:45:00+00:00,57.463226318359375,0.40994665026664734,4,4.062863826751709,0.013499736785888672
2018-03-02 12:46:00+00:00,56.709686279296875,-0.5510225892066956,4,4.062863826751709,0.013499736785888672
2018-03-02 12:47:00+00:00,57.141048431396484,0.0006004733149893582,4,4.062863826751709,0.013499736785888672
2018-03-02 12:48:00+00:00,57.54014205932617,0.5073292851448059,4,4.062863826751709,0.013499736785888672
2018-03-02 12:49:00+00:00,56.68938064575195,-0.5770902037620544,4,4.062863826751709,0.013499736785888672
2018-03-02 12:50:00+00:00,56.942562103271484,-0.2527286112308502,4,4.062863826751709,0.013499736785888672
2018-03-02 12:51:00+00:00,57.42408752441406,0.3603193163871765,4,4.062863826751709,0.013499736785888672
2018-03-02 12:52:00+00:00,56.73150634765625,-0.5230122804641724,4,4.062863826751709,0.013499736785888672
2018-03-02 12:53:00+00:00,57.26853942871094,0.16286955773830414,4,4.062863826751709,0.013499736785888672
2018-03-02 12:54:00+00:00,56.723716735839844,-0.5330083966255188,4,4.062863826751709,0.013499736785888672
2018-03-02 12:55:00+00:00,56.81776428222656,-0.4124191999435425,4,4.062863826751709,0.013499736785888672
2018-03-02 12:56:00+00:00,56.79458236694336,-0.44212496280670166,4,4.062863826751709,0.013499736785888672
2018-03-02 12:57:00+00:00,56.82539367675781,-0.40267035365104675,4,4.062863826751709,0.013499736785888672
2018-03-02 12:58:00+00:00,57.659423828125,0.658118724822998,4,4.062863826751709,0.013499736785888672
2018-03-02 12:59:00+00:00,56.857486724853516,-0.3615555763244629,4,4.062863826751709,0.013499736785888672
