split,index,timestamp,sigma_min,sigma_median,sigma_mean,sigma_max,count_below_1e-6,count_below_1e-5,count_below_1e-4
train,0,2018-02-14 01:30:00+00:00,0.04581839218735695,0.9965776205062866,2.9683518409729004,38.40959167480469,0,0,0
train,1,2018-02-14 01:31:00+00:00,0.046095166355371475,0.9963779449462891,2.9640674591064453,38.34516525268555,0,0,0
train,2,2018-02-14 01:32:00+00:00,0.04617400839924812,0.9967095851898193,2.964235544204712,38.34618377685547,0,0,0
train,3,2018-02-14 01:33:00+00:00,0.045916177332401276,0.9966524839401245,2.9676079750061035,38.39873504638672,0,0,0
train,4,2018-02-14 01:34:00+00:00,0.04589110612869263,0.9973416924476624,2.9678804874420166,38.3992805480957,0,0,0
train,5,2018-02-14 01:35:00+00:00,0.04571439325809479,0.9972946047782898,2.9701225757598877,38.4343147277832,0,0,0
train,6,2018-02-14 01:36:00+00:00,0.045729342848062515,0.9973198175430298,2.9686152935028076,38.40716552734375,0,0,0
train,7,2018-02-14 01:37:00+00:00,0.04570064693689346,0.9976019859313965,2.9689218997955322,38.41550064086914,0,0,0
train,8,2018-02-14 01:38:00+00:00,0.04589693993330002,0.9976601004600525,2.9678444862365723,38.39650344848633,0,0,0
train,9,2018-02-14 01:39:00+00:00,0.04589128494262695,0.9969800710678101,2.9678847789764404,38.398746490478516,0,0,0
train,10,2018-02-14 01:40:00+00:00,0.04606299102306366,0.9978234767913818,2.966270685195923,38.373355865478516,0,0,0
train,11,2018-02-14 01:41:00+00:00,0.0460975244641304,0.9974781274795532,2.965399980545044,38.3640251159668,0,0,0
train,12,2018-02-14 01:42:00+00:00,0.04611137509346008,0.9980531930923462,2.9654974937438965,38.365150451660156,0,0,0
train,13,2018-02-14 01:43:00+00:00,0.04581708461046219,0.9988003969192505,2.9693284034729004,38.42329025268555,0,0,0
train,14,2018-02-14 01:44:00+00:00,0.04607555642724037,0.9977989196777344,2.965803861618042,38.37053298950195,0,0,0
train,15,2018-02-14 01:45:00+00:00,0.04548604413866997,0.99882972240448,2.9752449989318848,38.51268768310547,0,0,0
train,16,2018-02-14 01:46:00+00:00,0.045776478946208954,0.9984614253044128,2.96947979927063,38.42392349243164,0,0,0
train,17,2018-02-14 01:47:00+00:00,0.04567798599600792,0.9974520206451416,2.9706661701202393,38.444541931152344,0,0,0
train,18,2018-02-14 01:48:00+00:00,0.045316439121961594,0.9989927411079407,2.9759104251861572,38.516639709472656,0,0,0
train,19,2018-02-14 01:49:00+00:00,0.045501459389925,0.9985558986663818,2.971863031387329,38.45917510986328,0,0,0
train,20,2018-02-14 01:50:00+00:00,0.0453985221683979,0.9986871480941772,2.9729273319244385,38.47028350830078,0,0,0
train,21,2018-02-14 01:51:00+00:00,0.045195359736680984,0.9997321367263794,2.976813793182373,38.5257453918457,0,0,0
train,22,2018-02-14 01:52:00+00:00,0.045232970267534256,0.9995014667510986,2.9755859375,38.50947952270508,0,0,0
train,23,2018-02-14 01:53:00+00:00,0.04547186195850372,0.9989746809005737,2.971912384033203,38.45603942871094,0,0,0
train,24,2018-02-14 01:54:00+00:00,0.04528329148888588,0.999455451965332,2.9758031368255615,38.51310348510742,0,0,0
train,25,2018-02-14 01:55:00+00:00,0.04543951153755188,0.9983577728271484,2.972947359085083,38.471099853515625,0,0,0
train,26,2018-02-14 01:56:00+00:00,0.0457189567387104,0.9970070719718933,2.9685497283935547,38.40719985961914,0,0,0
train,27,2018-02-14 01:57:00+00:00,0.04552692919969559,0.9979280233383179,2.97174072265625,38.457305908203125,0,0,0
train,28,2018-02-14 01:58:00+00:00,0.04574315622448921,0.9978353977203369,2.968858242034912,38.41013717651367,0,0,0
train,29,2018-02-14 01:59:00+00:00,0.04536556079983711,0.9986253380775452,2.974653482437134,38.49626541137695,0,0,0
train,30,2018-02-14 02:00:00+00:00,0.04536652937531471,0.998760461807251,2.9735238552093506,38.47919845581055,0,0,0
train,31,2018-02-14 02:01:00+00:00,0.04505915939807892,0.9993399381637573,2.9785661697387695,38.5575065612793,0,0,0
train,32,2018-02-14 02:02:00+00:00,0.04446588456630707,1.001758098602295,2.9885830879211426,38.70681381225586,0,0,0
train,33,2018-02-14 02:03:00+00:00,0.04425665736198425,1.0024538040161133,2.992321014404297,38.763309478759766,0,0,0
train,34,2018-02-14 02:04:00+00:00,0.04422673210501671,1.002281665802002,2.9928460121154785,38.77156066894531,0,0,0
train,35,2018-02-14 02:05:00+00:00,0.044218774884939194,1.002044916152954,2.992943048477173,38.77326202392578,0,0,0
train,36,2018-02-14 02:06:00+00:00,0.044228240847587585,1.0017802715301514,2.9927151203155518,38.769962310791016,0,0,0
train,37,2018-02-14 02:07:00+00:00,0.04423205181956291,1.0015901327133179,2.9926035404205322,38.76839065551758,0,0,0
train,38,2018-02-14 02:08:00+00:00,0.04424680396914482,1.0014839172363281,2.9922873973846436,38.7636833190918,0,0,0
train,39,2018-02-14 02:09:00+00:00,0.04426104947924614,1.0014238357543945,2.9919915199279785,38.75914764404297,0,0,0
train,40,2018-02-14 02:10:00+00:00,0.044276975095272064,1.0013331174850464,2.9917140007019043,38.7548942565918,0,0,0
train,41,2018-02-14 02:11:00+00:00,0.044286977499723434,1.0012586116790771,2.991534471511841,38.75225830078125,0,0,0
train,42,2018-02-14 02:12:00+00:00,0.04428691789507866,1.0012695789337158,2.991537094116211,38.75232696533203,0,0,0
train,43,2018-02-14 02:13:00+00:00,0.044293638318777084,1.0012321472167969,2.991425037384033,38.75067901611328,0,0,0
train,44,2018-02-14 02:14:00+00:00,0.04433223232626915,1.0009770393371582,2.9907331466674805,38.74038314819336,0,0,0
train,45,2018-02-14 02:15:00+00:00,0.04431059584021568,1.0012203454971313,2.9911484718322754,38.74641799926758,0,0,0
train,46,2018-02-14 02:16:00+00:00,0.04430847242474556,1.0012438297271729,2.9912006855010986,38.74715042114258,0,0,0
train,47,2018-02-14 02:17:00+00:00,0.04431005194783211,1.0012686252593994,2.9911749362945557,38.74666976928711,0,0,0
train,48,2018-02-14 02:18:00+00:00,0.044313058257102966,1.0012609958648682,2.991154670715332,38.74631881713867,0,0,0
train,49,2018-02-14 02:19:00+00:00,0.044315438717603683,1.0012755393981934,2.9910948276519775,38.74535369873047,0,0,0
train,50,2018-02-14 02:20:00+00:00,0.044318050146102905,1.00129234790802,2.991072654724121,38.74492263793945,0,0,0
train,51,2018-02-14 02:21:00+00:00,0.04433685168623924,1.001235842704773,2.9908242225646973,38.740867614746094,0,0,0
train,52,2018-02-14 02:22:00+00:00,0.04433048143982887,1.0013396739959717,2.9908597469329834,38.74131774902344,0,0,0
train,53,2018-02-14 02:23:00+00:00,0.04432443529367447,1.0014331340789795,2.990886926651001,38.74163055419922,0,0,0
train,54,2018-02-14 02:24:00+00:00,0.04432211443781853,1.0014528036117554,2.9908506870269775,38.74119567871094,0,0,0
train,55,2018-02-14 02:25:00+00:00,0.04431646317243576,1.0014748573303223,2.990938425064087,38.74262619018555,0,0,0
train,56,2018-02-14 02:26:00+00:00,0.04430253431200981,1.001574993133545,2.9911069869995117,38.74525451660156,0,0,0
train,57,2018-02-14 02:27:00+00:00,0.04428697004914284,1.0018877983093262,2.9909141063690186,38.742401123046875,0,0,0
train,58,2018-02-14 02:28:00+00:00,0.04449322074651718,1.000625491142273,2.988218069076538,38.701541900634766,0,0,0
train,59,2018-02-14 02:29:00+00:00,0.04493478313088417,0.999066948890686,2.9831740856170654,38.625186920166016,0,0,0
train,60,2018-02-14 02:30:00+00:00,0.04512215405702591,0.9987752437591553,2.9807701110839844,38.589473724365234,0,0,0
train,61,2018-02-14 02:31:00+00:00,0.04711072891950607,0.9932901263237,2.9578030109405518,38.240867614746094,0,0,0
train,62,2018-02-14 02:32:00+00:00,0.04712481051683426,0.9932845830917358,2.9577744007110596,38.24057388305664,0,0,0
train,63,2018-02-14 02:33:00+00:00,0.04712434113025665,0.9932817816734314,2.957749605178833,38.240196228027344,0,0,0
train,64,2018-02-14 02:34:00+00:00,0.04712085798382759,0.9932902455329895,2.9577889442443848,38.240806579589844,0,0,0
train,65,2018-02-14 02:35:00+00:00,0.04712184518575668,0.9932858347892761,2.957836389541626,38.24148178100586,0,0,0
train,66,2018-02-14 02:36:00+00:00,0.04712345451116562,0.9932863712310791,2.9577794075012207,38.24068069458008,0,0,0
train,67,2018-02-14 02:37:00+00:00,0.04712461307644844,0.9932854175567627,2.9577763080596924,38.24065017700195,0,0,0
train,68,2018-02-14 02:38:00+00:00,0.04712709039449692,0.9932801723480225,2.9577720165252686,38.240570068359375,0,0,0
train,69,2018-02-14 02:39:00+00:00,0.047128353267908096,0.9932780265808105,2.957784414291382,38.24076461791992,0,0,0
train,70,2018-02-14 02:40:00+00:00,0.04714444279670715,0.9932321906089783,2.9575600624084473,38.2373046875,0,0,0
train,71,2018-02-14 02:41:00+00:00,0.047142043709754944,0.9932706952095032,2.957601308822632,38.23798751831055,0,0,0
train,72,2018-02-14 02:42:00+00:00,0.04714153707027435,0.9932705163955688,2.9575917720794678,38.23788070678711,0,0,0
train,73,2018-02-14 02:43:00+00:00,0.04714024439454079,0.9932683706283569,2.957646369934082,38.238685607910156,0,0,0
train,74,2018-02-14 02:44:00+00:00,0.04714445397257805,0.9932560920715332,2.9575490951538086,38.23725128173828,0,0,0
train,75,2018-02-14 02:45:00+00:00,0.04714440926909447,0.9932504892349243,2.957559108734131,38.23735427856445,0,0,0
train,76,2018-02-14 02:46:00+00:00,0.04714679718017578,0.9932419061660767,2.9576256275177,38.23828125,0,0,0
train,77,2018-02-14 02:47:00+00:00,0.04714939743280411,0.9932458400726318,2.95759654045105,38.23787307739258,0,0,0
train,78,2018-02-14 02:48:00+00:00,0.04715321958065033,0.9932356476783752,2.957494020462036,38.236366271972656,0,0,0
train,79,2018-02-14 02:49:00+00:00,0.047152627259492874,0.9932385683059692,2.957477331161499,38.23612594604492,0,0,0
train,80,2018-02-14 02:50:00+00:00,0.047152187675237656,0.9932361841201782,2.9574673175811768,38.235939025878906,0,0,0
train,81,2018-02-14 02:51:00+00:00,0.04715009778738022,0.9932451248168945,2.9575555324554443,38.23722457885742,0,0,0
train,82,2018-02-14 02:52:00+00:00,0.04715003818273544,0.9932385683059692,2.957460641860962,38.23586654663086,0,0,0
train,83,2018-02-14 02:53:00+00:00,0.04714611917734146,0.9932481050491333,2.9575412273406982,38.237056732177734,0,0,0
train,84,2018-02-14 02:54:00+00:00,0.04714535176753998,0.9932510852813721,2.9576025009155273,38.23794937133789,0,0,0
train,85,2018-02-14 02:55:00+00:00,0.04714491590857506,0.9932513236999512,2.9576220512390137,38.23825454711914,0,0,0
train,86,2018-02-14 02:56:00+00:00,0.04714721441268921,0.9932467341423035,2.957629919052124,38.23835372924805,0,0,0
train,87,2018-02-14 02:57:00+00:00,0.04714871570467949,0.9932465553283691,2.9575634002685547,38.237396240234375,0,0,0
train,88,2018-02-14 02:58:00+00:00,0.04714729264378548,0.9932456016540527,2.9575321674346924,38.23694610595703,0,0,0
train,89,2018-02-14 02:59:00+00:00,0.04714415594935417,0.9932515621185303,2.9576430320739746,38.23856735229492,0,0,0
train,90,2018-02-14 03:00:00+00:00,0.04714534059166908,0.993249237537384,2.9576518535614014,38.23870086669922,0,0,0
train,91,2018-02-14 03:01:00+00:00,0.04714639112353325,0.9932518005371094,2.9575929641723633,38.237857818603516,0,0,0
train,92,2018-02-14 03:02:00+00:00,0.04714484512805939,0.993252694606781,2.9575865268707275,38.2377815246582,0,0,0
train,93,2018-02-14 03:03:00+00:00,0.0471421517431736,0.9932563900947571,2.957648754119873,38.238685607910156,0,0,0
train,94,2018-02-14 03:04:00+00:00,0.04714201018214226,0.9932546615600586,2.9575743675231934,38.23762512207031,0,0,0
train,95,2018-02-14 03:05:00+00:00,0.04713939130306244,0.9932621717453003,2.9576644897460938,38.23893356323242,0,0,0
train,96,2018-02-14 03:06:00+00:00,0.04714219644665718,0.9932490587234497,2.9575138092041016,38.23673629760742,0,0,0
train,97,2018-02-14 03:07:00+00:00,0.0471394918859005,0.993259072303772,2.95762300491333,38.23830795288086,0,0,0
train,98,2018-02-14 03:08:00+00:00,0.047137387096881866,0.9932668209075928,2.957653522491455,38.238807678222656,0,0,0
train,99,2018-02-14 03:09:00+00:00,0.04714009538292885,0.993254542350769,2.9576194286346436,38.2382698059082,0,0,0
train,100,2018-02-14 03:10:00+00:00,0.04714041203260422,0.9932589530944824,2.957625389099121,38.23835372924805,0,0,0
train,101,2018-02-14 03:11:00+00:00,0.047140542417764664,0.9932571649551392,2.9576380252838135,38.23854064941406,0,0,0
train,102,2018-02-14 03:12:00+00:00,0.04714176803827286,0.9932570457458496,2.957571268081665,38.23756790161133,0,0,0
train,103,2018-02-14 03:13:00+00:00,0.04713959991931915,0.9932616949081421,2.957597494125366,38.23795700073242,0,0,0
train,104,2018-02-14 03:14:00+00:00,0.047137707471847534,0.993263304233551,2.957603693008423,38.23805618286133,0,0,0
train,105,2018-02-14 03:15:00+00:00,0.047134723514318466,0.9932681322097778,2.9576404094696045,38.23860168457031,0,0,0
train,106,2018-02-14 03:16:00+00:00,0.04713313654065132,0.9932682514190674,2.957676410675049,38.23915100097656,0,0,0
train,107,2018-02-14 03:17:00+00:00,0.047134920954704285,0.9932647943496704,2.9577267169952393,38.23984909057617,0,0,0
train,108,2018-02-14 03:18:00+00:00,0.047136422246694565,0.9932664036750793,2.957681179046631,38.23921585083008,0,0,0
train,109,2018-02-14 03:19:00+00:00,0.04713859036564827,0.9932593703269958,2.9576642513275146,38.238929748535156,0,0,0
train,110,2018-02-14 03:20:00+00:00,0.04713805392384529,0.9932594895362854,2.9576234817504883,38.23835754394531,0,0,0
train,111,2018-02-14 03:21:00+00:00,0.04713672026991844,0.993260383605957,2.957646608352661,38.23868179321289,0,0,0
train,112,2018-02-14 03:22:00+00:00,0.047135259956121445,0.9932608008384705,2.95767879486084,38.239192962646484,0,0,0
train,113,2018-02-14 03:23:00+00:00,0.04713677614927292,0.9932588934898376,2.95772123336792,38.239723205566406,0,0,0
train,114,2018-02-14 03:24:00+00:00,0.047135744243860245,0.9932640790939331,2.9576587677001953,38.23888397216797,0,0,0
train,115,2018-02-14 03:25:00+00:00,0.04713328927755356,0.9932681322097778,2.957670211791992,38.23905563354492,0,0,0
train,116,2018-02-14 03:26:00+00:00,0.047131240367889404,0.9932705163955688,2.9577202796936035,38.239803314208984,0,0,0
train,117,2018-02-14 03:27:00+00:00,0.04713215306401253,0.9932683706283569,2.95771861076355,38.239749908447266,0,0,0
train,118,2018-02-14 03:28:00+00:00,0.04713175818324089,0.9932684898376465,2.957676887512207,38.2391471862793,0,0,0
train,119,2018-02-14 03:29:00+00:00,0.04712885245680809,0.9932743310928345,2.957716226577759,38.23973083496094,0,0,0
train,120,2018-02-14 03:30:00+00:00,0.04712557792663574,0.9932794570922852,2.957752227783203,38.24030303955078,0,0,0
train,121,2018-02-14 03:31:00+00:00,0.04712766036391258,0.9932717084884644,2.9577932357788086,38.240840911865234,0,0,0
train,122,2018-02-14 03:32:00+00:00,0.0471295528113842,0.993269681930542,2.9577372074127197,38.24003601074219,0,0,0
train,123,2018-02-14 03:33:00+00:00,0.04714680835604668,0.9931977391242981,2.9576292037963867,38.23848342895508,0,0,0
train,124,2018-02-14 03:34:00+00:00,0.04776535928249359,0.9921090602874756,2.9476397037506104,38.08987808227539,0,0,0
train,125,2018-02-14 03:35:00+00:00,0.04686473682522774,0.9961898326873779,2.959320306777954,38.266502380371094,0,0,0
train,126,2018-02-14 03:36:00+00:00,0.04635663330554962,0.9986573457717896,2.9665536880493164,38.375396728515625,0,0,0
train,127,2018-02-14 03:37:00+00:00,0.04657416418194771,0.9984382390975952,2.964059829711914,38.34109115600586,0,0,0
train,128,2018-02-14 03:38:00+00:00,0.04639939218759537,0.9989705085754395,2.96707820892334,38.38310623168945,0,0,0
train,129,2018-02-14 03:39:00+00:00,0.04606401175260544,1.0001871585845947,2.9699339866638184,38.42805862426758,0,0,0
train,130,2018-02-14 03:40:00+00:00,0.0455893948674202,1.0022854804992676,2.976604700088501,38.528419494628906,0,0,0
train,131,2018-02-14 03:41:00+00:00,0.0455450713634491,1.0003178119659424,2.976743698120117,38.53419876098633,0,0,0
train,132,2018-02-14 03:42:00+00:00,0.04536738246679306,0.9984197616577148,2.9782488346099854,38.55841827392578,0,0,0
train,133,2018-02-14 03:43:00+00:00,0.04532283544540405,0.9971713423728943,2.9781582355499268,38.556724548339844,0,0,0
train,134,2018-02-14 03:44:00+00:00,0.04493127390742302,0.9994478225708008,2.9835264682769775,38.63430404663086,0,0,0
train,135,2018-02-14 03:45:00+00:00,0.04453406110405922,1.000758171081543,2.9890713691711426,38.7158317565918,0,0,0
train,136,2018-02-14 03:46:00+00:00,0.04420359060168266,1.0018706321716309,2.993323802947998,38.779354095458984,0,0,0
train,137,2018-02-14 03:47:00+00:00,0.043991539627313614,1.0026695728302002,2.9971394538879395,38.83749771118164,0,0,0
train,138,2018-02-14 03:48:00+00:00,0.044108785688877106,1.0026341676712036,2.9943835735321045,38.79273223876953,0,0,0
train,139,2018-02-14 03:49:00+00:00,0.044026218354701996,1.0034399032592773,2.995518207550049,38.81149673461914,0,0,0
train,140,2018-02-14 03:50:00+00:00,0.044228922575712204,1.0021106004714966,2.992332935333252,38.76393508911133,0,0,0
train,141,2018-02-14 03:51:00+00:00,0.043834388256073,1.0037815570831299,2.998180389404297,38.853145599365234,0,0,0
train,142,2018-02-14 03:52:00+00:00,0.043807294219732285,1.0034730434417725,2.9987876415252686,38.862937927246094,0,0,0
train,143,2018-02-14 03:53:00+00:00,0.04392620548605919,1.0027315616607666,2.997056722640991,38.83994674682617,0,0,0
train,144,2018-02-14 03:54:00+00:00,0.04392597824335098,1.0032918453216553,2.997061252593994,38.837284088134766,0,0,0
train,145,2018-02-14 03:55:00+00:00,0.04431625455617905,1.0015596151351929,2.9905076026916504,38.73607635498047,0,0,0
train,146,2018-02-14 03:56:00+00:00,0.04440696910023689,1.000842809677124,2.9893548488616943,38.721561431884766,0,0,0
train,147,2018-02-14 03:57:00+00:00,0.044487208127975464,1.000507116317749,2.988283157348633,38.708343505859375,0,0,0
train,148,2018-02-14 03:58:00+00:00,0.04438695311546326,1.0011250972747803,2.9898598194122314,38.7302360534668,0,0,0
train,149,2018-02-14 03:59:00+00:00,0.044715557247400284,0.9998916387557983,2.984072208404541,38.64561462402344,0,0,0
train,150,2018-02-14 04:00:00+00:00,0.0445513054728508,1.0007115602493286,2.9871673583984375,38.690269470214844,0,0,0
train,151,2018-02-14 04:01:00+00:00,0.04475517198443413,0.9996830821037292,2.9835028648376465,38.637451171875,0,0,0
train,152,2018-02-14 04:02:00+00:00,0.04429678991436958,1.0009256601333618,2.990302324295044,38.73912048339844,0,0,0
train,153,2018-02-14 04:03:00+00:00,0.044319916516542435,1.0014058351516724,2.9907917976379395,38.74356460571289,0,0,0
train,154,2018-02-14 04:04:00+00:00,0.04439455270767212,1.0011742115020752,2.989664077758789,38.72388458251953,0,0,0
train,155,2018-02-14 04:05:00+00:00,0.04431985691189766,1.002113938331604,2.9902422428131104,38.73017501831055,0,0,0
train,156,2018-02-14 04:06:00+00:00,0.04408003389835358,1.0022518634796143,2.99316668510437,38.7763786315918,0,0,0
train,157,2018-02-14 04:07:00+00:00,0.04431283101439476,1.0016694068908691,2.9903359413146973,38.732120513916016,0,0,0
train,158,2018-02-14 04:08:00+00:00,0.044250912964344025,1.0022612810134888,2.991436719894409,38.74894332885742,0,0,0
train,159,2018-02-14 04:09:00+00:00,0.04450979828834534,1.0010592937469482,2.9877395629882812,38.69190979003906,0,0,0
train,160,2018-02-14 04:10:00+00:00,0.04440466687083244,1.0015020370483398,2.988715410232544,38.708343505859375,0,0,0
train,161,2018-02-14 04:11:00+00:00,0.0444648303091526,1.001774549484253,2.987851619720459,38.694236755371094,0,0,0
train,162,2018-02-14 04:12:00+00:00,0.04425259307026863,1.0017061233520508,2.9911158084869385,38.74550247192383,0,0,0
train,163,2018-02-14 04:13:00+00:00,0.04379386827349663,1.0039522647857666,2.9998135566711426,38.8768424987793,0,0,0
train,164,2018-02-14 04:14:00+00:00,0.0440870076417923,1.0029871463775635,2.9951679706573486,38.80628204345703,0,0,0
train,165,2018-02-14 04:15:00+00:00,0.04416605085134506,1.0025842189788818,2.9933671951293945,38.77815628051758,0,0,0
train,166,2018-02-14 04:16:00+00:00,0.04413100704550743,1.0029296875,2.9938857555389404,38.78826904296875,0,0,0
train,167,2018-02-14 04:17:00+00:00,0.04452614486217499,1.0011513233184814,2.9871084690093994,38.68895721435547,0,0,0
train,168,2018-02-14 04:18:00+00:00,0.04405287653207779,1.0027499198913574,2.994544744491577,38.80247497558594,0,0,0
train,169,2018-02-14 04:19:00+00:00,0.044387269765138626,1.0017458200454712,2.988729238510132,38.708778381347656,0,0,0
train,170,2018-02-14 04:20:00+00:00,0.044252436608076096,1.0027985572814941,2.990605354309082,38.740177154541016,0,0,0
train,171,2018-02-14 04:21:00+00:00,0.04442180320620537,1.0022964477539062,2.9880690574645996,38.701072692871094,0,0,0
train,172,2018-02-14 04:22:00+00:00,0.04425771161913872,1.0028049945831299,2.9909636974334717,38.74466323852539,0,0,0
train,173,2018-02-14 04:23:00+00:00,0.04465744271874428,1.0017805099487305,2.9845433235168457,38.64755630493164,0,0,0
train,174,2018-02-14 04:24:00+00:00,0.04456872493028641,1.0020102262496948,2.9858860969543457,38.6661376953125,0,0,0
train,175,2018-02-14 04:25:00+00:00,0.044835690408945084,1.0001401901245117,2.9811203479766846,38.59703826904297,0,0,0
train,176,2018-02-14 04:26:00+00:00,0.044617634266614914,1.001305341720581,2.98518443107605,38.65960693359375,0,0,0
train,177,2018-02-14 04:27:00+00:00,0.044963207095861435,0.9991833567619324,2.9794671535491943,38.57455062866211,0,0,0
train,178,2018-02-14 04:28:00+00:00,0.045242808759212494,0.9979416131973267,2.9750616550445557,38.510658264160156,0,0,0
train,179,2018-02-14 04:29:00+00:00,0.044744815677404404,1.000420331954956,2.9843027591705322,38.646663665771484,0,0,0
train,180,2018-02-14 04:30:00+00:00,0.04490978643298149,0.999433696269989,2.982334613800049,38.62129211425781,0,0,0
train,181,2018-02-14 04:31:00+00:00,0.045037612318992615,0.9993743896484375,2.97884464263916,38.56565856933594,0,0,0
train,182,2018-02-14 04:32:00+00:00,0.044569697231054306,1.0008103847503662,2.986604690551758,38.680580139160156,0,0,0
train,183,2018-02-14 04:33:00+00:00,0.044840652495622635,0.999472975730896,2.983555316925049,38.63737487792969,0,0,0
train,184,2018-02-14 04:34:00+00:00,0.044960688799619675,0.9986486434936523,2.9832305908203125,38.63709259033203,0,0,0
train,185,2018-02-14 04:35:00+00:00,0.04459288343787193,1.0002069473266602,2.987787961959839,38.69970703125,0,0,0
train,186,2018-02-14 04:36:00+00:00,0.04471401870250702,0.9993940591812134,2.9863250255584717,38.681800842285156,0,0,0
train,187,2018-02-14 04:37:00+00:00,0.04501043260097504,0.9984167814254761,2.982433319091797,38.626686096191406,0,0,0
train,188,2018-02-14 04:38:00+00:00,0.044999558478593826,0.9979689717292786,2.9818367958068848,38.61556625366211,0,0,0
train,189,2018-02-14 04:39:00+00:00,0.044655900448560715,0.9996935129165649,2.9870619773864746,38.68738555908203,0,0,0
train,190,2018-02-14 04:40:00+00:00,0.044601649045944214,1.000643014907837,2.987393617630005,38.68968200683594,0,0,0
train,191,2018-02-14 04:41:00+00:00,0.04476298391819,0.9997959136962891,2.9846456050872803,38.64785385131836,0,0,0
train,192,2018-02-14 04:42:00+00:00,0.044779565185308456,1.0000070333480835,2.983444929122925,38.631103515625,0,0,0
train,193,2018-02-14 04:43:00+00:00,0.044544659554958344,1.0007867813110352,2.98709774017334,38.68867111206055,0,0,0
train,194,2018-02-14 04:44:00+00:00,0.04460679739713669,1.0009163618087769,2.9866597652435303,38.6802978515625,0,0,0
train,195,2018-02-14 04:45:00+00:00,0.044601358473300934,1.001062273979187,2.986182689666748,38.67272186279297,0,0,0
train,196,2018-02-14 04:46:00+00:00,0.0446249321103096,1.0007665157318115,2.9851300716400146,38.658077239990234,0,0,0
train,197,2018-02-14 04:47:00+00:00,0.04450789466500282,1.0013344287872314,2.987250804901123,38.688751220703125,0,0,0
train,198,2018-02-14 04:48:00+00:00,0.04429534822702408,1.0023963451385498,2.990501642227173,38.73676300048828,0,0,0
train,199,2018-02-14 04:49:00+00:00,0.044394832104444504,1.0018492937088013,2.9881536960601807,38.702049255371094,0,0,0
train,200,2018-02-14 04:50:00+00:00,0.044411011040210724,1.0021710395812988,2.9880669116973877,38.701141357421875,0,0,0
train,201,2018-02-14 04:51:00+00:00,0.04435006156563759,1.002443790435791,2.9894793033599854,38.7205924987793,0,0,0
train,202,2018-02-14 04:52:00+00:00,0.04433519020676613,1.002595067024231,2.9891550540924072,38.717647552490234,0,0,0
train,203,2018-02-14 04:53:00+00:00,0.04439498856663704,1.0017292499542236,2.989255428314209,38.720638275146484,0,0,0
train,204,2018-02-14 04:54:00+00:00,0.04455123096704483,1.001419186592102,2.9859824180603027,38.66843795776367,0,0,0
train,205,2018-02-14 04:55:00+00:00,0.044673509895801544,1.0009939670562744,2.983510971069336,38.6338996887207,0,0,0
train,206,2018-02-14 04:56:00+00:00,0.04469311237335205,1.0008714199066162,2.9835503101348877,38.63268280029297,0,0,0
train,207,2018-02-14 04:57:00+00:00,0.0446181558072567,1.0014233589172363,2.9852828979492188,38.66011428833008,0,0,0
train,208,2018-02-14 04:58:00+00:00,0.04479242116212845,1.0004682540893555,2.9822914600372314,38.61752700805664,0,0,0
train,209,2018-02-14 04:59:00+00:00,0.04453611001372337,1.0017824172973633,2.9860153198242188,38.673484802246094,0,0,0
train,210,2018-02-14 05:00:00+00:00,0.044643301516771317,1.0014746189117432,2.9849135875701904,38.654388427734375,0,0,0
train,211,2018-02-14 05:01:00+00:00,0.044288598001003265,1.002171277999878,2.9891555309295654,38.718875885009766,0,0,0
train,212,2018-02-14 05:02:00+00:00,0.04423419386148453,1.0025486946105957,2.9897451400756836,38.72714614868164,0,0,0
train,213,2018-02-14 05:03:00+00:00,0.04417970031499863,1.0016905069351196,2.989786148071289,38.725914001464844,0,0,0
train,214,2018-02-14 05:04:00+00:00,0.04439567029476166,1.0015727281570435,2.988511562347412,38.707801818847656,0,0,0
train,215,2018-02-14 05:05:00+00:00,0.04427238926291466,1.0013771057128906,2.9884321689605713,38.705657958984375,0,0,0
train,216,2018-02-14 05:06:00+00:00,0.04406256601214409,1.0029311180114746,2.9932031631469727,38.77841567993164,0,0,0
train,217,2018-02-14 05:07:00+00:00,0.04431862756609917,1.002069115638733,2.9903504848480225,38.73760223388672,0,0,0
train,218,2018-02-14 05:08:00+00:00,0.044082045555114746,1.0033196210861206,2.993987798690796,38.78902053833008,0,0,0
train,219,2018-02-14 05:09:00+00:00,0.04438455402851105,1.0021898746490479,2.9893126487731934,38.72216033935547,0,0,0
train,220,2018-02-14 05:10:00+00:00,0.0442592017352581,1.0030012130737305,2.9903104305267334,38.73448944091797,0,0,0
train,221,2018-02-14 05:11:00+00:00,0.044215522706508636,1.0027521848678589,2.991652250289917,38.75879669189453,0,0,0
train,222,2018-02-14 05:12:00+00:00,0.043960437178611755,1.0041158199310303,2.9953014850616455,38.81130599975586,0,0,0
train,223,2018-02-14 05:13:00+00:00,0.044137608259916306,1.003868579864502,2.9923696517944336,38.764923095703125,0,0,0
train,224,2018-02-14 05:14:00+00:00,0.043746888637542725,1.0050163269042969,2.99800443649292,38.849246978759766,0,0,0
train,225,2018-02-14 05:15:00+00:00,0.04404331371188164,1.0034794807434082,2.99530029296875,38.81147003173828,0,0,0
train,226,2018-02-14 05:16:00+00:00,0.044057246297597885,1.0029761791229248,2.99489688873291,38.80569839477539,0,0,0
train,227,2018-02-14 05:17:00+00:00,0.043993595987558365,1.0037579536437988,2.9956161975860596,38.81179428100586,0,0,0
train,228,2018-02-14 05:18:00+00:00,0.043968234211206436,1.0039057731628418,2.9956884384155273,38.81301498413086,0,0,0
train,229,2018-02-14 05:19:00+00:00,0.04412108659744263,1.0034246444702148,2.9930973052978516,38.77383804321289,0,0,0
train,230,2018-02-14 05:20:00+00:00,0.04409446939826012,1.003219723701477,2.99326753616333,38.77681350708008,0,0,0
train,231,2018-02-14 05:21:00+00:00,0.044018667191267014,1.0041017532348633,2.9947597980499268,38.800724029541016,0,0,0
train,232,2018-02-14 05:22:00+00:00,0.04417734593153,1.0036115646362305,2.992583751678467,38.76752853393555,0,0,0
train,233,2018-02-14 05:23:00+00:00,0.04424804076552391,1.0029516220092773,2.9912800788879395,38.744728088378906,0,0,0
train,234,2018-02-14 05:24:00+00:00,0.04421726241707802,1.0024570226669312,2.9920506477355957,38.76057052612305,0,0,0
train,235,2018-02-14 05:25:00+00:00,0.044193707406520844,1.0030776262283325,2.991773843765259,38.754947662353516,0,0,0
train,236,2018-02-14 05:26:00+00:00,0.04398873448371887,1.0042170286178589,2.9954841136932373,38.81143569946289,0,0,0
train,237,2018-02-14 05:27:00+00:00,0.04427683353424072,1.0024642944335938,2.9909799098968506,38.7472038269043,0,0,0
train,238,2018-02-14 05:28:00+00:00,0.04399924725294113,1.003448724746704,2.9944562911987305,38.79695129394531,0,0,0
train,239,2018-02-14 05:29:00+00:00,0.04376314580440521,1.0038865804672241,2.9991655349731445,38.86965560913086,0,0,0
train,240,2018-02-14 05:30:00+00:00,0.043615445494651794,1.0040414333343506,3.0015265941619873,38.905982971191406,0,0,0
train,241,2018-02-14 08:28:00+00:00,0.04386080428957939,1.0035091638565063,2.998312473297119,38.86064910888672,0,0,0
train,242,2018-02-14 08:58:00+00:00,0.050420187413692474,0.9860525131225586,2.902522563934326,37.3955192565918,0,0,0
train,243,2018-02-14 08:59:00+00:00,0.04994088038802147,0.9854285717010498,2.9136505126953125,37.55501937866211,0,0,0
train,244,2018-02-14 09:00:00+00:00,0.049682751297950745,0.9876457452774048,2.920449733734131,37.65605926513672,0,0,0
train,245,2018-02-14 09:01:00+00:00,0.0494011789560318,0.9870185852050781,2.9282944202423096,37.776390075683594,0,0,0
train,246,2018-02-14 09:02:00+00:00,0.0485130175948143,0.989695131778717,2.944321393966675,38.02119445800781,0,0,0
train,247,2018-02-14 09:03:00+00:00,0.048623327165842056,0.9893732070922852,2.9430603981018066,38.00825119018555,0,0,0
train,248,2018-02-14 09:04:00+00:00,0.04823222756385803,0.9910590648651123,2.948629379272461,38.09417724609375,0,0,0
train,249,2018-02-14 09:05:00+00:00,0.04864653944969177,0.990568995475769,2.9393515586853027,37.956390380859375,0,0,0
train,250,2018-02-14 09:06:00+00:00,0.04876406118273735,0.9903627038002014,2.937150716781616,37.92606735229492,0,0,0
train,251,2018-02-14 09:07:00+00:00,0.049077343195676804,0.9888960123062134,2.9338324069976807,37.87915802001953,0,0,0
train,252,2018-02-14 09:08:00+00:00,0.049219533801078796,0.9879878759384155,2.932478904724121,37.85908508300781,0,0,0
train,253,2018-02-14 09:09:00+00:00,0.04958384856581688,0.987179160118103,2.924915313720703,37.737953186035156,0,0,0
train,254,2018-02-14 09:10:00+00:00,0.049860093742609024,0.9867702722549438,2.9191253185272217,37.64448547363281,0,0,0
train,255,2018-02-14 09:11:00+00:00,0.050231508910655975,0.9848822355270386,2.9156079292297363,37.60253143310547,0,0,0
train,256,2018-02-14 09:12:00+00:00,0.05079169198870659,0.9825913906097412,2.907916784286499,37.48115158081055,0,0,0
train,257,2018-02-14 09:13:00+00:00,0.050541847944259644,0.9833264350891113,2.9110589027404785,37.52783966064453,0,0,0
train,258,2018-02-14 09:14:00+00:00,0.0508897490799427,0.9815618991851807,2.904879570007324,37.431602478027344,0,0,0
train,259,2018-02-14 09:15:00+00:00,0.050868455320596695,0.9811624884605408,2.9060540199279785,37.45975112915039,0,0,0
train,260,2018-02-14 09:16:00+00:00,0.05100642889738083,0.9814682006835938,2.904458522796631,37.4390754699707,0,0,0
train,261,2018-02-14 09:17:00+00:00,0.05110504478216171,0.9805679321289062,2.9043684005737305,37.440067291259766,0,0,0
train,262,2018-02-14 09:18:00+00:00,0.05117623880505562,0.980712354183197,2.903482675552368,37.429439544677734,0,0,0
train,263,2018-02-14 09:19:00+00:00,0.051111407577991486,0.9807974696159363,2.904163360595703,37.44159698486328,0,0,0
train,264,2018-02-14 09:20:00+00:00,0.051267776638269424,0.9809302091598511,2.9015684127807617,37.406612396240234,0,0,0
train,265,2018-02-14 09:21:00+00:00,0.05091198533773422,0.9829267263412476,2.9069337844848633,37.48849868774414,0,0,0
train,266,2018-02-14 09:22:00+00:00,0.05073735490441322,0.9846615791320801,2.908844232559204,37.51786804199219,0,0,0
train,267,2018-02-14 09:23:00+00:00,0.05124099180102348,0.9866430163383484,2.9014968872070312,37.412776947021484,0,0,0
train,268,2018-02-14 09:24:00+00:00,0.05141311511397362,0.9880688190460205,2.9006810188293457,37.40617752075195,0,0,0
train,269,2018-02-14 09:25:00+00:00,0.051181428134441376,0.9901251792907715,2.903580665588379,37.45140838623047,0,0,0
train,270,2018-02-14 09:26:00+00:00,0.05114921182394028,0.9894809722900391,2.9022374153137207,37.43230056762695,0,0,0
train,271,2018-02-14 09:27:00+00:00,0.05007891729474068,0.9907729029655457,2.919088363647461,37.67922592163086,0,0,0
train,272,2018-02-14 09:28:00+00:00,0.05017057806253433,0.9879965782165527,2.918515920639038,37.66926574707031,0,0,0
train,273,2018-02-14 09:29:00+00:00,0.050283484160900116,0.9870170950889587,2.9170761108398438,37.645084381103516,0,0,0
train,274,2018-02-14 09:30:00+00:00,0.05015897750854492,0.9890173673629761,2.9176125526428223,37.65793228149414,0,0,0
train,275,2018-02-14 09:31:00+00:00,0.05033014714717865,0.9869178533554077,2.9144065380096436,37.606544494628906,0,0,0
train,276,2018-02-14 09:32:00+00:00,0.050395701080560684,0.9861209392547607,2.913177967071533,37.5826530456543,0,0,0
train,277,2018-02-14 09:33:00+00:00,0.050832316279411316,0.9832192659378052,2.9056456089019775,37.46653366088867,0,0,0
train,278,2018-02-14 09:34:00+00:00,0.050276853144168854,0.9859405755996704,2.9123780727386475,37.56874465942383,0,0,0
train,279,2018-02-14 09:35:00+00:00,0.05031957849860191,0.9847539663314819,2.9123733043670654,37.56892395019531,0,0,0
train,280,2018-02-14 09:36:00+00:00,0.05039220675826073,0.9843298196792603,2.9125688076019287,37.57415771484375,0,0,0
train,281,2018-02-14 09:37:00+00:00,0.05050082877278328,0.9836362600326538,2.9099042415618896,37.52840805053711,0,0,0
train,282,2018-02-14 09:38:00+00:00,0.05017483979463577,0.986173152923584,2.9120655059814453,37.55632019042969,0,0,0
train,283,2018-02-14 09:39:00+00:00,0.05001635476946831,0.9878913164138794,2.915233612060547,37.60375213623047,0,0,0
train,284,2018-02-14 09:40:00+00:00,0.049831315875053406,0.9901947975158691,2.9161019325256348,37.60744094848633,0,0,0
train,285,2018-02-14 09:41:00+00:00,0.04978594928979874,0.9901944398880005,2.915123224258423,37.60160827636719,0,0,0
train,286,2018-02-14 09:42:00+00:00,0.04998970776796341,0.9900500774383545,2.911667585372925,37.550445556640625,0,0,0
train,287,2018-02-14 09:43:00+00:00,0.04989342391490936,0.990632176399231,2.911904811859131,37.54890060424805,0,0,0
train,288,2018-02-14 09:44:00+00:00,0.048978786915540695,0.9937052726745605,2.9246718883514404,37.741336822509766,0,0,0
train,289,2018-02-14 09:45:00+00:00,0.04876488074660301,0.9958851337432861,2.9256951808929443,37.75342559814453,0,0,0
train,290,2018-02-14 09:46:00+00:00,0.048467010259628296,0.9968553185462952,2.9316258430480957,37.8467903137207,0,0,0
train,291,2018-02-14 09:47:00+00:00,0.0481824055314064,0.9971138834953308,2.9345457553863525,37.8923225402832,0,0,0
train,292,2018-02-14 09:48:00+00:00,0.04840072989463806,0.9984692335128784,2.931976556777954,37.85776138305664,0,0,0
train,293,2018-02-14 09:49:00+00:00,0.04869911074638367,0.9972225427627563,2.9280905723571777,37.79907989501953,0,0,0
train,294,2018-02-14 09:50:00+00:00,0.04906192794442177,0.9958709478378296,2.9212899208068848,37.69847106933594,0,0,0
train,295,2018-02-14 09:51:00+00:00,0.04947715252637863,0.9936880469322205,2.9161787033081055,37.62355041503906,0,0,0
train,296,2018-02-14 09:52:00+00:00,0.050162263214588165,0.9907007217407227,2.9070277214050293,37.48588943481445,0,0,0
train,297,2018-02-14 09:53:00+00:00,0.050290439277887344,0.9878484010696411,2.9064953327178955,37.4766960144043,0,0,0
train,298,2018-02-14 09:54:00+00:00,0.049878593534231186,0.9876343011856079,2.9146080017089844,37.59614944458008,0,0,0
train,299,2018-02-14 09:55:00+00:00,0.04983285441994667,0.9877921342849731,2.9148857593536377,37.5966682434082,0,0,0
train,300,2018-02-14 09:56:00+00:00,0.04972248524427414,0.9877831935882568,2.9190866947174072,37.65676498413086,0,0,0
train,301,2018-02-14 09:57:00+00:00,0.04940061643719673,0.9884297847747803,2.9240660667419434,37.7297248840332,0,0,0
train,302,2018-02-14 09:58:00+00:00,0.049278076738119125,0.9894588589668274,2.9264726638793945,37.768394470214844,0,0,0
train,303,2018-02-14 09:59:00+00:00,0.049274593591690063,0.9893631935119629,2.9259555339813232,37.76109313964844,0,0,0
train,304,2018-02-14 10:00:00+00:00,0.04889937490224838,0.9918514490127563,2.930574655532837,37.83201217651367,0,0,0
train,305,2018-02-14 10:01:00+00:00,0.04925244674086571,0.9902321696281433,2.9268858432769775,37.7811393737793,0,0,0
train,306,2018-02-14 10:02:00+00:00,0.04961904510855675,0.9883317947387695,2.922086000442505,37.71135330200195,0,0,0
train,307,2018-02-14 10:03:00+00:00,0.04944472387433052,0.9882943630218506,2.9254000186920166,37.75818634033203,0,0,0
train,308,2018-02-14 10:04:00+00:00,0.049863021820783615,0.9866838455200195,2.9182658195495605,37.6490478515625,0,0,0
train,309,2018-02-14 10:05:00+00:00,0.04944830387830734,0.9885371923446655,2.9233860969543457,37.72555923461914,0,0,0
train,310,2018-02-14 10:06:00+00:00,0.04924630746245384,0.9898948073387146,2.9260475635528564,37.76544952392578,0,0,0
train,311,2018-02-14 10:07:00+00:00,0.04939921572804451,0.9885216951370239,2.92329478263855,37.722900390625,0,0,0
train,312,2018-02-14 10:08:00+00:00,0.049897026270627975,0.9868916273117065,2.9149723052978516,37.59697341918945,0,0,0
train,313,2018-02-14 10:09:00+00:00,0.04985400661826134,0.9868278503417969,2.913710117340088,37.57689666748047,0,0,0
train,314,2018-02-14 10:10:00+00:00,0.05014834180474281,0.9861207008361816,2.908539056777954,37.495460510253906,0,0,0
train,315,2018-02-14 10:11:00+00:00,0.05029330775141716,0.9849209189414978,2.9065287113189697,37.47048568725586,0,0,0
train,316,2018-02-14 10:12:00+00:00,0.05050964280962944,0.9852975606918335,2.9005274772644043,37.37977600097656,0,0,0
train,317,2018-02-14 10:13:00+00:00,0.05020127817988396,0.9848029613494873,2.905646324157715,37.46244812011719,0,0,0
train,318,2018-02-14 10:14:00+00:00,0.050606533885002136,0.9853053092956543,2.9003214836120605,37.38447189331055,0,0,0
train,319,2018-02-14 10:15:00+00:00,0.05059763416647911,0.9863772988319397,2.8987221717834473,37.3595085144043,0,0,0
train,320,2018-02-14 10:16:00+00:00,0.05066791549324989,0.9874396324157715,2.896810293197632,37.331275939941406,0,0,0
train,321,2018-02-14 10:17:00+00:00,0.05046290531754494,0.9894942045211792,2.895550012588501,37.31079864501953,0,0,0
train,322,2018-02-14 10:18:00+00:00,0.04988935962319374,0.9918122887611389,2.901676893234253,37.403038024902344,0,0,0
train,323,2018-02-14 10:19:00+00:00,0.049646828323602676,0.9905687570571899,2.9087233543395996,37.51063537597656,0,0,0
train,324,2018-02-14 10:20:00+00:00,0.04914531111717224,0.9917356967926025,2.918358325958252,37.653079986572266,0,0,0
train,325,2018-02-14 10:21:00+00:00,0.04908723756670952,0.9916249513626099,2.9215078353881836,37.70241928100586,0,0,0
train,326,2018-02-14 10:22:00+00:00,0.04876887798309326,0.9945176839828491,2.9267067909240723,37.778480529785156,0,0,0
train,327,2018-02-14 10:23:00+00:00,0.048277802765369415,0.9947125315666199,2.9361231327056885,37.91299057006836,0,0,0
train,328,2018-02-14 10:24:00+00:00,0.048160262405872345,0.9964637756347656,2.937889337539673,37.938690185546875,0,0,0
train,329,2018-02-14 10:25:00+00:00,0.04748431220650673,0.999233603477478,2.947495937347412,38.08849334716797,0,0,0
train,330,2018-02-14 10:26:00+00:00,0.04747694358229637,0.9990863800048828,2.948497772216797,38.10519027709961,0,0,0
train,331,2018-02-14 10:27:00+00:00,0.04735775291919708,0.9990273714065552,2.9517531394958496,38.150665283203125,0,0,0
train,332,2018-02-14 10:28:00+00:00,0.047563713043928146,0.9981789588928223,2.948972702026367,38.11266326904297,0,0,0
train,333,2018-02-14 10:29:00+00:00,0.04762568697333336,0.9980589151382446,2.948782205581665,38.109718322753906,0,0,0
train,334,2018-02-14 10:30:00+00:00,0.04751031473278999,0.9977240562438965,2.9474658966064453,38.08790588378906,0,0,0
train,335,2018-02-14 10:31:00+00:00,0.04861250892281532,0.9946854114532471,2.9333603382110596,37.88145446777344,0,0,0
train,336,2018-02-14 10:32:00+00:00,0.04921967163681984,0.9920146465301514,2.9274189472198486,37.7966423034668,0,0,0
train,337,2018-02-14 10:33:00+00:00,0.04936941713094711,0.9908721446990967,2.924381971359253,37.74729919433594,0,0,0
train,338,2018-02-14 10:34:00+00:00,0.049056276679039,0.9919136762619019,2.9292960166931152,37.816768646240234,0,0,0
train,339,2018-02-14 10:35:00+00:00,0.04853468015789986,0.9937185049057007,2.9354584217071533,37.90070343017578,0,0,0
train,340,2018-02-14 10:36:00+00:00,0.04852543771266937,0.9941126108169556,2.9345667362213135,37.88356399536133,0,0,0
train,341,2018-02-14 10:37:00+00:00,0.04823191463947296,0.9940966367721558,2.9392402172088623,37.947566986083984,0,0,0
train,342,2018-02-14 10:38:00+00:00,0.04843910411000252,0.9933133125305176,2.9363367557525635,37.90264892578125,0,0,0
train,343,2018-02-14 10:39:00+00:00,0.04853655397891998,0.9926217794418335,2.9340200424194336,37.86481475830078,0,0,0
train,344,2018-02-14 10:40:00+00:00,0.04861622303724289,0.9933240413665771,2.9331552982330322,37.850990295410156,0,0,0
train,345,2018-02-14 10:41:00+00:00,0.04855015128850937,0.9935281276702881,2.9351632595062256,37.87819290161133,0,0,0
train,346,2018-02-14 10:42:00+00:00,0.0484604611992836,0.9946080446243286,2.933677911758423,37.8526611328125,0,0,0
train,347,2018-02-14 10:43:00+00:00,0.0480986125767231,0.9964033961296082,2.9372406005859375,37.90140151977539,0,0,0
train,348,2018-02-14 10:44:00+00:00,0.04787047952413559,0.9972119927406311,2.9401564598083496,37.94382858276367,0,0,0
train,349,2018-02-14 10:45:00+00:00,0.04803633689880371,0.9972294569015503,2.9371368885040283,37.89486312866211,0,0,0
train,350,2018-02-14 10:46:00+00:00,0.04801567643880844,0.9978541135787964,2.9367311000823975,37.88943862915039,0,0,0
train,351,2018-02-14 10:47:00+00:00,0.047735050320625305,0.998984694480896,2.9393670558929443,37.93032455444336,0,0,0
train,352,2018-02-14 10:48:00+00:00,0.04761510714888573,1.001236915588379,2.939413547515869,37.92837905883789,0,0,0
train,353,2018-02-14 10:49:00+00:00,0.04713115096092224,1.004165530204773,2.943913698196411,37.99454879760742,0,0,0
train,354,2018-02-14 10:50:00+00:00,0.04669030383229256,1.0042695999145508,2.9510529041290283,38.10615158081055,0,0,0
train,355,2018-02-14 10:51:00+00:00,0.04626267030835152,1.003978967666626,2.958223581314087,38.2191162109375,0,0,0
train,356,2018-02-14 10:52:00+00:00,0.046171076595783234,1.0033767223358154,2.9591574668884277,38.23796463012695,0,0,0
train,357,2018-02-14 10:53:00+00:00,0.046088941395282745,1.0027282238006592,2.9601364135742188,38.25825119018555,0,0,0
train,358,2018-02-14 10:54:00+00:00,0.04594087973237038,1.002269983291626,2.962719202041626,38.29729461669922,0,0,0
train,359,2018-02-14 10:55:00+00:00,0.04597949609160423,1.001401662826538,2.961632013320923,38.283817291259766,0,0,0
train,360,2018-02-14 10:56:00+00:00,0.0458061546087265,1.0017235279083252,2.9640986919403076,38.325992584228516,0,0,0
train,361,2018-02-14 10:57:00+00:00,0.04558528587222099,1.0022571086883545,2.967413902282715,38.37499237060547,0,0,0
train,362,2018-02-14 10:58:00+00:00,0.045800913125276566,1.001635193824768,2.962496042251587,38.298980712890625,0,0,0
train,363,2018-02-14 10:59:00+00:00,0.04575539380311966,1.0014897584915161,2.963134765625,38.30738830566406,0,0,0
train,364,2018-02-14 11:00:00+00:00,0.04567535221576691,1.0018573999404907,2.9647979736328125,38.331153869628906,0,0,0
train,365,2018-02-14 11:01:00+00:00,0.045628540217876434,1.002116084098816,2.9656543731689453,38.34129333496094,0,0,0
train,366,2018-02-14 11:02:00+00:00,0.04537187144160271,1.0024724006652832,2.9695792198181152,38.39986038208008,0,0,0
train,367,2018-02-14 11:03:00+00:00,0.04568168893456459,1.0025475025177002,2.9635801315307617,38.30311965942383,0,0,0
train,368,2018-02-14 11:04:00+00:00,0.04581260681152344,1.001900553703308,2.961442708969116,38.270442962646484,0,0,0
train,369,2018-02-14 11:05:00+00:00,0.04562214016914368,1.0018035173416138,2.9651026725769043,38.327598571777344,0,0,0
train,370,2018-02-14 11:06:00+00:00,0.04549397900700569,1.0016182661056519,2.967038869857788,38.36067581176758,0,0,0
train,371,2018-02-14 11:07:00+00:00,0.045391399413347244,1.0017576217651367,2.968860626220703,38.388832092285156,0,0,0
train,372,2018-02-14 11:08:00+00:00,0.04537155479192734,1.0016661882400513,2.969325542449951,38.39658737182617,0,0,0
train,373,2018-02-14 11:09:00+00:00,0.04541192203760147,1.0020430088043213,2.9681458473205566,38.37799835205078,0,0,0
train,374,2018-02-14 11:10:00+00:00,0.045750074088573456,1.0016188621520996,2.9627270698547363,38.29270935058594,0,0,0
train,375,2018-02-14 11:11:00+00:00,0.04582677036523819,1.0013539791107178,2.9607017040252686,38.258445739746094,0,0,0
train,376,2018-02-14 11:12:00+00:00,0.04570596292614937,1.0012943744659424,2.962939977645874,38.29618453979492,0,0,0
train,377,2018-02-14 11:13:00+00:00,0.045946333557367325,1.000528335571289,2.9589738845825195,38.233543395996094,0,0,0
train,378,2018-02-14 11:14:00+00:00,0.04562538117170334,1.0009266138076782,2.9639525413513184,38.3122444152832,0,0,0
train,379,2018-02-14 11:15:00+00:00,0.045534174889326096,1.000978708267212,2.9653022289276123,38.338294982910156,0,0,0
train,380,2018-02-14 11:16:00+00:00,0.045393794775009155,1.000836730003357,2.9676735401153564,38.375144958496094,0,0,0
train,381,2018-02-14 11:17:00+00:00,0.04539559781551361,1.000583529472351,2.9679033756256104,38.37892150878906,0,0,0
train,382,2018-02-14 11:18:00+00:00,0.04534880444407463,1.000454068183899,2.969153881072998,38.39811706542969,0,0,0
train,383,2018-02-14 11:19:00+00:00,0.04528474435210228,1.0005772113800049,2.9703147411346436,38.4199104309082,0,0,0
train,384,2018-02-14 11:20:00+00:00,0.045422911643981934,1.0002691745758057,2.967585325241089,38.379215240478516,0,0,0
train,385,2018-02-14 11:21:00+00:00,0.04536111652851105,1.000214695930481,2.9685988426208496,38.39630889892578,0,0,0
train,386,2018-02-14 11:22:00+00:00,0.04536396637558937,1.0000218152999878,2.968461751937866,38.39046096801758,0,0,0
train,387,2018-02-14 11:23:00+00:00,0.04532533511519432,1.0002485513687134,2.968848705291748,38.39807891845703,0,0,0
train,388,2018-02-14 11:24:00+00:00,0.04544029012322426,0.9998155832290649,2.9667460918426514,38.366371154785156,0,0,0
train,389,2018-02-14 11:25:00+00:00,0.04532643035054207,1.0000319480895996,2.968705177307129,38.395896911621094,0,0,0
train,390,2018-02-14 11:26:00+00:00,0.04540984332561493,1.0000566244125366,2.967642307281494,38.37704086303711,0,0,0
train,391,2018-02-14 11:27:00+00:00,0.04546369984745979,0.9995844960212708,2.9660542011260986,38.35319137573242,0,0,0
train,392,2018-02-14 11:28:00+00:00,0.045352786779403687,1.0001397132873535,2.9686713218688965,38.393272399902344,0,0,0
train,393,2018-02-14 11:29:00+00:00,0.04532720148563385,1.0004637241363525,2.969057321548462,38.398338317871094,0,0,0
train,394,2018-02-14 11:30:00+00:00,0.045442357659339905,0.99970543384552,2.9664149284362793,38.3608512878418,0,0,0
train,395,2018-02-14 11:31:00+00:00,0.045531682670116425,0.9992446899414062,2.964726448059082,38.33408737182617,0,0,0
train,396,2018-02-14 11:32:00+00:00,0.04560611769556999,0.9995666146278381,2.964045763015747,38.31917190551758,0,0,0
train,397,2018-02-14 11:33:00+00:00,0.045467231422662735,0.9999352693557739,2.9665725231170654,38.35987091064453,0,0,0
train,398,2018-02-14 11:34:00+00:00,0.0457194522023201,0.999090313911438,2.962289333343506,38.293399810791016,0,0,0
train,399,2018-02-14 11:35:00+00:00,0.0460049994289875,0.9985048770904541,2.95697283744812,38.21115493774414,0,0,0
train,400,2018-02-14 11:36:00+00:00,0.04555363208055496,0.9993643760681152,2.964632749557495,38.328670501708984,0,0,0
train,401,2018-02-14 11:37:00+00:00,0.04573114961385727,0.9992311000823975,2.9612884521484375,38.278411865234375,0,0,0
train,402,2018-02-14 11:38:00+00:00,0.045401692390441895,0.9999020099639893,2.9674429893493652,38.376075744628906,0,0,0
train,403,2018-02-14 11:39:00+00:00,0.04552333056926727,0.9993375539779663,2.964869260787964,38.33856964111328,0,0,0
train,404,2018-02-14 11:40:00+00:00,0.04570339247584343,0.9991816282272339,2.961806058883667,38.28871536254883,0,0,0
train,405,2018-02-14 11:41:00+00:00,0.04556391015648842,0.999718189239502,2.96482515335083,38.33469772338867,0,0,0
train,406,2018-02-14 11:42:00+00:00,0.04551331326365471,0.9996001720428467,2.9660122394561768,38.353206634521484,0,0,0
train,407,2018-02-14 11:43:00+00:00,0.04543072730302811,0.9998936653137207,2.966704845428467,38.365638732910156,0,0,0
train,408,2018-02-14 11:44:00+00:00,0.04535433277487755,1.0000395774841309,2.968855142593384,38.39802932739258,0,0,0
train,409,2018-02-14 11:45:00+00:00,0.04518507048487663,1.000549077987671,2.9715185165405273,38.440216064453125,0,0,0
train,410,2018-02-14 11:46:00+00:00,0.0450529046356678,1.000939965248108,2.9735944271087646,38.472408294677734,0,0,0
train,411,2018-02-14 11:47:00+00:00,0.04523596540093422,1.0005519390106201,2.971019983291626,38.432106018066406,0,0,0
train,412,2018-02-14 11:48:00+00:00,0.04543376341462135,1.0001152753829956,2.968090295791626,38.38655471801758,0,0,0
train,413,2018-02-14 11:49:00+00:00,0.04541949927806854,1.0000896453857422,2.96812105178833,38.38764190673828,0,0,0
train,414,2018-02-14 11:50:00+00:00,0.04541131108999252,0.9999018907546997,2.9673092365264893,38.375091552734375,0,0,0
train,415,2018-02-14 11:51:00+00:00,0.04536696523427963,0.9997274875640869,2.9678282737731934,38.38419723510742,0,0,0
train,416,2018-02-14 11:52:00+00:00,0.045310016721487045,0.9995176196098328,2.9687278270721436,38.39491271972656,0,0,0
train,417,2018-02-14 11:53:00+00:00,0.04533498361706734,0.999452531337738,2.9680137634277344,38.38190460205078,0,0,0
train,418,2018-02-14 11:54:00+00:00,0.04516732320189476,0.9997545480728149,2.9711668491363525,38.429805755615234,0,0,0
train,419,2018-02-14 11:55:00+00:00,0.04524466395378113,0.9998189806938171,2.9698362350463867,38.410789489746094,0,0,0
train,420,2018-02-14 11:56:00+00:00,0.04513651505112648,1.0000691413879395,2.9711644649505615,38.432716369628906,0,0,0
train,421,2018-02-14 11:57:00+00:00,0.045075975358486176,1.0002899169921875,2.972102403640747,38.44818115234375,0,0,0
train,422,2018-02-14 11:58:00+00:00,0.045272428542375565,0.9998563528060913,2.9693918228149414,38.40338134765625,0,0,0
train,423,2018-02-14 11:59:00+00:00,0.04514940083026886,1.0002294778823853,2.9710946083068848,38.43064880371094,0,0,0
train,424,2018-02-14 12:00:00+00:00,0.04520146921277046,0.9999094009399414,2.9707419872283936,38.421627044677734,0,0,0
train,425,2018-02-14 12:01:00+00:00,0.045274242758750916,1.000076413154602,2.969517946243286,38.40407943725586,0,0,0
train,426,2018-02-14 12:02:00+00:00,0.04538609832525253,0.9993175268173218,2.9674229621887207,38.37122344970703,0,0,0
train,427,2018-02-14 12:03:00+00:00,0.04541492462158203,0.9995448589324951,2.966926097869873,38.36539840698242,0,0,0
train,428,2018-02-14 12:04:00+00:00,0.0452268049120903,0.9998776912689209,2.970576286315918,38.42083740234375,0,0,0
train,429,2018-02-14 12:05:00+00:00,0.045222584158182144,1.0001837015151978,2.97036075592041,38.419620513916016,0,0,0
train,430,2018-02-14 12:06:00+00:00,0.04535720497369766,0.9994164109230042,2.9677529335021973,38.37910461425781,0,0,0
train,431,2018-02-14 12:07:00+00:00,0.04564501345157623,0.9990549087524414,2.9633448123931885,38.3092041015625,0,0,0
train,432,2018-02-14 12:08:00+00:00,0.045482322573661804,0.9992213249206543,2.966071605682373,38.34859848022461,0,0,0
train,433,2018-02-14 12:09:00+00:00,0.04549663886427879,0.9992866516113281,2.9654974937438965,38.34334182739258,0,0,0
train,434,2018-02-14 12:10:00+00:00,0.045238565653562546,1.0000410079956055,2.970465898513794,38.41800308227539,0,0,0
train,435,2018-02-14 12:11:00+00:00,0.04547882080078125,0.998931348323822,2.966062307357788,38.35233688354492,0,0,0
train,436,2018-02-14 12:12:00+00:00,0.04540254548192024,0.9986424446105957,2.968754768371582,38.39320755004883,0,0,0
train,437,2018-02-14 12:13:00+00:00,0.04545758664608002,0.9990701675415039,2.9683401584625244,38.38923645019531,0,0,0
train,438,2018-02-14 12:14:00+00:00,0.04521586745977402,0.9999380111694336,2.972801446914673,38.45698547363281,0,0,0
train,439,2018-02-14 12:15:00+00:00,0.045324038714170456,0.9998481273651123,2.970555305480957,38.42607116699219,0,0,0
train,440,2018-02-14 12:16:00+00:00,0.045228224247694016,1.000319004058838,2.972813129425049,38.457435607910156,0,0,0
train,441,2018-02-14 12:17:00+00:00,0.04585767537355423,0.997240424156189,2.9632630348205566,38.32347106933594,0,0,0
train,442,2018-02-14 12:18:00+00:00,0.04545663669705391,0.9990924596786499,2.9695587158203125,38.41310119628906,0,0,0
train,443,2018-02-14 12:19:00+00:00,0.04543786123394966,0.9996037483215332,2.9701552391052246,38.42068099975586,0,0,0
train,444,2018-02-14 12:20:00+00:00,0.04543251544237137,0.9987848401069641,2.971426010131836,38.44172668457031,0,0,0
train,445,2018-02-14 12:21:00+00:00,0.045648060739040375,0.9974750280380249,2.9692912101745605,38.41255569458008,0,0,0
train,446,2018-02-14 12:22:00+00:00,0.045835837721824646,0.996469259262085,2.966480016708374,38.372047424316406,0,0,0
train,447,2018-02-14 12:23:00+00:00,0.046037591993808746,0.9959425330162048,2.9639456272125244,38.334617614746094,0,0,0
train,448,2018-02-14 12:24:00+00:00,0.046421002596616745,0.9958471059799194,2.958484649658203,38.2525749206543,0,0,0
train,449,2018-02-14 12:25:00+00:00,0.046690117567777634,0.9952341318130493,2.955796003341675,38.214385986328125,0,0,0
train,450,2018-02-14 12:26:00+00:00,0.046762365847826004,0.9983440637588501,2.9571738243103027,38.23204803466797,0,0,0
train,451,2018-02-14 12:27:00+00:00,0.04654911160469055,0.9984585046768188,2.9606473445892334,38.285831451416016,0,0,0
train,452,2018-02-14 12:28:00+00:00,0.04697958007454872,0.9995225667953491,2.955923080444336,38.2183837890625,0,0,0
train,453,2018-02-14 12:29:00+00:00,0.047079842537641525,1.0000238418579102,2.955756425857544,38.21275329589844,0,0,0
train,454,2018-02-14 12:30:00+00:00,0.047777194529771805,0.9979993104934692,2.9459011554718018,38.06939697265625,0,0,0
train,455,2018-02-14 12:31:00+00:00,0.04810754209756851,0.996268630027771,2.9411206245422363,37.99493408203125,0,0,0
train,456,2018-02-14 12:32:00+00:00,0.04862627387046814,0.9927437901496887,2.934194564819336,37.89121627807617,0,0,0
train,457,2018-02-14 12:33:00+00:00,0.04920788109302521,0.9895845055580139,2.9256134033203125,37.760189056396484,0,0,0
train,458,2018-02-14 12:34:00+00:00,0.04917435720562935,0.9892967343330383,2.9260644912719727,37.765995025634766,0,0,0
train,459,2018-02-14 12:35:00+00:00,0.0492318794131279,0.9893475770950317,2.92472767829895,37.74827575683594,0,0,0
train,460,2018-02-14 12:36:00+00:00,0.04951264709234238,0.98674476146698,2.9191551208496094,37.66524124145508,0,0,0
train,461,2018-02-14 12:37:00+00:00,0.049194034188985825,0.9879968762397766,2.9207398891448975,37.68567657470703,0,0,0
train,462,2018-02-14 12:38:00+00:00,0.049317363649606705,0.9866878390312195,2.917794942855835,37.63892364501953,0,0,0
train,463,2018-02-14 12:39:00+00:00,0.04911535233259201,0.9891085028648376,2.9204022884368896,37.67293167114258,0,0,0
train,464,2018-02-14 12:40:00+00:00,0.048545945435762405,0.9921846985816956,2.9293015003204346,37.80838394165039,0,0,0
train,465,2018-02-14 12:41:00+00:00,0.0482049323618412,0.9942799806594849,2.9338955879211426,37.878028869628906,0,0,0
train,466,2018-02-14 12:42:00+00:00,0.04816089943051338,0.994756281375885,2.933871030807495,37.876121520996094,0,0,0
train,467,2018-02-14 12:43:00+00:00,0.047914598137140274,0.9978219270706177,2.9381296634674072,37.941036224365234,0,0,0
train,468,2018-02-14 12:44:00+00:00,0.04731613025069237,1.0013407468795776,2.9457740783691406,38.05461883544922,0,0,0
train,469,2018-02-14 12:45:00+00:00,0.046827517449855804,1.0016992092132568,2.9528634548187256,38.16749572753906,0,0,0
train,470,2018-02-14 12:46:00+00:00,0.04690031707286835,1.0006041526794434,2.9506609439849854,38.13479232788086,0,0,0
train,471,2018-02-14 12:47:00+00:00,0.046649541705846786,1.0002094507217407,2.95357084274292,38.17988204956055,0,0,0
train,472,2018-02-14 12:48:00+00:00,0.046675194054841995,0.9992542862892151,2.952221155166626,38.15596389770508,0,0,0
train,473,2018-02-14 12:49:00+00:00,0.046414852142333984,0.9985822439193726,2.9571094512939453,38.228485107421875,0,0,0
train,474,2018-02-14 12:50:00+00:00,0.04620121046900749,0.9988052845001221,2.959623098373413,38.264949798583984,0,0,0
train,475,2018-02-14 12:51:00+00:00,0.04617492854595184,0.997647762298584,2.9607956409454346,38.283836364746094,0,0,0
train,476,2018-02-14 12:52:00+00:00,0.046479232609272,0.9958876371383667,2.9568979740142822,38.23370361328125,0,0,0
train,477,2018-02-14 12:53:00+00:00,0.04665018245577812,0.9961100816726685,2.9549639225006104,38.209903717041016,0,0,0
train,478,2018-02-14 12:54:00+00:00,0.04655659198760986,0.9968134164810181,2.9571645259857178,38.241302490234375,0,0,0
train,479,2018-02-14 12:55:00+00:00,0.046276889741420746,0.9964772462844849,2.960618257522583,38.293025970458984,0,0,0
train,480,2018-02-14 12:56:00+00:00,0.04609149321913719,0.99692302942276,2.9627721309661865,38.322776794433594,0,0,0
train,481,2018-02-14 12:57:00+00:00,0.04619680345058441,0.9967669248580933,2.960742712020874,38.29277801513672,0,0,0
train,482,2018-02-14 12:58:00+00:00,0.04574336111545563,0.9984217286109924,2.9673783779144287,38.391971588134766,0,0,0
train,483,2018-02-14 12:59:00+00:00,0.04575822129845619,0.998505711555481,2.966517925262451,38.37671661376953,0,0,0
train,484,2018-02-21 01:55:00+00:00,0.04579215869307518,0.9981816411018372,2.9661080837249756,38.37147903442383,0,0,0
train,485,2018-02-21 02:25:00+00:00,0.04377902299165726,1.0029536485671997,3.00034761428833,38.88799285888672,0,0,0
train,486,2018-02-21 02:26:00+00:00,0.043854281306266785,1.0028424263000488,2.9990971088409424,38.87028121948242,0,0,0
train,487,2018-02-21 02:27:00+00:00,0.04386356845498085,1.0028326511383057,2.9988653659820557,38.86686325073242,0,0,0
train,488,2018-02-21 02:28:00+00:00,0.043878648430109024,1.0027995109558105,2.9985899925231934,38.86260986328125,0,0,0
train,489,2018-02-21 02:29:00+00:00,0.04391031712293625,1.0026930570602417,2.998228073120117,38.8570556640625,0,0,0
train,490,2018-02-21 02:30:00+00:00,0.04394029453396797,1.0026378631591797,2.9978671073913574,38.851295471191406,0,0,0
train,491,2018-02-21 02:31:00+00:00,0.04397176206111908,1.0025922060012817,2.9975152015686035,38.845603942871094,0,0,0
train,492,2018-02-21 02:32:00+00:00,0.044147759675979614,1.0017406940460205,2.995271682739258,38.81221389770508,0,0,0
train,493,2018-02-21 02:33:00+00:00,0.044210564345121384,1.0014739036560059,2.9944610595703125,38.80000686645508,0,0,0
train,494,2018-02-21 08:32:00+00:00,0.04426499083638191,1.0012809038162231,2.9937283992767334,38.788719177246094,0,0,0
train,495,2018-02-21 09:02:00+00:00,0.04262512922286987,1.0087857246398926,3.0189003944396973,39.16255187988281,0,0,0
train,496,2018-02-21 09:03:00+00:00,0.04264763742685318,1.0088958740234375,3.018089532852173,39.15242385864258,0,0,0
train,497,2018-02-21 09:04:00+00:00,0.04268791526556015,1.0085270404815674,3.017463207244873,39.143131256103516,0,0,0
train,498,2018-02-21 09:05:00+00:00,0.04260985180735588,1.0091123580932617,3.018505334854126,39.15576934814453,0,0,0
train,499,2018-02-21 09:06:00+00:00,0.04259166866540909,1.0091338157653809,3.019291400909424,39.16921615600586,0,0,0
train,500,2018-02-21 09:07:00+00:00,0.04266275465488434,1.0089975595474243,3.0178449153900146,39.14802551269531,0,0,0
train,501,2018-02-21 09:08:00+00:00,0.04268570989370346,1.0086815357208252,3.0173890590667725,39.140682220458984,0,0,0
train,502,2018-02-21 09:09:00+00:00,0.042775385081768036,1.0086724758148193,3.0161290168762207,39.12332534790039,0,0,0
train,503,2018-02-21 09:10:00+00:00,0.04336760193109512,1.0065277814865112,3.006744146347046,38.98740768432617,0,0,0
train,504,2018-02-21 09:11:00+00:00,0.042844075709581375,1.0084620714187622,3.0146520137786865,39.099544525146484,0,0,0
train,505,2018-02-21 09:12:00+00:00,0.04262957349419594,1.0096406936645508,3.019195318222046,39.16461181640625,0,0,0
train,506,2018-02-21 09:13:00+00:00,0.042595505714416504,1.0097460746765137,3.01969051361084,39.172035217285156,0,0,0
train,507,2018-02-21 09:14:00+00:00,0.042715441435575485,1.008594274520874,3.016691207885742,39.1306266784668,0,0,0
train,508,2018-02-21 09:15:00+00:00,0.04266329109668732,1.0087594985961914,3.017810344696045,39.14815902709961,0,0,0
train,509,2018-02-21 09:16:00+00:00,0.042569033801555634,1.009376049041748,3.019723653793335,39.17268371582031,0,0,0
train,510,2018-02-21 09:17:00+00:00,0.0426349975168705,1.0091981887817383,3.01832914352417,39.1553955078125,0,0,0
train,511,2018-02-21 09:18:00+00:00,0.04269799962639809,1.0087745189666748,3.0175535678863525,39.14403533935547,0,0,0
train,512,2018-02-21 09:19:00+00:00,0.04272867366671562,1.0086390972137451,3.0166242122650146,39.129112243652344,0,0,0
train,513,2018-02-21 09:21:00+00:00,0.0427890419960022,1.008932113647461,3.015882968902588,39.11793518066406,0,0,0
train,514,2018-02-21 09:51:00+00:00,0.0427347756922245,1.00840163230896,3.0167617797851562,39.13215255737305,0,0,0
train,515,2018-02-21 09:52:00+00:00,0.04273616522550583,1.008345603942871,3.0168492794036865,39.13349151611328,0,0,0
train,516,2018-02-21 09:53:00+00:00,0.042652662843465805,1.0088763236999512,3.0178463459014893,39.146244049072266,0,0,0
train,517,2018-02-21 09:54:00+00:00,0.04342149198055267,1.0064640045166016,3.0061516761779785,38.977962493896484,0,0,0
train,518,2018-02-21 09:55:00+00:00,0.042968135327100754,1.0076606273651123,3.0128908157348633,39.07402038574219,0,0,0
train,519,2018-02-21 09:56:00+00:00,0.042677950114011765,1.0086809396743774,3.017287492752075,39.13792037963867,0,0,0
train,520,2018-02-21 09:57:00+00:00,0.04263794794678688,1.0092166662216187,3.0184130668640137,39.15512466430664,0,0,0
train,521,2018-02-21 09:58:00+00:00,0.042749810963869095,1.0086036920547485,3.01668119430542,39.13138961791992,0,0,0
train,522,2018-02-21 09:59:00+00:00,0.042717769742012024,1.0087475776672363,3.016841411590576,39.13146209716797,0,0,0
train,523,2018-02-21 10:00:00+00:00,0.04273782670497894,1.0085148811340332,3.016770601272583,39.132545471191406,0,0,0
train,524,2018-02-21 10:01:00+00:00,0.04262152686715126,1.008974313735962,3.0182230472564697,39.151878356933594,0,0,0
train,525,2018-02-21 10:02:00+00:00,0.04272981733083725,1.0086886882781982,3.016831874847412,39.13393020629883,0,0,0
train,526,2018-02-21 10:03:00+00:00,0.04273746907711029,1.008676290512085,3.0167200565338135,39.13214874267578,0,0,0
train,527,2018-02-21 10:04:00+00:00,0.042628008872270584,1.008896827697754,3.0187604427337646,39.160438537597656,0,0,0
train,528,2018-02-21 10:05:00+00:00,0.04342486709356308,1.0064873695373535,3.0060935020446777,38.977333068847656,0,0,0
train,529,2018-02-21 10:06:00+00:00,0.043027013540267944,1.0075221061706543,3.0121216773986816,39.06451416015625,0,0,0
train,530,2018-02-21 10:07:00+00:00,0.042615856975317,1.0092960596084595,3.0189907550811768,39.16121292114258,0,0,0
train,531,2018-02-21 10:08:00+00:00,0.042647138237953186,1.0092376470565796,3.018211841583252,39.1515007019043,0,0,0
train,532,2018-02-21 10:09:00+00:00,0.04237515106797218,1.0082910060882568,3.0219876766204834,39.20366668701172,0,0,0
train,533,2018-02-21 10:10:00+00:00,0.04226836562156677,1.0087416172027588,3.0237348079681396,39.227691650390625,0,0,0
train,534,2018-02-21 10:11:00+00:00,0.04225799813866615,1.0088223218917847,3.02423357963562,39.23501205444336,0,0,0
train,535,2018-02-21 10:12:00+00:00,0.04223991930484772,1.0089211463928223,3.0242738723754883,39.234893798828125,0,0,0
train,536,2018-02-21 10:13:00+00:00,0.042243365198373795,1.0088801383972168,3.024566411972046,39.23980712890625,0,0,0
train,537,2018-02-21 10:14:00+00:00,0.04223228991031647,1.0089385509490967,3.0244500637054443,39.237510681152344,0,0,0
train,538,2018-02-21 10:15:00+00:00,0.04223228991031647,1.008939504623413,3.024454355239868,39.237571716308594,0,0,0
train,539,2018-02-21 10:16:00+00:00,0.04223206266760826,1.0089406967163086,3.0244598388671875,39.23766326904297,0,0,0
train,540,2018-02-21 10:17:00+00:00,0.042231857776641846,1.0089415311813354,3.024463415145874,39.237728118896484,0,0,0
train,541,2018-02-21 10:18:00+00:00,0.042231783270835876,1.0089421272277832,3.024465560913086,39.237762451171875,0,0,0
train,542,2018-02-21 10:19:00+00:00,0.04228096827864647,1.009129524230957,3.023449182510376,39.221893310546875,0,0,0
train,543,2018-02-21 10:20:00+00:00,0.04224475473165512,1.0088920593261719,3.0245463848114014,39.23955535888672,0,0,0
train,544,2018-02-21 10:21:00+00:00,0.042317841202020645,1.0089044570922852,3.023012399673462,39.215213775634766,0,0,0
train,545,2018-02-21 10:22:00+00:00,0.04221956431865692,1.008850336074829,3.0248003005981445,39.24336624145508,0,0,0
train,546,2018-02-21 10:23:00+00:00,0.04231118783354759,1.0088971853256226,3.023097515106201,39.21646499633789,0,0,0
train,547,2018-02-21 10:24:00+00:00,0.042218588292598724,1.0088341236114502,3.0247342586517334,39.24241638183594,0,0,0
train,548,2018-02-21 10:25:00+00:00,0.042316362261772156,1.0088926553726196,3.0229547023773193,39.21438980102539,0,0,0
train,549,2018-02-21 10:26:00+00:00,0.04219026863574982,1.008863925933838,3.0252676010131836,39.250064849853516,0,0,0
train,550,2018-02-21 10:27:00+00:00,0.04233966022729874,1.0088906288146973,3.022362232208252,39.20578384399414,0,0,0
train,551,2018-02-21 10:28:00+00:00,0.04221522808074951,1.0088331699371338,3.0246710777282715,39.24131393432617,0,0,0
train,552,2018-02-21 10:29:00+00:00,0.042342014610767365,1.008881688117981,3.0223190784454346,39.20510482788086,0,0,0
train,553,2018-02-21 10:30:00+00:00,0.04221566021442413,1.0088310241699219,3.0246617794036865,39.24116134643555,0,0,0
train,554,2018-02-21 10:31:00+00:00,0.04234236106276512,1.0088796615600586,3.022310495376587,39.204952239990234,0,0,0
train,555,2018-02-21 10:32:00+00:00,0.042244624346494675,1.0087939500808716,3.024108648300171,39.233184814453125,0,0,0
train,556,2018-02-21 10:33:00+00:00,0.042345426976680756,1.0088717937469482,3.0222535133361816,39.20409393310547,0,0,0
train,557,2018-02-21 10:34:00+00:00,0.042249444872140884,1.0087790489196777,3.024022102355957,39.23196029663086,0,0,0
train,558,2018-02-21 10:35:00+00:00,0.04235406965017319,1.0088419914245605,3.0220961570739746,39.201786041259766,0,0,0
train,559,2018-02-21 10:36:00+00:00,0.04228375479578972,1.008679747581482,3.02339243888855,39.2224006652832,0,0,0
train,560,2018-02-21 10:37:00+00:00,0.04255912825465202,1.0082011222839355,3.018477439880371,39.14702606201172,0,0,0
train,561,2018-02-21 10:38:00+00:00,0.04300514981150627,1.0066518783569336,3.010260581970215,39.0188102722168,0,0,0
train,562,2018-02-21 10:39:00+00:00,0.043133314698934555,1.0064785480499268,3.0079050064086914,38.98272705078125,0,0,0
train,563,2018-02-21 10:40:00+00:00,0.043007392436265945,1.0066419839859009,3.0102078914642334,39.01799392700195,0,0,0
train,564,2018-02-21 10:41:00+00:00,0.04313354194164276,1.0064774751663208,3.0078952312469482,38.98255920410156,0,0,0
train,565,2018-02-21 10:42:00+00:00,0.04296337440609932,1.0067760944366455,3.010817289352417,39.02656936645508,0,0,0
train,566,2018-02-21 10:43:00+00:00,0.043103668838739395,1.0068244934082031,3.0085349082946777,38.991058349609375,0,0,0
train,567,2018-02-22 01:00:00+00:00,0.04297064617276192,1.0071520805358887,3.0108461380004883,39.027015686035156,0,0,0
train,568,2018-02-22 01:30:00+00:00,0.05405626446008682,0.9795061349868774,2.835258960723877,36.26512145996094,0,0,0
train,569,2018-02-22 01:31:00+00:00,0.054313890635967255,0.9805378317832947,2.830084800720215,36.17710494995117,0,0,0
train,570,2018-02-22 01:32:00+00:00,0.05449467897415161,0.9819246530532837,2.825791835784912,36.09946060180664,0,0,0
train,571,2018-02-22 01:33:00+00:00,0.05432818457484245,0.9809834957122803,2.828233003616333,36.141990661621094,0,0,0
train,572,2018-02-22 01:34:00+00:00,0.054243866354227066,0.9811066389083862,2.8278615474700928,36.13728332519531,0,0,0
train,573,2018-02-22 01:35:00+00:00,0.05263159051537514,0.9803410768508911,2.8555710315704346,36.57435989379883,0,0,0
train,574,2018-02-22 01:36:00+00:00,0.05330998823046684,0.9782177209854126,2.8408353328704834,36.3385009765625,0,0,0
train,575,2018-02-22 01:37:00+00:00,0.05290547013282776,0.976683497428894,2.8458521366119385,36.43277359008789,0,0,0
train,576,2018-02-22 01:38:00+00:00,0.053339820355176926,0.9755550622940063,2.835890054702759,36.28135299682617,0,0,0
train,577,2018-02-22 01:39:00+00:00,0.05333368852734566,0.9763801097869873,2.8358676433563232,36.272823333740234,0,0,0
train,578,2018-02-22 01:40:00+00:00,0.05336906388401985,0.9757500886917114,2.8347580432891846,36.25608825683594,0,0,0
train,579,2018-02-22 01:41:00+00:00,0.05423635616898537,0.976006031036377,2.8195950984954834,36.002681732177734,0,0,0
train,580,2018-02-22 01:42:00+00:00,0.054266225546598434,0.976637601852417,2.8166306018829346,35.95012283325195,0,0,0
train,581,2018-02-22 01:43:00+00:00,0.05502479895949364,0.9758106470108032,2.8061866760253906,35.77447509765625,0,0,0
train,582,2018-02-22 01:44:00+00:00,0.05495784059166908,0.9764779806137085,2.809661626815796,35.81475830078125,0,0,0
train,583,2018-02-22 01:45:00+00:00,0.05457482114434242,0.978748619556427,2.818636894226074,35.96210479736328,0,0,0
train,584,2018-02-22 01:46:00+00:00,0.05511241778731346,0.9794864654541016,2.811936140060425,35.85334396362305,0,0,0
train,585,2018-02-22 01:47:00+00:00,0.05650996416807175,0.9785784482955933,2.783714532852173,35.37920379638672,0,0,0
train,586,2018-02-22 01:48:00+00:00,0.05715906620025635,0.9799848794937134,2.7709336280822754,35.158206939697266,0,0,0
train,587,2018-02-22 01:49:00+00:00,0.05864541605114937,0.9770954847335815,2.7462940216064453,34.7602424621582,0,0,0
train,588,2018-02-22 01:50:00+00:00,0.059244975447654724,0.976250171661377,2.7382397651672363,34.625308990478516,0,0,0
train,589,2018-02-22 01:51:00+00:00,0.059101253747940063,0.9781054258346558,2.743795394897461,34.7064323425293,0,0,0
train,590,2018-02-22 01:52:00+00:00,0.05900494381785393,0.9778735041618347,2.7446229457855225,34.719871520996094,0,0,0
train,591,2018-02-22 01:53:00+00:00,0.05852670222520828,0.9773563146591187,2.7551329135894775,34.905296325683594,0,0,0
train,592,2018-02-22 01:54:00+00:00,0.057572655379772186,0.9769771099090576,2.769901752471924,35.14459228515625,0,0,0
train,593,2018-02-22 01:55:00+00:00,0.057032566517591476,0.9759731292724609,2.774841070175171,35.22694778442383,0,0,0
train,594,2018-02-22 01:56:00+00:00,0.05643220618367195,0.9765070080757141,2.7846977710723877,35.383670806884766,0,0,0
train,595,2018-02-22 01:57:00+00:00,0.05749019235372543,0.9728140830993652,2.766430377960205,35.10160446166992,0,0,0
train,596,2018-02-22 01:58:00+00:00,0.0574527271091938,0.9721158742904663,2.768190383911133,35.13765335083008,0,0,0
train,597,2018-02-22 01:59:00+00:00,0.05642455443739891,0.9746370315551758,2.7859461307525635,35.41706466674805,0,0,0
train,598,2018-02-22 02:00:00+00:00,0.056806374341249466,0.9747447371482849,2.7795283794403076,35.307430267333984,0,0,0
train,599,2018-02-22 02:01:00+00:00,0.05629189684987068,0.9761306047439575,2.789137601852417,35.46664047241211,0,0,0
train,600,2018-02-22 02:02:00+00:00,0.056032709777355194,0.977891206741333,2.7970330715179443,35.59294128417969,0,0,0
train,601,2018-02-22 02:03:00+00:00,0.05449463799595833,0.9835665225982666,2.824841022491455,35.99934005737305,0,0,0
train,602,2018-02-22 02:04:00+00:00,0.05416109785437584,0.9810740351676941,2.830580234527588,36.11374282836914,0,0,0
train,603,2018-02-22 02:05:00+00:00,0.05528835579752922,0.9802653789520264,2.8144302368164062,35.85968780517578,0,0,0
train,604,2018-02-22 02:06:00+00:00,0.054671213030815125,0.9789314270019531,2.8228280544281006,36.007625579833984,0,0,0
train,605,2018-02-22 02:07:00+00:00,0.053956884890794754,0.9793567061424255,2.8320677280426025,36.167842864990234,0,0,0
train,606,2018-02-22 02:08:00+00:00,0.05407159775495529,0.9790093898773193,2.830324172973633,36.146427154541016,0,0,0
train,607,2018-02-22 02:09:00+00:00,0.05547631159424782,0.9777551293373108,2.8095643520355225,35.82112503051758,0,0,0
train,608,2018-02-22 02:10:00+00:00,0.0560353547334671,0.976396381855011,2.800281286239624,35.67313003540039,0,0,0
train,609,2018-02-22 02:11:00+00:00,0.05462191626429558,0.9769403338432312,2.8253321647644043,36.097129821777344,0,0,0
train,610,2018-02-22 02:12:00+00:00,0.054456282407045364,0.9794568419456482,2.828489065170288,36.14507293701172,0,0,0
train,611,2018-02-22 02:13:00+00:00,0.05432746931910515,0.9796394109725952,2.8306570053100586,36.17534637451172,0,0,0
train,612,2018-02-22 02:14:00+00:00,0.056766968220472336,0.9760559797286987,2.791022777557373,35.52876281738281,0,0,0
train,613,2018-02-22 02:15:00+00:00,0.05650617182254791,0.9761592149734497,2.795042037963867,35.587398529052734,0,0,0
train,614,2018-02-22 02:16:00+00:00,0.055455416440963745,0.977432131767273,2.809321641921997,35.81576919555664,0,0,0
train,615,2018-02-22 02:17:00+00:00,0.05586917698383331,0.9766483306884766,2.801481246948242,35.70176315307617,0,0,0
train,616,2018-02-22 02:18:00+00:00,0.05555660277605057,0.9784221649169922,2.804396390914917,35.72808837890625,0,0,0
train,617,2018-02-22 02:19:00+00:00,0.05582631006836891,0.9777587652206421,2.8000733852386475,35.67180252075195,0,0,0
train,618,2018-02-22 02:20:00+00:00,0.05551427602767944,0.9785038828849792,2.805232286453247,35.75343704223633,0,0,0
train,619,2018-02-22 02:21:00+00:00,0.05537274107336998,0.9788700342178345,2.807591438293457,35.79175567626953,0,0,0
train,620,2018-02-22 02:22:00+00:00,0.055542636662721634,0.9792134761810303,2.8054187297821045,35.73432159423828,0,0,0
train,621,2018-02-22 02:23:00+00:00,0.054882802069187164,0.9808469414710999,2.818646192550659,35.94961929321289,0,0,0
train,622,2018-02-22 02:24:00+00:00,0.05473499000072479,0.9814847707748413,2.8221213817596436,36.00443649291992,0,0,0
train,623,2018-02-22 02:25:00+00:00,0.0547664649784565,0.9823170900344849,2.820683479309082,35.97977066040039,0,0,0
train,624,2018-02-22 02:26:00+00:00,0.05507521703839302,0.9821832180023193,2.813854217529297,35.8656005859375,0,0,0
train,625,2018-02-22 02:27:00+00:00,0.054843440651893616,0.9828212261199951,2.816141128540039,35.899600982666016,0,0,0
train,626,2018-02-22 02:28:00+00:00,0.05468316748738289,0.9830232858657837,2.8187990188598633,35.9396858215332,0,0,0
train,627,2018-02-22 02:29:00+00:00,0.054905965924263,0.9825958013534546,2.814279317855835,35.859962463378906,0,0,0
train,628,2018-02-22 02:30:00+00:00,0.05495654419064522,0.9826425313949585,2.81087589263916,35.804508209228516,0,0,0
train,629,2018-02-22 02:31:00+00:00,0.054678380489349365,0.983101487159729,2.8163323402404785,35.88361740112305,0,0,0
train,630,2018-02-22 02:32:00+00:00,0.05554945021867752,0.9806027412414551,2.801116704940796,35.65321731567383,0,0,0
train,631,2018-02-22 02:33:00+00:00,0.10982546955347061,0.9150947332382202,2.190101146697998,25.975849151611328,0,0,0
train,632,2018-02-22 02:34:00+00:00,0.10831235349178314,0.9165055751800537,2.20609974861145,26.2261905670166,0,0,0
train,633,2018-02-22 02:35:00+00:00,0.17668820917606354,0.8701435327529907,1.7889848947525024,19.508014678955078,0,0,0
train,634,2018-02-22 02:36:00+00:00,0.166594997048378,0.8784905672073364,1.8577706813812256,20.610883712768555,0,0,0
train,635,2018-02-22 02:37:00+00:00,0.14300279319286346,0.8906484842300415,1.9960230588912964,22.817378997802734,0,0,0
train,636,2018-02-22 02:38:00+00:00,0.11015024781227112,0.922607421875,2.227907419204712,26.524538040161133,0,0,0
train,637,2018-02-22 02:39:00+00:00,0.09431162476539612,0.9370903968811035,2.3600337505340576,28.64146614074707,0,0,0
train,638,2018-02-22 02:40:00+00:00,0.08635421097278595,0.9464529752731323,2.436652421951294,29.847402572631836,0,0,0
train,639,2018-02-22 02:41:00+00:00,0.09459687769412994,0.9417277574539185,2.3533997535705566,28.494823455810547,0,0,0
train,640,2018-02-22 02:42:00+00:00,0.08356395363807678,0.9520044326782227,2.460245132446289,30.200336456298828,0,0,0
train,641,2018-02-22 02:43:00+00:00,0.07575837522745132,0.9623928070068359,2.5413601398468018,31.503156661987305,0,0,0
train,642,2018-02-22 02:44:00+00:00,0.0705082044005394,0.9650245904922485,2.6029913425445557,32.497615814208984,0,0,0
train,643,2018-02-22 02:45:00+00:00,0.06750616431236267,0.967294454574585,2.6405868530273438,33.09729766845703,0,0,0
train,644,2018-02-22 02:46:00+00:00,0.06421486288309097,0.9698458313941956,2.681617259979248,33.76154708862305,0,0,0
train,645,2018-02-22 02:47:00+00:00,0.05993114411830902,0.9730767607688904,2.7421658039093018,34.73829650878906,0,0,0
train,646,2018-02-22 02:48:00+00:00,0.05905807763338089,0.9740179777145386,2.7522408962249756,34.900577545166016,0,0,0
train,647,2018-02-22 02:49:00+00:00,0.056985531002283096,0.9768580198287964,2.784343957901001,35.4069938659668,0,0,0
train,648,2018-02-22 02:50:00+00:00,0.056732602417469025,0.9762165546417236,2.784916877746582,35.41993713378906,0,0,0
train,649,2018-02-22 02:51:00+00:00,0.05491698905825615,0.9770998358726501,2.812138557434082,35.85881805419922,0,0,0
train,650,2018-02-22 02:52:00+00:00,0.054499752819538116,0.9785493612289429,2.818258047103882,35.951602935791016,0,0,0
train,651,2018-02-22 02:53:00+00:00,0.054282646626234055,0.9778439998626709,2.8228909969329834,36.034523010253906,0,0,0
train,652,2018-02-22 02:54:00+00:00,0.05405382439494133,0.9790809750556946,2.8269031047821045,36.10051345825195,0,0,0
train,653,2018-02-22 02:55:00+00:00,0.05372566729784012,0.9779547452926636,2.831104040145874,36.17316818237305,0,0,0
train,654,2018-02-22 02:56:00+00:00,0.05368170142173767,0.9793224334716797,2.8316776752471924,36.17424011230469,0,0,0
train,655,2018-02-22 02:57:00+00:00,0.053349029272794724,0.9791325330734253,2.84015154838562,36.31044006347656,0,0,0
train,656,2018-02-22 02:58:00+00:00,0.053487006574869156,0.9794623255729675,2.839341402053833,36.2962760925293,0,0,0
train,657,2018-02-22 02:59:00+00:00,0.05261087790131569,0.982549250125885,2.859804391860962,36.6238899230957,0,0,0
train,658,2018-02-22 03:00:00+00:00,0.052050668746232986,0.9858477711677551,2.8736214637756348,36.86607360839844,0,0,0
train,659,2018-02-22 03:01:00+00:00,0.05190910026431084,0.9861400127410889,2.8778984546661377,36.94560241699219,0,0,0
train,660,2018-02-22 03:02:00+00:00,0.051937516778707504,0.986056923866272,2.878129243850708,36.965145111083984,0,0,0
train,661,2018-02-22 03:03:00+00:00,0.052650436758995056,0.9849053621292114,2.866772174835205,36.78507614135742,0,0,0
train,662,2018-02-22 03:04:00+00:00,0.052716419100761414,0.9842219948768616,2.866018533706665,36.78386306762695,0,0,0
train,663,2018-02-22 03:05:00+00:00,0.052441515028476715,0.9842536449432373,2.871565818786621,36.88301467895508,0,0,0
train,664,2018-02-22 03:06:00+00:00,0.05426259711384773,0.9833628535270691,2.8378310203552246,36.32501983642578,0,0,0
train,665,2018-02-22 03:07:00+00:00,0.053506892174482346,0.9842294454574585,2.851494312286377,36.54312515258789,0,0,0
train,666,2018-02-22 03:08:00+00:00,0.05330844596028328,0.9833060503005981,2.854463577270508,36.58953094482422,0,0,0
train,667,2018-02-22 03:09:00+00:00,0.052753765136003494,0.9829807877540588,2.8647468090057373,36.75621795654297,0,0,0
train,668,2018-02-22 03:10:00+00:00,0.05219578742980957,0.9829038381576538,2.874113082885742,36.91152572631836,0,0,0
train,669,2018-02-22 03:11:00+00:00,0.05205775797367096,0.9830949306488037,2.877957344055176,36.98384094238281,0,0,0
train,670,2018-02-22 03:12:00+00:00,0.05205157399177551,0.9828442335128784,2.879124879837036,37.011573791503906,0,0,0
train,671,2018-02-22 03:13:00+00:00,0.05224372819066048,0.983199417591095,2.875762701034546,36.97154235839844,0,0,0
train,672,2018-02-22 03:14:00+00:00,0.05222299322485924,0.9842738509178162,2.8750128746032715,36.95635223388672,0,0,0
train,673,2018-02-22 03:15:00+00:00,0.052490729838609695,0.9836435317993164,2.8710973262786865,36.89616012573242,0,0,0
train,674,2018-02-22 03:16:00+00:00,0.05265181511640549,0.9835205674171448,2.867452621459961,36.83649826049805,0,0,0
train,675,2018-02-22 03:17:00+00:00,0.052620671689510345,0.9832068085670471,2.8671579360961914,36.83039093017578,0,0,0
train,676,2018-02-22 03:18:00+00:00,0.05290094390511513,0.9817848205566406,2.862389087677002,36.75694274902344,0,0,0
train,677,2018-02-22 03:19:00+00:00,0.05318943038582802,0.9815442562103271,2.8576714992523193,36.6745491027832,0,0,0
train,678,2018-02-22 03:20:00+00:00,0.053142815828323364,0.9824833869934082,2.8584816455841064,36.682373046875,0,0,0
train,679,2018-02-22 03:21:00+00:00,0.05244670435786247,0.9839273691177368,2.8697402477264404,36.85798645019531,0,0,0
train,680,2018-02-22 03:22:00+00:00,0.05259908735752106,0.9836224317550659,2.86776065826416,36.83840560913086,0,0,0
train,681,2018-02-22 03:23:00+00:00,0.05260609835386276,0.9838243722915649,2.867858648300171,36.838104248046875,0,0,0
train,682,2018-02-22 03:24:00+00:00,0.052286576479673386,0.9839464426040649,2.8726806640625,36.92413330078125,0,0,0
train,683,2018-02-22 03:25:00+00:00,0.05252021178603172,0.9843589067459106,2.8693342208862305,36.88341522216797,0,0,0
train,684,2018-02-22 03:26:00+00:00,0.052231576293706894,0.9852868318557739,2.8717329502105713,36.92610168457031,0,0,0
train,685,2018-02-22 03:27:00+00:00,0.051624223589897156,0.9865899682044983,2.880622386932373,37.05501174926758,0,0,0
train,686,2018-02-22 03:28:00+00:00,0.052073393017053604,0.9853456616401672,2.8732666969299316,36.94613265991211,0,0,0
train,687,2018-02-22 03:29:00+00:00,0.05282516032457352,0.9835741519927979,2.862701177597046,36.77488708496094,0,0,0
train,688,2018-02-22 03:30:00+00:00,0.05308772623538971,0.9837136268615723,2.857405662536621,36.678863525390625,0,0,0
train,689,2018-02-22 03:31:00+00:00,0.053134944289922714,0.9828963279724121,2.8570525646209717,36.677513122558594,0,0,0
train,690,2018-02-22 03:32:00+00:00,0.053233060985803604,0.9832940101623535,2.8561899662017822,36.652000427246094,0,0,0
train,691,2018-02-22 03:33:00+00:00,0.05306724086403847,0.9842455983161926,2.8580703735351562,36.6889533996582,0,0,0
train,692,2018-02-22 03:34:00+00:00,0.05340494215488434,0.9828308820724487,2.8517966270446777,36.59305953979492,0,0,0
train,693,2018-02-22 03:35:00+00:00,0.05361852049827576,0.9820215702056885,2.848433256149292,36.53178787231445,0,0,0
train,694,2018-02-22 03:36:00+00:00,0.0537775382399559,0.9813261032104492,2.8433470726013184,36.435089111328125,0,0,0
train,695,2018-02-22 03:37:00+00:00,0.05631251260638237,0.9753050208091736,2.7934465408325195,35.597843170166016,0,0,0
train,696,2018-02-22 03:38:00+00:00,0.05673186853528023,0.9777306318283081,2.7828991413116455,35.41617202758789,0,0,0
train,697,2018-02-22 03:39:00+00:00,0.05926620587706566,0.9752728343009949,2.7384748458862305,34.69420623779297,0,0,0
train,698,2018-02-22 03:40:00+00:00,0.06163404881954193,0.9701875448226929,2.703031301498413,34.1170539855957,0,0,0
train,699,2018-02-22 03:41:00+00:00,0.05926591902971268,0.974972128868103,2.742466449737549,34.7556037902832,0,0,0
train,700,2018-02-22 03:42:00+00:00,0.05810201168060303,0.9737152457237244,2.7642455101013184,35.1159782409668,0,0,0
train,701,2018-02-22 03:43:00+00:00,0.057280365377664566,0.9738412499427795,2.778812885284424,35.358943939208984,0,0,0
train,702,2018-02-22 03:44:00+00:00,0.058148715645074844,0.9726732969284058,2.7681572437286377,35.18362045288086,0,0,0
train,703,2018-02-22 03:45:00+00:00,0.05688544735312462,0.9733262062072754,2.7929580211639404,35.598480224609375,0,0,0
train,704,2018-02-22 03:46:00+00:00,0.0549665242433548,0.9792540669441223,2.8274407386779785,36.16075897216797,0,0,0
train,705,2018-02-22 03:47:00+00:00,0.05601653829216957,0.9761490821838379,2.8097856044769287,35.87482452392578,0,0,0
train,706,2018-02-22 03:48:00+00:00,0.054078999906778336,0.9798644185066223,2.8429977893829346,36.425106048583984,0,0,0
train,707,2018-02-22 03:49:00+00:00,0.054517149925231934,0.9780347347259521,2.8367059230804443,36.3354606628418,0,0,0
train,708,2018-02-22 03:50:00+00:00,0.05447132885456085,0.9804244041442871,2.835300922393799,36.30634307861328,0,0,0
train,709,2018-02-22 03:51:00+00:00,0.05808991938829422,0.9739761352539062,2.771784543991089,35.251708984375,0,0,0
train,710,2018-02-22 03:52:00+00:00,0.05667223781347275,0.9755494594573975,2.7937560081481934,35.61134338378906,0,0,0
train,711,2018-02-22 03:53:00+00:00,0.05601968988776207,0.9784777164459229,2.8021788597106934,35.757179260253906,0,0,0
train,712,2018-02-22 03:54:00+00:00,0.05613087862730026,0.979871392250061,2.7966859340667725,35.66170120239258,0,0,0
train,713,2018-02-22 03:55:00+00:00,0.05463627725839615,0.9823226928710938,2.8255112171173096,36.12422180175781,0,0,0
train,714,2018-02-22 03:56:00+00:00,0.05675584450364113,0.9809832572937012,2.7903950214385986,35.501976013183594,0,0,0
train,715,2018-02-22 03:57:00+00:00,0.058965377509593964,0.9753054976463318,2.7581064701080322,34.980621337890625,0,0,0
train,716,2018-02-22 03:58:00+00:00,0.05716686695814133,0.9745704531669617,2.7875287532806396,35.470523834228516,0,0,0
train,717,2018-02-22 03:59:00+00:00,0.052787140011787415,0.9825876951217651,2.858725070953369,36.60783767700195,0,0,0
train,718,2018-02-22 04:00:00+00:00,0.05380997061729431,0.9799907803535461,2.843473434448242,36.379024505615234,0,0,0
train,719,2018-02-22 04:01:00+00:00,0.0536344051361084,0.9785480499267578,2.8483433723449707,36.46152877807617,0,0,0
train,720,2018-02-22 04:02:00+00:00,0.05525243654847145,0.9776825904846191,2.8222663402557373,36.03640365600586,0,0,0
train,721,2018-02-22 04:03:00+00:00,0.05445397272706032,0.979436993598938,2.8357346057891846,36.25790786743164,0,0,0
train,722,2018-02-22 04:04:00+00:00,0.05298253893852234,0.9820369482040405,2.8579649925231934,36.62382125854492,0,0,0
train,723,2018-02-22 04:05:00+00:00,0.05442547798156738,0.9795737266540527,2.8279829025268555,36.1175537109375,0,0,0
train,724,2018-02-22 04:06:00+00:00,0.054895058274269104,0.9789644479751587,2.8177621364593506,35.9376335144043,0,0,0
train,725,2018-02-22 04:07:00+00:00,0.054937317967414856,0.9774444103240967,2.8162267208099365,35.93585205078125,0,0,0
train,726,2018-02-22 04:08:00+00:00,0.05496339127421379,0.976645827293396,2.8130414485931396,35.88662338256836,0,0,0
train,727,2018-02-22 04:09:00+00:00,0.05455058068037033,0.9760938882827759,2.819314956665039,35.99455261230469,0,0,0
train,728,2018-02-22 04:10:00+00:00,0.055128294974565506,0.9781089425086975,2.807269334793091,35.77908706665039,0,0,0
train,729,2018-02-22 04:11:00+00:00,0.05500200763344765,0.9780157208442688,2.809244394302368,35.805789947509766,0,0,0
train,730,2018-02-22 04:12:00+00:00,0.055133067071437836,0.9777412414550781,2.8037939071655273,35.722721099853516,0,0,0
train,731,2018-02-22 04:13:00+00:00,0.05469290912151337,0.9758094549179077,2.811509370803833,35.85332107543945,0,0,0
train,732,2018-02-22 04:14:00+00:00,0.05457603558897972,0.976402997970581,2.811612129211426,35.855857849121094,0,0,0
train,733,2018-02-22 04:15:00+00:00,0.054580193012952805,0.9744064807891846,2.8130414485931396,35.89277267456055,0,0,0
train,734,2018-02-22 04:16:00+00:00,0.05415812507271767,0.9752858877182007,2.8187015056610107,35.97850799560547,0,0,0
train,735,2018-02-22 04:17:00+00:00,0.05400439351797104,0.9750784635543823,2.8218300342559814,36.03128433227539,0,0,0
train,736,2018-02-22 04:18:00+00:00,0.0536392405629158,0.9759125709533691,2.828314781188965,36.136985778808594,0,0,0
train,737,2018-02-22 04:19:00+00:00,0.053440339863300323,0.976148247718811,2.8334197998046875,36.22892379760742,0,0,0
train,738,2018-02-22 04:20:00+00:00,0.053918443620204926,0.9753040075302124,2.8259623050689697,36.12133026123047,0,0,0
train,739,2018-02-22 04:21:00+00:00,0.05368960276246071,0.9756027460098267,2.8312621116638184,36.20790100097656,0,0,0
train,740,2018-02-22 04:22:00+00:00,0.05341983214020729,0.9775136709213257,2.8380491733551025,36.3074951171875,0,0,0
train,741,2018-02-22 04:23:00+00:00,0.054536204785108566,0.9758039116859436,2.8252933025360107,36.13707733154297,0,0,0
train,742,2018-02-22 04:24:00+00:00,0.05445422604680061,0.975360631942749,2.8259735107421875,36.15873718261719,0,0,0
train,743,2018-02-22 04:25:00+00:00,0.055055733770132065,0.9751837253570557,2.8186845779418945,36.05839920043945,0,0,0
train,744,2018-02-22 04:26:00+00:00,0.05507062375545502,0.9743025898933411,2.8187949657440186,36.06122970581055,0,0,0
train,745,2018-02-22 04:27:00+00:00,0.05610444396734238,0.9724478721618652,2.8028643131256104,35.803462982177734,0,0,0
train,746,2018-02-22 04:28:00+00:00,0.057218946516513824,0.9717925786972046,2.7876288890838623,35.54304122924805,0,0,0
train,747,2018-02-22 04:29:00+00:00,0.26259708404541016,0.8222561478614807,1.4502415657043457,13.980199813842773,0,0,0
train,748,2018-02-22 04:30:00+00:00,0.3742554485797882,0.7793335914611816,1.1430059671401978,8.787152290344238,0,0,0
train,749,2018-02-22 04:31:00+00:00,0.4410397708415985,0.758562445640564,0.9982072710990906,6.2169647216796875,0,0,0
train,750,2018-02-22 04:32:00+00:00,0.48383572697639465,0.7471597194671631,0.9209485054016113,4.814815521240234,0,0,0
train,751,2018-02-22 04:33:00+00:00,0.4567836821079254,0.754696786403656,0.9693875908851624,5.676006317138672,0,0,0
train,752,2018-02-22 04:34:00+00:00,0.4931817352771759,0.7455306053161621,0.9024588465690613,4.455348968505859,0,0,0
train,753,2018-02-22 04:35:00+00:00,0.4993894696235657,0.7469391822814941,0.8908061385154724,4.21978235244751,0,0,0
train,754,2018-02-22 04:36:00+00:00,0.51975417137146,0.7426011562347412,0.8576311469078064,3.6040005683898926,0,0,0
train,755,2018-02-22 04:37:00+00:00,0.49514132738113403,0.7497439384460449,0.9000207781791687,4.396169185638428,0,0,0
train,756,2018-02-22 04:38:00+00:00,0.4961945414543152,0.7454849481582642,0.8993651866912842,4.387726306915283,0,0,0
train,757,2018-02-22 04:39:00+00:00,0.49746689200401306,0.7441047430038452,0.9015068411827087,4.440423011779785,0,0,0
train,758,2018-02-22 04:40:00+00:00,0.4901899993419647,0.7483215928077698,0.9137575626373291,4.658131122589111,0,0,0
train,759,2018-02-22 04:41:00+00:00,0.46773549914360046,0.7545205950737,0.9543334245681763,5.397220134735107,0,0,0
train,760,2018-02-22 04:42:00+00:00,0.45525699853897095,0.7584589719772339,0.977624237537384,5.823205471038818,0,0,0
train,761,2018-02-22 04:43:00+00:00,0.4544392228126526,0.7543514370918274,0.9774683117866516,5.838157653808594,0,0,0
train,762,2018-02-22 04:44:00+00:00,0.45081377029418945,0.7546717524528503,0.9784095883369446,5.853183269500732,0,0,0
train,763,2018-02-22 04:45:00+00:00,0.4315871298313141,0.762283980846405,1.015649676322937,6.512209415435791,0,0,0
train,764,2018-02-22 04:46:00+00:00,0.4418351650238037,0.7584539651870728,0.9928494095802307,6.111915111541748,0,0,0
train,765,2018-02-22 04:47:00+00:00,0.4439876973628998,0.7566901445388794,0.9859023094177246,5.9937920570373535,0,0,0
train,766,2018-02-22 04:48:00+00:00,0.44784340262413025,0.7558923959732056,0.9764276742935181,5.813782215118408,0,0,0
train,767,2018-02-22 04:49:00+00:00,0.44629454612731934,0.7572439908981323,0.9815759062767029,5.894402503967285,0,0,0
train,768,2018-02-22 04:50:00+00:00,0.43320220708847046,0.758223295211792,1.0091817378997803,6.409592151641846,0,0,0
train,769,2018-02-22 04:51:00+00:00,0.4361794590950012,0.7582711577415466,1.0066417455673218,6.357938289642334,0,0,0
train,770,2018-02-22 04:52:00+00:00,0.43501731753349304,0.7623612880706787,1.0208443403244019,6.595394134521484,0,0,0
train,771,2018-02-22 04:53:00+00:00,0.3491494059562683,0.7938289642333984,1.2168101072311401,9.951812744140625,0,0,0
train,772,2018-02-22 04:54:00+00:00,0.30904915928840637,0.8119055032730103,1.322049617767334,11.703561782836914,0,0,0
train,773,2018-02-22 04:55:00+00:00,0.2235891968011856,0.8542833924293518,1.600886583328247,16.28342056274414,0,0,0
train,774,2018-02-22 04:56:00+00:00,0.1843830943107605,0.8809283971786499,1.7672804594039917,18.979515075683594,0,0,0
train,775,2018-02-22 04:57:00+00:00,0.151531383395195,0.8985645174980164,1.9395262002944946,21.76797866821289,0,0,0
train,776,2018-02-22 04:58:00+00:00,0.1176842525601387,0.9227634072303772,2.156951904296875,25.288253784179688,0,0,0
train,777,2018-02-22 04:59:00+00:00,0.09640082716941833,0.9443542957305908,2.331087112426758,28.06803321838379,0,0,0
train,778,2018-02-22 05:00:00+00:00,0.08731555193662643,0.9540743827819824,2.4157369136810303,29.421735763549805,0,0,0
train,779,2018-02-22 05:01:00+00:00,0.09249459952116013,0.9447295069694519,2.361536979675293,28.580589294433594,0,0,0
train,780,2018-02-22 05:02:00+00:00,0.08304425328969955,0.9556189775466919,2.455446481704712,30.063608169555664,0,0,0
train,781,2018-02-22 05:03:00+00:00,0.08238296210765839,0.9566413760185242,2.4614930152893066,30.14659309387207,0,0,0
train,782,2018-02-22 05:04:00+00:00,0.07429477572441101,0.9643001556396484,2.552100658416748,31.593564987182617,0,0,0
train,783,2018-02-22 05:05:00+00:00,0.06696847081184387,0.9740104675292969,2.6455633640289307,33.119537353515625,0,0,0
train,784,2018-02-22 05:06:00+00:00,0.06386812776327133,0.9734988212585449,2.687225103378296,33.802833557128906,0,0,0
train,785,2018-02-22 05:07:00+00:00,0.06263192743062973,0.9748541116714478,2.703608989715576,34.06884002685547,0,0,0
train,786,2018-02-22 05:08:00+00:00,0.06125600263476372,0.9764891862869263,2.720834732055664,34.348670959472656,0,0,0
train,787,2018-02-22 05:09:00+00:00,0.06051069498062134,0.9750422239303589,2.730405569076538,34.513492584228516,0,0,0
train,788,2018-02-22 05:10:00+00:00,0.0594690665602684,0.9743692874908447,2.7414350509643555,34.69569778442383,0,0,0
train,789,2018-02-22 05:11:00+00:00,0.057792700827121735,0.9763534069061279,2.7660176753997803,35.089622497558594,0,0,0
train,790,2018-02-22 05:12:00+00:00,0.05707581713795662,0.974588930606842,2.775125026702881,35.25617599487305,0,0,0
train,791,2018-02-22 05:13:00+00:00,0.056742988526821136,0.9757593870162964,2.780090570449829,35.33711624145508,0,0,0
train,792,2018-02-22 05:14:00+00:00,0.05636495351791382,0.974841296672821,2.783015727996826,35.400630950927734,0,0,0
train,793,2018-02-22 05:15:00+00:00,0.05559491738677025,0.9760603904724121,2.79585337638855,35.60404968261719,0,0,0
train,794,2018-02-22 05:16:00+00:00,0.05516155809164047,0.9754495620727539,2.7993669509887695,35.66954803466797,0,0,0
train,795,2018-02-22 05:17:00+00:00,0.054653361439704895,0.9762676358222961,2.8090672492980957,35.82322692871094,0,0,0
train,796,2018-02-22 05:18:00+00:00,0.05442927032709122,0.976012110710144,2.8108739852905273,35.85432052612305,0,0,0
train,797,2018-02-22 05:19:00+00:00,0.05435015261173248,0.9747347831726074,2.813753128051758,35.90232849121094,0,0,0
train,798,2018-02-22 05:20:00+00:00,0.05342968553304672,0.976060152053833,2.8283655643463135,36.122283935546875,0,0,0
train,799,2018-02-22 05:21:00+00:00,0.05204473063349724,0.977293848991394,2.853717565536499,36.52666473388672,0,0,0
train,800,2018-02-22 05:22:00+00:00,0.0530121810734272,0.9755191206932068,2.837000608444214,36.25804138183594,0,0,0
train,801,2018-02-22 05:23:00+00:00,0.05994449183344841,0.9755202531814575,2.736825704574585,34.625518798828125,0,0,0
train,802,2018-02-22 05:24:00+00:00,0.06678716838359833,0.9705866575241089,2.6451783180236816,33.151756286621094,0,0,0
train,803,2018-02-22 05:25:00+00:00,0.10758145898580551,0.9312611818313599,2.227064371109009,26.467275619506836,0,0,0
train,804,2018-02-22 05:26:00+00:00,0.13318470120429993,0.9080333113670349,2.0472824573516846,23.566423416137695,0,0,0
train,805,2018-02-22 05:27:00+00:00,0.11162066459655762,0.9288018941879272,2.1997499465942383,25.997053146362305,0,0,0
train,806,2018-02-22 05:28:00+00:00,0.1119326800107956,0.9280889630317688,2.1959643363952637,25.946449279785156,0,0,0
train,807,2018-02-22 05:29:00+00:00,0.10504738986492157,0.933692455291748,2.2461681365966797,26.751129150390625,0,0,0
train,808,2018-02-22 05:30:00+00:00,0.08371928334236145,0.9589461088180542,2.438098907470703,29.769075393676758,0,0,0
train,809,2018-02-22 08:22:00+00:00,0.07048992067575455,0.979273796081543,2.588799238204956,32.144527435302734,0,0,0
train,810,2018-02-22 08:52:00+00:00,0.0545172356069088,0.9714009761810303,2.811784029006958,35.89545440673828,0,0,0
train,811,2018-02-22 08:53:00+00:00,0.06896387040615082,0.9573814868927002,2.6086480617523193,32.66755676269531,0,0,0
train,812,2018-02-22 08:54:00+00:00,0.10072752833366394,0.924597978591919,2.2752397060394287,27.381669998168945,0,0,0
train,813,2018-02-22 08:55:00+00:00,0.062170132994651794,0.9609314203262329,2.6992082595825195,34.12158966064453,0,0,0
train,814,2018-02-22 08:56:00+00:00,0.06899132579565048,0.9571268558502197,2.613870620727539,32.7424201965332,0,0,0
train,815,2018-02-22 08:57:00+00:00,0.0677490159869194,0.9589993953704834,2.6297247409820557,33.0080680847168,0,0,0
train,816,2018-02-22 08:58:00+00:00,0.06440418213605881,0.9631861448287964,2.6731739044189453,33.685585021972656,0,0,0
train,817,2018-02-22 08:59:00+00:00,0.07543431967496872,0.9558663368225098,2.5362741947174072,31.490549087524414,0,0,0
train,818,2018-02-22 09:00:00+00:00,0.08828376233577728,0.9444273710250854,2.3941097259521484,29.21576690673828,0,0,0
train,819,2018-02-22 09:01:00+00:00,0.09094305336475372,0.9447299242019653,2.3714561462402344,28.840402603149414,0,0,0
train,820,2018-02-22 09:02:00+00:00,0.10220129042863846,0.9311652183532715,2.2713117599487305,27.229856491088867,0,0,0
train,821,2018-02-22 09:03:00+00:00,0.09477034956216812,0.939254641532898,2.3334531784057617,28.234006881713867,0,0,0
train,822,2018-02-22 09:04:00+00:00,0.08969751745462418,0.9428955316543579,2.389295816421509,29.101806640625,0,0,0
train,823,2018-02-22 09:05:00+00:00,0.078142911195755,0.9534033536911011,2.5117058753967285,31.081527709960938,0,0,0
train,824,2018-02-22 09:06:00+00:00,0.07371845841407776,0.9579010009765625,2.5551090240478516,31.789043426513672,0,0,0
train,825,2018-02-22 09:07:00+00:00,0.07421524822711945,0.9594309329986572,2.5378189086914062,31.49635124206543,0,0,0
train,826,2018-02-22 09:08:00+00:00,0.07374343276023865,0.9591520428657532,2.5437257289886475,31.575265884399414,0,0,0
train,827,2018-02-22 09:09:00+00:00,0.0680750384926796,0.9648882150650024,2.613464117050171,32.69776916503906,0,0,0
train,828,2018-02-22 09:10:00+00:00,0.07058051973581314,0.961459755897522,2.581125259399414,32.17059326171875,0,0,0
train,829,2018-02-22 09:11:00+00:00,0.06603951007127762,0.9664052724838257,2.641695737838745,33.13972473144531,0,0,0
train,830,2018-02-22 09:12:00+00:00,0.0813087746500969,0.9494929313659668,2.4587929248809814,30.228784561157227,0,0,0
train,831,2018-02-22 09:13:00+00:00,0.09435703605413437,0.9300857782363892,2.326601028442383,28.125192642211914,0,0,0
train,832,2018-02-22 09:14:00+00:00,0.095093734562397,0.9282410740852356,2.3170175552368164,27.973806381225586,0,0,0
train,833,2018-02-22 09:15:00+00:00,0.07285584509372711,0.9591506123542786,2.5591602325439453,31.81202507019043,0,0,0
train,834,2018-02-22 09:16:00+00:00,0.08702513575553894,0.9365826845169067,2.394705295562744,29.208072662353516,0,0,0
train,835,2018-02-22 09:17:00+00:00,0.07111170887947083,0.9594489336013794,2.576594591140747,32.09809875488281,0,0,0
train,836,2018-02-22 09:18:00+00:00,0.0949651375412941,0.9288907051086426,2.3165810108184814,27.96901512145996,0,0,0
train,837,2018-02-22 09:19:00+00:00,0.21655544638633728,0.8508574962615967,1.6231719255447388,16.795804977416992,0,0,0
train,838,2018-02-22 09:20:00+00:00,0.35722601413726807,0.788561999797821,1.1806470155715942,9.395416259765625,0,0,0
train,839,2018-02-22 09:21:00+00:00,0.36655372381210327,0.7870885133743286,1.153055191040039,8.90715217590332,0,0,0
train,840,2018-02-22 09:22:00+00:00,0.429668664932251,0.7616795301437378,1.017704725265503,6.568195343017578,0,0,0
train,841,2018-02-22 09:23:00+00:00,0.37363138794898987,0.7817535400390625,1.1455107927322388,8.788881301879883,0,0,0
train,842,2018-02-22 09:24:00+00:00,0.33860573172569275,0.793217658996582,1.2426615953445435,10.453198432922363,0,0,0
train,843,2018-02-22 09:25:00+00:00,0.32337501645088196,0.8025256395339966,1.2862578630447388,11.188502311706543,0,0,0
train,844,2018-02-22 09:26:00+00:00,0.3625054359436035,0.7850993871688843,1.1798454523086548,9.379587173461914,0,0,0
train,845,2018-02-22 09:27:00+00:00,0.34301114082336426,0.7948176860809326,1.228611946105957,10.212541580200195,0,0,0
train,846,2018-02-22 09:28:00+00:00,0.3383803367614746,0.7972046136856079,1.2397698163986206,10.393017768859863,0,0,0
train,847,2018-02-22 09:29:00+00:00,0.31057748198509216,0.8107271194458008,1.3162206411361694,11.669373512268066,0,0,0
train,848,2018-02-22 09:30:00+00:00,0.2818243205547333,0.819854736328125,1.3997663259506226,13.074331283569336,0,0,0
train,849,2018-02-22 09:31:00+00:00,0.27331534028053284,0.8207283616065979,1.4151787757873535,13.303937911987305,0,0,0
train,850,2018-02-22 09:32:00+00:00,0.25767138600349426,0.8278301954269409,1.470382809638977,14.253266334533691,0,0,0
train,851,2018-02-22 09:33:00+00:00,0.19389912486076355,0.8603075742721558,1.704991340637207,18.13710594177246,0,0,0
train,852,2018-02-22 09:34:00+00:00,0.2459350824356079,0.8316326141357422,1.498422384262085,14.765069007873535,0,0,0
train,853,2018-02-22 09:35:00+00:00,0.24965494871139526,0.8301719427108765,1.4777485132217407,14.43407154083252,0,0,0
train,854,2018-02-22 09:36:00+00:00,0.29057154059410095,0.8102797269821167,1.3453712463378906,12.232053756713867,0,0,0
train,855,2018-02-22 09:37:00+00:00,0.2689017653465271,0.818271279335022,1.4035087823867798,13.226070404052734,0,0,0
train,856,2018-02-22 09:38:00+00:00,0.28334832191467285,0.8112443089485168,1.3611005544662476,12.521710395812988,0,0,0
train,857,2018-02-22 09:39:00+00:00,0.17353641986846924,0.8694252967834473,1.7719157934188843,19.299287796020508,0,0,0
train,858,2018-02-22 09:40:00+00:00,0.2726588845252991,0.8152549266815186,1.3962925672531128,13.116846084594727,0,0,0
train,859,2018-02-22 09:41:00+00:00,0.2657616436481476,0.816596508026123,1.4141207933425903,13.427078247070312,0,0,0
train,860,2018-02-22 09:42:00+00:00,0.3660070598125458,0.7818717956542969,1.1522727012634277,8.969693183898926,0,0,0
train,861,2018-02-22 09:43:00+00:00,0.4496917426586151,0.753046989440918,0.9764072299003601,5.8687825202941895,0,0,0
train,862,2018-02-22 09:44:00+00:00,0.4896332323551178,0.741601824760437,0.9095447659492493,4.631224632263184,0,0,0
train,863,2018-02-22 09:45:00+00:00,0.48360466957092285,0.743743896484375,0.9214029312133789,4.84796667098999,0,0,0
train,864,2018-02-22 09:46:00+00:00,0.4920085072517395,0.7413327693939209,0.9055062532424927,4.560399532318115,0,0,0
train,865,2018-02-22 09:47:00+00:00,0.4613649547100067,0.7504439353942871,0.9610676169395447,5.584287643432617,0,0,0
train,866,2018-02-22 09:48:00+00:00,0.45226171612739563,0.7519992589950562,0.977287232875824,5.885867595672607,0,0,0
train,867,2018-02-22 09:49:00+00:00,0.47435811161994934,0.7459022998809814,0.9322904944419861,5.060113906860352,0,0,0
train,868,2018-02-22 09:50:00+00:00,0.43616539239883423,0.7623130083084106,1.0042139291763306,6.319765567779541,0,0,0
train,869,2018-02-22 09:51:00+00:00,0.4046909511089325,0.7725149393081665,1.0731511116027832,7.513875961303711,0,0,0
train,870,2018-02-22 09:52:00+00:00,0.3842250108718872,0.7799643874168396,1.124696969985962,8.404524803161621,0,0,0
train,871,2018-02-22 09:53:00+00:00,0.3839905261993408,0.7772068381309509,1.1324896812438965,8.566861152648926,0,0,0
train,872,2018-02-22 09:54:00+00:00,0.36692509055137634,0.7861164808273315,1.1736196279525757,9.27372932434082,0,0,0
train,873,2018-02-22 09:55:00+00:00,0.34141722321510315,0.795949399471283,1.2369202375411987,10.334324836730957,0,0,0
train,874,2018-02-22 09:56:00+00:00,0.3122337758541107,0.810144305229187,1.3183964490890503,11.684844017028809,0,0,0
train,875,2018-02-22 09:57:00+00:00,0.28505030274391174,0.8226147294044495,1.3916321992874146,12.911823272705078,0,0,0
train,876,2018-02-22 09:58:00+00:00,0.2567029595375061,0.8323169350624084,1.468741536140442,14.207334518432617,0,0,0
train,877,2018-02-22 09:59:00+00:00,0.22349946200847626,0.8468774557113647,1.5947052240371704,16.277938842773438,0,0,0
train,878,2018-02-22 10:00:00+00:00,0.20158633589744568,0.8599788546562195,1.6866995096206665,17.777334213256836,0,0,0
train,879,2018-02-22 10:01:00+00:00,0.17491254210472107,0.8780183792114258,1.804791808128357,19.702573776245117,0,0,0
train,880,2018-02-22 10:02:00+00:00,0.13914699852466583,0.9017707109451294,2.0056397914886475,22.917150497436523,0,0,0
train,881,2018-02-22 10:03:00+00:00,0.12198752164840698,0.9160398840904236,2.1135706901550293,24.678396224975586,0,0,0
train,882,2018-02-22 10:04:00+00:00,0.09349920600652695,0.9394274950027466,2.3487722873687744,28.423377990722656,0,0,0
train,883,2018-02-22 10:05:00+00:00,0.07947783917188644,0.9559370875358582,2.487804412841797,30.633827209472656,0,0,0
train,884,2018-02-22 10:06:00+00:00,0.07530386745929718,0.9633628129959106,2.537640333175659,31.403717041015625,0,0,0
train,885,2018-02-22 10:07:00+00:00,0.07167848199605942,0.9634820222854614,2.5802438259124756,32.100563049316406,0,0,0
train,886,2018-02-22 10:08:00+00:00,0.06810492277145386,0.9693362712860107,2.6265668869018555,32.824432373046875,0,0,0
train,887,2018-02-22 10:09:00+00:00,0.06673767417669296,0.9719341993331909,2.644076108932495,33.11078643798828,0,0,0
train,888,2018-02-22 10:10:00+00:00,0.06287574768066406,0.9762022495269775,2.6938669681549072,33.92526626586914,0,0,0
train,889,2018-02-22 10:11:00+00:00,0.06342631578445435,0.9715014696121216,2.68497371673584,33.80696487426758,0,0,0
train,890,2018-02-22 10:12:00+00:00,0.06585906445980072,0.9714237451553345,2.652855396270752,33.298946380615234,0,0,0
train,891,2018-02-22 10:13:00+00:00,0.0676920935511589,0.9687464833259583,2.622532844543457,32.81478500366211,0,0,0
train,892,2018-02-22 10:14:00+00:00,0.07144096493721008,0.9642127752304077,2.57331919670105,32.051002502441406,0,0,0
train,893,2018-02-22 10:15:00+00:00,0.07391667366027832,0.9636596441268921,2.548175573348999,31.627548217773438,0,0,0
train,894,2018-02-22 10:16:00+00:00,0.11804807931184769,0.9163342118263245,2.142951250076294,25.202754974365234,0,0,0
train,895,2018-02-22 10:17:00+00:00,0.07866104692220688,0.9556924104690552,2.499532461166382,30.907499313354492,0,0,0
train,896,2018-02-22 10:18:00+00:00,0.17247995734214783,0.87518310546875,1.8272058963775635,20.130741119384766,0,0,0
train,897,2018-02-22 10:19:00+00:00,0.15661272406578064,0.8933663368225098,1.9062045812606812,21.371706008911133,0,0,0
train,898,2018-02-22 10:20:00+00:00,0.2629072666168213,0.8273252248764038,1.4555881023406982,13.967517852783203,0,0,0
train,899,2018-02-22 10:21:00+00:00,0.2627904713153839,0.8307332396507263,1.4560015201568604,13.953056335449219,0,0,0
train,900,2018-02-22 10:22:00+00:00,0.22700382769107819,0.8444414138793945,1.5853947401046753,16.10036849975586,0,0,0
train,901,2018-02-22 10:23:00+00:00,0.21255958080291748,0.8539589643478394,1.6423120498657227,17.0728702545166,0,0,0
train,902,2018-02-22 10:24:00+00:00,0.189899280667305,0.8660461902618408,1.73811674118042,18.653255462646484,0,0,0
train,903,2018-02-22 10:25:00+00:00,0.15832790732383728,0.8808046579360962,1.8983843326568604,21.267833709716797,0,0,0
train,904,2018-02-22 10:26:00+00:00,0.14063240587711334,0.8934596180915833,1.9960747957229614,22.862688064575195,0,0,0
train,905,2018-02-22 10:27:00+00:00,0.12250830978155136,0.9031741619110107,2.1131105422973633,24.767301559448242,0,0,0
train,906,2018-02-22 10:28:00+00:00,0.10618894547224045,0.9189878106117249,2.233217477798462,26.68893814086914,0,0,0
train,907,2018-02-22 10:29:00+00:00,0.10134093463420868,0.9230108857154846,2.2712175846099854,27.297021865844727,0,0,0
train,908,2018-02-22 10:30:00+00:00,0.09235580265522003,0.9333033561706543,2.353456735610962,28.598068237304688,0,0,0
train,909,2018-02-22 10:31:00+00:00,0.0795171856880188,0.9531135559082031,2.484147787094116,30.67142105102539,0,0,0
train,910,2018-02-22 10:32:00+00:00,0.0800495371222496,0.9528183937072754,2.4811532497406006,30.6168212890625,0,0,0
train,911,2018-02-22 10:33:00+00:00,0.07760520279407501,0.9595972299575806,2.504633903503418,30.974870681762695,0,0,0
train,912,2018-02-22 10:34:00+00:00,0.07250171154737473,0.9615450501441956,2.562215566635132,31.894628524780273,0,0,0
train,913,2018-02-22 10:35:00+00:00,0.07658269256353378,0.9596531391143799,2.514709949493408,31.123178482055664,0,0,0
train,914,2018-02-22 10:36:00+00:00,0.07074839621782303,0.9647551774978638,2.5857748985290527,32.2405891418457,0,0,0
train,915,2018-02-22 10:37:00+00:00,0.06811833381652832,0.9661905765533447,2.6170461177825928,32.74127960205078,0,0,0
train,916,2018-02-22 10:38:00+00:00,0.06619197130203247,0.9695543050765991,2.6409950256347656,33.130828857421875,0,0,0
train,917,2018-02-22 10:39:00+00:00,0.06350068747997284,0.9690441489219666,2.67523193359375,33.68461227416992,0,0,0
train,918,2018-02-22 10:40:00+00:00,0.060653965920209885,0.9726465940475464,2.716789722442627,34.353668212890625,0,0,0
train,919,2018-02-22 10:41:00+00:00,0.06085299700498581,0.973636269569397,2.7152910232543945,34.32692337036133,0,0,0
train,920,2018-02-22 10:42:00+00:00,0.05942559987306595,0.9760322570800781,2.7363622188568115,34.66215133666992,0,0,0
train,921,2018-02-22 10:43:00+00:00,0.05786310136318207,0.9797371029853821,2.7626237869262695,35.077396392822266,0,0,0
train,922,2018-02-22 10:44:00+00:00,0.05605537071824074,0.9813125729560852,2.790982484817505,35.537052154541016,0,0,0
train,923,2018-02-22 10:45:00+00:00,0.05924753472208977,0.9773041009902954,2.74560809135437,34.791358947753906,0,0,0
train,924,2018-02-22 10:46:00+00:00,0.06303860247135162,0.971851646900177,2.693100690841675,33.94304275512695,0,0,0
train,925,2018-02-22 10:47:00+00:00,0.1385274976491928,0.8944809436798096,2.0021450519561768,22.979793548583984,0,0,0
train,926,2018-02-22 10:48:00+00:00,0.10625693202018738,0.9229331016540527,2.231628894805908,26.647777557373047,0,0,0
train,927,2018-02-22 10:49:00+00:00,0.2171732634305954,0.8460285663604736,1.6104576587677002,16.602191925048828,0,0,0
train,928,2018-02-22 10:50:00+00:00,0.1996440887451172,0.8567231893539429,1.6720383167266846,17.630104064941406,0,0,0
train,929,2018-02-22 10:51:00+00:00,0.16834105551242828,0.8757435083389282,1.8287876844406128,20.164987564086914,0,0,0
train,930,2018-02-22 10:52:00+00:00,0.1432228684425354,0.8933074474334717,1.9599518775939941,22.277057647705078,0,0,0
train,931,2018-02-22 10:53:00+00:00,0.1218075379729271,0.9106645584106445,2.1030333042144775,24.565635681152344,0,0,0
train,932,2018-02-22 10:54:00+00:00,0.14950479567050934,0.8904012441635132,1.9226651191711426,21.67692756652832,0,0,0
train,933,2018-02-22 10:55:00+00:00,0.16387948393821716,0.8777040243148804,1.8369008302688599,20.31591796875,0,0,0
train,934,2018-02-22 10:56:00+00:00,0.12689600884914398,0.9031926393508911,2.0574707984924316,23.858760833740234,0,0,0
train,935,2018-02-22 10:57:00+00:00,0.1139531135559082,0.9128296375274658,2.1458702087402344,25.27522087097168,0,0,0
train,936,2018-02-22 10:58:00+00:00,0.0925060510635376,0.9390060901641846,2.328773021697998,28.16143798828125,0,0,0
train,937,2018-02-22 10:59:00+00:00,0.100113645195961,0.9279405474662781,2.2632789611816406,27.130582809448242,0,0,0
train,938,2018-02-22 11:00:00+00:00,0.09391619265079498,0.9371083974838257,2.319169759750366,28.01215362548828,0,0,0
train,939,2018-02-22 11:01:00+00:00,0.11013916879892349,0.918075442314148,2.1911234855651855,25.95914077758789,0,0,0
train,940,2018-02-22 11:02:00+00:00,0.09679801762104034,0.9325894117355347,2.3005940914154053,27.704885482788086,0,0,0
train,941,2018-02-22 11:03:00+00:00,0.0987384244799614,0.9278351664543152,2.282984972000122,27.43506622314453,0,0,0
train,942,2018-02-22 11:04:00+00:00,0.10110323876142502,0.9236956834793091,2.2634994983673096,27.110626220703125,0,0,0
train,943,2018-02-22 11:05:00+00:00,0.11992176622152328,0.9043385982513428,2.1111817359924316,24.668190002441406,0,0,0
train,944,2018-02-22 11:06:00+00:00,0.11146480590105057,0.9126427173614502,2.1690292358398438,25.586212158203125,0,0,0
train,945,2018-02-22 11:07:00+00:00,0.13241244852542877,0.8947094678878784,2.0253283977508545,23.30942153930664,0,0,0
train,946,2018-02-22 11:08:00+00:00,0.13659387826919556,0.8933591246604919,1.99830961227417,22.89935874938965,0,0,0
train,947,2018-02-22 11:09:00+00:00,0.16377291083335876,0.8746347427368164,1.8498483896255493,20.511140823364258,0,0,0
train,948,2018-02-22 11:10:00+00:00,0.2636927366256714,0.8235914707183838,1.4475314617156982,13.908373832702637,0,0,0
train,949,2018-02-22 11:11:00+00:00,0.2550007402896881,0.8271709680557251,1.4798108339309692,14.453936576843262,0,0,0
train,950,2018-02-22 11:12:00+00:00,0.2546146512031555,0.8236672878265381,1.4746745824813843,14.383764266967773,0,0,0
train,951,2018-02-22 11:13:00+00:00,0.26147475838661194,0.8247672915458679,1.461512565612793,14.158026695251465,0,0,0
train,952,2018-02-22 11:14:00+00:00,0.25382840633392334,0.8297053575515747,1.4843336343765259,14.526179313659668,0,0,0
train,953,2018-02-22 11:15:00+00:00,0.2274182140827179,0.8399704098701477,1.5759484767913818,16.034154891967773,0,0,0
train,954,2018-02-22 11:16:00+00:00,0.1986311972141266,0.8546007871627808,1.684601902961731,17.83367919921875,0,0,0
train,955,2018-02-22 11:17:00+00:00,0.1857188642024994,0.8626899719238281,1.7372815608978271,18.68711280822754,0,0,0
train,956,2018-02-22 11:18:00+00:00,0.16569451987743378,0.8765146732330322,1.8378015756607056,20.320371627807617,0,0,0
train,957,2018-02-22 11:19:00+00:00,0.1455352008342743,0.8845446109771729,1.947022795677185,22.083284378051758,0,0,0
train,958,2018-02-22 11:20:00+00:00,0.13966292142868042,0.8922525644302368,1.9878236055374146,22.763011932373047,0,0,0
train,959,2018-02-22 11:21:00+00:00,0.11694145947694778,0.9118798971176147,2.1394479274749756,25.198415756225586,0,0,0
train,960,2018-02-22 11:22:00+00:00,0.11208201199769974,0.9179805517196655,2.1762285232543945,25.798303604125977,0,0,0
train,961,2018-02-22 11:23:00+00:00,0.09704762697219849,0.9305747747421265,2.305223226547241,27.852514266967773,0,0,0
train,962,2018-02-22 11:24:00+00:00,0.10023943334817886,0.9289394617080688,2.275677442550659,27.371610641479492,0,0,0
train,963,2018-02-22 11:25:00+00:00,0.07835883647203445,0.9514160752296448,2.485365629196167,30.69999122619629,0,0,0
train,964,2018-02-22 11:26:00+00:00,0.08759379386901855,0.9415068626403809,2.3906338214874268,29.19983673095703,0,0,0
train,965,2018-02-22 11:27:00+00:00,0.06767798215150833,0.9669963121414185,2.61248517036438,32.695281982421875,0,0,0
train,966,2018-02-22 11:28:00+00:00,0.09479746222496033,0.9330121278762817,2.3141591548919678,27.98582649230957,0,0,0
train,967,2018-02-22 11:29:00+00:00,0.079622782766819,0.9518447518348694,2.4685657024383545,30.428424835205078,0,0,0
train,968,2018-02-22 11:30:00+00:00,0.10318008810281754,0.9236438274383545,2.2361958026885986,26.74042510986328,0,0,0
train,969,2018-02-22 11:31:00+00:00,0.23526155948638916,0.8357978463172913,1.5236889123916626,15.197731018066406,0,0,0
train,970,2018-02-22 11:32:00+00:00,0.3404611349105835,0.7882232069969177,1.212199091911316,9.945992469787598,0,0,0
train,971,2018-02-22 11:33:00+00:00,0.28327351808547974,0.8110681772232056,1.3625856637954712,12.485784530639648,0,0,0
train,972,2018-02-22 11:34:00+00:00,0.3881113827228546,0.773508608341217,1.1011910438537598,8.034292221069336,0,0,0
train,973,2018-02-22 11:35:00+00:00,0.39375123381614685,0.7715113162994385,1.0883121490478516,7.818683624267578,0,0,0
train,974,2018-02-22 11:36:00+00:00,0.40418368577957153,0.7700186967849731,1.0692099332809448,7.494063377380371,0,0,0
train,975,2018-02-22 11:37:00+00:00,0.411021888256073,0.7659776210784912,1.0549278259277344,7.259200096130371,0,0,0
train,976,2018-02-22 11:38:00+00:00,0.42987510561943054,0.7608726620674133,1.0218782424926758,6.669294357299805,0,0,0
train,977,2018-02-22 11:39:00+00:00,0.44551771879196167,0.7543153166770935,0.9895569682121277,6.096627235412598,0,0,0
train,978,2018-02-22 11:40:00+00:00,0.45964378118515015,0.7494906783103943,0.9638571739196777,5.644895076751709,0,0,0
train,979,2018-02-22 11:41:00+00:00,0.45903849601745605,0.7513736486434937,0.9671633243560791,5.705761909484863,0,0,0
train,980,2018-02-22 11:42:00+00:00,0.4644358456134796,0.7522464990615845,0.9553657174110413,5.476021766662598,0,0,0
train,981,2018-02-22 11:43:00+00:00,0.4717123806476593,0.7507734894752502,0.9415660500526428,5.210630416870117,0,0,0
train,982,2018-02-22 11:44:00+00:00,0.46802380681037903,0.7517477869987488,0.9460645914077759,5.2810797691345215,0,0,0
train,983,2018-02-22 11:45:00+00:00,0.46157342195510864,0.7532140016555786,0.9570977091789246,5.473817348480225,0,0,0
train,984,2018-02-22 11:46:00+00:00,0.457956463098526,0.753192126750946,0.9706159234046936,5.722792625427246,0,0,0
train,985,2018-02-22 11:47:00+00:00,0.47146010398864746,0.7487369775772095,0.944681704044342,5.261237621307373,0,0,0
train,986,2018-02-22 11:48:00+00:00,0.4612874686717987,0.7509291172027588,0.9632982015609741,5.608731746673584,0,0,0
train,987,2018-02-22 11:49:00+00:00,0.4625293016433716,0.7510466575622559,0.9604529738426208,5.578594207763672,0,0,0
train,988,2018-02-22 11:50:00+00:00,0.45962485671043396,0.7505345344543457,0.9651621580123901,5.667037487030029,0,0,0
train,989,2018-02-22 11:51:00+00:00,0.4609619975090027,0.7479125261306763,0.9594347476959229,5.574995517730713,0,0,0
train,990,2018-02-22 11:52:00+00:00,0.4637017846107483,0.7485945224761963,0.9552600383758545,5.499139308929443,0,0,0
train,991,2018-02-22 11:53:00+00:00,0.4521380662918091,0.7498981356620789,0.9767870306968689,5.869818210601807,0,0,0
train,992,2018-02-22 11:54:00+00:00,0.4532373547554016,0.749342679977417,0.9780996441841125,5.909256458282471,0,0,0
train,993,2018-02-22 11:55:00+00:00,0.4545409381389618,0.7478688955307007,0.9715651273727417,5.801632881164551,0,0,0
train,994,2018-02-22 11:56:00+00:00,0.4510340094566345,0.7502931952476501,0.9790993928909302,5.938343048095703,0,0,0
train,995,2018-02-22 11:57:00+00:00,0.44810694456100464,0.7515974640846252,0.9844343066215515,6.042063236236572,0,0,0
train,996,2018-02-22 11:58:00+00:00,0.4504498839378357,0.7519868612289429,0.9808487892150879,5.967801094055176,0,0,0
train,997,2018-02-22 11:59:00+00:00,0.44164687395095825,0.7520325779914856,0.9969387650489807,6.226739883422852,0,0,0
train,998,2018-02-22 12:00:00+00:00,0.4059431552886963,0.7686144113540649,1.0643248558044434,7.389841556549072,0,0,0
train,999,2018-02-22 12:01:00+00:00,0.3671533167362213,0.7798248529434204,1.1554495096206665,8.998476028442383,0,0,0
train,1000,2018-02-22 12:02:00+00:00,0.3647092282772064,0.7822009325027466,1.1652880907058716,9.17292594909668,0,0,0
train,1001,2018-02-22 12:03:00+00:00,0.4005943834781647,0.7693392038345337,1.0877052545547485,7.848994255065918,0,0,0
train,1002,2018-02-22 12:04:00+00:00,0.396941602230072,0.7706222534179688,1.0965405702590942,7.9901299476623535,0,0,0
train,1003,2018-02-22 12:05:00+00:00,0.40273502469062805,0.7666721343994141,1.0753495693206787,7.636806011199951,0,0,0
train,1004,2018-02-22 12:06:00+00:00,0.4014323949813843,0.7693800926208496,1.0791069269180298,7.681589126586914,0,0,0
train,1005,2018-02-22 12:07:00+00:00,0.4030649662017822,0.7659220695495605,1.0718039274215698,7.569435119628906,0,0,0
train,1006,2018-02-22 12:08:00+00:00,0.3916371464729309,0.7726241946220398,1.1054314374923706,8.145484924316406,0,0,0
train,1007,2018-02-22 12:09:00+00:00,0.3798915445804596,0.778398334980011,1.1331342458724976,8.624175071716309,0,0,0
train,1008,2018-02-22 12:10:00+00:00,0.3568611443042755,0.7851569652557373,1.1845884323120117,9.507696151733398,0,0,0
train,1009,2018-02-22 12:11:00+00:00,0.33561646938323975,0.7933655977249146,1.2389495372772217,10.437508583068848,0,0,0
train,1010,2018-02-22 12:12:00+00:00,0.32638242840766907,0.796837568283081,1.2660199403762817,10.900871276855469,0,0,0
train,1011,2018-02-22 12:13:00+00:00,0.2866612672805786,0.8156994581222534,1.3749690055847168,12.735086441040039,0,0,0
train,1012,2018-02-22 12:14:00+00:00,0.2747790515422821,0.8166137933731079,1.4107322692871094,13.340189933776855,0,0,0
train,1013,2018-02-22 12:15:00+00:00,0.24379956722259521,0.8298673629760742,1.501055359840393,14.846928596496582,0,0,0
train,1014,2018-02-22 12:16:00+00:00,0.20789800584316254,0.8475427627563477,1.6312553882598877,17.0013427734375,0,0,0
train,1015,2018-02-22 12:17:00+00:00,0.21526363492012024,0.8410746455192566,1.5942400693893433,16.393943786621094,0,0,0
train,1016,2018-02-22 12:18:00+00:00,0.22319482266902924,0.8352408409118652,1.5653682947158813,15.915048599243164,0,0,0
train,1017,2018-02-22 12:19:00+00:00,0.21971441805362701,0.8382933139801025,1.5788811445236206,16.11455535888672,0,0,0
train,1018,2018-02-22 12:20:00+00:00,0.18982645869255066,0.8564736843109131,1.699587106704712,18.089929580688477,0,0,0
train,1019,2018-02-22 12:21:00+00:00,0.16111932694911957,0.8740693926811218,1.8435362577438354,20.436336517333984,0,0,0
train,1020,2018-02-22 12:22:00+00:00,0.12550011277198792,0.9013473987579346,2.0624828338623047,23.95092010498047,0,0,0
train,1021,2018-02-22 12:23:00+00:00,0.14176228642463684,0.8887585997581482,1.9654600620269775,22.39348030090332,0,0,0
train,1022,2018-02-22 12:24:00+00:00,0.14325354993343353,0.8876146078109741,1.9563817977905273,22.25250816345215,0,0,0
train,1023,2018-02-22 12:25:00+00:00,0.15809114277362823,0.873432457447052,1.8696969747543335,20.856245040893555,0,0,0
train,1024,2018-02-22 12:26:00+00:00,0.19453701376914978,0.8560425639152527,1.6919889450073242,17.94156837463379,0,0,0
train,1025,2018-02-22 12:27:00+00:00,0.27306610345840454,0.8179286122322083,1.4102030992507935,13.270408630371094,0,0,0
train,1026,2018-02-22 12:28:00+00:00,0.23613739013671875,0.8330206871032715,1.5265097618103027,15.204246520996094,0,0,0
train,1027,2018-02-22 12:29:00+00:00,0.26961731910705566,0.8191080689430237,1.4149632453918457,13.36334228515625,0,0,0
train,1028,2018-02-22 12:30:00+00:00,0.478103905916214,0.7451306581497192,0.928321123123169,4.960871696472168,0,0,0
train,1029,2018-02-22 12:31:00+00:00,0.5056822896003723,0.7393980026245117,0.8775866031646729,4.012678146362305,0,0,0
train,1030,2018-02-22 12:32:00+00:00,0.5186827182769775,0.736746609210968,0.8609464168548584,3.7071259021759033,0,0,0
train,1031,2018-02-22 12:33:00+00:00,0.5319088697433472,0.7330858707427979,0.8358339667320251,3.2199103832244873,0,0,0
train,1032,2018-02-22 12:34:00+00:00,0.540919303894043,0.7303181886672974,0.8231154680252075,2.9869632720947266,0,0,0
train,1033,2018-02-22 12:35:00+00:00,0.5394836068153381,0.7306565046310425,0.8275310397148132,3.068427085876465,0,0,0
train,1034,2018-02-22 12:36:00+00:00,0.5372324585914612,0.7317897081375122,0.8287424445152283,3.095902442932129,0,0,0
train,1035,2018-02-22 12:37:00+00:00,0.530235230922699,0.733731746673584,0.8374402523040771,3.2524449825286865,0,0,0
train,1036,2018-02-22 12:38:00+00:00,0.504023551940918,0.7453753352165222,0.8788152933120728,4.010109901428223,0,0,0
train,1037,2018-02-22 12:39:00+00:00,0.47407111525535583,0.7504078149795532,0.9311912059783936,4.969674110412598,0,0,0
train,1038,2018-02-22 12:40:00+00:00,0.45406755805015564,0.7562218308448792,0.9705756902694702,5.676856517791748,0,0,0
train,1039,2018-02-22 12:41:00+00:00,0.3969384431838989,0.7784301042556763,1.0875545740127563,7.711130142211914,0,0,0
train,1040,2018-02-22 12:42:00+00:00,0.34605714678764343,0.7968809604644775,1.2159429788589478,9.907049179077148,0,0,0
train,1041,2018-02-22 12:43:00+00:00,0.29309752583503723,0.82024085521698,1.3668510913848877,12.434669494628906,0,0,0
train,1042,2018-02-22 12:44:00+00:00,0.23079633712768555,0.8522732257843018,1.578225016593933,15.923444747924805,0,0,0
train,1043,2018-02-22 12:45:00+00:00,0.187764972448349,0.8698557615280151,1.7461713552474976,18.678789138793945,0,0,0
train,1044,2018-02-22 12:46:00+00:00,0.14617599546909332,0.8961827754974365,1.9494022130966187,21.981998443603516,0,0,0
train,1045,2018-02-22 12:47:00+00:00,0.12432451546192169,0.9114863872528076,2.081286668777466,24.110605239868164,0,0,0
train,1046,2018-02-22 12:48:00+00:00,0.10141021758317947,0.9292944669723511,2.253159761428833,26.867652893066406,0,0,0
train,1047,2018-02-22 12:49:00+00:00,0.08792908489704132,0.947202205657959,2.3781046867370605,28.87144660949707,0,0,0
train,1048,2018-02-22 12:50:00+00:00,0.07737385481595993,0.9626264572143555,2.4965622425079346,30.76173210144043,0,0,0
train,1049,2018-02-22 12:51:00+00:00,0.06736798584461212,0.9696191549301147,2.628227949142456,32.87355041503906,0,0,0
train,1050,2018-02-22 12:52:00+00:00,0.06317056715488434,0.9729089736938477,2.6957595348358154,33.961456298828125,0,0,0
train,1051,2018-02-22 12:53:00+00:00,0.05794539675116539,0.9749633073806763,2.774260997772217,35.24848556518555,0,0,0
train,1052,2018-02-22 12:54:00+00:00,0.05390805006027222,0.981863260269165,2.839926242828369,36.31712341308594,0,0,0
train,1053,2018-02-22 12:55:00+00:00,0.05317588523030281,0.982844352722168,2.8539254665374756,36.561336517333984,0,0,0
train,1054,2018-02-22 12:56:00+00:00,0.05335720255970955,0.9840152263641357,2.852210521697998,36.545318603515625,0,0,0
train,1055,2018-02-22 12:57:00+00:00,0.05374712869524956,0.9812636375427246,2.8459410667419434,36.45977020263672,0,0,0
train,1056,2018-02-22 12:58:00+00:00,0.05334244295954704,0.98148113489151,2.8529977798461914,36.5694580078125,0,0,0
train,1057,2018-02-22 12:59:00+00:00,0.05338185280561447,0.9784841537475586,2.85080623626709,36.54638671875,0,0,0
train,1058,2018-02-28 01:00:00+00:00,0.053939372301101685,0.9790084362030029,2.842890739440918,36.42285919189453,0,0,0
train,1059,2018-02-28 01:30:00+00:00,0.044000424444675446,1.0034739971160889,2.9936769008636475,38.78690719604492,0,0,0
train,1060,2018-02-28 01:31:00+00:00,0.043896883726119995,1.0032742023468018,2.994990348815918,38.8068733215332,0,0,0
train,1061,2018-02-28 01:32:00+00:00,0.04399022087454796,1.0031203031539917,2.9937708377838135,38.79035568237305,0,0,0
train,1062,2018-02-28 01:33:00+00:00,0.04377058148384094,1.0040028095245361,2.9973397254943848,38.843509674072266,0,0,0
train,1063,2018-02-28 01:34:00+00:00,0.04399191960692406,1.0032660961151123,2.9933342933654785,38.7823486328125,0,0,0
train,1064,2018-02-28 01:35:00+00:00,0.04390714317560196,1.0035743713378906,2.9953877925872803,38.81306457519531,0,0,0
train,1065,2018-02-28 01:36:00+00:00,0.043840643018484116,1.0039350986480713,2.996497631072998,38.82975769042969,0,0,0
train,1066,2018-02-28 01:37:00+00:00,0.043959423899650574,1.0038625001907349,2.9940803050994873,38.792633056640625,0,0,0
train,1067,2018-02-28 01:38:00+00:00,0.04413162171840668,1.0026509761810303,2.9905929565429688,38.739356994628906,0,0,0
train,1068,2018-02-28 01:39:00+00:00,0.044336795806884766,1.0024757385253906,2.987612009048462,38.69614028930664,0,0,0
train,1069,2018-02-28 01:40:00+00:00,0.044234152883291245,1.0028786659240723,2.9890754222869873,38.71800231933594,0,0,0
train,1070,2018-02-28 01:41:00+00:00,0.04430801793932915,1.0019941329956055,2.9871103763580322,38.690670013427734,0,0,0
train,1071,2018-02-28 01:42:00+00:00,0.04435129091143608,1.0013713836669922,2.9856131076812744,38.67091369628906,0,0,0
train,1072,2018-02-28 01:43:00+00:00,0.0442647859454155,1.0024323463439941,2.9869132041931152,38.69087600708008,0,0,0
train,1073,2018-02-28 01:44:00+00:00,0.04439552128314972,1.00145423412323,2.9849822521209717,38.661399841308594,0,0,0
train,1074,2018-02-28 01:45:00+00:00,0.043875157833099365,1.0034492015838623,2.99432110786438,38.79971694946289,0,0,0
train,1075,2018-02-28 01:46:00+00:00,0.04382513836026192,1.0042682886123657,2.9956085681915283,38.81763458251953,0,0,0
train,1076,2018-02-28 01:47:00+00:00,0.04357462003827095,1.0049476623535156,3.0003881454467773,38.888919830322266,0,0,0
train,1077,2018-02-28 01:48:00+00:00,0.04352133348584175,1.0049159526824951,3.0017082691192627,38.909244537353516,0,0,0
train,1078,2018-02-28 01:49:00+00:00,0.044355086982250214,1.0022486448287964,2.985217571258545,38.66771697998047,0,0,0
train,1079,2018-02-28 01:50:00+00:00,0.04401518404483795,1.003631591796875,2.9920504093170166,38.7673225402832,0,0,0
train,1080,2018-02-28 01:51:00+00:00,0.04385839402675629,1.0037082433700562,2.9956741333007812,38.819488525390625,0,0,0
train,1081,2018-02-28 01:52:00+00:00,0.04404297098517418,1.003460168838501,2.992621421813965,38.77573776245117,0,0,0
train,1082,2018-02-28 01:53:00+00:00,0.04418835788965225,1.0026025772094727,2.989957809448242,38.735782623291016,0,0,0
train,1083,2018-02-28 01:54:00+00:00,0.04387679323554039,1.0033206939697266,2.9949545860290527,38.80714797973633,0,0,0
train,1084,2018-02-28 01:55:00+00:00,0.043742675334215164,1.004065752029419,2.9976234436035156,38.847747802734375,0,0,0
train,1085,2018-02-28 01:56:00+00:00,0.04343891888856888,1.0047638416290283,3.0033774375915527,38.93342590332031,0,0,0
train,1086,2018-02-28 01:57:00+00:00,0.04349638894200325,1.0046710968017578,3.002068519592285,38.9136962890625,0,0,0
train,1087,2018-02-28 01:58:00+00:00,0.043898098170757294,1.0026919841766357,2.994915723800659,38.80682373046875,0,0,0
train,1088,2018-02-28 01:59:00+00:00,0.043758753687143326,1.0034656524658203,2.9978349208831787,38.85134506225586,0,0,0
train,1089,2018-02-28 02:00:00+00:00,0.04386436566710472,1.0031179189682007,2.995103359222412,38.8106803894043,0,0,0
train,1090,2018-02-28 02:01:00+00:00,0.04380044341087341,1.0032477378845215,2.9969394207000732,38.841896057128906,0,0,0
train,1091,2018-02-28 02:02:00+00:00,0.04369940608739853,1.003396987915039,2.9980781078338623,38.85525131225586,0,0,0
train,1092,2018-02-28 02:03:00+00:00,0.04384185001254082,1.0034292936325073,2.995974063873291,38.82347869873047,0,0,0
train,1093,2018-02-28 02:04:00+00:00,0.04355333745479584,1.0047210454940796,3.000788927078247,38.894447326660156,0,0,0
train,1094,2018-02-28 02:05:00+00:00,0.04353852942585945,1.0044666528701782,3.0009665489196777,38.89679718017578,0,0,0
train,1095,2018-02-28 02:06:00+00:00,0.04344267398118973,1.0045208930969238,3.0030272006988525,38.92938232421875,0,0,0
train,1096,2018-02-28 02:07:00+00:00,0.04442737624049187,1.0018993616104126,2.984931230545044,38.66379928588867,0,0,0
train,1097,2018-02-28 02:08:00+00:00,0.04416997730731964,1.0025811195373535,2.989929437637329,38.7353401184082,0,0,0
train,1098,2018-02-28 02:09:00+00:00,0.0439242422580719,1.0030481815338135,2.9944117069244385,38.80100631713867,0,0,0
train,1099,2018-02-28 02:10:00+00:00,0.0443715825676918,1.0018284320831299,2.9846882820129395,38.65895080566406,0,0,0
train,1100,2018-02-28 02:11:00+00:00,0.04462927207350731,1.0017750263214111,2.9792189598083496,38.57889938354492,0,0,0
train,1101,2018-02-28 02:12:00+00:00,0.04437081143260002,1.0022976398468018,2.985211133956909,38.66560363769531,0,0,0
train,1102,2018-02-28 02:13:00+00:00,0.04392039775848389,1.0035545825958252,2.9930613040924072,38.780731201171875,0,0,0
train,1103,2018-02-28 02:14:00+00:00,0.044058457016944885,1.0030676126480103,2.991533041000366,38.759037017822266,0,0,0
train,1104,2018-02-28 02:15:00+00:00,0.04409549757838249,1.0030169486999512,2.990889549255371,38.74879837036133,0,0,0
train,1105,2018-02-28 02:16:00+00:00,0.044030822813510895,1.0031821727752686,2.9917571544647217,38.762176513671875,0,0,0
train,1106,2018-02-28 02:17:00+00:00,0.043930359184741974,1.0037462711334229,2.9942848682403564,38.79892349243164,0,0,0
train,1107,2018-02-28 02:18:00+00:00,0.04385901615023613,1.0039598941802979,2.9951682090759277,38.81199264526367,0,0,0
train,1108,2018-02-28 02:19:00+00:00,0.04371959716081619,1.0044913291931152,2.99772572517395,38.849952697753906,0,0,0
train,1109,2018-02-28 02:20:00+00:00,0.04385203495621681,1.003375768661499,2.9957964420318604,38.820777893066406,0,0,0
train,1110,2018-02-28 02:21:00+00:00,0.0438738651573658,1.0038540363311768,2.995936870574951,38.8232307434082,0,0,0
train,1111,2018-02-28 02:22:00+00:00,0.04355696961283684,1.0045887231826782,3.0010480880737305,38.898216247558594,0,0,0
train,1112,2018-02-28 02:23:00+00:00,0.04359197989106178,1.0047155618667603,3.0005884170532227,38.890289306640625,0,0,0
train,1113,2018-02-28 02:24:00+00:00,0.044537611305713654,1.0016868114471436,2.98203706741333,38.620792388916016,0,0,0
train,1114,2018-02-28 02:25:00+00:00,0.044162020087242126,1.0030312538146973,2.9899582862854004,38.73551559448242,0,0,0
train,1115,2018-02-28 02:26:00+00:00,0.04387198016047478,1.0037856101989746,2.9953396320343018,38.81516647338867,0,0,0
train,1116,2018-02-28 02:27:00+00:00,0.04379979893565178,1.0039877891540527,2.996812343597412,38.834590911865234,0,0,0
train,1117,2018-02-28 02:28:00+00:00,0.04362982138991356,1.004197120666504,2.9997799396514893,38.8792610168457,0,0,0
train,1118,2018-02-28 02:29:00+00:00,0.04389019310474396,1.0032968521118164,2.995420217514038,38.81466293334961,0,0,0
train,1119,2018-02-28 02:30:00+00:00,0.0441570058465004,1.001918911933899,2.990450143814087,38.740108489990234,0,0,0
train,1120,2018-02-28 02:31:00+00:00,0.04417772591114044,1.0023308992385864,2.9900636672973633,38.73477554321289,0,0,0
train,1121,2018-02-28 02:32:00+00:00,0.04417850822210312,1.0021418333053589,2.990720272064209,38.74507522583008,0,0,0
train,1122,2018-02-28 02:33:00+00:00,0.044055234640836716,1.0026922225952148,2.9926040172576904,38.77225875854492,0,0,0
train,1123,2018-02-28 02:34:00+00:00,0.04474369063973427,1.0010401010513306,2.978440046310425,38.566307067871094,0,0,0
train,1124,2018-02-28 02:35:00+00:00,0.04460734501481056,1.0014784336090088,2.9821360111236572,38.61668014526367,0,0,0
train,1125,2018-02-28 02:36:00+00:00,0.045310236513614655,0.9993565082550049,2.9679696559906006,38.40855407714844,0,0,0
train,1126,2018-02-28 02:37:00+00:00,0.044769834727048874,1.0010931491851807,2.978304624557495,38.562400817871094,0,0,0
train,1127,2018-02-28 02:38:00+00:00,0.04537247121334076,0.998934805393219,2.9664928913116455,38.39234924316406,0,0,0
train,1128,2018-02-28 02:39:00+00:00,0.0445498451590538,1.0019192695617676,2.9821698665618896,38.62223815917969,0,0,0
train,1129,2018-02-28 02:40:00+00:00,0.044403325766325,1.001205563545227,2.984640121459961,38.657554626464844,0,0,0
train,1130,2018-02-28 02:41:00+00:00,0.044253457337617874,1.001993179321289,2.987809181213379,38.703243255615234,0,0,0
train,1131,2018-02-28 02:42:00+00:00,0.044085174798965454,1.0029749870300293,2.991520643234253,38.75735855102539,0,0,0
train,1132,2018-02-28 02:43:00+00:00,0.04401432350277901,1.00355863571167,2.9932022094726562,38.78268051147461,0,0,0
train,1133,2018-02-28 02:44:00+00:00,0.043965939432382584,1.003729224205017,2.9943437576293945,38.79948043823242,0,0,0
train,1134,2018-02-28 02:45:00+00:00,0.0441146083176136,1.0032649040222168,2.991539239883423,38.757484436035156,0,0,0
train,1135,2018-02-28 02:46:00+00:00,0.04399508237838745,1.0034253597259521,2.9932985305786133,38.782867431640625,0,0,0
train,1136,2018-02-28 02:47:00+00:00,0.04375565052032471,1.0044615268707275,2.9978339672088623,38.849945068359375,0,0,0
train,1137,2018-02-28 02:48:00+00:00,0.04385821148753166,1.0035605430603027,2.996138572692871,38.82687759399414,0,0,0
train,1138,2018-02-28 02:49:00+00:00,0.04406605288386345,1.0035135746002197,2.9926300048828125,38.77307891845703,0,0,0
train,1139,2018-02-28 02:50:00+00:00,0.043740637600421906,1.004386305809021,2.9987974166870117,38.866188049316406,0,0,0
train,1140,2018-02-28 02:51:00+00:00,0.0436539389193058,1.0046015977859497,2.9998598098754883,38.881500244140625,0,0,0
train,1141,2018-02-28 02:52:00+00:00,0.04364974424242973,1.0047006607055664,3.000136613845825,38.88434982299805,0,0,0
train,1142,2018-02-28 02:53:00+00:00,0.04370308667421341,1.0045075416564941,2.9992880821228027,38.87152862548828,0,0,0
train,1143,2018-02-28 02:54:00+00:00,0.043732576072216034,1.0043165683746338,2.998424530029297,38.85783004760742,0,0,0
train,1144,2018-02-28 02:55:00+00:00,0.04351097717881203,1.0051848888397217,3.0025441646575928,38.92055892944336,0,0,0
train,1145,2018-02-28 02:56:00+00:00,0.043457888066768646,1.0052485466003418,3.0038046836853027,38.93885803222656,0,0,0
train,1146,2018-02-28 02:57:00+00:00,0.043618857860565186,1.0045126676559448,3.001140832901001,38.899253845214844,0,0,0
train,1147,2018-02-28 02:58:00+00:00,0.04364491626620293,1.0043730735778809,2.999608278274536,38.8785400390625,0,0,0
train,1148,2018-02-28 02:59:00+00:00,0.04360293596982956,1.0042803287506104,3.0006771087646484,38.89337921142578,0,0,0
train,1149,2018-02-28 03:00:00+00:00,0.04360883682966232,1.0047118663787842,3.0006749629974365,38.89155960083008,0,0,0
train,1150,2018-02-28 03:01:00+00:00,0.04369648918509483,1.004191517829895,2.999657154083252,38.878238677978516,0,0,0
train,1151,2018-02-28 03:02:00+00:00,0.043459244072437286,1.0050575733184814,3.003995180130005,38.9429817199707,0,0,0
train,1152,2018-02-28 03:03:00+00:00,0.043535266071558,1.004939079284668,3.002185583114624,38.91456985473633,0,0,0
train,1153,2018-02-28 03:04:00+00:00,0.043475694954395294,1.0050146579742432,3.003633737564087,38.93684005737305,0,0,0
train,1154,2018-02-28 03:05:00+00:00,0.04342667758464813,1.0050652027130127,3.004162073135376,38.94352340698242,0,0,0
train,1155,2018-02-28 03:06:00+00:00,0.043668512254953384,1.0044641494750977,2.999830484390259,38.8803596496582,0,0,0
train,1156,2018-02-28 03:07:00+00:00,0.043538082391023636,1.004585862159729,3.001560688018799,38.90614318847656,0,0,0
train,1157,2018-02-28 03:08:00+00:00,0.04359186813235283,1.0044958591461182,3.0010035037994385,38.8984375,0,0,0
train,1158,2018-02-28 03:09:00+00:00,0.04338953271508217,1.0053255558013916,3.004775285720825,38.95404052734375,0,0,0
train,1159,2018-02-28 03:10:00+00:00,0.043780311942100525,1.003736972808838,2.9959716796875,38.826053619384766,0,0,0
train,1160,2018-02-28 03:11:00+00:00,0.04371101036667824,1.0043330192565918,2.99931263923645,38.8741340637207,0,0,0
train,1161,2018-02-28 03:12:00+00:00,0.04370349273085594,1.0036450624465942,2.998643398284912,38.86385726928711,0,0,0
train,1162,2018-02-28 03:13:00+00:00,0.043854180723428726,1.0034862756729126,2.9962158203125,38.826351165771484,0,0,0
train,1163,2018-02-28 03:14:00+00:00,0.04373139515519142,1.0041329860687256,2.999425172805786,38.87474060058594,0,0,0
train,1164,2018-02-28 03:15:00+00:00,0.04374115914106369,1.0033557415008545,2.9988059997558594,38.866477966308594,0,0,0
train,1165,2018-02-28 03:16:00+00:00,0.043642621487379074,1.0044143199920654,3.0001943111419678,38.886837005615234,0,0,0
train,1166,2018-02-28 03:17:00+00:00,0.043742675334215164,1.0040619373321533,2.9990382194519043,38.86927795410156,0,0,0
train,1167,2018-02-28 03:18:00+00:00,0.04372285678982735,1.0044617652893066,2.999077558517456,38.86945724487305,0,0,0
train,1168,2018-02-28 03:19:00+00:00,0.04385356605052948,1.0035581588745117,2.996441602706909,38.82955551147461,0,0,0
train,1169,2018-02-28 03:20:00+00:00,0.043917302042245865,1.003659725189209,2.9951820373535156,38.81071853637695,0,0,0
train,1170,2018-02-28 03:21:00+00:00,0.04403235390782356,1.0026825666427612,2.9930155277252197,38.77851104736328,0,0,0
train,1171,2018-02-28 03:22:00+00:00,0.04361134395003319,1.004467248916626,3.0005621910095215,38.891849517822266,0,0,0
train,1172,2018-02-28 03:23:00+00:00,0.04367402195930481,1.0040277242660522,2.999206781387329,38.8720703125,0,0,0
train,1173,2018-02-28 03:24:00+00:00,0.043690089136362076,1.004122018814087,2.9990241527557373,38.867919921875,0,0,0
train,1174,2018-02-28 03:25:00+00:00,0.04352555796504021,1.0047590732574463,3.0017600059509277,38.90793228149414,0,0,0
train,1175,2018-02-28 03:26:00+00:00,0.043544720858335495,1.0047523975372314,3.0012047290802,38.90104675292969,0,0,0
train,1176,2018-02-28 03:27:00+00:00,0.04354294389486313,1.0048829317092896,3.002032518386841,38.91267776489258,0,0,0
train,1177,2018-02-28 03:28:00+00:00,0.04369104653596878,1.0040183067321777,2.9990265369415283,38.86772537231445,0,0,0
train,1178,2018-02-28 03:29:00+00:00,0.043735966086387634,1.0040903091430664,2.9985294342041016,38.86198043823242,0,0,0
train,1179,2018-02-28 03:30:00+00:00,0.04368738457560539,1.0043601989746094,2.9992361068725586,38.87184143066406,0,0,0
train,1180,2018-02-28 03:31:00+00:00,0.04359772428870201,1.0048637390136719,3.0006988048553467,38.893402099609375,0,0,0
train,1181,2018-02-28 03:32:00+00:00,0.04357285425066948,1.0050742626190186,3.0014657974243164,38.904563903808594,0,0,0
train,1182,2018-02-28 03:33:00+00:00,0.0435098260641098,1.005277156829834,3.0029165744781494,38.92589569091797,0,0,0
train,1183,2018-02-28 03:34:00+00:00,0.04384582117199898,1.0037580728530884,2.9970710277557373,38.83915710449219,0,0,0
train,1184,2018-02-28 03:35:00+00:00,0.04379874840378761,1.0038878917694092,2.9974000453948975,38.84368896484375,0,0,0
train,1185,2018-02-28 03:36:00+00:00,0.04347623884677887,1.005066990852356,3.0033674240112305,38.93193817138672,0,0,0
train,1186,2018-02-28 03:37:00+00:00,0.0433531329035759,1.0055656433105469,3.005655288696289,38.967159271240234,0,0,0
train,1187,2018-02-28 03:38:00+00:00,0.043497417122125626,1.0052564144134521,3.0027902126312256,38.92353439331055,0,0,0
train,1188,2018-02-28 03:39:00+00:00,0.043862730264663696,1.003666639328003,2.996870756149292,38.83656311035156,0,0,0
train,1189,2018-02-28 03:40:00+00:00,0.043447598814964294,1.0049071311950684,3.0032598972320557,38.931976318359375,0,0,0
train,1190,2018-02-28 03:41:00+00:00,0.04377894476056099,1.0033830404281616,2.996891736984253,38.83860397338867,0,0,0
train,1191,2018-02-28 03:42:00+00:00,0.04382965713739395,1.0038548707962036,2.9965500831604004,38.831748962402344,0,0,0
train,1192,2018-02-28 03:43:00+00:00,0.043936263769865036,1.0030914545059204,2.9941303730010986,38.79695510864258,0,0,0
train,1193,2018-02-28 03:44:00+00:00,0.04427250102162361,1.0022388696670532,2.988651752471924,38.71440505981445,0,0,0
train,1194,2018-02-28 03:45:00+00:00,0.044632792472839355,1.0009772777557373,2.982783317565918,38.62687683105469,0,0,0
train,1195,2018-02-28 03:46:00+00:00,0.04497402161359787,1.000273585319519,2.9763906002044678,38.52928924560547,0,0,0
train,1196,2018-02-28 03:47:00+00:00,0.044872984290122986,1.0004887580871582,2.9780333042144775,38.55595779418945,0,0,0
train,1197,2018-02-28 03:48:00+00:00,0.045193351805210114,0.9993079304695129,2.97288179397583,38.47808074951172,0,0,0
train,1198,2018-02-28 03:49:00+00:00,0.045162878930568695,0.9995081424713135,2.9727609157562256,38.474365234375,0,0,0
train,1199,2018-02-28 03:50:00+00:00,0.045564569532871246,0.9980911016464233,2.9647598266601562,38.35397720336914,0,0,0
train,1200,2018-02-28 03:51:00+00:00,0.045261114835739136,0.9992846250534058,2.96968412399292,38.42731857299805,0,0,0
train,1201,2018-02-28 03:52:00+00:00,0.04483047500252724,1.0008167028427124,2.9775848388671875,38.54545593261719,0,0,0
train,1202,2018-02-28 03:53:00+00:00,0.04467617720365524,1.0008682012557983,2.9805400371551514,38.59051513671875,0,0,0
train,1203,2018-02-28 03:54:00+00:00,0.044752079993486404,1.000636339187622,2.9792449474334717,38.56966781616211,0,0,0
train,1204,2018-02-28 03:55:00+00:00,0.04459740221500397,1.0012662410736084,2.981870412826538,38.60886764526367,0,0,0
train,1205,2018-02-28 03:56:00+00:00,0.044446781277656555,1.0016868114471436,2.984198808670044,38.648109436035156,0,0,0
train,1206,2018-02-28 03:57:00+00:00,0.044391337782144547,1.001558542251587,2.985032320022583,38.66118621826172,0,0,0
train,1207,2018-02-28 03:58:00+00:00,0.044156428426504135,1.0020276308059692,2.988825559616089,38.71564483642578,0,0,0
train,1208,2018-02-28 03:59:00+00:00,0.044141367077827454,1.0023891925811768,2.9900572299957275,38.73318862915039,0,0,0
train,1209,2018-02-28 04:00:00+00:00,0.04417462274432182,1.002367615699768,2.9891321659088135,38.719852447509766,0,0,0
train,1210,2018-02-28 04:01:00+00:00,0.044241681694984436,1.002645492553711,2.9885966777801514,38.71138381958008,0,0,0
train,1211,2018-02-28 04:02:00+00:00,0.04431545361876488,1.0023459196090698,2.9871416091918945,38.68925094604492,0,0,0
train,1212,2018-02-28 04:03:00+00:00,0.043990086764097214,1.0032397508621216,2.9934892654418945,38.78699493408203,0,0,0
train,1213,2018-02-28 04:04:00+00:00,0.04397570341825485,1.0036981105804443,2.9935903549194336,38.7854118347168,0,0,0
train,1214,2018-02-28 04:05:00+00:00,0.044215358793735504,1.002551555633545,2.9889330863952637,38.71824264526367,0,0,0
train,1215,2018-02-28 04:06:00+00:00,0.04406348988413811,1.0031862258911133,2.9922585487365723,38.76681137084961,0,0,0
train,1216,2018-02-28 04:07:00+00:00,0.04408082365989685,1.003326177597046,2.991708278656006,38.75872039794922,0,0,0
train,1217,2018-02-28 04:08:00+00:00,0.044110264629125595,1.0031661987304688,2.9903712272644043,38.737060546875,0,0,0
train,1218,2018-02-28 04:09:00+00:00,0.044255226850509644,1.002678632736206,2.988713264465332,38.71292495727539,0,0,0
train,1219,2018-02-28 04:10:00+00:00,0.044075947254896164,1.003114938735962,2.991687774658203,38.757362365722656,0,0,0
train,1220,2018-02-28 04:11:00+00:00,0.04421194642782211,1.0023349523544312,2.989227056503296,38.72114944458008,0,0,0
train,1221,2018-02-28 04:12:00+00:00,0.044198520481586456,1.002665638923645,2.9897046089172363,38.727909088134766,0,0,0
train,1222,2018-02-28 04:13:00+00:00,0.04412182420492172,1.0032153129577637,2.9913065433502197,38.752262115478516,0,0,0
train,1223,2018-02-28 04:14:00+00:00,0.04432067275047302,1.0027761459350586,2.9872584342956543,38.693267822265625,0,0,0
train,1224,2018-02-28 04:15:00+00:00,0.04428447410464287,1.0026733875274658,2.988219976425171,38.706790924072266,0,0,0
train,1225,2018-02-28 04:16:00+00:00,0.044170230627059937,1.0030664205551147,2.990445852279663,38.74011993408203,0,0,0
train,1226,2018-02-28 04:17:00+00:00,0.044142190366983414,1.0029311180114746,2.990412950515747,38.739898681640625,0,0,0
train,1227,2018-02-28 04:18:00+00:00,0.04397614672780037,1.003678798675537,2.9937338829040527,38.789527893066406,0,0,0
train,1228,2018-02-28 04:19:00+00:00,0.044088028371334076,1.0033648014068604,2.9915502071380615,38.75569152832031,0,0,0
train,1229,2018-02-28 04:20:00+00:00,0.04398345947265625,1.0034034252166748,2.9936697483062744,38.78813552856445,0,0,0
train,1230,2018-02-28 04:21:00+00:00,0.04404137656092644,1.0032751560211182,2.9924509525299072,38.768455505371094,0,0,0
train,1231,2018-02-28 04:22:00+00:00,0.04393533617258072,1.003535270690918,2.994544744491577,38.801700592041016,0,0,0
train,1232,2018-02-28 04:23:00+00:00,0.0441061295568943,1.0027070045471191,2.9912729263305664,38.75239944458008,0,0,0
train,1233,2018-02-28 04:24:00+00:00,0.043845608830451965,1.0036746263504028,2.996206521987915,38.82676315307617,0,0,0
train,1234,2018-02-28 04:25:00+00:00,0.04373638331890106,1.004143476486206,2.9977004528045654,38.848697662353516,0,0,0
train,1235,2018-02-28 04:26:00+00:00,0.043760329484939575,1.0041923522949219,2.9979248046875,38.8514404296875,0,0,0
train,1236,2018-02-28 04:27:00+00:00,0.043722670525312424,1.004538893699646,2.9987311363220215,38.86307907104492,0,0,0
train,1237,2018-02-28 04:28:00+00:00,0.04383868724107742,1.0039653778076172,2.9967398643493652,38.83424377441406,0,0,0
train,1238,2018-02-28 04:29:00+00:00,0.04389086365699768,1.0036332607269287,2.9955365657806396,38.816097259521484,0,0,0
train,1239,2018-02-28 04:30:00+00:00,0.04383501410484314,1.0036224126815796,2.9964723587036133,38.83059310913086,0,0,0
train,1240,2018-02-28 04:31:00+00:00,0.04361223056912422,1.0045303106307983,3.0007126331329346,38.89310073852539,0,0,0
train,1241,2018-02-28 04:32:00+00:00,0.043851062655448914,1.0036706924438477,2.9963278770446777,38.82817459106445,0,0,0
train,1242,2018-02-28 04:33:00+00:00,0.043681781738996506,1.0043623447418213,2.9997828006744385,38.87961959838867,0,0,0
train,1243,2018-02-28 04:34:00+00:00,0.04364490881562233,1.0044703483581543,2.9998409748077393,38.87957000732422,0,0,0
train,1244,2018-02-28 04:35:00+00:00,0.0438292920589447,1.0032806396484375,2.9968159198760986,38.83558654785156,0,0,0
train,1245,2018-02-28 04:36:00+00:00,0.043634768575429916,1.0043355226516724,3.0006589889526367,38.89222717285156,0,0,0
train,1246,2018-02-28 04:37:00+00:00,0.04368457570672035,1.0039726495742798,2.999143123626709,38.870704650878906,0,0,0
train,1247,2018-02-28 04:38:00+00:00,0.043617844581604004,1.004037857055664,3.000267267227173,38.88723373413086,0,0,0
train,1248,2018-02-28 04:39:00+00:00,0.04368934780359268,1.0042493343353271,2.999180793762207,38.869529724121094,0,0,0
train,1249,2018-02-28 04:40:00+00:00,0.04362327605485916,1.0041756629943848,3.000335216522217,38.88921356201172,0,0,0
train,1250,2018-02-28 04:41:00+00:00,0.04374713450670242,1.0037089586257935,2.997908353805542,38.85123825073242,0,0,0
train,1251,2018-02-28 04:42:00+00:00,0.04366796463727951,1.0041396617889404,2.999357223510742,38.87330627441406,0,0,0
train,1252,2018-02-28 04:43:00+00:00,0.0436299666762352,1.0045428276062012,3.000107526779175,38.883426666259766,0,0,0
train,1253,2018-02-28 04:44:00+00:00,0.043587576597929,1.0047485828399658,3.0012333393096924,38.90127944946289,0,0,0
train,1254,2018-02-28 04:45:00+00:00,0.04356241971254349,1.0048363208770752,3.001664400100708,38.906551361083984,0,0,0
train,1255,2018-02-28 04:46:00+00:00,0.04376772791147232,1.0040967464447021,2.9978322982788086,38.848915100097656,0,0,0
train,1256,2018-02-28 04:47:00+00:00,0.04354780167341232,1.004528522491455,3.0014960765838623,38.90510940551758,0,0,0
train,1257,2018-02-28 04:48:00+00:00,0.04368826746940613,1.0042574405670166,2.9992759227752686,38.87034606933594,0,0,0
train,1258,2018-02-28 04:49:00+00:00,0.04363551363348961,1.0045690536499023,3.0001893043518066,38.88533020019531,0,0,0
train,1259,2018-02-28 04:50:00+00:00,0.04380873963236809,1.0039207935333252,2.9970173835754395,38.83783721923828,0,0,0
train,1260,2018-02-28 04:51:00+00:00,0.043692804872989655,1.0042800903320312,2.9989523887634277,38.8661003112793,0,0,0
train,1261,2018-02-28 04:52:00+00:00,0.04364209249615669,1.0046701431274414,3.000274181365967,38.885902404785156,0,0,0
train,1262,2018-02-28 04:53:00+00:00,0.04375633969902992,1.0043171644210815,2.998300075531006,38.85651779174805,0,0,0
train,1263,2018-02-28 04:54:00+00:00,0.044117916375398636,1.0027087926864624,2.9917900562286377,38.760047912597656,0,0,0
train,1264,2018-02-28 04:55:00+00:00,0.043967343866825104,1.0032427310943604,2.9943578243255615,38.798316955566406,0,0,0
train,1265,2018-02-28 04:56:00+00:00,0.043957121670246124,1.0033020973205566,2.9940555095672607,38.794368743896484,0,0,0
train,1266,2018-02-28 04:57:00+00:00,0.044088076800107956,1.0028184652328491,2.9921844005584717,38.765438079833984,0,0,0
train,1267,2018-02-28 04:58:00+00:00,0.04389991611242294,1.003343105316162,2.9957334995269775,38.82037353515625,0,0,0
train,1268,2018-02-28 04:59:00+00:00,0.04412857070565224,1.0024255514144897,2.9916396141052246,38.75850296020508,0,0,0
train,1269,2018-02-28 05:00:00+00:00,0.043871697038412094,1.003602147102356,2.9960498809814453,38.82364273071289,0,0,0
train,1270,2018-02-28 05:01:00+00:00,0.04357825592160225,1.0045146942138672,3.0014071464538574,38.904170989990234,0,0,0
train,1271,2018-02-28 05:02:00+00:00,0.043486665934324265,1.0048576593399048,3.0022315979003906,38.91543197631836,0,0,0
train,1272,2018-02-28 05:03:00+00:00,0.04345622658729553,1.0050091743469238,3.0034091472625732,38.93326950073242,0,0,0
train,1273,2018-02-28 05:04:00+00:00,0.043601419776678085,1.0047881603240967,3.000643014907837,38.8919677734375,0,0,0
train,1274,2018-02-28 05:05:00+00:00,0.04348257556557655,1.0052008628845215,3.00323748588562,38.93082046508789,0,0,0
train,1275,2018-02-28 05:06:00+00:00,0.04344376549124718,1.0055503845214844,3.0039432048797607,38.93986129760742,0,0,0
train,1276,2018-02-28 05:07:00+00:00,0.04340988025069237,1.0049786567687988,3.00496768951416,38.95689392089844,0,0,0
train,1277,2018-02-28 05:08:00+00:00,0.04343269020318985,1.0050714015960693,3.004542112350464,38.94939041137695,0,0,0
train,1278,2018-02-28 05:09:00+00:00,0.043475210666656494,1.0046229362487793,3.00392484664917,38.94078063964844,0,0,0
train,1279,2018-02-28 05:10:00+00:00,0.043438468128442764,1.0052592754364014,3.00405216217041,38.941551208496094,0,0,0
train,1280,2018-02-28 05:11:00+00:00,0.043485917150974274,1.0048048496246338,3.003159999847412,38.929168701171875,0,0,0
train,1281,2018-02-28 05:12:00+00:00,0.0434652604162693,1.0049870014190674,3.0034966468811035,38.93309020996094,0,0,0
train,1282,2018-02-28 05:13:00+00:00,0.04354402795433998,1.0048679113388062,3.0017123222351074,38.90666198730469,0,0,0
train,1283,2018-02-28 05:14:00+00:00,0.04357016086578369,1.0049092769622803,3.0012054443359375,38.89863586425781,0,0,0
train,1284,2018-02-28 05:15:00+00:00,0.04348782077431679,1.005068302154541,3.002454996109009,38.9171142578125,0,0,0
train,1285,2018-02-28 05:16:00+00:00,0.043592438101768494,1.0044517517089844,3.0014142990112305,38.90322494506836,0,0,0
train,1286,2018-02-28 05:17:00+00:00,0.04357205703854561,1.004770040512085,3.001574993133545,38.90442657470703,0,0,0
train,1287,2018-02-28 05:18:00+00:00,0.043381258845329285,1.0057467222213745,3.004948139190674,38.9550895690918,0,0,0
train,1288,2018-02-28 05:19:00+00:00,0.043382953852415085,1.0054290294647217,3.004564046859741,38.94843292236328,0,0,0
train,1289,2018-02-28 05:20:00+00:00,0.04347773268818855,1.005574345588684,3.0028629302978516,38.923492431640625,0,0,0
train,1290,2018-02-28 05:21:00+00:00,0.0434693805873394,1.0052821636199951,3.003653049468994,38.93541717529297,0,0,0
train,1291,2018-02-28 05:22:00+00:00,0.0434318371117115,1.005732774734497,3.003843069076538,38.938262939453125,0,0,0
train,1292,2018-02-28 05:23:00+00:00,0.04355141147971153,1.0052297115325928,3.0027427673339844,38.92230224609375,0,0,0
train,1293,2018-02-28 05:24:00+00:00,0.043584827333688736,1.0049855709075928,3.0014381408691406,38.902587890625,0,0,0
train,1294,2018-02-28 05:25:00+00:00,0.0435018353164196,1.005022644996643,3.003777027130127,38.93887710571289,0,0,0
train,1295,2018-02-28 05:26:00+00:00,0.04348354786634445,1.005355715751648,3.004232168197632,38.94356918334961,0,0,0
train,1296,2018-02-28 05:27:00+00:00,0.04372349753975868,1.0043269395828247,3.000378131866455,38.88667297363281,0,0,0
train,1297,2018-02-28 05:28:00+00:00,0.04364442080259323,1.0047844648361206,3.0012824535369873,38.89921569824219,0,0,0
train,1298,2018-02-28 05:29:00+00:00,0.04370022937655449,1.004854679107666,2.9995367527008057,38.8709831237793,0,0,0
train,1299,2018-02-28 05:30:00+00:00,0.04404953494668007,1.0042152404785156,2.9939889907836914,38.78972625732422,0,0,0
train,1300,2018-02-28 05:31:00+00:00,0.04407665878534317,1.0027294158935547,2.9932212829589844,38.785064697265625,0,0,0
train,1301,2018-02-28 05:32:00+00:00,0.044215310364961624,1.0034773349761963,2.9923150539398193,38.76873016357422,0,0,0
train,1302,2018-02-28 05:33:00+00:00,0.04367098584771156,1.004984736442566,3.0011086463928223,38.89330291748047,0,0,0
train,1303,2018-02-28 05:34:00+00:00,0.04346228390932083,1.005399227142334,3.002917766571045,38.92747116088867,0,0,0
train,1304,2018-02-28 05:35:00+00:00,0.043622877448797226,1.0054612159729004,3.0026774406433105,38.92267990112305,0,0,0
train,1305,2018-02-28 05:36:00+00:00,0.04405830055475235,1.0038560628890991,2.9932332038879395,38.777523040771484,0,0,0
train,1306,2018-02-28 05:37:00+00:00,0.043724220246076584,1.0046768188476562,2.997664213180542,38.8444938659668,0,0,0
train,1307,2018-02-28 05:38:00+00:00,0.043810226023197174,1.0046991109848022,2.99630069732666,38.8247184753418,0,0,0
train,1308,2018-02-28 05:39:00+00:00,0.043741993606090546,1.004403829574585,2.9987924098968506,38.85930252075195,0,0,0
train,1309,2018-02-28 05:40:00+00:00,0.044276654720306396,1.0035113096237183,2.9896953105926514,38.72414779663086,0,0,0
train,1310,2018-02-28 05:41:00+00:00,0.04373888671398163,1.0049421787261963,2.9991824626922607,38.864688873291016,0,0,0
train,1311,2018-02-28 05:42:00+00:00,0.04393431544303894,1.0035881996154785,2.9955074787139893,38.812259674072266,0,0,0
train,1312,2018-02-28 05:43:00+00:00,0.04450010508298874,1.0023068189620972,2.9876885414123535,38.70246887207031,0,0,0
train,1313,2018-02-28 05:44:00+00:00,0.04377833381295204,1.0049748420715332,2.998849868774414,38.86723327636719,0,0,0
train,1314,2018-02-28 05:45:00+00:00,0.04335557669401169,1.0062830448150635,3.005781888961792,38.96736145019531,0,0,0
train,1315,2018-02-28 05:46:00+00:00,0.0440637581050396,1.0035033226013184,2.99481463432312,38.809173583984375,0,0,0
train,1316,2018-02-28 05:47:00+00:00,0.04481402039527893,1.00089430809021,2.9829869270324707,38.628936767578125,0,0,0
train,1317,2018-02-28 05:48:00+00:00,0.044103000313043594,1.0035028457641602,2.9931137561798096,38.78057861328125,0,0,0
train,1318,2018-02-28 05:49:00+00:00,0.04400593787431717,1.0028518438339233,2.9943978786468506,38.80455017089844,0,0,0
train,1319,2018-02-28 05:50:00+00:00,0.04385906457901001,1.003293752670288,2.99552845954895,38.81937026977539,0,0,0
train,1320,2018-02-28 08:21:00+00:00,0.04434235394001007,1.001929759979248,2.9883344173431396,38.71463394165039,0,0,0
train,1321,2018-02-28 08:51:00+00:00,0.043941378593444824,1.0037493705749512,2.9950623512268066,38.80948257446289,0,0,0
train,1322,2018-02-28 08:52:00+00:00,0.04393080621957779,1.0039489269256592,2.9953553676605225,38.8134651184082,0,0,0
train,1323,2018-02-28 08:53:00+00:00,0.044016651809215546,1.0039043426513672,2.9943649768829346,38.795921325683594,0,0,0
train,1324,2018-02-28 08:54:00+00:00,0.044123437255620956,1.002604603767395,2.991860866546631,38.759578704833984,0,0,0
train,1325,2018-02-28 08:55:00+00:00,0.044381994754076004,1.0019252300262451,2.9879045486450195,38.701576232910156,0,0,0
train,1326,2018-02-28 08:56:00+00:00,0.0444292351603508,1.001732349395752,2.9866721630096436,38.68205642700195,0,0,0
train,1327,2018-02-28 08:57:00+00:00,0.04385978356003761,1.0037541389465332,2.9966204166412354,38.833152770996094,0,0,0
train,1328,2018-02-28 08:58:00+00:00,0.043985672295093536,1.0031733512878418,2.994414806365967,38.799556732177734,0,0,0
train,1329,2018-02-28 08:59:00+00:00,0.044059038162231445,1.0034011602401733,2.9932432174682617,38.78218460083008,0,0,0
train,1330,2018-02-28 09:00:00+00:00,0.04403381049633026,1.0033040046691895,2.9935195446014404,38.786582946777344,0,0,0
train,1331,2018-02-28 09:01:00+00:00,0.044098544865846634,1.0031583309173584,2.992095470428467,38.76432418823242,0,0,0
train,1332,2018-02-28 09:02:00+00:00,0.04393179714679718,1.0036296844482422,2.9951202869415283,38.8106689453125,0,0,0
train,1333,2018-02-28 09:03:00+00:00,0.04387138783931732,1.0039420127868652,2.9962282180786133,38.825801849365234,0,0,0
train,1334,2018-02-28 09:04:00+00:00,0.043843697756528854,1.0036921501159668,2.996243476867676,38.828250885009766,0,0,0
train,1335,2018-02-28 09:05:00+00:00,0.043858300894498825,1.00386643409729,2.9960672855377197,38.82429885864258,0,0,0
train,1336,2018-02-28 09:06:00+00:00,0.04379671812057495,1.0040435791015625,2.9972751140594482,38.84258270263672,0,0,0
train,1337,2018-02-28 09:07:00+00:00,0.04380045086145401,1.0044138431549072,2.997560501098633,38.8454704284668,0,0,0
train,1338,2018-02-28 09:08:00+00:00,0.044090837240219116,1.0030708312988281,2.992135763168335,38.764190673828125,0,0,0
train,1339,2018-02-28 09:09:00+00:00,0.04382657632231712,1.0039184093475342,2.996960163116455,38.837955474853516,0,0,0
train,1340,2018-02-28 09:10:00+00:00,0.04378185793757439,1.0040771961212158,2.997323513031006,38.84188461303711,0,0,0
train,1341,2018-02-28 09:11:00+00:00,0.04430647939443588,1.0021946430206299,2.988485097885132,38.71034622192383,0,0,0
train,1342,2018-02-28 09:12:00+00:00,0.0441763810813427,1.0026825666427612,2.990849256515503,38.745086669921875,0,0,0
train,1343,2018-02-28 09:13:00+00:00,0.04489026591181755,1.000562310218811,2.9790806770324707,38.566810607910156,0,0,0
train,1344,2018-02-28 09:14:00+00:00,0.0454544872045517,0.999213457107544,2.969536781311035,38.42558288574219,0,0,0
train,1345,2018-02-28 09:15:00+00:00,0.04590434953570366,0.9981427192687988,2.962484836578369,38.322715759277344,0,0,0
train,1346,2018-02-28 09:16:00+00:00,0.04622901603579521,0.9972794055938721,2.956698179244995,38.23857116699219,0,0,0
train,1347,2018-02-28 09:17:00+00:00,0.046135954558849335,0.9970371723175049,2.9573426246643066,38.24648666381836,0,0,0
train,1348,2018-02-28 09:18:00+00:00,0.04619835317134857,0.9961248636245728,2.956049919128418,38.22892379760742,0,0,0
train,1349,2018-02-28 09:19:00+00:00,0.04651627317070961,0.9954408407211304,2.950550079345703,38.1502685546875,0,0,0
train,1350,2018-02-28 09:20:00+00:00,0.04680350422859192,0.9951217174530029,2.94547963142395,38.077762603759766,0,0,0
train,1351,2018-02-28 09:21:00+00:00,0.04722655564546585,0.993994414806366,2.9386146068573,37.97761154174805,0,0,0
train,1352,2018-02-28 09:22:00+00:00,0.046611715108156204,0.9955952763557434,2.9478702545166016,38.11164093017578,0,0,0
train,1353,2018-02-28 09:23:00+00:00,0.04598991945385933,0.9970083832740784,2.9578704833984375,38.26070022583008,0,0,0
train,1354,2018-02-28 09:24:00+00:00,0.04516417905688286,0.9988099336624146,2.9721860885620117,38.47502136230469,0,0,0
train,1355,2018-02-28 09:25:00+00:00,0.04486481845378876,0.9997727870941162,2.9777672290802,38.55497360229492,0,0,0
train,1356,2018-02-28 09:26:00+00:00,0.044218938797712326,1.0025064945220947,2.9893791675567627,38.726768493652344,0,0,0
train,1357,2018-02-28 09:27:00+00:00,0.04435368627309799,1.0020191669464111,2.9872167110443115,38.69388961791992,0,0,0
train,1358,2018-02-28 09:28:00+00:00,0.04466727003455162,1.0011619329452515,2.9820408821105957,38.61652374267578,0,0,0
train,1359,2018-02-28 09:29:00+00:00,0.044401805847883224,1.0023558139801025,2.9870338439941406,38.69131088256836,0,0,0
train,1360,2018-02-28 09:30:00+00:00,0.043944407254457474,1.0038797855377197,2.994168281555176,38.79713821411133,0,0,0
train,1361,2018-02-28 09:31:00+00:00,0.04386378824710846,1.0037050247192383,2.9955809116363525,38.81744384765625,0,0,0
train,1362,2018-02-28 09:32:00+00:00,0.04397768899798393,1.0039212703704834,2.9944519996643066,38.79808807373047,0,0,0
train,1363,2018-02-28 09:33:00+00:00,0.04376453906297684,1.0043267011642456,2.997873067855835,38.850852966308594,0,0,0
train,1364,2018-02-28 09:34:00+00:00,0.04367911443114281,1.0047316551208496,2.9993174076080322,38.873504638671875,0,0,0
train,1365,2018-02-28 09:35:00+00:00,0.043989185243844986,1.003532886505127,2.993806838989258,38.78982925415039,0,0,0
train,1366,2018-02-28 09:36:00+00:00,0.043819498270750046,1.003941535949707,2.9963788986206055,38.827857971191406,0,0,0
train,1367,2018-02-28 09:37:00+00:00,0.043918147683143616,1.003636121749878,2.995089530944824,38.808284759521484,0,0,0
train,1368,2018-02-28 09:38:00+00:00,0.04373376816511154,1.0044524669647217,2.998619318008423,38.86228942871094,0,0,0
train,1369,2018-02-28 09:39:00+00:00,0.04420121759176254,1.002915620803833,2.9899752140045166,38.7318115234375,0,0,0
train,1370,2018-02-28 09:40:00+00:00,0.04444392770528793,1.0018633604049683,2.985609531402588,38.66559982299805,0,0,0
train,1371,2018-02-28 09:41:00+00:00,0.04446045309305191,1.0013399124145508,2.985520124435425,38.66588592529297,0,0,0
train,1372,2018-02-28 09:42:00+00:00,0.04404255375266075,1.0031336545944214,2.9926393032073975,38.773521423339844,0,0,0
train,1373,2018-02-28 09:43:00+00:00,0.04399997740983963,1.0034599304199219,2.9931492805480957,38.77992630004883,0,0,0
train,1374,2018-02-28 09:44:00+00:00,0.04388647526502609,1.0038760900497437,2.995600700378418,38.816864013671875,0,0,0
train,1375,2018-02-28 09:45:00+00:00,0.043864719569683075,1.0039442777633667,2.995462656021118,38.814353942871094,0,0,0
train,1376,2018-02-28 09:46:00+00:00,0.043879348784685135,1.0039687156677246,2.9957756996154785,38.8194694519043,0,0,0
train,1377,2018-02-28 09:47:00+00:00,0.043868694454431534,1.0040571689605713,2.9959230422973633,38.82185745239258,0,0,0
train,1378,2018-02-28 09:48:00+00:00,0.04390597715973854,1.004166603088379,2.995455741882324,38.81468963623047,0,0,0
train,1379,2018-02-28 09:49:00+00:00,0.04381931200623512,1.003793478012085,2.9962081909179688,38.82395553588867,0,0,0
train,1380,2018-02-28 09:50:00+00:00,0.04414810985326767,1.0027573108673096,2.9909205436706543,38.74660110473633,0,0,0
train,1381,2018-02-28 09:51:00+00:00,0.044123899191617966,1.0024288892745972,2.9919261932373047,38.76274871826172,0,0,0
train,1382,2018-02-28 09:52:00+00:00,0.044450320303440094,1.0014835596084595,2.986034631729126,38.67416000366211,0,0,0
train,1383,2018-02-28 09:53:00+00:00,0.04459032788872719,1.001428484916687,2.9833366870880127,38.63418197631836,0,0,0
train,1384,2018-02-28 09:54:00+00:00,0.044665124267339706,1.0013694763183594,2.9822728633880615,38.61753463745117,0,0,0
train,1385,2018-02-28 09:55:00+00:00,0.044351622462272644,1.0024909973144531,2.9874536991119385,38.69635772705078,0,0,0
train,1386,2018-02-28 09:56:00+00:00,0.044127196073532104,1.0032963752746582,2.9911751747131348,38.75083541870117,0,0,0
train,1387,2018-02-28 09:57:00+00:00,0.04411303997039795,1.0033457279205322,2.9920477867126465,38.76473617553711,0,0,0
train,1388,2018-02-28 09:58:00+00:00,0.04434178024530411,1.0019822120666504,2.987461566925049,38.69608688354492,0,0,0
train,1389,2018-02-28 09:59:00+00:00,0.044444724917411804,1.0015476942062378,2.9855964183807373,38.66890335083008,0,0,0
train,1390,2018-02-28 10:00:00+00:00,0.04401217773556709,1.00311279296875,2.9936463832855225,38.78916549682617,0,0,0
train,1391,2018-02-28 10:01:00+00:00,0.04395319148898125,1.0035006999969482,2.9942245483398438,38.79743957519531,0,0,0
train,1392,2018-02-28 10:02:00+00:00,0.044128067791461945,1.0025911331176758,2.9913907051086426,38.75442123413086,0,0,0
train,1393,2018-02-28 10:03:00+00:00,0.04424990713596344,1.0023260116577148,2.9892497062683105,38.722251892089844,0,0,0
train,1394,2018-02-28 10:04:00+00:00,0.044094737619161606,1.002914309501648,2.9920461177825928,38.763916015625,0,0,0
train,1395,2018-02-28 10:05:00+00:00,0.04384957253932953,1.0040857791900635,2.9968044757843018,38.836185455322266,0,0,0
train,1396,2018-02-28 10:06:00+00:00,0.043759576976299286,1.003888726234436,2.997269868850708,38.84413146972656,0,0,0
train,1397,2018-02-28 10:07:00+00:00,0.04382459819316864,1.003678560256958,2.996340036392212,38.82733154296875,0,0,0
train,1398,2018-02-28 10:08:00+00:00,0.043789587914943695,1.003972053527832,2.9963841438293457,38.82986831665039,0,0,0
train,1399,2018-02-28 10:09:00+00:00,0.043767839670181274,1.004537582397461,2.9975814819335938,38.84567642211914,0,0,0
train,1400,2018-02-28 10:10:00+00:00,0.043875616043806076,1.0035969018936157,2.9946818351745605,38.80548858642578,0,0,0
train,1401,2018-02-28 10:11:00+00:00,0.04365704953670502,1.005147933959961,2.999927282333374,38.88330841064453,0,0,0
train,1402,2018-02-28 10:12:00+00:00,0.04364122077822685,1.0046069622039795,2.9992876052856445,38.87392807006836,0,0,0
train,1403,2018-02-28 10:13:00+00:00,0.04375908896327019,1.004429578781128,2.998063325881958,38.854244232177734,0,0,0
train,1404,2018-02-28 10:14:00+00:00,0.043824292719364166,1.0041871070861816,2.9970695972442627,38.839759826660156,0,0,0
train,1405,2018-02-28 10:15:00+00:00,0.04380404204130173,1.0038082599639893,2.9973509311676025,38.844024658203125,0,0,0
train,1406,2018-02-28 10:16:00+00:00,0.04381561279296875,1.003964900970459,2.99775767326355,38.84979248046875,0,0,0
train,1407,2018-02-28 10:17:00+00:00,0.04446643590927124,1.002556562423706,2.986137866973877,38.67680740356445,0,0,0
train,1408,2018-02-28 10:18:00+00:00,0.04429833963513374,1.0026650428771973,2.988532066345215,38.71158218383789,0,0,0
train,1409,2018-02-28 10:19:00+00:00,0.04412703216075897,1.0032870769500732,2.9915080070495605,38.75605392456055,0,0,0
train,1410,2018-02-28 10:20:00+00:00,0.04393532872200012,1.0034546852111816,2.99466609954834,38.80309295654297,0,0,0
train,1411,2018-02-28 10:21:00+00:00,0.04380647465586662,1.0037825107574463,2.9973573684692383,38.843929290771484,0,0,0
train,1412,2018-02-28 10:22:00+00:00,0.04385221749544144,1.0038988590240479,2.996326446533203,38.82740783691406,0,0,0
train,1413,2018-02-28 10:23:00+00:00,0.043789248913526535,1.004048228263855,2.9973931312561035,38.84373092651367,0,0,0
train,1414,2018-02-28 10:24:00+00:00,0.043623119592666626,1.004492998123169,2.999739408493042,38.878055572509766,0,0,0
train,1415,2018-02-28 10:25:00+00:00,0.04442356154322624,1.0016934871673584,2.9863433837890625,38.67880630493164,0,0,0
train,1416,2018-02-28 10:26:00+00:00,0.043952878564596176,1.0031945705413818,2.9944698810577393,38.800498962402344,0,0,0
train,1417,2018-02-28 10:27:00+00:00,0.04381982609629631,1.0039560794830322,2.9967432022094727,38.834407806396484,0,0,0
train,1418,2018-02-28 10:28:00+00:00,0.04409472644329071,1.0024503469467163,2.9921793937683105,38.766265869140625,0,0,0
train,1419,2018-02-28 10:29:00+00:00,0.044389355927705765,1.0017666816711426,2.9873971939086914,38.694732666015625,0,0,0
train,1420,2018-02-28 10:30:00+00:00,0.04473041743040085,1.0002365112304688,2.980963945388794,38.596527099609375,0,0,0
train,1421,2018-02-28 10:31:00+00:00,0.04405050724744797,1.002816081047058,2.9928319454193115,38.77805709838867,0,0,0
train,1422,2018-02-28 10:32:00+00:00,0.043932974338531494,1.0033841133117676,2.9948980808258057,38.80742645263672,0,0,0
train,1423,2018-02-28 10:33:00+00:00,0.0440659299492836,1.0024285316467285,2.9910378456115723,38.75107192993164,0,0,0
train,1424,2018-02-28 10:34:00+00:00,0.04447244852781296,1.0011402368545532,2.9840734004974365,38.64488220214844,0,0,0
train,1425,2018-02-28 10:35:00+00:00,0.044441476464271545,1.0011248588562012,2.985032796859741,38.6597785949707,0,0,0
train,1426,2018-02-28 10:36:00+00:00,0.044138360768556595,1.0025899410247803,2.991053581237793,38.74996566772461,0,0,0
train,1427,2018-02-28 10:37:00+00:00,0.044094376266002655,1.0028197765350342,2.9922266006469727,38.76826477050781,0,0,0
train,1428,2018-02-28 10:38:00+00:00,0.04400372505187988,1.0029239654541016,2.9937918186187744,38.79053497314453,0,0,0
train,1429,2018-02-28 10:39:00+00:00,0.043798960745334625,1.003507137298584,2.9959933757781982,38.82542037963867,0,0,0
train,1430,2018-02-28 10:40:00+00:00,0.04428211227059364,1.0018526315689087,2.988007068634033,38.703094482421875,0,0,0
train,1431,2018-02-28 10:41:00+00:00,0.04391628876328468,1.003274917602539,2.9940781593322754,38.796409606933594,0,0,0
train,1432,2018-02-28 10:42:00+00:00,0.04434824734926224,1.0019757747650146,2.986945152282715,38.68572235107422,0,0,0
train,1433,2018-02-28 10:43:00+00:00,0.044089481234550476,1.0025084018707275,2.9901437759399414,38.73841857910156,0,0,0
train,1434,2018-02-28 10:44:00+00:00,0.04411524161696434,1.0022162199020386,2.990724563598633,38.74680709838867,0,0,0
train,1435,2018-02-28 10:45:00+00:00,0.044203683733940125,1.0021324157714844,2.9889943599700928,38.72114181518555,0,0,0
train,1436,2018-02-28 10:46:00+00:00,0.044140178710222244,1.002259612083435,2.9900102615356445,38.73653793334961,0,0,0
train,1437,2018-02-28 10:47:00+00:00,0.044054146856069565,1.0032691955566406,2.9915716648101807,38.75735855102539,0,0,0
train,1438,2018-02-28 10:48:00+00:00,0.04399983212351799,1.0031769275665283,2.991938352584839,38.76237487792969,0,0,0
train,1439,2018-02-28 10:49:00+00:00,0.04379313066601753,1.0040714740753174,2.9964635372161865,38.831336975097656,0,0,0
train,1440,2018-02-28 10:50:00+00:00,0.04371090978384018,1.0044634342193604,2.9981160163879395,38.85569763183594,0,0,0
train,1441,2018-02-28 10:51:00+00:00,0.044184841215610504,1.0015997886657715,2.9899091720581055,38.73380661010742,0,0,0
train,1442,2018-02-28 10:52:00+00:00,0.04377276077866554,1.0035724639892578,2.997385025024414,38.84406280517578,0,0,0
train,1443,2018-02-28 10:53:00+00:00,0.04373730719089508,1.00368070602417,2.997495412826538,38.8455810546875,0,0,0
train,1444,2018-02-28 10:54:00+00:00,0.04369841888546944,1.0040979385375977,2.9975955486297607,38.846187591552734,0,0,0
train,1445,2018-02-28 10:55:00+00:00,0.04387599602341652,1.0036702156066895,2.9946634769439697,38.80232238769531,0,0,0
train,1446,2018-02-28 10:56:00+00:00,0.043516967445611954,1.0047833919525146,3.001253128051758,38.902130126953125,0,0,0
train,1447,2018-02-28 10:57:00+00:00,0.04360601678490639,1.004342794418335,2.9992430210113525,38.87108612060547,0,0,0
train,1448,2018-02-28 10:58:00+00:00,0.04382489249110222,1.0032562017440796,2.995384454727173,38.812957763671875,0,0,0
train,1449,2018-02-28 10:59:00+00:00,0.04378939047455788,1.0036685466766357,2.996535062789917,38.83101272583008,0,0,0
train,1450,2018-02-28 11:00:00+00:00,0.04359693080186844,1.004314661026001,3.0001907348632812,38.88457107543945,0,0,0
train,1451,2018-02-28 11:01:00+00:00,0.044465307146310806,1.001707673072815,2.983050584793091,38.63444900512695,0,0,0
train,1452,2018-02-28 11:02:00+00:00,0.04424060881137848,1.0026335716247559,2.9890196323394775,38.71986389160156,0,0,0
train,1453,2018-02-28 11:03:00+00:00,0.044035542756319046,1.002972960472107,2.9922292232513428,38.7672004699707,0,0,0
train,1454,2018-02-28 11:04:00+00:00,0.04474234580993652,1.0006558895111084,2.977940082550049,38.56015396118164,0,0,0
train,1455,2018-02-28 11:05:00+00:00,0.044661276042461395,1.0013130903244019,2.980409860610962,38.59169006347656,0,0,0
train,1456,2018-02-28 11:06:00+00:00,0.045171987265348434,0.9992797374725342,2.9692797660827637,38.431236267089844,0,0,0
train,1457,2018-02-28 11:07:00+00:00,0.04457195848226547,1.0016206502914429,2.9812746047973633,38.605751037597656,0,0,0
train,1458,2018-02-28 11:08:00+00:00,0.044656530022621155,1.0008771419525146,2.980093479156494,38.585262298583984,0,0,0
train,1459,2018-02-28 11:09:00+00:00,0.04433673247694969,1.002280354499817,2.986135721206665,38.675689697265625,0,0,0
train,1460,2018-02-28 11:10:00+00:00,0.044072166085243225,1.0031763315200806,2.9911649227142334,38.750885009765625,0,0,0
train,1461,2018-02-28 11:11:00+00:00,0.04436048865318298,1.0020211935043335,2.986248254776001,38.67569351196289,0,0,0
train,1462,2018-02-28 11:12:00+00:00,0.044196803122758865,1.002168893814087,2.9895212650299072,38.72633743286133,0,0,0
train,1463,2018-02-28 11:13:00+00:00,0.04519515112042427,0.9993554949760437,2.970865488052368,38.454627990722656,0,0,0
train,1464,2018-02-28 11:14:00+00:00,0.04486395791172981,1.000434160232544,2.9768166542053223,38.537540435791016,0,0,0
train,1465,2018-02-28 11:15:00+00:00,0.04456476494669914,1.0016627311706543,2.982767343521118,38.62556838989258,0,0,0
train,1466,2018-02-28 11:16:00+00:00,0.044677864760160446,1.0009329319000244,2.9801108837127686,38.58318328857422,0,0,0
train,1467,2018-02-28 11:17:00+00:00,0.0449034683406353,1.0001696348190308,2.9767372608184814,38.53261184692383,0,0,0
train,1468,2018-02-28 11:18:00+00:00,0.04476712644100189,1.0006799697875977,2.97880220413208,38.56415557861328,0,0,0
train,1469,2018-02-28 11:19:00+00:00,0.044554758816957474,1.0014121532440186,2.9819090366363525,38.60955047607422,0,0,0
train,1470,2018-02-28 11:20:00+00:00,0.04458542540669441,1.0010786056518555,2.980649948120117,38.589332580566406,0,0,0
train,1471,2018-02-28 11:21:00+00:00,0.04456702247262001,1.0011757612228394,2.9810454845428467,38.59462356567383,0,0,0
train,1472,2018-02-28 11:22:00+00:00,0.04505685344338417,0.9996160268783569,2.9729437828063965,38.47381591796875,0,0,0
train,1473,2018-02-28 11:23:00+00:00,0.04444652050733566,1.001512050628662,2.983152151107788,38.62741470336914,0,0,0
train,1474,2018-02-28 11:24:00+00:00,0.04523113742470741,0.9993388056755066,2.9676733016967773,38.398494720458984,0,0,0
train,1475,2018-02-28 11:25:00+00:00,0.04490996524691582,0.9999184608459473,2.9743752479553223,38.496463775634766,0,0,0
train,1476,2018-02-28 11:26:00+00:00,0.044964563101530075,0.9998002052307129,2.9738526344299316,38.48874282836914,0,0,0
train,1477,2018-02-28 11:27:00+00:00,0.044434063136577606,1.0016840696334839,2.9834799766540527,38.633811950683594,0,0,0
train,1478,2018-02-28 11:28:00+00:00,0.0455094538629055,0.9985427856445312,2.9637844562530518,38.34364318847656,0,0,0
train,1479,2018-02-28 11:29:00+00:00,0.04518718272447586,0.9989689588546753,2.9702117443084717,38.43628692626953,0,0,0
train,1480,2018-02-28 11:30:00+00:00,0.046111878007650375,0.9953535795211792,2.95285701751709,38.181976318359375,0,0,0
train,1481,2018-02-28 11:31:00+00:00,0.04575734958052635,0.9958567023277283,2.959580898284912,38.279083251953125,0,0,0
train,1482,2018-02-28 11:32:00+00:00,0.04536639526486397,0.9968307614326477,2.966546058654785,38.38248062133789,0,0,0
train,1483,2018-02-28 11:33:00+00:00,0.04502071067690849,0.9981542229652405,2.973092555999756,38.47910690307617,0,0,0
train,1484,2018-02-28 11:34:00+00:00,0.0447920560836792,0.9994133710861206,2.977574586868286,38.546627044677734,0,0,0
train,1485,2018-02-28 11:35:00+00:00,0.04461019113659859,1.0006083250045776,2.9818499088287354,38.6108283996582,0,0,0
train,1486,2018-02-28 11:36:00+00:00,0.04458148032426834,1.0008258819580078,2.982494831085205,38.61866760253906,0,0,0
train,1487,2018-02-28 11:37:00+00:00,0.044418953359127045,1.0021450519561768,2.986406087875366,38.6798210144043,0,0,0
train,1488,2018-02-28 11:38:00+00:00,0.04461042955517769,1.00124990940094,2.9823334217071533,38.618133544921875,0,0,0
train,1489,2018-02-28 11:39:00+00:00,0.04473526030778885,1.000797986984253,2.980471134185791,38.589542388916016,0,0,0
train,1490,2018-02-28 11:40:00+00:00,0.04472536966204643,1.0008692741394043,2.980630397796631,38.59239959716797,0,0,0
train,1491,2018-02-28 11:41:00+00:00,0.044524185359478,1.0017573833465576,2.9837944507598877,38.63884735107422,0,0,0
train,1492,2018-02-28 11:42:00+00:00,0.04485345631837845,1.0002354383468628,2.978038787841797,38.552459716796875,0,0,0
train,1493,2018-02-28 11:43:00+00:00,0.04464266821742058,1.001401662826538,2.9819343090057373,38.611915588378906,0,0,0
train,1494,2018-02-28 11:44:00+00:00,0.044120725244283676,1.0027927160263062,2.9901132583618164,38.734832763671875,0,0,0
train,1495,2018-02-28 11:45:00+00:00,0.04438445344567299,1.0018749237060547,2.985792636871338,38.669193267822266,0,0,0
train,1496,2018-02-28 11:46:00+00:00,0.04434244707226753,1.0020923614501953,2.986527442932129,38.6806755065918,0,0,0
train,1497,2018-02-28 11:47:00+00:00,0.04410339891910553,1.00320303440094,2.9911649227142334,38.74986267089844,0,0,0
train,1498,2018-02-28 11:48:00+00:00,0.04401836171746254,1.0035266876220703,2.9923291206359863,38.76812744140625,0,0,0
train,1499,2018-02-28 11:49:00+00:00,0.04391856864094734,1.004181981086731,2.9949214458465576,38.80644226074219,0,0,0
train,1500,2018-02-28 11:50:00+00:00,0.04408315196633339,1.003418207168579,2.99173641204834,38.758445739746094,0,0,0
train,1501,2018-02-28 11:51:00+00:00,0.043997131288051605,1.0035935640335083,2.9936277866363525,38.787353515625,0,0,0
train,1502,2018-02-28 11:52:00+00:00,0.04467302933335304,1.0016969442367554,2.9822349548339844,38.618896484375,0,0,0
train,1503,2018-02-28 11:53:00+00:00,0.044000111520290375,1.0033042430877686,2.9932868480682373,38.78278732299805,0,0,0
train,1504,2018-02-28 11:54:00+00:00,0.04399814456701279,1.0031955242156982,2.9937517642974854,38.788902282714844,0,0,0
train,1505,2018-02-28 11:55:00+00:00,0.04376863315701485,1.0038774013519287,2.996995210647583,38.83844757080078,0,0,0
train,1506,2018-02-28 11:56:00+00:00,0.043769702315330505,1.0039863586425781,2.996690273284912,38.835018157958984,0,0,0
train,1507,2018-02-28 11:57:00+00:00,0.0437588170170784,1.0043210983276367,2.9980006217956543,38.85107421875,0,0,0
train,1508,2018-02-28 11:58:00+00:00,0.043608952313661575,1.0045714378356934,3.000505208969116,38.890037536621094,0,0,0
train,1509,2018-02-28 11:59:00+00:00,0.04358972609043121,1.0046727657318115,3.0007758140563965,38.893577575683594,0,0,0
train,1510,2018-02-28 12:00:00+00:00,0.04457692801952362,1.0015490055084229,2.9815571308135986,38.61366271972656,0,0,0
train,1511,2018-02-28 12:01:00+00:00,0.04419206827878952,1.002865195274353,2.9893524646759033,38.72444152832031,0,0,0
train,1512,2018-02-28 12:02:00+00:00,0.043987832963466644,1.0034003257751465,2.993403196334839,38.785152435302734,0,0,0
train,1513,2018-02-28 12:03:00+00:00,0.04408735781908035,1.0032317638397217,2.991811990737915,38.7591667175293,0,0,0
train,1514,2018-02-28 12:04:00+00:00,0.04380553960800171,1.0038788318634033,2.997145414352417,38.839908599853516,0,0,0
train,1515,2018-02-28 12:05:00+00:00,0.043862998485565186,1.0035364627838135,2.9956281185150146,38.81672286987305,0,0,0
train,1516,2018-02-28 12:06:00+00:00,0.04386851191520691,1.003357172012329,2.9953012466430664,38.812652587890625,0,0,0
train,1517,2018-02-28 12:07:00+00:00,0.04398031905293465,1.003799557685852,2.9933059215545654,38.77987289428711,0,0,0
train,1518,2018-02-28 12:08:00+00:00,0.04376786947250366,1.004572868347168,2.9975922107696533,38.84663009643555,0,0,0
train,1519,2018-02-28 12:09:00+00:00,0.04363764449954033,1.0047799348831177,2.9997332096099854,38.87879943847656,0,0,0
train,1520,2018-02-28 12:10:00+00:00,0.0438951700925827,1.0043596029281616,2.995723009109497,38.816410064697266,0,0,0
train,1521,2018-02-28 12:11:00+00:00,0.04413837939500809,1.0036503076553345,2.9910378456115723,38.745338439941406,0,0,0
train,1522,2018-02-28 12:12:00+00:00,0.04512890800833702,0.999514639377594,2.9747588634490967,38.50590133666992,0,0,0
train,1523,2018-02-28 12:13:00+00:00,0.04475397616624832,1.0010087490081787,2.9806957244873047,38.59456253051758,0,0,0
train,1524,2018-02-28 12:14:00+00:00,0.04452548921108246,1.0016306638717651,2.9845330715179443,38.651039123535156,0,0,0
train,1525,2018-02-28 12:15:00+00:00,0.04453674331307411,1.0020092725753784,2.9843404293060303,38.648033142089844,0,0,0
train,1526,2018-02-28 12:16:00+00:00,0.04450336843729019,1.0019512176513672,2.9843955039978027,38.64764404296875,0,0,0
train,1527,2018-02-28 12:17:00+00:00,0.044306863099336624,1.002962589263916,2.9882144927978516,38.70581817626953,0,0,0
train,1528,2018-02-28 12:18:00+00:00,0.044077467173337936,1.0034044981002808,2.992264986038208,38.76618194580078,0,0,0
train,1529,2018-02-28 12:19:00+00:00,0.04387810081243515,1.0041208267211914,2.995274782180786,38.8106689453125,0,0,0
train,1530,2018-02-28 12:20:00+00:00,0.04398476332426071,1.0040168762207031,2.9939987659454346,38.791378021240234,0,0,0
train,1531,2018-02-28 12:21:00+00:00,0.04367116093635559,1.005087971687317,2.999368667602539,38.87196731567383,0,0,0
train,1532,2018-02-28 12:22:00+00:00,0.043721623718738556,1.0048339366912842,2.9983320236206055,38.85626220703125,0,0,0
train,1533,2018-02-28 12:23:00+00:00,0.043715741485357285,1.0052063465118408,2.9985098838806152,38.85928726196289,0,0,0
train,1534,2018-02-28 12:24:00+00:00,0.04378581419587135,1.0047850608825684,2.9978370666503906,38.84977340698242,0,0,0
train,1535,2018-02-28 12:25:00+00:00,0.04377956688404083,1.0046206712722778,2.997278928756714,38.8412971496582,0,0,0
train,1536,2018-02-28 12:26:00+00:00,0.04393022134900093,1.0043525695800781,2.9955639839172363,38.814796447753906,0,0,0
train,1537,2018-02-28 12:27:00+00:00,0.04374678060412407,1.004774808883667,2.9979939460754395,38.8523063659668,0,0,0
train,1538,2018-02-28 12:28:00+00:00,0.04440760612487793,1.0027337074279785,2.986511468887329,38.67934799194336,0,0,0
train,1539,2018-02-28 12:29:00+00:00,0.044438425451517105,1.002432942390442,2.9857141971588135,38.66796112060547,0,0,0
train,1540,2018-02-28 12:30:00+00:00,0.04398791491985321,1.0035886764526367,2.993744373321533,38.78898620605469,0,0,0
train,1541,2018-02-28 12:31:00+00:00,0.04379745572805405,1.0043939352035522,2.9967665672302246,38.835205078125,0,0,0
train,1542,2018-02-28 12:32:00+00:00,0.04392537474632263,1.0039604902267456,2.9949536323547363,38.80757522583008,0,0,0
train,1543,2018-02-28 12:33:00+00:00,0.04396835342049599,1.0042191743850708,2.9945459365844727,38.80003356933594,0,0,0
train,1544,2018-02-28 12:34:00+00:00,0.04394904151558876,1.0040972232818604,2.9949545860290527,38.80696105957031,0,0,0
train,1545,2018-02-28 12:35:00+00:00,0.043918877840042114,1.0042510032653809,2.995657444000244,38.81676483154297,0,0,0
train,1546,2018-02-28 12:36:00+00:00,0.044121865183115005,1.0036461353302002,2.9921071529388428,38.7635498046875,0,0,0
train,1547,2018-02-28 12:37:00+00:00,0.044060226529836655,1.0037972927093506,2.9928383827209473,38.774105072021484,0,0,0
train,1548,2018-02-28 12:38:00+00:00,0.043827202171087265,1.0042580366134644,2.9968297481536865,38.83495330810547,0,0,0
train,1549,2018-02-28 12:39:00+00:00,0.04370833560824394,1.0044807195663452,2.997913360595703,38.852294921875,0,0,0
train,1550,2018-02-28 12:40:00+00:00,0.04384075850248337,1.003502607345581,2.995191812515259,38.813987731933594,0,0,0
train,1551,2018-02-28 12:41:00+00:00,0.04386689513921738,1.0037349462509155,2.995697259902954,38.821441650390625,0,0,0
train,1552,2018-02-28 12:42:00+00:00,0.04394247382879257,1.0032925605773926,2.9940450191497803,38.79343032836914,0,0,0
train,1553,2018-02-28 12:43:00+00:00,0.043891072273254395,1.0041255950927734,2.9959566593170166,38.82316589355469,0,0,0
train,1554,2018-02-28 12:44:00+00:00,0.04398911073803902,1.0033748149871826,2.993602991104126,38.7875862121582,0,0,0
train,1555,2018-02-28 12:45:00+00:00,0.04364490881562233,1.0047509670257568,2.999913454055786,38.88227844238281,0,0,0
train,1556,2018-02-28 12:46:00+00:00,0.04436671361327171,1.002116322517395,2.987015962600708,38.688472747802734,0,0,0
train,1557,2018-02-28 12:47:00+00:00,0.044044069945812225,1.0035550594329834,2.993152141571045,38.78089141845703,0,0,0
train,1558,2018-02-28 12:48:00+00:00,0.0438770167529583,1.0040154457092285,2.995712995529175,38.819393157958984,0,0,0
train,1559,2018-02-28 12:49:00+00:00,0.04407728090882301,1.0038267374038696,2.9924936294555664,38.77000045776367,0,0,0
train,1560,2018-02-28 12:50:00+00:00,0.043998152017593384,1.003703236579895,2.994013547897339,38.792232513427734,0,0,0
train,1561,2018-02-28 12:51:00+00:00,0.04396654665470123,1.0039933919906616,2.99455189704895,38.8012580871582,0,0,0
train,1562,2018-02-28 12:52:00+00:00,0.04375983029603958,1.0047924518585205,2.9976885318756104,38.84745788574219,0,0,0
train,1563,2018-02-28 12:53:00+00:00,0.04364171624183655,1.0049611330032349,3.0001060962677,38.883907318115234,0,0,0
train,1564,2018-02-28 12:54:00+00:00,0.04364297538995743,1.004682183265686,2.9998834133148193,38.881561279296875,0,0,0
train,1565,2018-02-28 12:55:00+00:00,0.043679770082235336,1.0050110816955566,2.999622106552124,38.87590789794922,0,0,0
train,1566,2018-02-28 12:56:00+00:00,0.04398079961538315,1.003670573234558,2.994004726409912,38.79237747192383,0,0,0
train,1567,2018-02-28 12:57:00+00:00,0.043903280049562454,1.0045595169067383,2.995892286300659,38.821144104003906,0,0,0
train,1568,2018-02-28 12:58:00+00:00,0.043728992342948914,1.00437331199646,2.998466968536377,38.85952377319336,0,0,0
train,1569,2018-02-28 12:59:00+00:00,0.04381546750664711,1.004553198814392,2.9969072341918945,38.836769104003906,0,0,0
train,1570,2018-03-01 01:00:00+00:00,0.04365600273013115,1.0049622058868408,2.999927282333374,38.88119125366211,0,0,0
train,1571,2018-03-01 01:30:00+00:00,0.043770793825387955,1.0043971538543701,2.9985039234161377,38.85836410522461,0,0,0
train,1572,2018-03-01 01:31:00+00:00,0.04383431002497673,1.0038763284683228,2.997542381286621,38.84600830078125,0,0,0
train,1573,2018-03-01 01:32:00+00:00,0.043665964156389236,1.0046688318252563,2.999847173690796,38.87955093383789,0,0,0
train,1574,2018-03-01 01:33:00+00:00,0.04360879957675934,1.005298376083374,3.0013465881347656,38.90201187133789,0,0,0
train,1575,2018-03-01 01:34:00+00:00,0.04344850033521652,1.0051772594451904,3.0037057399749756,38.938697814941406,0,0,0
train,1576,2018-03-01 01:35:00+00:00,0.04368443414568901,1.0044546127319336,2.999948263168335,38.88230514526367,0,0,0
train,1577,2018-03-01 01:36:00+00:00,0.043795619159936905,1.0044655799865723,2.9978084564208984,38.84830856323242,0,0,0
train,1578,2018-03-01 01:37:00+00:00,0.04371856898069382,1.0044960975646973,2.999032735824585,38.86634063720703,0,0,0
train,1579,2018-03-01 01:38:00+00:00,0.04387253522872925,1.0036541223526,2.9957435131073,38.81902313232422,0,0,0
train,1580,2018-03-01 01:39:00+00:00,0.043982602655887604,1.0034656524658203,2.9939968585968018,38.79319763183594,0,0,0
train,1581,2018-03-01 01:40:00+00:00,0.04369638115167618,1.0042409896850586,2.998924732208252,38.867713928222656,0,0,0
train,1582,2018-03-01 01:41:00+00:00,0.043728869408369064,1.0042622089385986,2.998411178588867,38.858184814453125,0,0,0
train,1583,2018-03-01 01:42:00+00:00,0.04362066462635994,1.0043537616729736,2.999910354614258,38.88261032104492,0,0,0
train,1584,2018-03-01 01:43:00+00:00,0.043993279337882996,1.0029826164245605,2.9937353134155273,38.78931427001953,0,0,0
train,1585,2018-03-01 01:44:00+00:00,0.043846145272254944,1.0041029453277588,2.996676206588745,38.832584381103516,0,0,0
train,1586,2018-03-01 01:45:00+00:00,0.043945807963609695,1.003711462020874,2.9943788051605225,38.79850769042969,0,0,0
train,1587,2018-03-01 01:46:00+00:00,0.04381559044122696,1.003990650177002,2.996368885040283,38.82939529418945,0,0,0
train,1588,2018-03-01 01:47:00+00:00,0.0436895415186882,1.004486083984375,2.9988925457000732,38.86695861816406,0,0,0
train,1589,2018-03-01 01:48:00+00:00,0.043677207082509995,1.0046210289001465,2.9991514682769775,38.86979675292969,0,0,0
train,1590,2018-03-01 01:49:00+00:00,0.04359788820147514,1.0048019886016846,3.0010101795196533,38.89744186401367,0,0,0
train,1591,2018-03-01 01:50:00+00:00,0.04388691484928131,1.0041872262954712,2.9964354038238525,38.829124450683594,0,0,0
train,1592,2018-03-01 01:51:00+00:00,0.04374859854578972,1.0046353340148926,2.998157501220703,38.85489273071289,0,0,0
train,1593,2018-03-01 01:52:00+00:00,0.04391297698020935,1.0035052299499512,2.9961559772491455,38.824119567871094,0,0,0
train,1594,2018-03-01 01:53:00+00:00,0.04370906949043274,1.0043866634368896,2.9993536472320557,38.87260437011719,0,0,0
train,1595,2018-03-01 01:54:00+00:00,0.043733056634664536,1.0044704675674438,2.9988648891448975,38.864418029785156,0,0,0
train,1596,2018-03-01 01:55:00+00:00,0.0437723733484745,1.0042662620544434,2.998532772064209,38.85944366455078,0,0,0
train,1597,2018-03-01 01:56:00+00:00,0.04381372779607773,1.0041868686676025,2.9973981380462646,38.84258270263672,0,0,0
train,1598,2018-03-01 01:57:00+00:00,0.043645069003105164,1.0047101974487305,3.0002846717834473,38.88595199584961,0,0,0
train,1599,2018-03-01 01:58:00+00:00,0.04409174993634224,1.003272533416748,2.993323802947998,38.782814025878906,0,0,0
train,1600,2018-03-01 01:59:00+00:00,0.04395809397101402,1.003692626953125,2.99453067779541,38.80002212524414,0,0,0
train,1601,2018-03-01 02:00:00+00:00,0.04377223178744316,1.004399299621582,2.9983396530151367,38.856964111328125,0,0,0
train,1602,2018-03-01 02:01:00+00:00,0.04445520043373108,1.0027186870574951,2.9869847297668457,38.692237854003906,0,0,0
train,1603,2018-03-01 02:02:00+00:00,0.044125840067863464,1.0033090114593506,2.991903781890869,38.76203155517578,0,0,0
train,1604,2018-03-01 02:03:00+00:00,0.0440320260822773,1.0040562152862549,2.9941916465759277,38.79367446899414,0,0,0
train,1605,2018-03-01 02:04:00+00:00,0.04394318908452988,1.0038597583770752,2.995457649230957,38.81422424316406,0,0,0
train,1606,2018-03-01 02:05:00+00:00,0.04383693262934685,1.0044883489608765,2.9969213008880615,38.83577346801758,0,0,0
train,1607,2018-03-01 02:06:00+00:00,0.04379844665527344,1.0044207572937012,2.997896909713745,38.84968948364258,0,0,0
train,1608,2018-03-01 02:07:00+00:00,0.04353509098291397,1.0054035186767578,3.0021352767944336,38.91405487060547,0,0,0
train,1609,2018-03-01 02:08:00+00:00,0.04380553960800171,1.0042753219604492,2.9971654415130615,38.84000015258789,0,0,0
train,1610,2018-03-01 02:09:00+00:00,0.04373799264431,1.0044960975646973,2.9982550144195557,38.85663986206055,0,0,0
train,1611,2018-03-01 02:10:00+00:00,0.04375319182872772,1.0043717622756958,2.9987945556640625,38.863277435302734,0,0,0
train,1612,2018-03-01 02:11:00+00:00,0.04393138736486435,1.0037143230438232,2.9956068992614746,38.818031311035156,0,0,0
train,1613,2018-03-01 02:12:00+00:00,0.04393459111452103,1.003709077835083,2.99516224861145,38.810420989990234,0,0,0
train,1614,2018-03-01 02:13:00+00:00,0.043784644454717636,1.0044445991516113,2.9977869987487793,38.8490104675293,0,0,0
train,1615,2018-03-01 02:14:00+00:00,0.04357901215553284,1.004786729812622,3.0012338161468506,38.901588439941406,0,0,0
train,1616,2018-03-01 02:15:00+00:00,0.043821416795253754,1.0035958290100098,2.9958925247192383,38.82278060913086,0,0,0
train,1617,2018-03-01 02:16:00+00:00,0.04376285895705223,1.0039125680923462,2.996371030807495,38.82935333251953,0,0,0
train,1618,2018-03-01 02:17:00+00:00,0.04387436807155609,1.0036118030548096,2.9950711727142334,38.8095588684082,0,0,0
train,1619,2018-03-01 02:18:00+00:00,0.0438196137547493,1.0030920505523682,2.9961442947387695,38.82537078857422,0,0,0
train,1620,2018-03-01 02:19:00+00:00,0.04370417818427086,1.0037751197814941,2.999347448348999,38.874698638916016,0,0,0
train,1621,2018-03-01 02:20:00+00:00,0.04361412674188614,1.004791259765625,3.000612497329712,38.89036178588867,0,0,0
train,1622,2018-03-01 02:21:00+00:00,0.04357608035206795,1.0051519870758057,3.00114369392395,38.89875411987305,0,0,0
train,1623,2018-03-01 02:22:00+00:00,0.04378900304436684,1.0040661096572876,2.9975454807281494,38.8456916809082,0,0,0
train,1624,2018-03-01 02:23:00+00:00,0.04367793723940849,1.0045057535171509,2.9989519119262695,38.86577606201172,0,0,0
train,1625,2018-03-01 02:24:00+00:00,0.04368240013718605,1.0043232440948486,2.999004602432251,38.86885070800781,0,0,0
train,1626,2018-03-01 02:25:00+00:00,0.04352884739637375,1.0049675703048706,3.0017600059509277,38.9090461730957,0,0,0
train,1627,2018-03-01 02:26:00+00:00,0.0436270534992218,1.0044434070587158,2.9993529319763184,38.87450408935547,0,0,0
train,1628,2018-03-01 02:27:00+00:00,0.04353736340999603,1.0051088333129883,3.0015649795532227,38.906429290771484,0,0,0
train,1629,2018-03-01 02:28:00+00:00,0.043847646564245224,1.0035226345062256,2.9959585666656494,38.825565338134766,0,0,0
train,1630,2018-03-01 02:29:00+00:00,0.04386424273252487,1.003191590309143,2.99538516998291,38.81466293334961,0,0,0
train,1631,2018-03-01 02:30:00+00:00,0.044086795300245285,1.00258469581604,2.992750883102417,38.775814056396484,0,0,0
train,1632,2018-03-01 02:31:00+00:00,0.044477082788944244,1.0018000602722168,2.9841067790985107,38.65293884277344,0,0,0
train,1633,2018-03-01 02:32:00+00:00,0.04444444552063942,1.0007212162017822,2.9851129055023193,38.660945892333984,0,0,0
train,1634,2018-03-01 02:33:00+00:00,0.04415823891758919,1.0025594234466553,2.990334987640381,38.74077224731445,0,0,0
train,1635,2018-03-01 02:34:00+00:00,0.0441637858748436,1.0024268627166748,2.990081548690796,38.7347297668457,0,0,0
train,1636,2018-03-01 02:35:00+00:00,0.043970782309770584,1.003201961517334,2.9936325550079346,38.78774642944336,0,0,0
train,1637,2018-03-01 02:36:00+00:00,0.04385768994688988,1.0037527084350586,2.9958159923553467,38.81993103027344,0,0,0
train,1638,2018-03-01 02:37:00+00:00,0.04414127767086029,1.0030517578125,2.9904448986053467,38.738609313964844,0,0,0
train,1639,2018-03-01 02:38:00+00:00,0.04461517184972763,1.001940369606018,2.9808292388916016,38.60023498535156,0,0,0
train,1640,2018-03-01 02:39:00+00:00,0.04419007524847984,1.0029563903808594,2.989300489425659,38.72389221191406,0,0,0
train,1641,2018-03-01 02:40:00+00:00,0.04382205754518509,1.0039784908294678,2.995774984359741,38.81934356689453,0,0,0
train,1642,2018-03-01 02:41:00+00:00,0.04452446475625038,1.0019038915634155,2.9820756912231445,38.61915969848633,0,0,0
train,1643,2018-03-01 02:42:00+00:00,0.04431139677762985,1.002558708190918,2.986407518386841,38.682334899902344,0,0,0
train,1644,2018-03-01 02:43:00+00:00,0.04475940018892288,1.0010733604431152,2.9770867824554443,38.547584533691406,0,0,0
train,1645,2018-03-01 02:44:00+00:00,0.04452882707118988,1.001355767250061,2.982588768005371,38.62678146362305,0,0,0
train,1646,2018-03-01 02:45:00+00:00,0.04437190666794777,1.001840591430664,2.9860310554504395,38.67572021484375,0,0,0
train,1647,2018-03-01 02:46:00+00:00,0.044038474559783936,1.003345251083374,2.9918532371520996,38.7625732421875,0,0,0
train,1648,2018-03-01 02:47:00+00:00,0.04403623938560486,1.003310203552246,2.9930756092071533,38.78020095825195,0,0,0
train,1649,2018-03-01 02:48:00+00:00,0.04400932416319847,1.0033389329910278,2.9931533336639404,38.779998779296875,0,0,0
train,1650,2018-03-01 02:49:00+00:00,0.04396720975637436,1.003507137298584,2.9939329624176025,38.790531158447266,0,0,0
train,1651,2018-03-01 02:50:00+00:00,0.043997589498758316,1.0034558773040771,2.993460178375244,38.783390045166016,0,0,0
train,1652,2018-03-01 02:51:00+00:00,0.043773625046014786,1.0042972564697266,2.997659206390381,38.84632873535156,0,0,0
train,1653,2018-03-01 02:52:00+00:00,0.04381094127893448,1.0043507814407349,2.9971299171447754,38.83821105957031,0,0,0
train,1654,2018-03-01 02:53:00+00:00,0.043821703642606735,1.0044469833374023,2.9977333545684814,38.847938537597656,0,0,0
train,1655,2018-03-01 02:54:00+00:00,0.04408389329910278,1.0036351680755615,2.99303936958313,38.777000427246094,0,0,0
train,1656,2018-03-01 02:55:00+00:00,0.043893810361623764,1.0040615797042847,2.995976448059082,38.82242202758789,0,0,0
train,1657,2018-03-01 02:56:00+00:00,0.04383942112326622,1.004305362701416,2.9968504905700684,38.83306121826172,0,0,0
train,1658,2018-03-01 02:57:00+00:00,0.04362177103757858,1.005096197128296,3.000410795211792,38.888282775878906,0,0,0
train,1659,2018-03-01 02:58:00+00:00,0.04371689632534981,1.0047552585601807,2.9990365505218506,38.86579895019531,0,0,0
train,1660,2018-03-01 02:59:00+00:00,0.04379890114068985,1.0043754577636719,2.9974942207336426,38.84298324584961,0,0,0
train,1661,2018-03-01 03:00:00+00:00,0.04377017170190811,1.004241943359375,2.9981908798217773,38.85430145263672,0,0,0
train,1662,2018-03-01 03:01:00+00:00,0.043767206370830536,1.0043716430664062,2.9983396530151367,38.856056213378906,0,0,0
train,1663,2018-03-01 03:02:00+00:00,0.04374232888221741,1.0044662952423096,2.9984641075134277,38.85826110839844,0,0,0
train,1664,2018-03-01 03:03:00+00:00,0.043672408908605576,1.0046608448028564,2.999690532684326,38.876914978027344,0,0,0
train,1665,2018-03-01 03:04:00+00:00,0.04377018287777901,1.0041210651397705,2.9975249767303467,38.84498596191406,0,0,0
train,1666,2018-03-01 03:05:00+00:00,0.04365755617618561,1.0047260522842407,2.9995994567871094,38.87657165527344,0,0,0
train,1667,2018-03-01 03:06:00+00:00,0.04366152361035347,1.0046759843826294,2.9992783069610596,38.8714714050293,0,0,0
train,1668,2018-03-01 03:07:00+00:00,0.0437183678150177,1.0045578479766846,2.9986908435821533,38.86254119873047,0,0,0
train,1669,2018-03-01 03:08:00+00:00,0.0438835546374321,1.0041389465332031,2.995903491973877,38.81938171386719,0,0,0
train,1670,2018-03-01 03:09:00+00:00,0.04375402629375458,1.0042965412139893,2.9977920055389404,38.8484992980957,0,0,0
train,1671,2018-03-01 03:10:00+00:00,0.04375302046537399,1.0045430660247803,2.9981117248535156,38.85308837890625,0,0,0
train,1672,2018-03-01 03:11:00+00:00,0.04368743672966957,1.0045676231384277,2.9991514682769775,38.86912155151367,0,0,0
train,1673,2018-03-01 03:12:00+00:00,0.0437188483774662,1.0045570135116577,2.9991233348846436,38.86953353881836,0,0,0
train,1674,2018-03-01 03:13:00+00:00,0.04394035413861275,1.0036957263946533,2.9953346252441406,38.812530517578125,0,0,0
train,1675,2018-03-01 03:14:00+00:00,0.044011712074279785,1.0034470558166504,2.993666887283325,38.786930084228516,0,0,0
train,1676,2018-03-01 03:15:00+00:00,0.04387859255075455,1.0041344165802002,2.995997905731201,38.82047653198242,0,0,0
train,1677,2018-03-01 03:16:00+00:00,0.04363235458731651,1.004411220550537,3.000155210494995,38.88412857055664,0,0,0
train,1678,2018-03-01 03:17:00+00:00,0.04377918317914009,1.0040605068206787,2.998060703277588,38.85307312011719,0,0,0
train,1679,2018-03-01 03:18:00+00:00,0.043666988611221313,1.0043904781341553,2.9996628761291504,38.87730407714844,0,0,0
train,1680,2018-03-01 03:19:00+00:00,0.043642379343509674,1.0043456554412842,2.9995577335357666,38.87699508666992,0,0,0
train,1681,2018-03-01 03:20:00+00:00,0.0436028316617012,1.0047498941421509,3.001116991043091,38.89897918701172,0,0,0
train,1682,2018-03-01 03:21:00+00:00,0.04359755292534828,1.004493236541748,3.001159429550171,38.89883041381836,0,0,0
train,1683,2018-03-01 03:22:00+00:00,0.04367278516292572,1.003940463066101,3.000093698501587,38.88525390625,0,0,0
train,1684,2018-03-01 03:23:00+00:00,0.043710652738809586,1.0034995079040527,2.9990150928497314,38.86912536621094,0,0,0
train,1685,2018-03-01 03:24:00+00:00,0.04356927424669266,1.0041389465332031,3.0015549659729004,38.908084869384766,0,0,0
train,1686,2018-03-01 03:25:00+00:00,0.04362756013870239,1.0043065547943115,3.0001511573791504,38.885231018066406,0,0,0
validation,0,2018-03-01 08:46:00+00:00,0.043815869837999344,1.004232406616211,2.9973044395446777,38.8416862487793,0,0,0
validation,1,2018-03-01 08:47:00+00:00,0.043796785175800323,1.0043106079101562,2.9982619285583496,38.85580825805664,0,0,0
validation,2,2018-03-01 08:48:00+00:00,0.043733369559049606,1.0040395259857178,2.9992637634277344,38.87138748168945,0,0,0
validation,3,2018-03-01 08:49:00+00:00,0.043858882039785385,1.0036439895629883,2.996690273284912,38.83259201049805,0,0,0
validation,4,2018-03-01 08:50:00+00:00,0.04371698200702667,1.0040966272354126,2.999063730239868,38.86920928955078,0,0,0
validation,5,2018-03-01 08:51:00+00:00,0.04395429790019989,1.00320565700531,2.995206117630005,38.81169891357422,0,0,0
validation,6,2018-03-01 08:52:00+00:00,0.04389999434351921,1.0032508373260498,2.99636173248291,38.829200744628906,0,0,0
validation,7,2018-03-01 08:53:00+00:00,0.043839238584041595,1.0035793781280518,2.997331380844116,38.84406661987305,0,0,0
validation,8,2018-03-01 08:54:00+00:00,0.043839044868946075,1.0037673711776733,2.997328519821167,38.84284591674805,0,0,0
validation,9,2018-03-01 08:55:00+00:00,0.04389059543609619,1.0035390853881836,2.9967286586761475,38.834686279296875,0,0,0
validation,10,2018-03-01 08:56:00+00:00,0.04369967803359032,1.0043752193450928,3.0004725456237793,38.88934326171875,0,0,0
validation,11,2018-03-01 08:57:00+00:00,0.04373348131775856,1.0043442249298096,2.9997384548187256,38.87901306152344,0,0,0
validation,12,2018-03-01 08:58:00+00:00,0.04415469244122505,1.002679705619812,2.9922921657562256,38.76606750488281,0,0,0
validation,13,2018-03-01 08:59:00+00:00,0.043981537222862244,1.0031542778015137,2.995173215866089,38.811038970947266,0,0,0
validation,14,2018-03-01 09:00:00+00:00,0.04386818781495094,1.0038293600082397,2.9972269535064697,38.84033203125,0,0,0
validation,15,2018-03-01 09:01:00+00:00,0.04381163418292999,1.0038937330245972,2.9984142780303955,38.85917282104492,0,0,0
validation,16,2018-03-01 09:02:00+00:00,0.04379042983055115,1.0038518905639648,2.998598337173462,38.86172866821289,0,0,0
validation,17,2018-03-01 09:03:00+00:00,0.04383375868201256,1.0038776397705078,2.9977478981018066,38.84838104248047,0,0,0
validation,18,2018-03-01 09:04:00+00:00,0.043756045401096344,1.0040380954742432,2.9991295337677,38.86931610107422,0,0,0
validation,19,2018-03-01 09:05:00+00:00,0.043599143624305725,1.0044946670532227,3.001967191696167,38.91212844848633,0,0,0
validation,20,2018-03-01 09:06:00+00:00,0.04361851140856743,1.004603385925293,3.0018794536590576,38.909976959228516,0,0,0
validation,21,2018-03-01 09:07:00+00:00,0.043639034032821655,1.004934310913086,3.002192258834839,38.914005279541016,0,0,0
validation,22,2018-03-01 09:08:00+00:00,0.04368032515048981,1.0044479370117188,3.0007309913635254,38.89219665527344,0,0,0
validation,23,2018-03-01 09:09:00+00:00,0.043804705142974854,1.0038952827453613,2.9982047080993652,38.85514450073242,0,0,0
validation,24,2018-03-01 09:10:00+00:00,0.04372236505150795,1.004075288772583,2.999474048614502,38.87456512451172,0,0,0
validation,25,2018-03-01 09:11:00+00:00,0.043614715337753296,1.0042312145233154,3.001352310180664,38.90306091308594,0,0,0
validation,26,2018-03-01 09:12:00+00:00,0.04367336258292198,1.0042712688446045,3.000736951828003,38.89337158203125,0,0,0
validation,27,2018-03-01 09:13:00+00:00,0.043657101690769196,1.0044262409210205,3.0009450912475586,38.89665985107422,0,0,0
validation,28,2018-03-01 09:14:00+00:00,0.0439763143658638,1.0030765533447266,2.9957969188690186,38.81960678100586,0,0,0
validation,29,2018-03-01 09:15:00+00:00,0.04381295293569565,1.0038106441497803,2.997612714767456,38.846153259277344,0,0,0
validation,30,2018-03-01 09:16:00+00:00,0.04392503201961517,1.0034626722335815,2.995706558227539,38.81816482543945,0,0,0
validation,31,2018-03-01 09:17:00+00:00,0.04382708668708801,1.003584861755371,2.9970333576202393,38.83841323852539,0,0,0
validation,32,2018-03-01 09:18:00+00:00,0.043639909476041794,1.0045201778411865,3.0002806186676025,38.88601303100586,0,0,0
validation,33,2018-03-01 09:19:00+00:00,0.04367055743932724,1.004242181777954,2.9996535778045654,38.879459381103516,0,0,0
validation,34,2018-03-01 09:20:00+00:00,0.043702300637960434,1.0043489933013916,2.9993736743927,38.87480163574219,0,0,0
validation,35,2018-03-01 09:21:00+00:00,0.04369034245610237,1.0042779445648193,2.9999849796295166,38.884117126464844,0,0,0
validation,36,2018-03-01 09:22:00+00:00,0.04364713653922081,1.0050156116485596,3.0009939670562744,38.89735794067383,0,0,0
validation,37,2018-03-01 09:23:00+00:00,0.04368068277835846,1.0045748949050903,3.000472068786621,38.890071868896484,0,0,0
validation,38,2018-03-01 09:24:00+00:00,0.043749019503593445,1.0043916702270508,2.9990782737731934,38.86808395385742,0,0,0
validation,39,2018-03-01 09:25:00+00:00,0.04358794912695885,1.0049110651016235,3.0019068717956543,38.9118766784668,0,0,0
validation,40,2018-03-01 09:26:00+00:00,0.04360266774892807,1.0045826435089111,3.0016303062438965,38.906410217285156,0,0,0
validation,41,2018-03-01 09:27:00+00:00,0.04349559545516968,1.0049571990966797,3.0033323764801025,38.93205642700195,0,0,0
validation,42,2018-03-01 09:28:00+00:00,0.043697044253349304,1.0041351318359375,2.999812364578247,38.87962341308594,0,0,0
validation,43,2018-03-01 09:29:00+00:00,0.04357732832431793,1.0049808025360107,3.0016376972198486,38.90567398071289,0,0,0
validation,44,2018-03-01 09:30:00+00:00,0.043499335646629333,1.0048422813415527,3.0032589435577393,38.93179702758789,0,0,0
validation,45,2018-03-01 09:31:00+00:00,0.04365972429513931,1.0045411586761475,3.000237226486206,38.88600158691406,0,0,0
validation,46,2018-03-01 09:32:00+00:00,0.04360220953822136,1.004626750946045,3.001059055328369,38.8991584777832,0,0,0
validation,47,2018-03-01 09:33:00+00:00,0.043685685843229294,1.004593849182129,3.000096321105957,38.88392639160156,0,0,0
validation,48,2018-03-01 09:34:00+00:00,0.043686091899871826,1.0042697191238403,2.9999494552612305,38.88246536254883,0,0,0
validation,49,2018-03-01 09:35:00+00:00,0.0435405969619751,1.0050128698349,3.0026557445526123,38.921749114990234,0,0,0
validation,50,2018-03-01 09:36:00+00:00,0.04359080269932747,1.0046439170837402,3.00174617767334,38.908138275146484,0,0,0
validation,51,2018-03-01 09:37:00+00:00,0.04380666837096214,1.0040680170059204,2.998143434524536,38.85444259643555,0,0,0
validation,52,2018-03-01 09:38:00+00:00,0.04387400671839714,1.0035278797149658,2.996493339538574,38.830684661865234,0,0,0
validation,53,2018-03-01 09:39:00+00:00,0.043751973658800125,1.0039472579956055,2.9985904693603516,38.861244201660156,0,0,0
validation,54,2018-03-01 09:40:00+00:00,0.04372817650437355,1.0041134357452393,2.999238967895508,38.87133026123047,0,0,0
validation,55,2018-03-01 09:41:00+00:00,0.04381994903087616,1.0037142038345337,2.9975411891937256,38.847198486328125,0,0,0
validation,56,2018-03-01 09:42:00+00:00,0.04406692087650299,1.0028529167175293,2.9937524795532227,38.78934860229492,0,0,0
validation,57,2018-03-01 09:43:00+00:00,0.04409066215157509,1.0029581785202026,2.9932236671447754,38.78066635131836,0,0,0
validation,58,2018-03-01 09:44:00+00:00,0.04417623579502106,1.002238392829895,2.9906623363494873,38.74075698852539,0,0,0
validation,59,2018-03-01 09:45:00+00:00,0.044167809188365936,1.0020869970321655,2.991037130355835,38.74872589111328,0,0,0
validation,60,2018-03-01 09:46:00+00:00,0.044085707515478134,1.002724289894104,2.9927361011505127,38.77440643310547,0,0,0
validation,61,2018-03-01 09:47:00+00:00,0.044041793793439865,1.0028080940246582,2.993391275405884,38.78554153442383,0,0,0
validation,62,2018-03-01 09:48:00+00:00,0.044181954115629196,1.0022674798965454,2.9912993907928467,38.754825592041016,0,0,0
validation,63,2018-03-01 09:49:00+00:00,0.04410793259739876,1.0028024911880493,2.992859125137329,38.778053283691406,0,0,0
validation,64,2018-03-01 09:50:00+00:00,0.04413021355867386,1.0019714832305908,2.989748239517212,38.73240661621094,0,0,0
validation,65,2018-03-01 09:51:00+00:00,0.04409286752343178,1.0030829906463623,2.9919111728668213,38.76478958129883,0,0,0
validation,66,2018-03-01 09:52:00+00:00,0.04420372471213341,1.001586675643921,2.988154888153076,38.710567474365234,0,0,0
validation,67,2018-03-01 09:53:00+00:00,0.04406209662556648,1.0028777122497559,2.9925801753997803,38.776763916015625,0,0,0
validation,68,2018-03-01 09:54:00+00:00,0.044043414294719696,1.0026557445526123,2.991328477859497,38.758705139160156,0,0,0
validation,69,2018-03-01 09:55:00+00:00,0.044002700597047806,1.0031073093414307,2.993399143218994,38.78667449951172,0,0,0
validation,70,2018-03-01 09:56:00+00:00,0.04382133483886719,1.0038596391677856,2.9971749782562256,38.84469223022461,0,0,0
validation,71,2018-03-01 09:57:00+00:00,0.04387294501066208,1.0037245750427246,2.9964101314544678,38.83083724975586,0,0,0
validation,72,2018-03-01 09:58:00+00:00,0.04379802569746971,1.0037784576416016,2.9963035583496094,38.83051300048828,0,0,0
validation,73,2018-03-01 09:59:00+00:00,0.04433280974626541,1.0017883777618408,2.9875271320343018,38.69889450073242,0,0,0
validation,74,2018-03-01 10:00:00+00:00,0.04412176460027695,1.0026609897613525,2.991823196411133,38.7625732421875,0,0,0
validation,75,2018-03-01 10:01:00+00:00,0.04403772950172424,1.003316879272461,2.993905544281006,38.793521881103516,0,0,0
validation,76,2018-03-01 10:02:00+00:00,0.04392639920115471,1.0036091804504395,2.9957597255706787,38.820213317871094,0,0,0
validation,77,2018-03-01 10:03:00+00:00,0.043961748480796814,1.0031521320343018,2.9949517250061035,38.80911636352539,0,0,0
validation,78,2018-03-01 10:04:00+00:00,0.04425300285220146,1.0022292137145996,2.9882330894470215,38.710205078125,0,0,0
validation,79,2018-03-01 10:05:00+00:00,0.04426303505897522,1.001873254776001,2.9891419410705566,38.72233581542969,0,0,0
validation,80,2018-03-01 10:06:00+00:00,0.04404851794242859,1.0031026601791382,2.9943342208862305,38.799312591552734,0,0,0
validation,81,2018-03-01 10:07:00+00:00,0.04380444809794426,1.003745198249817,2.9984211921691895,38.85865020751953,0,0,0
validation,82,2018-03-01 10:08:00+00:00,0.04383396357297897,1.0037665367126465,2.9970383644104004,38.8370361328125,0,0,0
validation,83,2018-03-01 10:09:00+00:00,0.04370349273085594,1.0039353370666504,2.9996225833892822,38.87653732299805,0,0,0
validation,84,2018-03-01 10:10:00+00:00,0.0441187247633934,1.0025725364685059,2.9908194541931152,38.74749755859375,0,0,0
validation,85,2018-03-01 10:11:00+00:00,0.043821223080158234,1.0036382675170898,2.9972026348114014,38.842140197753906,0,0,0
validation,86,2018-03-01 10:12:00+00:00,0.04353479668498039,1.004769206047058,3.0019612312316895,38.912811279296875,0,0,0
validation,87,2018-03-01 10:13:00+00:00,0.043526358902454376,1.0049375295639038,3.0020010471343994,38.91346740722656,0,0,0
validation,88,2018-03-01 10:14:00+00:00,0.04354295879602432,1.0044934749603271,3.0020484924316406,38.914222717285156,0,0,0
validation,89,2018-03-01 10:15:00+00:00,0.04433336853981018,1.001482605934143,2.987196683883667,38.69696044921875,0,0,0
validation,90,2018-03-01 10:16:00+00:00,0.04407703876495361,1.0032579898834229,2.9916460514068604,38.76118850708008,0,0,0
validation,91,2018-03-01 10:17:00+00:00,0.04370956867933273,1.0042479038238525,2.9988059997558594,38.86737060546875,0,0,0
validation,92,2018-03-01 10:18:00+00:00,0.04358131065964699,1.0045013427734375,3.001121997833252,38.900028228759766,0,0,0
validation,93,2018-03-01 10:19:00+00:00,0.0436130091547966,1.0043373107910156,3.0003762245178223,38.88764190673828,0,0,0
validation,94,2018-03-01 10:20:00+00:00,0.043464988470077515,1.0047602653503418,3.003081798553467,38.92921829223633,0,0,0
validation,95,2018-03-01 10:21:00+00:00,0.043522171676158905,1.0045387744903564,3.001783847808838,38.90803527832031,0,0,0
validation,96,2018-03-01 10:22:00+00:00,0.04332193732261658,1.0053553581237793,3.0054726600646973,38.963069915771484,0,0,0
validation,97,2018-03-01 10:23:00+00:00,0.04407321289181709,1.003401517868042,2.9905576705932617,38.74484634399414,0,0,0
validation,98,2018-03-01 10:24:00+00:00,0.04371287301182747,1.0043549537658691,2.9977452754974365,38.85037612915039,0,0,0
validation,99,2018-03-01 10:25:00+00:00,0.04433874040842056,1.0026144981384277,2.985172748565674,38.66746139526367,0,0,0
validation,100,2018-03-01 10:26:00+00:00,0.04421199485659599,1.0028324127197266,2.9888856410980225,38.719295501708984,0,0,0
validation,101,2018-03-01 10:27:00+00:00,0.04394819959998131,1.0035368204116821,2.9938817024230957,38.79170227050781,0,0,0
validation,102,2018-03-01 10:28:00+00:00,0.04460463672876358,1.001603126525879,2.980252265930176,38.59463882446289,0,0,0
validation,103,2018-03-01 10:29:00+00:00,0.044212706387043,1.00258469581604,2.989225149154663,38.724273681640625,0,0,0
validation,104,2018-03-01 10:30:00+00:00,0.043951794505119324,1.0033077001571655,2.9936294555664062,38.789703369140625,0,0,0
validation,105,2018-03-01 10:31:00+00:00,0.04380226880311966,1.0034608840942383,2.996389627456665,38.82927703857422,0,0,0
validation,106,2018-03-01 10:32:00+00:00,0.04383756220340729,1.0039963722229004,2.9962778091430664,38.82645797729492,0,0,0
validation,107,2018-03-01 10:33:00+00:00,0.043900296092033386,1.0033345222473145,2.994046926498413,38.79507827758789,0,0,0
validation,108,2018-03-01 10:34:00+00:00,0.04382054880261421,1.003889799118042,2.997692584991455,38.848140716552734,0,0,0
validation,109,2018-03-01 10:35:00+00:00,0.0439000204205513,1.0027925968170166,2.994147777557373,38.796180725097656,0,0,0
validation,110,2018-03-01 10:36:00+00:00,0.043779708445072174,1.0040744543075562,2.9978177547454834,38.849727630615234,0,0,0
validation,111,2018-03-01 10:37:00+00:00,0.043637413531541824,1.0042309761047363,2.998873710632324,38.86711883544922,0,0,0
validation,112,2018-03-01 10:38:00+00:00,0.043360743671655655,1.0054945945739746,3.0040364265441895,38.9442253112793,0,0,0
validation,113,2018-03-01 10:39:00+00:00,0.04338549077510834,1.0053362846374512,3.0043647289276123,38.94874572753906,0,0,0
validation,114,2018-03-01 10:40:00+00:00,0.043281201273202896,1.0055949687957764,3.006211042404175,38.976463317871094,0,0,0
validation,115,2018-03-01 10:41:00+00:00,0.04419775679707527,1.0031636953353882,2.988576889038086,38.71826171875,0,0,0
validation,116,2018-03-01 10:42:00+00:00,0.043897416442632675,1.0039193630218506,2.9944207668304443,38.802371978759766,0,0,0
validation,117,2018-03-01 10:43:00+00:00,0.043517664074897766,1.0046671628952026,3.001253843307495,38.90235900878906,0,0,0
validation,118,2018-03-01 10:44:00+00:00,0.04341823607683182,1.0054113864898682,3.0030410289764404,38.92787551879883,0,0,0
validation,119,2018-03-01 10:45:00+00:00,0.0434531532227993,1.0048675537109375,3.002413749694824,38.91874313354492,0,0,0
validation,120,2018-03-01 10:46:00+00:00,0.043583113700151443,1.004440426826477,3.000566244125366,38.89030456542969,0,0,0
validation,121,2018-03-01 10:47:00+00:00,0.04347382113337517,1.0048530101776123,3.0026416778564453,38.922054290771484,0,0,0
validation,122,2018-03-01 10:48:00+00:00,0.04416273906826973,1.0033602714538574,2.989212989807129,38.726165771484375,0,0,0
validation,123,2018-03-01 10:49:00+00:00,0.04379355162382126,1.0039032697677612,2.9964749813079834,38.83253860473633,0,0,0
validation,124,2018-03-01 10:50:00+00:00,0.04433354362845421,1.0027292966842651,2.985563278198242,38.672481536865234,0,0,0
validation,125,2018-03-01 10:51:00+00:00,0.04396097734570503,1.003325343132019,2.9934277534484863,38.78770446777344,0,0,0
validation,126,2018-03-01 10:52:00+00:00,0.044522352516651154,1.0022203922271729,2.982123374938965,38.6212043762207,0,0,0
validation,127,2018-03-01 10:53:00+00:00,0.0447133332490921,1.0015127658843994,2.9778871536254883,38.559326171875,0,0,0
validation,128,2018-03-01 10:54:00+00:00,0.044321414083242416,1.002687692642212,2.9868385791778564,38.68993377685547,0,0,0
validation,129,2018-03-01 10:55:00+00:00,0.04417143762111664,1.0028979778289795,2.9890871047973633,38.7214469909668,0,0,0
validation,130,2018-03-01 10:56:00+00:00,0.04409533366560936,1.0031938552856445,2.991258382797241,38.75248718261719,0,0,0
validation,131,2018-03-01 10:57:00+00:00,0.04384549334645271,1.0037901401519775,2.9961659908294678,38.82596206665039,0,0,0
validation,132,2018-03-01 10:58:00+00:00,0.04388592392206192,1.0037636756896973,2.995729923248291,38.82044982910156,0,0,0
validation,133,2018-03-01 10:59:00+00:00,0.04398642107844353,1.0034403800964355,2.993976354598999,38.793540954589844,0,0,0
validation,134,2018-03-01 11:00:00+00:00,0.04391082003712654,1.0042510032653809,2.995382070541382,38.81290054321289,0,0,0
validation,135,2018-03-01 11:01:00+00:00,0.0436733216047287,1.0046350955963135,3.000004768371582,38.88288116455078,0,0,0
validation,136,2018-03-01 11:02:00+00:00,0.0438288114964962,1.0038039684295654,2.997065305709839,38.838966369628906,0,0,0
validation,137,2018-03-01 11:03:00+00:00,0.04379842430353165,1.004099726676941,2.997244358062744,38.84115982055664,0,0,0
validation,138,2018-03-01 11:04:00+00:00,0.04380759596824646,1.003860354423523,2.9975321292877197,38.84467315673828,0,0,0
validation,139,2018-03-01 11:05:00+00:00,0.04373428225517273,1.004290223121643,2.9989852905273438,38.86690139770508,0,0,0
validation,140,2018-03-01 11:06:00+00:00,0.043640151619911194,1.0046031475067139,3.0007011890411377,38.89289855957031,0,0,0
validation,141,2018-03-01 11:07:00+00:00,0.04372917488217354,1.004207968711853,2.998753547668457,38.863590240478516,0,0,0
validation,142,2018-03-01 11:08:00+00:00,0.0435069277882576,1.0052214860916138,3.0026307106018066,38.92197799682617,0,0,0
validation,143,2018-03-01 11:09:00+00:00,0.04357023909687996,1.0045125484466553,3.0008702278137207,38.8956298828125,0,0,0
validation,144,2018-03-01 11:10:00+00:00,0.0435623824596405,1.0045398473739624,3.0017642974853516,38.9080696105957,0,0,0
validation,145,2018-03-01 11:11:00+00:00,0.04386826604604721,1.0035003423690796,2.996335983276367,38.82566452026367,0,0,0
validation,146,2018-03-01 11:12:00+00:00,0.04371625930070877,1.0041961669921875,2.9993231296539307,38.87187576293945,0,0,0
validation,147,2018-03-01 11:13:00+00:00,0.044038303196430206,1.0027153491973877,2.9939756393432617,38.79222869873047,0,0,0
validation,148,2018-03-01 11:14:00+00:00,0.04365063086152077,1.004320740699768,3.0012598037719727,38.90220642089844,0,0,0
validation,149,2018-03-01 11:15:00+00:00,0.04372020065784454,1.004333734512329,3.0000388622283936,38.88276290893555,0,0,0
validation,150,2018-03-01 11:16:00+00:00,0.043973956257104874,1.0035064220428467,2.9953720569610596,38.812984466552734,0,0,0
validation,151,2018-03-01 11:17:00+00:00,0.043750423938035965,1.0043065547943115,2.999429225921631,38.87373352050781,0,0,0
validation,152,2018-03-01 11:18:00+00:00,0.043653704226017,1.004719853401184,3.001312017440796,38.90154266357422,0,0,0
validation,153,2018-03-01 11:19:00+00:00,0.043794021010398865,1.0041390657424927,2.9982850551605225,38.856597900390625,0,0,0
validation,154,2018-03-01 11:20:00+00:00,0.04381119832396507,1.0039705038070679,2.998145580291748,38.853580474853516,0,0,0
validation,155,2018-03-01 11:21:00+00:00,0.043843597173690796,1.0034152269363403,2.99694561958313,38.83790588378906,0,0,0
validation,156,2018-03-01 11:22:00+00:00,0.04361417517066002,1.0046379566192627,3.0015416145324707,38.90599822998047,0,0,0
validation,157,2018-03-01 11:23:00+00:00,0.04386177659034729,1.0030766725540161,2.9968369007110596,38.83679962158203,0,0,0
validation,158,2018-03-01 11:24:00+00:00,0.04367949068546295,1.0041003227233887,3.0001752376556396,38.88481140136719,0,0,0
validation,159,2018-03-01 11:25:00+00:00,0.04360327124595642,1.0041041374206543,3.002138614654541,38.91517639160156,0,0,0
validation,160,2018-03-01 11:26:00+00:00,0.04373607784509659,1.0038740634918213,2.999124526977539,38.870182037353516,0,0,0
validation,161,2018-03-01 11:27:00+00:00,0.043753378093242645,1.0040137767791748,2.9991462230682373,38.86913299560547,0,0,0
validation,162,2018-03-01 11:28:00+00:00,0.04378657788038254,1.0037702322006226,2.998051166534424,38.852630615234375,0,0,0
validation,163,2018-03-01 11:29:00+00:00,0.043825097382068634,1.003767967224121,2.9968433380126953,38.834999084472656,0,0,0
validation,164,2018-03-01 11:30:00+00:00,0.04383193328976631,1.003589391708374,2.996830463409424,38.83548355102539,0,0,0
validation,165,2018-03-01 11:31:00+00:00,0.04370708763599396,1.0042219161987305,2.998828649520874,38.86415481567383,0,0,0
validation,166,2018-03-01 11:32:00+00:00,0.043676137924194336,1.0042965412139893,3.000095844268799,38.88455581665039,0,0,0
validation,167,2018-03-01 11:33:00+00:00,0.043796639889478683,1.003911018371582,2.9980766773223877,38.85279083251953,0,0,0
validation,168,2018-03-01 11:34:00+00:00,0.04385886713862419,1.0037176609039307,2.9970180988311768,38.83739471435547,0,0,0
validation,169,2018-03-01 11:35:00+00:00,0.04388341307640076,1.0038673877716064,2.997030735015869,38.83564758300781,0,0,0
validation,170,2018-03-01 11:36:00+00:00,0.043928809463977814,1.0039314031600952,2.9961941242218018,38.82359313964844,0,0,0
validation,171,2018-03-01 11:37:00+00:00,0.04387882724404335,1.003605604171753,2.996617317199707,38.83175277709961,0,0,0
validation,172,2018-03-01 11:38:00+00:00,0.043846677988767624,1.0040510892868042,2.997418165206909,38.84190368652344,0,0,0
validation,173,2018-03-01 11:39:00+00:00,0.04387696459889412,1.0032669305801392,2.997408628463745,38.844154357910156,0,0,0
validation,174,2018-03-01 11:40:00+00:00,0.044286761432886124,1.002110242843628,2.989809513092041,38.73059844970703,0,0,0
validation,175,2018-03-01 11:41:00+00:00,0.044222161173820496,1.002436876296997,2.991196870803833,38.7518310546875,0,0,0
validation,176,2018-03-01 11:42:00+00:00,0.04399961978197098,1.0032057762145996,2.9950168132781982,38.8073844909668,0,0,0
validation,177,2018-03-01 11:43:00+00:00,0.044245198369026184,1.0023618936538696,2.9912686347961426,38.75325012207031,0,0,0
validation,178,2018-03-01 11:44:00+00:00,0.04406898468732834,1.003051996231079,2.994175434112549,38.79558563232422,0,0,0
validation,179,2018-03-01 11:45:00+00:00,0.04413457587361336,1.002990484237671,2.992694616317749,38.771453857421875,0,0,0
validation,180,2018-03-01 11:46:00+00:00,0.04401833936572075,1.003169059753418,2.9948267936706543,38.80293655395508,0,0,0
validation,181,2018-03-01 11:47:00+00:00,0.04404062032699585,1.0032665729522705,2.993793249130249,38.790428161621094,0,0,0
validation,182,2018-03-01 11:48:00+00:00,0.043626412749290466,1.0044670104980469,3.0011229515075684,38.900089263916016,0,0,0
validation,183,2018-03-01 11:49:00+00:00,0.04365754872560501,1.0044207572937012,3.0009284019470215,38.89616775512695,0,0,0
validation,184,2018-03-01 11:50:00+00:00,0.043586838990449905,1.0044541358947754,3.0022430419921875,38.91667938232422,0,0,0
validation,185,2018-03-01 11:51:00+00:00,0.0437762588262558,1.0040042400360107,2.998666286468506,38.8610725402832,0,0,0
validation,186,2018-03-01 11:52:00+00:00,0.04384594410657883,1.003786563873291,2.9972121715545654,38.839866638183594,0,0,0
validation,187,2018-03-01 11:53:00+00:00,0.0437399260699749,1.003626823425293,2.9986703395843506,38.86251449584961,0,0,0
validation,188,2018-03-01 11:54:00+00:00,0.04427427425980568,1.002103328704834,2.9883170127868652,38.71049499511719,0,0,0
validation,189,2018-03-01 11:55:00+00:00,0.04424932971596718,1.0017130374908447,2.990546464920044,38.742210388183594,0,0,0
validation,190,2018-03-01 11:56:00+00:00,0.04412420839071274,1.002228021621704,2.9913110733032227,38.75398635864258,0,0,0
validation,191,2018-03-01 11:57:00+00:00,0.04405856505036354,1.003203272819519,2.9933528900146484,38.782623291015625,0,0,0
validation,192,2018-03-01 11:58:00+00:00,0.04387003928422928,1.0036044120788574,2.9973108768463135,38.84229278564453,0,0,0
validation,193,2018-03-01 11:59:00+00:00,0.04397042095661163,1.0036031007766724,2.9951658248901367,38.80891418457031,0,0,0
validation,194,2018-03-01 12:00:00+00:00,0.04394758492708206,1.0035494565963745,2.9957597255706787,38.8171501159668,0,0,0
validation,195,2018-03-01 12:01:00+00:00,0.043813545256853104,1.0038042068481445,2.997511148452759,38.84440231323242,0,0,0
validation,196,2018-03-01 12:02:00+00:00,0.044403985142707825,1.0021228790283203,2.9873931407928467,38.694358825683594,0,0,0
validation,197,2018-03-01 12:03:00+00:00,0.0441615916788578,1.0027879476547241,2.9920480251312256,38.764225006103516,0,0,0
validation,198,2018-03-01 12:04:00+00:00,0.04408618062734604,1.0031349658966064,2.993553638458252,38.7850456237793,0,0,0
validation,199,2018-03-01 12:05:00+00:00,0.044061582535505295,1.0032076835632324,2.994425058364868,38.798091888427734,0,0,0
validation,200,2018-03-01 12:06:00+00:00,0.04409627616405487,1.003197193145752,2.9938230514526367,38.788631439208984,0,0,0
validation,201,2018-03-01 12:07:00+00:00,0.044110801070928574,1.0033321380615234,2.99336576461792,38.78200912475586,0,0,0
validation,202,2018-03-01 12:08:00+00:00,0.044028669595718384,1.00344717502594,2.9948432445526123,38.80332946777344,0,0,0
validation,203,2018-03-01 12:09:00+00:00,0.04393650218844414,1.0037670135498047,2.9965198040008545,38.8280029296875,0,0,0
validation,204,2018-03-01 12:10:00+00:00,0.04399116337299347,1.0037035942077637,2.9948649406433105,38.80337905883789,0,0,0
validation,205,2018-03-01 12:11:00+00:00,0.04389730468392372,1.0039515495300293,2.9968361854553223,38.833187103271484,0,0,0
validation,206,2018-03-01 12:12:00+00:00,0.04355745390057564,1.0048338174819946,3.0025923252105713,38.92079544067383,0,0,0
validation,207,2018-03-01 12:13:00+00:00,0.04371201992034912,1.0040733814239502,3.0001184940338135,38.88300704956055,0,0,0
validation,208,2018-03-01 12:14:00+00:00,0.04348437115550041,1.0052725076675415,3.0039801597595215,38.939903259277344,0,0,0
validation,209,2018-03-01 12:15:00+00:00,0.043613873422145844,1.0044807195663452,3.0019354820251465,38.90936279296875,0,0,0
validation,210,2018-03-01 12:16:00+00:00,0.04394710808992386,1.00376296043396,2.996769905090332,38.83332061767578,0,0,0
validation,211,2018-03-01 12:17:00+00:00,0.04374665766954422,1.004307746887207,3.0004100799560547,38.887115478515625,0,0,0
validation,212,2018-03-01 12:18:00+00:00,0.04368123039603233,1.004292368888855,3.001143217086792,38.89823532104492,0,0,0
validation,213,2018-03-01 12:19:00+00:00,0.043733611702919006,1.0044057369232178,3.000239372253418,38.88692092895508,0,0,0
validation,214,2018-03-01 12:20:00+00:00,0.04374511167407036,1.004361629486084,2.9994635581970215,38.87253189086914,0,0,0
validation,215,2018-03-01 12:21:00+00:00,0.0437464639544487,1.0045201778411865,3.000325918197632,38.88652420043945,0,0,0
validation,216,2018-03-01 12:22:00+00:00,0.043797269463539124,1.0043118000030518,2.99947452545166,38.87343215942383,0,0,0
validation,217,2018-03-01 12:23:00+00:00,0.04385357350111008,1.0039756298065186,2.998633861541748,38.860267639160156,0,0,0
validation,218,2018-03-01 12:24:00+00:00,0.04384266585111618,1.003962516784668,2.998263359069824,38.85359573364258,0,0,0
validation,219,2018-03-01 12:25:00+00:00,0.043992940336465836,1.0032107830047607,2.9959797859191895,38.821388244628906,0,0,0
validation,220,2018-03-01 12:26:00+00:00,0.043813928961753845,1.0042612552642822,2.9986469745635986,38.8602409362793,0,0,0
validation,221,2018-03-01 12:27:00+00:00,0.0438840314745903,1.0040948390960693,2.997746229171753,38.84616470336914,0,0,0
validation,222,2018-03-01 12:28:00+00:00,0.04389438033103943,1.0041173696517944,2.9961812496185303,38.823020935058594,0,0,0
validation,223,2018-03-01 12:29:00+00:00,0.04398072883486748,1.0035884380340576,2.9959325790405273,38.81915283203125,0,0,0
validation,224,2018-03-01 12:30:00+00:00,0.043866317719221115,1.003887414932251,2.9976773262023926,38.846839904785156,0,0,0
validation,225,2018-03-01 12:31:00+00:00,0.04399031028151512,1.0035040378570557,2.9960289001464844,38.82297134399414,0,0,0
validation,226,2018-03-01 12:32:00+00:00,0.04374862089753151,1.0046346187591553,2.9994797706604004,38.87366485595703,0,0,0
validation,227,2018-03-01 12:33:00+00:00,0.04383908212184906,1.0042855739593506,2.9984548091888428,38.85702133178711,0,0,0
validation,228,2018-03-01 12:34:00+00:00,0.04374491423368454,1.0049086809158325,2.999499797821045,38.87384033203125,0,0,0
validation,229,2018-03-01 12:35:00+00:00,0.04407082125544548,1.0033628940582275,2.9947521686553955,38.80105972290039,0,0,0
validation,230,2018-03-01 12:36:00+00:00,0.04399635270237923,1.003720760345459,2.9959728717803955,38.82102584838867,0,0,0
validation,231,2018-03-01 12:37:00+00:00,0.04406212270259857,1.00404953956604,2.994234800338745,38.792667388916016,0,0,0
validation,232,2018-03-01 12:38:00+00:00,0.0441039614379406,1.0034611225128174,2.993415355682373,38.78073501586914,0,0,0
validation,233,2018-03-01 12:39:00+00:00,0.04393317922949791,1.004119634628296,2.996277093887329,38.82547378540039,0,0,0
validation,234,2018-03-01 12:40:00+00:00,0.04381579905748367,1.0044314861297607,2.998553514480591,38.85957336425781,0,0,0
validation,235,2018-03-01 12:41:00+00:00,0.043855514377355576,1.00446617603302,2.9983108043670654,38.855316162109375,0,0,0
validation,236,2018-03-01 12:42:00+00:00,0.04403228312730789,1.0039212703704834,2.995307207107544,38.8087043762207,0,0,0
validation,237,2018-03-01 12:43:00+00:00,0.043997980654239655,1.0034986734390259,2.9951682090759277,38.808624267578125,0,0,0
validation,238,2018-03-01 12:44:00+00:00,0.04388150945305824,1.0040373802185059,2.9972994327545166,38.83915328979492,0,0,0
validation,239,2018-03-01 12:45:00+00:00,0.04373081773519516,1.0048422813415527,2.999652147293091,38.87529754638672,0,0,0
validation,240,2018-03-01 12:46:00+00:00,0.043958880007267,1.003737449645996,2.995867967605591,38.81721878051758,0,0,0
validation,241,2018-03-01 12:47:00+00:00,0.04364253208041191,1.004941701889038,3.001249074935913,38.90021514892578,0,0,0
validation,242,2018-03-01 12:48:00+00:00,0.043622735887765884,1.0050444602966309,3.001801013946533,38.90689468383789,0,0,0
validation,243,2018-03-01 12:49:00+00:00,0.04378717020153999,1.004370927810669,2.999114513397217,38.866722106933594,0,0,0
validation,244,2018-03-01 12:50:00+00:00,0.04371162876486778,1.0050866603851318,3.0003397464752197,38.8857421875,0,0,0
validation,245,2018-03-01 12:51:00+00:00,0.04390064254403114,1.0042778253555298,2.997117757797241,38.83500671386719,0,0,0
validation,246,2018-03-01 12:52:00+00:00,0.0437455028295517,1.0046970844268799,2.999866485595703,38.879024505615234,0,0,0
validation,247,2018-03-01 12:53:00+00:00,0.04380619153380394,1.0042725801467896,2.9989140033721924,38.864418029785156,0,0,0
validation,248,2018-03-01 12:54:00+00:00,0.04360930249094963,1.0052015781402588,3.0015664100646973,38.90465545654297,0,0,0
validation,249,2018-03-01 12:55:00+00:00,0.04391312226653099,1.0037322044372559,2.996532440185547,38.828304290771484,0,0,0
validation,250,2018-03-01 12:56:00+00:00,0.044054631143808365,1.0032427310943604,2.9940683841705322,38.79270553588867,0,0,0
validation,251,2018-03-01 12:57:00+00:00,0.04424062743782997,1.0026350021362305,2.991716146469116,38.755218505859375,0,0,0
validation,252,2018-03-01 12:58:00+00:00,0.043680429458618164,1.0045406818389893,3.0000433921813965,38.88332748413086,0,0,0
validation,253,2018-03-01 12:59:00+00:00,0.043719977140426636,1.0044608116149902,3.0001587867736816,38.88347244262695,0,0,0
validation,254,2018-03-02 01:00:00+00:00,0.043583791702985764,1.00504732131958,3.002464771270752,38.918113708496094,0,0,0
test,0,2018-03-02 04:05:00+00:00,0.5430841445922852,0.7333866953849792,0.8150187730789185,2.822751522064209,0,0,0
test,1,2018-03-02 04:06:00+00:00,0.5482994914054871,0.7300595045089722,0.8079902529716492,2.687065362930298,0,0,0
test,2,2018-03-02 04:07:00+00:00,0.5521182417869568,0.7296551465988159,0.8028317093849182,2.588230609893799,0,0,0
test,3,2018-03-02 04:08:00+00:00,0.56192547082901,0.7245079278945923,0.7868520617485046,2.279733180999756,0,0,0
test,4,2018-03-02 04:09:00+00:00,0.5620802044868469,0.7248317003250122,0.786359965801239,2.268615484237671,0,0,0
test,5,2018-03-02 04:10:00+00:00,0.5535348057746887,0.7268575429916382,0.794959306716919,2.4340057373046875,0,0,0
test,6,2018-03-02 04:11:00+00:00,0.5529529452323914,0.7275110483169556,0.7963381409645081,2.4668924808502197,0,0,0
test,7,2018-03-02 04:12:00+00:00,0.549574613571167,0.7288669347763062,0.8007968664169312,2.5597963333129883,0,0,0
test,8,2018-03-02 04:13:00+00:00,0.556074857711792,0.7272550463676453,0.8008111715316772,2.5738980770111084,0,0,0
test,9,2018-03-02 04:14:00+00:00,0.559288740158081,0.7271087169647217,0.7959470152854919,2.470013380050659,0,0,0
test,10,2018-03-02 04:15:00+00:00,0.5572012066841125,0.7275068163871765,0.7948591113090515,2.447704553604126,0,0,0
test,11,2018-03-02 04:16:00+00:00,0.5591264367103577,0.7269426584243774,0.7930947542190552,2.416034460067749,0,0,0
test,12,2018-03-02 04:17:00+00:00,0.5561061501502991,0.7267190217971802,0.7949436902999878,2.46142840385437,0,0,0
test,13,2018-03-02 04:18:00+00:00,0.551798939704895,0.7275595664978027,0.8004427552223206,2.5701487064361572,0,0,0
test,14,2018-03-02 04:19:00+00:00,0.5413127541542053,0.7302161455154419,0.814876914024353,2.851461410522461,0,0,0
test,15,2018-03-02 04:20:00+00:00,0.532507598400116,0.7328979969024658,0.8295384049415588,3.131040096282959,0,0,0
test,16,2018-03-02 04:21:00+00:00,0.5071870684623718,0.740524172782898,0.8726872801780701,3.949331521987915,0,0,0
test,17,2018-03-02 04:22:00+00:00,0.4990937113761902,0.7391135692596436,0.8787422180175781,4.1016154289245605,0,0,0
test,18,2018-03-02 04:23:00+00:00,0.40330809354782104,0.7697275876998901,1.0857596397399902,7.853314399719238,0,0,0
test,19,2018-03-02 04:24:00+00:00,0.13166554272174835,0.9044979810714722,2.0586907863616943,23.93362808227539,0,0,0
test,20,2018-03-02 04:25:00+00:00,0.47565826773643494,0.7466132640838623,0.9242977499961853,4.917247772216797,0,0,0
test,21,2018-03-02 04:26:00+00:00,0.5418955683708191,0.7314814329147339,0.8116859197616577,2.773247241973877,0,0,0
test,22,2018-03-02 04:27:00+00:00,0.5310717821121216,0.7337741851806641,0.8235801458358765,2.9833881855010986,0,0,0
test,23,2018-03-02 04:28:00+00:00,0.5478671193122864,0.7289127111434937,0.8005967736244202,2.545130491256714,0,0,0
test,24,2018-03-02 04:29:00+00:00,0.5428456664085388,0.7305672764778137,0.80469810962677,2.621826171875,0,0,0
test,25,2018-03-02 04:30:00+00:00,0.5413380861282349,0.7303470373153687,0.8049095273017883,2.629098892211914,0,0,0
test,26,2018-03-02 04:31:00+00:00,0.5599232912063599,0.7250630259513855,0.7849342226982117,2.2450783252716064,0,0,0
test,27,2018-03-02 04:32:00+00:00,0.5707713961601257,0.72212815284729,0.7710018157958984,1.9719504117965698,0,0,0
test,28,2018-03-02 04:33:00+00:00,0.5836980938911438,0.7181408405303955,0.7570222616195679,1.701845407485962,0,0,0
test,29,2018-03-02 04:34:00+00:00,0.595380425453186,0.7144119143486023,0.7406677603721619,1.3949755430221558,0,0,0
test,30,2018-03-02 04:35:00+00:00,0.6017659902572632,0.7124302387237549,0.7315037846565247,1.222137689590454,0,0,0
test,31,2018-03-02 04:36:00+00:00,0.6011125445365906,0.712270975112915,0.7315090298652649,1.2211730480194092,0,0,0
test,32,2018-03-02 04:37:00+00:00,0.6059312224388123,0.7108726501464844,0.7269381880760193,1.1336593627929688,0,0,0
test,33,2018-03-02 04:38:00+00:00,0.6083930730819702,0.7089875936508179,0.7233641147613525,1.068671464920044,0,0,0
test,34,2018-03-02 04:39:00+00:00,0.5958996415138245,0.7145063877105713,0.736968994140625,1.3133745193481445,0,0,0
test,35,2018-03-02 04:40:00+00:00,0.5956849455833435,0.7135610580444336,0.7352207899093628,1.2782574892044067,0,0,0
test,36,2018-03-02 04:41:00+00:00,0.5938202738761902,0.7144458293914795,0.7383057475090027,1.3386650085449219,0,0,0
test,37,2018-03-02 04:42:00+00:00,0.5828448534011841,0.7177143096923828,0.7499198913574219,1.5510352849960327,0,0,0
test,38,2018-03-02 04:43:00+00:00,0.5800105333328247,0.7171908020973206,0.751491367816925,1.5863356590270996,0,0,0
test,39,2018-03-02 04:44:00+00:00,0.6043973565101624,0.7120405435562134,0.7317817807197571,1.2194663286209106,0,0,0
test,40,2018-03-02 04:45:00+00:00,0.6142373085021973,0.7075502872467041,0.7181625962257385,0.9816370010375977,0,0,0
test,41,2018-03-02 04:46:00+00:00,0.6137137413024902,0.7070757746696472,0.7140682339668274,0.9240336418151855,0,0,0
test,42,2018-03-02 04:47:00+00:00,0.6095793843269348,0.7089246511459351,0.7193251848220825,0.9937266111373901,0,0,0
test,43,2018-03-02 04:48:00+00:00,0.610321581363678,0.7094922065734863,0.7208187580108643,1.0194487571716309,0,0,0
test,44,2018-03-02 04:49:00+00:00,0.6091364622116089,0.709079921245575,0.7205864787101746,1.0168308019638062,0,0,0
test,45,2018-03-02 04:50:00+00:00,0.6132494211196899,0.7065948247909546,0.714970052242279,0.9333301782608032,0,0,0
test,46,2018-03-02 04:51:00+00:00,0.6190614104270935,0.7059051990509033,0.708940327167511,0.8555136322975159,0,0,0
test,47,2018-03-02 04:52:00+00:00,0.6154841780662537,0.707618236541748,0.7149197459220886,0.9278472065925598,0,0,0
test,48,2018-03-02 04:53:00+00:00,0.6122158169746399,0.7085803747177124,0.7170093655586243,0.9543231129646301,0,0,0
test,49,2018-03-02 04:54:00+00:00,0.6044633388519287,0.7128515243530273,0.7277465462684631,1.1381051540374756,0,0,0
test,50,2018-03-02 04:55:00+00:00,0.6031248569488525,0.713548481464386,0.7283932566642761,1.1532889604568481,0,0,0
test,51,2018-03-02 04:56:00+00:00,0.6093844771385193,0.712266206741333,0.7225356698036194,1.0464880466461182,0,0,0
test,52,2018-03-02 04:57:00+00:00,0.6124982237815857,0.7101609706878662,0.7183774709701538,0.9766794443130493,0,0,0
test,53,2018-03-02 04:58:00+00:00,0.6090158820152283,0.7105118036270142,0.7213754653930664,1.033889889717102,0,0,0
test,54,2018-03-02 04:59:00+00:00,0.6102577447891235,0.7104548215866089,0.7217317223548889,1.0426335334777832,0,0,0
test,55,2018-03-02 05:00:00+00:00,0.6005386710166931,0.7137173414230347,0.7314832806587219,1.2129675149917603,0,0,0
test,56,2018-03-02 05:01:00+00:00,0.5844718217849731,0.7181847095489502,0.75362229347229,1.618708848953247,0,0,0
test,57,2018-03-02 05:02:00+00:00,0.5864402651786804,0.7175787091255188,0.7513260841369629,1.5699594020843506,0,0,0
test,58,2018-03-02 05:03:00+00:00,0.5927846431732178,0.7166306972503662,0.745919942855835,1.461774230003357,0,0,0
test,59,2018-03-02 05:04:00+00:00,0.587805449962616,0.7190982699394226,0.7551180720329285,1.639535903930664,0,0,0
test,60,2018-03-02 05:05:00+00:00,0.5906175374984741,0.7182257175445557,0.7506674528121948,1.5681620836257935,0,0,0
test,61,2018-03-02 05:06:00+00:00,0.5879908800125122,0.7179751396179199,0.7513890266418457,1.5794003009796143,0,0,0
test,62,2018-03-02 05:07:00+00:00,0.5886378288269043,0.7186731696128845,0.7481963038444519,1.5186389684677124,0,0,0
test,63,2018-03-02 05:08:00+00:00,0.591573178768158,0.7174699306488037,0.7460222840309143,1.4847352504730225,0,0,0
test,64,2018-03-02 05:09:00+00:00,0.5908922553062439,0.7166850566864014,0.7431774139404297,1.4198919534683228,0,0,0
test,65,2018-03-02 05:10:00+00:00,0.6030867695808411,0.7130103707313538,0.7282533049583435,1.1320061683654785,0,0,0
test,66,2018-03-02 05:11:00+00:00,0.604572057723999,0.7123448848724365,0.7266978621482849,1.1139177083969116,0,0,0
test,67,2018-03-02 05:12:00+00:00,0.591949999332428,0.7159164547920227,0.7412210702896118,1.3927863836288452,0,0,0
test,68,2018-03-02 05:13:00+00:00,0.5884971022605896,0.7159655094146729,0.7468376159667969,1.4999147653579712,0,0,0
test,69,2018-03-02 05:14:00+00:00,0.5939124822616577,0.7156896591186523,0.7379299402236938,1.338539958000183,0,0,0
test,70,2018-03-02 05:15:00+00:00,0.6058792471885681,0.712144136428833,0.7261983752250671,1.1112008094787598,0,0,0
test,71,2018-03-02 05:16:00+00:00,0.5875306725502014,0.7190970182418823,0.7487567663192749,1.5400415658950806,0,0,0
test,72,2018-03-02 05:17:00+00:00,0.5378627181053162,0.7328139543533325,0.8176712393760681,2.872685194015503,0,0,0
test,73,2018-03-02 05:18:00+00:00,0.5294531583786011,0.7371230721473694,0.8329903483390808,3.1759848594665527,0,0,0
test,74,2018-03-02 05:19:00+00:00,0.5232977271080017,0.7390931844711304,0.8441237807273865,3.3948891162872314,0,0,0
test,75,2018-03-02 05:20:00+00:00,0.5256063342094421,0.7370354533195496,0.8425727486610413,3.3771884441375732,0,0,0
test,76,2018-03-02 05:21:00+00:00,0.5233392119407654,0.7391324639320374,0.8471820950508118,3.4641330242156982,0,0,0
test,77,2018-03-02 05:22:00+00:00,0.5267067551612854,0.7375097274780273,0.8411663770675659,3.359576463699341,0,0,0
test,78,2018-03-02 05:23:00+00:00,0.5231484770774841,0.7369966506958008,0.8454526662826538,3.4427568912506104,0,0,0
test,79,2018-03-02 05:24:00+00:00,0.5244697332382202,0.7367234230041504,0.8409276008605957,3.3523595333099365,0,0,0
test,80,2018-03-02 05:25:00+00:00,0.5311991572380066,0.7346715927124023,0.8308793902397156,3.1498594284057617,0,0,0
test,81,2018-03-02 05:26:00+00:00,0.5360770225524902,0.7320200204849243,0.8200051188468933,2.948647975921631,0,0,0
test,82,2018-03-02 05:27:00+00:00,0.5475741028785706,0.7283315062522888,0.801855206489563,2.5994582176208496,0,0,0
test,83,2018-03-02 05:28:00+00:00,0.5609742999076843,0.7234795093536377,0.7829754948616028,2.242497682571411,0,0,0
test,84,2018-03-02 05:29:00+00:00,0.5390490889549255,0.7296357154846191,0.8135370016098022,2.8247482776641846,0,0,0
test,85,2018-03-02 05:30:00+00:00,0.5028091669082642,0.7439862489700317,0.8768683075904846,3.985691547393799,0,0,0
test,86,2018-03-02 08:46:00+00:00,0.43849268555641174,0.7642894387245178,0.9988568425178528,6.200988292694092,0,0,0
test,87,2018-03-02 09:16:00+00:00,0.05285489559173584,0.980914831161499,2.8605258464813232,36.76615524291992,0,0,0
test,88,2018-03-02 09:17:00+00:00,0.053609441965818405,0.9810287952423096,2.8467650413513184,36.54970932006836,0,0,0
test,89,2018-03-02 09:18:00+00:00,0.05366789549589157,0.9815610647201538,2.847555160522461,36.571510314941406,0,0,0
test,90,2018-03-02 09:19:00+00:00,0.05295582115650177,0.983626127243042,2.8575258255004883,36.721858978271484,0,0,0
test,91,2018-03-02 09:20:00+00:00,0.0528050921857357,0.9830127954483032,2.8610024452209473,36.77625274658203,0,0,0
test,92,2018-03-02 09:21:00+00:00,0.05370621010661125,0.9811614751815796,2.846780300140381,36.55716323852539,0,0,0
test,93,2018-03-02 09:22:00+00:00,0.056949589401483536,0.9754679203033447,2.790278673171997,35.634517669677734,0,0,0
test,94,2018-03-02 09:23:00+00:00,0.05583486333489418,0.9784169793128967,2.8128113746643066,35.99961853027344,0,0,0
test,95,2018-03-02 09:24:00+00:00,0.056660689413547516,0.9772041440010071,2.8005547523498535,35.80842971801758,0,0,0
test,96,2018-03-02 09:25:00+00:00,0.22195369005203247,0.8444448709487915,1.6067029237747192,16.551218032836914,0,0,0
test,97,2018-03-02 09:26:00+00:00,0.44236379861831665,0.7537626028060913,0.985001266002655,5.99246072769165,0,0,0
test,98,2018-03-02 09:27:00+00:00,0.45359334349632263,0.7524869441986084,0.9621913433074951,5.56895112991333,0,0,0
test,99,2018-03-02 09:28:00+00:00,0.47481584548950195,0.7479029893875122,0.9255744814872742,4.869619369506836,0,0,0
test,100,2018-03-02 09:29:00+00:00,0.46552610397338867,0.7499471306800842,0.9350799918174744,5.028074264526367,0,0,0
test,101,2018-03-02 09:30:00+00:00,0.4445681869983673,0.7554100751876831,0.9714227914810181,5.6732707023620605,0,0,0
test,102,2018-03-02 09:31:00+00:00,0.4359090328216553,0.757705569267273,0.9915749430656433,6.044480800628662,0,0,0
test,103,2018-03-02 09:32:00+00:00,0.3980914354324341,0.7713525295257568,1.0803403854370117,7.650643348693848,0,0,0
test,104,2018-03-02 09:33:00+00:00,0.3659464716911316,0.7792857885360718,1.1433613300323486,8.733049392700195,0,0,0
test,105,2018-03-02 09:34:00+00:00,0.32310277223587036,0.7939925193786621,1.2582310438156128,10.75362777709961,0,0,0
test,106,2018-03-02 09:35:00+00:00,0.28268954157829285,0.8115179538726807,1.367579460144043,12.587900161743164,0,0,0
test,107,2018-03-02 09:36:00+00:00,0.227299302816391,0.8405225276947021,1.5644208192825317,15.82951831817627,0,0,0
test,108,2018-03-02 09:37:00+00:00,0.20567730069160461,0.8534934520721436,1.6531407833099365,17.258371353149414,0,0,0
test,109,2018-03-02 09:38:00+00:00,0.1296221911907196,0.9011198878288269,2.0481643676757812,23.724626541137695,0,0,0
test,110,2018-03-02 09:39:00+00:00,0.08735135942697525,0.9310891628265381,2.3881537914276123,29.222869873046875,0,0,0
test,111,2018-03-02 09:40:00+00:00,0.11632190644741058,0.9106338620185852,2.1542675495147705,25.47449493408203,0,0,0
test,112,2018-03-02 09:41:00+00:00,0.10211426764726639,0.9229704141616821,2.26592755317688,27.233362197875977,0,0,0
test,113,2018-03-02 09:42:00+00:00,0.07987616211175919,0.9427753686904907,2.4816505908966064,30.684335708618164,0,0,0
test,114,2018-03-02 09:43:00+00:00,0.0694868341088295,0.9557685256004333,2.6139721870422363,32.83154296875,0,0,0
test,115,2018-03-02 09:44:00+00:00,0.06217072159051895,0.9679922461509705,2.713618755340576,34.41143035888672,0,0,0
test,116,2018-03-02 09:45:00+00:00,0.0580671951174736,0.9754538536071777,2.7755796909332275,35.415557861328125,0,0,0
test,117,2018-03-02 09:46:00+00:00,0.054087284952402115,0.9814453125,2.837798833847046,36.392982482910156,0,0,0
test,118,2018-03-02 09:47:00+00:00,0.05151640623807907,0.9855053424835205,2.878736734390259,37.037078857421875,0,0,0
test,119,2018-03-02 09:48:00+00:00,0.04909324273467064,0.9906575083732605,2.915898323059082,37.61426544189453,0,0,0
test,120,2018-03-02 09:49:00+00:00,0.050229284912347794,0.9895282983779907,2.899275064468384,37.364871978759766,0,0,0
test,121,2018-03-02 09:50:00+00:00,0.0495823509991169,0.9920821785926819,2.9096758365631104,37.53246307373047,0,0,0
test,122,2018-03-02 09:51:00+00:00,0.04843461140990257,0.994994044303894,2.9259238243103027,37.77775573730469,0,0,0
test,123,2018-03-02 09:52:00+00:00,0.048673029989004135,0.9942057132720947,2.922595977783203,37.73552322387695,0,0,0
test,124,2018-03-02 09:53:00+00:00,0.04830556735396385,0.9954274296760559,2.927480936050415,37.80729675292969,0,0,0
test,125,2018-03-02 09:54:00+00:00,0.04736557602882385,0.9964746236801147,2.9414515495300293,38.0201416015625,0,0,0
test,126,2018-03-02 09:55:00+00:00,0.048028916120529175,0.9967087507247925,2.9322311878204346,37.87639236450195,0,0,0
test,127,2018-03-02 09:56:00+00:00,0.0478505976498127,0.9962325692176819,2.935748815536499,37.932559967041016,0,0,0
test,128,2018-03-02 09:57:00+00:00,0.048057276755571365,0.9965656995773315,2.9338760375976562,37.903564453125,0,0,0
test,129,2018-03-02 09:58:00+00:00,0.047685347497463226,0.9976209402084351,2.9393630027770996,37.990264892578125,0,0,0
test,130,2018-03-02 09:59:00+00:00,0.04839608445763588,0.997130274772644,2.930490255355835,37.853878021240234,0,0,0
test,131,2018-03-02 10:00:00+00:00,0.048452697694301605,0.9969709515571594,2.9305288791656494,37.853607177734375,0,0,0
test,132,2018-03-02 10:01:00+00:00,0.048327427357435226,0.9963183403015137,2.936232328414917,37.9410285949707,0,0,0
test,133,2018-03-02 10:02:00+00:00,0.04913831502199173,0.991923451423645,2.9242284297943115,37.7598762512207,0,0,0
test,134,2018-03-02 10:03:00+00:00,0.04847972095012665,0.9942367076873779,2.9346718788146973,37.91954040527344,0,0,0
test,135,2018-03-02 10:04:00+00:00,0.047951143234968185,0.9969368577003479,2.940955877304077,38.01190948486328,0,0,0
test,136,2018-03-02 10:05:00+00:00,0.04808071628212929,0.9961837530136108,2.9400904178619385,37.9998664855957,0,0,0
test,137,2018-03-02 10:06:00+00:00,0.04807804524898529,0.9956862926483154,2.94097900390625,38.01068115234375,0,0,0
test,138,2018-03-02 10:07:00+00:00,0.048252254724502563,0.9941774010658264,2.9401164054870605,37.9962043762207,0,0,0
test,139,2018-03-02 10:08:00+00:00,0.048620302230119705,0.992917537689209,2.9347305297851562,37.911354064941406,0,0,0
test,140,2018-03-02 10:09:00+00:00,0.049647945910692215,0.989788293838501,2.921114921569824,37.7099609375,0,0,0
test,141,2018-03-02 10:10:00+00:00,0.049480367451906204,0.9890891313552856,2.925072193145752,37.77193832397461,0,0,0
test,142,2018-03-02 10:11:00+00:00,0.04932614788413048,0.989473819732666,2.9264464378356934,37.79719924926758,0,0,0
test,143,2018-03-02 10:12:00+00:00,0.04970976710319519,0.9878875017166138,2.9215545654296875,37.72260284423828,0,0,0
test,144,2018-03-02 10:13:00+00:00,0.05009204149246216,0.9861890077590942,2.9158482551574707,37.63428497314453,0,0,0
test,145,2018-03-02 10:14:00+00:00,0.049970705062150955,0.985120952129364,2.9190175533294678,37.67925262451172,0,0,0
test,146,2018-03-02 10:15:00+00:00,0.05007442086935043,0.9852763414382935,2.9166746139526367,37.63885498046875,0,0,0
test,147,2018-03-02 10:16:00+00:00,0.04940975829958916,0.9874222874641418,2.9267807006835938,37.79112243652344,0,0,0
test,148,2018-03-02 10:17:00+00:00,0.04958444461226463,0.9870896339416504,2.9241933822631836,37.75390625,0,0,0
test,149,2018-03-02 10:18:00+00:00,0.0501876175403595,0.9854333996772766,2.914829730987549,37.61301040649414,0,0,0
test,150,2018-03-02 10:19:00+00:00,0.050372086465358734,0.9842748045921326,2.9124574661254883,37.58305740356445,0,0,0
test,151,2018-03-02 10:20:00+00:00,0.050754714757204056,0.9835602045059204,2.9063940048217773,37.493473052978516,0,0,0
test,152,2018-03-02 10:21:00+00:00,0.05134022980928421,0.9836622476577759,2.89666485786438,37.34748840332031,0,0,0
test,153,2018-03-02 10:22:00+00:00,0.05193442106246948,0.9827108383178711,2.8835437297821045,37.14665603637695,0,0,0
test,154,2018-03-02 10:23:00+00:00,0.051716700196266174,0.9824988842010498,2.8900115489959717,37.240684509277344,0,0,0
test,155,2018-03-02 10:24:00+00:00,0.05161496624350548,0.9824289083480835,2.8889360427856445,37.22236251831055,0,0,0
test,156,2018-03-02 10:25:00+00:00,0.05102397873997688,0.9856764078140259,2.889857053756714,37.236297607421875,0,0,0
test,157,2018-03-02 10:26:00+00:00,0.051341280341148376,0.9857473969459534,2.885584831237793,37.17564010620117,0,0,0
test,158,2018-03-02 10:27:00+00:00,0.0510517917573452,0.9862869381904602,2.886847972869873,37.194602966308594,0,0,0
test,159,2018-03-02 10:28:00+00:00,0.05127369984984398,0.9856389760971069,2.880472421646118,37.102928161621094,0,0,0
test,160,2018-03-02 10:29:00+00:00,0.051555290818214417,0.9852553606033325,2.8769915103912354,37.04855728149414,0,0,0
test,161,2018-03-02 10:30:00+00:00,0.05146719887852669,0.9860086441040039,2.8764829635620117,37.03650665283203,0,0,0
test,162,2018-03-02 10:31:00+00:00,0.05138496682047844,0.9866198301315308,2.8797378540039062,37.08561706542969,0,0,0
test,163,2018-03-02 10:32:00+00:00,0.05159749090671539,0.9863603115081787,2.8775441646575928,37.053279876708984,0,0,0
test,164,2018-03-02 10:33:00+00:00,0.051244284957647324,0.9862767457962036,2.8802003860473633,37.09542465209961,0,0,0
test,165,2018-03-02 10:34:00+00:00,0.05127985030412674,0.9852908253669739,2.8768839836120605,37.03888702392578,0,0,0
test,166,2018-03-02 10:35:00+00:00,0.05161963775753975,0.9845393896102905,2.871410608291626,36.95394515991211,0,0,0
test,167,2018-03-02 10:36:00+00:00,0.051621027290821075,0.9849940538406372,2.8721821308135986,36.96281433105469,0,0,0
test,168,2018-03-02 10:37:00+00:00,0.051861610263586044,0.9844640493392944,2.870661735534668,36.93510818481445,0,0,0
test,169,2018-03-02 10:38:00+00:00,0.052252449095249176,0.9860387444496155,2.8661582469940186,36.85037612915039,0,0,0
test,170,2018-03-02 10:39:00+00:00,0.052607547491788864,0.9824120998382568,2.8563737869262695,36.69721221923828,0,0,0
test,171,2018-03-02 10:40:00+00:00,0.052212346345186234,0.9832497835159302,2.857261896133423,36.69523620605469,0,0,0
test,172,2018-03-02 10:41:00+00:00,0.052364498376846313,0.9829926490783691,2.854499340057373,36.650718688964844,0,0,0
test,173,2018-03-02 10:42:00+00:00,0.052579667419195175,0.9844635128974915,2.849109172821045,36.564083099365234,0,0,0
test,174,2018-03-02 10:43:00+00:00,0.05184198170900345,0.9862194657325745,2.8614091873168945,36.76137924194336,0,0,0
test,175,2018-03-02 10:44:00+00:00,0.05211241915822029,0.9859969019889832,2.8564510345458984,36.674381256103516,0,0,0
test,176,2018-03-02 10:45:00+00:00,0.0540761835873127,0.9814570546150208,2.824179172515869,36.146427154541016,0,0,0
test,177,2018-03-02 10:46:00+00:00,0.0583905428647995,0.9705329537391663,2.762929916381836,35.16584396362305,0,0,0
test,178,2018-03-02 10:47:00+00:00,0.057078197598457336,0.9716262817382812,2.7859649658203125,35.51707077026367,0,0,0
test,179,2018-03-02 10:48:00+00:00,0.05553116649389267,0.9760839939117432,2.8110435009002686,35.93220520019531,0,0,0
test,180,2018-03-02 10:49:00+00:00,0.053657837212085724,0.9806531667709351,2.839639902114868,36.37839889526367,0,0,0
test,181,2018-03-02 10:50:00+00:00,0.05391419678926468,0.9830389022827148,2.838714361190796,36.37923812866211,0,0,0
test,182,2018-03-02 10:51:00+00:00,0.05354652181267738,0.9849026203155518,2.846395969390869,36.5229377746582,0,0,0
test,183,2018-03-02 10:52:00+00:00,0.05343816801905632,0.9841030240058899,2.842996120452881,36.47696304321289,0,0,0
test,184,2018-03-02 10:53:00+00:00,0.05370016396045685,0.9817453026771545,2.8379387855529785,36.411190032958984,0,0,0
test,185,2018-03-02 10:54:00+00:00,0.05451853945851326,0.9793044328689575,2.8265693187713623,36.226375579833984,0,0,0
test,186,2018-03-02 10:55:00+00:00,0.05707211047410965,0.9749749302864075,2.7842860221862793,35.50752639770508,0,0,0
test,187,2018-03-02 10:56:00+00:00,0.05621637403964996,0.9778679609298706,2.7988696098327637,35.74684143066406,0,0,0
test,188,2018-03-02 10:57:00+00:00,0.05880693718791008,0.9725182056427002,2.7566542625427246,35.042118072509766,0,0,0
test,189,2018-03-02 10:58:00+00:00,0.05545419827103615,0.9805703163146973,2.8143646717071533,35.98036193847656,0,0,0
test,190,2018-03-02 10:59:00+00:00,0.05643492564558983,0.9805302023887634,2.7954039573669434,35.65899658203125,0,0,0
test,191,2018-03-02 11:00:00+00:00,0.056746114045381546,0.9797236919403076,2.7856011390686035,35.50481414794922,0,0,0
test,192,2018-03-02 11:01:00+00:00,0.09140108525753021,0.9353704452514648,2.345256805419922,28.49448585510254,0,0,0
test,193,2018-03-02 11:02:00+00:00,0.15315286815166473,0.8819693326950073,1.8972960710525513,21.24990463256836,0,0,0
test,194,2018-03-02 11:03:00+00:00,0.4740605354309082,0.7469850778579712,0.9159039258956909,4.662450790405273,0,0,0
test,195,2018-03-02 11:04:00+00:00,0.45865264534950256,0.7508530616760254,0.9473299384117126,5.249428749084473,0,0,0
test,196,2018-03-02 11:05:00+00:00,0.461614191532135,0.7517616748809814,0.9413931965827942,5.125304698944092,0,0,0
test,197,2018-03-02 11:06:00+00:00,0.49020928144454956,0.7445930242538452,0.894524872303009,4.2742486000061035,0,0,0
test,198,2018-03-02 11:07:00+00:00,0.501408040523529,0.7408584952354431,0.8724341988563538,3.8729584217071533,0,0,0
test,199,2018-03-02 11:08:00+00:00,0.5135830044746399,0.7366338968276978,0.8549887537956238,3.5559980869293213,0,0,0
test,200,2018-03-02 11:09:00+00:00,0.5195196270942688,0.7338640689849854,0.8465133905410767,3.4017648696899414,0,0,0
test,201,2018-03-02 11:10:00+00:00,0.5581519603729248,0.7201976776123047,0.7872294783592224,2.2737224102020264,0,0,0
test,202,2018-03-02 11:11:00+00:00,0.5758768916130066,0.7155147790908813,0.7573732137680054,1.6962270736694336,0,0,0
test,203,2018-03-02 11:12:00+00:00,0.5844454169273376,0.7126384973526001,0.7429282665252686,1.4071861505508423,0,0,0
test,204,2018-03-02 11:13:00+00:00,0.612509548664093,0.7066102623939514,0.7140508890151978,0.9733818173408508,0,0,0
test,205,2018-03-02 11:14:00+00:00,0.6135294437408447,0.70548415184021,0.7099332213401794,0.9164641499519348,0,0,0
test,206,2018-03-02 11:15:00+00:00,0.6199128031730652,0.7004925012588501,0.7009927034378052,0.8001214265823364,0,0,0
test,207,2018-03-02 11:16:00+00:00,0.6195178627967834,0.7013354897499084,0.7019925713539124,0.8030757904052734,0,0,0
test,208,2018-03-02 11:17:00+00:00,0.6220262050628662,0.699592113494873,0.699329674243927,0.7912914156913757,0,0,0
test,209,2018-03-02 11:18:00+00:00,0.6222661733627319,0.699746310710907,0.69978266954422,0.7921810150146484,0,0,0
test,210,2018-03-02 11:19:00+00:00,0.6218860149383545,0.6986346244812012,0.6989250183105469,0.7915281653404236,0,0,0
test,211,2018-03-02 11:20:00+00:00,0.6209815740585327,0.6996124982833862,0.7005107998847961,0.7921398282051086,0,0,0
test,212,2018-03-02 11:21:00+00:00,0.6204148530960083,0.7000418305397034,0.7010238170623779,0.7927192449569702,0,0,0
test,213,2018-03-02 11:22:00+00:00,0.6205514669418335,0.7003278136253357,0.7015880942344666,0.7976272106170654,0,0,0
test,214,2018-03-02 11:23:00+00:00,0.6195001006126404,0.7000710964202881,0.7012761831283569,0.7978786826133728,0,0,0
test,215,2018-03-02 11:24:00+00:00,0.615196943283081,0.7011227011680603,0.7036547660827637,0.8169955611228943,0,0,0
test,216,2018-03-02 11:25:00+00:00,0.620931088924408,0.6997177600860596,0.7013164758682251,0.7963021397590637,0,0,0
test,217,2018-03-02 11:26:00+00:00,0.6208547353744507,0.6991640329360962,0.700981616973877,0.7963908910751343,0,0,0
test,218,2018-03-02 11:27:00+00:00,0.6188423037528992,0.6994332075119019,0.7012271285057068,0.7976948618888855,0,0,0
test,219,2018-03-02 11:28:00+00:00,0.6201401948928833,0.6983418464660645,0.6994280219078064,0.792976975440979,0,0,0
test,220,2018-03-02 11:29:00+00:00,0.6149649024009705,0.7009945511817932,0.702649712562561,0.8061738610267639,0,0,0
test,221,2018-03-02 11:30:00+00:00,0.6148195266723633,0.704218864440918,0.7076841592788696,0.865689754486084,0,0,0
test,222,2018-03-02 11:31:00+00:00,0.612861692905426,0.7044944763183594,0.7086078524589539,0.8738251328468323,0,0,0
test,223,2018-03-02 11:32:00+00:00,0.6143208146095276,0.7046399712562561,0.7075774073600769,0.8690930604934692,0,0,0
test,224,2018-03-02 11:33:00+00:00,0.6174879670143127,0.701288640499115,0.7037473320960999,0.8157229423522949,0,0,0
test,225,2018-03-02 11:34:00+00:00,0.613369882106781,0.7041237950325012,0.7067323923110962,0.8680219054222107,0,0,0
test,226,2018-03-02 11:35:00+00:00,0.612545371055603,0.7031713724136353,0.7067278623580933,0.8700106143951416,0,0,0
test,227,2018-03-02 11:36:00+00:00,0.6076599955558777,0.7054309844970703,0.7098785638809204,0.9165131449699402,0,0,0
test,228,2018-03-02 11:37:00+00:00,0.6203224062919617,0.7013028860092163,0.7032824754714966,0.816826343536377,0,0,0
test,229,2018-03-02 11:38:00+00:00,0.6245529055595398,0.700083315372467,0.7004449963569641,0.7912794351577759,0,0,0
test,230,2018-03-02 11:39:00+00:00,0.625136137008667,0.6995254755020142,0.699093222618103,0.7868374586105347,0,0,0
test,231,2018-03-02 11:40:00+00:00,0.6240642070770264,0.6996159553527832,0.6992481350898743,0.7864864468574524,0,0,0
test,232,2018-03-02 11:41:00+00:00,0.623350203037262,0.6991929411888123,0.6989319324493408,0.7867971062660217,0,0,0
test,233,2018-03-02 11:42:00+00:00,0.6220941543579102,0.7006616592407227,0.700904905796051,0.789720892906189,0,0,0
test,234,2018-03-02 11:43:00+00:00,0.6238271594047546,0.70135897397995,0.7016583681106567,0.7891408205032349,0,0,0
test,235,2018-03-02 11:44:00+00:00,0.6264579892158508,0.6990772485733032,0.6990201473236084,0.7850220799446106,0,0,0
test,236,2018-03-02 11:45:00+00:00,0.6270751357078552,0.6990185976028442,0.6995844841003418,0.7845104336738586,0,0,0
test,237,2018-03-02 11:46:00+00:00,0.6253873705863953,0.6991032361984253,0.6995362639427185,0.7844947576522827,0,0,0
test,238,2018-03-02 11:47:00+00:00,0.6252933144569397,0.6990669369697571,0.700425922870636,0.7874508500099182,0,0,0
test,239,2018-03-02 11:48:00+00:00,0.6255943179130554,0.6985952854156494,0.6994047164916992,0.7860811948776245,0,0,0
test,240,2018-03-02 11:49:00+00:00,0.6276713013648987,0.699012041091919,0.6988537311553955,0.7879635691642761,0,0,0
test,241,2018-03-02 11:50:00+00:00,0.6264935731887817,0.6991838216781616,0.6998457312583923,0.7886592745780945,0,0,0
test,242,2018-03-02 11:51:00+00:00,0.627173662185669,0.6992915868759155,0.7000795602798462,0.7897152900695801,0,0,0
test,243,2018-03-02 11:52:00+00:00,0.6217790842056274,0.7061024904251099,0.7065333724021912,0.8385461568832397,0,0,0
test,244,2018-03-02 11:53:00+00:00,0.6194968223571777,0.7067477703094482,0.7086721062660217,0.865007758140564,0,0,0
test,245,2018-03-02 11:54:00+00:00,0.6150633096694946,0.7085861563682556,0.7139301896095276,0.9320940971374512,0,0,0
test,246,2018-03-02 11:55:00+00:00,0.6099856495857239,0.7094151973724365,0.7193399667739868,0.9922747015953064,0,0,0
test,247,2018-03-02 11:56:00+00:00,0.6057636737823486,0.7101507186889648,0.7237304449081421,1.069653034210205,0,0,0
test,248,2018-03-02 11:57:00+00:00,0.6054352521896362,0.7106126546859741,0.7239235639572144,1.0702203512191772,0,0,0
test,249,2018-03-02 11:58:00+00:00,0.6084753274917603,0.7102656364440918,0.7225965857505798,1.0500434637069702,0,0,0
test,250,2018-03-02 11:59:00+00:00,0.6043679118156433,0.7101881504058838,0.7243108749389648,1.074901819229126,0,0,0
test,251,2018-03-02 12:00:00+00:00,0.6007394194602966,0.7121095657348633,0.7295492887496948,1.169461727142334,0,0,0
test,252,2018-03-02 12:01:00+00:00,0.5981159806251526,0.7119790315628052,0.7320473790168762,1.217162847518921,0,0,0
test,253,2018-03-02 12:02:00+00:00,0.5973682403564453,0.7122775316238403,0.7318417429924011,1.217343807220459,0,0,0
test,254,2018-03-02 12:03:00+00:00,0.5970067977905273,0.7115100622177124,0.7303374409675598,1.1944178342819214,0,0,0
test,255,2018-03-02 12:04:00+00:00,0.5976405143737793,0.7112092971801758,0.7299997210502625,1.184905767440796,0,0,0
test,256,2018-03-02 12:05:00+00:00,0.5998424887657166,0.7103534936904907,0.7277104258537292,1.146714448928833,0,0,0
test,257,2018-03-02 12:06:00+00:00,0.602088212966919,0.7099631428718567,0.7258102297782898,1.113450050354004,0,0,0
test,258,2018-03-02 12:07:00+00:00,0.6154189705848694,0.7086172103881836,0.7170125246047974,0.970179557800293,0,0,0
test,259,2018-03-02 12:08:00+00:00,0.6209859848022461,0.7065932750701904,0.7095698714256287,0.8742284774780273,0,0,0
test,260,2018-03-02 12:09:00+00:00,0.6207454800605774,0.7062622308731079,0.712645411491394,0.9109926819801331,0,0,0
test,261,2018-03-02 12:10:00+00:00,0.6102554798126221,0.7084592580795288,0.7168219685554504,0.9659270644187927,0,0,0
test,262,2018-03-02 12:11:00+00:00,0.5970634818077087,0.7103205919265747,0.7273334860801697,1.1348313093185425,0,0,0
test,263,2018-03-02 12:12:00+00:00,0.593705952167511,0.712081253528595,0.7314611077308655,1.2106719017028809,0,0,0
test,264,2018-03-02 12:13:00+00:00,0.5805980563163757,0.717269778251648,0.7460829019546509,1.4812593460083008,0,0,0
test,265,2018-03-02 12:14:00+00:00,0.5763425827026367,0.7173933386802673,0.7536814212799072,1.6337834596633911,0,0,0
test,266,2018-03-02 12:15:00+00:00,0.5795923471450806,0.7171735167503357,0.7508118152618408,1.5735112428665161,0,0,0
test,267,2018-03-02 12:16:00+00:00,0.5754289627075195,0.7186508774757385,0.7569888234138489,1.6923092603683472,0,0,0
test,268,2018-03-02 12:17:00+00:00,0.580355703830719,0.7177945971488953,0.7606735825538635,1.7656627893447876,0,0,0
test,269,2018-03-02 12:18:00+00:00,0.5762896537780762,0.7198567390441895,0.7656336426734924,1.8527147769927979,0,0,0
test,270,2018-03-02 12:19:00+00:00,0.5763355493545532,0.720409631729126,0.7635449767112732,1.8069186210632324,0,0,0
test,271,2018-03-02 12:20:00+00:00,0.5859525799751282,0.7164115905761719,0.7498843669891357,1.548262119293213,0,0,0
test,272,2018-03-02 12:21:00+00:00,0.5877987146377563,0.7159103155136108,0.7476935982704163,1.4987194538116455,0,0,0
test,273,2018-03-02 12:22:00+00:00,0.5988239645957947,0.7131832242012024,0.73186194896698,1.198496699333191,0,0,0
test,274,2018-03-02 12:23:00+00:00,0.6097919344902039,0.710003137588501,0.721233069896698,1.0161761045455933,0,0,0
test,275,2018-03-02 12:24:00+00:00,0.6210328936576843,0.7073044776916504,0.7105032801628113,0.888633668422699,0,0,0
test,276,2018-03-02 12:25:00+00:00,0.6218865513801575,0.7069706320762634,0.7085631489753723,0.8668788075447083,0,0,0
test,277,2018-03-02 12:26:00+00:00,0.6165509819984436,0.7076480388641357,0.7129907608032227,0.9254825711250305,0,0,0
test,278,2018-03-02 12:27:00+00:00,0.6160463690757751,0.7073191404342651,0.7130086421966553,0.9335170388221741,0,0,0
test,279,2018-03-02 12:28:00+00:00,0.6178970336914062,0.7074598073959351,0.7115561366081238,0.9195010662078857,0,0,0
test,280,2018-03-02 12:29:00+00:00,0.6205826997756958,0.7060781121253967,0.7091148495674133,0.8912035822868347,0,0,0
test,281,2018-03-02 12:30:00+00:00,0.622295081615448,0.7062005996704102,0.7073937058448792,0.8608331084251404,0,0,0
test,282,2018-03-02 12:31:00+00:00,0.6207236647605896,0.7048390507698059,0.7080539464950562,0.870333731174469,0,0,0
test,283,2018-03-02 12:32:00+00:00,0.6128278374671936,0.7077397108078003,0.7175747156143188,0.9925237894058228,0,0,0
test,284,2018-03-02 12:33:00+00:00,0.6116421818733215,0.7074838280677795,0.7168213725090027,0.9859879612922668,0,0,0
test,285,2018-03-02 12:34:00+00:00,0.6212759613990784,0.7063305377960205,0.7099820375442505,0.8989771604537964,0,0,0
test,286,2018-03-02 12:35:00+00:00,0.6242998242378235,0.7044640779495239,0.7054688334465027,0.8367673754692078,0,0,0
test,287,2018-03-02 12:36:00+00:00,0.6235892176628113,0.701055109500885,0.7018742561340332,0.7900680899620056,0,0,0
test,288,2018-03-02 12:37:00+00:00,0.6241745352745056,0.7002255916595459,0.6999894976615906,0.786339282989502,0,0,0
test,289,2018-03-02 12:38:00+00:00,0.6258686184883118,0.7000440359115601,0.7002936005592346,0.7869272828102112,0,0,0
test,290,2018-03-02 12:39:00+00:00,0.6268815994262695,0.6991856098175049,0.699018657207489,0.7866725921630859,0,0,0
test,291,2018-03-02 12:40:00+00:00,0.6275205612182617,0.6984432935714722,0.6983637809753418,0.7859993577003479,0,0,0
test,292,2018-03-02 12:41:00+00:00,0.6272023320198059,0.6984370350837708,0.6980749368667603,0.7859126329421997,0,0,0
test,293,2018-03-02 12:42:00+00:00,0.6272200345993042,0.6980311870574951,0.6979138851165771,0.7853477001190186,0,0,0
test,294,2018-03-02 12:43:00+00:00,0.6284604668617249,0.698390007019043,0.6985217928886414,0.783708930015564,0,0,0
test,295,2018-03-02 12:44:00+00:00,0.6296586394309998,0.6996593475341797,0.7002293467521667,0.7837007641792297,0,0,0
test,296,2018-03-02 12:45:00+00:00,0.629650354385376,0.7020807266235352,0.7023830413818359,0.7860743403434753,0,0,0
test,297,2018-03-02 12:46:00+00:00,0.6263734698295593,0.7048401832580566,0.7057269811630249,0.8151112794876099,0,0,0
test,298,2018-03-02 12:47:00+00:00,0.6244024038314819,0.7026242613792419,0.7026983499526978,0.7903377413749695,0,0,0
test,299,2018-03-02 12:48:00+00:00,0.6269351840019226,0.7012035846710205,0.7016729116439819,0.7904943823814392,0,0,0
test,300,2018-03-02 12:49:00+00:00,0.6277895569801331,0.6999675035476685,0.7006512880325317,0.7924884557723999,0,0,0
test,301,2018-03-02 12:50:00+00:00,0.6270511150360107,0.6995814442634583,0.6997665762901306,0.7907553315162659,0,0,0
test,302,2018-03-02 12:51:00+00:00,0.6274492740631104,0.6985372304916382,0.6988171935081482,0.7882727384567261,0,0,0
test,303,2018-03-02 12:52:00+00:00,0.6291268467903137,0.6989881992340088,0.6988786458969116,0.7854208946228027,0,0,0
test,304,2018-03-02 12:53:00+00:00,0.6287388801574707,0.6985687017440796,0.6981683969497681,0.7850493788719177,0,0,0
test,305,2018-03-02 12:54:00+00:00,0.6287683248519897,0.6979557275772095,0.6977939009666443,0.7852199077606201,0,0,0
test,306,2018-03-02 12:55:00+00:00,0.6295218467712402,0.6973711252212524,0.6970376968383789,0.7841354608535767,0,0,0
test,307,2018-03-02 12:56:00+00:00,0.6288211941719055,0.6969865560531616,0.6969054341316223,0.7836616039276123,0,0,0
test,308,2018-03-02 12:57:00+00:00,0.6282181739807129,0.6971242427825928,0.6967234015464783,0.784010112285614,0,0,0
test,309,2018-03-02 12:58:00+00:00,0.6270621418952942,0.6975985765457153,0.6967619061470032,0.7841723561286926,0,0,0
test,310,2018-03-02 12:59:00+00:00,0.6291986703872681,0.6982104778289795,0.6973515152931213,0.7828568816184998,0,0,0
