fold_id,feature,coefficient,abs_coefficient
0,duration_microsec_mean,0.0957279391629541,0.0957279391629541
0,duration_microsec_std,0.20846612126781716,0.20846612126781716
0,duration_microsec_sum,-0.06494351220351542,0.06494351220351542
0,duration_microsec_min,0.09181968236465421,0.09181968236465421
0,duration_microsec_max,0.2913142773037382,0.2913142773037382
0,packet_count_fwd_mean,0.5650768600926109,0.5650768600926109
0,packet_count_fwd_std,-0.26866544072524345,0.26866544072524345
0,packet_count_fwd_sum,0.2351523815828802,0.2351523815828802
0,packet_count_fwd_min,0.13900732925050632,0.13900732925050632
0,packet_count_fwd_max,-0.035226198936787835,0.035226198936787835
0,packet_count_bwd_mean,0.576630139162506,0.576630139162506
0,packet_count_bwd_std,1.095360234669214,1.095360234669214
0,packet_count_bwd_sum,0.03928283959526396,0.03928283959526396
0,packet_count_bwd_min,-0.15832593550293822,0.15832593550293822
0,packet_count_bwd_max,0.2474440197594744,0.2474440197594744
0,byte_count_fwd_mean,-0.06347521569993235,0.06347521569993235
0,byte_count_fwd_std,-0.7388036214826216,0.7388036214826216
0,byte_count_fwd_sum,-0.19578332441635932,0.19578332441635932
0,byte_count_fwd_min,0.1959151562727348,0.1959151562727348
0,byte_count_fwd_max,1.3133594098681687,1.3133594098681687
0,byte_count_bwd_mean,-0.5591229224521224,0.5591229224521224
0,byte_count_bwd_std,-1.5678743690810355,1.5678743690810355
0,byte_count_bwd_sum,-0.44745006416713534,0.44745006416713534
0,byte_count_bwd_min,0.05021563589892017,0.05021563589892017
0,byte_count_bwd_max,-0.6578267829164666,0.6578267829164666
0,fwd_pkt_len_max_mean,0.21420480076115322,0.21420480076115322
0,fwd_pkt_len_max_std,-1.67648194080617,1.67648194080617
0,fwd_pkt_len_max_sum,0.3889703551960453,0.3889703551960453
0,fwd_pkt_len_max_min,-0.05768719557971752,0.05768719557971752
0,fwd_pkt_len_max_max,0.49822623654730314,0.49822623654730314
0,fwd_pkt_len_min_mean,-0.19206816929792092,0.19206816929792092
0,fwd_pkt_len_min_std,0.01604940355691055,0.01604940355691055
0,fwd_pkt_len_min_sum,-0.15288329383825086,0.15288329383825086
0,fwd_pkt_len_min_min,0.046486549543343775,0.046486549543343775
0,fwd_pkt_len_min_max,-0.023703049272242177,0.023703049272242177
0,fwd_pkt_len_mean_mean,-0.21421041090436188,0.21421041090436188
0,fwd_pkt_len_mean_std,0.011870028540164595,0.011870028540164595
0,fwd_pkt_len_mean_sum,0.4372827946927024,0.4372827946927024
0,fwd_pkt_len_mean_min,0.012776653049481175,0.012776653049481175
0,fwd_pkt_len_mean_max,0.014024863697189124,0.014024863697189124
0,fwd_pkt_len_std_mean,2.0129719650695894,2.0129719650695894
0,fwd_pkt_len_std_std,0.9017542197961036,0.9017542197961036
0,fwd_pkt_len_std_sum,0.4313519638903746,0.4313519638903746
0,fwd_pkt_len_std_min,0.036895893768552776,0.036895893768552776
0,fwd_pkt_len_std_max,-0.2664302424265069,0.2664302424265069
0,bwd_pkt_len_max_mean,0.004071995962645902,0.004071995962645902
0,bwd_pkt_len_max_std,0.5779469287255975,0.5779469287255975
0,bwd_pkt_len_max_sum,0.16491916795579964,0.16491916795579964
0,bwd_pkt_len_max_min,0.04536820760505557,0.04536820760505557
0,bwd_pkt_len_max_max,-0.13407084087085167,0.13407084087085167
0,bwd_pkt_len_min_mean,0.8574457950083533,0.8574457950083533
0,bwd_pkt_len_min_std,-0.35798369963287435,0.35798369963287435
0,bwd_pkt_len_min_sum,0.23121747576947857,0.23121747576947857
0,bwd_pkt_len_min_min,0.0,0.0
0,bwd_pkt_len_min_max,-0.014305879754163324,0.014305879754163324
0,bwd_pkt_len_mean_mean,0.19334370500582432,0.19334370500582432
0,bwd_pkt_len_mean_std,0.29250171077322656,0.29250171077322656
0,bwd_pkt_len_mean_sum,0.4721795090744786,0.4721795090744786
0,bwd_pkt_len_mean_min,0.05086850562340169,0.05086850562340169
0,bwd_pkt_len_mean_max,1.5407715475292478,1.5407715475292478
0,bwd_pkt_len_std_mean,-1.6535578545857994,1.6535578545857994
0,bwd_pkt_len_std_std,1.127401964005208,1.127401964005208
0,bwd_pkt_len_std_sum,-0.0041953592888026095,0.0041953592888026095
0,bwd_pkt_len_std_min,0.042180082807734755,0.042180082807734755
0,bwd_pkt_len_std_max,1.2281096909440414,1.2281096909440414
0,bytes_per_sec_mean,-1.3223026063366727,1.3223026063366727
0,bytes_per_sec_std,0.2631485114808116,0.2631485114808116
0,bytes_per_sec_sum,-0.878105994807298,0.878105994807298
0,bytes_per_sec_min,0.050858637304461614,0.050858637304461614
0,bytes_per_sec_max,1.1733691997034954,1.1733691997034954
0,packets_per_sec_mean,-0.288470353880347,0.288470353880347
0,packets_per_sec_std,0.032012008606939965,0.032012008606939965
0,packets_per_sec_sum,-0.26279003758171476,0.26279003758171476
0,packets_per_sec_min,-0.16789701286243294,0.16789701286243294
0,packets_per_sec_max,-0.3201287298946237,0.3201287298946237
0,flow_iat_mean_mean,0.22132150877423087,0.22132150877423087
0,flow_iat_mean_std,-0.15653667992422526,0.15653667992422526
0,flow_iat_mean_sum,0.26101747721733787,0.26101747721733787
0,flow_iat_mean_min,0.01540321866606319,0.01540321866606319
0,flow_iat_mean_max,-0.04056162816123166,0.04056162816123166
0,flow_iat_std_mean,-0.267387458325786,0.267387458325786
0,flow_iat_std_std,-1.2447696731978017,1.2447696731978017
0,flow_iat_std_sum,-0.39888993043106075,0.39888993043106075
0,flow_iat_std_min,-0.04378479982464638,0.04378479982464638
0,flow_iat_std_max,-0.26734335493546174,0.26734335493546174
0,flow_iat_max_mean,-0.26648071258192174,0.26648071258192174
0,flow_iat_max_std,-0.5702596907526609,0.5702596907526609
0,flow_iat_max_sum,0.19034902860314665,0.19034902860314665
0,flow_iat_max_min,-0.0005532776419210847,0.0005532776419210847
0,flow_iat_max_max,0.198408368716283,0.198408368716283
0,flow_iat_min_mean,0.1660291944843596,0.1660291944843596
0,flow_iat_min_std,0.032609733214236276,0.032609733214236276
0,flow_iat_min_sum,0.3219501222513752,0.3219501222513752
0,flow_iat_min_min,0.022728343994939,0.022728343994939
0,flow_iat_min_max,0.09513599114024354,0.09513599114024354
0,fwd_iat_tot_mean,0.07469768635733873,0.07469768635733873
0,fwd_iat_tot_std,0.24688264880977956,0.24688264880977956
0,fwd_iat_tot_sum,-0.1091126716911817,0.1091126716911817
0,fwd_iat_tot_min,0.09097350725537143,0.09097350725537143
0,fwd_iat_tot_max,0.03960599372751863,0.03960599372751863
0,fwd_iat_mean_mean,-0.0751253604374978,0.0751253604374978
0,fwd_iat_mean_std,-0.6772941572417521,0.6772941572417521
0,fwd_iat_mean_sum,0.16368854894446794,0.16368854894446794
0,fwd_iat_mean_min,0.008576796458100163,0.008576796458100163
0,fwd_iat_mean_max,0.2765708412047811,0.2765708412047811
0,fwd_iat_std_mean,0.32907233514134887,0.32907233514134887
0,fwd_iat_std_std,0.33694920907150355,0.33694920907150355
0,fwd_iat_std_sum,0.2686329582435343,0.2686329582435343
0,fwd_iat_std_min,-0.05083472565367185,0.05083472565367185
0,fwd_iat_std_max,0.2827565110275996,0.2827565110275996
0,fwd_iat_max_mean,0.06346838196746506,0.06346838196746506
0,fwd_iat_max_std,-0.06052567671909806,0.06052567671909806
0,fwd_iat_max_sum,0.35985620684478636,0.35985620684478636
0,fwd_iat_max_min,-0.0006264528708648475,0.0006264528708648475
0,fwd_iat_max_max,-0.27758713613802144,0.27758713613802144
0,fwd_iat_min_mean,0.004127213936851603,0.004127213936851603
0,fwd_iat_min_std,-0.4289660166927376,0.4289660166927376
0,fwd_iat_min_sum,0.3400360787682943,0.3400360787682943
0,fwd_iat_min_min,0.006508751312141538,0.006508751312141538
0,fwd_iat_min_max,0.32366602223885266,0.32366602223885266
0,bwd_iat_tot_mean,-0.5875310324893686,0.5875310324893686
0,bwd_iat_tot_std,-0.10214243515680625,0.10214243515680625
0,bwd_iat_tot_sum,-0.07726816955972904,0.07726816955972904
0,bwd_iat_tot_min,0.02269271659801173,0.02269271659801173
0,bwd_iat_tot_max,-0.29002731448230307,0.29002731448230307
0,bwd_iat_mean_mean,0.4760347116082232,0.4760347116082232
0,bwd_iat_mean_std,1.0078889094644123,1.0078889094644123
0,bwd_iat_mean_sum,-0.6433565947092292,0.6433565947092292
0,bwd_iat_mean_min,-0.04204736450520622,0.04204736450520622
0,bwd_iat_mean_max,-0.5363747064114829,0.5363747064114829
0,bwd_iat_std_mean,1.3661760062460702,1.3661760062460702
0,bwd_iat_std_std,0.24330949078098352,0.24330949078098352
0,bwd_iat_std_sum,0.2991966704913186,0.2991966704913186
0,bwd_iat_std_min,0.019794782721196724,0.019794782721196724
0,bwd_iat_std_max,-0.058560185088388575,0.058560185088388575
0,bwd_iat_max_mean,-0.17242124308777018,0.17242124308777018
0,bwd_iat_max_std,-1.0239023905364284,1.0239023905364284
0,bwd_iat_max_sum,-0.12178290648772336,0.12178290648772336
0,bwd_iat_max_min,-0.0021383723927088268,0.0021383723927088268
0,bwd_iat_max_max,0.012473929024534999,0.012473929024534999
0,bwd_iat_min_mean,-0.03881890855347338,0.03881890855347338
0,bwd_iat_min_std,-1.033609363168014,1.033609363168014
0,bwd_iat_min_sum,0.10937219550133968,0.10937219550133968
0,bwd_iat_min_min,-0.08053155734979171,0.08053155734979171
0,bwd_iat_min_max,0.8951189414808978,0.8951189414808978
0,fwd_psh_flags_mean,-0.08878260902503257,0.08878260902503257
0,fwd_psh_flags_std,-0.14217267966628805,0.14217267966628805
0,fwd_psh_flags_sum,-0.06503495193489757,0.06503495193489757
0,fwd_psh_flags_min,-0.012455735900744617,0.012455735900744617
0,fwd_psh_flags_max,0.0952701658220963,0.0952701658220963
0,bwd_psh_flags_mean,0.0,0.0
0,bwd_psh_flags_std,0.0,0.0
0,bwd_psh_flags_sum,0.0,0.0
0,bwd_psh_flags_min,0.0,0.0
0,bwd_psh_flags_max,0.0,0.0
0,fwd_urg_flags_mean,-0.217165720271742,0.217165720271742
0,fwd_urg_flags_std,0.3817325703702458,0.3817325703702458
0,fwd_urg_flags_sum,0.013983973229749817,0.013983973229749817
0,fwd_urg_flags_min,0.0,0.0
0,fwd_urg_flags_max,0.12166113299522369,0.12166113299522369
0,bwd_urg_flags_mean,0.0,0.0
0,bwd_urg_flags_std,0.0,0.0
0,bwd_urg_flags_sum,0.0,0.0
0,bwd_urg_flags_min,0.0,0.0
0,bwd_urg_flags_max,0.0,0.0
0,fwd_header_len_mean,0.26351260240515034,0.26351260240515034
0,fwd_header_len_std,0.3184895072362486,0.3184895072362486
0,fwd_header_len_sum,0.22829251380295654,0.22829251380295654
0,fwd_header_len_min,-0.013811579311865678,0.013811579311865678
0,fwd_header_len_max,0.5366433191243304,0.5366433191243304
0,bwd_header_len_mean,-0.025947266142007427,0.025947266142007427
0,bwd_header_len_std,-0.2632725941762962,0.2632725941762962
0,bwd_header_len_sum,0.08058271399688435,0.08058271399688435
0,bwd_header_len_min,-0.0006859047600579348,0.0006859047600579348
0,bwd_header_len_max,0.5736039143882411,0.5736039143882411
0,fwd_pkts_per_sec_mean,0.3358748786208092,0.3358748786208092
0,fwd_pkts_per_sec_std,0.106639916875141,0.106639916875141
0,fwd_pkts_per_sec_sum,0.3865626966325515,0.3865626966325515
0,fwd_pkts_per_sec_min,0.019071248236030642,0.019071248236030642
0,fwd_pkts_per_sec_max,-0.39346299312766025,0.39346299312766025
0,bwd_pkts_per_sec_mean,-0.2065640812901609,0.2065640812901609
0,bwd_pkts_per_sec_std,0.693249860360619,0.693249860360619
0,bwd_pkts_per_sec_sum,-0.9507571262116361,0.9507571262116361
0,bwd_pkts_per_sec_min,0.01908105425821709,0.01908105425821709
0,bwd_pkts_per_sec_max,-0.25994240525265416,0.25994240525265416
0,pkt_len_min_mean,-0.011800134998024008,0.011800134998024008
0,pkt_len_min_std,0.9218832561137883,0.9218832561137883
0,pkt_len_min_sum,-0.1815163292612921,0.1815163292612921
0,pkt_len_min_min,0.046175324477117585,0.046175324477117585
0,pkt_len_min_max,-0.30922284537430594,0.30922284537430594
0,pkt_len_max_mean,-0.647839317736775,0.647839317736775
0,pkt_len_max_std,-0.7281498797238714,0.7281498797238714
0,pkt_len_max_sum,0.2980307977038088,0.2980307977038088
0,pkt_len_max_min,0.0049180120567448495,0.0049180120567448495
0,pkt_len_max_max,0.35168280118791906,0.35168280118791906
0,pkt_len_mean_mean,-0.6802780937196493,0.6802780937196493
0,pkt_len_mean_std,0.3269626182498964,0.3269626182498964
0,pkt_len_mean_sum,0.3333241316924969,0.3333241316924969
0,pkt_len_mean_min,0.020251300252792204,0.020251300252792204
0,pkt_len_mean_max,-0.9575876592864923,0.9575876592864923
0,pkt_len_std_mean,-0.9469131087132555,0.9469131087132555
0,pkt_len_std_std,0.554049257671493,0.554049257671493
0,pkt_len_std_sum,0.2810653943722095,0.2810653943722095
0,pkt_len_std_min,0.04580630860738866,0.04580630860738866
0,pkt_len_std_max,-0.14538182307300612,0.14538182307300612
0,pkt_len_var_mean,-1.23888210006738,1.23888210006738
0,pkt_len_var_std,-1.5462858194645437,1.5462858194645437
0,pkt_len_var_sum,0.5355735589814389,0.5355735589814389
0,pkt_len_var_min,0.043595522449964175,0.043595522449964175
0,pkt_len_var_max,-1.483720660329203,1.483720660329203
0,fin_flag_cnt_mean,0.0662155293371325,0.0662155293371325
0,fin_flag_cnt_std,0.13622774034941873,0.13622774034941873
0,fin_flag_cnt_sum,-0.01828497307609991,0.01828497307609991
0,fin_flag_cnt_min,0.0,0.0
0,fin_flag_cnt_max,0.14320588500045206,0.14320588500045206
0,syn_flag_cnt_mean,-0.08878260902503257,0.08878260902503257
0,syn_flag_cnt_std,-0.14217267966628805,0.14217267966628805
0,syn_flag_cnt_sum,-0.06503495193489757,0.06503495193489757
0,syn_flag_cnt_min,-0.012455735900744617,0.012455735900744617
0,syn_flag_cnt_max,0.0952701658220963,0.0952701658220963
0,rst_flag_cnt_mean,0.016950399404058687,0.016950399404058687
0,rst_flag_cnt_std,0.5994965237355225,0.5994965237355225
0,rst_flag_cnt_sum,0.6783519610385143,0.6783519610385143
0,rst_flag_cnt_min,0.0,0.0
0,rst_flag_cnt_max,-0.32852145781625375,0.32852145781625375
0,psh_flag_cnt_mean,0.4940762085161516,0.4940762085161516
0,psh_flag_cnt_std,-0.03453361474214174,0.03453361474214174
0,psh_flag_cnt_sum,0.0943560814127628,0.0943560814127628
0,psh_flag_cnt_min,0.005979695309945065,0.005979695309945065
0,psh_flag_cnt_max,-0.48797746854166507,0.48797746854166507
0,ack_flag_cnt_mean,0.18875350145962128,0.18875350145962128
0,ack_flag_cnt_std,0.9931873410100234,0.9931873410100234
0,ack_flag_cnt_sum,0.4770279017704771,0.4770279017704771
0,ack_flag_cnt_min,-0.012455735900744617,0.012455735900744617
0,ack_flag_cnt_max,-0.3428803760578955,0.3428803760578955
0,urg_flag_cnt_mean,-0.8302109688264484,0.8302109688264484
0,urg_flag_cnt_std,0.5438955781880724,0.5438955781880724
0,urg_flag_cnt_sum,-6.821531969623015e-05,6.821531969623015e-05
0,urg_flag_cnt_min,0.0,0.0
0,urg_flag_cnt_max,0.8113638646408463,0.8113638646408463
0,cwe_flag_cnt_mean,-0.217165720271742,0.217165720271742
0,cwe_flag_cnt_std,0.3817325703702458,0.3817325703702458
0,cwe_flag_cnt_sum,0.013983973229749817,0.013983973229749817
0,cwe_flag_cnt_min,0.0,0.0
0,cwe_flag_cnt_max,0.12166113299522369,0.12166113299522369
0,ece_flag_cnt_mean,0.05935489009574442,0.05935489009574442
0,ece_flag_cnt_std,0.6244351829062886,0.6244351829062886
0,ece_flag_cnt_sum,0.6792609129131357,0.6792609129131357
0,ece_flag_cnt_min,0.0,0.0
0,ece_flag_cnt_max,-0.32852145781625375,0.32852145781625375
0,down_up_ratio_mean,0.34008166301307946,0.34008166301307946
0,down_up_ratio_std,-1.1961707113723636,1.1961707113723636
0,down_up_ratio_sum,0.28730583236223284,0.28730583236223284
0,down_up_ratio_min,-0.006078701139402577,0.006078701139402577
0,down_up_ratio_max,0.4462797617591901,0.4462797617591901
0,pkt_size_avg_mean,-0.6782030488594546,0.6782030488594546
0,pkt_size_avg_std,0.22095752582552897,0.22095752582552897
0,pkt_size_avg_sum,0.29329364835967087,0.29329364835967087
0,pkt_size_avg_min,0.00997109535165171,0.00997109535165171
0,pkt_size_avg_max,0.2818716887312744,0.2818716887312744
0,fwd_seg_size_avg_mean,-0.21421041090436188,0.21421041090436188
0,fwd_seg_size_avg_std,0.011870028540164595,0.011870028540164595
0,fwd_seg_size_avg_sum,0.4372827946927024,0.4372827946927024
0,fwd_seg_size_avg_min,0.012776653049481175,0.012776653049481175
0,fwd_seg_size_avg_max,0.014024863697189124,0.014024863697189124
0,bwd_seg_size_avg_mean,0.19334370500233278,0.19334370500233278
0,bwd_seg_size_avg_std,0.29250171075761294,0.29250171075761294
0,bwd_seg_size_avg_sum,0.4721795090739927,0.4721795090739927
0,bwd_seg_size_avg_min,0.05086850562340169,0.05086850562340169
0,bwd_seg_size_avg_max,1.5407715475293586,1.5407715475293586
0,fwd_byts_b_avg_mean,0.0,0.0
0,fwd_byts_b_avg_std,0.0,0.0
0,fwd_byts_b_avg_sum,0.0,0.0
0,fwd_byts_b_avg_min,0.0,0.0
0,fwd_byts_b_avg_max,0.0,0.0
0,fwd_pkts_b_avg_mean,0.0,0.0
0,fwd_pkts_b_avg_std,0.0,0.0
0,fwd_pkts_b_avg_sum,0.0,0.0
0,fwd_pkts_b_avg_min,0.0,0.0
0,fwd_pkts_b_avg_max,0.0,0.0
0,fwd_blk_rate_avg_mean,0.0,0.0
0,fwd_blk_rate_avg_std,0.0,0.0
0,fwd_blk_rate_avg_sum,0.0,0.0
0,fwd_blk_rate_avg_min,0.0,0.0
0,fwd_blk_rate_avg_max,0.0,0.0
0,bwd_byts_b_avg_mean,0.0,0.0
0,bwd_byts_b_avg_std,0.0,0.0
0,bwd_byts_b_avg_sum,0.0,0.0
0,bwd_byts_b_avg_min,0.0,0.0
0,bwd_byts_b_avg_max,0.0,0.0
0,bwd_pkts_b_avg_mean,0.0,0.0
0,bwd_pkts_b_avg_std,0.0,0.0
0,bwd_pkts_b_avg_sum,0.0,0.0
0,bwd_pkts_b_avg_min,0.0,0.0
0,bwd_pkts_b_avg_max,0.0,0.0
0,bwd_blk_rate_avg_mean,0.0,0.0
0,bwd_blk_rate_avg_std,0.0,0.0
0,bwd_blk_rate_avg_sum,0.0,0.0
0,bwd_blk_rate_avg_min,0.0,0.0
0,bwd_blk_rate_avg_max,0.0,0.0
0,subflow_fwd_pkts_mean,0.2618575960996056,0.2618575960996056
0,subflow_fwd_pkts_std,0.30304622690891975,0.30304622690891975
0,subflow_fwd_pkts_sum,0.17553868874184628,0.17553868874184628
0,subflow_fwd_pkts_min,0.0692096285206178,0.0692096285206178
0,subflow_fwd_pkts_max,0.1988166464827393,0.1988166464827393
0,subflow_fwd_byts_mean,0.2035162423339533,0.2035162423339533
0,subflow_fwd_byts_std,-0.06971400574545952,0.06971400574545952
0,subflow_fwd_byts_sum,0.190592305175121,0.190592305175121
0,subflow_fwd_byts_min,-0.022318884560851533,0.022318884560851533
0,subflow_fwd_byts_max,-0.14644376119222968,0.14644376119222968
0,subflow_bwd_pkts_mean,-0.13593865221064672,0.13593865221064672
0,subflow_bwd_pkts_std,-0.6334787024315343,0.6334787024315343
0,subflow_bwd_pkts_sum,-0.17359815236046638,0.17359815236046638
0,subflow_bwd_pkts_min,-0.0542574464487558,0.0542574464487558
0,subflow_bwd_pkts_max,-0.08616856439792986,0.08616856439792986
0,subflow_bwd_byts_mean,0.23261882165381836,0.23261882165381836
0,subflow_bwd_byts_std,-0.23841528430400769,0.23841528430400769
0,subflow_bwd_byts_sum,-0.8772933975101812,0.8772933975101812
0,subflow_bwd_byts_min,0.04438273466411534,0.04438273466411534
0,subflow_bwd_byts_max,0.4556947686283168,0.4556947686283168
0,window_size_fwd_mean,0.3820579368655168,0.3820579368655168
0,window_size_fwd_std,-1.19170104632219,1.19170104632219
0,window_size_fwd_sum,0.15601324811553896,0.15601324811553896
0,window_size_fwd_min,0.03047950459177414,0.03047950459177414
0,window_size_fwd_max,-0.18828432918462742,0.18828432918462742
0,window_size_bwd_mean,-0.7875417016250553,0.7875417016250553
0,window_size_bwd_std,1.959015591781596,1.959015591781596
0,window_size_bwd_sum,-0.7625374683588321,0.7625374683588321
0,window_size_bwd_min,0.03731482304374601,0.03731482304374601
0,window_size_bwd_max,0.3815598489976992,0.3815598489976992
0,fwd_act_data_pkts_mean,0.260882110560846,0.260882110560846
0,fwd_act_data_pkts_std,0.29872892017963704,0.29872892017963704
0,fwd_act_data_pkts_sum,0.15718658876368055,0.15718658876368055
0,fwd_act_data_pkts_min,0.13640870244905381,0.13640870244905381
0,fwd_act_data_pkts_max,0.16149645931223894,0.16149645931223894
0,fwd_seg_size_min_mean,1.0397320784846253,1.0397320784846253
0,fwd_seg_size_min_std,-0.40206996961097413,0.40206996961097413
0,fwd_seg_size_min_sum,0.2573930296795642,0.2573930296795642
0,fwd_seg_size_min_min,-0.15055088915381704,0.15055088915381704
0,fwd_seg_size_min_max,-0.12106218178546199,0.12106218178546199
0,active_mean_mean,-0.16673496296733242,0.16673496296733242
0,active_mean_std,-0.34463981041595726,0.34463981041595726
0,active_mean_sum,-0.6542534792779462,0.6542534792779462
0,active_mean_min,0.004538831413775975,0.004538831413775975
0,active_mean_max,-0.035011524657906176,0.035011524657906176
0,active_std_mean,-0.4400088976397716,0.4400088976397716
0,active_std_std,-0.12101795523731244,0.12101795523731244
0,active_std_sum,-0.6248548232041413,0.6248548232041413
0,active_std_min,0.021693521878660225,0.021693521878660225
0,active_std_max,0.24540192727130944,0.24540192727130944
0,active_max_mean,-0.25318651138144416,0.25318651138144416
0,active_max_std,0.46151326433509526,0.46151326433509526
0,active_max_sum,0.7248950933577476,0.7248950933577476
0,active_max_min,0.010173926065760145,0.010173926065760145
0,active_max_max,0.1925968247308298,0.1925968247308298
0,active_min_mean,0.03924790568767936,0.03924790568767936
0,active_min_std,-0.34879736638854836,0.34879736638854836
0,active_min_sum,0.16982842354701164,0.16982842354701164
0,active_min_min,-0.005005804408932965,0.005005804408932965
0,active_min_max,0.17299153398966982,0.17299153398966982
0,idle_mean_mean,0.1335156532708815,0.1335156532708815
0,idle_mean_std,-0.20453500279831677,0.20453500279831677
0,idle_mean_sum,0.023706825058132174,0.023706825058132174
0,idle_mean_min,-0.02039213695533497,0.02039213695533497
0,idle_mean_max,-0.09363223280193632,0.09363223280193632
0,idle_std_mean,0.429558711824926,0.429558711824926
0,idle_std_std,0.007741774319992895,0.007741774319992895
0,idle_std_sum,0.046763469673643324,0.046763469673643324
0,idle_std_min,-0.02795480816229753,0.02795480816229753
0,idle_std_max,-0.034536548730536416,0.034536548730536416
0,idle_max_mean,0.3323704773497591,0.3323704773497591
0,idle_max_std,0.09324776712150833,0.09324776712150833
0,idle_max_sum,0.11940115620771503,0.11940115620771503
0,idle_max_min,-0.0011840397345706194,0.0011840397345706194
0,idle_max_max,-0.12212950960039644,0.12212950960039644
0,idle_min_mean,-0.20348184232737307,0.20348184232737307
0,idle_min_std,-0.3828655544719482,0.3828655544719482
0,idle_min_sum,-0.042256577776717416,0.042256577776717416
0,idle_min_min,-0.05345953023885606,0.05345953023885606
0,idle_min_max,-0.07163931457554579,0.07163931457554579
0,duration_sec_mean,0.08249163677787527,0.08249163677787527
0,duration_sec_std,0.649647134751292,0.649647134751292
0,duration_sec_sum,-0.13715937295728436,0.13715937295728436
0,duration_sec_min,0.07443449670387162,0.07443449670387162
0,duration_sec_max,0.1525505359073529,0.1525505359073529
0,flow_count,0.13507243321260068,0.13507243321260068
0,unique_dst_ports_count,0.14249910220320175,0.14249910220320175
0,unique_protocols_count,0.01159376606617343,0.01159376606617343
0,pkt_ttl_min,-0.2332394927877182,0.2332394927877182
0,pkt_ttl_max,-0.4860138312062811,0.4860138312062811
0,pkt_ttl_std,0.36286554040909996,0.36286554040909996
0,pkt_ttl_mode,0.35889631183857496,0.35889631183857496
0,pkt_frag_mf_count,0.0,0.0
0,pkt_frag_df_count,0.7148105562460603,0.7148105562460603
0,pkt_payload_size_p25,-0.06626980402718197,0.06626980402718197
0,pkt_payload_size_p50,-0.2138906757403419,0.2138906757403419
0,pkt_payload_size_p75,-0.6670482527487631,0.6670482527487631
0,pkt_payload_size_p95,-0.891343698814616,0.891343698814616
0,pkt_tcp_retrans_count,1.55967263377892,1.55967263377892
0,pkt_port_scan_seq_score,1.4508794218087573,1.4508794218087573
1,duration_microsec_mean,0.09535131030705186,0.09535131030705186
1,duration_microsec_std,0.20839740707101193,0.20839740707101193
1,duration_microsec_sum,-0.06483240927239085,0.06483240927239085
1,duration_microsec_min,0.09205628894005999,0.09205628894005999
1,duration_microsec_max,0.2915084377541254,0.2915084377541254
1,packet_count_fwd_mean,0.5647938876652682,0.5647938876652682
1,packet_count_fwd_std,-0.2692789098076699,0.2692789098076699
1,packet_count_fwd_sum,0.23496829812296485,0.23496829812296485
1,packet_count_fwd_min,0.13933215297524834,0.13933215297524834
1,packet_count_fwd_max,-0.0351453403012991,0.0351453403012991
1,packet_count_bwd_mean,0.5768759947976616,0.5768759947976616
1,packet_count_bwd_std,1.095373378144596,1.095373378144596
1,packet_count_bwd_sum,0.03928206434064512,0.03928206434064512
1,packet_count_bwd_min,-0.15779207594282554,0.15779207594282554
1,packet_count_bwd_max,0.24740653378256647,0.24740653378256647
1,byte_count_fwd_mean,-0.06310714333035888,0.06310714333035888
1,byte_count_fwd_std,-0.7389215226153061,0.7389215226153061
1,byte_count_fwd_sum,-0.19550081016116178,0.19550081016116178
1,byte_count_fwd_min,0.19625510058098294,0.19625510058098294
1,byte_count_fwd_max,1.3136213344028687,1.3136213344028687
1,byte_count_bwd_mean,-0.5591907277463766,0.5591907277463766
1,byte_count_bwd_std,-1.5680617525271352,1.5680617525271352
1,byte_count_bwd_sum,-0.4474491127045761,0.4474491127045761
1,byte_count_bwd_min,0.05068249146157692,0.05068249146157692
1,byte_count_bwd_max,-0.6580084249954015,0.6580084249954015
1,fwd_pkt_len_max_mean,0.2156421324964653,0.2156421324964653
1,fwd_pkt_len_max_std,-1.6768289432587327,1.6768289432587327
1,fwd_pkt_len_max_sum,0.3890946175796063,0.3890946175796063
1,fwd_pkt_len_max_min,-0.05777468054448622,0.05777468054448622
1,fwd_pkt_len_max_max,0.4980424200613291,0.4980424200613291
1,fwd_pkt_len_min_mean,-0.1922679724901609,0.1922679724901609
1,fwd_pkt_len_min_std,0.01590516022112763,0.01590516022112763
1,fwd_pkt_len_min_sum,-0.15295878600493967,0.15295878600493967
1,fwd_pkt_len_min_min,0.04649850806692228,0.04649850806692228
1,fwd_pkt_len_min_max,-0.023735555980912114,0.023735555980912114
1,fwd_pkt_len_mean_mean,-0.2132430376134326,0.2132430376134326
1,fwd_pkt_len_mean_std,0.011426203939840746,0.011426203939840746
1,fwd_pkt_len_mean_sum,0.43759393210941466,0.43759393210941466
1,fwd_pkt_len_mean_min,0.012764490964120327,0.012764490964120327
1,fwd_pkt_len_mean_max,0.014147518475474949,0.014147518475474949
1,fwd_pkt_len_std_mean,2.01365892093025,2.01365892093025
1,fwd_pkt_len_std_std,0.9020954679106404,0.9020954679106404
1,fwd_pkt_len_std_sum,0.4315631511287987,0.4315631511287987
1,fwd_pkt_len_std_min,0.03706529768148263,0.03706529768148263
1,fwd_pkt_len_std_max,-0.2665269206588101,0.2665269206588101
1,bwd_pkt_len_max_mean,0.0031546757114546673,0.0031546757114546673
1,bwd_pkt_len_max_std,0.5780607353150308,0.5780607353150308
1,bwd_pkt_len_max_sum,0.1646869112185388,0.1646869112185388
1,bwd_pkt_len_max_min,0.04540070235134126,0.04540070235134126
1,bwd_pkt_len_max_max,-0.13407970009788747,0.13407970009788747
1,bwd_pkt_len_min_mean,0.8576044805604951,0.8576044805604951
1,bwd_pkt_len_min_std,-0.3578137242217039,0.3578137242217039
1,bwd_pkt_len_min_sum,0.23103755744824578,0.23103755744824578
1,bwd_pkt_len_min_min,0.0,0.0
1,bwd_pkt_len_min_max,-0.014339452170617415,0.014339452170617415
1,bwd_pkt_len_mean_mean,0.19214411570238263,0.19214411570238263
1,bwd_pkt_len_mean_std,0.29296982943201555,0.29296982943201555
1,bwd_pkt_len_mean_sum,0.4717771034920771,0.4717771034920771
1,bwd_pkt_len_mean_min,0.05090203404703581,0.05090203404703581
1,bwd_pkt_len_mean_max,1.5410747297104155,1.5410747297104155
1,bwd_pkt_len_std_mean,-1.6539284399794008,1.6539284399794008
1,bwd_pkt_len_std_std,1.1271464767439814,1.1271464767439814
1,bwd_pkt_len_std_sum,-0.004654144005251613,0.004654144005251613
1,bwd_pkt_len_std_min,0.042230621805883425,0.042230621805883425
1,bwd_pkt_len_std_max,1.2280949422479037,1.2280949422479037
1,bytes_per_sec_mean,-1.3224649759047884,1.3224649759047884
1,bytes_per_sec_std,0.2633781541434964,0.2633781541434964
1,bytes_per_sec_sum,-0.877957372915957,0.877957372915957
1,bytes_per_sec_min,0.05105181567177588,0.05105181567177588
1,bytes_per_sec_max,1.1733748512749487,1.1733748512749487
1,packets_per_sec_mean,-0.28838936032391066,0.28838936032391066
1,packets_per_sec_std,0.032221034625562486,0.032221034625562486
1,packets_per_sec_sum,-0.2626548094724578,0.2626548094724578
1,packets_per_sec_min,-0.16875405537856442,0.16875405537856442
1,packets_per_sec_max,-0.3199775256934435,0.3199775256934435
1,flow_iat_mean_mean,0.2212254734662414,0.2212254734662414
1,flow_iat_mean_std,-0.15670675434069167,0.15670675434069167
1,flow_iat_mean_sum,0.2610003493073029,0.2610003493073029
1,flow_iat_mean_min,0.015270559765801234,0.015270559765801234
1,flow_iat_mean_max,-0.04067175717650113,0.04067175717650113
1,flow_iat_std_mean,-0.26771066467889154,0.26771066467889154
1,flow_iat_std_std,-1.2444072352670126,1.2444072352670126
1,flow_iat_std_sum,-0.3987145360493602,0.3987145360493602
1,flow_iat_std_min,-0.04393838056171864,0.04393838056171864
1,flow_iat_std_max,-0.2675065160458209,0.2675065160458209
1,flow_iat_max_mean,-0.26637227359037796,0.26637227359037796
1,flow_iat_max_std,-0.5701174266509615,0.5701174266509615
1,flow_iat_max_sum,0.1906369087159153,0.1906369087159153
1,flow_iat_max_min,-0.0006669578414538747,0.0006669578414538747
1,flow_iat_max_max,0.19847904920893236,0.19847904920893236
1,flow_iat_min_mean,0.16606848624534234,0.16606848624534234
1,flow_iat_min_std,0.03242488867788766,0.03242488867788766
1,flow_iat_min_sum,0.32196056145919866,0.32196056145919866
1,flow_iat_min_min,0.022596884043288128,0.022596884043288128
1,flow_iat_min_max,0.09518728601070181,0.09518728601070181
1,fwd_iat_tot_mean,0.07430367404954817,0.07430367404954817
1,fwd_iat_tot_std,0.2467356615914,0.2467356615914
1,fwd_iat_tot_sum,-0.10901649150528664,0.10901649150528664
1,fwd_iat_tot_min,0.09116760641911045,0.09116760641911045
1,fwd_iat_tot_max,0.03985839170373714,0.03985839170373714
1,fwd_iat_mean_mean,-0.07516755769787441,0.07516755769787441
1,fwd_iat_mean_std,-0.6773612073132635,0.6773612073132635
1,fwd_iat_mean_sum,0.16363061820284858,0.16363061820284858
1,fwd_iat_mean_min,0.008441157410302984,0.008441157410302984
1,fwd_iat_mean_max,0.27637126230172465,0.27637126230172465
1,fwd_iat_std_mean,0.32856053433375176,0.32856053433375176
1,fwd_iat_std_std,0.33699412784022426,0.33699412784022426
1,fwd_iat_std_sum,0.2685764508394575,0.2685764508394575
1,fwd_iat_std_min,-0.05097457596649068,0.05097457596649068
1,fwd_iat_std_max,0.2825849992882955,0.2825849992882955
1,fwd_iat_max_mean,0.06350691157289827,0.06350691157289827
1,fwd_iat_max_std,-0.06059173231861165,0.06059173231861165
1,fwd_iat_max_sum,0.3600887002637857,0.3600887002637857
1,fwd_iat_max_min,-0.0007393415966441208,0.0007393415966441208
1,fwd_iat_max_max,-0.27740715849361175,0.27740715849361175
1,fwd_iat_min_mean,0.0042849590796655,0.0042849590796655
1,fwd_iat_min_std,-0.4290343681386881,0.4290343681386881
1,fwd_iat_min_sum,0.340093167660628,0.340093167660628
1,fwd_iat_min_min,0.006334523614214209,0.006334523614214209
1,fwd_iat_min_max,0.3235308008598831,0.3235308008598831
1,bwd_iat_tot_mean,-0.5878268748967215,0.5878268748967215
1,bwd_iat_tot_std,-0.1016969349039451,0.1016969349039451
1,bwd_iat_tot_sum,-0.0769885812588331,0.0769885812588331
1,bwd_iat_tot_min,0.02317749941369334,0.02317749941369334
1,bwd_iat_tot_max,-0.29009321554914647,0.29009321554914647
1,bwd_iat_mean_mean,0.47596392599904774,0.47596392599904774
1,bwd_iat_mean_std,1.0074282673527797,1.0074282673527797
1,bwd_iat_mean_sum,-0.6433769429365833,0.6433769429365833
1,bwd_iat_mean_min,-0.04171417983824151,0.04171417983824151
1,bwd_iat_mean_max,-0.5365219853281735,0.5365219853281735
1,bwd_iat_std_mean,1.3660035644017932,1.3660035644017932
1,bwd_iat_std_std,0.24279696941100207,0.24279696941100207
1,bwd_iat_std_sum,0.2988118160399106,0.2988118160399106
1,bwd_iat_std_min,0.021205619241056076,0.021205619241056076
1,bwd_iat_std_max,-0.058697302405230814,0.058697302405230814
1,bwd_iat_max_mean,-0.17256488744935794,0.17256488744935794
1,bwd_iat_max_std,-1.0234889937737264,1.0234889937737264
1,bwd_iat_max_sum,-0.12176103202021901,0.12176103202021901
1,bwd_iat_max_min,-0.0011552318428718108,0.0011552318428718108
1,bwd_iat_max_max,0.012556825533805131,0.012556825533805131
1,bwd_iat_min_mean,-0.038682682690705295,0.038682682690705295
1,bwd_iat_min_std,-1.033609970846895,1.033609970846895
1,bwd_iat_min_sum,0.10924242108828872,0.10924242108828872
1,bwd_iat_min_min,-0.08086786425731318,0.08086786425731318
1,bwd_iat_min_max,0.895545454970405,0.895545454970405
1,fwd_psh_flags_mean,-0.0887821052773649,0.0887821052773649
1,fwd_psh_flags_std,-0.14219897178586832,0.14219897178586832
1,fwd_psh_flags_sum,-0.06490365864053547,0.06490365864053547
1,fwd_psh_flags_min,-0.01047894211362456,0.01047894211362456
1,fwd_psh_flags_max,0.09548505431855468,0.09548505431855468
1,bwd_psh_flags_mean,0.0,0.0
1,bwd_psh_flags_std,0.0,0.0
1,bwd_psh_flags_sum,0.0,0.0
1,bwd_psh_flags_min,0.0,0.0
1,bwd_psh_flags_max,0.0,0.0
1,fwd_urg_flags_mean,-0.21715478483557266,0.21715478483557266
1,fwd_urg_flags_std,0.38170911994849593,0.38170911994849593
1,fwd_urg_flags_sum,0.013929280753291766,0.013929280753291766
1,fwd_urg_flags_min,0.0,0.0
1,fwd_urg_flags_max,0.12181343612559536,0.12181343612559536
1,bwd_urg_flags_mean,0.0,0.0
1,bwd_urg_flags_std,0.0,0.0
1,bwd_urg_flags_sum,0.0,0.0
1,bwd_urg_flags_min,0.0,0.0
1,bwd_urg_flags_max,0.0,0.0
1,fwd_header_len_mean,0.2632801320072189,0.2632801320072189
1,fwd_header_len_std,0.3183407687006373,0.3183407687006373
1,fwd_header_len_sum,0.22804017861703899,0.22804017861703899
1,fwd_header_len_min,-0.013817803097702693,0.013817803097702693
1,fwd_header_len_max,0.5367090157954841,0.5367090157954841
1,bwd_header_len_mean,-0.026627809864043943,0.026627809864043943
1,bwd_header_len_std,-0.26341910164948174,0.26341910164948174
1,bwd_header_len_sum,0.08074765062242889,0.08074765062242889
1,bwd_header_len_min,-0.00010478575078277453,0.00010478575078277453
1,bwd_header_len_max,0.5734632334624842,0.5734632334624842
1,fwd_pkts_per_sec_mean,0.3359117670164554,0.3359117670164554
1,fwd_pkts_per_sec_std,0.10641473775392694,0.10641473775392694
1,fwd_pkts_per_sec_sum,0.3865015923029046,0.3865015923029046
1,fwd_pkts_per_sec_min,0.017557184772512884,0.017557184772512884
1,fwd_pkts_per_sec_max,-0.3938108952604395,0.3938108952604395
1,bwd_pkts_per_sec_mean,-0.20654413537744173,0.20654413537744173
1,bwd_pkts_per_sec_std,0.6928590049090589,0.6928590049090589
1,bwd_pkts_per_sec_sum,-0.9505142311393775,0.9505142311393775
1,bwd_pkts_per_sec_min,0.0175673659124664,0.0175673659124664
1,bwd_pkts_per_sec_max,-0.26006449044991875,0.26006449044991875
1,pkt_len_min_mean,-0.012054822713141023,0.012054822713141023
1,pkt_len_min_std,0.9219744221886987,0.9219744221886987
1,pkt_len_min_sum,-0.18164363421775717,0.18164363421775717
1,pkt_len_min_min,0.04609344725474694,0.04609344725474694
1,pkt_len_min_max,-0.3093727976327972,0.3093727976327972
1,pkt_len_max_mean,-0.6475355899493307,0.6475355899493307
1,pkt_len_max_std,-0.7280191771559044,0.7280191771559044
1,pkt_len_max_sum,0.2980201287791557,0.2980201287791557
1,pkt_len_max_min,0.004880423039989232,0.004880423039989232
1,pkt_len_max_max,0.35157012739519444,0.35157012739519444
1,pkt_len_mean_mean,-0.6799747871512373,0.6799747871512373
1,pkt_len_mean_std,0.32674601582723795,0.32674601582723795
1,pkt_len_mean_sum,0.3335183275689711,0.3335183275689711
1,pkt_len_mean_min,0.020193287686593134,0.020193287686593134
1,pkt_len_mean_max,-0.9576541899636181,0.9576541899636181
1,pkt_len_std_mean,-0.9460566705975305,0.9460566705975305
1,pkt_len_std_std,0.5540812015020355,0.5540812015020355
1,pkt_len_std_sum,0.28109037336390197,0.28109037336390197
1,pkt_len_std_min,0.045952584459966285,0.045952584459966285
1,pkt_len_std_max,-0.14582978407630495,0.14582978407630495
1,pkt_len_var_mean,-1.2385426221771478,1.2385426221771478
1,pkt_len_var_std,-1.546507612547737,1.546507612547737
1,pkt_len_var_sum,0.5357603909920082,0.5357603909920082
1,pkt_len_var_min,0.04360383955065738,0.04360383955065738
1,pkt_len_var_max,-1.483955299314124,1.483955299314124
1,fin_flag_cnt_mean,0.06625256985622066,0.06625256985622066
1,fin_flag_cnt_std,0.13614490754286546,0.13614490754286546
1,fin_flag_cnt_sum,-0.018206037377316343,0.018206037377316343
1,fin_flag_cnt_min,0.0,0.0
1,fin_flag_cnt_max,0.1432501081355667,0.1432501081355667
1,syn_flag_cnt_mean,-0.0887821052773649,0.0887821052773649
1,syn_flag_cnt_std,-0.14219897178586832,0.14219897178586832
1,syn_flag_cnt_sum,-0.06490365864053547,0.06490365864053547
1,syn_flag_cnt_min,-0.01047894211362456,0.01047894211362456
1,syn_flag_cnt_max,0.09548505431855468,0.09548505431855468
1,rst_flag_cnt_mean,0.01648114137880958,0.01648114137880958
1,rst_flag_cnt_std,0.599754508361909,0.599754508361909
1,rst_flag_cnt_sum,0.6777045238096056,0.6777045238096056
1,rst_flag_cnt_min,0.0,0.0
1,rst_flag_cnt_max,-0.3287979911652849,0.3287979911652849
1,psh_flag_cnt_mean,0.4939263442733616,0.4939263442733616
1,psh_flag_cnt_std,-0.03424083741714945,0.03424083741714945
1,psh_flag_cnt_sum,0.09408548489243677,0.09408548489243677
1,psh_flag_cnt_min,0.005753101083474114,0.005753101083474114
1,psh_flag_cnt_max,-0.4888412573952268,0.4888412573952268
1,ack_flag_cnt_mean,0.1891215497865044,0.1891215497865044
1,ack_flag_cnt_std,0.9928074002839659,0.9928074002839659
1,ack_flag_cnt_sum,0.4766613471705923,0.4766613471705923
1,ack_flag_cnt_min,-0.01047894211362456,0.01047894211362456
1,ack_flag_cnt_max,-0.3431021435587452,0.3431021435587452
1,urg_flag_cnt_mean,-0.8303767802933243,0.8303767802933243
1,urg_flag_cnt_std,0.5439906105421942,0.5439906105421942
1,urg_flag_cnt_sum,0.0001335853826069743,0.0001335853826069743
1,urg_flag_cnt_min,0.0,0.0
1,urg_flag_cnt_max,0.8111246314154777,0.8111246314154777
1,cwe_flag_cnt_mean,-0.21715478483557266,0.21715478483557266
1,cwe_flag_cnt_std,0.38170911994849593,0.38170911994849593
1,cwe_flag_cnt_sum,0.013929280753291766,0.013929280753291766
1,cwe_flag_cnt_min,0.0,0.0
1,cwe_flag_cnt_max,0.12181343612559536,0.12181343612559536
1,ece_flag_cnt_mean,0.05900704377563991,0.05900704377563991
1,ece_flag_cnt_std,0.6246990918471444,0.6246990918471444
1,ece_flag_cnt_sum,0.6786131507682618,0.6786131507682618
1,ece_flag_cnt_min,0.0,0.0
1,ece_flag_cnt_max,-0.3287979911652849,0.3287979911652849
1,down_up_ratio_mean,0.3396902481742148,0.3396902481742148
1,down_up_ratio_std,-1.1936693184802598,1.1936693184802598
1,down_up_ratio_sum,0.28910633239596284,0.28910633239596284
1,down_up_ratio_min,-0.005671355161475121,0.005671355161475121
1,down_up_ratio_max,0.4587686101138592,0.4587686101138592
1,pkt_size_avg_mean,-0.6779612877395256,0.6779612877395256
1,pkt_size_avg_std,0.22098210039836466,0.22098210039836466
1,pkt_size_avg_sum,0.29346100058062013,0.29346100058062013
1,pkt_size_avg_min,0.009888273409204822,0.009888273409204822
1,pkt_size_avg_max,0.28189323133392574,0.28189323133392574
1,fwd_seg_size_avg_mean,-0.2132430376134326,0.2132430376134326
1,fwd_seg_size_avg_std,0.011426203939840746,0.011426203939840746
1,fwd_seg_size_avg_sum,0.43759393210941466,0.43759393210941466
1,fwd_seg_size_avg_min,0.012764490964120327,0.012764490964120327
1,fwd_seg_size_avg_max,0.014147518475474949,0.014147518475474949
1,bwd_seg_size_avg_mean,0.1921441156989202,0.1921441156989202
1,bwd_seg_size_avg_std,0.29296982941640604,0.29296982941640604
1,bwd_seg_size_avg_sum,0.4717771034916036,0.4717771034916036
1,bwd_seg_size_avg_min,0.05090203404703581,0.05090203404703581
1,bwd_seg_size_avg_max,1.541074729710536,1.541074729710536
1,fwd_byts_b_avg_mean,0.0,0.0
1,fwd_byts_b_avg_std,0.0,0.0
1,fwd_byts_b_avg_sum,0.0,0.0
1,fwd_byts_b_avg_min,0.0,0.0
1,fwd_byts_b_avg_max,0.0,0.0
1,fwd_pkts_b_avg_mean,0.0,0.0
1,fwd_pkts_b_avg_std,0.0,0.0
1,fwd_pkts_b_avg_sum,0.0,0.0
1,fwd_pkts_b_avg_min,0.0,0.0
1,fwd_pkts_b_avg_max,0.0,0.0
1,fwd_blk_rate_avg_mean,0.0,0.0
1,fwd_blk_rate_avg_std,0.0,0.0
1,fwd_blk_rate_avg_sum,0.0,0.0
1,fwd_blk_rate_avg_min,0.0,0.0
1,fwd_blk_rate_avg_max,0.0,0.0
1,bwd_byts_b_avg_mean,0.0,0.0
1,bwd_byts_b_avg_std,0.0,0.0
1,bwd_byts_b_avg_sum,0.0,0.0
1,bwd_byts_b_avg_min,0.0,0.0
1,bwd_byts_b_avg_max,0.0,0.0
1,bwd_pkts_b_avg_mean,0.0,0.0
1,bwd_pkts_b_avg_std,0.0,0.0
1,bwd_pkts_b_avg_sum,0.0,0.0
1,bwd_pkts_b_avg_min,0.0,0.0
1,bwd_pkts_b_avg_max,0.0,0.0
1,bwd_blk_rate_avg_mean,0.0,0.0
1,bwd_blk_rate_avg_std,0.0,0.0
1,bwd_blk_rate_avg_sum,0.0,0.0
1,bwd_blk_rate_avg_min,0.0,0.0
1,bwd_blk_rate_avg_max,0.0,0.0
1,subflow_fwd_pkts_mean,0.26162410547361187,0.26162410547361187
1,subflow_fwd_pkts_std,0.3028880596774704,0.3028880596774704
1,subflow_fwd_pkts_sum,0.17531558669948838,0.17531558669948838
1,subflow_fwd_pkts_min,0.0695274210152596,0.0695274210152596
1,subflow_fwd_pkts_max,0.19879219613420224,0.19879219613420224
1,subflow_fwd_byts_mean,0.2033075120569083,0.2033075120569083
1,subflow_fwd_byts_std,-0.06980078173747861,0.06980078173747861
1,subflow_fwd_byts_sum,0.1903889665657016,0.1903889665657016
1,subflow_fwd_byts_min,-0.022382955576800128,0.022382955576800128
1,subflow_fwd_byts_max,-0.14650053838439933,0.14650053838439933
1,subflow_bwd_pkts_mean,-0.1366433660862384,0.1366433660862384
1,subflow_bwd_pkts_std,-0.6334918637111016,0.6334918637111016
1,subflow_bwd_pkts_sum,-0.17343048277095158,0.17343048277095158
1,subflow_bwd_pkts_min,-0.05365369135079806,0.05365369135079806
1,subflow_bwd_pkts_max,-0.08624159191678525,0.08624159191678525
1,subflow_bwd_byts_mean,0.23283276927437746,0.23283276927437746
1,subflow_bwd_byts_std,-0.2382384685131369,0.2382384685131369
1,subflow_bwd_byts_sum,-0.8771383373860162,0.8771383373860162
1,subflow_bwd_byts_min,0.04440146127609905,0.04440146127609905
1,subflow_bwd_byts_max,0.45565252568035125,0.45565252568035125
1,window_size_fwd_mean,0.3820743563089658,0.3820743563089658
1,window_size_fwd_std,-1.192099993299211,1.192099993299211
1,window_size_fwd_sum,0.15601147743098,0.15601147743098
1,window_size_fwd_min,0.029335290229109568,0.029335290229109568
1,window_size_fwd_max,-0.18817618642998377,0.18817618642998377
1,window_size_bwd_mean,-0.7878662034240579,0.7878662034240579
1,window_size_bwd_std,1.9594219029891118,1.9594219029891118
1,window_size_bwd_sum,-0.7625119943094855,0.7625119943094855
1,window_size_bwd_min,0.037292412008798966,0.037292412008798966
1,window_size_bwd_max,0.38173011657026784,0.38173011657026784
1,fwd_act_data_pkts_mean,0.2606496748830099,0.2606496748830099
1,fwd_act_data_pkts_std,0.29857253551156765,0.29857253551156765
1,fwd_act_data_pkts_sum,0.15697578855814237,0.15697578855814237
1,fwd_act_data_pkts_min,0.13669256841981683,0.13669256841981683
1,fwd_act_data_pkts_max,0.16146482974668233,0.16146482974668233
1,fwd_seg_size_min_mean,1.0399642691896422,1.0399642691896422
1,fwd_seg_size_min_std,-0.4019972964402934,0.4019972964402934
1,fwd_seg_size_min_sum,0.2570904720168373,0.2570904720168373
1,fwd_seg_size_min_min,-0.15042730374737598,0.15042730374737598
1,fwd_seg_size_min_max,-0.12108221863537513,0.12108221863537513
1,active_mean_mean,-0.16691777947280317,0.16691777947280317
1,active_mean_std,-0.34475639031585653,0.34475639031585653
1,active_mean_sum,-0.6540860685521794,0.6540860685521794
1,active_mean_min,0.004684644658986838,0.004684644658986838
1,active_mean_max,-0.03497300156995866,0.03497300156995866
1,active_std_mean,-0.43982773821379184,0.43982773821379184
1,active_std_std,-0.12093128340255625,0.12093128340255625
1,active_std_sum,-0.6252265594202766,0.6252265594202766
1,active_std_min,0.021940451659454498,0.021940451659454498
1,active_std_max,0.24528745650119077,0.24528745650119077
1,active_max_mean,-0.25315437703010385,0.25315437703010385
1,active_max_std,0.4614759700087691,0.4614759700087691
1,active_max_sum,0.7246608379455727,0.7246608379455727
1,active_max_min,0.0103624333112351,0.0103624333112351
1,active_max_max,0.1925317211520383,0.1925317211520383
1,active_min_mean,0.03893746327011099,0.03893746327011099
1,active_min_std,-0.34866905573604995,0.34866905573604995
1,active_min_sum,0.17001405873687087,0.17001405873687087
1,active_min_min,-0.004947289473942435,0.004947289473942435
1,active_min_max,0.17282199384604136,0.17282199384604136
1,idle_mean_mean,0.13340855398062385,0.13340855398062385
1,idle_mean_std,-0.2046062467023356,0.2046062467023356
1,idle_mean_sum,0.02350039927536335,0.02350039927536335
1,idle_mean_min,-0.02052873298134876,0.02052873298134876
1,idle_mean_max,-0.09355012750652246,0.09355012750652246
1,idle_std_mean,0.429190091173884,0.429190091173884
1,idle_std_std,0.007819223616969505,0.007819223616969505
1,idle_std_sum,0.04681049456161082,0.04681049456161082
1,idle_std_min,-0.028116932603384576,0.028116932603384576
1,idle_std_max,-0.03454722711052713,0.03454722711052713
1,idle_max_mean,0.3321183926343649,0.3321183926343649
1,idle_max_std,0.09295995531016159,0.09295995531016159
1,idle_max_sum,0.11918274342558186,0.11918274342558186
1,idle_max_min,-0.0013170096724497793,0.0013170096724497793
1,idle_max_max,-0.12228767798654323,0.12228767798654323
1,idle_min_mean,-0.20342164334664298,0.20342164334664298
1,idle_min_std,-0.38279636503827974,0.38279636503827974
1,idle_min_sum,-0.042469768485504364,0.042469768485504364
1,idle_min_min,-0.05357805538763409,0.05357805538763409
1,idle_min_max,-0.07149339016448157,0.07149339016448157
1,duration_sec_mean,0.08268262032385765,0.08268262032385765
1,duration_sec_std,0.6499077282817745,0.6499077282817745
1,duration_sec_sum,-0.13699023579918077,0.13699023579918077
1,duration_sec_min,0.07481124098433078,0.07481124098433078
1,duration_sec_max,0.15287500957859515,0.15287500957859515
1,flow_count,0.1347681525445413,0.1347681525445413
1,unique_dst_ports_count,0.1400262314987659,0.1400262314987659
1,unique_protocols_count,0.011309007648929767,0.011309007648929767
1,pkt_ttl_min,-0.2332777916653068,0.2332777916653068
1,pkt_ttl_max,-0.48609065877751484,0.48609065877751484
1,pkt_ttl_std,0.36291307951189394,0.36291307951189394
1,pkt_ttl_mode,0.3589433334734692,0.3589433334734692
1,pkt_frag_mf_count,0.0,0.0
1,pkt_frag_df_count,0.714722054207658,0.714722054207658
1,pkt_payload_size_p25,-0.06628286179845977,0.06628286179845977
1,pkt_payload_size_p50,-0.21392602779994646,0.21392602779994646
1,pkt_payload_size_p75,-0.667152063312538,0.667152063312538
1,pkt_payload_size_p95,-0.891479067360298,0.891479067360298
1,pkt_tcp_retrans_count,1.5598127097303394,1.5598127097303394
1,pkt_port_scan_seq_score,1.4510175693626557,1.4510175693626557
2,duration_microsec_mean,0.09500559513479169,0.09500559513479169
2,duration_microsec_std,0.20838696490907316,0.20838696490907316
2,duration_microsec_sum,-0.0651859606123438,0.0651859606123438
2,duration_microsec_min,0.09091143846765912,0.09091143846765912
2,duration_microsec_max,0.29092158411477476,0.29092158411477476
2,packet_count_fwd_mean,0.5654085581019879,0.5654085581019879
2,packet_count_fwd_std,-0.27117766237288965,0.27117766237288965
2,packet_count_fwd_sum,0.23477596175121318,0.23477596175121318
2,packet_count_fwd_min,0.13875595351408054,0.13875595351408054
2,packet_count_fwd_max,-0.03545081812713768,0.03545081812713768
2,packet_count_bwd_mean,0.5779533353204747,0.5779533353204747
2,packet_count_bwd_std,1.0956238634369337,1.0956238634369337
2,packet_count_bwd_sum,0.03959615086210387,0.03959615086210387
2,packet_count_bwd_min,-0.15834398261598415,0.15834398261598415
2,packet_count_bwd_max,0.24718535258090343,0.24718535258090343
2,byte_count_fwd_mean,-0.0626714453662377,0.0626714453662377
2,byte_count_fwd_std,-0.7387086415399053,0.7387086415399053
2,byte_count_fwd_sum,-0.195748931283626,0.195748931283626
2,byte_count_fwd_min,0.19803958977907257,0.19803958977907257
2,byte_count_fwd_max,1.312182549612324,1.312182549612324
2,byte_count_bwd_mean,-0.5587111271410968,0.5587111271410968
2,byte_count_bwd_std,-1.5682980862382703,1.5682980862382703
2,byte_count_bwd_sum,-0.4470876218270424,0.4470876218270424
2,byte_count_bwd_min,0.04894528583560664,0.04894528583560664
2,byte_count_bwd_max,-0.6576527109503586,0.6576527109503586
2,fwd_pkt_len_max_mean,0.21573256864839585,0.21573256864839585
2,fwd_pkt_len_max_std,-1.677344928225456,1.677344928225456
2,fwd_pkt_len_max_sum,0.3877295499547889,0.3877295499547889
2,fwd_pkt_len_max_min,-0.05675714404760993,0.05675714404760993
2,fwd_pkt_len_max_max,0.49777273039258296,0.49777273039258296
2,fwd_pkt_len_min_mean,-0.19346384071054573,0.19346384071054573
2,fwd_pkt_len_min_std,0.015390140707718493,0.015390140707718493
2,fwd_pkt_len_min_sum,-0.15223196249542448,0.15223196249542448
2,fwd_pkt_len_min_min,0.04688092293444866,0.04688092293444866
2,fwd_pkt_len_min_max,-0.023729736334294007,0.023729736334294007
2,fwd_pkt_len_mean_mean,-0.21533298978589224,0.21533298978589224
2,fwd_pkt_len_mean_std,0.012291591147060275,0.012291591147060275
2,fwd_pkt_len_mean_sum,0.43615508355039423,0.43615508355039423
2,fwd_pkt_len_mean_min,0.013529312322471175,0.013529312322471175
2,fwd_pkt_len_mean_max,0.014055683002076125,0.014055683002076125
2,fwd_pkt_len_std_mean,2.0128559582579926,2.0128559582579926
2,fwd_pkt_len_std_std,0.9040365558785453,0.9040365558785453
2,fwd_pkt_len_std_sum,0.42982678067234636,0.42982678067234636
2,fwd_pkt_len_std_min,0.03600021819398903,0.03600021819398903
2,fwd_pkt_len_std_max,-0.26647707620438843,0.26647707620438843
2,bwd_pkt_len_max_mean,0.005565100036490041,0.005565100036490041
2,bwd_pkt_len_max_std,0.5791738600170792,0.5791738600170792
2,bwd_pkt_len_max_sum,0.16546652297189307,0.16546652297189307
2,bwd_pkt_len_max_min,0.044226947423377586,0.044226947423377586
2,bwd_pkt_len_max_max,-0.13385279631479763,0.13385279631479763
2,bwd_pkt_len_min_mean,0.857910591867295,0.857910591867295
2,bwd_pkt_len_min_std,-0.35788225290798936,0.35788225290798936
2,bwd_pkt_len_min_sum,0.23109479506445568,0.23109479506445568
2,bwd_pkt_len_min_min,0.0,0.0
2,bwd_pkt_len_min_max,-0.014428159592514814,0.014428159592514814
2,bwd_pkt_len_mean_mean,0.1938857090417437,0.1938857090417437
2,bwd_pkt_len_mean_std,0.2925680234128997,0.2925680234128997
2,bwd_pkt_len_mean_sum,0.47159073262634693,0.47159073262634693
2,bwd_pkt_len_mean_min,0.04957155264982268,0.04957155264982268
2,bwd_pkt_len_mean_max,1.5400109902805255,1.5400109902805255
2,bwd_pkt_len_std_mean,-1.6528483278644135,1.6528483278644135
2,bwd_pkt_len_std_std,1.1276391332768723,1.1276391332768723
2,bwd_pkt_len_std_sum,-0.005081885374514559,0.005081885374514559
2,bwd_pkt_len_std_min,0.04109304828824127,0.04109304828824127
2,bwd_pkt_len_std_max,1.2272579595018966,1.2272579595018966
2,bytes_per_sec_mean,-1.3217127453045705,1.3217127453045705
2,bytes_per_sec_std,0.2630662916398531,0.2630662916398531
2,bytes_per_sec_sum,-0.8779500475865447,0.8779500475865447
2,bytes_per_sec_min,0.05261125625171364,0.05261125625171364
2,bytes_per_sec_max,1.173149187001433,1.173149187001433
2,packets_per_sec_mean,-0.2891439577229828,0.2891439577229828
2,packets_per_sec_std,0.03237379665121974,0.03237379665121974
2,packets_per_sec_sum,-0.26351957216471855,0.26351957216471855
2,packets_per_sec_min,-0.1701071797670489,0.1701071797670489
2,packets_per_sec_max,-0.3205634891763915,0.3205634891763915
2,flow_iat_mean_mean,0.22118130971187006,0.22118130971187006
2,flow_iat_mean_std,-0.15596976411466817,0.15596976411466817
2,flow_iat_mean_sum,0.2608708707030075,0.2608708707030075
2,flow_iat_mean_min,0.014826560962846746,0.014826560962846746
2,flow_iat_mean_max,-0.040520817873416715,0.040520817873416715
2,flow_iat_std_mean,-0.26814585646507577,0.26814585646507577
2,flow_iat_std_std,-1.2447912436292154,1.2447912436292154
2,flow_iat_std_sum,-0.3984430508252686,0.3984430508252686
2,flow_iat_std_min,-0.0430695690603966,0.0430695690603966
2,flow_iat_std_max,-0.2670796136530466,0.2670796136530466
2,flow_iat_max_mean,-0.2667789323718543,0.2667789323718543
2,flow_iat_max_std,-0.5699695253869621,0.5699695253869621
2,flow_iat_max_sum,0.1904333401971966,0.1904333401971966
2,flow_iat_max_min,-0.0009790105102722478,0.0009790105102722478
2,flow_iat_max_max,0.19855529918504475,0.19855529918504475
2,flow_iat_min_mean,0.16611789560593168,0.16611789560593168
2,flow_iat_min_std,0.033160754347199915,0.033160754347199915
2,flow_iat_min_sum,0.3217569155258742,0.3217569155258742
2,flow_iat_min_min,0.022102657413955736,0.022102657413955736
2,flow_iat_min_max,0.09518519961642462,0.09518519961642462
2,fwd_iat_tot_mean,0.07384809350372078,0.07384809350372078
2,fwd_iat_tot_std,0.24696044612949658,0.24696044612949658
2,fwd_iat_tot_sum,-0.10946821095774152,0.10946821095774152
2,fwd_iat_tot_min,0.0899555257091649,0.0899555257091649
2,fwd_iat_tot_max,0.03891956068855553,0.03891956068855553
2,fwd_iat_mean_mean,-0.0756736317597004,0.0756736317597004
2,fwd_iat_mean_std,-0.6773050321772204,0.6773050321772204
2,fwd_iat_mean_sum,0.16338037193240224,0.16338037193240224
2,fwd_iat_mean_min,0.008053817218916445,0.008053817218916445
2,fwd_iat_mean_max,0.2763904091089384,0.2763904091089384
2,fwd_iat_std_mean,0.3285781728313469,0.3285781728313469
2,fwd_iat_std_std,0.33662487568754085,0.33662487568754085
2,fwd_iat_std_sum,0.2688865186427057,0.2688865186427057
2,fwd_iat_std_min,-0.05005079709247491,0.05005079709247491
2,fwd_iat_std_max,0.2828100875314383,0.2828100875314383
2,fwd_iat_max_mean,0.06306167938633393,0.06306167938633393
2,fwd_iat_max_std,-0.05967929314112659,0.05967929314112659
2,fwd_iat_max_sum,0.3598508668488655,0.3598508668488655
2,fwd_iat_max_min,-0.0010495771634269355,0.0010495771634269355
2,fwd_iat_max_max,-0.2775207310033,0.2775207310033
2,fwd_iat_min_mean,0.004041234392248361,0.004041234392248361
2,fwd_iat_min_std,-0.428777396319035,0.428777396319035
2,fwd_iat_min_sum,0.3398042172407039,0.3398042172407039
2,fwd_iat_min_min,0.005993486161685953,0.005993486161685953
2,fwd_iat_min_max,0.3234575036985003,0.3234575036985003
2,bwd_iat_tot_mean,-0.5875145049960078,0.5875145049960078
2,bwd_iat_tot_std,-0.10222917634887693,0.10222917634887693
2,bwd_iat_tot_sum,-0.07756204292082478,0.07756204292082478
2,bwd_iat_tot_min,0.022002444882286615,0.022002444882286615
2,bwd_iat_tot_max,-0.28943363043298775,0.28943363043298775
2,bwd_iat_mean_mean,0.47589403624969073,0.47589403624969073
2,bwd_iat_mean_std,1.008463983556735,1.008463983556735
2,bwd_iat_mean_sum,-0.6432230245353728,0.6432230245353728
2,bwd_iat_mean_min,-0.041779009145707584,0.041779009145707584
2,bwd_iat_mean_max,-0.5367778915882145,0.5367778915882145
2,bwd_iat_std_mean,1.3660571200569778,1.3660571200569778
2,bwd_iat_std_std,0.24327765796060408,0.24327765796060408
2,bwd_iat_std_sum,0.2994310724000944,0.2994310724000944
2,bwd_iat_std_min,0.019326423561715,0.019326423561715
2,bwd_iat_std_max,-0.05864389815727613,0.05864389815727613
2,bwd_iat_max_mean,-0.1716955835926277,0.1716955835926277
2,bwd_iat_max_std,-1.0238311424344348,1.0238311424344348
2,bwd_iat_max_sum,-0.12182230185278725,0.12182230185278725
2,bwd_iat_max_min,-0.002387376691805557,0.002387376691805557
2,bwd_iat_max_max,0.012410700171002051,0.012410700171002051
2,bwd_iat_min_mean,-0.03885087853838984,0.03885087853838984
2,bwd_iat_min_std,-1.033629476321877,1.033629476321877
2,bwd_iat_min_sum,0.10950049690690562,0.10950049690690562
2,bwd_iat_min_min,-0.0795379412613599,0.0795379412613599
2,bwd_iat_min_max,0.8955433614739926,0.8955433614739926
2,fwd_psh_flags_mean,-0.08879546421002837,0.08879546421002837
2,fwd_psh_flags_std,-0.1419395923198558,0.1419395923198558
2,fwd_psh_flags_sum,-0.06508103735869286,0.06508103735869286
2,fwd_psh_flags_min,-0.012131862479148435,0.012131862479148435
2,fwd_psh_flags_max,0.0953361731528273,0.0953361731528273
2,bwd_psh_flags_mean,0.0,0.0
2,bwd_psh_flags_std,0.0,0.0
2,bwd_psh_flags_sum,0.0,0.0
2,bwd_psh_flags_min,0.0,0.0
2,bwd_psh_flags_max,0.0,0.0
2,fwd_urg_flags_mean,-0.21719443404549557,0.21719443404549557
2,fwd_urg_flags_std,0.3815264727014564,0.3815264727014564
2,fwd_urg_flags_sum,0.014036737943071902,0.014036737943071902
2,fwd_urg_flags_min,0.0,0.0
2,fwd_urg_flags_max,0.1213110098076103,0.1213110098076103
2,bwd_urg_flags_mean,0.0,0.0
2,bwd_urg_flags_std,0.0,0.0
2,bwd_urg_flags_sum,0.0,0.0
2,bwd_urg_flags_min,0.0,0.0
2,bwd_urg_flags_max,0.0,0.0
2,fwd_header_len_mean,0.2627860625262315,0.2627860625262315
2,fwd_header_len_std,0.31763554442723657,0.31763554442723657
2,fwd_header_len_sum,0.22669450178776365,0.22669450178776365
2,fwd_header_len_min,-0.01428941842947134,0.01428941842947134
2,fwd_header_len_max,0.5340247013981656,0.5340247013981656
2,bwd_header_len_mean,-0.02663411392126513,0.02663411392126513
2,bwd_header_len_std,-0.265863017670476,0.265863017670476
2,bwd_header_len_sum,0.08088389848392735,0.08088389848392735
2,bwd_header_len_min,-0.001301677334352433,0.001301677334352433
2,bwd_header_len_max,0.5707487426177332,0.5707487426177332
2,fwd_pkts_per_sec_mean,0.3359867162125223,0.3359867162125223
2,fwd_pkts_per_sec_std,0.10650705299690824,0.10650705299690824
2,fwd_pkts_per_sec_sum,0.3877706116337655,0.3877706116337655
2,fwd_pkts_per_sec_min,0.017712268085662584,0.017712268085662584
2,fwd_pkts_per_sec_max,-0.39314207308180793,0.39314207308180793
2,bwd_pkts_per_sec_mean,-0.20717686859076884,0.20717686859076884
2,bwd_pkts_per_sec_std,0.693052643630187,0.693052643630187
2,bwd_pkts_per_sec_sum,-0.9506549481389496,0.9506549481389496
2,bwd_pkts_per_sec_min,0.017724999547079463,0.017724999547079463
2,bwd_pkts_per_sec_max,-0.2603127642581831,0.2603127642581831
2,pkt_len_min_mean,-0.012964275269711159,0.012964275269711159
2,pkt_len_min_std,0.9222488799640006,0.9222488799640006
2,pkt_len_min_sum,-0.1812385848293471,0.1812385848293471
2,pkt_len_min_min,0.046583083191662274,0.046583083191662274
2,pkt_len_min_max,-0.30964367639852525,0.30964367639852525
2,pkt_len_max_mean,-0.647500311751636,0.647500311751636
2,pkt_len_max_std,-0.7301869129320625,0.7301869129320625
2,pkt_len_max_sum,0.29710524437715774,0.29710524437715774
2,pkt_len_max_min,0.004381686439805276,0.004381686439805276
2,pkt_len_max_max,0.3512620548812618,0.3512620548812618
2,pkt_len_mean_mean,-0.6817103728402145,0.6817103728402145
2,pkt_len_mean_std,0.3269040281674025,0.3269040281674025
2,pkt_len_mean_sum,0.33226541218540195,0.33226541218540195
2,pkt_len_mean_min,0.02066602219568956,0.02066602219568956
2,pkt_len_mean_max,-0.9571846852497177,0.9571846852497177
2,pkt_len_std_mean,-0.9471819504047924,0.9471819504047924
2,pkt_len_std_std,0.5542642885727859,0.5542642885727859
2,pkt_len_std_sum,0.27967826743414126,0.27967826743414126
2,pkt_len_std_min,0.044647671737205956,0.044647671737205956
2,pkt_len_std_max,-0.14533602238233706,0.14533602238233706
2,pkt_len_var_mean,-1.2378688578628,1.2378688578628
2,pkt_len_var_std,-1.5455053625680932,1.5455053625680932
2,pkt_len_var_sum,0.5344121634316888,0.5344121634316888
2,pkt_len_var_min,0.042486524815394146,0.042486524815394146
2,pkt_len_var_max,-1.4829452922726771,1.4829452922726771
2,fin_flag_cnt_mean,0.06629758388156265,0.06629758388156265
2,fin_flag_cnt_std,0.13594000961668812,0.13594000961668812
2,fin_flag_cnt_sum,-0.0181515077956355,0.0181515077956355
2,fin_flag_cnt_min,0.0,0.0
2,fin_flag_cnt_max,0.14310994964595342,0.14310994964595342
2,syn_flag_cnt_mean,-0.08879546421002837,0.08879546421002837
2,syn_flag_cnt_std,-0.1419395923198558,0.1419395923198558
2,syn_flag_cnt_sum,-0.06508103735869286,0.06508103735869286
2,syn_flag_cnt_min,-0.012131862479148435,0.012131862479148435
2,syn_flag_cnt_max,0.0953361731528273,0.0953361731528273
2,rst_flag_cnt_mean,0.017210533136594125,0.017210533136594125
2,rst_flag_cnt_std,0.5999786663538088,0.5999786663538088
2,rst_flag_cnt_sum,0.6773444340509964,0.6773444340509964
2,rst_flag_cnt_min,0.0,0.0
2,rst_flag_cnt_max,-0.3273652199050279,0.3273652199050279
2,psh_flag_cnt_mean,0.49408248931043997,0.49408248931043997
2,psh_flag_cnt_std,-0.034307018239806954,0.034307018239806954
2,psh_flag_cnt_sum,0.09356770198177711,0.09356770198177711
2,psh_flag_cnt_min,0.006054250026599007,0.006054250026599007
2,psh_flag_cnt_max,-0.4866519860238282,0.4866519860238282
2,ack_flag_cnt_mean,0.18872956770148555,0.18872956770148555
2,ack_flag_cnt_std,0.9936397011555059,0.9936397011555059
2,ack_flag_cnt_sum,0.4750825623435993,0.4750825623435993
2,ack_flag_cnt_min,-0.012131862479148435,0.012131862479148435
2,ack_flag_cnt_max,-0.34140379460998693,0.34140379460998693
2,urg_flag_cnt_mean,-0.8305520431418052,0.8305520431418052
2,urg_flag_cnt_std,0.5442456930989852,0.5442456930989852
2,urg_flag_cnt_sum,0.0003403915249088889,0.0003403915249088889
2,urg_flag_cnt_min,0.0,0.0
2,urg_flag_cnt_max,0.8119473821870407,0.8119473821870407
2,cwe_flag_cnt_mean,-0.21719443404549557,0.21719443404549557
2,cwe_flag_cnt_std,0.3815264727014564,0.3815264727014564
2,cwe_flag_cnt_sum,0.014036737943071902,0.014036737943071902
2,cwe_flag_cnt_min,0.0,0.0
2,cwe_flag_cnt_max,0.1213110098076103,0.1213110098076103
2,ece_flag_cnt_mean,0.05941854400270283,0.05941854400270283
2,ece_flag_cnt_std,0.6249057806106375,0.6249057806106375
2,ece_flag_cnt_sum,0.6782546909329871,0.6782546909329871
2,ece_flag_cnt_min,0.0,0.0
2,ece_flag_cnt_max,-0.3273652199050279,0.3273652199050279
2,down_up_ratio_mean,0.33993341881177797,0.33993341881177797
2,down_up_ratio_std,-1.194231871107596,1.194231871107596
2,down_up_ratio_sum,0.28852584209683274,0.28852584209683274
2,down_up_ratio_min,-0.005606830827088977,0.005606830827088977
2,down_up_ratio_max,0.4594434624007597,0.4594434624007597
2,pkt_size_avg_mean,-0.6795774581125508,0.6795774581125508
2,pkt_size_avg_std,0.22027859001933822,0.22027859001933822
2,pkt_size_avg_sum,0.292091501096796,0.292091501096796
2,pkt_size_avg_min,0.010380821281074475,0.010380821281074475
2,pkt_size_avg_max,0.2821492622255126,0.2821492622255126
2,fwd_seg_size_avg_mean,-0.21533298978589224,0.21533298978589224
2,fwd_seg_size_avg_std,0.012291591147060275,0.012291591147060275
2,fwd_seg_size_avg_sum,0.43615508355039423,0.43615508355039423
2,fwd_seg_size_avg_min,0.013529312322471175,0.013529312322471175
2,fwd_seg_size_avg_max,0.014055683002076125,0.014055683002076125
2,bwd_seg_size_avg_mean,0.1938857090381869,0.1938857090381869
2,bwd_seg_size_avg_std,0.29256802339710336,0.29256802339710336
2,bwd_seg_size_avg_sum,0.4715907326258935,0.4715907326258935
2,bwd_seg_size_avg_min,0.04957155264982268,0.04957155264982268
2,bwd_seg_size_avg_max,1.5400109902806518,1.5400109902806518
2,fwd_byts_b_avg_mean,0.0,0.0
2,fwd_byts_b_avg_std,0.0,0.0
2,fwd_byts_b_avg_sum,0.0,0.0
2,fwd_byts_b_avg_min,0.0,0.0
2,fwd_byts_b_avg_max,0.0,0.0
2,fwd_pkts_b_avg_mean,0.0,0.0
2,fwd_pkts_b_avg_std,0.0,0.0
2,fwd_pkts_b_avg_sum,0.0,0.0
2,fwd_pkts_b_avg_min,0.0,0.0
2,fwd_pkts_b_avg_max,0.0,0.0
2,fwd_blk_rate_avg_mean,0.0,0.0
2,fwd_blk_rate_avg_std,0.0,0.0
2,fwd_blk_rate_avg_sum,0.0,0.0
2,fwd_blk_rate_avg_min,0.0,0.0
2,fwd_blk_rate_avg_max,0.0,0.0
2,bwd_byts_b_avg_mean,0.0,0.0
2,bwd_byts_b_avg_std,0.0,0.0
2,bwd_byts_b_avg_sum,0.0,0.0
2,bwd_byts_b_avg_min,0.0,0.0
2,bwd_byts_b_avg_max,0.0,0.0
2,bwd_pkts_b_avg_mean,0.0,0.0
2,bwd_pkts_b_avg_std,0.0,0.0
2,bwd_pkts_b_avg_sum,0.0,0.0
2,bwd_pkts_b_avg_min,0.0,0.0
2,bwd_pkts_b_avg_max,0.0,0.0
2,bwd_blk_rate_avg_mean,0.0,0.0
2,bwd_blk_rate_avg_std,0.0,0.0
2,bwd_blk_rate_avg_sum,0.0,0.0
2,bwd_blk_rate_avg_min,0.0,0.0
2,bwd_blk_rate_avg_max,0.0,0.0
2,subflow_fwd_pkts_mean,0.2611423520990944,0.2611423520990944
2,subflow_fwd_pkts_std,0.30282752236699373,0.30282752236699373
2,subflow_fwd_pkts_sum,0.17425104490993196,0.17425104490993196
2,subflow_fwd_pkts_min,0.06847223214444433,0.06847223214444433
2,subflow_fwd_pkts_max,0.1962886205132786,0.1962886205132786
2,subflow_fwd_byts_mean,0.20278297549324859,0.20278297549324859
2,subflow_fwd_byts_std,-0.06945231775416943,0.06945231775416943
2,subflow_fwd_byts_sum,0.1894729517785352,0.1894729517785352
2,subflow_fwd_byts_min,-0.021403827473646834,0.021403827473646834
2,subflow_fwd_byts_max,-0.14565225284993286,0.14565225284993286
2,subflow_bwd_pkts_mean,-0.13461197612790757,0.13461197612790757
2,subflow_bwd_pkts_std,-0.6324013431713638,0.6324013431713638
2,subflow_bwd_pkts_sum,-0.17268405578946106,0.17268405578946106
2,subflow_bwd_pkts_min,-0.05472969516507205,0.05472969516507205
2,subflow_bwd_pkts_max,-0.09232979039172647,0.09232979039172647
2,subflow_bwd_byts_mean,0.23521299617020558,0.23521299617020558
2,subflow_bwd_byts_std,-0.23790501787562315,0.23790501787562315
2,subflow_bwd_byts_sum,-0.8786839290442445,0.8786839290442445
2,subflow_bwd_byts_min,0.04327383659278111,0.04327383659278111
2,subflow_bwd_byts_max,0.4543674705110798,0.4543674705110798
2,window_size_fwd_mean,0.38223302942446585,0.38223302942446585
2,window_size_fwd_std,-1.1909120683897316,1.1909120683897316
2,window_size_fwd_sum,0.15303914459545337,0.15303914459545337
2,window_size_fwd_min,0.02812235939651496,0.02812235939651496
2,window_size_fwd_max,-0.18849470585616684,0.18849470585616684
2,window_size_bwd_mean,-0.7877211033658154,0.7877211033658154
2,window_size_bwd_std,1.9576590573153798,1.9576590573153798
2,window_size_bwd_sum,-0.7637830741685316,0.7637830741685316
2,window_size_bwd_min,0.03641277194294038,0.03641277194294038
2,window_size_bwd_max,0.38247301614617163,0.38247301614617163
2,fwd_act_data_pkts_mean,0.26017070754100885,0.26017070754100885
2,fwd_act_data_pkts_std,0.2986903255358784,0.2986903255358784
2,fwd_act_data_pkts_sum,0.15599187312072185,0.15599187312072185
2,fwd_act_data_pkts_min,0.13715185657253742,0.13715185657253742
2,fwd_act_data_pkts_max,0.16237825589260232,0.16237825589260232
2,fwd_seg_size_min_mean,1.0389955492569454,1.0389955492569454
2,fwd_seg_size_min_std,-0.4034356157965301,0.4034356157965301
2,fwd_seg_size_min_sum,0.2558979756922486,0.2558979756922486
2,fwd_seg_size_min_min,-0.15036175194666573,0.15036175194666573
2,fwd_seg_size_min_max,-0.1209556600299429,0.1209556600299429
2,active_mean_mean,-0.16706278361330196,0.16706278361330196
2,active_mean_std,-0.3443884335292069,0.3443884335292069
2,active_mean_sum,-0.6543591080870705,0.6543591080870705
2,active_mean_min,0.0043404319196923315,0.0043404319196923315
2,active_mean_max,-0.034432732908603256,0.034432732908603256
2,active_std_mean,-0.4401829426824488,0.4401829426824488
2,active_std_std,-0.1210800690823624,0.1210800690823624
2,active_std_sum,-0.6248913498068875,0.6248913498068875
2,active_std_min,0.02106852905312535,0.02106852905312535
2,active_std_max,0.2458944099148134,0.2458944099148134
2,active_max_mean,-0.2535336370094921,0.2535336370094921
2,active_max_std,0.46202272183293275,0.46202272183293275
2,active_max_sum,0.7248304752160875,0.7248304752160875
2,active_max_min,0.009812829572722602,0.009812829572722602
2,active_max_max,0.19194248758238408,0.19194248758238408
2,active_min_mean,0.03885080322833369,0.03885080322833369
2,active_min_std,-0.34858667285290756,0.34858667285290756
2,active_min_sum,0.1701427500453511,0.1701427500453511
2,active_min_min,-0.004903566301778178,0.004903566301778178
2,active_min_max,0.17289912808794555,0.17289912808794555
2,idle_mean_mean,0.1338497382079874,0.1338497382079874
2,idle_mean_std,-0.2043743167441305,0.2043743167441305
2,idle_mean_sum,0.02399517468178212,0.02399517468178212
2,idle_mean_min,-0.020654403624690117,0.020654403624690117
2,idle_mean_max,-0.09353862836611988,0.09353862836611988
2,idle_std_mean,0.42924815753158974,0.42924815753158974
2,idle_std_std,0.007437770363014599,0.007437770363014599
2,idle_std_sum,0.04675758602256993,0.04675758602256993
2,idle_std_min,-0.027346368319619507,0.027346368319619507
2,idle_std_max,-0.03451770757769033,0.03451770757769033
2,idle_max_mean,0.33247901818331427,0.33247901818331427
2,idle_max_std,0.09380909170212208,0.09380909170212208
2,idle_max_sum,0.11975550972308438,0.11975550972308438
2,idle_max_min,-0.001612861939202701,0.001612861939202701
2,idle_max_max,-0.12219230569783712,0.12219230569783712
2,idle_min_mean,-0.20297691623443664,0.20297691623443664
2,idle_min_std,-0.382983931874719,0.382983931874719
2,idle_min_sum,-0.04202103948559688,0.04202103948559688
2,idle_min_min,-0.053457430037646206,0.053457430037646206
2,idle_min_max,-0.07144584987653171,0.07144584987653171
2,duration_sec_mean,0.08179137998795759,0.08179137998795759
2,duration_sec_std,0.6508593775450447,0.6508593775450447
2,duration_sec_sum,-0.1368618462317375,0.1368618462317375
2,duration_sec_min,0.07418283306315282,0.07418283306315282
2,duration_sec_max,0.15387771969405756,0.15387771969405756
2,flow_count,0.1334611032788314,0.1334611032788314
2,unique_dst_ports_count,0.13998598458691972,0.13998598458691972
2,unique_protocols_count,0.01111021479162455,0.01111021479162455
2,pkt_ttl_min,-0.2336307999757151,0.2336307999757151
2,pkt_ttl_max,-0.48607408940027835,0.48607408940027835
2,pkt_ttl_std,0.36175100142040073,0.36175100142040073
2,pkt_ttl_mode,0.3577861840243562,0.3577861840243562
2,pkt_frag_mf_count,0.0,0.0
2,pkt_frag_df_count,0.7155608552432189,0.7155608552432189
2,pkt_payload_size_p25,-0.06687395918424352,0.06687395918424352
2,pkt_payload_size_p50,-0.21430694248161397,0.21430694248161397
2,pkt_payload_size_p75,-0.6668684200069308,0.6668684200069308
2,pkt_payload_size_p95,-0.8908676007765787,0.8908676007765787
2,pkt_tcp_retrans_count,1.5576330251558372,1.5576330251558372
2,pkt_port_scan_seq_score,1.4488842074471726,1.4488842074471726
3,duration_microsec_mean,0.0951194203419182,0.0951194203419182
3,duration_microsec_std,0.2082862984565946,0.2082862984565946
3,duration_microsec_sum,-0.06507299068709248,0.06507299068709248
3,duration_microsec_min,0.09056249938326541,0.09056249938326541
3,duration_microsec_max,0.29114150607157485,0.29114150607157485
3,packet_count_fwd_mean,0.5658488118181042,0.5658488118181042
3,packet_count_fwd_std,-0.26915551605033766,0.26915551605033766
3,packet_count_fwd_sum,0.23498779752264803,0.23498779752264803
3,packet_count_fwd_min,0.13858575589476,0.13858575589476
3,packet_count_fwd_max,-0.035634519073756026,0.035634519073756026
3,packet_count_bwd_mean,0.5774834431352104,0.5774834431352104
3,packet_count_bwd_std,1.0957018073419786,1.0957018073419786
3,packet_count_bwd_sum,0.03933282207242545,0.03933282207242545
3,packet_count_bwd_min,-0.15838420165384295,0.15838420165384295
3,packet_count_bwd_max,0.24708268610319206,0.24708268610319206
3,byte_count_fwd_mean,-0.06305719692199523,0.06305719692199523
3,byte_count_fwd_std,-0.7386592427671145,0.7386592427671145
3,byte_count_fwd_sum,-0.1961090756125554,0.1961090756125554
3,byte_count_fwd_min,0.198201604190279,0.198201604190279
3,byte_count_fwd_max,1.3121128497702508,1.3121128497702508
3,byte_count_bwd_mean,-0.5587809407466366,0.5587809407466366
3,byte_count_bwd_std,-1.5678432877593387,1.5678432877593387
3,byte_count_bwd_sum,-0.44717361071814216,0.44717361071814216
3,byte_count_bwd_min,0.04880413251975837,0.04880413251975837
3,byte_count_bwd_max,-0.6571983951295697,0.6571983951295697
3,fwd_pkt_len_max_mean,0.21606972569548416,0.21606972569548416
3,fwd_pkt_len_max_std,-1.6774386438825548,1.6774386438825548
3,fwd_pkt_len_max_sum,0.38770502280447583,0.38770502280447583
3,fwd_pkt_len_max_min,-0.05609320078659741,0.05609320078659741
3,fwd_pkt_len_max_max,0.4979706045660822,0.4979706045660822
3,fwd_pkt_len_min_mean,-0.19374268696757288,0.19374268696757288
3,fwd_pkt_len_min_std,0.015751864575987855,0.015751864575987855
3,fwd_pkt_len_min_sum,-0.1524506717130466,0.1524506717130466
3,fwd_pkt_len_min_min,0.04676106742446588,0.04676106742446588
3,fwd_pkt_len_min_max,-0.023926105486812604,0.023926105486812604
3,fwd_pkt_len_mean_mean,-0.2154236321955507,0.2154236321955507
3,fwd_pkt_len_mean_std,0.012418507199036595,0.012418507199036595
3,fwd_pkt_len_mean_sum,0.4361508030897998,0.4361508030897998
3,fwd_pkt_len_mean_min,0.013567761935155713,0.013567761935155713
3,fwd_pkt_len_mean_max,0.014144952221931698,0.014144952221931698
3,fwd_pkt_len_std_mean,2.013105653189686,2.013105653189686
3,fwd_pkt_len_std_std,0.9041601949187865,0.9041601949187865
3,fwd_pkt_len_std_sum,0.4296766416405546,0.4296766416405546
3,fwd_pkt_len_std_min,0.03607643017092094,0.03607643017092094
3,fwd_pkt_len_std_max,-0.266511599512743,0.266511599512743
3,bwd_pkt_len_max_mean,0.00547109096779467,0.00547109096779467
3,bwd_pkt_len_max_std,0.5795204015007664,0.5795204015007664
3,bwd_pkt_len_max_sum,0.16601828355471285,0.16601828355471285
3,bwd_pkt_len_max_min,0.04423692735853092,0.04423692735853092
3,bwd_pkt_len_max_max,-0.1338689616413566,0.1338689616413566
3,bwd_pkt_len_min_mean,0.857893295143581,0.857893295143581
3,bwd_pkt_len_min_std,-0.35803417582638014,0.35803417582638014
3,bwd_pkt_len_min_sum,0.2307486918421134,0.2307486918421134
3,bwd_pkt_len_min_min,0.0,0.0
3,bwd_pkt_len_min_max,-0.014368669634810175,0.014368669634810175
3,bwd_pkt_len_mean_mean,0.1938204772427112,0.1938204772427112
3,bwd_pkt_len_mean_std,0.2915975470304967,0.2915975470304967
3,bwd_pkt_len_mean_sum,0.47188618723284537,0.47188618723284537
3,bwd_pkt_len_mean_min,0.04941215163404267,0.04941215163404267
3,bwd_pkt_len_mean_max,1.539858967603878,1.539858967603878
3,bwd_pkt_len_std_mean,-1.6529816311762702,1.6529816311762702
3,bwd_pkt_len_std_std,1.127618934925314,1.127618934925314
3,bwd_pkt_len_std_sum,-0.004937551550081882,0.004937551550081882
3,bwd_pkt_len_std_min,0.041129878934844454,0.041129878934844454
3,bwd_pkt_len_std_max,1.2275598415357964,1.2275598415357964
3,bytes_per_sec_mean,-1.3214702538499192,1.3214702538499192
3,bytes_per_sec_std,0.2635298094360743,0.2635298094360743
3,bytes_per_sec_sum,-0.8778589499750326,0.8778589499750326
3,bytes_per_sec_min,0.05275453163023879,0.05275453163023879
3,bytes_per_sec_max,1.1729651572133488,1.1729651572133488
3,packets_per_sec_mean,-0.28922753328725354,0.28922753328725354
3,packets_per_sec_std,0.03243476994840026,0.03243476994840026
3,packets_per_sec_sum,-0.26364278848939676,0.26364278848939676
3,packets_per_sec_min,-0.16968574579136073,0.16968574579136073
3,packets_per_sec_max,-0.32048584408269715,0.32048584408269715
3,flow_iat_mean_mean,0.2211125977251799,0.2211125977251799
3,flow_iat_mean_std,-0.15579965086803593,0.15579965086803593
3,flow_iat_mean_sum,0.2609257012256316,0.2609257012256316
3,flow_iat_mean_min,0.014583564807483367,0.014583564807483367
3,flow_iat_mean_max,-0.04072185064410183,0.04072185064410183
3,flow_iat_std_mean,-0.26861083646374706,0.26861083646374706
3,flow_iat_std_std,-1.245186202463871,1.245186202463871
3,flow_iat_std_sum,-0.3986277235796173,0.3986277235796173
3,flow_iat_std_min,-0.04292179167646127,0.04292179167646127
3,flow_iat_std_max,-0.267085232434216,0.267085232434216
3,flow_iat_max_mean,-0.26681158637749697,0.26681158637749697
3,flow_iat_max_std,-0.5702112963295217,0.5702112963295217
3,flow_iat_max_sum,0.1905935753556941,0.1905935753556941
3,flow_iat_max_min,-0.0010678410350589774,0.0010678410350589774
3,flow_iat_max_max,0.19828367807954092,0.19828367807954092
3,flow_iat_min_mean,0.16625675682852636,0.16625675682852636
3,flow_iat_min_std,0.03331225439604277,0.03331225439604277
3,flow_iat_min_sum,0.3218366077280838,0.3218366077280838
3,flow_iat_min_min,0.02180580464536896,0.02180580464536896
3,flow_iat_min_max,0.09495119784425055,0.09495119784425055
3,fwd_iat_tot_mean,0.07402905145025726,0.07402905145025726
3,fwd_iat_tot_std,0.2468699505598692,0.2468699505598692
3,fwd_iat_tot_sum,-0.10932125528375448,0.10932125528375448
3,fwd_iat_tot_min,0.08958361258493905,0.08958361258493905
3,fwd_iat_tot_max,0.03920451049627386,0.03920451049627386
3,fwd_iat_mean_mean,-0.07568471547584868,0.07568471547584868
3,fwd_iat_mean_std,-0.6772892921664124,0.6772892921664124
3,fwd_iat_mean_sum,0.1634623618998655,0.1634623618998655
3,fwd_iat_mean_min,0.007850140740575875,0.007850140740575875
3,fwd_iat_mean_max,0.27653852800959267,0.27653852800959267
3,fwd_iat_std_mean,0.32846919797534585,0.32846919797534585
3,fwd_iat_std_std,0.3370459539959485,0.3370459539959485
3,fwd_iat_std_sum,0.2691291123379069,0.2691291123379069
3,fwd_iat_std_min,-0.04983680354817822,0.04983680354817822
3,fwd_iat_std_max,0.2826082662994085,0.2826082662994085
3,fwd_iat_max_mean,0.063151436739229,0.063151436739229
3,fwd_iat_max_std,-0.05997039366109055,0.05997039366109055
3,fwd_iat_max_sum,0.36011442067094307,0.36011442067094307
3,fwd_iat_max_min,-0.0011377892720956589,0.0011377892720956589
3,fwd_iat_max_max,-0.2774172805861771,0.2774172805861771
3,fwd_iat_min_mean,0.004120433234920671,0.004120433234920671
3,fwd_iat_min_std,-0.42878880327362756,0.42878880327362756
3,fwd_iat_min_sum,0.3398792200746678,0.3398792200746678
3,fwd_iat_min_min,0.005713663174153942,0.005713663174153942
3,fwd_iat_min_max,0.32355293129411317,0.32355293129411317
3,bwd_iat_tot_mean,-0.5872555710447837,0.5872555710447837
3,bwd_iat_tot_std,-0.10216607512732406,0.10216607512732406
3,bwd_iat_tot_sum,-0.07715978459599832,0.07715978459599832
3,bwd_iat_tot_min,0.022070843826135673,0.022070843826135673
3,bwd_iat_tot_max,-0.2886536657766135,0.2886536657766135
3,bwd_iat_mean_mean,0.4759729584003904,0.4759729584003904
3,bwd_iat_mean_std,1.0078850258695182,1.0078850258695182
3,bwd_iat_mean_sum,-0.6434869205515689,0.6434869205515689
3,bwd_iat_mean_min,-0.04169013182191616,0.04169013182191616
3,bwd_iat_mean_max,-0.5366365507788193,0.5366365507788193
3,bwd_iat_std_mean,1.366489978095723,1.366489978095723
3,bwd_iat_std_std,0.24297237872348032,0.24297237872348032
3,bwd_iat_std_sum,0.29909786685000583,0.29909786685000583
3,bwd_iat_std_min,0.0193363842640199,0.0193363842640199
3,bwd_iat_std_max,-0.058696148190991025,0.058696148190991025
3,bwd_iat_max_mean,-0.17143301137318448,0.17143301137318448
3,bwd_iat_max_std,-1.0243967963484613,1.0243967963484613
3,bwd_iat_max_sum,-0.12213864221233207,0.12213864221233207
3,bwd_iat_max_min,-0.0023327562490512484,0.0023327562490512484
3,bwd_iat_max_max,0.012357735785695639,0.012357735785695639
3,bwd_iat_min_mean,-0.03885110611545549,0.03885110611545549
3,bwd_iat_min_std,-1.0336004169260555,1.0336004169260555
3,bwd_iat_min_sum,0.1097069270340781,0.1097069270340781
3,bwd_iat_min_min,-0.07943993503192258,0.07943993503192258
3,bwd_iat_min_max,0.8956359270951474,0.8956359270951474
3,fwd_psh_flags_mean,-0.08878308810146224,0.08878308810146224
3,fwd_psh_flags_std,-0.1421308372220317,0.1421308372220317
3,fwd_psh_flags_sum,-0.06490880185694443,0.06490880185694443
3,fwd_psh_flags_min,-0.012210542418083701,0.012210542418083701
3,fwd_psh_flags_max,0.09527708346669236,0.09527708346669236
3,bwd_psh_flags_mean,0.0,0.0
3,bwd_psh_flags_std,0.0,0.0
3,bwd_psh_flags_sum,0.0,0.0
3,bwd_psh_flags_min,0.0,0.0
3,bwd_psh_flags_max,0.0,0.0
3,fwd_urg_flags_mean,-0.21728968923314926,0.21728968923314926
3,fwd_urg_flags_std,0.3814413879631071,0.3814413879631071
3,fwd_urg_flags_sum,0.014045752600312548,0.014045752600312548
3,fwd_urg_flags_min,0.0,0.0
3,fwd_urg_flags_max,0.12133169680606043,0.12133169680606043
3,bwd_urg_flags_mean,0.0,0.0
3,bwd_urg_flags_std,0.0,0.0
3,bwd_urg_flags_sum,0.0,0.0
3,bwd_urg_flags_min,0.0,0.0
3,bwd_urg_flags_max,0.0,0.0
3,fwd_header_len_mean,0.26346331596874184,0.26346331596874184
3,fwd_header_len_std,0.3185152640244542,0.3185152640244542
3,fwd_header_len_sum,0.22749165053275638,0.22749165053275638
3,fwd_header_len_min,-0.014003434426464244,0.014003434426464244
3,fwd_header_len_max,0.536163345452013,0.536163345452013
3,bwd_header_len_mean,-0.026628083231225563,0.026628083231225563
3,bwd_header_len_std,-0.26342162705421257,0.26342162705421257
3,bwd_header_len_sum,0.08173497106528625,0.08173497106528625
3,bwd_header_len_min,-0.0011841931919663786,0.0011841931919663786
3,bwd_header_len_max,0.5734074372992756,0.5734074372992756
3,fwd_pkts_per_sec_mean,0.3360700629277163,0.3360700629277163
3,fwd_pkts_per_sec_std,0.10660464401840658,0.10660464401840658
3,fwd_pkts_per_sec_sum,0.3879117983068725,0.3879117983068725
3,fwd_pkts_per_sec_min,0.018052562555452706,0.018052562555452706
3,fwd_pkts_per_sec_max,-0.3931496798614252,0.3931496798614252
3,bwd_pkts_per_sec_mean,-0.20717135862262084,0.20717135862262084
3,bwd_pkts_per_sec_std,0.6928212354714943,0.6928212354714943
3,bwd_pkts_per_sec_sum,-0.9508989029633408,0.9508989029633408
3,bwd_pkts_per_sec_min,0.018066417187987807,0.018066417187987807
3,bwd_pkts_per_sec_max,-0.26045773619836515,0.26045773619836515
3,pkt_len_min_mean,-0.013220478180394311,0.013220478180394311
3,pkt_len_min_std,0.9226788806486023,0.9226788806486023
3,pkt_len_min_sum,-0.18131690190910646,0.18131690190910646
3,pkt_len_min_min,0.04646961747137081,0.04646961747137081
3,pkt_len_min_max,-0.30973257325455106,0.30973257325455106
3,pkt_len_max_mean,-0.647571027026778,0.647571027026778
3,pkt_len_max_std,-0.7300933676219485,0.7300933676219485
3,pkt_len_max_sum,0.29721711464743,0.29721711464743
3,pkt_len_max_min,0.004731353174974969,0.004731353174974969
3,pkt_len_max_max,0.35117489915750383,0.35117489915750383
3,pkt_len_mean_mean,-0.6820860201194282,0.6820860201194282
3,pkt_len_mean_std,0.326245972676073,0.326245972676073
3,pkt_len_mean_sum,0.33240976133755307,0.33240976133755307
3,pkt_len_mean_min,0.020774087132465955,0.020774087132465955
3,pkt_len_mean_max,-0.9574585874863809,0.9574585874863809
3,pkt_len_std_mean,-0.9478221386075569,0.9478221386075569
3,pkt_len_std_std,0.554283115702014,0.554283115702014
3,pkt_len_std_sum,0.27962526129286247,0.27962526129286247
3,pkt_len_std_min,0.04463048961402121,0.04463048961402121
3,pkt_len_std_max,-0.14543073146543017,0.14543073146543017
3,pkt_len_var_mean,-1.2379853969579473,1.2379853969579473
3,pkt_len_var_std,-1.545257881629391,1.545257881629391
3,pkt_len_var_sum,0.5345208365877425,0.5345208365877425
3,pkt_len_var_min,0.04252121173649727,0.04252121173649727
3,pkt_len_var_max,-1.482659435477843,1.482659435477843
3,fin_flag_cnt_mean,0.06634308779049855,0.06634308779049855
3,fin_flag_cnt_std,0.13582812676787084,0.13582812676787084
3,fin_flag_cnt_sum,-0.01821338694793547,0.01821338694793547
3,fin_flag_cnt_min,0.0,0.0
3,fin_flag_cnt_max,0.14330033928517194,0.14330033928517194
3,syn_flag_cnt_mean,-0.08878308810146224,0.08878308810146224
3,syn_flag_cnt_std,-0.1421308372220317,0.1421308372220317
3,syn_flag_cnt_sum,-0.06490880185694443,0.06490880185694443
3,syn_flag_cnt_min,-0.012210542418083701,0.012210542418083701
3,syn_flag_cnt_max,0.09527708346669236,0.09527708346669236
3,rst_flag_cnt_mean,0.01761980901737415,0.01761980901737415
3,rst_flag_cnt_std,0.5995536010051388,0.5995536010051388
3,rst_flag_cnt_sum,0.6773338830836299,0.6773338830836299
3,rst_flag_cnt_min,0.0,0.0
3,rst_flag_cnt_max,-0.32734370158508624,0.32734370158508624
3,psh_flag_cnt_mean,0.4939181290518211,0.4939181290518211
3,psh_flag_cnt_std,-0.03439565003103233,0.03439565003103233
3,psh_flag_cnt_sum,0.09347778461296677,0.09347778461296677
3,psh_flag_cnt_min,0.006501753152028758,0.006501753152028758
3,psh_flag_cnt_max,-0.4863038316617157,0.4863038316617157
3,ack_flag_cnt_mean,0.18862652874699865,0.18862652874699865
3,ack_flag_cnt_std,0.9932720736210933,0.9932720736210933
3,ack_flag_cnt_sum,0.47480859505922535,0.47480859505922535
3,ack_flag_cnt_min,-0.012210542418083701,0.012210542418083701
3,ack_flag_cnt_max,-0.34094246788570165,0.34094246788570165
3,urg_flag_cnt_mean,-0.8300660570511899,0.8300660570511899
3,urg_flag_cnt_std,0.5440363214874826,0.5440363214874826
3,urg_flag_cnt_sum,0.00017675030483565025,0.00017675030483565025
3,urg_flag_cnt_min,0.0,0.0
3,urg_flag_cnt_max,0.8112854325165109,0.8112854325165109
3,cwe_flag_cnt_mean,-0.21728968923314926,0.21728968923314926
3,cwe_flag_cnt_std,0.3814413879631071,0.3814413879631071
3,cwe_flag_cnt_sum,0.014045752600312548,0.014045752600312548
3,cwe_flag_cnt_min,0.0,0.0
3,cwe_flag_cnt_max,0.12133169680606043,0.12133169680606043
3,ece_flag_cnt_mean,0.05980300718160723,0.05980300718160723
3,ece_flag_cnt_std,0.624473094720135,0.624473094720135
3,ece_flag_cnt_sum,0.6782439017632728,0.6782439017632728
3,ece_flag_cnt_min,0.0,0.0
3,ece_flag_cnt_max,-0.32734370158508624,0.32734370158508624
3,down_up_ratio_mean,0.3405232628487382,0.3405232628487382
3,down_up_ratio_std,-1.1943736203995388,1.1943736203995388
3,down_up_ratio_sum,0.2888254082362164,0.2888254082362164
3,down_up_ratio_min,-0.00529978772379199,0.00529978772379199
3,down_up_ratio_max,0.4594637721813089,0.4594637721813089
3,pkt_size_avg_mean,-0.6799457994245551,0.6799457994245551
3,pkt_size_avg_std,0.21946623916702163,0.21946623916702163
3,pkt_size_avg_sum,0.292130218734566,0.292130218734566
3,pkt_size_avg_min,0.010461179448861234,0.010461179448861234
3,pkt_size_avg_max,0.2821027963781266,0.2821027963781266
3,fwd_seg_size_avg_mean,-0.2154236321955507,0.2154236321955507
3,fwd_seg_size_avg_std,0.012418507199036595,0.012418507199036595
3,fwd_seg_size_avg_sum,0.4361508030897998,0.4361508030897998
3,fwd_seg_size_avg_min,0.013567761935155713,0.013567761935155713
3,fwd_seg_size_avg_max,0.014144952221931698,0.014144952221931698
3,bwd_seg_size_avg_mean,0.19382047723922963,0.19382047723922963
3,bwd_seg_size_avg_std,0.291597547014724,0.291597547014724
3,bwd_seg_size_avg_sum,0.471886187232375,0.471886187232375
3,bwd_seg_size_avg_min,0.04941215163404267,0.04941215163404267
3,bwd_seg_size_avg_max,1.5398589676039967,1.5398589676039967
3,fwd_byts_b_avg_mean,0.0,0.0
3,fwd_byts_b_avg_std,0.0,0.0
3,fwd_byts_b_avg_sum,0.0,0.0
3,fwd_byts_b_avg_min,0.0,0.0
3,fwd_byts_b_avg_max,0.0,0.0
3,fwd_pkts_b_avg_mean,0.0,0.0
3,fwd_pkts_b_avg_std,0.0,0.0
3,fwd_pkts_b_avg_sum,0.0,0.0
3,fwd_pkts_b_avg_min,0.0,0.0
3,fwd_pkts_b_avg_max,0.0,0.0
3,fwd_blk_rate_avg_mean,0.0,0.0
3,fwd_blk_rate_avg_std,0.0,0.0
3,fwd_blk_rate_avg_sum,0.0,0.0
3,fwd_blk_rate_avg_min,0.0,0.0
3,fwd_blk_rate_avg_max,0.0,0.0
3,bwd_byts_b_avg_mean,0.0,0.0
3,bwd_byts_b_avg_std,0.0,0.0
3,bwd_byts_b_avg_sum,0.0,0.0
3,bwd_byts_b_avg_min,0.0,0.0
3,bwd_byts_b_avg_max,0.0,0.0
3,bwd_pkts_b_avg_mean,0.0,0.0
3,bwd_pkts_b_avg_std,0.0,0.0
3,bwd_pkts_b_avg_sum,0.0,0.0
3,bwd_pkts_b_avg_min,0.0,0.0
3,bwd_pkts_b_avg_max,0.0,0.0
3,bwd_blk_rate_avg_mean,0.0,0.0
3,bwd_blk_rate_avg_std,0.0,0.0
3,bwd_blk_rate_avg_sum,0.0,0.0
3,bwd_blk_rate_avg_min,0.0,0.0
3,bwd_blk_rate_avg_max,0.0,0.0
3,subflow_fwd_pkts_mean,0.2618065861296154,0.2618065861296154
3,subflow_fwd_pkts_std,0.30309292788141023,0.30309292788141023
3,subflow_fwd_pkts_sum,0.1747322867733,0.1747322867733
3,subflow_fwd_pkts_min,0.06850609264411128,0.06850609264411128
3,subflow_fwd_pkts_max,0.19864807786104569,0.19864807786104569
3,subflow_fwd_byts_mean,0.20344627283007713,0.20344627283007713
3,subflow_fwd_byts_std,-0.06955511693970244,0.06955511693970244
3,subflow_fwd_byts_sum,0.18989194075737506,0.18989194075737506
3,subflow_fwd_byts_min,-0.021137242253096447,0.021137242253096447
3,subflow_fwd_byts_max,-0.14603433344441966,0.14603433344441966
3,subflow_bwd_pkts_mean,-0.13648147149124454,0.13648147149124454
3,subflow_bwd_pkts_std,-0.6335788297501961,0.6335788297501961
3,subflow_bwd_pkts_sum,-0.17287948506148426,0.17287948506148426
3,subflow_bwd_pkts_min,-0.05472400794464019,0.05472400794464019
3,subflow_bwd_pkts_max,-0.08649730572020398,0.08649730572020398
3,subflow_bwd_byts_mean,0.23316747649573566,0.23316747649573566
3,subflow_bwd_byts_std,-0.2378508558584728,0.2378508558584728
3,subflow_bwd_byts_sum,-0.8787306444401997,0.8787306444401997
3,subflow_bwd_byts_min,0.043302106125395465,0.043302106125395465
3,subflow_bwd_byts_max,0.45613851438720693,0.45613851438720693
3,window_size_fwd_mean,0.38223279677910244,0.38223279677910244
3,window_size_fwd_std,-1.1907948551237475,1.1907948551237475
3,window_size_fwd_sum,0.15258715901955847,0.15258715901955847
3,window_size_fwd_min,0.02799686231329926,0.02799686231329926
3,window_size_fwd_max,-0.18787958229913485,0.18787958229913485
3,window_size_bwd_mean,-0.7875673992171759,0.7875673992171759
3,window_size_bwd_std,1.957434789933374,1.957434789933374
3,window_size_bwd_sum,-0.763201805218254,0.763201805218254
3,window_size_bwd_min,0.036500743601566764,0.036500743601566764
3,window_size_bwd_max,0.3825359587942885,0.3825359587942885
3,fwd_act_data_pkts_mean,0.2608308824116798,0.2608308824116798
3,fwd_act_data_pkts_std,0.2987796492136082,0.2987796492136082
3,fwd_act_data_pkts_sum,0.15638757212068236,0.15638757212068236
3,fwd_act_data_pkts_min,0.13755890984626523,0.13755890984626523
3,fwd_act_data_pkts_max,0.16138633516434683,0.16138633516434683
3,fwd_seg_size_min_mean,1.0389243658261316,1.0389243658261316
3,fwd_seg_size_min_std,-0.4027029683748462,0.4027029683748462
3,fwd_seg_size_min_sum,0.25569426624607366,0.25569426624607366
3,fwd_seg_size_min_min,-0.1497360170019644,0.1497360170019644
3,fwd_seg_size_min_max,-0.12106000413869562,0.12106000413869562
3,active_mean_mean,-0.16710962801210294,0.16710962801210294
3,active_mean_std,-0.34432867264250566,0.34432867264250566
3,active_mean_sum,-0.6543461246706348,0.6543461246706348
3,active_mean_min,0.0044057388460328785,0.0044057388460328785
3,active_mean_max,-0.034433704644297264,0.034433704644297264
3,active_std_mean,-0.43998331031528176,0.43998331031528176
3,active_std_std,-0.12073787359246985,0.12073787359246985
3,active_std_sum,-0.6251244983970226,0.6251244983970226
3,active_std_min,0.02114475466416468,0.02114475466416468
3,active_std_max,0.24560413896372363,0.24560413896372363
3,active_max_mean,-0.2535627465458947,0.2535627465458947
3,active_max_std,0.46199422970752513,0.46199422970752513
3,active_max_sum,0.7251408784587055,0.7251408784587055
3,active_max_min,0.009895623850557774,0.009895623850557774
3,active_max_max,0.19184878655323326,0.19184878655323326
3,active_min_mean,0.03861275475027269,0.03861275475027269
3,active_min_std,-0.34874845273783456,0.34874845273783456
3,active_min_sum,0.17014735686598867,0.17014735686598867
3,active_min_min,-0.004883832561443693,0.004883832561443693
3,active_min_max,0.17304009455138752,0.17304009455138752
3,idle_mean_mean,0.13376831147855472,0.13376831147855472
3,idle_mean_std,-0.20426129178295233,0.20426129178295233
3,idle_mean_sum,0.02363102716119459,0.02363102716119459
3,idle_mean_min,-0.020542496688454127,0.020542496688454127
3,idle_mean_max,-0.09330795027306536,0.09330795027306536
3,idle_std_mean,0.42892705238338047,0.42892705238338047
3,idle_std_std,0.0077538492827264474,0.0077538492827264474
3,idle_std_sum,0.046757942457149745,0.046757942457149745
3,idle_std_min,-0.027351217211406327,0.027351217211406327
3,idle_std_max,-0.03473433381842398,0.03473433381842398
3,idle_max_mean,0.3322826641631667,0.3322826641631667
3,idle_max_std,0.09415952087866276,0.09415952087866276
3,idle_max_sum,0.11941576394162991,0.11941576394162991
3,idle_max_min,-0.0016812460278111008,0.0016812460278111008
3,idle_max_max,-0.1223615258308586,0.1223615258308586
3,idle_min_mean,-0.20295364019932735,0.20295364019932735
3,idle_min_std,-0.3830200122959564,0.3830200122959564
3,idle_min_sum,-0.04237178874541145,0.04237178874541145
3,idle_min_min,-0.05300944376705621,0.05300944376705621
3,idle_min_max,-0.07123390516061644,0.07123390516061644
3,duration_sec_mean,0.08150813916689904,0.08150813916689904
3,duration_sec_std,0.6505509822372334,0.6505509822372334
3,duration_sec_sum,-0.13690562224763664,0.13690562224763664
3,duration_sec_min,0.07376811083654153,0.07376811083654153
3,duration_sec_max,0.15360679444189812,0.15360679444189812
3,flow_count,0.13324172144932284,0.13324172144932284
3,unique_dst_ports_count,0.14034747687723031,0.14034747687723031
3,unique_protocols_count,0.010553190827508968,0.010553190827508968
3,pkt_ttl_min,-0.23371217425550309,0.23371217425550309
3,pkt_ttl_max,-0.48612628520111717,0.48612628520111717
3,pkt_ttl_std,0.3616061608261566,0.3616061608261566
3,pkt_ttl_mode,0.35764174121743625,0.35764174121743625
3,pkt_frag_mf_count,0.0,0.0
3,pkt_frag_df_count,0.7157729018536612,0.7157729018536612
3,pkt_payload_size_p25,-0.06697386028166064,0.06697386028166064
3,pkt_payload_size_p50,-0.21439049371782135,0.21439049371782135
3,pkt_payload_size_p75,-0.666898843255203,0.666898843255203
3,pkt_payload_size_p95,-0.8908699515927816,0.8908699515927816
3,pkt_tcp_retrans_count,1.557386234792192,1.557386234792192
3,pkt_port_scan_seq_score,1.4486454595616685,1.4486454595616685
4,duration_microsec_mean,0.0953087019043104,0.0953087019043104
4,duration_microsec_std,0.2083078306387429,0.2083078306387429
4,duration_microsec_sum,-0.06500922916997881,0.06500922916997881
4,duration_microsec_min,0.09105638119029039,0.09105638119029039
4,duration_microsec_max,0.2910025586623342,0.2910025586623342
4,packet_count_fwd_mean,0.5659239939371519,0.5659239939371519
4,packet_count_fwd_std,-0.2692167640715881,0.2692167640715881
4,packet_count_fwd_sum,0.2350893274556774,0.2350893274556774
4,packet_count_fwd_min,0.1387512618036893,0.1387512618036893
4,packet_count_fwd_max,-0.03557527441777815,0.03557527441777815
4,packet_count_bwd_mean,0.5773508800913467,0.5773508800913467
4,packet_count_bwd_std,1.0954244268568782,1.0954244268568782
4,packet_count_bwd_sum,0.03950407997028877,0.03950407997028877
4,packet_count_bwd_min,-0.15822206821361143,0.15822206821361143
4,packet_count_bwd_max,0.24736805007207016,0.24736805007207016
4,byte_count_fwd_mean,-0.06289779390290326,0.06289779390290326
4,byte_count_fwd_std,-0.7391239033127938,0.7391239033127938
4,byte_count_fwd_sum,-0.195879166151705,0.195879166151705
4,byte_count_fwd_min,0.19826041476325817,0.19826041476325817
4,byte_count_fwd_max,1.3118747767549528,1.3118747767549528
4,byte_count_bwd_mean,-0.5586781553691356,0.5586781553691356
4,byte_count_bwd_std,-1.5679352118934906,1.5679352118934906
4,byte_count_bwd_sum,-0.4469847336134014,0.4469847336134014
4,byte_count_bwd_min,0.04999031555174185,0.04999031555174185
4,byte_count_bwd_max,-0.6572293657333483,0.6572293657333483
4,fwd_pkt_len_max_mean,0.21598303239196928,0.21598303239196928
4,fwd_pkt_len_max_std,-1.6774813086991784,1.6774813086991784
4,fwd_pkt_len_max_sum,0.3876058377935625,0.3876058377935625
4,fwd_pkt_len_max_min,-0.05643984628771621,0.05643984628771621
4,fwd_pkt_len_max_max,0.49797958494237743,0.49797958494237743
4,fwd_pkt_len_min_mean,-0.19390505255438265,0.19390505255438265
4,fwd_pkt_len_min_std,0.015581972647191444,0.015581972647191444
4,fwd_pkt_len_min_sum,-0.1522672871066903,0.1522672871066903
4,fwd_pkt_len_min_min,0.046864485996007815,0.046864485996007815
4,fwd_pkt_len_min_max,-0.02375941726124804,0.02375941726124804
4,fwd_pkt_len_mean_mean,-0.21556599986634808,0.21556599986634808
4,fwd_pkt_len_mean_std,0.012118536294464959,0.012118536294464959
4,fwd_pkt_len_mean_sum,0.43598932127415124,0.43598932127415124
4,fwd_pkt_len_mean_min,0.013659506433258216,0.013659506433258216
4,fwd_pkt_len_mean_max,0.014090445377076651,0.014090445377076651
4,fwd_pkt_len_std_mean,2.0132820096301027,2.0132820096301027
4,fwd_pkt_len_std_std,0.9041318293145615,0.9041318293145615
4,fwd_pkt_len_std_sum,0.42969863150601467,0.42969863150601467
4,fwd_pkt_len_std_min,0.03674148509831009,0.03674148509831009
4,fwd_pkt_len_std_max,-0.26656303567462825,0.26656303567462825
4,bwd_pkt_len_max_mean,0.005584230080097957,0.005584230080097957
4,bwd_pkt_len_max_std,0.5793476032063754,0.5793476032063754
4,bwd_pkt_len_max_sum,0.1651246317955421,0.1651246317955421
4,bwd_pkt_len_max_min,0.045100238719903124,0.045100238719903124
4,bwd_pkt_len_max_max,-0.13381309222706333,0.13381309222706333
4,bwd_pkt_len_min_mean,0.8576753915032471,0.8576753915032471
4,bwd_pkt_len_min_std,-0.3579546653970488,0.3579546653970488
4,bwd_pkt_len_min_sum,0.23097711274139035,0.23097711274139035
4,bwd_pkt_len_min_min,0.0,0.0
4,bwd_pkt_len_min_max,-0.014340499701005347,0.014340499701005347
4,bwd_pkt_len_mean_mean,0.19415405101718322,0.19415405101718322
4,bwd_pkt_len_mean_std,0.29227761483818415,0.29227761483818415
4,bwd_pkt_len_mean_sum,0.47153410445004307,0.47153410445004307
4,bwd_pkt_len_mean_min,0.050723670747057525,0.050723670747057525
4,bwd_pkt_len_mean_max,1.5397215958242705,1.5397215958242705
4,bwd_pkt_len_std_mean,-1.653443639789236,1.653443639789236
4,bwd_pkt_len_std_std,1.1275667945484826,1.1275667945484826
4,bwd_pkt_len_std_sum,-0.005448032356732996,0.005448032356732996
4,bwd_pkt_len_std_min,0.041720581216011556,0.041720581216011556
4,bwd_pkt_len_std_max,1.227363490135927,1.227363490135927
4,bytes_per_sec_mean,-1.3217115782261932,1.3217115782261932
4,bytes_per_sec_std,0.2631987772442166,0.2631987772442166
4,bytes_per_sec_sum,-0.8779384890648092,0.8779384890648092
4,bytes_per_sec_min,0.05266042589389898,0.05266042589389898
4,bytes_per_sec_max,1.1730263214034498,1.1730263214034498
4,packets_per_sec_mean,-0.2890403412541253,0.2890403412541253
4,packets_per_sec_std,0.03227399118348033,0.03227399118348033
4,packets_per_sec_sum,-0.26346052291010574,0.26346052291010574
4,packets_per_sec_min,-0.1693562454713681,0.1693562454713681
4,packets_per_sec_max,-0.32060732799690134,0.32060732799690134
4,flow_iat_mean_mean,0.22113692766943413,0.22113692766943413
4,flow_iat_mean_std,-0.15592866723960314,0.15592866723960314
4,flow_iat_mean_sum,0.2608673035200405,0.2608673035200405
4,flow_iat_mean_min,0.014691544092390442,0.014691544092390442
4,flow_iat_mean_max,-0.04071555096913537,0.04071555096913537
4,flow_iat_std_mean,-0.2684555225024266,0.2684555225024266
4,flow_iat_std_std,-1.245009926209856,1.245009926209856
4,flow_iat_std_sum,-0.39869150640623496,0.39869150640623496
4,flow_iat_std_min,-0.04305843509851963,0.04305843509851963
4,flow_iat_std_max,-0.26715003638297324,0.26715003638297324
4,flow_iat_max_mean,-0.2668767976375982,0.2668767976375982
4,flow_iat_max_std,-0.5700752831866567,0.5700752831866567
4,flow_iat_max_sum,0.19053736389122125,0.19053736389122125
4,flow_iat_max_min,-0.0011449122277141155,0.0011449122277141155
4,flow_iat_max_max,0.19838340345966757,0.19838340345966757
4,flow_iat_min_mean,0.16614827604671448,0.16614827604671448
4,flow_iat_min_std,0.03325634050902524,0.03325634050902524
4,flow_iat_min_sum,0.32177405501234124,0.32177405501234124
4,flow_iat_min_min,0.021983075255886712,0.021983075255886712
4,flow_iat_min_max,0.09508752400047653,0.09508752400047653
4,fwd_iat_tot_mean,0.07416925680735219,0.07416925680735219
4,fwd_iat_tot_std,0.24688588267143632,0.24688588267143632
4,fwd_iat_tot_sum,-0.1092400361614933,0.1092400361614933
4,fwd_iat_tot_min,0.09013963982288467,0.09013963982288467
4,fwd_iat_tot_max,0.03898306664245266,0.03898306664245266
4,fwd_iat_mean_mean,-0.07569185411762892,0.07569185411762892
4,fwd_iat_mean_std,-0.6774385928076212,0.6774385928076212
4,fwd_iat_mean_sum,0.16343000817024114,0.16343000817024114
4,fwd_iat_mean_min,0.007907235017118097,0.007907235017118097
4,fwd_iat_mean_max,0.2763976919203389,0.2763976919203389
4,fwd_iat_std_mean,0.32855543280185684,0.32855543280185684
4,fwd_iat_std_std,0.3369642435762172,0.3369642435762172
4,fwd_iat_std_sum,0.2692304981317214,0.2692304981317214
4,fwd_iat_std_min,-0.050048238983055375,0.050048238983055375
4,fwd_iat_std_max,0.28260164683309247,0.28260164683309247
4,fwd_iat_max_mean,0.06303950459563797,0.06303950459563797
4,fwd_iat_max_std,-0.05980885591494929,0.05980885591494929
4,fwd_iat_max_sum,0.360045870203986,0.360045870203986
4,fwd_iat_max_min,-0.0012126338062010676,0.0012126338062010676
4,fwd_iat_max_max,-0.27740218137300476,0.27740218137300476
4,fwd_iat_min_mean,0.0040104357962319915,0.0040104357962319915
4,fwd_iat_min_std,-0.42890017599616215,0.42890017599616215
4,fwd_iat_min_sum,0.3398188761660107,0.3398188761660107
4,fwd_iat_min_min,0.005842581469545047,0.005842581469545047
4,fwd_iat_min_max,0.32353620308936243,0.32353620308936243
4,bwd_iat_tot_mean,-0.5875249372521375,0.5875249372521375
4,bwd_iat_tot_std,-0.10221264008199309,0.10221264008199309
4,bwd_iat_tot_sum,-0.07719462570158112,0.07719462570158112
4,bwd_iat_tot_min,0.022579077815574985,0.022579077815574985
4,bwd_iat_tot_max,-0.28928370123836106,0.28928370123836106
4,bwd_iat_mean_mean,0.47591991285002627,0.47591991285002627
4,bwd_iat_mean_std,1.008233690571921,1.008233690571921
4,bwd_iat_mean_sum,-0.643482892699228,0.643482892699228
4,bwd_iat_mean_min,-0.0417862815082928,0.0417862815082928
4,bwd_iat_mean_max,-0.5366947885048793,0.5366947885048793
4,bwd_iat_std_mean,1.3661310200221812,1.3661310200221812
4,bwd_iat_std_std,0.24339712887924958,0.24339712887924958
4,bwd_iat_std_sum,0.2991572917354655,0.2991572917354655
4,bwd_iat_std_min,0.01965767944853396,0.01965767944853396
4,bwd_iat_std_max,-0.05864812727399175,0.05864812727399175
4,bwd_iat_max_mean,-0.17174933738574957,0.17174933738574957
4,bwd_iat_max_std,-1.0240279804558536,1.0240279804558536
4,bwd_iat_max_sum,-0.12207653767610264,0.12207653767610264
4,bwd_iat_max_min,-0.002106237417070399,0.002106237417070399
4,bwd_iat_max_max,0.012361630187971182,0.012361630187971182
4,bwd_iat_min_mean,-0.03887620737696358,0.03887620737696358
4,bwd_iat_min_std,-1.0335369145996807,1.0335369145996807
4,bwd_iat_min_sum,0.1096381879633464,0.1096381879633464
4,bwd_iat_min_min,-0.0799415549617648,0.0799415549617648
4,bwd_iat_min_max,0.8956275862617226,0.8956275862617226
4,fwd_psh_flags_mean,-0.08878828352407782,0.08878828352407782
4,fwd_psh_flags_std,-0.14195410080256526,0.14195410080256526
4,fwd_psh_flags_sum,-0.06485686098116523,0.06485686098116523
4,fwd_psh_flags_min,-0.012530483824071341,0.012530483824071341
4,fwd_psh_flags_max,0.09528250245682075,0.09528250245682075
4,bwd_psh_flags_mean,0.0,0.0
4,bwd_psh_flags_std,0.0,0.0
4,bwd_psh_flags_sum,0.0,0.0
4,bwd_psh_flags_min,0.0,0.0
4,bwd_psh_flags_max,0.0,0.0
4,fwd_urg_flags_mean,-0.21720437842745752,0.21720437842745752
4,fwd_urg_flags_std,0.3815380121020589,0.3815380121020589
4,fwd_urg_flags_sum,0.014038704607764727,0.014038704607764727
4,fwd_urg_flags_min,0.0,0.0
4,fwd_urg_flags_max,0.12126339447257477,0.12126339447257477
4,bwd_urg_flags_mean,0.0,0.0
4,bwd_urg_flags_std,0.0,0.0
4,bwd_urg_flags_sum,0.0,0.0
4,bwd_urg_flags_min,0.0,0.0
4,bwd_urg_flags_max,0.0,0.0
4,fwd_header_len_mean,0.26304599003524487,0.26304599003524487
4,fwd_header_len_std,0.31888836499168915,0.31888836499168915
4,fwd_header_len_sum,0.2272010493447882,0.2272010493447882
4,fwd_header_len_min,-0.01416426769974887,0.01416426769974887
4,fwd_header_len_max,0.5363202258555008,0.5363202258555008
4,bwd_header_len_mean,-0.026580068710988156,0.026580068710988156
4,bwd_header_len_std,-0.26337782629709305,0.26337782629709305
4,bwd_header_len_sum,0.08146238930885531,0.08146238930885531
4,bwd_header_len_min,-0.0009144247560929561,0.0009144247560929561
4,bwd_header_len_max,0.5734687251794122,0.5734687251794122
4,fwd_pkts_per_sec_mean,0.33585676800099873,0.33585676800099873
4,fwd_pkts_per_sec_std,0.10667314023473887,0.10667314023473887
4,fwd_pkts_per_sec_sum,0.3878764242023596,0.3878764242023596
4,fwd_pkts_per_sec_min,0.01885605171729033,0.01885605171729033
4,fwd_pkts_per_sec_max,-0.3931425086808125,0.3931425086808125
4,bwd_pkts_per_sec_mean,-0.20729416546926202,0.20729416546926202
4,bwd_pkts_per_sec_std,0.6929747488535238,0.6929747488535238
4,bwd_pkts_per_sec_sum,-0.9508717775616918,0.9508717775616918
4,bwd_pkts_per_sec_min,0.018868050148687428,0.018868050148687428
4,bwd_pkts_per_sec_max,-0.26039162189709336,0.26039162189709336
4,pkt_len_min_mean,-0.013390837632632206,0.013390837632632206
4,pkt_len_min_std,0.9224780288412744,0.9224780288412744
4,pkt_len_min_sum,-0.18111438147915562,0.18111438147915562
4,pkt_len_min_min,0.046588400677323456,0.046588400677323456
4,pkt_len_min_max,-0.3093675255023377,0.3093675255023377
4,pkt_len_max_mean,-0.6474820481169601,0.6474820481169601
4,pkt_len_max_std,-0.7302088443664181,0.7302088443664181
4,pkt_len_max_sum,0.2968835667275066,0.2968835667275066
4,pkt_len_max_min,0.00485727811472972,0.00485727811472972
4,pkt_len_max_max,0.35120380484407226,0.35120380484407226
4,pkt_len_mean_mean,-0.6815796162078452,0.6815796162078452
4,pkt_len_mean_std,0.3269512245993686,0.3269512245993686
4,pkt_len_mean_sum,0.3322998965949067,0.3322998965949067
4,pkt_len_mean_min,0.020888084932523362,0.020888084932523362
4,pkt_len_mean_max,-0.9572493636581321,0.9572493636581321
4,pkt_len_std_mean,-0.9471394365822376,0.9471394365822376
4,pkt_len_std_std,0.5544725014157851,0.5544725014157851
4,pkt_len_std_sum,0.2794806064859354,0.2794806064859354
4,pkt_len_std_min,0.045524596799042256,0.045524596799042256
4,pkt_len_std_max,-0.14533517425037132,0.14533517425037132
4,pkt_len_var_mean,-1.237497578447194,1.237497578447194
4,pkt_len_var_std,-1.5453532334399325,1.5453532334399325
4,pkt_len_var_sum,0.5343331786018303,0.5343331786018303
4,pkt_len_var_min,0.04323438295100382,0.04323438295100382
4,pkt_len_var_max,-1.4828093270072187,1.4828093270072187
4,fin_flag_cnt_mean,0.06630805442721092,0.06630805442721092
4,fin_flag_cnt_std,0.1359393003437555,0.1359393003437555
4,fin_flag_cnt_sum,-0.018132186080310586,0.018132186080310586
4,fin_flag_cnt_min,0.0,0.0
4,fin_flag_cnt_max,0.14316808411023582,0.14316808411023582
4,syn_flag_cnt_mean,-0.08878828352407782,0.08878828352407782
4,syn_flag_cnt_std,-0.14195410080256526,0.14195410080256526
4,syn_flag_cnt_sum,-0.06485686098116523,0.06485686098116523
4,syn_flag_cnt_min,-0.012530483824071341,0.012530483824071341
4,syn_flag_cnt_max,0.09528250245682075,0.09528250245682075
4,rst_flag_cnt_mean,0.01726058564079266,0.01726058564079266
4,rst_flag_cnt_std,0.5998729288207851,0.5998729288207851
4,rst_flag_cnt_sum,0.6771225718199145,0.6771225718199145
4,rst_flag_cnt_min,0.0,0.0
4,rst_flag_cnt_max,-0.3272563160760409,0.3272563160760409
4,psh_flag_cnt_mean,0.49437873246319747,0.49437873246319747
4,psh_flag_cnt_std,-0.034569254291359965,0.034569254291359965
4,psh_flag_cnt_sum,0.09322969585497555,0.09322969585497555
4,psh_flag_cnt_min,0.006036562356058907,0.006036562356058907
4,psh_flag_cnt_max,-0.4860403476071696,0.4860403476071696
4,ack_flag_cnt_mean,0.18857252034958516,0.18857252034958516
4,ack_flag_cnt_std,0.9936530385277328,0.9936530385277328
4,ack_flag_cnt_sum,0.474963372389387,0.474963372389387
4,ack_flag_cnt_min,-0.012530483824071341,0.012530483824071341
4,ack_flag_cnt_max,-0.3416294000729301,0.3416294000729301
4,urg_flag_cnt_mean,-0.8304201777105098,0.8304201777105098
4,urg_flag_cnt_std,0.5440622923939691,0.5440622923939691
4,urg_flag_cnt_sum,0.0003234082368144042,0.0003234082368144042
4,urg_flag_cnt_min,0.0,0.0
4,urg_flag_cnt_max,0.8115730848859037,0.8115730848859037
4,cwe_flag_cnt_mean,-0.21720437842745752,0.21720437842745752
4,cwe_flag_cnt_std,0.3815380121020589,0.3815380121020589
4,cwe_flag_cnt_sum,0.014038704607764727,0.014038704607764727
4,cwe_flag_cnt_min,0.0,0.0
4,cwe_flag_cnt_max,0.12126339447257477,0.12126339447257477
4,ece_flag_cnt_mean,0.05945477444691272,0.05945477444691272
4,ece_flag_cnt_std,0.6247956683437335,0.6247956683437335
4,ece_flag_cnt_sum,0.6780326440169743,0.6780326440169743
4,ece_flag_cnt_min,0.0,0.0
4,ece_flag_cnt_max,-0.3272563160760409,0.3272563160760409
4,down_up_ratio_mean,0.340566554841836,0.340566554841836
4,down_up_ratio_std,-1.1942611875055273,1.1942611875055273
4,down_up_ratio_sum,0.2889873782083373,0.2889873782083373
4,down_up_ratio_min,-0.0051246276088737185,0.0051246276088737185
4,down_up_ratio_max,0.45953379224976754,0.45953379224976754
4,pkt_size_avg_mean,-0.679568276409954,0.679568276409954
4,pkt_size_avg_std,0.22047163913920584,0.22047163913920584
4,pkt_size_avg_sum,0.29208741867594157,0.29208741867594157
4,pkt_size_avg_min,0.010572359991338905,0.010572359991338905
4,pkt_size_avg_max,0.2822614333632739,0.2822614333632739
4,fwd_seg_size_avg_mean,-0.21556599986634808,0.21556599986634808
4,fwd_seg_size_avg_std,0.012118536294464959,0.012118536294464959
4,fwd_seg_size_avg_sum,0.43598932127415124,0.43598932127415124
4,fwd_seg_size_avg_min,0.013659506433258216,0.013659506433258216
4,fwd_seg_size_avg_max,0.014090445377076651,0.014090445377076651
4,bwd_seg_size_avg_mean,0.19415405101364977,0.19415405101364977
4,bwd_seg_size_avg_std,0.2922776148226179,0.2922776148226179
4,bwd_seg_size_avg_sum,0.47153410444954386,0.47153410444954386
4,bwd_seg_size_avg_min,0.050723670747057525,0.050723670747057525
4,bwd_seg_size_avg_max,1.5397215958243888,1.5397215958243888
4,fwd_byts_b_avg_mean,0.0,0.0
4,fwd_byts_b_avg_std,0.0,0.0
4,fwd_byts_b_avg_sum,0.0,0.0
4,fwd_byts_b_avg_min,0.0,0.0
4,fwd_byts_b_avg_max,0.0,0.0
4,fwd_pkts_b_avg_mean,0.0,0.0
4,fwd_pkts_b_avg_std,0.0,0.0
4,fwd_pkts_b_avg_sum,0.0,0.0
4,fwd_pkts_b_avg_min,0.0,0.0
4,fwd_pkts_b_avg_max,0.0,0.0
4,fwd_blk_rate_avg_mean,0.0,0.0
4,fwd_blk_rate_avg_std,0.0,0.0
4,fwd_blk_rate_avg_sum,0.0,0.0
4,fwd_blk_rate_avg_min,0.0,0.0
4,fwd_blk_rate_avg_max,0.0,0.0
4,bwd_byts_b_avg_mean,0.0,0.0
4,bwd_byts_b_avg_std,0.0,0.0
4,bwd_byts_b_avg_sum,0.0,0.0
4,bwd_byts_b_avg_min,0.0,0.0
4,bwd_byts_b_avg_max,0.0,0.0
4,bwd_pkts_b_avg_mean,0.0,0.0
4,bwd_pkts_b_avg_std,0.0,0.0
4,bwd_pkts_b_avg_sum,0.0,0.0
4,bwd_pkts_b_avg_min,0.0,0.0
4,bwd_pkts_b_avg_max,0.0,0.0
4,bwd_blk_rate_avg_mean,0.0,0.0
4,bwd_blk_rate_avg_std,0.0,0.0
4,bwd_blk_rate_avg_sum,0.0,0.0
4,bwd_blk_rate_avg_min,0.0,0.0
4,bwd_blk_rate_avg_max,0.0,0.0
4,subflow_fwd_pkts_mean,0.2613879230113092,0.2613879230113092
4,subflow_fwd_pkts_std,0.3034696980565317,0.3034696980565317
4,subflow_fwd_pkts_sum,0.1744518250685429,0.1744518250685429
4,subflow_fwd_pkts_min,0.06840923995760576,0.06840923995760576
4,subflow_fwd_pkts_max,0.19899229452692974,0.19899229452692974
4,subflow_fwd_byts_mean,0.20305398991678747,0.20305398991678747
4,subflow_fwd_byts_std,-0.06922068766517284,0.06922068766517284
4,subflow_fwd_byts_sum,0.18953565749047005,0.18953565749047005
4,subflow_fwd_byts_min,-0.02116682442256986,0.02116682442256986
4,subflow_fwd_byts_max,-0.14635253811332258,0.14635253811332258
4,subflow_bwd_pkts_mean,-0.136543413016378,0.136543413016378
4,subflow_bwd_pkts_std,-0.6336712187814864,0.6336712187814864
4,subflow_bwd_pkts_sum,-0.17305716410890512,0.17305716410890512
4,subflow_bwd_pkts_min,-0.054362343340554495,0.054362343340554495
4,subflow_bwd_pkts_max,-0.0865654412536766,0.0865654412536766
4,subflow_bwd_byts_mean,0.2331498049236619,0.2331498049236619
4,subflow_bwd_byts_std,-0.23796469503737866,0.23796469503737866
4,subflow_bwd_byts_sum,-0.8781036930359284,0.8781036930359284
4,subflow_bwd_byts_min,0.04414059301427469,0.04414059301427469
4,subflow_bwd_byts_max,0.45607495386911406,0.45607495386911406
4,window_size_fwd_mean,0.38206775083555955,0.38206775083555955
4,window_size_fwd_std,-1.190932676257273,1.190932676257273
4,window_size_fwd_sum,0.1528741249173863,0.1528741249173863
4,window_size_fwd_min,0.029165563037751495,0.029165563037751495
4,window_size_fwd_max,-0.18832403536731815,0.18832403536731815
4,window_size_bwd_mean,-0.787673273364429,0.787673273364429
4,window_size_bwd_std,1.957716708395048,1.957716708395048
4,window_size_bwd_sum,-0.7640880968751272,0.7640880968751272
4,window_size_bwd_min,0.03720500663601941,0.03720500663601941
4,window_size_bwd_max,0.3824168766383711,0.3824168766383711
4,fwd_act_data_pkts_mean,0.2604127400369667,0.2604127400369667
4,fwd_act_data_pkts_std,0.29916370810339876,0.29916370810339876
4,fwd_act_data_pkts_sum,0.15611179735280628,0.15611179735280628
4,fwd_act_data_pkts_min,0.13708438820338978,0.13708438820338978
4,fwd_act_data_pkts_max,0.16182320447393825,0.16182320447393825
4,fwd_seg_size_min_mean,1.0391418409760447,1.0391418409760447
4,fwd_seg_size_min_std,-0.4033297098228359,0.4033297098228359
4,fwd_seg_size_min_sum,0.25567257024309564,0.25567257024309564
4,fwd_seg_size_min_min,-0.1505799265617616,0.1505799265617616
4,fwd_seg_size_min_max,-0.12101568155301365,0.12101568155301365
4,active_mean_mean,-0.16700829199004838,0.16700829199004838
4,active_mean_std,-0.34446275402009496,0.34446275402009496
4,active_mean_sum,-0.6543417669442836,0.6543417669442836
4,active_mean_min,0.004289690142467538,0.004289690142467538
4,active_mean_max,-0.03449632037160626,0.03449632037160626
4,active_std_mean,-0.44018451446811324,0.44018451446811324
4,active_std_std,-0.1208837028269363,0.1208837028269363
4,active_std_sum,-0.6250642851113749,0.6250642851113749
4,active_std_min,0.02097393129614672,0.02097393129614672
4,active_std_max,0.2457254615855311,0.2457254615855311
4,active_max_mean,-0.2535119737494304,0.2535119737494304
4,active_max_std,0.4618202278374609,0.4618202278374609
4,active_max_sum,0.7249833407550335,0.7249833407550335
4,active_max_min,0.009740954545739302,0.009740954545739302
4,active_max_max,0.19209008175256073,0.19209008175256073
4,active_min_mean,0.038876547641955965,0.038876547641955965
4,active_min_std,-0.3486413650484389,0.3486413650484389
4,active_min_sum,0.17015962275098845,0.17015962275098845
4,active_min_min,-0.004910313418423815,0.004910313418423815
4,active_min_max,0.17295163204641795,0.17295163204641795
4,idle_mean_mean,0.1337551517710469,0.1337551517710469
4,idle_mean_std,-0.20422507980525498,0.20422507980525498
4,idle_mean_sum,0.02386260828711085,0.02386260828711085
4,idle_mean_min,-0.020865764129223027,0.020865764129223027
4,idle_mean_max,-0.09350965713396399,0.09350965713396399
4,idle_std_mean,0.42907791184540234,0.42907791184540234
4,idle_std_std,0.00759862197511151,0.00759862197511151
4,idle_std_sum,0.04676703515281323,0.04676703515281323
4,idle_std_min,-0.02729979392612279,0.02729979392612279
4,idle_std_max,-0.034620044126527354,0.034620044126527354
4,idle_max_mean,0.33239101189036907,0.33239101189036907
4,idle_max_std,0.09410137860549857,0.09410137860549857
4,idle_max_sum,0.11966045827629618,0.11966045827629618
4,idle_max_min,-0.0017849226290840938,0.0017849226290840938
4,idle_max_max,-0.12209692618616208,0.12209692618616208
4,idle_min_mean,-0.20300741209606096,0.20300741209606096
4,idle_min_std,-0.38289294220500125,0.38289294220500125
4,idle_min_sum,-0.04214140619098739,0.04214140619098739
4,idle_min_min,-0.05374261790472223,0.05374261790472223
4,idle_min_max,-0.07137767988200548,0.07137767988200548
4,duration_sec_mean,0.08195459726630824,0.08195459726630824
4,duration_sec_std,0.650797242025925,0.650797242025925
4,duration_sec_sum,-0.13677396047234636,0.13677396047234636
4,duration_sec_min,0.07436185530262185,0.07436185530262185
4,duration_sec_max,0.15381903583514486,0.15381903583514486
4,flow_count,0.13323595110006495,0.13323595110006495
4,unique_dst_ports_count,0.13997323885928986,0.13997323885928986
4,unique_protocols_count,0.011305420033772762,0.011305420033772762
4,pkt_ttl_min,-0.23366544755528376,0.23366544755528376
4,pkt_ttl_max,-0.4860985902393721,0.4860985902393721
4,pkt_ttl_std,0.36169459707886054,0.36169459707886054
4,pkt_ttl_mode,0.35772991446868213,0.35772991446868213
4,pkt_frag_mf_count,0.0,0.0
4,pkt_frag_df_count,0.7157706491603771,0.7157706491603771
4,pkt_payload_size_p25,-0.06691500561163816,0.06691500561163816
4,pkt_payload_size_p50,-0.2143423437772139,0.2143423437772139
4,pkt_payload_size_p75,-0.6668852981981682,0.6668852981981682
4,pkt_payload_size_p95,-0.8908745890298367,0.8908745890298367
4,pkt_tcp_retrans_count,1.5575432094657675,1.5575432094657675
4,pkt_port_scan_seq_score,1.4487970072173926,1.4487970072173926
5,duration_microsec_mean,0.09530853243922173,0.09530853243922173
5,duration_microsec_std,0.20819328711669302,0.20819328711669302
5,duration_microsec_sum,-0.06488081968379614,0.06488081968379614
5,duration_microsec_min,0.09101667590996006,0.09101667590996006
5,duration_microsec_max,0.29102399375270177,0.29102399375270177
5,packet_count_fwd_mean,0.5656059162828955,0.5656059162828955
5,packet_count_fwd_std,-0.26928389309041606,0.26928389309041606
5,packet_count_fwd_sum,0.23502992821163213,0.23502992821163213
5,packet_count_fwd_min,0.1392687993461626,0.1392687993461626
5,packet_count_fwd_max,-0.03548103545485594,0.03548103545485594
5,packet_count_bwd_mean,0.5769761148843471,0.5769761148843471
5,packet_count_bwd_std,1.0954664258421318,1.0954664258421318
5,packet_count_bwd_sum,0.0393782537962868,0.0393782537962868
5,packet_count_bwd_min,-0.15703592418031367,0.15703592418031367
5,packet_count_bwd_max,0.24731712486746846,0.24731712486746846
5,byte_count_fwd_mean,-0.0630756920043926,0.0630756920043926
5,byte_count_fwd_std,-0.7389660013197237,0.7389660013197237
5,byte_count_fwd_sum,-0.19578594778704062,0.19578594778704062
5,byte_count_fwd_min,0.19763504304475446,0.19763504304475446
5,byte_count_fwd_max,1.3128061571316951,1.3128061571316951
5,byte_count_bwd_mean,-0.5586728868707307,0.5586728868707307
5,byte_count_bwd_std,-1.568124055427879,1.568124055427879
5,byte_count_bwd_sum,-0.446991193216645,0.446991193216645
5,byte_count_bwd_min,0.054652188750380276,0.054652188750380276
5,byte_count_bwd_max,-0.6569571380024092,0.6569571380024092
5,fwd_pkt_len_max_mean,0.215786032457043,0.215786032457043
5,fwd_pkt_len_max_std,-1.676889007292097,1.676889007292097
5,fwd_pkt_len_max_sum,0.388201810265625,0.388201810265625
5,fwd_pkt_len_max_min,-0.0554966339950517,0.0554966339950517
5,fwd_pkt_len_max_max,0.49809043276829673,0.49809043276829673
5,fwd_pkt_len_min_mean,-0.19373518458382413,0.19373518458382413
5,fwd_pkt_len_min_std,0.01575403629709779,0.01575403629709779
5,fwd_pkt_len_min_sum,-0.1523388340330318,0.1523388340330318
5,fwd_pkt_len_min_min,0.0465944618685337,0.0465944618685337
5,fwd_pkt_len_min_max,-0.023777240627802343,0.023777240627802343
5,fwd_pkt_len_mean_mean,-0.2154631026625758,0.2154631026625758
5,fwd_pkt_len_mean_std,0.011954952152151834,0.011954952152151834
5,fwd_pkt_len_mean_sum,0.436485948090685,0.436485948090685
5,fwd_pkt_len_mean_min,0.013658381915726464,0.013658381915726464
5,fwd_pkt_len_mean_max,0.01413118827786139,0.01413118827786139
5,fwd_pkt_len_std_mean,2.0134831428121442,2.0134831428121442
5,fwd_pkt_len_std_std,0.903467327052133,0.903467327052133
5,fwd_pkt_len_std_sum,0.43041344624377287,0.43041344624377287
5,fwd_pkt_len_std_min,0.039914431900738734,0.039914431900738734
5,fwd_pkt_len_std_max,-0.26651490815485546,0.26651490815485546
5,bwd_pkt_len_max_mean,0.005791214189088919,0.005791214189088919
5,bwd_pkt_len_max_std,0.578802222760814,0.578802222760814
5,bwd_pkt_len_max_sum,0.16470629739119294,0.16470629739119294
5,bwd_pkt_len_max_min,0.04892709095754161,0.04892709095754161
5,bwd_pkt_len_max_max,-0.1338174106333896,0.1338174106333896
5,bwd_pkt_len_min_mean,0.8575264990165545,0.8575264990165545
5,bwd_pkt_len_min_std,-0.3578917045581779,0.3578917045581779
5,bwd_pkt_len_min_sum,0.23081755049964256,0.23081755049964256
5,bwd_pkt_len_min_min,0.0,0.0
5,bwd_pkt_len_min_max,-0.014391162143706225,0.014391162143706225
5,bwd_pkt_len_mean_mean,0.19402907874258196,0.19402907874258196
5,bwd_pkt_len_mean_std,0.29223362187496155,0.29223362187496155
5,bwd_pkt_len_mean_sum,0.47159451053730617,0.47159451053730617
5,bwd_pkt_len_mean_min,0.055848500002942954,0.055848500002942954
5,bwd_pkt_len_mean_max,1.540108887398882,1.540108887398882
5,bwd_pkt_len_std_mean,-1.653557585619692,1.653557585619692
5,bwd_pkt_len_std_std,1.1276224241062467,1.1276224241062467
5,bwd_pkt_len_std_sum,-0.005173825632334079,0.005173825632334079
5,bwd_pkt_len_std_min,0.04451269006480865,0.04451269006480865
5,bwd_pkt_len_std_max,1.2276262593535965,1.2276262593535965
5,bytes_per_sec_mean,-1.3218629276310538,1.3218629276310538
5,bytes_per_sec_std,0.26304912797519964,0.26304912797519964
5,bytes_per_sec_sum,-0.8779455093913906,0.8779455093913906
5,bytes_per_sec_min,0.05299300092784887,0.05299300092784887
5,bytes_per_sec_max,1.1731864530301754,1.1731864530301754
5,packets_per_sec_mean,-0.2888746390678402,0.2888746390678402
5,packets_per_sec_std,0.0320153392657074,0.0320153392657074
5,packets_per_sec_sum,-0.26320288792891294,0.26320288792891294
5,packets_per_sec_min,-0.1679869947573629,0.1679869947573629
5,packets_per_sec_max,-0.32029659105626956,0.32029659105626956
5,flow_iat_mean_mean,0.22117970272175796,0.22117970272175796
5,flow_iat_mean_std,-0.1560931459441433,0.1560931459441433
5,flow_iat_mean_sum,0.2609074910191998,0.2609074910191998
5,flow_iat_mean_min,0.014749919241637223,0.014749919241637223
5,flow_iat_mean_max,-0.04069817989340263,0.04069817989340263
5,flow_iat_std_mean,-0.2684057122113244,0.2684057122113244
5,flow_iat_std_std,-1.2449559593659996,1.2449559593659996
5,flow_iat_std_sum,-0.3988163049000133,0.3988163049000133
5,flow_iat_std_min,-0.043451275450829004,0.043451275450829004
5,flow_iat_std_max,-0.26717550626254644,0.26717550626254644
5,flow_iat_max_mean,-0.26683501767763756,0.26683501767763756
5,flow_iat_max_std,-0.5701001096696321,0.5701001096696321
5,flow_iat_max_sum,0.19055898445036104,0.19055898445036104
5,flow_iat_max_min,-0.0012386566672981454,0.0012386566672981454
5,flow_iat_max_max,0.19842378581491263,0.19842378581491263
5,flow_iat_min_mean,0.16619864963194442,0.16619864963194442
5,flow_iat_min_std,0.03313226662965873,0.03313226662965873
5,flow_iat_min_sum,0.3218120089363611,0.3218120089363611
5,flow_iat_min_min,0.022094100309603418,0.022094100309603418
5,flow_iat_min_max,0.09511859397693893,0.09511859397693893
5,fwd_iat_tot_mean,0.07412966254016208,0.07412966254016208
5,fwd_iat_tot_std,0.24678067899890085,0.24678067899890085
5,fwd_iat_tot_sum,-0.10907715581706946,0.10907715581706946
5,fwd_iat_tot_min,0.09003892414381202,0.09003892414381202
5,fwd_iat_tot_max,0.039076206834158245,0.039076206834158245
5,fwd_iat_mean_mean,-0.07563089165343308,0.07563089165343308
5,fwd_iat_mean_std,-0.677446781280551,0.677446781280551
5,fwd_iat_mean_sum,0.16350744394579322,0.16350744394579322
5,fwd_iat_mean_min,0.007916773242179487,0.007916773242179487
5,fwd_iat_mean_max,0.2765199032490155,0.2765199032490155
5,fwd_iat_std_mean,0.32833324445767736,0.32833324445767736
5,fwd_iat_std_std,0.3368318197844935,0.3368318197844935
5,fwd_iat_std_sum,0.26903437874337927,0.26903437874337927
5,fwd_iat_std_min,-0.05048253203614713,0.05048253203614713
5,fwd_iat_std_max,0.282818121563157,0.282818121563157
5,fwd_iat_max_mean,0.06303534133260964,0.06303534133260964
5,fwd_iat_max_std,-0.059842496907155825,0.059842496907155825
5,fwd_iat_max_sum,0.36003608083230665,0.36003608083230665
5,fwd_iat_max_min,-0.0012983219054535282,0.0012983219054535282
5,fwd_iat_max_max,-0.27742831766409376,0.27742831766409376
5,fwd_iat_min_mean,0.004102590240945019,0.004102590240945019
5,fwd_iat_min_std,-0.4289106863691062,0.4289106863691062
5,fwd_iat_min_sum,0.33986789794597727,0.33986789794597727
5,fwd_iat_min_min,0.005806399181533784,0.005806399181533784
5,fwd_iat_min_max,0.3236968862186372,0.3236968862186372
5,bwd_iat_tot_mean,-0.5878873605680045,0.5878873605680045
5,bwd_iat_tot_std,-0.10210917364002034,0.10210917364002034
5,bwd_iat_tot_sum,-0.07712265826434071,0.07712265826434071
5,bwd_iat_tot_min,0.024970601331493793,0.024970601331493793
5,bwd_iat_tot_max,-0.28959978699919825,0.28959978699919825
5,bwd_iat_mean_mean,0.476027525648062,0.476027525648062
5,bwd_iat_mean_std,1.0080652508607513,1.0080652508607513
5,bwd_iat_mean_sum,-0.6433723511188743,0.6433723511188743
5,bwd_iat_mean_min,-0.04204328205704473,0.04204328205704473
5,bwd_iat_mean_max,-0.5365177864423945,0.5365177864423945
5,bwd_iat_std_mean,1.3661880606993893,1.3661880606993893
5,bwd_iat_std_std,0.24313300671997126,0.24313300671997126
5,bwd_iat_std_sum,0.29896433003537054,0.29896433003537054
5,bwd_iat_std_min,0.020842512798654886,0.020842512798654886
5,bwd_iat_std_max,-0.05862901885119563,0.05862901885119563
5,bwd_iat_max_mean,-0.17181495092234672,0.17181495092234672
5,bwd_iat_max_std,-1.023832850828485,1.023832850828485
5,bwd_iat_max_sum,-0.12195727310503854,0.12195727310503854
5,bwd_iat_max_min,-0.00112856863919367,0.00112856863919367
5,bwd_iat_max_max,0.01245767637160347,0.01245767637160347
5,bwd_iat_min_mean,-0.03893459116110216,0.03893459116110216
5,bwd_iat_min_std,-1.0335917378396575,1.0335917378396575
5,bwd_iat_min_sum,0.10945219525800949,0.10945219525800949
5,bwd_iat_min_min,-0.08190356023468946,0.08190356023468946
5,bwd_iat_min_max,0.895240706609483,0.895240706609483
5,fwd_psh_flags_mean,-0.08899073960852166,0.08899073960852166
5,fwd_psh_flags_std,-0.14172958200078356,0.14172958200078356
5,fwd_psh_flags_sum,-0.06504088297125098,0.06504088297125098
5,fwd_psh_flags_min,-0.014490927629228104,0.014490927629228104
5,fwd_psh_flags_max,0.09545773671190373,0.09545773671190373
5,bwd_psh_flags_mean,0.0,0.0
5,bwd_psh_flags_std,0.0,0.0
5,bwd_psh_flags_sum,0.0,0.0
5,bwd_psh_flags_min,0.0,0.0
5,bwd_psh_flags_max,0.0,0.0
5,fwd_urg_flags_mean,-0.21719569884362114,0.21719569884362114
5,fwd_urg_flags_std,0.38160997671904734,0.38160997671904734
5,fwd_urg_flags_sum,0.014010027481240318,0.014010027481240318
5,fwd_urg_flags_min,0.0,0.0
5,fwd_urg_flags_max,0.12139309134080963,0.12139309134080963
5,bwd_urg_flags_mean,0.0,0.0
5,bwd_urg_flags_std,0.0,0.0
5,bwd_urg_flags_sum,0.0,0.0
5,bwd_urg_flags_min,0.0,0.0
5,bwd_urg_flags_max,0.0,0.0
5,fwd_header_len_mean,0.263418624222973,0.263418624222973
5,fwd_header_len_std,0.3187439132741837,0.3187439132741837
5,fwd_header_len_sum,0.2279541856447834,0.2279541856447834
5,fwd_header_len_min,-0.01306516364470775,0.01306516364470775
5,fwd_header_len_max,0.5365182278719812,0.5365182278719812
5,bwd_header_len_mean,-0.02655748516894285,0.02655748516894285
5,bwd_header_len_std,-0.26341883191909077,0.26341883191909077
5,bwd_header_len_sum,0.08114097363061767,0.08114097363061767
5,bwd_header_len_min,0.0008810591729395073,0.0008810591729395073
5,bwd_header_len_max,0.5734281191333178,0.5734281191333178
5,fwd_pkts_per_sec_mean,0.33595831557706546,0.33595831557706546
5,fwd_pkts_per_sec_std,0.10654138337335856,0.10654138337335856
5,fwd_pkts_per_sec_sum,0.38732104374891435,0.38732104374891435
5,fwd_pkts_per_sec_min,0.019986794845921876,0.019986794845921876
5,fwd_pkts_per_sec_max,-0.39318404555032616,0.39318404555032616
5,bwd_pkts_per_sec_mean,-0.20705946267452036,0.20705946267452036
5,bwd_pkts_per_sec_std,0.6930652457874942,0.6930652457874942
5,bwd_pkts_per_sec_sum,-0.9506609674256526,0.9506609674256526
5,bwd_pkts_per_sec_min,0.01999566885309647,0.01999566885309647
5,bwd_pkts_per_sec_max,-0.26022238480240534,0.26022238480240534
5,pkt_len_min_mean,-0.01326685014633421,0.01326685014633421
5,pkt_len_min_std,0.9223822593171389,0.9223822593171389
5,pkt_len_min_sum,-0.18113025066005484,0.18113025066005484
5,pkt_len_min_min,0.04640179569693283,0.04640179569693283
5,pkt_len_min_max,-0.3094483235396236,0.3094483235396236
5,pkt_len_max_mean,-0.6471734017350287,0.6471734017350287
5,pkt_len_max_std,-0.7298825848040781,0.7298825848040781
5,pkt_len_max_sum,0.2972399372306896,0.2972399372306896
5,pkt_len_max_min,0.007166897131145784,0.007166897131145784
5,pkt_len_max_max,0.3514180667334848,0.3514180667334848
5,pkt_len_mean_mean,-0.681553563117811,0.681553563117811
5,pkt_len_mean_std,0.3269967721288757,0.3269967721288757
5,pkt_len_mean_sum,0.3326137731106495,0.3326137731106495
5,pkt_len_mean_min,0.02150163359429797,0.02150163359429797
5,pkt_len_mean_max,-0.957183929506496,0.957183929506496
5,pkt_len_std_mean,-0.9467525468639285,0.9467525468639285
5,pkt_len_std_std,0.5542988607282775,0.5542988607282775
5,pkt_len_std_sum,0.2800263687116181,0.2800263687116181
5,pkt_len_std_min,0.04936685978536667,0.04936685978536667
5,pkt_len_std_max,-0.14544964270659325,0.14544964270659325
5,pkt_len_var_mean,-1.238051549632448,1.238051549632448
5,pkt_len_var_std,-1.545663706157034,1.545663706157034
5,pkt_len_var_sum,0.5347455950991018,0.5347455950991018
5,pkt_len_var_min,0.0465172069588913,0.0465172069588913
5,pkt_len_var_max,-1.4830961667752913,1.4830961667752913
5,fin_flag_cnt_mean,0.06639475695946795,0.06639475695946795
5,fin_flag_cnt_std,0.13592404355719287,0.13592404355719287
5,fin_flag_cnt_sum,-0.01821416768881442,0.01821416768881442
5,fin_flag_cnt_min,0.0,0.0
5,fin_flag_cnt_max,0.14327180202569278,0.14327180202569278
5,syn_flag_cnt_mean,-0.08899073960852166,0.08899073960852166
5,syn_flag_cnt_std,-0.14172958200078356,0.14172958200078356
5,syn_flag_cnt_sum,-0.06504088297125098,0.06504088297125098
5,syn_flag_cnt_min,-0.014490927629228104,0.014490927629228104
5,syn_flag_cnt_max,0.09545773671190373,0.09545773671190373
5,rst_flag_cnt_mean,0.016933934872995635,0.016933934872995635
5,rst_flag_cnt_std,0.5999453487860141,0.5999453487860141
5,rst_flag_cnt_sum,0.6774554522002556,0.6774554522002556
5,rst_flag_cnt_min,0.0,0.0
5,rst_flag_cnt_max,-0.3271879706829306,0.3271879706829306
5,psh_flag_cnt_mean,0.49448616829213415,0.49448616829213415
5,psh_flag_cnt_std,-0.03477076071647374,0.03477076071647374
5,psh_flag_cnt_sum,0.09356512272386243,0.09356512272386243
5,psh_flag_cnt_min,0.006193408091585474,0.006193408091585474
5,psh_flag_cnt_max,-0.48581927789217083,0.48581927789217083
5,ack_flag_cnt_mean,0.18855938224593766,0.18855938224593766
5,ack_flag_cnt_std,0.9937858026628538,0.9937858026628538
5,ack_flag_cnt_sum,0.4757124955385681,0.4757124955385681
5,ack_flag_cnt_min,-0.014490927629228104,0.014490927629228104
5,ack_flag_cnt_max,-0.3426946167034607,0.3426946167034607
5,urg_flag_cnt_mean,-0.8303328752372803,0.8303328752372803
5,urg_flag_cnt_std,0.5438918562074145,0.5438918562074145
5,urg_flag_cnt_sum,0.00033871145783326295,0.00033871145783326295
5,urg_flag_cnt_min,0.0,0.0
5,urg_flag_cnt_max,0.8114124424007323,0.8114124424007323
5,cwe_flag_cnt_mean,-0.21719569884362114,0.21719569884362114
5,cwe_flag_cnt_std,0.38160997671904734,0.38160997671904734
5,cwe_flag_cnt_sum,0.014010027481240318,0.014010027481240318
5,cwe_flag_cnt_min,0.0,0.0
5,cwe_flag_cnt_max,0.12139309134080963,0.12139309134080963
5,ece_flag_cnt_mean,0.05922316583441081,0.05922316583441081
5,ece_flag_cnt_std,0.6248754521903563,0.6248754521903563
5,ece_flag_cnt_sum,0.6783651189325673,0.6783651189325673
5,ece_flag_cnt_min,0.0,0.0
5,ece_flag_cnt_max,-0.3271879706829306,0.3271879706829306
5,down_up_ratio_mean,0.3403080636065745,0.3403080636065745
5,down_up_ratio_std,-1.1939584906593421,1.1939584906593421
5,down_up_ratio_sum,0.28840724763010234,0.28840724763010234
5,down_up_ratio_min,-0.0032069768054653926,0.0032069768054653926
5,down_up_ratio_max,0.45918859875221185,0.45918859875221185
5,pkt_size_avg_mean,-0.6795069906229859,0.6795069906229859
5,pkt_size_avg_std,0.22066215346589985,0.22066215346589985
5,pkt_size_avg_sum,0.29248199395475993,0.29248199395475993
5,pkt_size_avg_min,0.011112746173942421,0.011112746173942421
5,pkt_size_avg_max,0.28227967184397584,0.28227967184397584
5,fwd_seg_size_avg_mean,-0.2154631026625758,0.2154631026625758
5,fwd_seg_size_avg_std,0.011954952152151834,0.011954952152151834
5,fwd_seg_size_avg_sum,0.436485948090685,0.436485948090685
5,fwd_seg_size_avg_min,0.013658381915726464,0.013658381915726464
5,fwd_seg_size_avg_max,0.01413118827786139,0.01413118827786139
5,bwd_seg_size_avg_mean,0.1940290787390926,0.1940290787390926
5,bwd_seg_size_avg_std,0.29223362185935225,0.29223362185935225
5,bwd_seg_size_avg_sum,0.47159451053678786,0.47159451053678786
5,bwd_seg_size_avg_min,0.055848500002942954,0.055848500002942954
5,bwd_seg_size_avg_max,1.5401088873989865,1.5401088873989865
5,fwd_byts_b_avg_mean,0.0,0.0
5,fwd_byts_b_avg_std,0.0,0.0
5,fwd_byts_b_avg_sum,0.0,0.0
5,fwd_byts_b_avg_min,0.0,0.0
5,fwd_byts_b_avg_max,0.0,0.0
5,fwd_pkts_b_avg_mean,0.0,0.0
5,fwd_pkts_b_avg_std,0.0,0.0
5,fwd_pkts_b_avg_sum,0.0,0.0
5,fwd_pkts_b_avg_min,0.0,0.0
5,fwd_pkts_b_avg_max,0.0,0.0
5,fwd_blk_rate_avg_mean,0.0,0.0
5,fwd_blk_rate_avg_std,0.0,0.0
5,fwd_blk_rate_avg_sum,0.0,0.0
5,fwd_blk_rate_avg_min,0.0,0.0
5,fwd_blk_rate_avg_max,0.0,0.0
5,bwd_byts_b_avg_mean,0.0,0.0
5,bwd_byts_b_avg_std,0.0,0.0
5,bwd_byts_b_avg_sum,0.0,0.0
5,bwd_byts_b_avg_min,0.0,0.0
5,bwd_byts_b_avg_max,0.0,0.0
5,bwd_pkts_b_avg_mean,0.0,0.0
5,bwd_pkts_b_avg_std,0.0,0.0
5,bwd_pkts_b_avg_sum,0.0,0.0
5,bwd_pkts_b_avg_min,0.0,0.0
5,bwd_pkts_b_avg_max,0.0,0.0
5,bwd_blk_rate_avg_mean,0.0,0.0
5,bwd_blk_rate_avg_std,0.0,0.0
5,bwd_blk_rate_avg_sum,0.0,0.0
5,bwd_blk_rate_avg_min,0.0,0.0
5,bwd_blk_rate_avg_max,0.0,0.0
5,subflow_fwd_pkts_mean,0.2617605979789824,0.2617605979789824
5,subflow_fwd_pkts_std,0.30331476839727756,0.30331476839727756
5,subflow_fwd_pkts_sum,0.1752004948301544,0.1752004948301544
5,subflow_fwd_pkts_min,0.06890294710721818,0.06890294710721818
5,subflow_fwd_pkts_max,0.19900783129294447,0.19900783129294447
5,subflow_fwd_byts_mean,0.2034427707122754,0.2034427707122754
5,subflow_fwd_byts_std,-0.06931315429182898,0.06931315429182898
5,subflow_fwd_byts_sum,0.19026560657634337,0.19026560657634337
5,subflow_fwd_byts_min,-0.02109001017624568,0.02109001017624568
5,subflow_fwd_byts_max,-0.14642858106264348,0.14642858106264348
5,subflow_bwd_pkts_mean,-0.13649655488596144,0.13649655488596144
5,subflow_bwd_pkts_std,-0.6335830185879592,0.6335830185879592
5,subflow_bwd_pkts_sum,-0.17324457535577825,0.17324457535577825
5,subflow_bwd_pkts_min,-0.05249691488362992,0.05249691488362992
5,subflow_bwd_pkts_max,-0.08648488858297058,0.08648488858297058
5,subflow_bwd_byts_mean,0.2330710188138009,0.2330710188138009
5,subflow_bwd_byts_std,-0.23801985467000158,0.23801985467000158
5,subflow_bwd_byts_sum,-0.8777229543489363,0.8777229543489363
5,subflow_bwd_byts_min,0.04792289530419381,0.04792289530419381
5,subflow_bwd_byts_max,0.45598659476784453,0.45598659476784453
5,window_size_fwd_mean,0.38218614617847835,0.38218614617847835
5,window_size_fwd_std,-1.1909479083395182,1.1909479083395182
5,window_size_fwd_sum,0.1542240435045315,0.1542240435045315
5,window_size_fwd_min,0.031407816346701624,0.031407816346701624
5,window_size_fwd_max,-0.18826397425076993,0.18826397425076993
5,window_size_bwd_mean,-0.7874621969149418,0.7874621969149418
5,window_size_bwd_std,1.9579547933039385,1.9579547933039385
5,window_size_bwd_sum,-0.7637013157354036,0.7637013157354036
5,window_size_bwd_min,0.04059876281200503,0.04059876281200503
5,window_size_bwd_max,0.38253468761013054,0.38253468761013054
5,fwd_act_data_pkts_mean,0.2607855733978838,0.2607855733978838
5,fwd_act_data_pkts_std,0.2990044021081999,0.2990044021081999
5,fwd_act_data_pkts_sum,0.15685442114044246,0.15685442114044246
5,fwd_act_data_pkts_min,0.13688559476006742,0.13688559476006742
5,fwd_act_data_pkts_max,0.16173551928457347,0.16173551928457347
5,fwd_seg_size_min_mean,1.0393616969587116,1.0393616969587116
5,fwd_seg_size_min_std,-0.4027847970298243,0.4027847970298243
5,fwd_seg_size_min_sum,0.2562707086484632,0.2562707086484632
5,fwd_seg_size_min_min,-0.1510292753868347,0.1510292753868347
5,fwd_seg_size_min_max,-0.12097962257508717,0.12097962257508717
5,active_mean_mean,-0.1669778218845143,0.1669778218845143
5,active_mean_std,-0.34459580323323374,0.34459580323323374
5,active_mean_sum,-0.6541961571804669,0.6541961571804669
5,active_mean_min,0.004272570625785081,0.004272570625785081
5,active_mean_max,-0.03458332597151281,0.03458332597151281
5,active_std_mean,-0.44011171249120856,0.44011171249120856
5,active_std_std,-0.12091764798299023,0.12091764798299023
5,active_std_sum,-0.6251951759039133,0.6251951759039133
5,active_std_min,0.02111209332649265,0.02111209332649265
5,active_std_max,0.24560377613020137,0.24560377613020137
5,active_max_mean,-0.25337316196690124,0.25337316196690124
5,active_max_std,0.461880616818116,0.461880616818116
5,active_max_sum,0.7249364550030597,0.7249364550030597
5,active_max_min,0.009774647440111195,0.009774647440111195
5,active_max_max,0.19215557499018387,0.19215557499018387
5,active_min_mean,0.03892413186927942,0.03892413186927942
5,active_min_std,-0.3487316947598239,0.3487316947598239
5,active_min_sum,0.1701139107239305,0.1701139107239305
5,active_min_min,-0.005010203219773822,0.005010203219773822
5,active_min_max,0.17313986139926327,0.17313986139926327
5,idle_mean_mean,0.13362440375497217,0.13362440375497217
5,idle_mean_std,-0.2042495935739445,0.2042495935739445
5,idle_mean_sum,0.023895622782210135,0.023895622782210135
5,idle_mean_min,-0.02111297909113414,0.02111297909113414
5,idle_mean_max,-0.09360026428057618,0.09360026428057618
5,idle_std_mean,0.42888474036726293,0.42888474036726293
5,idle_std_std,0.007650265926468711,0.007650265926468711
5,idle_std_sum,0.04673362419782478,0.04673362419782478
5,idle_std_min,-0.027570305504257337,0.027570305504257337
5,idle_std_max,-0.03461672705464824,0.03461672705464824
5,idle_max_mean,0.3322070382311567,0.3322070382311567
5,idle_max_std,0.09395340192433478,0.09395340192433478
5,idle_max_sum,0.11963827819439266,0.11963827819439266
5,idle_max_min,-0.001873120443984606,0.001873120443984606
5,idle_max_max,-0.12215903136300688,0.12215903136300688
5,idle_min_mean,-0.20318893778992259,0.20318893778992259
5,idle_min_std,-0.3827879306024621,0.3827879306024621
5,idle_min_sum,-0.04208614571014654,0.04208614571014654
5,idle_min_min,-0.05426455036570942,0.05426455036570942
5,idle_min_max,-0.07145960416617031,0.07145960416617031
5,duration_sec_mean,0.08237406965104277,0.08237406965104277
5,duration_sec_std,0.6508324537079252,0.6508324537079252
5,duration_sec_sum,-0.1370462856067385,0.1370462856067385
5,duration_sec_min,0.07404514523216871,0.07404514523216871
5,duration_sec_max,0.15357914105453174,0.15357914105453174
5,flow_count,0.133875078955156,0.133875078955156
5,unique_dst_ports_count,0.14067196777426993,0.14067196777426993
5,unique_protocols_count,0.011615654928522718,0.011615654928522718
5,pkt_ttl_min,-0.2335523780783001,0.2335523780783001
5,pkt_ttl_max,-0.48609190483535053,0.48609190483535053
5,pkt_ttl_std,0.362040462990633,0.362040462990633
5,pkt_ttl_mode,0.3580743600015879,0.3580743600015879
5,pkt_frag_mf_count,0.0,0.0
5,pkt_frag_df_count,0.715474836641347,0.715474836641347
5,pkt_payload_size_p25,-0.06673345910366486,0.06673345910366486
5,pkt_payload_size_p50,-0.21422124693115832,0.21422124693115832
5,pkt_payload_size_p75,-0.6669556351424395,0.6669556351424395
5,pkt_payload_size_p95,-0.8910397499427162,0.8910397499427162
5,pkt_tcp_retrans_count,1.5581869442061875,1.5581869442061875
5,pkt_port_scan_seq_score,1.4494259127698172,1.4494259127698172
6,duration_microsec_mean,0.09532465714851505,0.09532465714851505
6,duration_microsec_std,0.2083385034718436,0.2083385034718436
6,duration_microsec_sum,-0.0649347547352559,0.0649347547352559
6,duration_microsec_min,0.0909074040956419,0.0909074040956419
6,duration_microsec_max,0.2910072494200669,0.2910072494200669
6,packet_count_fwd_mean,0.5656323626518247,0.5656323626518247
6,packet_count_fwd_std,-0.2692975067378603,0.2692975067378603
6,packet_count_fwd_sum,0.23503775077831343,0.23503775077831343
6,packet_count_fwd_min,0.13923506784423287,0.13923506784423287
6,packet_count_fwd_max,-0.035408926080999256,0.035408926080999256
6,packet_count_bwd_mean,0.5769733705718866,0.5769733705718866
6,packet_count_bwd_std,1.0953106964495718,1.0953106964495718
6,packet_count_bwd_sum,0.03935082086453601,0.03935082086453601
6,packet_count_bwd_min,-0.15708844647887915,0.15708844647887915
6,packet_count_bwd_max,0.2473293306024193,0.2473293306024193
6,byte_count_fwd_mean,-0.06304584749351017,0.06304584749351017
6,byte_count_fwd_std,-0.7389031479111627,0.7389031479111627
6,byte_count_fwd_sum,-0.19577744762244023,0.19577744762244023
6,byte_count_fwd_min,0.19755153016978266,0.19755153016978266
6,byte_count_fwd_max,1.312814101567666,1.312814101567666
6,byte_count_bwd_mean,-0.5586742123450218,0.5586742123450218
6,byte_count_bwd_std,-1.568168038865394,1.568168038865394
6,byte_count_bwd_sum,-0.44698393259294605,0.44698393259294605
6,byte_count_bwd_min,0.05414709693167511,0.05414709693167511
6,byte_count_bwd_max,-0.6569853625195458,0.6569853625195458
6,fwd_pkt_len_max_mean,0.21603979650704594,0.21603979650704594
6,fwd_pkt_len_max_std,-1.6767439279934742,1.6767439279934742
6,fwd_pkt_len_max_sum,0.38822791895081044,0.38822791895081044
6,fwd_pkt_len_max_min,-0.05558897687961106,0.05558897687961106
6,fwd_pkt_len_max_max,0.4980484337878358,0.4980484337878358
6,fwd_pkt_len_min_mean,-0.19363035032696568,0.19363035032696568
6,fwd_pkt_len_min_std,0.015691281050032656,0.015691281050032656
6,fwd_pkt_len_min_sum,-0.1523529354830842,0.1523529354830842
6,fwd_pkt_len_min_min,0.0465814236129005,0.0465814236129005
6,fwd_pkt_len_min_max,-0.02376721569057463,0.02376721569057463
6,fwd_pkt_len_mean_mean,-0.21534110471195267,0.21534110471195267
6,fwd_pkt_len_mean_std,0.011995029557985482,0.011995029557985482
6,fwd_pkt_len_mean_sum,0.43649938857725235,0.43649938857725235
6,fwd_pkt_len_mean_min,0.013590757759925071,0.013590757759925071
6,fwd_pkt_len_mean_max,0.014125342363196678,0.014125342363196678
6,fwd_pkt_len_std_mean,2.0133994082063094,2.0133994082063094
6,fwd_pkt_len_std_std,0.9036077215741568,0.9036077215741568
6,fwd_pkt_len_std_sum,0.4304406262667885,0.4304406262667885
6,fwd_pkt_len_std_min,0.03965126369885673,0.03965126369885673
6,fwd_pkt_len_std_max,-0.26649390331845924,0.26649390331845924
6,bwd_pkt_len_max_mean,0.006105866380798197,0.006105866380798197
6,bwd_pkt_len_max_std,0.5789177609744135,0.5789177609744135
6,bwd_pkt_len_max_sum,0.16476225995850266,0.16476225995850266
6,bwd_pkt_len_max_min,0.048603997621790865,0.048603997621790865
6,bwd_pkt_len_max_max,-0.13379117531401266,0.13379117531401266
6,bwd_pkt_len_min_mean,0.8574418905988955,0.8574418905988955
6,bwd_pkt_len_min_std,-0.3579241428199601,0.3579241428199601
6,bwd_pkt_len_min_sum,0.23078533353488312,0.23078533353488312
6,bwd_pkt_len_min_min,0.0,0.0
6,bwd_pkt_len_min_max,-0.014406176032254575,0.014406176032254575
6,bwd_pkt_len_mean_mean,0.1941181809795994,0.1941181809795994
6,bwd_pkt_len_mean_std,0.29211759303102325,0.29211759303102325
6,bwd_pkt_len_mean_sum,0.4715997765769585,0.4715997765769585
6,bwd_pkt_len_mean_min,0.055294638343692554,0.055294638343692554
6,bwd_pkt_len_mean_max,1.5400842293267345,1.5400842293267345
6,bwd_pkt_len_std_mean,-1.6536975612041522,1.6536975612041522
6,bwd_pkt_len_std_std,1.1278558522747806,1.1278558522747806
6,bwd_pkt_len_std_sum,-0.0050864360863173575,0.0050864360863173575
6,bwd_pkt_len_std_min,0.04435137812492727,0.04435137812492727
6,bwd_pkt_len_std_max,1.227520097988167,1.227520097988167
6,bytes_per_sec_mean,-1.321832835638371,1.321832835638371
6,bytes_per_sec_std,0.2630162228844427,0.2630162228844427
6,bytes_per_sec_sum,-0.8779660128194496,0.8779660128194496
6,bytes_per_sec_min,0.0528993032793864,0.0528993032793864
6,bytes_per_sec_max,1.1732321039639346,1.1732321039639346
6,packets_per_sec_mean,-0.2887501412423481,0.2887501412423481
6,packets_per_sec_std,0.03200859716429593,0.03200859716429593
6,packets_per_sec_sum,-0.26318346589761943,0.26318346589761943
6,packets_per_sec_min,-0.1680651017492979,0.1680651017492979
6,packets_per_sec_max,-0.3202877213894729,0.3202877213894729
6,flow_iat_mean_mean,0.2212121820020968,0.2212121820020968
6,flow_iat_mean_std,-0.15610556353016788,0.15610556353016788
6,flow_iat_mean_sum,0.2609258486884852,0.2609258486884852
6,flow_iat_mean_min,0.014795140269263301,0.014795140269263301
6,flow_iat_mean_max,-0.04063217379725659,0.04063217379725659
6,flow_iat_std_mean,-0.26832457480338073,0.26832457480338073
6,flow_iat_std_std,-1.2447612157385257,1.2447612157385257
6,flow_iat_std_sum,-0.3986786213723987,0.3986786213723987
6,flow_iat_std_min,-0.04346039510366396,0.04346039510366396
6,flow_iat_std_max,-0.2672125805890106,0.2672125805890106
6,flow_iat_max_mean,-0.26685421577447505,0.26685421577447505
6,flow_iat_max_std,-0.5700433044304263,0.5700433044304263
6,flow_iat_max_sum,0.19056051281174305,0.19056051281174305
6,flow_iat_max_min,-0.001173613051854441,0.001173613051854441
6,flow_iat_max_max,0.19845522821273695,0.19845522821273695
6,flow_iat_min_mean,0.16618447841371944,0.16618447841371944
6,flow_iat_min_std,0.033099452458406,0.033099452458406
6,flow_iat_min_sum,0.3218238879886952,0.3218238879886952
6,flow_iat_min_min,0.022130045683551283,0.022130045683551283
6,flow_iat_min_max,0.0951450366298374,0.0951450366298374
6,fwd_iat_tot_mean,0.07412563098496495,0.07412563098496495
6,fwd_iat_tot_std,0.2468943723057575,0.2468943723057575
6,fwd_iat_tot_sum,-0.1091520223841418,0.1091520223841418
6,fwd_iat_tot_min,0.08998376868424052,0.08998376868424052
6,fwd_iat_tot_max,0.03906387172534282,0.03906387172534282
6,fwd_iat_mean_mean,-0.07562589647455206,0.07562589647455206
6,fwd_iat_mean_std,-0.6774446162489992,0.6774446162489992
6,fwd_iat_mean_sum,0.1634999307939737,0.1634999307939737
6,fwd_iat_mean_min,0.007969020731715118,0.007969020731715118
6,fwd_iat_mean_max,0.276495823085958,0.276495823085958
6,fwd_iat_std_mean,0.3282965984681866,0.3282965984681866
6,fwd_iat_std_std,0.3369184113960295,0.3369184113960295
6,fwd_iat_std_sum,0.2690423670365479,0.2690423670365479
6,fwd_iat_std_min,-0.050484228953845585,0.050484228953845585
6,fwd_iat_std_max,0.2827405433529829,0.2827405433529829
6,fwd_iat_max_mean,0.06298333943016002,0.06298333943016002
6,fwd_iat_max_std,-0.05978253848490388,0.05978253848490388
6,fwd_iat_max_sum,0.35999979796042164,0.35999979796042164
6,fwd_iat_max_min,-0.0012343574789629415,0.0012343574789629415
6,fwd_iat_max_max,-0.2774497473555709,0.2774497473555709
6,fwd_iat_min_mean,0.004095283268263917,0.004095283268263917
6,fwd_iat_min_std,-0.4289106484326411,0.4289106484326411
6,fwd_iat_min_sum,0.33985975966888715,0.33985975966888715
6,fwd_iat_min_min,0.005855185709516224,0.005855185709516224
6,fwd_iat_min_max,0.32364923671175533,0.32364923671175533
6,bwd_iat_tot_mean,-0.5878633421747881,0.5878633421747881
6,bwd_iat_tot_std,-0.10215806086838307,0.10215806086838307
6,bwd_iat_tot_sum,-0.07727397252616386,0.07727397252616386
6,bwd_iat_tot_min,0.024776968739626863,0.024776968739626863
6,bwd_iat_tot_max,-0.28958905820590214,0.28958905820590214
6,bwd_iat_mean_mean,0.47586560099744973,0.47586560099744973
6,bwd_iat_mean_std,1.0080636928169597,1.0080636928169597
6,bwd_iat_mean_sum,-0.6434159668201407,0.6434159668201407
6,bwd_iat_mean_min,-0.042032672929280895,0.042032672929280895
6,bwd_iat_mean_max,-0.5365381016853792,0.5365381016853792
6,bwd_iat_std_mean,1.3662174966166314,1.3662174966166314
6,bwd_iat_std_std,0.24314106119803644,0.24314106119803644
6,bwd_iat_std_sum,0.29903527695441984,0.29903527695441984
6,bwd_iat_std_min,0.020762726690373087,0.020762726690373087
6,bwd_iat_std_max,-0.058649604750686216,0.058649604750686216
6,bwd_iat_max_mean,-0.1719529792356061,0.1719529792356061
6,bwd_iat_max_std,-1.023872040577446,1.023872040577446
6,bwd_iat_max_sum,-0.12193722047676384,0.12193722047676384
6,bwd_iat_max_min,-0.0012118071293089011,0.0012118071293089011
6,bwd_iat_max_max,0.012398507454202142,0.012398507454202142
6,bwd_iat_min_mean,-0.0388919799339233,0.0388919799339233
6,bwd_iat_min_std,-1.0334576098761794,1.0334576098761794
6,bwd_iat_min_sum,0.10949683798552445,0.10949683798552445
6,bwd_iat_min_min,-0.08178468317079542,0.08178468317079542
6,bwd_iat_min_max,0.8954821271896457,0.8954821271896457
6,fwd_psh_flags_mean,-0.08902690175837488,0.08902690175837488
6,fwd_psh_flags_std,-0.14177368488354153,0.14177368488354153
6,fwd_psh_flags_sum,-0.06502053578540405,0.06502053578540405
6,fwd_psh_flags_min,-0.014321320898184218,0.014321320898184218
6,fwd_psh_flags_max,0.09542994431223187,0.09542994431223187
6,bwd_psh_flags_mean,0.0,0.0
6,bwd_psh_flags_std,0.0,0.0
6,bwd_psh_flags_sum,0.0,0.0
6,bwd_psh_flags_min,0.0,0.0
6,bwd_psh_flags_max,0.0,0.0
6,fwd_urg_flags_mean,-0.21721951629934275,0.21721951629934275
6,fwd_urg_flags_std,0.3816258607573411,0.3816258607573411
6,fwd_urg_flags_sum,0.013997014060377518,0.013997014060377518
6,fwd_urg_flags_min,0.0,0.0
6,fwd_urg_flags_max,0.12141309358041444,0.12141309358041444
6,bwd_urg_flags_mean,0.0,0.0
6,bwd_urg_flags_std,0.0,0.0
6,bwd_urg_flags_sum,0.0,0.0
6,bwd_urg_flags_min,0.0,0.0
6,bwd_urg_flags_max,0.0,0.0
6,fwd_header_len_mean,0.2633188202731338,0.2633188202731338
6,fwd_header_len_std,0.318792859167806,0.318792859167806
6,fwd_header_len_sum,0.22764534227126704,0.22764534227126704
6,fwd_header_len_min,-0.013069394878163693,0.013069394878163693
6,fwd_header_len_max,0.5363275571054118,0.5363275571054118
6,bwd_header_len_mean,-0.026532063224885365,0.026532063224885365
6,bwd_header_len_std,-0.26341903688674484,0.26341903688674484
6,bwd_header_len_sum,0.08108771286674489,0.08108771286674489
6,bwd_header_len_min,0.0007703476414701138,0.0007703476414701138
6,bwd_header_len_max,0.573413515669211,0.573413515669211
6,fwd_pkts_per_sec_mean,0.3360783678406424,0.3360783678406424
6,fwd_pkts_per_sec_std,0.106498810514059,0.106498810514059
6,fwd_pkts_per_sec_sum,0.387322051598553,0.387322051598553
6,fwd_pkts_per_sec_min,0.019866543773734664,0.019866543773734664
6,fwd_pkts_per_sec_max,-0.393251921658282,0.393251921658282
6,bwd_pkts_per_sec_mean,-0.20709001891612464,0.20709001891612464
6,bwd_pkts_per_sec_std,0.6929715802170326,0.6929715802170326
6,bwd_pkts_per_sec_sum,-0.9507566434477976,0.9507566434477976
6,bwd_pkts_per_sec_min,0.01987562197838918,0.01987562197838918
6,bwd_pkts_per_sec_max,-0.26040000495136334,0.26040000495136334
6,pkt_len_min_mean,-0.013166144104637094,0.013166144104637094
6,pkt_len_min_std,0.9223158798870091,0.9223158798870091
6,pkt_len_min_sum,-0.18114945159787105,0.18114945159787105
6,pkt_len_min_min,0.046379644663038275,0.046379644663038275
6,pkt_len_min_max,-0.3095327479074254,0.3095327479074254
6,pkt_len_max_mean,-0.6470238514131103,0.6470238514131103
6,pkt_len_max_std,-0.7300813466376797,0.7300813466376797
6,pkt_len_max_sum,0.2972829952913206,0.2972829952913206
6,pkt_len_max_min,0.007015517063440412,0.007015517063440412
6,pkt_len_max_max,0.3514775758976706,0.3514775758976706
6,pkt_len_mean_mean,-0.6814923742825854,0.6814923742825854
6,pkt_len_mean_std,0.3269910704390659,0.3269910704390659
6,pkt_len_mean_sum,0.332608951638505,0.332608951638505
6,pkt_len_mean_min,0.021387463979593912,0.021387463979593912
6,pkt_len_mean_max,-0.9571703890449419,0.9571703890449419
6,pkt_len_std_mean,-0.9466880757875424,0.9466880757875424
6,pkt_len_std_std,0.5543168357054307,0.5543168357054307
6,pkt_len_std_sum,0.2800716139833136,0.2800716139833136
6,pkt_len_std_min,0.04903536445425093,0.04903536445425093
6,pkt_len_std_max,-0.14539933358271115,0.14539933358271115
6,pkt_len_var_mean,-1.2381163770855113,1.2381163770855113
6,pkt_len_var_std,-1.545652283700606,1.545652283700606
6,pkt_len_var_sum,0.5347613159984564,0.5347613159984564
6,pkt_len_var_min,0.046286027755441106,0.046286027755441106
6,pkt_len_var_max,-1.4830644258961692,1.4830644258961692
6,fin_flag_cnt_mean,0.06641432689706807,0.06641432689706807
6,fin_flag_cnt_std,0.13588819269505306,0.13588819269505306
6,fin_flag_cnt_sum,-0.018223744138198425,0.018223744138198425
6,fin_flag_cnt_min,0.0,0.0
6,fin_flag_cnt_max,0.14330989405305466,0.14330989405305466
6,syn_flag_cnt_mean,-0.08902690175837488,0.08902690175837488
6,syn_flag_cnt_std,-0.14177368488354153,0.14177368488354153
6,syn_flag_cnt_sum,-0.06502053578540405,0.06502053578540405
6,syn_flag_cnt_min,-0.014321320898184218,0.014321320898184218
6,syn_flag_cnt_max,0.09542994431223187,0.09542994431223187
6,rst_flag_cnt_mean,0.016946335923754753,0.016946335923754753
6,rst_flag_cnt_std,0.599866855726567,0.599866855726567
6,rst_flag_cnt_sum,0.6775119617291526,0.6775119617291526
6,rst_flag_cnt_min,0.0,0.0
6,rst_flag_cnt_max,-0.32728124995029895,0.32728124995029895
6,psh_flag_cnt_mean,0.49469225847503717,0.49469225847503717
6,psh_flag_cnt_std,-0.034884270431030096,0.034884270431030096
6,psh_flag_cnt_sum,0.09357892054333639,0.09357892054333639
6,psh_flag_cnt_min,0.006296591519574835,0.006296591519574835
6,psh_flag_cnt_max,-0.4860535100621434,0.4860535100621434
6,ack_flag_cnt_mean,0.18856627894828096,0.18856627894828096
6,ack_flag_cnt_std,0.993783403935235,0.993783403935235
6,ack_flag_cnt_sum,0.4758142236704497,0.4758142236704497
6,ack_flag_cnt_min,-0.014321320898184218,0.014321320898184218
6,ack_flag_cnt_max,-0.3427072385227165,0.3427072385227165
6,urg_flag_cnt_mean,-0.8303676770341596,0.8303676770341596
6,urg_flag_cnt_std,0.5439360451736346,0.5439360451736346
6,urg_flag_cnt_sum,0.00032176994204371145,0.00032176994204371145
6,urg_flag_cnt_min,0.0,0.0
6,urg_flag_cnt_max,0.8114808258123299,0.8114808258123299
6,cwe_flag_cnt_mean,-0.21721951629934275,0.21721951629934275
6,cwe_flag_cnt_std,0.3816258607573411,0.3816258607573411
6,cwe_flag_cnt_sum,0.013997014060377518,0.013997014060377518
6,cwe_flag_cnt_min,0.0,0.0
6,cwe_flag_cnt_max,0.12141309358041444,0.12141309358041444
6,ece_flag_cnt_mean,0.059236529035987875,0.059236529035987875
6,ece_flag_cnt_std,0.6247982116236096,0.6247982116236096
6,ece_flag_cnt_sum,0.6784216829636275,0.6784216829636275
6,ece_flag_cnt_min,0.0,0.0
6,ece_flag_cnt_max,-0.32728124995029895,0.32728124995029895
6,down_up_ratio_mean,0.34026417902620654,0.34026417902620654
6,down_up_ratio_std,-1.193992237101492,1.193992237101492
6,down_up_ratio_sum,0.28833009375717183,0.28833009375717183
6,down_up_ratio_min,-0.0034997559964454836,0.0034997559964454836
6,down_up_ratio_max,0.4593613903285474,0.4593613903285474
6,pkt_size_avg_mean,-0.6794408951949275,0.6794408951949275
6,pkt_size_avg_std,0.22068796189802362,0.22068796189802362
6,pkt_size_avg_sum,0.2924885347304892,0.2924885347304892
6,pkt_size_avg_min,0.011006906472130925,0.011006906472130925
6,pkt_size_avg_max,0.28217223992701884,0.28217223992701884
6,fwd_seg_size_avg_mean,-0.21534110471195267,0.21534110471195267
6,fwd_seg_size_avg_std,0.011995029557985482,0.011995029557985482
6,fwd_seg_size_avg_sum,0.43649938857725235,0.43649938857725235
6,fwd_seg_size_avg_min,0.013590757759925071,0.013590757759925071
6,fwd_seg_size_avg_max,0.014125342363196678,0.014125342363196678
6,bwd_seg_size_avg_mean,0.19411818097613703,0.19411818097613703
6,bwd_seg_size_avg_std,0.2921175930152534,0.2921175930152534
6,bwd_seg_size_avg_sum,0.4715997765764517,0.4715997765764517
6,bwd_seg_size_avg_min,0.055294638343692554,0.055294638343692554
6,bwd_seg_size_avg_max,1.5400842293268582,1.5400842293268582
6,fwd_byts_b_avg_mean,0.0,0.0
6,fwd_byts_b_avg_std,0.0,0.0
6,fwd_byts_b_avg_sum,0.0,0.0
6,fwd_byts_b_avg_min,0.0,0.0
6,fwd_byts_b_avg_max,0.0,0.0
6,fwd_pkts_b_avg_mean,0.0,0.0
6,fwd_pkts_b_avg_std,0.0,0.0
6,fwd_pkts_b_avg_sum,0.0,0.0
6,fwd_pkts_b_avg_min,0.0,0.0
6,fwd_pkts_b_avg_max,0.0,0.0
6,fwd_blk_rate_avg_mean,0.0,0.0
6,fwd_blk_rate_avg_std,0.0,0.0
6,fwd_blk_rate_avg_sum,0.0,0.0
6,fwd_blk_rate_avg_min,0.0,0.0
6,fwd_blk_rate_avg_max,0.0,0.0
6,bwd_byts_b_avg_mean,0.0,0.0
6,bwd_byts_b_avg_std,0.0,0.0
6,bwd_byts_b_avg_sum,0.0,0.0
6,bwd_byts_b_avg_min,0.0,0.0
6,bwd_byts_b_avg_max,0.0,0.0
6,bwd_pkts_b_avg_mean,0.0,0.0
6,bwd_pkts_b_avg_std,0.0,0.0
6,bwd_pkts_b_avg_sum,0.0,0.0
6,bwd_pkts_b_avg_min,0.0,0.0
6,bwd_pkts_b_avg_max,0.0,0.0
6,bwd_blk_rate_avg_mean,0.0,0.0
6,bwd_blk_rate_avg_std,0.0,0.0
6,bwd_blk_rate_avg_sum,0.0,0.0
6,bwd_blk_rate_avg_min,0.0,0.0
6,bwd_blk_rate_avg_max,0.0,0.0
6,subflow_fwd_pkts_mean,0.26166142334462267,0.26166142334462267
6,subflow_fwd_pkts_std,0.3033753767765166,0.3033753767765166
6,subflow_fwd_pkts_sum,0.17489932796410132,0.17489932796410132
6,subflow_fwd_pkts_min,0.06890805104015806,0.06890805104015806
6,subflow_fwd_pkts_max,0.19899460187507215,0.19899460187507215
6,subflow_fwd_byts_mean,0.20333069077558738,0.20333069077558738
6,subflow_fwd_byts_std,-0.0693477265977895,0.0693477265977895
6,subflow_fwd_byts_sum,0.189970477600264,0.189970477600264
6,subflow_fwd_byts_min,-0.02116590715228918,0.02116590715228918
6,subflow_fwd_byts_max,-0.1464312660680726,0.1464312660680726
6,subflow_bwd_pkts_mean,-0.13644794477692482,0.13644794477692482
6,subflow_bwd_pkts_std,-0.6335756856759872,0.6335756856759872
6,subflow_bwd_pkts_sum,-0.17325830774086062,0.17325830774086062
6,subflow_bwd_pkts_min,-0.05261875990839165,0.05261875990839165
6,subflow_bwd_pkts_max,-0.08663556347438428,0.08663556347438428
6,subflow_bwd_byts_mean,0.23317520098287164,0.23317520098287164
6,subflow_bwd_byts_std,-0.23798183730855868,0.23798183730855868
6,subflow_bwd_byts_sum,-0.8777161288126817,0.8777161288126817
6,subflow_bwd_byts_min,0.04760520298590766,0.04760520298590766
6,subflow_bwd_byts_max,0.4559410596024364,0.4559410596024364
6,window_size_fwd_mean,0.3821930729336771,0.3821930729336771
6,window_size_fwd_std,-1.1909863123067983,1.1909863123067983
6,window_size_fwd_sum,0.15429288205561878,0.15429288205561878
6,window_size_fwd_min,0.031284361063948024,0.031284361063948024
6,window_size_fwd_max,-0.18825690921349852,0.18825690921349852
6,window_size_bwd_mean,-0.7873745626795761,0.7873745626795761
6,window_size_bwd_std,1.9578561301761341,1.9578561301761341
6,window_size_bwd_sum,-0.7636511354933021,0.7636511354933021
6,window_size_bwd_min,0.04031226103733526,0.04031226103733526
6,window_size_bwd_max,0.3824316759926334,0.3824316759926334
6,fwd_act_data_pkts_mean,0.26068638920741716,0.26068638920741716
6,fwd_act_data_pkts_std,0.29906787833615356,0.29906787833615356
6,fwd_act_data_pkts_sum,0.15655477683011113,0.15655477683011113
6,fwd_act_data_pkts_min,0.13695583838455144,0.13695583838455144
6,fwd_act_data_pkts_max,0.16180249713525094,0.16180249713525094
6,fwd_seg_size_min_mean,1.0394340781039744,1.0394340781039744
6,fwd_seg_size_min_std,-0.402806645825103,0.402806645825103
6,fwd_seg_size_min_sum,0.2563154145570433,0.2563154145570433
6,fwd_seg_size_min_min,-0.15099421487825693,0.15099421487825693
6,fwd_seg_size_min_max,-0.12096463729319297,0.12096463729319297
6,active_mean_mean,-0.16697643634608902,0.16697643634608902
6,active_mean_std,-0.3446184580167952,0.3446184580167952
6,active_mean_sum,-0.6541625364908552,0.6541625364908552
6,active_mean_min,0.004273842125696992,0.004273842125696992
6,active_mean_max,-0.03463616751436548,0.03463616751436548
6,active_std_mean,-0.4401041187443368,0.4401041187443368
6,active_std_std,-0.12089804616574033,0.12089804616574033
6,active_std_sum,-0.6251573556977469,0.6251573556977469
6,active_std_min,0.02113728867871077,0.02113728867871077
6,active_std_max,0.24570657390717576,0.24570657390717576
6,active_max_mean,-0.2533793902236634,0.2533793902236634
6,active_max_std,0.46172298103085685,0.46172298103085685
6,active_max_sum,0.7248285829189421,0.7248285829189421
6,active_max_min,0.009787227659929995,0.009787227659929995
6,active_max_max,0.19226144198067863,0.19226144198067863
6,active_min_mean,0.038912939659459016,0.038912939659459016
6,active_min_std,-0.34866475055464813,0.34866475055464813
6,active_min_sum,0.17010130019239808,0.17010130019239808
6,active_min_min,-0.005030943615577147,0.005030943615577147
6,active_min_max,0.17295666214850564,0.17295666214850564
6,idle_mean_mean,0.13359144278395102,0.13359144278395102
6,idle_mean_std,-0.20421515999411816,0.20421515999411816
6,idle_mean_sum,0.02393776247186067,0.02393776247186067
6,idle_mean_min,-0.02101699637722496,0.02101699637722496
6,idle_mean_max,-0.09358685925635335,0.09358685925635335
6,idle_std_mean,0.42891973613866147,0.42891973613866147
6,idle_std_std,0.007706718386791869,0.007706718386791869
6,idle_std_sum,0.046767551817507386,0.046767551817507386
6,idle_std_min,-0.0276041537537112,0.0276041537537112
6,idle_std_max,-0.034661005882588726,0.034661005882588726
6,idle_max_mean,0.3322141945299902,0.3322141945299902
6,idle_max_std,0.0940114212879917,0.0940114212879917
6,idle_max_sum,0.11967899123771189,0.11967899123771189
6,idle_max_min,-0.001803253161173463,0.001803253161173463
6,idle_max_max,-0.12214318099263552,0.12214318099263552
6,idle_min_mean,-0.2032443033939193,0.2032443033939193
6,idle_min_std,-0.382764194927229,0.382764194927229
6,idle_min_sum,-0.04204216326658386,0.04204216326658386
6,idle_min_min,-0.054121228170641085,0.054121228170641085
6,idle_min_max,-0.07146731126499677,0.07146731126499677
6,duration_sec_mean,0.08237800476987321,0.08237800476987321
6,duration_sec_std,0.6506753733792071,0.6506753733792071
6,duration_sec_sum,-0.13707448674235648,0.13707448674235648
6,duration_sec_min,0.073891195908325,0.073891195908325
6,duration_sec_max,0.15352091684857125,0.15352091684857125
6,flow_count,0.13392242914567307,0.13392242914567307
6,unique_dst_ports_count,0.14069042174899107,0.14069042174899107
6,unique_protocols_count,0.011604546416376774,0.011604546416376774
6,pkt_ttl_min,-0.23353280379598312,0.23353280379598312
6,pkt_ttl_max,-0.4860732726258181,0.4860732726258181
6,pkt_ttl_std,0.3620612494739652,0.3620612494739652
6,pkt_ttl_mode,0.3580951431019049,0.3580951431019049
6,pkt_frag_mf_count,0.0,0.0
6,pkt_frag_df_count,0.715371114311987,0.715371114311987
6,pkt_payload_size_p25,-0.06671340360091306,0.06671340360091306
6,pkt_payload_size_p50,-0.21420161121232462,0.21420161121232462
6,pkt_payload_size_p75,-0.6669378428444797,0.6669378428444797
6,pkt_payload_size_p95,-0.8910232052378606,0.8910232052378606
6,pkt_tcp_retrans_count,1.558205098293848,1.558205098293848
6,pkt_port_scan_seq_score,1.4494447657168017,1.4494447657168017
7,duration_microsec_mean,0.09532144591378999,0.09532144591378999
7,duration_microsec_std,0.20828960013242356,0.20828960013242356
7,duration_microsec_sum,-0.0649385884828254,0.0649385884828254
7,duration_microsec_min,0.09113508607188088,0.09113508607188088
7,duration_microsec_max,0.2910473307974152,0.2910473307974152
7,packet_count_fwd_mean,0.5657015502304485,0.5657015502304485
7,packet_count_fwd_std,-0.2691729097850428,0.2691729097850428
7,packet_count_fwd_sum,0.23506679796961005,0.23506679796961005
7,packet_count_fwd_min,0.13895432139861316,0.13895432139861316
7,packet_count_fwd_max,-0.03550742294775569,0.03550742294775569
7,packet_count_bwd_mean,0.5771712760214502,0.5771712760214502
7,packet_count_bwd_std,1.0953450631699582,1.0953450631699582
7,packet_count_bwd_sum,0.03943771764451182,0.03943771764451182
7,packet_count_bwd_min,-0.15777671260627435,0.15777671260627435
7,packet_count_bwd_max,0.2472934893470112,0.2472934893470112
7,byte_count_fwd_mean,-0.06306133660699464,0.06306133660699464
7,byte_count_fwd_std,-0.738904881481027,0.738904881481027
7,byte_count_fwd_sum,-0.19585094852221263,0.19585094852221263
7,byte_count_fwd_min,0.19780788612330816,0.19780788612330816
7,byte_count_fwd_max,1.312623633872252,1.312623633872252
7,byte_count_bwd_mean,-0.558668082257038,0.558668082257038
7,byte_count_bwd_std,-1.5679602110822657,1.5679602110822657
7,byte_count_bwd_sum,-0.4469980723821209,0.4469980723821209
7,byte_count_bwd_min,0.05176876848409482,0.05176876848409482
7,byte_count_bwd_max,-0.657136183467069,0.657136183467069
7,fwd_pkt_len_max_mean,0.21613941698365688,0.21613941698365688
7,fwd_pkt_len_max_std,-1.6770883800777878,1.6770883800777878
7,fwd_pkt_len_max_sum,0.3880052740809039,0.3880052740809039
7,fwd_pkt_len_max_min,-0.056326765881078995,0.056326765881078995
7,fwd_pkt_len_max_max,0.4980045385073149,0.4980045385073149
7,fwd_pkt_len_min_mean,-0.19364810747152483,0.19364810747152483
7,fwd_pkt_len_min_std,0.015691165900089097,0.015691165900089097
7,fwd_pkt_len_min_sum,-0.15239496278133613,0.15239496278133613
7,fwd_pkt_len_min_min,0.04669348341734109,0.04669348341734109
7,fwd_pkt_len_min_max,-0.023790670249250707,0.023790670249250707
7,fwd_pkt_len_mean_mean,-0.2152876037434423,0.2152876037434423
7,fwd_pkt_len_mean_std,0.012049711942096461,0.012049711942096461
7,fwd_pkt_len_mean_sum,0.43632401439192464,0.43632401439192464
7,fwd_pkt_len_mean_min,0.013527347159565502,0.013527347159565502
7,fwd_pkt_len_mean_max,0.014078118246588923,0.014078118246588923
7,fwd_pkt_len_std_mean,2.013298119991792,2.013298119991792
7,fwd_pkt_len_std_std,0.9038136356551475,0.9038136356551475
7,fwd_pkt_len_std_sum,0.43016243418836647,0.43016243418836647
7,fwd_pkt_len_std_min,0.03761578930898495,0.03761578930898495
7,fwd_pkt_len_std_max,-0.2665053496724803,0.2665053496724803
7,bwd_pkt_len_max_mean,0.005874505334861973,0.005874505334861973
7,bwd_pkt_len_max_std,0.5791446928206901,0.5791446928206901
7,bwd_pkt_len_max_sum,0.16502986659040103,0.16502986659040103
7,bwd_pkt_len_max_min,0.046339664713380656,0.046339664713380656
7,bwd_pkt_len_max_max,-0.13380325712750502,0.13380325712750502
7,bwd_pkt_len_min_mean,0.8574589822147836,0.8574589822147836
7,bwd_pkt_len_min_std,-0.35804591516510276,0.35804591516510276
7,bwd_pkt_len_min_sum,0.23088254444639836,0.23088254444639836
7,bwd_pkt_len_min_min,0.0,0.0
7,bwd_pkt_len_min_max,-0.014376227481133649,0.014376227481133649
7,bwd_pkt_len_mean_mean,0.19415090181817454,0.19415090181817454
7,bwd_pkt_len_mean_std,0.29219597014694726,0.29219597014694726
7,bwd_pkt_len_mean_sum,0.4716501108793782,0.4716501108793782
7,bwd_pkt_len_mean_min,0.05272220727739169,0.05272220727739169
7,bwd_pkt_len_mean_max,1.5400024789592202,1.5400024789592202
7,bwd_pkt_len_std_mean,-1.653631120971121,1.653631120971121
7,bwd_pkt_len_std_std,1.1278655241933433,1.1278655241933433
7,bwd_pkt_len_std_sum,-0.005128808336122617,0.005128808336122617
7,bwd_pkt_len_std_min,0.042579948099462354,0.042579948099462354
7,bwd_pkt_len_std_max,1.2275112981997238,1.2275112981997238
7,bytes_per_sec_mean,-1.3217884666667612,1.3217884666667612
7,bytes_per_sec_std,0.263113638580458,0.263113638580458
7,bytes_per_sec_sum,-0.8779684240453918,0.8779684240453918
7,bytes_per_sec_min,0.05260219254033867,0.05260219254033867
7,bytes_per_sec_max,1.1731461969056964,1.1731461969056964
7,packets_per_sec_mean,-0.2888583778682703,0.2888583778682703
7,packets_per_sec_std,0.032160380705047925,0.032160380705047925
7,packets_per_sec_sum,-0.26329363108177073,0.26329363108177073
7,packets_per_sec_min,-0.16848103194907937,0.16848103194907937
7,packets_per_sec_max,-0.3203909950911027,0.3203909950911027
7,flow_iat_mean_mean,0.2211491165900922,0.2211491165900922
7,flow_iat_mean_std,-0.15601544470845416,0.15601544470845416
7,flow_iat_mean_sum,0.26090380508409344,0.26090380508409344
7,flow_iat_mean_min,0.014773318317930472,0.014773318317930472
7,flow_iat_mean_max,-0.040735929419833346,0.040735929419833346
7,flow_iat_std_mean,-0.2683927062140209,0.2683927062140209
7,flow_iat_std_std,-1.245118218301353,1.245118218301353
7,flow_iat_std_sum,-0.39882956760647803,0.39882956760647803
7,flow_iat_std_min,-0.04328441005531912,0.04328441005531912
7,flow_iat_std_max,-0.2672605646566937,0.2672605646566937
7,flow_iat_max_mean,-0.2668425749157833,0.2668425749157833
7,flow_iat_max_std,-0.5700677764175113,0.5700677764175113
7,flow_iat_max_sum,0.19055398646747648,0.19055398646747648
7,flow_iat_max_min,-0.0011057069905023784,0.0011057069905023784
7,flow_iat_max_max,0.1983985317097053,0.1983985317097053
7,flow_iat_min_mean,0.16614974333771432,0.16614974333771432
7,flow_iat_min_std,0.033196479698667763,0.033196479698667763
7,flow_iat_min_sum,0.3218239821954867,0.3218239821954867
7,flow_iat_min_min,0.022080092099249892,0.022080092099249892
7,flow_iat_min_max,0.09512215134385024,0.09512215134385024
7,fwd_iat_tot_mean,0.07418183313583597,0.07418183313583597
7,fwd_iat_tot_std,0.24684430764887375,0.24684430764887375
7,fwd_iat_tot_sum,-0.1091498123229167,0.1091498123229167
7,fwd_iat_tot_min,0.09020553361490005,0.09020553361490005
7,fwd_iat_tot_max,0.03910129211430983,0.03910129211430983
7,fwd_iat_mean_mean,-0.07566039450525683,0.07566039450525683
7,fwd_iat_mean_std,-0.6774426781175955,0.6774426781175955
7,fwd_iat_mean_sum,0.163481827699169,0.163481827699169
7,fwd_iat_mean_min,0.007971421217146514,0.007971421217146514
7,fwd_iat_mean_max,0.27632242058858963,0.27632242058858963
7,fwd_iat_std_mean,0.32852789151643197,0.32852789151643197
7,fwd_iat_std_std,0.33692711266973135,0.33692711266973135
7,fwd_iat_std_sum,0.26914485572269264,0.26914485572269264
7,fwd_iat_std_min,-0.05028695549739821,0.05028695549739821
7,fwd_iat_std_max,0.2828586126120119,0.2828586126120119
7,fwd_iat_max_mean,0.06309806650141743,0.06309806650141743
7,fwd_iat_max_std,-0.0597774746081221,0.0597774746081221
7,fwd_iat_max_sum,0.36002822414682395,0.36002822414682395
7,fwd_iat_max_min,-0.0011720054856036624,0.0011720054856036624
7,fwd_iat_max_max,-0.2773386347699431,0.2773386347699431
7,fwd_iat_min_mean,0.004017670586652203,0.004017670586652203
7,fwd_iat_min_std,-0.42890250301138366,0.42890250301138366
7,fwd_iat_min_sum,0.3398343781215853,0.3398343781215853
7,fwd_iat_min_min,0.0058781327168844315,0.0058781327168844315
7,fwd_iat_min_max,0.32348847274593645,0.32348847274593645
7,bwd_iat_tot_mean,-0.5877334125012702,0.5877334125012702
7,bwd_iat_tot_std,-0.10206146121212151,0.10206146121212151
7,bwd_iat_tot_sum,-0.07720962778867393,0.07720962778867393
7,bwd_iat_tot_min,0.023224204599882416,0.023224204599882416
7,bwd_iat_tot_max,-0.28938021364502464,0.28938021364502464
7,bwd_iat_mean_mean,0.47586017629497146,0.47586017629497146
7,bwd_iat_mean_std,1.0080304319733244,1.0080304319733244
7,bwd_iat_mean_sum,-0.6434456622011762,0.6434456622011762
7,bwd_iat_mean_min,-0.04194781644863351,0.04194781644863351
7,bwd_iat_mean_max,-0.5366577074300938,0.5366577074300938
7,bwd_iat_std_mean,1.3660917906064332,1.3660917906064332
7,bwd_iat_std_std,0.2432069559530713,0.2432069559530713
7,bwd_iat_std_sum,0.29905294899371443,0.29905294899371443
7,bwd_iat_std_min,0.019977411839605153,0.019977411839605153
7,bwd_iat_std_max,-0.0586818479234551,0.0586818479234551
7,bwd_iat_max_mean,-0.1719118303087341,0.1719118303087341
7,bwd_iat_max_std,-1.0238004988098786,1.0238004988098786
7,bwd_iat_max_sum,-0.12193457055874571,0.12193457055874571
7,bwd_iat_max_min,-0.0018879722037615002,0.0018879722037615002
7,bwd_iat_max_max,0.012464499358021299,0.012464499358021299
7,bwd_iat_min_mean,-0.03880836900937048,0.03880836900937048
7,bwd_iat_min_std,-1.0334504855124698,1.0334504855124698
7,bwd_iat_min_sum,0.10944976565790676,0.10944976565790676
7,bwd_iat_min_min,-0.08062498107886636,0.08062498107886636
7,bwd_iat_min_max,0.895532657849358,0.895532657849358
7,fwd_psh_flags_mean,-0.08887001783168692,0.08887001783168692
7,fwd_psh_flags_std,-0.14188685297815837,0.14188685297815837
7,fwd_psh_flags_sum,-0.06488759345186675,0.06488759345186675
7,fwd_psh_flags_min,-0.013097285256849155,0.013097285256849155
7,fwd_psh_flags_max,0.09532729465862394,0.09532729465862394
7,bwd_psh_flags_mean,0.0,0.0
7,bwd_psh_flags_std,0.0,0.0
7,bwd_psh_flags_sum,0.0,0.0
7,bwd_psh_flags_min,0.0,0.0
7,bwd_psh_flags_max,0.0,0.0
7,fwd_urg_flags_mean,-0.21721061850041898,0.21721061850041898
7,fwd_urg_flags_std,0.3815788538273538,0.3815788538273538
7,fwd_urg_flags_sum,0.014027100293736907,0.014027100293736907
7,fwd_urg_flags_min,0.0,0.0
7,fwd_urg_flags_max,0.12135407512769995,0.12135407512769995
7,bwd_urg_flags_mean,0.0,0.0
7,bwd_urg_flags_std,0.0,0.0
7,bwd_urg_flags_sum,0.0,0.0
7,bwd_urg_flags_min,0.0,0.0
7,bwd_urg_flags_max,0.0,0.0
7,fwd_header_len_mean,0.26323230260539676,0.26323230260539676
7,fwd_header_len_std,0.3187298628409001,0.3187298628409001
7,fwd_header_len_sum,0.22760679230229397,0.22760679230229397
7,fwd_header_len_min,-0.013798730807625458,0.013798730807625458
7,fwd_header_len_max,0.5363725726466616,0.5363725726466616
7,bwd_header_len_mean,-0.026560913798536655,0.026560913798536655
7,bwd_header_len_std,-0.2634084408774325,0.2634084408774325
7,bwd_header_len_sum,0.08121400570046225,0.08121400570046225
7,bwd_header_len_min,-0.0003896729495807852,0.0003896729495807852
7,bwd_header_len_max,0.5734622726431957,0.5734622726431957
7,fwd_pkts_per_sec_mean,0.33595241544766324,0.33595241544766324
7,fwd_pkts_per_sec_std,0.1066250948975743,0.1066250948975743
7,fwd_pkts_per_sec_sum,0.387557312004124,0.387557312004124
7,fwd_pkts_per_sec_min,0.019463870454979777,0.019463870454979777
7,fwd_pkts_per_sec_max,-0.3932447844064067,0.3932447844064067
7,bwd_pkts_per_sec_mean,-0.20717180731940935,0.20717180731940935
7,bwd_pkts_per_sec_std,0.6930779387880046,0.6930779387880046
7,bwd_pkts_per_sec_sum,-0.9508103519770372,0.9508103519770372
7,bwd_pkts_per_sec_min,0.019474297661785885,0.019474297661785885
7,bwd_pkts_per_sec_max,-0.26017547735771757,0.26017547735771757
7,pkt_len_min_mean,-0.01317679110569087,0.01317679110569087
7,pkt_len_min_std,0.922345813606163,0.922345813606163
7,pkt_len_min_sum,-0.18120910577626484,0.18120910577626484
7,pkt_len_min_min,0.04643723611229791,0.04643723611229791
7,pkt_len_min_max,-0.30978142883461307,0.30978142883461307
7,pkt_len_max_mean,-0.6471750790669398,0.6471750790669398
7,pkt_len_max_std,-0.7301021009049729,0.7301021009049729
7,pkt_len_max_sum,0.2971937566962042,0.2971937566962042
7,pkt_len_max_min,0.005614278516651439,0.005614278516651439
7,pkt_len_max_max,0.35133671283030016,0.35133671283030016
7,pkt_len_mean_mean,-0.6814185382525785,0.6814185382525785
7,pkt_len_mean_std,0.3269573000228268,0.3269573000228268
7,pkt_len_mean_sum,0.33253612339697713,0.33253612339697713
7,pkt_len_mean_min,0.021071267023204904,0.021071267023204904
7,pkt_len_mean_max,-0.9572572454400725,0.9572572454400725
7,pkt_len_std_mean,-0.9468182972048134,0.9468182972048134
7,pkt_len_std_std,0.5544051505106845,0.5544051505106845
7,pkt_len_std_sum,0.27989678933448453,0.27989678933448453
7,pkt_len_std_min,0.046822014269194065,0.046822014269194065
7,pkt_len_std_max,-0.14536273041556108,0.14536273041556108
7,pkt_len_var_mean,-1.237939421462471,1.237939421462471
7,pkt_len_var_std,-1.545541634818615,1.545541634818615
7,pkt_len_var_sum,0.534652660692808,0.534652660692808
7,pkt_len_var_min,0.044257052377812134,0.044257052377812134
7,pkt_len_var_max,-1.4829740151894462,1.4829740151894462
7,fin_flag_cnt_mean,0.06635990097468561,0.06635990097468561
7,fin_flag_cnt_std,0.13592496730150447,0.13592496730150447
7,fin_flag_cnt_sum,-0.01813050197311724,0.01813050197311724
7,fin_flag_cnt_min,0.0,0.0
7,fin_flag_cnt_max,0.14320623033189495,0.14320623033189495
7,syn_flag_cnt_mean,-0.08887001783168692,0.08887001783168692
7,syn_flag_cnt_std,-0.14188685297815837,0.14188685297815837
7,syn_flag_cnt_sum,-0.06488759345186675,0.06488759345186675
7,syn_flag_cnt_min,-0.013097285256849155,0.013097285256849155
7,syn_flag_cnt_max,0.09532729465862394,0.09532729465862394
7,rst_flag_cnt_mean,0.01720476276659267,0.01720476276659267
7,rst_flag_cnt_std,0.5997601841608807,0.5997601841608807
7,rst_flag_cnt_sum,0.677379556277968,0.677379556277968
7,rst_flag_cnt_min,0.0,0.0
7,rst_flag_cnt_max,-0.32743148625899116,0.32743148625899116
7,psh_flag_cnt_mean,0.4945695519403686,0.4945695519403686
7,psh_flag_cnt_std,-0.03472396113640234,0.03472396113640234
7,psh_flag_cnt_sum,0.09346340552192207,0.09346340552192207
7,psh_flag_cnt_min,0.005951420808012968,0.005951420808012968
7,psh_flag_cnt_max,-0.4862145025785824,0.4862145025785824
7,ack_flag_cnt_mean,0.1885495755814607,0.1885495755814607
7,ack_flag_cnt_std,0.9936682558222405,0.9936682558222405
7,ack_flag_cnt_sum,0.47547552290153355,0.47547552290153355
7,ack_flag_cnt_min,-0.013097285256849155,0.013097285256849155
7,ack_flag_cnt_max,-0.34220226136249143,0.34220226136249143
7,urg_flag_cnt_mean,-0.8303864238852114,0.8303864238852114
7,urg_flag_cnt_std,0.5439632306138448,0.5439632306138448
7,urg_flag_cnt_sum,0.0002365846942376232,0.0002365846942376232
7,urg_flag_cnt_min,0.0,0.0
7,urg_flag_cnt_max,0.8115604036153955,0.8115604036153955
7,cwe_flag_cnt_mean,-0.21721061850041898,0.21721061850041898
7,cwe_flag_cnt_std,0.3815788538273538,0.3815788538273538
7,cwe_flag_cnt_sum,0.014027100293736907,0.014027100293736907
7,cwe_flag_cnt_min,0.0,0.0
7,cwe_flag_cnt_max,0.12135407512769995,0.12135407512769995
7,ece_flag_cnt_mean,0.059438364997944484,0.059438364997944484
7,ece_flag_cnt_std,0.6246869405170024,0.6246869405170024
7,ece_flag_cnt_sum,0.6782894195587862,0.6782894195587862
7,ece_flag_cnt_min,0.0,0.0
7,ece_flag_cnt_max,-0.32743148625899116,0.32743148625899116
7,down_up_ratio_mean,0.34034980088136174,0.34034980088136174
7,down_up_ratio_std,-1.194115055467325,1.194115055467325
7,down_up_ratio_sum,0.28856065210399684,0.28856065210399684
7,down_up_ratio_min,-0.004393041252405583,0.004393041252405583
7,down_up_ratio_max,0.4593893574834065,0.4593893574834065
7,pkt_size_avg_mean,-0.6793679898320688,0.6793679898320688
7,pkt_size_avg_std,0.22061447420886673,0.22061447420886673
7,pkt_size_avg_sum,0.2923772927289953,0.2923772927289953
7,pkt_size_avg_min,0.010726196185416733,0.010726196185416733
7,pkt_size_avg_max,0.282154266966431,0.282154266966431
7,fwd_seg_size_avg_mean,-0.2152876037434423,0.2152876037434423
7,fwd_seg_size_avg_std,0.012049711942096461,0.012049711942096461
7,fwd_seg_size_avg_sum,0.43632401439192464,0.43632401439192464
7,fwd_seg_size_avg_min,0.013527347159565502,0.013527347159565502
7,fwd_seg_size_avg_max,0.014078118246588923,0.014078118246588923
7,bwd_seg_size_avg_mean,0.19415090181470082,0.19415090181470082
7,bwd_seg_size_avg_std,0.2921959701313629,0.2921959701313629
7,bwd_seg_size_avg_sum,0.4716501108789027,0.4716501108789027
7,bwd_seg_size_avg_min,0.05272220727739169,0.05272220727739169
7,bwd_seg_size_avg_max,1.5400024789593385,1.5400024789593385
7,fwd_byts_b_avg_mean,0.0,0.0
7,fwd_byts_b_avg_std,0.0,0.0
7,fwd_byts_b_avg_sum,0.0,0.0
7,fwd_byts_b_avg_min,0.0,0.0
7,fwd_byts_b_avg_max,0.0,0.0
7,fwd_pkts_b_avg_mean,0.0,0.0
7,fwd_pkts_b_avg_std,0.0,0.0
7,fwd_pkts_b_avg_sum,0.0,0.0
7,fwd_pkts_b_avg_min,0.0,0.0
7,fwd_pkts_b_avg_max,0.0,0.0
7,fwd_blk_rate_avg_mean,0.0,0.0
7,fwd_blk_rate_avg_std,0.0,0.0
7,fwd_blk_rate_avg_sum,0.0,0.0
7,fwd_blk_rate_avg_min,0.0,0.0
7,fwd_blk_rate_avg_max,0.0,0.0
7,bwd_byts_b_avg_mean,0.0,0.0
7,bwd_byts_b_avg_std,0.0,0.0
7,bwd_byts_b_avg_sum,0.0,0.0
7,bwd_byts_b_avg_min,0.0,0.0
7,bwd_byts_b_avg_max,0.0,0.0
7,bwd_pkts_b_avg_mean,0.0,0.0
7,bwd_pkts_b_avg_std,0.0,0.0
7,bwd_pkts_b_avg_sum,0.0,0.0
7,bwd_pkts_b_avg_min,0.0,0.0
7,bwd_pkts_b_avg_max,0.0,0.0
7,bwd_blk_rate_avg_mean,0.0,0.0
7,bwd_blk_rate_avg_std,0.0,0.0
7,bwd_blk_rate_avg_sum,0.0,0.0
7,bwd_blk_rate_avg_min,0.0,0.0
7,bwd_blk_rate_avg_max,0.0,0.0
7,subflow_fwd_pkts_mean,0.2615746470332068,0.2615746470332068
7,subflow_fwd_pkts_std,0.30330590234407684,0.30330590234407684
7,subflow_fwd_pkts_sum,0.1748570980062267,0.1748570980062267
7,subflow_fwd_pkts_min,0.06866550655155249,0.06866550655155249
7,subflow_fwd_pkts_max,0.1989283222197888,0.1989283222197888
7,subflow_fwd_byts_mean,0.20324370609513148,0.20324370609513148
7,subflow_fwd_byts_std,-0.06936359503429367,0.06936359503429367
7,subflow_fwd_byts_sum,0.1899411377678411,0.1899411377678411
7,subflow_fwd_byts_min,-0.021306488445772286,0.021306488445772286
7,subflow_fwd_byts_max,-0.14635419869347568,0.14635419869347568
7,subflow_bwd_pkts_mean,-0.1365015889507415,0.1365015889507415
7,subflow_bwd_pkts_std,-0.6336269196210135,0.6336269196210135
7,subflow_bwd_pkts_sum,-0.17320458933771468,0.17320458933771468
7,subflow_bwd_pkts_min,-0.053785182243266394,0.053785182243266394
7,subflow_bwd_pkts_max,-0.0865202074923988,0.0865202074923988
7,subflow_bwd_byts_mean,0.23310961706346736,0.23310961706346736
7,subflow_bwd_byts_std,-0.23800462428790065,0.23800462428790065
7,subflow_bwd_byts_sum,-0.8778891727351175,0.8778891727351175
7,subflow_bwd_byts_min,0.04532690851615246,0.04532690851615246
7,subflow_bwd_byts_max,0.45600888554764374,0.45600888554764374
7,window_size_fwd_mean,0.38218431863493896,0.38218431863493896
7,window_size_fwd_std,-1.1908632831597303,1.1908632831597303
7,window_size_fwd_sum,0.15373807463530664,0.15373807463530664
7,window_size_fwd_min,0.030293273614243863,0.030293273614243863
7,window_size_fwd_max,-0.18823140947769243,0.18823140947769243
7,window_size_bwd_mean,-0.7875209265045646,0.7875209265045646
7,window_size_bwd_std,1.9579171321236886,1.9579171321236886
7,window_size_bwd_sum,-0.7637342734168694,0.7637342734168694
7,window_size_bwd_min,0.038135927626252786,0.038135927626252786
7,window_size_bwd_max,0.38241761652981576,0.38241761652981576
7,fwd_act_data_pkts_mean,0.26059955336784824,0.26059955336784824
7,fwd_act_data_pkts_std,0.29899721594980494,0.29899721594980494
7,fwd_act_data_pkts_sum,0.15651434786258908,0.15651434786258908
7,fwd_act_data_pkts_min,0.13690111510969394,0.13690111510969394
7,fwd_act_data_pkts_max,0.16169982319103407,0.16169982319103407
7,fwd_seg_size_min_mean,1.0392719122645304,1.0392719122645304
7,fwd_seg_size_min_std,-0.403116909489098,0.403116909489098
7,fwd_seg_size_min_sum,0.25606692855759716,0.25606692855759716
7,fwd_seg_size_min_min,-0.15063010793898723,0.15063010793898723
7,fwd_seg_size_min_max,-0.12093836196239946,0.12093836196239946
7,active_mean_mean,-0.16699338511120945,0.16699338511120945
7,active_mean_std,-0.34453143596637364,0.34453143596637364
7,active_mean_sum,-0.6542312411848563,0.6542312411848563
7,active_mean_min,0.004303792447443715,0.004303792447443715
7,active_mean_max,-0.03456701512253991,0.03456701512253991
7,active_std_mean,-0.44011600758903996,0.44011600758903996
7,active_std_std,-0.12088162616070108,0.12088162616070108
7,active_std_sum,-0.6250499934356968,0.6250499934356968
7,active_std_min,0.02111120863602288,0.02111120863602288
7,active_std_max,0.2456550408116132,0.2456550408116132
7,active_max_mean,-0.2534521296470052,0.2534521296470052
7,active_max_std,0.46179549276382775,0.46179549276382775
7,active_max_sum,0.7250024152961546,0.7250024152961546
7,active_max_min,0.009801540846186393,0.009801540846186393
7,active_max_max,0.19214509294802068,0.19214509294802068
7,active_min_mean,0.03887934083441817,0.03887934083441817
7,active_min_std,-0.34867974878291036,0.34867974878291036
7,active_min_sum,0.17008405003670327,0.17008405003670327
7,active_min_min,-0.004979417646656398,0.004979417646656398
7,active_min_max,0.17305791883061494,0.17305791883061494
7,idle_mean_mean,0.13364600085687042,0.13364600085687042
7,idle_mean_std,-0.20420336885088278,0.20420336885088278
7,idle_mean_sum,0.023896933174512643,0.023896933174512643
7,idle_mean_min,-0.020861325559805792,0.020861325559805792
7,idle_mean_max,-0.0935159717526115,0.0935159717526115
7,idle_std_mean,0.42901475531298244,0.42901475531298244
7,idle_std_std,0.007680131075014446,0.007680131075014446
7,idle_std_sum,0.04678387523168872,0.04678387523168872
7,idle_std_min,-0.027498491268756312,0.027498491268756312
7,idle_std_max,-0.03461708378239809,0.03461708378239809
7,idle_max_mean,0.33228560851957895,0.33228560851957895
7,idle_max_std,0.09408028726103412,0.09408028726103412
7,idle_max_sum,0.11965532795728256,0.11965532795728256
7,idle_max_min,-0.0017384208995126593,0.0017384208995126593
7,idle_max_max,-0.12216563459911652,0.12216563459911652
7,idle_min_mean,-0.20319617423811262,0.20319617423811262
7,idle_min_std,-0.382819241433159,0.382819241433159
7,idle_min_sum,-0.04209308389440382,0.04209308389440382
7,idle_min_min,-0.05380470066730415,0.05380470066730415
7,idle_min_max,-0.07138711223305531,0.07138711223305531
7,duration_sec_mean,0.08221804959016393,0.08221804959016393
7,duration_sec_std,0.6506485855258001,0.6506485855258001
7,duration_sec_sum,-0.13690395090764151,0.13690395090764151
7,duration_sec_min,0.07424577907789279,0.07424577907789279
7,duration_sec_max,0.153552103009343,0.153552103009343
7,flow_count,0.13365137814427874,0.13365137814427874
7,unique_dst_ports_count,0.1404564501965887,0.1404564501965887
7,unique_protocols_count,0.011333961626701139,0.011333961626701139
7,pkt_ttl_min,-0.23357772203458846,0.23357772203458846
7,pkt_ttl_max,-0.48608222216804836,0.48608222216804836
7,pkt_ttl_std,0.36193791955814647,0.36193791955814647
7,pkt_ttl_mode,0.3579722902601711,0.3579722902601711
7,pkt_frag_mf_count,0.0,0.0
7,pkt_frag_df_count,0.7154961463103189,0.7154961463103189
7,pkt_payload_size_p25,-0.06678142930989271,0.06678142930989271
7,pkt_payload_size_p50,-0.21424924004718385,0.21424924004718385
7,pkt_payload_size_p75,-0.666920692956912,0.666920692956912
7,pkt_payload_size_p95,-0.8909738434293675,0.8909738434293675
7,pkt_tcp_retrans_count,1.5579826230348515,1.5579826230348515
7,pkt_port_scan_seq_score,1.4492272025759494,1.4492272025759494
8,duration_microsec_mean,0.09551183817626165,0.09551183817626165
8,duration_microsec_std,0.2082997922251465,0.2082997922251465
8,duration_microsec_sum,-0.06487391218747081,0.06487391218747081
8,duration_microsec_min,0.09125237935123694,0.09125237935123694
8,duration_microsec_max,0.2910638212053834,0.2910638212053834
8,packet_count_fwd_mean,0.5653337338603603,0.5653337338603603
8,packet_count_fwd_std,-0.2692485960249514,0.2692485960249514
8,packet_count_fwd_sum,0.23501878433544507,0.23501878433544507
8,packet_count_fwd_min,0.1394380061933652,0.1394380061933652
8,packet_count_fwd_max,-0.03550101809774391,0.03550101809774391
8,packet_count_bwd_mean,0.5766505734492285,0.5766505734492285
8,packet_count_bwd_std,1.09532162132984,1.09532162132984
8,packet_count_bwd_sum,0.03923773691724308,0.03923773691724308
8,packet_count_bwd_min,-0.15687625563557295,0.15687625563557295
8,packet_count_bwd_max,0.24716543897650153,0.24716543897650153
8,byte_count_fwd_mean,-0.06312903368285239,0.06312903368285239
8,byte_count_fwd_std,-0.739383804714204,0.739383804714204
8,byte_count_fwd_sum,-0.19569571641559236,0.19569571641559236
8,byte_count_fwd_min,0.1966828146104552,0.1966828146104552
8,byte_count_fwd_max,1.312438598527513,1.312438598527513
8,byte_count_bwd_mean,-0.558649923556568,0.558649923556568
8,byte_count_bwd_std,-1.5681996309366049,1.5681996309366049
8,byte_count_bwd_sum,-0.4472288585145224,0.4472288585145224
8,byte_count_bwd_min,0.055384008918537585,0.055384008918537585
8,byte_count_bwd_max,-0.6569681172163481,0.6569681172163481
8,fwd_pkt_len_max_mean,0.21567795956569696,0.21567795956569696
8,fwd_pkt_len_max_std,-1.676282835266839,1.676282835266839
8,fwd_pkt_len_max_sum,0.3886853499245937,0.3886853499245937
8,fwd_pkt_len_max_min,-0.0558373327889776,0.0558373327889776
8,fwd_pkt_len_max_max,0.49808136702485817,0.49808136702485817
8,fwd_pkt_len_min_mean,-0.1931340196296523,0.1931340196296523
8,fwd_pkt_len_min_std,0.015929860796237195,0.015929860796237195
8,fwd_pkt_len_min_sum,-0.15256743398913908,0.15256743398913908
8,fwd_pkt_len_min_min,0.04645053011789402,0.04645053011789402
8,fwd_pkt_len_min_max,-0.023718474494344548,0.023718474494344548
8,fwd_pkt_len_mean_mean,-0.21491816703874397,0.21491816703874397
8,fwd_pkt_len_mean_std,0.011947269092364855,0.011947269092364855
8,fwd_pkt_len_mean_sum,0.4369294689202845,0.4369294689202845
8,fwd_pkt_len_mean_min,0.01334621264676898,0.01334621264676898
8,fwd_pkt_len_mean_max,0.01408752627770194,0.01408752627770194
8,fwd_pkt_len_std_mean,2.0134176062739533,2.0134176062739533
8,fwd_pkt_len_std_std,0.9029585495775384,0.9029585495775384
8,fwd_pkt_len_std_sum,0.4309770250654207,0.4309770250654207
8,fwd_pkt_len_std_min,0.04047071651166517,0.04047071651166517
8,fwd_pkt_len_std_max,-0.26647064794608155,0.26647064794608155
8,bwd_pkt_len_max_mean,0.006169053427605767,0.006169053427605767
8,bwd_pkt_len_max_std,0.5785654720282621,0.5785654720282621
8,bwd_pkt_len_max_sum,0.16494146576268182,0.16494146576268182
8,bwd_pkt_len_max_min,0.04971952998410736,0.04971952998410736
8,bwd_pkt_len_max_max,-0.1338661624091915,0.1338661624091915
8,bwd_pkt_len_min_mean,0.8571860241260786,0.8571860241260786
8,bwd_pkt_len_min_std,-0.3578906630948198,0.3578906630948198
8,bwd_pkt_len_min_sum,0.23067116943714944,0.23067116943714944
8,bwd_pkt_len_min_min,0.0,0.0
8,bwd_pkt_len_min_max,-0.014339180284651505,0.014339180284651505
8,bwd_pkt_len_mean_mean,0.1939259388572933,0.1939259388572933
8,bwd_pkt_len_mean_std,0.29217468370851063,0.29217468370851063
8,bwd_pkt_len_mean_sum,0.47190756018774666,0.47190756018774666
8,bwd_pkt_len_mean_min,0.056691981864403135,0.056691981864403135
8,bwd_pkt_len_mean_max,1.540599822858952,1.540599822858952
8,bwd_pkt_len_std_mean,-1.6537556370618134,1.6537556370618134
8,bwd_pkt_len_std_std,1.1280776499281389,1.1280776499281389
8,bwd_pkt_len_std_sum,-0.004480587975203824,0.004480587975203824
8,bwd_pkt_len_std_min,0.04535265844965938,0.04535265844965938
8,bwd_pkt_len_std_max,1.2277169698638732,1.2277169698638732
8,bytes_per_sec_mean,-1.3219235854409028,1.3219235854409028
8,bytes_per_sec_std,0.2630454238300523,0.2630454238300523
8,bytes_per_sec_sum,-0.8779345953711208,0.8779345953711208
8,bytes_per_sec_min,0.052415803001149154,0.052415803001149154
8,bytes_per_sec_max,1.1733657634798664,1.1733657634798664
8,packets_per_sec_mean,-0.28864823985876725,0.28864823985876725
8,packets_per_sec_std,0.031895434271197676,0.031895434271197676
8,packets_per_sec_sum,-0.2630524324907147,0.2630524324907147
8,packets_per_sec_min,-0.16750830117063076,0.16750830117063076
8,packets_per_sec_max,-0.3200628561295306,0.3200628561295306
8,flow_iat_mean_mean,0.22124768973903303,0.22124768973903303
8,flow_iat_mean_std,-0.15626023804889486,0.15626023804889486
8,flow_iat_mean_sum,0.26097199266023785,0.26097199266023785
8,flow_iat_mean_min,0.01503458521583095,0.01503458521583095
8,flow_iat_mean_max,-0.04064883746336418,0.04064883746336418
8,flow_iat_std_mean,-0.2680723240374123,0.2680723240374123
8,flow_iat_std_std,-1.244637941602024,1.244637941602024
8,flow_iat_std_sum,-0.3987072359017602,0.3987072359017602
8,flow_iat_std_min,-0.04376007444356853,0.04376007444356853
8,flow_iat_std_max,-0.2672298539674383,0.2672298539674383
8,flow_iat_max_mean,-0.2667754163715086,0.2667754163715086
8,flow_iat_max_std,-0.570073964205777,0.570073964205777
8,flow_iat_max_sum,0.19057692633373335,0.19057692633373335
8,flow_iat_max_min,-0.001037257125499207,0.001037257125499207
8,flow_iat_max_max,0.19851507624860001,0.19851507624860001
8,flow_iat_min_mean,0.16613669371240364,0.16613669371240364
8,flow_iat_min_std,0.03296647684842377,0.03296647684842377
8,flow_iat_min_sum,0.3218732765571517,0.3218732765571517
8,flow_iat_min_min,0.02240330572435947,0.02240330572435947
8,flow_iat_min_max,0.09515383935326764,0.09515383935326764
8,fwd_iat_tot_mean,0.07434620064797823,0.07434620064797823
8,fwd_iat_tot_std,0.24676881538363077,0.24676881538363077
8,fwd_iat_tot_sum,-0.10906792468383358,0.10906792468383358
8,fwd_iat_tot_min,0.09030540946728731,0.09030540946728731
8,fwd_iat_tot_max,0.0392425252097478,0.0392425252097478
8,fwd_iat_mean_mean,-0.07553901866109884,0.07553901866109884
8,fwd_iat_mean_std,-0.6774306039531776,0.6774306039531776
8,fwd_iat_mean_sum,0.16355775205873327,0.16355775205873327
8,fwd_iat_mean_min,0.008176432735428006,0.008176432735428006
8,fwd_iat_mean_max,0.27639604679743623,0.27639604679743623
8,fwd_iat_std_mean,0.32837180316990466,0.32837180316990466
8,fwd_iat_std_std,0.33689982238003097,0.33689982238003097
8,fwd_iat_std_sum,0.26877169643907656,0.26877169643907656
8,fwd_iat_std_min,-0.05082606612526947,0.05082606612526947
8,fwd_iat_std_max,0.28277196588638104,0.28277196588638104
8,fwd_iat_max_mean,0.06315422350859541,0.06315422350859541
8,fwd_iat_max_std,-0.059791501226602366,0.059791501226602366
8,fwd_iat_max_sum,0.3599497731213316,0.3599497731213316
8,fwd_iat_max_min,-0.0010975096395601665,0.0010975096395601665
8,fwd_iat_max_max,-0.2774331369923032,0.2774331369923032
8,fwd_iat_min_mean,0.0041030409844281125,0.0041030409844281125
8,fwd_iat_min_std,-0.428893339819603,0.428893339819603
8,fwd_iat_min_sum,0.33988870717153224,0.33988870717153224
8,fwd_iat_min_min,0.006067524507190338,0.006067524507190338
8,fwd_iat_min_max,0.3235562075769699,0.3235562075769699
8,bwd_iat_tot_mean,-0.5880001728548794,0.5880001728548794
8,bwd_iat_tot_std,-0.10206180232549167,0.10206180232549167
8,bwd_iat_tot_sum,-0.07728211754821884,0.07728211754821884
8,bwd_iat_tot_min,0.025423736556228357,0.025423736556228357
8,bwd_iat_tot_max,-0.2898195341721253,0.2898195341721253
8,bwd_iat_mean_mean,0.4756805052876121,0.4756805052876121
8,bwd_iat_mean_std,1.0078941640387638,1.0078941640387638
8,bwd_iat_mean_sum,-0.6433954235578748,0.6433954235578748
8,bwd_iat_mean_min,-0.04207457190090335,0.04207457190090335
8,bwd_iat_mean_max,-0.5365347279101094,0.5365347279101094
8,bwd_iat_std_mean,1.366127840523319,1.366127840523319
8,bwd_iat_std_std,0.24287549099225383,0.24287549099225383
8,bwd_iat_std_sum,0.29886537086118886,0.29886537086118886
8,bwd_iat_std_min,0.021135021948650995,0.021135021948650995
8,bwd_iat_std_max,-0.05861055332199346,0.05861055332199346
8,bwd_iat_max_mean,-0.17222167635677205,0.17222167635677205
8,bwd_iat_max_std,-1.0236493283292047,1.0236493283292047
8,bwd_iat_max_sum,-0.12182096808595058,0.12182096808595058
8,bwd_iat_max_min,-0.0009441763338188711,0.0009441763338188711
8,bwd_iat_max_max,0.012534241997187614,0.012534241997187614
8,bwd_iat_min_mean,-0.03885008136249043,0.03885008136249043
8,bwd_iat_min_std,-1.0335498966655523,1.0335498966655523
8,bwd_iat_min_sum,0.10935621089766612,0.10935621089766612
8,bwd_iat_min_min,-0.08237471422004544,0.08237471422004544
8,bwd_iat_min_max,0.895279354234779,0.895279354234779
8,fwd_psh_flags_mean,-0.08903903012548431,0.08903903012548431
8,fwd_psh_flags_std,-0.14181600208116524,0.14181600208116524
8,fwd_psh_flags_sum,-0.06497307615636445,0.06497307615636445
8,fwd_psh_flags_min,-0.014811465000024625,0.014811465000024625
8,fwd_psh_flags_max,0.09546985353398024,0.09546985353398024
8,bwd_psh_flags_mean,0.0,0.0
8,bwd_psh_flags_std,0.0,0.0
8,bwd_psh_flags_sum,0.0,0.0
8,bwd_psh_flags_min,0.0,0.0
8,bwd_psh_flags_max,0.0,0.0
8,fwd_urg_flags_mean,-0.21720774636793372,0.21720774636793372
8,fwd_urg_flags_std,0.3816597465756644,0.3816597465756644
8,fwd_urg_flags_sum,0.013984052945170772,0.013984052945170772
8,fwd_urg_flags_min,0.0,0.0
8,fwd_urg_flags_max,0.12153477621495108,0.12153477621495108
8,bwd_urg_flags_mean,0.0,0.0
8,bwd_urg_flags_std,0.0,0.0
8,bwd_urg_flags_sum,0.0,0.0
8,bwd_urg_flags_min,0.0,0.0
8,bwd_urg_flags_max,0.0,0.0
8,fwd_header_len_mean,0.2636287642460114,0.2636287642460114
8,fwd_header_len_std,0.31869929831950156,0.31869929831950156
8,fwd_header_len_sum,0.22832367895963435,0.22832367895963435
8,fwd_header_len_min,-0.012727826166793226,0.012727826166793226
8,fwd_header_len_max,0.5366473612522914,0.5366473612522914
8,bwd_header_len_mean,-0.02646256870815341,0.02646256870815341
8,bwd_header_len_std,-0.2634851042145115,0.2634851042145115
8,bwd_header_len_sum,0.08084416986058936,0.08084416986058936
8,bwd_header_len_min,0.0013760099228473128,0.0013760099228473128
8,bwd_header_len_max,0.5733747156574317,0.5733747156574317
8,fwd_pkts_per_sec_mean,0.3361655990712952,0.3361655990712952
8,fwd_pkts_per_sec_std,0.10646707628304045,0.10646707628304045
8,fwd_pkts_per_sec_sum,0.38683760250479626,0.38683760250479626
8,fwd_pkts_per_sec_min,0.02022861478169263,0.02022861478169263
8,fwd_pkts_per_sec_max,-0.3934616455343904,0.3934616455343904
8,bwd_pkts_per_sec_mean,-0.20682116952322116,0.20682116952322116
8,bwd_pkts_per_sec_std,0.69298132017346,0.69298132017346
8,bwd_pkts_per_sec_sum,-0.9506969465959887,0.9506969465959887
8,bwd_pkts_per_sec_min,0.02023728940285718,0.02023728940285718
8,bwd_pkts_per_sec_max,-0.25998973742260806,0.25998973742260806
8,pkt_len_min_mean,-0.01273876236301071,0.01273876236301071
8,pkt_len_min_std,0.9222365107829109,0.9222365107829109
8,pkt_len_min_sum,-0.18132190238362747,0.18132190238362747
8,pkt_len_min_min,0.046260791900102405,0.046260791900102405
8,pkt_len_min_max,-0.309299106320901,0.309299106320901
8,pkt_len_max_mean,-0.6468420821906068,0.6468420821906068
8,pkt_len_max_std,-0.7297139201645552,0.7297139201645552
8,pkt_len_max_sum,0.2977621893973999,0.2977621893973999
8,pkt_len_max_min,0.007594583710307365,0.007594583710307365
8,pkt_len_max_max,0.3516295047917632,0.3516295047917632
8,pkt_len_mean_mean,-0.6812567718782992,0.6812567718782992
8,pkt_len_mean_std,0.3269656569472398,0.3269656569472398
8,pkt_len_mean_sum,0.3329893292034012,0.3329893292034012
8,pkt_len_mean_min,0.02134323687287669,0.02134323687287669
8,pkt_len_mean_max,-0.9571664893607272,0.9571664893607272
8,pkt_len_std_mean,-0.9464539743228775,0.9464539743228775
8,pkt_len_std_std,0.554109173966684,0.554109173966684
8,pkt_len_std_sum,0.28066428921871406,0.28066428921871406
8,pkt_len_std_min,0.05017686815188319,0.05017686815188319
8,pkt_len_std_max,-0.14543170335604508,0.14543170335604508
8,pkt_len_var_mean,-1.2387325721517513,1.2387325721517513
8,pkt_len_var_std,-1.5459179167008825,1.5459179167008825
8,pkt_len_var_sum,0.5352328736374445,0.5352328736374445
8,pkt_len_var_min,0.04734967023219956,0.04734967023219956
8,pkt_len_var_max,-1.483311748283858,1.483311748283858
8,fin_flag_cnt_mean,0.06645655814610461,0.06645655814610461
8,fin_flag_cnt_std,0.13589506637152496,0.13589506637152496
8,fin_flag_cnt_sum,-0.01815718408239001,0.01815718408239001
8,fin_flag_cnt_min,0.0,0.0
8,fin_flag_cnt_max,0.14331713750401817,0.14331713750401817
8,syn_flag_cnt_mean,-0.08903903012548431,0.08903903012548431
8,syn_flag_cnt_std,-0.14181600208116524,0.14181600208116524
8,syn_flag_cnt_sum,-0.06497307615636445,0.06497307615636445
8,syn_flag_cnt_min,-0.014811465000024625,0.014811465000024625
8,syn_flag_cnt_max,0.09546985353398024,0.09546985353398024
8,rst_flag_cnt_mean,0.016795041986458262,0.016795041986458262
8,rst_flag_cnt_std,0.599719601752993,0.599719601752993
8,rst_flag_cnt_sum,0.6778715805998987,0.6778715805998987
8,rst_flag_cnt_min,0.0,0.0
8,rst_flag_cnt_max,-0.32766096120333005,0.32766096120333005
8,psh_flag_cnt_mean,0.49474757832513966,0.49474757832513966
8,psh_flag_cnt_std,-0.03489085836574916,0.03489085836574916
8,psh_flag_cnt_sum,0.09400521274457728,0.09400521274457728
8,psh_flag_cnt_min,0.006476107722270172,0.006476107722270172
8,psh_flag_cnt_max,-0.48649653695717904,0.48649653695717904
8,ack_flag_cnt_mean,0.18866601243522096,0.18866601243522096
8,ack_flag_cnt_std,0.9936210201948458,0.9936210201948458
8,ack_flag_cnt_sum,0.47648793707520093,0.47648793707520093
8,ack_flag_cnt_min,-0.014811465000024625,0.014811465000024625
8,ack_flag_cnt_max,-0.3433315666511062,0.3433315666511062
8,urg_flag_cnt_mean,-0.830343455964778,0.830343455964778
8,urg_flag_cnt_std,0.5437303762601403,0.5437303762601403
8,urg_flag_cnt_sum,0.00023523999541453307,0.00023523999541453307
8,urg_flag_cnt_min,0.0,0.0
8,urg_flag_cnt_max,0.811215790476325,0.811215790476325
8,cwe_flag_cnt_mean,-0.21720774636793372,0.21720774636793372
8,cwe_flag_cnt_std,0.3816597465756644,0.3816597465756644
8,cwe_flag_cnt_sum,0.013984052945170772,0.013984052945170772
8,cwe_flag_cnt_min,0.0,0.0
8,cwe_flag_cnt_max,0.12153477621495108,0.12153477621495108
8,ece_flag_cnt_mean,0.05917014649723803,0.05917014649723803
8,ece_flag_cnt_std,0.6246562977111794,0.6246562977111794
8,ece_flag_cnt_sum,0.6787809080824313,0.6787809080824313
8,ece_flag_cnt_min,0.0,0.0
8,ece_flag_cnt_max,-0.32766096120333005,0.32766096120333005
8,down_up_ratio_mean,0.3398554353001544,0.3398554353001544
8,down_up_ratio_std,-1.1937865510530465,1.1937865510530465
8,down_up_ratio_sum,0.2879674874579281,0.2879674874579281
8,down_up_ratio_min,-0.0033352388420679543,0.0033352388420679543
8,down_up_ratio_max,0.4591015858793413,0.4591015858793413
8,pkt_size_avg_mean,-0.6791811346670525,0.6791811346670525
8,pkt_size_avg_std,0.22081724658456875,0.22081724658456875
8,pkt_size_avg_sum,0.29292545984461327,0.29292545984461327
8,pkt_size_avg_min,0.010959165046447525,0.010959165046447525
8,pkt_size_avg_max,0.2821607908308371,0.2821607908308371
8,fwd_seg_size_avg_mean,-0.21491816703874397,0.21491816703874397
8,fwd_seg_size_avg_std,0.011947269092364855,0.011947269092364855
8,fwd_seg_size_avg_sum,0.4369294689202845,0.4369294689202845
8,fwd_seg_size_avg_min,0.01334621264676898,0.01334621264676898
8,fwd_seg_size_avg_max,0.01408752627770194,0.01408752627770194
8,bwd_seg_size_avg_mean,0.19392593885378234,0.19392593885378234
8,bwd_seg_size_avg_std,0.2921746836928465,0.2921746836928465
8,bwd_seg_size_avg_sum,0.47190756018727087,0.47190756018727087
8,bwd_seg_size_avg_min,0.056691981864403135,0.056691981864403135
8,bwd_seg_size_avg_max,1.540599822859087,1.540599822859087
8,fwd_byts_b_avg_mean,0.0,0.0
8,fwd_byts_b_avg_std,0.0,0.0
8,fwd_byts_b_avg_sum,0.0,0.0
8,fwd_byts_b_avg_min,0.0,0.0
8,fwd_byts_b_avg_max,0.0,0.0
8,fwd_pkts_b_avg_mean,0.0,0.0
8,fwd_pkts_b_avg_std,0.0,0.0
8,fwd_pkts_b_avg_sum,0.0,0.0
8,fwd_pkts_b_avg_min,0.0,0.0
8,fwd_pkts_b_avg_max,0.0,0.0
8,fwd_blk_rate_avg_mean,0.0,0.0
8,fwd_blk_rate_avg_std,0.0,0.0
8,fwd_blk_rate_avg_sum,0.0,0.0
8,fwd_blk_rate_avg_min,0.0,0.0
8,fwd_blk_rate_avg_max,0.0,0.0
8,bwd_byts_b_avg_mean,0.0,0.0
8,bwd_byts_b_avg_std,0.0,0.0
8,bwd_byts_b_avg_sum,0.0,0.0
8,bwd_byts_b_avg_min,0.0,0.0
8,bwd_byts_b_avg_max,0.0,0.0
8,bwd_pkts_b_avg_mean,0.0,0.0
8,bwd_pkts_b_avg_std,0.0,0.0
8,bwd_pkts_b_avg_sum,0.0,0.0
8,bwd_pkts_b_avg_min,0.0,0.0
8,bwd_pkts_b_avg_max,0.0,0.0
8,bwd_blk_rate_avg_mean,0.0,0.0
8,bwd_blk_rate_avg_std,0.0,0.0
8,bwd_blk_rate_avg_sum,0.0,0.0
8,bwd_blk_rate_avg_min,0.0,0.0
8,bwd_blk_rate_avg_max,0.0,0.0
8,subflow_fwd_pkts_mean,0.26197200424840766,0.26197200424840766
8,subflow_fwd_pkts_std,0.3032665155523038,0.3032665155523038
8,subflow_fwd_pkts_sum,0.17557073976805226,0.17557073976805226
8,subflow_fwd_pkts_min,0.06924355874133413,0.06924355874133413
8,subflow_fwd_pkts_max,0.19904725073060012,0.19904725073060012
8,subflow_fwd_byts_mean,0.20363897460008537,0.20363897460008537
8,subflow_fwd_byts_std,-0.06949781592989873,0.06949781592989873
8,subflow_fwd_byts_sum,0.1906323463689712,0.1906323463689712
8,subflow_fwd_byts_min,-0.021490685740526556,0.021490685740526556
8,subflow_fwd_byts_max,-0.14643638373551152,0.14643638373551152
8,subflow_bwd_pkts_mean,-0.13636134157825053,0.13636134157825053
8,subflow_bwd_pkts_std,-0.6335725138781554,0.6335725138781554
8,subflow_bwd_pkts_sum,-0.1734326235188328,0.1734326235188328
8,subflow_bwd_pkts_min,-0.052131218265055526,0.052131218265055526
8,subflow_bwd_pkts_max,-0.08656794476009008,0.08656794476009008
8,subflow_bwd_byts_mean,0.23324960519830837,0.23324960519830837
8,subflow_bwd_byts_std,-0.23798569803192068,0.23798569803192068
8,subflow_bwd_byts_sum,-0.8775146369708337,0.8775146369708337
8,subflow_bwd_byts_min,0.048682256983200854,0.048682256983200854
8,subflow_bwd_byts_max,0.4559059702083354,0.4559059702083354
8,window_size_fwd_mean,0.38228546667568125,0.38228546667568125
8,window_size_fwd_std,-1.19095653492634,1.19095653492634
8,window_size_fwd_sum,0.15530115498113065,0.15530115498113065
8,window_size_fwd_min,0.031911228851861394,0.031911228851861394
8,window_size_fwd_max,-0.18816969077597168,0.18816969077597168
8,window_size_bwd_mean,-0.787157103244507,0.787157103244507
8,window_size_bwd_std,1.9584384301559212,1.9584384301559212
8,window_size_bwd_sum,-0.7630440381118971,0.7630440381118971
8,window_size_bwd_min,0.04116962066920675,0.04116962066920675
8,window_size_bwd_max,0.38231561491394284,0.38231561491394284
8,fwd_act_data_pkts_mean,0.2609969536087926,0.2609969536087926
8,fwd_act_data_pkts_std,0.29895179183133885,0.29895179183133885
8,fwd_act_data_pkts_sum,0.15721891886360262,0.15721891886360262
8,fwd_act_data_pkts_min,0.1366162910769569,0.1366162910769569
8,fwd_act_data_pkts_max,0.1617129048300114,0.1617129048300114
8,fwd_seg_size_min_mean,1.0396272602429524,1.0396272602429524
8,fwd_seg_size_min_std,-0.40241527076797023,0.40241527076797023
8,fwd_seg_size_min_sum,0.25689435185899706,0.25689435185899706
8,fwd_seg_size_min_min,-0.15097931429029032,0.15097931429029032
8,fwd_seg_size_min_max,-0.12105598737966528,0.12105598737966528
8,active_mean_mean,-0.16690257518801085,0.16690257518801085
8,active_mean_std,-0.34468172118607754,0.34468172118607754
8,active_mean_sum,-0.6541822244609656,0.6541822244609656
8,active_mean_min,0.004350402357256851,0.004350402357256851
8,active_mean_max,-0.03480499163211093,0.03480499163211093
8,active_std_mean,-0.43993691542438523,0.43993691542438523
8,active_std_std,-0.12101902729763912,0.12101902729763912
8,active_std_sum,-0.6252105305494544,0.6252105305494544
8,active_std_min,0.021365279852230835,0.021365279852230835
8,active_std_max,0.24570992845974368,0.24570992845974368
8,active_max_mean,-0.25324282166268564,0.25324282166268564
8,active_max_std,0.4616836935852984,0.4616836935852984
8,active_max_sum,0.7247031012201887,0.7247031012201887
8,active_max_min,0.009918069035499867,0.009918069035499867
8,active_max_max,0.1923282559155907,0.1923282559155907
8,active_min_mean,0.03894705374692786,0.03894705374692786
8,active_min_std,-0.34870029613962555,0.34870029613962555
8,active_min_sum,0.1701620234440202,0.1701620234440202
8,active_min_min,-0.005052400583509936,0.005052400583509936
8,active_min_max,0.17288828831719882,0.17288828831719882
8,idle_mean_mean,0.133511836745936,0.133511836745936
8,idle_mean_std,-0.20418737863330683,0.20418737863330683
8,idle_mean_sum,0.023937275883074777,0.023937275883074777
8,idle_mean_min,-0.020995234720880218,0.020995234720880218
8,idle_mean_max,-0.09360605376894475,0.09360605376894475
8,idle_std_mean,0.42901487622447815,0.42901487622447815
8,idle_std_std,0.007748610264734978,0.007748610264734978
8,idle_std_sum,0.046821896707478786,0.046821896707478786
8,idle_std_min,-0.027820984418445608,0.027820984418445608
8,idle_std_max,-0.03460395599531739,0.03460395599531739
8,idle_max_mean,0.3322129741141121,0.3322129741141121
8,idle_max_std,0.09393093936533926,0.09393093936533926
8,idle_max_sum,0.11962049935280179,0.11962049935280179
8,idle_max_min,-0.0016682541131983304,0.0016682541131983304
8,idle_max_max,-0.12227473365597064,0.12227473365597064
8,idle_min_mean,-0.20349990436001597,0.20349990436001597
8,idle_min_std,-0.3826392667374802,0.3826392667374802
8,idle_min_sum,-0.04201246091036499,0.04201246091036499
8,idle_min_min,-0.05429058914767495,0.05429058914767495
8,idle_min_max,-0.07151391404215526,0.07151391404215526
8,duration_sec_mean,0.08273251224708912,0.08273251224708912
8,duration_sec_std,0.6503999970560114,0.6503999970560114
8,duration_sec_sum,-0.137100650519729,0.137100650519729
8,duration_sec_min,0.07399181258013358,0.07399181258013358
8,duration_sec_max,0.15341867511128018,0.15341867511128018
8,flow_count,0.13453324620396,0.13453324620396
8,unique_dst_ports_count,0.14142914603868037,0.14142914603868037
8,unique_protocols_count,0.011668403995413627,0.011668403995413627
8,pkt_ttl_min,-0.23339466338717899,0.23339466338717899
8,pkt_ttl_max,-0.4860451990439851,0.4860451990439851
8,pkt_ttl_std,0.3624394334375176,0.3624394334375176
8,pkt_ttl_mode,0.3584718652586978,0.3584718652586978
8,pkt_frag_mf_count,0.0,0.0
8,pkt_frag_df_count,0.715028678579755,0.715028678579755
8,pkt_payload_size_p25,-0.06650455197649793,0.06650455197649793
8,pkt_payload_size_p50,-0.21405517648394204,0.21405517648394204
8,pkt_payload_size_p75,-0.6669896571305903,0.6669896571305903
8,pkt_payload_size_p95,-0.8911736735508197,0.8911736735508197
8,pkt_tcp_retrans_count,1.5588877828926972,1.5588877828926972
8,pkt_port_scan_seq_score,1.4501131173417743,1.4501131173417743
9,duration_microsec_mean,0.09542107767818114,0.09542107767818114
9,duration_microsec_std,0.2083975066862061,0.2083975066862061
9,duration_microsec_sum,-0.06490571230976776,0.06490571230976776
9,duration_microsec_min,0.09111281923340867,0.09111281923340867
9,duration_microsec_max,0.29109532426280804,0.29109532426280804
9,packet_count_fwd_mean,0.5654699392401311,0.5654699392401311
9,packet_count_fwd_std,-0.2692259417525392,0.2692259417525392
9,packet_count_fwd_sum,0.23512092805127188,0.23512092805127188
9,packet_count_fwd_min,0.1392704189520576,0.1392704189520576
9,packet_count_fwd_max,-0.03548620614298994,0.03548620614298994
9,packet_count_bwd_mean,0.5769092408128611,0.5769092408128611
9,packet_count_bwd_std,1.095304414836288,1.095304414836288
9,packet_count_bwd_sum,0.03942877447887359,0.03942877447887359
9,packet_count_bwd_min,-0.157047619723735,0.157047619723735
9,packet_count_bwd_max,0.2472683740137782,0.2472683740137782
9,byte_count_fwd_mean,-0.063192419602279,0.063192419602279
9,byte_count_fwd_std,-0.7390564898807538,0.7390564898807538
9,byte_count_fwd_sum,-0.19575019739119384,0.19575019739119384
9,byte_count_fwd_min,0.1973066080903908,0.1973066080903908
9,byte_count_fwd_max,1.312687806917396,1.312687806917396
9,byte_count_bwd_mean,-0.5586676708198324,0.5586676708198324
9,byte_count_bwd_std,-1.5681304562701543,1.5681304562701543
9,byte_count_bwd_sum,-0.44702939188057095,0.44702939188057095
9,byte_count_bwd_min,0.054346513602909347,0.054346513602909347
9,byte_count_bwd_max,-0.657003616026567,0.657003616026567
9,fwd_pkt_len_max_mean,0.21618825468298541,0.21618825468298541
9,fwd_pkt_len_max_std,-1.6766365263318035,1.6766365263318035
9,fwd_pkt_len_max_sum,0.38835703481001427,0.38835703481001427
9,fwd_pkt_len_max_min,-0.055794945909530824,0.055794945909530824
9,fwd_pkt_len_max_max,0.4980257799067649,0.4980257799067649
9,fwd_pkt_len_min_mean,-0.19354079805418778,0.19354079805418778
9,fwd_pkt_len_min_std,0.015773504117701693,0.015773504117701693
9,fwd_pkt_len_min_sum,-0.15242540451647113,0.15242540451647113
9,fwd_pkt_len_min_min,0.046533013126823994,0.046533013126823994
9,fwd_pkt_len_min_max,-0.02376737715638116,0.02376737715638116
9,fwd_pkt_len_mean_mean,-0.21512498984672856,0.21512498984672856
9,fwd_pkt_len_mean_std,0.011969196344767655,0.011969196344767655
9,fwd_pkt_len_mean_sum,0.43659590413245025,0.43659590413245025
9,fwd_pkt_len_mean_min,0.013500944358337399,0.013500944358337399
9,fwd_pkt_len_mean_max,0.014113702674632644,0.014113702674632644
9,fwd_pkt_len_std_mean,2.013346191598786,2.013346191598786
9,fwd_pkt_len_std_std,0.9034100659311801,0.9034100659311801
9,fwd_pkt_len_std_sum,0.43058260276319116,0.43058260276319116
9,fwd_pkt_len_std_min,0.03954506497718925,0.03954506497718925
9,fwd_pkt_len_std_max,-0.2664691629627558,0.2664691629627558
9,bwd_pkt_len_max_mean,0.006082618218328884,0.006082618218328884
9,bwd_pkt_len_max_std,0.5788722838464025,0.5788722838464025
9,bwd_pkt_len_max_sum,0.16482156779252008,0.16482156779252008
9,bwd_pkt_len_max_min,0.048571199317729935,0.048571199317729935
9,bwd_pkt_len_max_max,-0.1338348837563651,0.1338348837563651
9,bwd_pkt_len_min_mean,0.857178981878231,0.857178981878231
9,bwd_pkt_len_min_std,-0.35802390802512907,0.35802390802512907
9,bwd_pkt_len_min_sum,0.2308081431023838,0.2308081431023838
9,bwd_pkt_len_min_min,0.0,0.0
9,bwd_pkt_len_min_max,-0.014382782711618643,0.014382782711618643
9,bwd_pkt_len_mean_mean,0.19411307460913044,0.19411307460913044
9,bwd_pkt_len_mean_std,0.29219323290974203,0.29219323290974203
9,bwd_pkt_len_mean_sum,0.47171118592298894,0.47171118592298894
9,bwd_pkt_len_mean_min,0.05552115323958715,0.05552115323958715
9,bwd_pkt_len_mean_max,1.5403292775878255,1.5403292775878255
9,bwd_pkt_len_std_mean,-1.6537731297060851,1.6537731297060851
9,bwd_pkt_len_std_std,1.1280066220722353,1.1280066220722353
9,bwd_pkt_len_std_sum,-0.004894734286403281,0.004894734286403281
9,bwd_pkt_len_std_min,0.04424511133233129,0.04424511133233129
9,bwd_pkt_len_std_max,1.2276911109029334,1.2276911109029334
9,bytes_per_sec_mean,-1.3218298300390734,1.3218298300390734
9,bytes_per_sec_std,0.26305649934667447,0.26305649934667447
9,bytes_per_sec_sum,-0.8779294813470601,0.8779294813470601
9,bytes_per_sec_min,0.05268959123520565,0.05268959123520565
9,bytes_per_sec_max,1.1732673662932176,1.1732673662932176
9,packets_per_sec_mean,-0.28873829070959195,0.28873829070959195
9,packets_per_sec_std,0.031948380249639856,0.031948380249639856
9,packets_per_sec_sum,-0.2631014916768269,0.2631014916768269
9,packets_per_sec_min,-0.16765336040196516,0.16765336040196516
9,packets_per_sec_max,-0.32024149652322637,0.32024149652322637
9,flow_iat_mean_mean,0.22119470054012697,0.22119470054012697
9,flow_iat_mean_std,-0.1561696642125783,0.1561696642125783
9,flow_iat_mean_sum,0.26092398777452275,0.26092398777452275
9,flow_iat_mean_min,0.014814520263127361,0.014814520263127361
9,flow_iat_mean_max,-0.040649364749677105,0.040649364749677105
9,flow_iat_std_mean,-0.26827185796593955,0.26827185796593955
9,flow_iat_std_std,-1.2450606651079295,1.2450606651079295
9,flow_iat_std_sum,-0.3988905063556407,0.3988905063556407
9,flow_iat_std_min,-0.04353204056763211,0.04353204056763211
9,flow_iat_std_max,-0.26731537847549586,0.26731537847549586
9,flow_iat_max_mean,-0.26678505452975215,0.26678505452975215
9,flow_iat_max_std,-0.5700173395155714,0.5700173395155714
9,flow_iat_max_sum,0.19055374244375645,0.19055374244375645
9,flow_iat_max_min,-0.0011645018439657617,0.0011645018439657617
9,flow_iat_max_max,0.1983702381776657,0.1983702381776657
9,flow_iat_min_mean,0.1661883872594699,0.1661883872594699
9,flow_iat_min_std,0.03306236906905545,0.03306236906905545
9,flow_iat_min_sum,0.3218459503363727,0.3218459503363727
9,flow_iat_min_min,0.02215497507379001,0.02215497507379001
9,flow_iat_min_max,0.09512161700216855,0.09512161700216855
9,fwd_iat_tot_mean,0.07425160897358972,0.07425160897358972
9,fwd_iat_tot_std,0.24691482701064657,0.24691482701064657
9,fwd_iat_tot_sum,-0.10911053349477823,0.10911053349477823
9,fwd_iat_tot_min,0.09013021297760179,0.09013021297760179
9,fwd_iat_tot_max,0.03919565212000044,0.03919565212000044
9,fwd_iat_mean_mean,-0.07559222723469698,0.07559222723469698
9,fwd_iat_mean_std,-0.6774703419530552,0.6774703419530552
9,fwd_iat_mean_sum,0.16352539643519165,0.16352539643519165
9,fwd_iat_mean_min,0.007981871511557975,0.007981871511557975
9,fwd_iat_mean_max,0.2765913991997214,0.2765913991997214
9,fwd_iat_std_mean,0.32846883281117745,0.32846883281117745
9,fwd_iat_std_std,0.3368635575989741,0.3368635575989741
9,fwd_iat_std_sum,0.2690595201947803,0.2690595201947803
9,fwd_iat_std_min,-0.05056233895889718,0.05056233895889718
9,fwd_iat_std_max,0.2829276652477954,0.2829276652477954
9,fwd_iat_max_mean,0.06309424091540354,0.06309424091540354
9,fwd_iat_max_std,-0.059740099333954855,0.059740099333954855
9,fwd_iat_max_sum,0.35998519255828937,0.35998519255828937
9,fwd_iat_max_min,-0.0012259915989319171,0.0012259915989319171
9,fwd_iat_max_max,-0.2773918661647737,0.2773918661647737
9,fwd_iat_min_mean,0.004074332203803282,0.004074332203803282
9,fwd_iat_min_std,-0.4289543411463192,0.4289543411463192
9,fwd_iat_min_sum,0.3398542060251196,0.3398542060251196
9,fwd_iat_min_min,0.005867915310444255,0.005867915310444255
9,fwd_iat_min_max,0.3237401180639331,0.3237401180639331
9,bwd_iat_tot_mean,-0.5877723382517015,0.5877723382517015
9,bwd_iat_tot_std,-0.1022476664957497,0.1022476664957497
9,bwd_iat_tot_sum,-0.07732064424247456,0.07732064424247456
9,bwd_iat_tot_min,0.02467388826053877,0.02467388826053877
9,bwd_iat_tot_max,-0.2895744750171055,0.2895744750171055
9,bwd_iat_mean_mean,0.47613037096728045,0.47613037096728045
9,bwd_iat_mean_std,1.00786600173632,1.00786600173632
9,bwd_iat_mean_sum,-0.6433242912395841,0.6433242912395841
9,bwd_iat_mean_min,-0.042130911414668425,0.042130911414668425
9,bwd_iat_mean_max,-0.5364726654331652,0.5364726654331652
9,bwd_iat_std_mean,1.3661907709076306,1.3661907709076306
9,bwd_iat_std_std,0.24317894304063892,0.24317894304063892
9,bwd_iat_std_sum,0.299083080959625,0.299083080959625
9,bwd_iat_std_min,0.0207008785387276,0.0207008785387276
9,bwd_iat_std_max,-0.05863232794460679,0.05863232794460679
9,bwd_iat_max_mean,-0.17201958035798398,0.17201958035798398
9,bwd_iat_max_std,-1.0238987577341516,1.0238987577341516
9,bwd_iat_max_sum,-0.12189096955739129,0.12189096955739129
9,bwd_iat_max_min,-0.0012979249384827973,0.0012979249384827973
9,bwd_iat_max_max,0.012465809924588178,0.012465809924588178
9,bwd_iat_min_mean,-0.03892959093239086,0.03892959093239086
9,bwd_iat_min_std,-1.033462746534184,1.033462746534184
9,bwd_iat_min_sum,0.10932534146729503,0.10932534146729503
9,bwd_iat_min_min,-0.08184768816710322,0.08184768816710322
9,bwd_iat_min_max,0.8954708544594516,0.8954708544594516
9,fwd_psh_flags_mean,-0.08898685159184616,0.08898685159184616
9,fwd_psh_flags_std,-0.14171795985552663,0.14171795985552663
9,fwd_psh_flags_sum,-0.06472629699058083,0.06472629699058083
9,fwd_psh_flags_min,-0.014264538026055828,0.014264538026055828
9,fwd_psh_flags_max,0.09541349371372247,0.09541349371372247
9,bwd_psh_flags_mean,0.0,0.0
9,bwd_psh_flags_std,0.0,0.0
9,bwd_psh_flags_sum,0.0,0.0
9,bwd_psh_flags_min,0.0,0.0
9,bwd_psh_flags_max,0.0,0.0
9,fwd_urg_flags_mean,-0.21721277203769349,0.21721277203769349
9,fwd_urg_flags_std,0.3816061314961658,0.3816061314961658
9,fwd_urg_flags_sum,0.014012245495619068,0.014012245495619068
9,fwd_urg_flags_min,0.0,0.0
9,fwd_urg_flags_max,0.12146143171364292,0.12146143171364292
9,bwd_urg_flags_mean,0.0,0.0
9,bwd_urg_flags_std,0.0,0.0
9,bwd_urg_flags_sum,0.0,0.0
9,bwd_urg_flags_min,0.0,0.0
9,bwd_urg_flags_max,0.0,0.0
9,fwd_header_len_mean,0.26348338618521094,0.26348338618521094
9,fwd_header_len_std,0.3186336376635068,0.3186336376635068
9,fwd_header_len_sum,0.22812477705205075,0.22812477705205075
9,fwd_header_len_min,-0.013153462576293403,0.013153462576293403
9,fwd_header_len_max,0.5365120454433671,0.5365120454433671
9,bwd_header_len_mean,-0.026570572167463398,0.026570572167463398
9,bwd_header_len_std,-0.2634833199443854,0.2634833199443854
9,bwd_header_len_sum,0.08100589149102964,0.08100589149102964
9,bwd_header_len_min,0.000683292026282514,0.000683292026282514
9,bwd_header_len_max,0.5733806665713456,0.5733806665713456
9,fwd_pkts_per_sec_mean,0.3359870655796865,0.3359870655796865
9,fwd_pkts_per_sec_std,0.10645026082469562,0.10645026082469562
9,fwd_pkts_per_sec_sum,0.38719884307563557,0.38719884307563557
9,fwd_pkts_per_sec_min,0.020248649001097827,0.020248649001097827
9,fwd_pkts_per_sec_max,-0.3933860387420811,0.3933860387420811
9,bwd_pkts_per_sec_mean,-0.2070583355517666,0.2070583355517666
9,bwd_pkts_per_sec_std,0.6930397019237886,0.6930397019237886
9,bwd_pkts_per_sec_sum,-0.950812343518745,0.950812343518745
9,bwd_pkts_per_sec_min,0.02025717605851233,0.02025717605851233
9,bwd_pkts_per_sec_max,-0.2601592139597292,0.2601592139597292
9,pkt_len_min_mean,-0.01310801762497809,0.01310801762497809
9,pkt_len_min_std,0.9222359881428085,0.9222359881428085
9,pkt_len_min_sum,-0.18120241520637426,0.18120241520637426
9,pkt_len_min_min,0.04632593280670466,0.04632593280670466
9,pkt_len_min_max,-0.3093759215662738,0.3093759215662738
9,pkt_len_max_mean,-0.6469426071493248,0.6469426071493248
9,pkt_len_max_std,-0.7298716113976224,0.7298716113976224
9,pkt_len_max_sum,0.29743127719588386,0.29743127719588386
9,pkt_len_max_min,0.006942355018584645,0.006942355018584645
9,pkt_len_max_max,0.35146821556761104,0.35146821556761104
9,pkt_len_mean_mean,-0.6812997047663033,0.6812997047663033
9,pkt_len_mean_std,0.32694018032494776,0.32694018032494776
9,pkt_len_mean_sum,0.33273291229803875,0.33273291229803875
9,pkt_len_mean_min,0.021363967990535034,0.021363967990535034
9,pkt_len_mean_max,-0.9572330694354106,0.9572330694354106
9,pkt_len_std_mean,-0.9463995820730842,0.9463995820730842
9,pkt_len_std_std,0.5542714302339115,0.5542714302339115
9,pkt_len_std_sum,0.28025423937334537,0.28025423937334537
9,pkt_len_std_min,0.04903469886233179,0.04903469886233179
9,pkt_len_std_max,-0.14548886759094698,0.14548886759094698
9,pkt_len_var_mean,-1.2382218110815815,1.2382218110815815
9,pkt_len_var_std,-1.5457537791557834,1.5457537791557834
9,pkt_len_var_sum,0.5349081686619849,0.5349081686619849
9,pkt_len_var_min,0.04619814582259076,0.04619814582259076
9,pkt_len_var_max,-1.483173561188425,1.483173561188425
9,fin_flag_cnt_mean,0.06638840593659327,0.06638840593659327
9,fin_flag_cnt_std,0.13591307212009682,0.13591307212009682
9,fin_flag_cnt_sum,-0.018133266840922684,0.018133266840922684
9,fin_flag_cnt_min,0.0,0.0
9,fin_flag_cnt_max,0.1432784728734038,0.1432784728734038
9,syn_flag_cnt_mean,-0.08898685159184616,0.08898685159184616
9,syn_flag_cnt_std,-0.14171795985552663,0.14171795985552663
9,syn_flag_cnt_sum,-0.06472629699058083,0.06472629699058083
9,syn_flag_cnt_min,-0.014264538026055828,0.014264538026055828
9,syn_flag_cnt_max,0.09541349371372247,0.09541349371372247
9,rst_flag_cnt_mean,0.017104336277071093,0.017104336277071093
9,rst_flag_cnt_std,0.5997616241929613,0.5997616241929613
9,rst_flag_cnt_sum,0.6775371843941332,0.6775371843941332
9,rst_flag_cnt_min,0.0,0.0
9,rst_flag_cnt_max,-0.3274165906796281,0.3274165906796281
9,psh_flag_cnt_mean,0.49479423871897754,0.49479423871897754
9,psh_flag_cnt_std,-0.03496406432422982,0.03496406432422982
9,psh_flag_cnt_sum,0.09362250704727551,0.09362250704727551
9,psh_flag_cnt_min,0.006068181656815904,0.006068181656815904
9,psh_flag_cnt_max,-0.48608088709744024,0.48608088709744024
9,ack_flag_cnt_mean,0.18860548900207633,0.18860548900207633
9,ack_flag_cnt_std,0.9937430268304477,0.9937430268304477
9,ack_flag_cnt_sum,0.4759584754571289,0.4759584754571289
9,ack_flag_cnt_min,-0.014264538026055828,0.014264538026055828
9,ack_flag_cnt_max,-0.34284878265782937,0.34284878265782937
9,urg_flag_cnt_mean,-0.8303801391444328,0.8303801391444328
9,urg_flag_cnt_std,0.5438635794044705,0.5438635794044705
9,urg_flag_cnt_sum,0.0002381460646007881,0.0002381460646007881
9,urg_flag_cnt_min,0.0,0.0
9,urg_flag_cnt_max,0.8114160277642675,0.8114160277642675
9,cwe_flag_cnt_mean,-0.21721277203769349,0.21721277203769349
9,cwe_flag_cnt_std,0.3816061314961658,0.3816061314961658
9,cwe_flag_cnt_sum,0.014012245495619068,0.014012245495619068
9,cwe_flag_cnt_min,0.0,0.0
9,cwe_flag_cnt_max,0.12146143171364292,0.12146143171364292
9,ece_flag_cnt_mean,0.059370974877041426,0.059370974877041426
9,ece_flag_cnt_std,0.6246914097511602,0.6246914097511602
9,ece_flag_cnt_sum,0.6784467803304594,0.6784467803304594
9,ece_flag_cnt_min,0.0,0.0
9,ece_flag_cnt_max,-0.3274165906796281,0.3274165906796281
9,down_up_ratio_mean,0.34018556293814717,0.34018556293814717
9,down_up_ratio_std,-1.1939548473391464,1.1939548473391464
9,down_up_ratio_sum,0.28817107182963464,0.28817107182963464
9,down_up_ratio_min,-0.003446821404128081,0.003446821404128081
9,down_up_ratio_max,0.4594296531179658,0.4594296531179658
9,pkt_size_avg_mean,-0.6792359747891411,0.6792359747891411
9,pkt_size_avg_std,0.22072059248904757,0.22072059248904757
9,pkt_size_avg_sum,0.2926306131666141,0.2926306131666141
9,pkt_size_avg_min,0.01098352574651238,0.01098352574651238
9,pkt_size_avg_max,0.28210246069758743,0.28210246069758743
9,fwd_seg_size_avg_mean,-0.21512498984672856,0.21512498984672856
9,fwd_seg_size_avg_std,0.011969196344767655,0.011969196344767655
9,fwd_seg_size_avg_sum,0.43659590413245025,0.43659590413245025
9,fwd_seg_size_avg_min,0.013500944358337399,0.013500944358337399
9,fwd_seg_size_avg_max,0.014113702674632644,0.014113702674632644
9,bwd_seg_size_avg_mean,0.1941130746056194,0.1941130746056194
9,bwd_seg_size_avg_std,0.29219323289408683,0.29219323289408683
9,bwd_seg_size_avg_sum,0.4717111859225009,0.4717111859225009
9,bwd_seg_size_avg_min,0.05552115323958715,0.05552115323958715
9,bwd_seg_size_avg_max,1.5403292775879516,1.5403292775879516
9,fwd_byts_b_avg_mean,0.0,0.0
9,fwd_byts_b_avg_std,0.0,0.0
9,fwd_byts_b_avg_sum,0.0,0.0
9,fwd_byts_b_avg_min,0.0,0.0
9,fwd_byts_b_avg_max,0.0,0.0
9,fwd_pkts_b_avg_mean,0.0,0.0
9,fwd_pkts_b_avg_std,0.0,0.0
9,fwd_pkts_b_avg_sum,0.0,0.0
9,fwd_pkts_b_avg_min,0.0,0.0
9,fwd_pkts_b_avg_max,0.0,0.0
9,fwd_blk_rate_avg_mean,0.0,0.0
9,fwd_blk_rate_avg_std,0.0,0.0
9,fwd_blk_rate_avg_sum,0.0,0.0
9,fwd_blk_rate_avg_min,0.0,0.0
9,fwd_blk_rate_avg_max,0.0,0.0
9,bwd_byts_b_avg_mean,0.0,0.0
9,bwd_byts_b_avg_std,0.0,0.0
9,bwd_byts_b_avg_sum,0.0,0.0
9,bwd_byts_b_avg_min,0.0,0.0
9,bwd_byts_b_avg_max,0.0,0.0
9,bwd_pkts_b_avg_mean,0.0,0.0
9,bwd_pkts_b_avg_std,0.0,0.0
9,bwd_pkts_b_avg_sum,0.0,0.0
9,bwd_pkts_b_avg_min,0.0,0.0
9,bwd_pkts_b_avg_max,0.0,0.0
9,bwd_blk_rate_avg_mean,0.0,0.0
9,bwd_blk_rate_avg_std,0.0,0.0
9,bwd_blk_rate_avg_sum,0.0,0.0
9,bwd_blk_rate_avg_min,0.0,0.0
9,bwd_blk_rate_avg_max,0.0,0.0
9,subflow_fwd_pkts_mean,0.2618259878560343,0.2618259878560343
9,subflow_fwd_pkts_std,0.3032031210198234,0.3032031210198234
9,subflow_fwd_pkts_sum,0.1753760735460257,0.1753760735460257
9,subflow_fwd_pkts_min,0.06897180255864507,0.06897180255864507
9,subflow_fwd_pkts_max,0.19895572967386518,0.19895572967386518
9,subflow_fwd_byts_mean,0.20350167496501423,0.20350167496501423
9,subflow_fwd_byts_std,-0.06943105864375379,0.06943105864375379
9,subflow_fwd_byts_sum,0.1904505968775709,0.1904505968775709
9,subflow_fwd_byts_min,-0.021292261287474527,0.021292261287474527
9,subflow_fwd_byts_max,-0.14636115070442002,0.14636115070442002
9,subflow_bwd_pkts_mean,-0.13645240722757812,0.13645240722757812
9,subflow_bwd_pkts_std,-0.6335356796297795,0.6335356796297795
9,subflow_bwd_pkts_sum,-0.17332638229407563,0.17332638229407563
9,subflow_bwd_pkts_min,-0.05264865187316039,0.05264865187316039
9,subflow_bwd_pkts_max,-0.08662079462428042,0.08662079462428042
9,subflow_bwd_byts_mean,0.23315773635532566,0.23315773635532566
9,subflow_bwd_byts_std,-0.23801768692463113,0.23801768692463113
9,subflow_bwd_byts_sum,-0.8776336671140129,0.8776336671140129
9,subflow_bwd_byts_min,0.047551863678814504,0.047551863678814504
9,subflow_bwd_byts_max,0.45590767156589473,0.45590767156589473
9,window_size_fwd_mean,0.3822966561275247,0.3822966561275247
9,window_size_fwd_std,-1.191148788107865,1.191148788107865
9,window_size_fwd_sum,0.15460518164299897,0.15460518164299897
9,window_size_fwd_min,0.0316952680169921,0.0316952680169921
9,window_size_fwd_max,-0.18819523737609922,0.18819523737609922
9,window_size_bwd_mean,-0.7873569551146841,0.7873569551146841
9,window_size_bwd_std,1.9578828974764357,1.9578828974764357
9,window_size_bwd_sum,-0.7634240346564499,0.7634240346564499
9,window_size_bwd_min,0.04019774313669455,0.04019774313669455
9,window_size_bwd_max,0.3823508177363626,0.3823508177363626
9,fwd_act_data_pkts_mean,0.26085100507351194,0.26085100507351194
9,fwd_act_data_pkts_std,0.2988915998605696,0.2988915998605696
9,fwd_act_data_pkts_sum,0.15702944931494425,0.15702944931494425
9,fwd_act_data_pkts_min,0.13676256514853025,0.13676256514853025
9,fwd_act_data_pkts_max,0.1616712500503601,0.1616712500503601
9,fwd_seg_size_min_mean,1.0393584483239304,1.0393584483239304
9,fwd_seg_size_min_std,-0.4028556625459234,0.4028556625459234
9,fwd_seg_size_min_sum,0.2564104211645064,0.2564104211645064
9,fwd_seg_size_min_min,-0.150919337676502,0.150919337676502
9,fwd_seg_size_min_max,-0.12103737092778692,0.12103737092778692
9,active_mean_mean,-0.166934471447376,0.166934471447376
9,active_mean_std,-0.3446070264721171,0.3446070264721171
9,active_mean_sum,-0.6541743400603912,0.6541743400603912
9,active_mean_min,0.004297333035905693,0.004297333035905693
9,active_mean_max,-0.034549828290806106,0.034549828290806106
9,active_std_mean,-0.440026379006383,0.440026379006383
9,active_std_std,-0.12088883892907834,0.12088883892907834
9,active_std_sum,-0.6250360681365036,0.6250360681365036
9,active_std_min,0.02120156911992542,0.02120156911992542
9,active_std_max,0.2456930143805574,0.2456930143805574
9,active_max_mean,-0.25336308003731545,0.25336308003731545
9,active_max_std,0.4618164678336477,0.4618164678336477
9,active_max_sum,0.7250686534536623,0.7250686534536623
9,active_max_min,0.009826417566088924,0.009826417566088924
9,active_max_max,0.19214235762899853,0.19214235762899853
9,active_min_mean,0.03892177018836812,0.03892177018836812
9,active_min_std,-0.34877610227397626,0.34877610227397626
9,active_min_sum,0.17000535658160637,0.17000535658160637
9,active_min_min,-0.00503681172556161,0.00503681172556161
9,active_min_max,0.17309524689657185,0.17309524689657185
9,idle_mean_mean,0.13350905707252175,0.13350905707252175
9,idle_mean_std,-0.20419733976406584,0.20419733976406584
9,idle_mean_sum,0.023957950989407773,0.023957950989407773
9,idle_mean_min,-0.02102434832503463,0.02102434832503463
9,idle_mean_max,-0.09361813200005675,0.09361813200005675
9,idle_std_mean,0.428910647234897,0.428910647234897
9,idle_std_std,0.007702885098552894,0.007702885098552894
9,idle_std_sum,0.046772247601991265,0.046772247601991265
9,idle_std_min,-0.0276636698364471,0.0276636698364471
9,idle_std_max,-0.03462247524326051,0.03462247524326051
9,idle_max_mean,0.3321340290750681,0.3321340290750681
9,idle_max_std,0.09401006160613477,0.09401006160613477
9,idle_max_sum,0.11967941651882283,0.11967941651882283
9,idle_max_min,-0.0017958483555657447,0.0017958483555657447
9,idle_max_max,-0.12210186341652511,0.12210186341652511
9,idle_min_mean,-0.20335290893065422,0.20335290893065422
9,idle_min_std,-0.3827257349245784,0.3827257349245784
9,idle_min_sum,-0.04201160114440939,0.04201160114440939
9,idle_min_min,-0.05415030033094698,0.05415030033094698
9,idle_min_max,-0.07149351189286639,0.07149351189286639
9,duration_sec_mean,0.08254613977117148,0.08254613977117148
9,duration_sec_std,0.6505216764440046,0.6505216764440046
9,duration_sec_sum,-0.13694991722810013,0.13694991722810013
9,duration_sec_min,0.0740642122196209,0.0740642122196209
9,duration_sec_max,0.15348052739640256,0.15348052739640256
9,flow_count,0.13402352674948437,0.13402352674948437
9,unique_dst_ports_count,0.1407840198033669,0.1407840198033669
9,unique_protocols_count,0.011509246886177951,0.011509246886177951
9,pkt_ttl_min,-0.23349719358116447,0.23349719358116447
9,pkt_ttl_max,-0.48606820537936135,0.48606820537936135
9,pkt_ttl_std,0.3621631792039067,0.3621631792039067
9,pkt_ttl_mode,0.35819667302709235,0.35819667302709235
9,pkt_frag_mf_count,0.0,0.0
9,pkt_frag_df_count,0.7152953584148336,0.7152953584148336
9,pkt_payload_size_p25,-0.06665817132465614,0.06665817132465614
9,pkt_payload_size_p50,-0.21416369825176654,0.21416369825176654
9,pkt_payload_size_p75,-0.6669548732270271,0.6669548732270271
9,pkt_payload_size_p95,-0.8910673434875437,0.8910673434875437
9,pkt_tcp_retrans_count,1.558385092493535,1.558385092493535
9,pkt_port_scan_seq_score,1.449621721702376,1.449621721702376
10,duration_microsec_mean,0.09531971811702426,0.09531971811702426
10,duration_microsec_std,0.20832455066742997,0.20832455066742997
10,duration_microsec_sum,-0.0649810885243607,0.0649810885243607
10,duration_microsec_min,0.09121164234619737,0.09121164234619737
10,duration_microsec_max,0.29090230963686786,0.29090230963686786
10,packet_count_fwd_mean,0.5655987307508122,0.5655987307508122
10,packet_count_fwd_std,-0.2688914530008932,0.2688914530008932
10,packet_count_fwd_sum,0.23481357223284022,0.23481357223284022
10,packet_count_fwd_min,0.13876118931723272,0.13876118931723272
10,packet_count_fwd_max,-0.03576789162557166,0.03576789162557166
10,packet_count_bwd_mean,0.5769357524045334,0.5769357524045334
10,packet_count_bwd_std,1.0956364971412778,1.0956364971412778
10,packet_count_bwd_sum,0.03927706569159484,0.03927706569159484
10,packet_count_bwd_min,-0.15853811617502941,0.15853811617502941
10,packet_count_bwd_max,0.24737976752363763,0.24737976752363763
10,byte_count_fwd_mean,-0.06318750487512202,0.06318750487512202
10,byte_count_fwd_std,-0.7388175603491329,0.7388175603491329
10,byte_count_fwd_sum,-0.19615187908139428,0.19615187908139428
10,byte_count_fwd_min,0.19834198239112502,0.19834198239112502
10,byte_count_fwd_max,1.312327348539964,1.312327348539964
10,byte_count_bwd_mean,-0.5586634526794803,0.5586634526794803
10,byte_count_bwd_std,-1.5680312622945478,1.5680312622945478
10,byte_count_bwd_sum,-0.44698071254064153,0.44698071254064153
10,byte_count_bwd_min,0.049594823196387666,0.049594823196387666
10,byte_count_bwd_max,-0.6573244674842904,0.6573244674842904
10,fwd_pkt_len_max_mean,0.21489667748620656,0.21489667748620656
10,fwd_pkt_len_max_std,-1.677713990525009,1.677713990525009
10,fwd_pkt_len_max_sum,0.387427378907601,0.387427378907601
10,fwd_pkt_len_max_min,-0.05659860492570401,0.05659860492570401
10,fwd_pkt_len_max_max,0.4980908396346899,0.4980908396346899
10,fwd_pkt_len_min_mean,-0.19384876036283766,0.19384876036283766
10,fwd_pkt_len_min_std,0.015539612177086812,0.015539612177086812
10,fwd_pkt_len_min_sum,-0.15221695251653605,0.15221695251653605
10,fwd_pkt_len_min_min,0.04691891929496583,0.04691891929496583
10,fwd_pkt_len_min_max,-0.023799883949489446,0.023799883949489446
10,fwd_pkt_len_mean_mean,-0.21555154720254294,0.21555154720254294
10,fwd_pkt_len_mean_std,0.012156763885224344,0.012156763885224344
10,fwd_pkt_len_mean_sum,0.4359879676247211,0.4359879676247211
10,fwd_pkt_len_mean_min,0.013667848906110776,0.013667848906110776
10,fwd_pkt_len_mean_max,0.014131002995311543,0.014131002995311543
10,fwd_pkt_len_std_mean,2.0136331538507193,2.0136331538507193
10,fwd_pkt_len_std_std,0.9044990287499567,0.9044990287499567
10,fwd_pkt_len_std_sum,0.42969497711754245,0.42969497711754245
10,fwd_pkt_len_std_min,0.03647043303643906,0.03647043303643906
10,fwd_pkt_len_std_max,-0.2667101662751952,0.2667101662751952
10,bwd_pkt_len_max_mean,0.00477326481969167,0.00477326481969167
10,bwd_pkt_len_max_std,0.5790675251429126,0.5790675251429126
10,bwd_pkt_len_max_sum,0.16488553360105698,0.16488553360105698
10,bwd_pkt_len_max_min,0.04478020223261434,0.04478020223261434
10,bwd_pkt_len_max_max,-0.13366409376907662,0.13366409376907662
10,bwd_pkt_len_min_mean,0.8577565326328427,0.8577565326328427
10,bwd_pkt_len_min_std,-0.35781595899049234,0.35781595899049234
10,bwd_pkt_len_min_sum,0.2310243395984542,0.2310243395984542
10,bwd_pkt_len_min_min,0.0,0.0
10,bwd_pkt_len_min_max,-0.01434311472096718,0.01434311472096718
10,bwd_pkt_len_mean_mean,0.19435227897651616,0.19435227897651616
10,bwd_pkt_len_mean_std,0.29231924962398614,0.29231924962398614
10,bwd_pkt_len_mean_sum,0.4715532246980546,0.4715532246980546
10,bwd_pkt_len_mean_min,0.05028602203544071,0.05028602203544071
10,bwd_pkt_len_mean_max,1.5395602521889926,1.5395602521889926
10,bwd_pkt_len_std_mean,-1.652927384357082,1.652927384357082
10,bwd_pkt_len_std_std,1.1279093293188067,1.1279093293188067
10,bwd_pkt_len_std_sum,-0.00544933050359494,0.00544933050359494
10,bwd_pkt_len_std_min,0.04150212176574759,0.04150212176574759
10,bwd_pkt_len_std_max,1.2273145712478606,1.2273145712478606
10,bytes_per_sec_mean,-1.3217282803836536,1.3217282803836536
10,bytes_per_sec_std,0.2633103795160531,0.2633103795160531
10,bytes_per_sec_sum,-0.8778612025619648,0.8778612025619648
10,bytes_per_sec_min,0.05249186103198217,0.05249186103198217
10,bytes_per_sec_max,1.172994356620029,1.172994356620029
10,packets_per_sec_mean,-0.28920763630305124,0.28920763630305124
10,packets_per_sec_std,0.03238726347758738,0.03238726347758738
10,packets_per_sec_sum,-0.2635660607539048,0.2635660607539048
10,packets_per_sec_min,-0.16958864104413837,0.16958864104413837
10,packets_per_sec_max,-0.3205648772669153,0.3205648772669153
10,flow_iat_mean_mean,0.22107221487447923,0.22107221487447923
10,flow_iat_mean_std,-0.15583790239731776,0.15583790239731776
10,flow_iat_mean_sum,0.26086234258193086,0.26086234258193086
10,flow_iat_mean_min,0.014743904300407128,0.014743904300407128
10,flow_iat_mean_max,-0.040741037952100496,0.040741037952100496
10,flow_iat_std_mean,-0.2684443739825753,0.2684443739825753
10,flow_iat_std_std,-1.2451070530528996,1.2451070530528996
10,flow_iat_std_sum,-0.3988009538045214,0.3988009538045214
10,flow_iat_std_min,-0.043028179728033696,0.043028179728033696
10,flow_iat_std_max,-0.2671307770733583,0.2671307770733583
10,flow_iat_max_mean,-0.2669189953612093,0.2669189953612093
10,flow_iat_max_std,-0.5700207382669887,0.5700207382669887
10,flow_iat_max_sum,0.19054255751376556,0.19054255751376556
10,flow_iat_max_min,-0.0010954980830767446,0.0010954980830767446
10,flow_iat_max_max,0.19838746027415954,0.19838746027415954
10,flow_iat_min_mean,0.16607798975958896,0.16607798975958896
10,flow_iat_min_std,0.03335838606324596,0.03335838606324596
10,flow_iat_min_sum,0.32178584094790064,0.32178584094790064
10,flow_iat_min_min,0.022037317138850328,0.022037317138850328
10,flow_iat_min_max,0.09508585878152806,0.09508585878152806
10,fwd_iat_tot_mean,0.0741892396124291,0.0741892396124291
10,fwd_iat_tot_std,0.24691494957993718,0.24691494957993718
10,fwd_iat_tot_sum,-0.10921037943614478,0.10921037943614478
10,fwd_iat_tot_min,0.09033687688352558,0.09033687688352558
10,fwd_iat_tot_max,0.038880809126244996,0.038880809126244996
10,fwd_iat_mean_mean,-0.07576658159161287,0.07576658159161287
10,fwd_iat_mean_std,-0.6773832415222273,0.6773832415222273
10,fwd_iat_mean_sum,0.1634177476812215,0.1634177476812215
10,fwd_iat_mean_min,0.007958721098256013,0.007958721098256013
10,fwd_iat_mean_max,0.27638331759902907,0.27638331759902907
10,fwd_iat_std_mean,0.32853596274572366,0.32853596274572366
10,fwd_iat_std_std,0.33691747871665473,0.33691747871665473
10,fwd_iat_std_sum,0.26914552533458785,0.26914552533458785
10,fwd_iat_std_min,-0.05002283743058977,0.05002283743058977
10,fwd_iat_std_max,0.2827918489799494,0.2827918489799494
10,fwd_iat_max_mean,0.06302843525666157,0.06302843525666157
10,fwd_iat_max_std,-0.05964833714914114,0.05964833714914114
10,fwd_iat_max_sum,0.360063612841797,0.360063612841797
10,fwd_iat_max_min,-0.001163971586003795,0.001163971586003795
10,fwd_iat_max_max,-0.27733581385285666,0.27733581385285666
10,fwd_iat_min_mean,0.003927603616652756,0.003927603616652756
10,fwd_iat_min_std,-0.4288107954324438,0.4288107954324438
10,fwd_iat_min_sum,0.3398128803636853,0.3398128803636853
10,fwd_iat_min_min,0.0059050977245338095,0.0059050977245338095
10,fwd_iat_min_max,0.3235397520427139,0.3235397520427139
10,bwd_iat_tot_mean,-0.5874397028562395,0.5874397028562395
10,bwd_iat_tot_std,-0.10220318238011217,0.10220318238011217
10,bwd_iat_tot_sum,-0.07727376085453071,0.07727376085453071
10,bwd_iat_tot_min,0.022376898916003526,0.022376898916003526
10,bwd_iat_tot_max,-0.2896611628994215,0.2896611628994215
10,bwd_iat_mean_mean,0.4759844483649097,0.4759844483649097
10,bwd_iat_mean_std,1.0082105844508509,1.0082105844508509
10,bwd_iat_mean_sum,-0.6434296149228602,0.6434296149228602
10,bwd_iat_mean_min,-0.04178658175345639,0.04178658175345639
10,bwd_iat_mean_max,-0.5366848153722603,0.5366848153722603
10,bwd_iat_std_mean,1.3660091868953972,1.3660091868953972
10,bwd_iat_std_std,0.2433633437389253,0.2433633437389253
10,bwd_iat_std_sum,0.2992131848354044,0.2992131848354044
10,bwd_iat_std_min,0.01958232412744409,0.01958232412744409
10,bwd_iat_std_max,-0.058648982845776916,0.058648982845776916
10,bwd_iat_max_mean,-0.17173734360304238,0.17173734360304238
10,bwd_iat_max_std,-1.0238949023802537,1.0238949023802537
10,bwd_iat_max_sum,-0.12201057298591407,0.12201057298591407
10,bwd_iat_max_min,-0.0021867512291691956,0.0021867512291691956
10,bwd_iat_max_max,0.012354257117449238,0.012354257117449238
10,bwd_iat_min_mean,-0.03894555690263922,0.03894555690263922
10,bwd_iat_min_std,-1.033479620666818,1.033479620666818
10,bwd_iat_min_sum,0.10959807764100975,0.10959807764100975
10,bwd_iat_min_min,-0.07982171023562121,0.07982171023562121
10,bwd_iat_min_max,0.895572837766074,0.895572837766074
10,fwd_psh_flags_mean,-0.08878672422988604,0.08878672422988604
10,fwd_psh_flags_std,-0.142074586322214,0.142074586322214
10,fwd_psh_flags_sum,-0.06504977781776985,0.06504977781776985
10,fwd_psh_flags_min,-0.012331605193502137,0.012331605193502137
10,fwd_psh_flags_max,0.09530606544560376,0.09530606544560376
10,bwd_psh_flags_mean,0.0,0.0
10,bwd_psh_flags_std,0.0,0.0
10,bwd_psh_flags_sum,0.0,0.0
10,bwd_psh_flags_min,0.0,0.0
10,bwd_psh_flags_max,0.0,0.0
10,fwd_urg_flags_mean,-0.21723142185956035,0.21723142185956035
10,fwd_urg_flags_std,0.3815892281037324,0.3815892281037324
10,fwd_urg_flags_sum,0.014069950923328712,0.014069950923328712
10,fwd_urg_flags_min,0.0,0.0
10,fwd_urg_flags_max,0.12127013771769565,0.12127013771769565
10,bwd_urg_flags_mean,0.0,0.0
10,bwd_urg_flags_std,0.0,0.0
10,bwd_urg_flags_sum,0.0,0.0
10,bwd_urg_flags_min,0.0,0.0
10,bwd_urg_flags_max,0.0,0.0
10,fwd_header_len_mean,0.26281656870674863,0.26281656870674863
10,fwd_header_len_std,0.31884679811891764,0.31884679811891764
10,fwd_header_len_sum,0.22684495226500484,0.22684495226500484
10,fwd_header_len_min,-0.014274807508833323,0.014274807508833323
10,fwd_header_len_max,0.5363633031040937,0.5363633031040937
10,bwd_header_len_mean,-0.02694915239439976,0.02694915239439976
10,bwd_header_len_std,-0.26310740346689937,0.26310740346689937
10,bwd_header_len_sum,0.08048729079256915,0.08048729079256915
10,bwd_header_len_min,-0.0010889744665779268,0.0010889744665779268
10,bwd_header_len_max,0.573488003491481,0.573488003491481
10,fwd_pkts_per_sec_mean,0.335833291988901,0.335833291988901
10,fwd_pkts_per_sec_std,0.1067118313084882,0.1067118313084882
10,fwd_pkts_per_sec_sum,0.3880926543804651,0.3880926543804651
10,fwd_pkts_per_sec_min,0.018511552461551985,0.018511552461551985
10,fwd_pkts_per_sec_max,-0.3931080850507471,0.3931080850507471
10,bwd_pkts_per_sec_mean,-0.2071729906104899,0.2071729906104899
10,bwd_pkts_per_sec_std,0.6929538768824767,0.6929538768824767
10,bwd_pkts_per_sec_sum,-0.9509101596096932,0.9509101596096932
10,bwd_pkts_per_sec_min,0.018523706711944067,0.018523706711944067
10,bwd_pkts_per_sec_max,-0.2604259190616364,0.2604259190616364
10,pkt_len_min_mean,-0.01333548960868396,0.01333548960868396
10,pkt_len_min_std,0.9224601569972434,0.9224601569972434
10,pkt_len_min_sum,-0.18105338121307046,0.18105338121307046
10,pkt_len_min_min,0.046633832663250274,0.046633832663250274
10,pkt_len_min_max,-0.30967670397901326,0.30967670397901326
10,pkt_len_max_mean,-0.6484527612951692,0.6484527612951692
10,pkt_len_max_std,-0.7301000873316019,0.7301000873316019
10,pkt_len_max_sum,0.29673603260999487,0.29673603260999487
10,pkt_len_max_min,0.004626631985822088,0.004626631985822088
10,pkt_len_max_max,0.351181862266822,0.351181862266822
10,pkt_len_mean_mean,-0.6815607421821136,0.6815607421821136
10,pkt_len_mean_std,0.3268067463634287,0.3268067463634287
10,pkt_len_mean_sum,0.33225504758634217,0.33225504758634217
10,pkt_len_mean_min,0.02084163061331831,0.02084163061331831
10,pkt_len_mean_max,-0.9571939416643119,0.9571939416643119
10,pkt_len_std_mean,-0.9469554576292208,0.9469554576292208
10,pkt_len_std_std,0.5546832349528977,0.5546832349528977
10,pkt_len_std_sum,0.27946163102439187,0.27946163102439187
10,pkt_len_std_min,0.045206500158521866,0.045206500158521866
10,pkt_len_std_max,-0.1454608128354192,0.1454608128354192
10,pkt_len_var_mean,-1.2371579408028988,1.2371579408028988
10,pkt_len_var_std,-1.5454952776600779,1.5454952776600779
10,pkt_len_var_sum,0.5343436664499697,0.5343436664499697
10,pkt_len_var_min,0.04296823573349105,0.04296823573349105
10,pkt_len_var_max,-1.4829596180272004,1.4829596180272004
10,fin_flag_cnt_mean,0.06626395512400629,0.06626395512400629
10,fin_flag_cnt_std,0.13593656460433565,0.13593656460433565
10,fin_flag_cnt_sum,-0.018124179456075043,0.018124179456075043
10,fin_flag_cnt_min,0.0,0.0
10,fin_flag_cnt_max,0.14322458055404427,0.14322458055404427
10,syn_flag_cnt_mean,-0.08878672422988604,0.08878672422988604
10,syn_flag_cnt_std,-0.142074586322214,0.142074586322214
10,syn_flag_cnt_sum,-0.06504977781776985,0.06504977781776985
10,syn_flag_cnt_min,-0.012331605193502137,0.012331605193502137
10,syn_flag_cnt_max,0.09530606544560376,0.09530606544560376
10,rst_flag_cnt_mean,0.017140365015425058,0.017140365015425058
10,rst_flag_cnt_std,0.5999166569621786,0.5999166569621786
10,rst_flag_cnt_sum,0.6772098751204497,0.6772098751204497
10,rst_flag_cnt_min,0.0,0.0
10,rst_flag_cnt_max,-0.32731953170519607,0.32731953170519607
10,psh_flag_cnt_mean,0.4938228985550096,0.4938228985550096
10,psh_flag_cnt_std,-0.03453420519752895,0.03453420519752895
10,psh_flag_cnt_sum,0.09321021342405966,0.09321021342405966
10,psh_flag_cnt_min,0.005889367041220241,0.005889367041220241
10,psh_flag_cnt_max,-0.4861755922461146,0.4861755922461146
10,ack_flag_cnt_mean,0.18851185253642133,0.18851185253642133
10,ack_flag_cnt_std,0.9938726106653756,0.9938726106653756
10,ack_flag_cnt_sum,0.47505043242901585,0.47505043242901585
10,ack_flag_cnt_min,-0.012331605193502137,0.012331605193502137
10,ack_flag_cnt_max,-0.34161366698872164,0.34161366698872164
10,urg_flag_cnt_mean,-0.830071413246766,0.830071413246766
10,urg_flag_cnt_std,0.5440190123971042,0.5440190123971042
10,urg_flag_cnt_sum,0.0003117316403285004,0.0003117316403285004
10,urg_flag_cnt_min,0.0,0.0
10,urg_flag_cnt_max,0.8114599982707206,0.8114599982707206
10,cwe_flag_cnt_mean,-0.21723142185956035,0.21723142185956035
10,cwe_flag_cnt_std,0.3815892281037324,0.3815892281037324
10,cwe_flag_cnt_sum,0.014069950923328712,0.014069950923328712
10,cwe_flag_cnt_min,0.0,0.0
10,cwe_flag_cnt_max,0.12127013771769565,0.12127013771769565
10,ece_flag_cnt_mean,0.05933369057041994,0.05933369057041994
10,ece_flag_cnt_std,0.6248479336053447,0.6248479336053447
10,ece_flag_cnt_sum,0.6781199964675165,0.6781199964675165
10,ece_flag_cnt_min,0.0,0.0
10,ece_flag_cnt_max,-0.32731953170519607,0.32731953170519607
10,down_up_ratio_mean,0.3408505757884596,0.3408505757884596
10,down_up_ratio_std,-1.1942851329552897,1.1942851329552897
10,down_up_ratio_sum,0.28901185183946965,0.28901185183946965
10,down_up_ratio_min,-0.005448471409017828,0.005448471409017828
10,down_up_ratio_max,0.45955775456613007,0.45955775456613007
10,pkt_size_avg_mean,-0.6794821097877398,0.6794821097877398
10,pkt_size_avg_std,0.2204163434474492,0.2204163434474492
10,pkt_size_avg_sum,0.29205774558144076,0.29205774558144076
10,pkt_size_avg_min,0.010526050063343515,0.010526050063343515
10,pkt_size_avg_max,0.2822189771750004,0.2822189771750004
10,fwd_seg_size_avg_mean,-0.21555154720254294,0.21555154720254294
10,fwd_seg_size_avg_std,0.012156763885224344,0.012156763885224344
10,fwd_seg_size_avg_sum,0.4359879676247211,0.4359879676247211
10,fwd_seg_size_avg_min,0.013667848906110776,0.013667848906110776
10,fwd_seg_size_avg_max,0.014131002995311543,0.014131002995311543
10,bwd_seg_size_avg_mean,0.1943522789730764,0.1943522789730764
10,bwd_seg_size_avg_std,0.2923192496083714,0.2923192496083714
10,bwd_seg_size_avg_sum,0.47155322469758504,0.47155322469758504
10,bwd_seg_size_avg_min,0.05028602203544071,0.05028602203544071
10,bwd_seg_size_avg_max,1.5395602521891238,1.5395602521891238
10,fwd_byts_b_avg_mean,0.0,0.0
10,fwd_byts_b_avg_std,0.0,0.0
10,fwd_byts_b_avg_sum,0.0,0.0
10,fwd_byts_b_avg_min,0.0,0.0
10,fwd_byts_b_avg_max,0.0,0.0
10,fwd_pkts_b_avg_mean,0.0,0.0
10,fwd_pkts_b_avg_std,0.0,0.0
10,fwd_pkts_b_avg_sum,0.0,0.0
10,fwd_pkts_b_avg_min,0.0,0.0
10,fwd_pkts_b_avg_max,0.0,0.0
10,fwd_blk_rate_avg_mean,0.0,0.0
10,fwd_blk_rate_avg_std,0.0,0.0
10,fwd_blk_rate_avg_sum,0.0,0.0
10,fwd_blk_rate_avg_min,0.0,0.0
10,fwd_blk_rate_avg_max,0.0,0.0
10,bwd_byts_b_avg_mean,0.0,0.0
10,bwd_byts_b_avg_std,0.0,0.0
10,bwd_byts_b_avg_sum,0.0,0.0
10,bwd_byts_b_avg_min,0.0,0.0
10,bwd_byts_b_avg_max,0.0,0.0
10,bwd_pkts_b_avg_mean,0.0,0.0
10,bwd_pkts_b_avg_std,0.0,0.0
10,bwd_pkts_b_avg_sum,0.0,0.0
10,bwd_pkts_b_avg_min,0.0,0.0
10,bwd_pkts_b_avg_max,0.0,0.0
10,bwd_blk_rate_avg_mean,0.0,0.0
10,bwd_blk_rate_avg_std,0.0,0.0
10,bwd_blk_rate_avg_sum,0.0,0.0
10,bwd_blk_rate_avg_min,0.0,0.0
10,bwd_blk_rate_avg_max,0.0,0.0
10,subflow_fwd_pkts_mean,0.261160822760236,0.261160822760236
10,subflow_fwd_pkts_std,0.30341235826555485,0.30341235826555485
10,subflow_fwd_pkts_sum,0.17417776767253387,0.17417776767253387
10,subflow_fwd_pkts_min,0.0683778583994514,0.0683778583994514
10,subflow_fwd_pkts_max,0.19895641612649506,0.19895641612649506
10,subflow_fwd_byts_mean,0.2028700334743797,0.2028700334743797
10,subflow_fwd_byts_std,-0.06900085063170738,0.06900085063170738
10,subflow_fwd_byts_sum,0.18923543670608114,0.18923543670608114
10,subflow_fwd_byts_min,-0.021163347437537425,0.021163347437537425
10,subflow_fwd_byts_max,-0.1462497846920783,0.1462497846920783
10,subflow_bwd_pkts_mean,-0.13640890944967607,0.13640890944967607
10,subflow_bwd_pkts_std,-0.6334942944267787,0.6334942944267787
10,subflow_bwd_pkts_sum,-0.17331455938971363,0.17331455938971363
10,subflow_bwd_pkts_min,-0.054612562556680774,0.054612562556680774
10,subflow_bwd_pkts_max,-0.08667035370804135,0.08667035370804135
10,subflow_bwd_byts_mean,0.23342044536437306,0.23342044536437306
10,subflow_bwd_byts_std,-0.23797702113472122,0.23797702113472122
10,subflow_bwd_byts_sum,-0.8773669992700702,0.8773669992700702
10,subflow_bwd_byts_min,0.04382225850320246,0.04382225850320246
10,subflow_bwd_byts_max,0.4559756222394866,0.4559756222394866
10,window_size_fwd_mean,0.3813416596747976,0.3813416596747976
10,window_size_fwd_std,-1.1910353828630338,1.1910353828630338
10,window_size_fwd_sum,0.15269814784550576,0.15269814784550576
10,window_size_fwd_min,0.028845552138386694,0.028845552138386694
10,window_size_fwd_max,-0.18842985707997864,0.18842985707997864
10,window_size_bwd_mean,-0.7865648773566835,0.7865648773566835
10,window_size_bwd_std,1.9576736925671645,1.9576736925671645
10,window_size_bwd_sum,-0.7636245289379608,0.7636245289379608
10,window_size_bwd_min,0.036910881314204294,0.036910881314204294
10,window_size_bwd_max,0.38243099190896235,0.38243099190896235
10,fwd_act_data_pkts_mean,0.26018549684003717,0.26018549684003717
10,fwd_act_data_pkts_std,0.29910436126534273,0.29910436126534273
10,fwd_act_data_pkts_sum,0.1558359655655049,0.1558359655655049
10,fwd_act_data_pkts_min,0.1370818314946891,0.1370818314946891
10,fwd_act_data_pkts_max,0.16177657613542074,0.16177657613542074
10,fwd_seg_size_min_mean,1.0378405033117089,1.0378405033117089
10,fwd_seg_size_min_std,-0.40416424221742425,0.40416424221742425
10,fwd_seg_size_min_sum,0.2554991270679635,0.2554991270679635
10,fwd_seg_size_min_min,-0.15070668150754837,0.15070668150754837
10,fwd_seg_size_min_max,-0.12104814680372149,0.12104814680372149
10,active_mean_mean,-0.16695525546440462,0.16695525546440462
10,active_mean_std,-0.344477702987242,0.344477702987242
10,active_mean_sum,-0.6543491389464479,0.6543491389464479
10,active_mean_min,0.00429299806442246,0.00429299806442246
10,active_mean_max,-0.034407704218826024,0.034407704218826024
10,active_std_mean,-0.44015391961062356,0.44015391961062356
10,active_std_std,-0.12106656142200092,0.12106656142200092
10,active_std_sum,-0.6249808083307221,0.6249808083307221
10,active_std_min,0.02095929454113326,0.02095929454113326
10,active_std_max,0.24579042505899976,0.24579042505899976
10,active_max_mean,-0.2534688459658117,0.2534688459658117
10,active_max_std,0.46179642305178176,0.46179642305178176
10,active_max_sum,0.7251010074180984,0.7251010074180984
10,active_max_min,0.009736856280969739,0.009736856280969739
10,active_max_max,0.1921342771679292,0.1921342771679292
10,active_min_mean,0.0389272534775375,0.0389272534775375
10,active_min_std,-0.34864496166212255,0.34864496166212255
10,active_min_sum,0.17010402102557504,0.17010402102557504
10,active_min_min,-0.0048935222915334805,0.0048935222915334805
10,active_min_max,0.17294759599025825,0.17294759599025825
10,idle_mean_mean,0.1339194947638834,0.1339194947638834
10,idle_mean_std,-0.20435470850667709,0.20435470850667709
10,idle_mean_sum,0.023893845725681515,0.023893845725681515
10,idle_mean_min,-0.020824076573403027,0.020824076573403027
10,idle_mean_max,-0.09353311282915854,0.09353311282915854
10,idle_std_mean,0.4290205181652241,0.4290205181652241
10,idle_std_std,0.007418366812019064,0.007418366812019064
10,idle_std_sum,0.046859718541378714,0.046859718541378714
10,idle_std_min,-0.02726600911856006,0.02726600911856006
10,idle_std_max,-0.03452378313272298,0.03452378313272298
10,idle_max_mean,0.3325139595165812,0.3325139595165812
10,idle_max_std,0.09401368352072431,0.09401368352072431
10,idle_max_sum,0.11969919622270071,0.11969919622270071
10,idle_max_min,-0.0017376379847494122,0.0017376379847494122
10,idle_max_max,-0.12208234014485875,0.12208234014485875
10,idle_min_mean,-0.20284342907383526,0.20284342907383526
10,idle_min_std,-0.38302890297805886,0.38302890297805886
10,idle_min_sum,-0.04211929313765077,0.04211929313765077
10,idle_min_min,-0.05371380473177589,0.05371380473177589
10,idle_min_max,-0.07139764524333261,0.07139764524333261
10,duration_sec_mean,0.0822989923441395,0.0822989923441395
10,duration_sec_std,0.6507741951059469,0.6507741951059469
10,duration_sec_sum,-0.13660198857468347,0.13660198857468347
10,duration_sec_min,0.07451045592602681,0.07451045592602681
10,duration_sec_max,0.1536544012004453,0.1536544012004453
10,flow_count,0.1332928569124952,0.1332928569124952
10,unique_dst_ports_count,0.14009047168147234,0.14009047168147234
10,unique_protocols_count,0.011386482493903116,0.011386482493903116
10,pkt_ttl_min,-0.23412821054541819,0.23412821054541819
10,pkt_ttl_max,-0.485943610402947,0.485943610402947
10,pkt_ttl_std,0.36035697911851616,0.36035697911851616
10,pkt_ttl_mode,0.3563954244093326,0.3563954244093326
10,pkt_frag_mf_count,0.0,0.0
10,pkt_frag_df_count,0.7146457688824434,0.7146457688824434
10,pkt_payload_size_p25,-0.06770645136834891,0.06770645136834891
10,pkt_payload_size_p50,-0.2148465080699554,0.2148465080699554
10,pkt_payload_size_p75,-0.6662060647417785,0.6662060647417785
10,pkt_payload_size_p95,-0.889466016946938,0.889466016946938
10,pkt_tcp_retrans_count,1.5562738520004438,1.5562738520004438
10,pkt_port_scan_seq_score,1.4475078860372812,1.4475078860372812
11,duration_microsec_mean,0.09548696889368496,0.09548696889368496
11,duration_microsec_std,0.20843331763728334,0.20843331763728334
11,duration_microsec_sum,-0.06481779482729652,0.06481779482729652
11,duration_microsec_min,0.09167079864419779,0.09167079864419779
11,duration_microsec_max,0.29084291212610874,0.29084291212610874
11,packet_count_fwd_mean,0.5641016260474018,0.5641016260474018
11,packet_count_fwd_std,-0.2678340324471138,0.2678340324471138
11,packet_count_fwd_sum,0.23397135347612005,0.23397135347612005
11,packet_count_fwd_min,0.1390969290961578,0.1390969290961578
11,packet_count_fwd_max,-0.03644027608542505,0.03644027608542505
11,packet_count_bwd_mean,0.5752846397472434,0.5752846397472434
11,packet_count_bwd_std,1.0965593766413224,1.0965593766413224
11,packet_count_bwd_sum,0.038564301643766424,0.038564301643766424
11,packet_count_bwd_min,-0.1588155564704669,0.1588155564704669
11,packet_count_bwd_max,0.2470275679793525,0.2470275679793525
11,byte_count_fwd_mean,-0.06383053234326497,0.06383053234326497
11,byte_count_fwd_std,-0.7383081371093261,0.7383081371093261
11,byte_count_fwd_sum,-0.19646510023732358,0.19646510023732358
11,byte_count_fwd_min,0.1976406845521677,0.1976406845521677
11,byte_count_fwd_max,1.3126602479355904,1.3126602479355904
11,byte_count_bwd_mean,-0.5585496614184972,0.5585496614184972
11,byte_count_bwd_std,-1.568402201747962,1.568402201747962
11,byte_count_bwd_sum,-0.4469350098251367,0.4469350098251367
11,byte_count_bwd_min,0.050298990632999085,0.050298990632999085
11,byte_count_bwd_max,-0.6572084948596814,0.6572084948596814
11,fwd_pkt_len_max_mean,0.21180072638189626,0.21180072638189626
11,fwd_pkt_len_max_std,-1.6782240486502686,1.6782240486502686
11,fwd_pkt_len_max_sum,0.3873574457029351,0.3873574457029351
11,fwd_pkt_len_max_min,-0.05653164121213602,0.05653164121213602
11,fwd_pkt_len_max_max,0.4980759808614273,0.4980759808614273
11,fwd_pkt_len_min_mean,-0.19332583844472148,0.19332583844472148
11,fwd_pkt_len_min_std,0.015555954263921546,0.015555954263921546
11,fwd_pkt_len_min_sum,-0.1520109101076576,0.1520109101076576
11,fwd_pkt_len_min_min,0.04663461946325739,0.04663461946325739
11,fwd_pkt_len_min_max,-0.023831359198366396,0.023831359198366396
11,fwd_pkt_len_mean_mean,-0.21524940882510543,0.21524940882510543
11,fwd_pkt_len_mean_std,0.01241438050285932,0.01241438050285932
11,fwd_pkt_len_mean_sum,0.4363996955074527,0.4363996955074527
11,fwd_pkt_len_mean_min,0.013381022114555509,0.013381022114555509
11,fwd_pkt_len_mean_max,0.014059175671440655,0.014059175671440655
11,fwd_pkt_len_std_mean,2.0147346601771354,2.0147346601771354
11,fwd_pkt_len_std_std,0.9057437275061067,0.9057437275061067
11,fwd_pkt_len_std_sum,0.4303963485459443,0.4303963485459443
11,fwd_pkt_len_std_min,0.037086043419050356,0.037086043419050356
11,fwd_pkt_len_std_max,-0.2671295007389715,0.2671295007389715
11,bwd_pkt_len_max_mean,0.002308223036270268,0.002308223036270268
11,bwd_pkt_len_max_std,0.5778834448335655,0.5778834448335655
11,bwd_pkt_len_max_sum,0.16360582922398814,0.16360582922398814
11,bwd_pkt_len_max_min,0.04547792749149948,0.04547792749149948
11,bwd_pkt_len_max_max,-0.13340272267234785,0.13340272267234785
11,bwd_pkt_len_min_mean,0.8569906449935778,0.8569906449935778
11,bwd_pkt_len_min_std,-0.3573312622331278,0.3573312622331278
11,bwd_pkt_len_min_sum,0.23060884725917177,0.23060884725917177
11,bwd_pkt_len_min_min,0.0,0.0
11,bwd_pkt_len_min_max,-0.014398949344691912,0.014398949344691912
11,bwd_pkt_len_mean_mean,0.19466917273403603,0.19466917273403603
11,bwd_pkt_len_mean_std,0.2924501368508252,0.2924501368508252
11,bwd_pkt_len_mean_sum,0.4716547190643914,0.4716547190643914
11,bwd_pkt_len_mean_min,0.05100439368860899,0.05100439368860899
11,bwd_pkt_len_mean_max,1.5397346238147664,1.5397346238147664
11,bwd_pkt_len_std_mean,-1.6512664852501482,1.6512664852501482
11,bwd_pkt_len_std_std,1.129761493629309,1.129761493629309
11,bwd_pkt_len_std_sum,-0.005087266725215224,0.005087266725215224
11,bwd_pkt_len_std_min,0.0421295564638319,0.0421295564638319
11,bwd_pkt_len_std_max,1.2276015498565387,1.2276015498565387
11,bytes_per_sec_mean,-1.322012946110223,1.322012946110223
11,bytes_per_sec_std,0.2628079082705341,0.2628079082705341
11,bytes_per_sec_sum,-0.8780057029435796,0.8780057029435796
11,bytes_per_sec_min,0.05181442136458944,0.05181442136458944
11,bytes_per_sec_max,1.173590066215378,1.173590066215378
11,packets_per_sec_mean,-0.2894217208596241,0.2894217208596241
11,packets_per_sec_std,0.03259671972304473,0.03259671972304473
11,packets_per_sec_sum,-0.2635839724902896,0.2635839724902896
11,packets_per_sec_min,-0.16958000130793247,0.16958000130793247
11,packets_per_sec_max,-0.32011856594171006,0.32011856594171006
11,flow_iat_mean_mean,0.22078500020216446,0.22078500020216446
11,flow_iat_mean_std,-0.15577814218586772,0.15577814218586772
11,flow_iat_mean_sum,0.26087893978320004,0.26087893978320004
11,flow_iat_mean_min,0.014857078935492417,0.014857078935492417
11,flow_iat_mean_max,-0.040800065342661736,0.040800065342661736
11,flow_iat_std_mean,-0.2680443123736933,0.2680443123736933
11,flow_iat_std_std,-1.2452377508514636,1.2452377508514636
11,flow_iat_std_sum,-0.3987847761307468,0.3987847761307468
11,flow_iat_std_min,-0.04327651146315796,0.04327651146315796
11,flow_iat_std_max,-0.26757031083475735,0.26757031083475735
11,flow_iat_max_mean,-0.26687999259454137,0.26687999259454137
11,flow_iat_max_std,-0.56953267309415,0.56953267309415
11,flow_iat_max_sum,0.19065199717204379,0.19065199717204379
11,flow_iat_max_min,-0.0009488247000729518,0.0009488247000729518
11,flow_iat_max_max,0.19798167419458587,0.19798167419458587
11,flow_iat_min_mean,0.16572846564093677,0.16572846564093677
11,flow_iat_min_std,0.033467479898793624,0.033467479898793624
11,flow_iat_min_sum,0.32185569576940465,0.32185569576940465
11,flow_iat_min_min,0.022146938837438773,0.022146938837438773
11,flow_iat_min_max,0.09510278736012044,0.09510278736012044
11,fwd_iat_tot_mean,0.07439778138098768,0.07439778138098768
11,fwd_iat_tot_std,0.24702475396854398,0.24702475396854398
11,fwd_iat_tot_sum,-0.10895276208486779,0.10895276208486779
11,fwd_iat_tot_min,0.09074426485719916,0.09074426485719916
11,fwd_iat_tot_max,0.038908644245939955,0.038908644245939955
11,fwd_iat_mean_mean,-0.07599725090283543,0.07599725090283543
11,fwd_iat_mean_std,-0.6771751147268981,0.6771751147268981
11,fwd_iat_mean_sum,0.1634804522760663,0.1634804522760663
11,fwd_iat_mean_min,0.008068230678570296,0.008068230678570296
11,fwd_iat_mean_max,0.2763834891251485,0.2763834891251485
11,fwd_iat_std_mean,0.32869431907889995,0.32869431907889995
11,fwd_iat_std_std,0.3369372446928473,0.3369372446928473
11,fwd_iat_std_sum,0.26885641990072484,0.26885641990072484
11,fwd_iat_std_min,-0.050260371008910704,0.050260371008910704
11,fwd_iat_std_max,0.2828710013538009,0.2828710013538009
11,fwd_iat_max_mean,0.0631743560080962,0.0631743560080962
11,fwd_iat_max_std,-0.058933249751321276,0.058933249751321276
11,fwd_iat_max_sum,0.3602175125466668,0.3602175125466668
11,fwd_iat_max_min,-0.0010167047535388689,0.0010167047535388689
11,fwd_iat_max_max,-0.2775771356802587,0.2775771356802587
11,fwd_iat_min_mean,0.0036315086712867908,0.0036315086712867908
11,fwd_iat_min_std,-0.42855317131657694,0.42855317131657694
11,fwd_iat_min_sum,0.3399099535377598,0.3399099535377598
11,fwd_iat_min_min,0.0059529559376849525,0.0059529559376849525
11,fwd_iat_min_max,0.3235552499014059,0.3235552499014059
11,bwd_iat_tot_mean,-0.5873165919357661,0.5873165919357661
11,bwd_iat_tot_std,-0.10230687984468484,0.10230687984468484
11,bwd_iat_tot_sum,-0.07736717311449579,0.07736717311449579
11,bwd_iat_tot_min,0.022876284216484716,0.022876284216484716
11,bwd_iat_tot_max,-0.29042703106981343,0.29042703106981343
11,bwd_iat_mean_mean,0.4760387117167425,0.4760387117167425
11,bwd_iat_mean_std,1.0079497633138215,1.0079497633138215
11,bwd_iat_mean_sum,-0.643049526387376,0.643049526387376
11,bwd_iat_mean_min,-0.04181419545759607,0.04181419545759607
11,bwd_iat_mean_max,-0.5365229543276557,0.5365229543276557
11,bwd_iat_std_mean,1.3659412578510957,1.3659412578510957
11,bwd_iat_std_std,0.24301568856588393,0.24301568856588393
11,bwd_iat_std_sum,0.2992038865998747,0.2992038865998747
11,bwd_iat_std_min,0.019932136378529336,0.019932136378529336
11,bwd_iat_std_max,-0.058504636021328646,0.058504636021328646
11,bwd_iat_max_mean,-0.17159739160108525,0.17159739160108525
11,bwd_iat_max_std,-1.0237997922091597,1.0237997922091597
11,bwd_iat_max_sum,-0.12180862779935143,0.12180862779935143
11,bwd_iat_max_min,-0.0019268271973080396,0.0019268271973080396
11,bwd_iat_max_max,0.012364789639124213,0.012364789639124213
11,bwd_iat_min_mean,-0.03930801350656638,0.03930801350656638
11,bwd_iat_min_std,-1.033303091333796,1.033303091333796
11,bwd_iat_min_sum,0.10943973093883463,0.10943973093883463
11,bwd_iat_min_min,-0.08026608633445667,0.08026608633445667
11,bwd_iat_min_max,0.8955875692281401,0.8955875692281401
11,fwd_psh_flags_mean,-0.08882486383444466,0.08882486383444466
11,fwd_psh_flags_std,-0.14217598268207665,0.14217598268207665
11,fwd_psh_flags_sum,-0.06511265363977405,0.06511265363977405
11,fwd_psh_flags_min,-0.012536014452195095,0.012536014452195095
11,fwd_psh_flags_max,0.0950574002643839,0.0950574002643839
11,bwd_psh_flags_mean,0.0,0.0
11,bwd_psh_flags_std,0.0,0.0
11,bwd_psh_flags_sum,0.0,0.0
11,bwd_psh_flags_min,0.0,0.0
11,bwd_psh_flags_max,0.0,0.0
11,fwd_urg_flags_mean,-0.21728302590314108,0.21728302590314108
11,fwd_urg_flags_std,0.3818247335964499,0.3818247335964499
11,fwd_urg_flags_sum,0.01417614113636562,0.01417614113636562
11,fwd_urg_flags_min,0.0,0.0
11,fwd_urg_flags_max,0.12136577426964297,0.12136577426964297
11,bwd_urg_flags_mean,0.0,0.0
11,bwd_urg_flags_std,0.0,0.0
11,bwd_urg_flags_sum,0.0,0.0
11,bwd_urg_flags_min,0.0,0.0
11,bwd_urg_flags_max,0.0,0.0
11,fwd_header_len_mean,0.2627910776505381,0.2627910776505381
11,fwd_header_len_std,0.3185481402881199,0.3185481402881199
11,fwd_header_len_sum,0.2269564953714653,0.2269564953714653
11,fwd_header_len_min,-0.014062313260323304,0.014062313260323304
11,fwd_header_len_max,0.5367927851623295,0.5367927851623295
11,bwd_header_len_mean,-0.028270995023679267,0.028270995023679267
11,bwd_header_len_std,-0.26242100569375326,0.26242100569375326
11,bwd_header_len_sum,0.07663820382875774,0.07663820382875774
11,bwd_header_len_min,-0.0008011059763430818,0.0008011059763430818
11,bwd_header_len_max,0.5734973250710707,0.5734973250710707
11,fwd_pkts_per_sec_mean,0.33600146027082245,0.33600146027082245
11,fwd_pkts_per_sec_std,0.106697234866925,0.106697234866925
11,fwd_pkts_per_sec_sum,0.3874364770134012,0.3874364770134012
11,fwd_pkts_per_sec_min,0.017719653364730803,0.017719653364730803
11,fwd_pkts_per_sec_max,-0.3934145767937573,0.3934145767937573
11,bwd_pkts_per_sec_mean,-0.20741253118431244,0.20741253118431244
11,bwd_pkts_per_sec_std,0.6937040870833037,0.6937040870833037
11,bwd_pkts_per_sec_sum,-0.9509173296916413,0.9509173296916413
11,bwd_pkts_per_sec_min,0.01772946979482609,0.01772946979482609
11,bwd_pkts_per_sec_max,-0.2607521522175525,0.2607521522175525
11,pkt_len_min_mean,-0.012862353701735586,0.012862353701735586
11,pkt_len_min_std,0.9224257888106554,0.9224257888106554
11,pkt_len_min_sum,-0.18070364294545377,0.18070364294545377
11,pkt_len_min_min,0.04635082279376663,0.04635082279376663
11,pkt_len_min_max,-0.3094959367782651,0.3094959367782651
11,pkt_len_max_mean,-0.6510940699319728,0.6510940699319728
11,pkt_len_max_std,-0.729414664250628,0.729414664250628
11,pkt_len_max_sum,0.2965653022500749,0.2965653022500749
11,pkt_len_max_min,0.005108915655037289,0.005108915655037289
11,pkt_len_max_max,0.35123369532603105,0.35123369532603105
11,pkt_len_mean_mean,-0.681472563707072,0.681472563707072
11,pkt_len_mean_std,0.3263588828816097,0.3263588828816097
11,pkt_len_mean_sum,0.33234419033405,0.33234419033405
11,pkt_len_mean_min,0.02073670235989312,0.02073670235989312
11,pkt_len_mean_max,-0.9570875513160171,0.9570875513160171
11,pkt_len_std_mean,-0.9458325194307083,0.9458325194307083
11,pkt_len_std_std,0.5556408106323741,0.5556408106323741
11,pkt_len_std_sum,0.2799742344003796,0.2799742344003796
11,pkt_len_std_min,0.04589855666116568,0.04589855666116568
11,pkt_len_std_max,-0.1459777437933301,0.1459777437933301
11,pkt_len_var_mean,-1.2366517689610281,1.2366517689610281
11,pkt_len_var_std,-1.546338542059427,1.546338542059427
11,pkt_len_var_sum,0.5348281710556335,0.5348281710556335
11,pkt_len_var_min,0.043635610912814975,0.043635610912814975
11,pkt_len_var_max,-1.483810705690868,1.483810705690868
11,fin_flag_cnt_mean,0.06618255438466668,0.06618255438466668
11,fin_flag_cnt_std,0.13579122044446748,0.13579122044446748
11,fin_flag_cnt_sum,-0.017853434700594403,0.017853434700594403
11,fin_flag_cnt_min,0.0,0.0
11,fin_flag_cnt_max,0.14333201801466292,0.14333201801466292
11,syn_flag_cnt_mean,-0.08882486383444466,0.08882486383444466
11,syn_flag_cnt_std,-0.14217598268207665,0.14217598268207665
11,syn_flag_cnt_sum,-0.06511265363977405,0.06511265363977405
11,syn_flag_cnt_min,-0.012536014452195095,0.012536014452195095
11,syn_flag_cnt_max,0.0950574002643839,0.0950574002643839
11,rst_flag_cnt_mean,0.016911116896112674,0.016911116896112674
11,rst_flag_cnt_std,0.5996910314931638,0.5996910314931638
11,rst_flag_cnt_sum,0.6778536459846747,0.6778536459846747
11,rst_flag_cnt_min,0.0,0.0
11,rst_flag_cnt_max,-0.32774726115934705,0.32774726115934705
11,psh_flag_cnt_mean,0.4929030516863972,0.4929030516863972
11,psh_flag_cnt_std,-0.03503645755911228,0.03503645755911228
11,psh_flag_cnt_sum,0.09350059883255549,0.09350059883255549
11,psh_flag_cnt_min,0.005525925643859917,0.005525925643859917
11,psh_flag_cnt_max,-0.48629843002222267,0.48629843002222267
11,ack_flag_cnt_mean,0.18832788112868132,0.18832788112868132
11,ack_flag_cnt_std,0.9942645709521829,0.9942645709521829
11,ack_flag_cnt_sum,0.47625936608931874,0.47625936608931874
11,ack_flag_cnt_min,-0.012536014452195095,0.012536014452195095
11,ack_flag_cnt_max,-0.34211804123496214,0.34211804123496214
11,urg_flag_cnt_mean,-0.8285076345183289,0.8285076345183289
11,urg_flag_cnt_std,0.5440482226604455,0.5440482226604455
11,urg_flag_cnt_sum,-5.78648509893078e-05,5.78648509893078e-05
11,urg_flag_cnt_min,0.0,0.0
11,urg_flag_cnt_max,0.8109096972713621,0.8109096972713621
11,cwe_flag_cnt_mean,-0.21728302590314108,0.21728302590314108
11,cwe_flag_cnt_std,0.3818247335964499,0.3818247335964499
11,cwe_flag_cnt_sum,0.01417614113636562,0.01417614113636562
11,cwe_flag_cnt_min,0.0,0.0
11,cwe_flag_cnt_max,0.12136577426964297,0.12136577426964297
11,ece_flag_cnt_mean,0.05913593072413917,0.05913593072413917
11,ece_flag_cnt_std,0.624647742282525,0.624647742282525
11,ece_flag_cnt_sum,0.678763535819253,0.678763535819253
11,ece_flag_cnt_min,0.0,0.0
11,ece_flag_cnt_max,-0.32774726115934705,0.32774726115934705
11,down_up_ratio_mean,0.341650683647683,0.341650683647683
11,down_up_ratio_std,-1.193842600836387,1.193842600836387
11,down_up_ratio_sum,0.28861316993635266,0.28861316993635266
11,down_up_ratio_min,-0.005879824219658385,0.005879824219658385
11,down_up_ratio_max,0.4597413682535063,0.4597413682535063
11,pkt_size_avg_mean,-0.6791326092641775,0.6791326092641775
11,pkt_size_avg_std,0.22040312106646326,0.22040312106646326
11,pkt_size_avg_sum,0.29230277133750954,0.29230277133750954
11,pkt_size_avg_min,0.010394266108180701,0.010394266108180701
11,pkt_size_avg_max,0.2820351899023404,0.2820351899023404
11,fwd_seg_size_avg_mean,-0.21524940882510543,0.21524940882510543
11,fwd_seg_size_avg_std,0.01241438050285932,0.01241438050285932
11,fwd_seg_size_avg_sum,0.4363996955074527,0.4363996955074527
11,fwd_seg_size_avg_min,0.013381022114555509,0.013381022114555509
11,fwd_seg_size_avg_max,0.014059175671440655,0.014059175671440655
11,bwd_seg_size_avg_mean,0.19466917273067313,0.19466917273067313
11,bwd_seg_size_avg_std,0.2924501368351861,0.2924501368351861
11,bwd_seg_size_avg_sum,0.4716547190638913,0.4716547190638913
11,bwd_seg_size_avg_min,0.05100439368860899,0.05100439368860899
11,bwd_seg_size_avg_max,1.5397346238148986,1.5397346238148986
11,fwd_byts_b_avg_mean,0.0,0.0
11,fwd_byts_b_avg_std,0.0,0.0
11,fwd_byts_b_avg_sum,0.0,0.0
11,fwd_byts_b_avg_min,0.0,0.0
11,fwd_byts_b_avg_max,0.0,0.0
11,fwd_pkts_b_avg_mean,0.0,0.0
11,fwd_pkts_b_avg_std,0.0,0.0
11,fwd_pkts_b_avg_sum,0.0,0.0
11,fwd_pkts_b_avg_min,0.0,0.0
11,fwd_pkts_b_avg_max,0.0,0.0
11,fwd_blk_rate_avg_mean,0.0,0.0
11,fwd_blk_rate_avg_std,0.0,0.0
11,fwd_blk_rate_avg_sum,0.0,0.0
11,fwd_blk_rate_avg_min,0.0,0.0
11,fwd_blk_rate_avg_max,0.0,0.0
11,bwd_byts_b_avg_mean,0.0,0.0
11,bwd_byts_b_avg_std,0.0,0.0
11,bwd_byts_b_avg_sum,0.0,0.0
11,bwd_byts_b_avg_min,0.0,0.0
11,bwd_byts_b_avg_max,0.0,0.0
11,bwd_pkts_b_avg_mean,0.0,0.0
11,bwd_pkts_b_avg_std,0.0,0.0
11,bwd_pkts_b_avg_sum,0.0,0.0
11,bwd_pkts_b_avg_min,0.0,0.0
11,bwd_pkts_b_avg_max,0.0,0.0
11,bwd_blk_rate_avg_mean,0.0,0.0
11,bwd_blk_rate_avg_std,0.0,0.0
11,bwd_blk_rate_avg_sum,0.0,0.0
11,bwd_blk_rate_avg_min,0.0,0.0
11,bwd_blk_rate_avg_max,0.0,0.0
11,subflow_fwd_pkts_mean,0.26114335297507235,0.26114335297507235
11,subflow_fwd_pkts_std,0.303050620287726,0.303050620287726
11,subflow_fwd_pkts_sum,0.17457763717693306,0.17457763717693306
11,subflow_fwd_pkts_min,0.06870557981771062,0.06870557981771062
11,subflow_fwd_pkts_max,0.19884124639503226,0.19884124639503226
11,subflow_fwd_byts_mean,0.20298628562435325,0.20298628562435325
11,subflow_fwd_byts_std,-0.0685848848723043,0.0685848848723043
11,subflow_fwd_byts_sum,0.18946718416248923,0.18946718416248923
11,subflow_fwd_byts_min,-0.021334094504639186,0.021334094504639186
11,subflow_fwd_byts_max,-0.1460994569178929,0.1460994569178929
11,subflow_bwd_pkts_mean,-0.13608868102090382,0.13608868102090382
11,subflow_bwd_pkts_std,-0.6329783185661221,0.6329783185661221
11,subflow_bwd_pkts_sum,-0.17448828385035073,0.17448828385035073
11,subflow_bwd_pkts_min,-0.0544392917463773,0.0544392917463773
11,subflow_bwd_pkts_max,-0.08707382528399453,0.08707382528399453
11,subflow_bwd_byts_mean,0.23405908375787252,0.23405908375787252
11,subflow_bwd_byts_std,-0.23800335446035858,0.23800335446035858
11,subflow_bwd_byts_sum,-0.8743516293166316,0.8743516293166316
11,subflow_bwd_byts_min,0.04451750263535185,0.04451750263535185
11,subflow_bwd_byts_max,0.4557485128573104,0.4557485128573104
11,window_size_fwd_mean,0.3790457803976037,0.3790457803976037
11,window_size_fwd_std,-1.1915909282968813,1.1915909282968813
11,window_size_fwd_sum,0.15351045882272968,0.15351045882272968
11,window_size_fwd_min,0.02934646614840652,0.02934646614840652
11,window_size_fwd_max,-0.18814815027748572,0.18814815027748572
11,window_size_bwd_mean,-0.7828827011465771,0.7828827011465771
11,window_size_bwd_std,1.9579931071125372,1.9579931071125372
11,window_size_bwd_sum,-0.7617972706043229,0.7617972706043229
11,window_size_bwd_min,0.037543863585788484,0.037543863585788484
11,window_size_bwd_max,0.381870259840278,0.381870259840278
11,fwd_act_data_pkts_mean,0.2601676008440752,0.2601676008440752
11,fwd_act_data_pkts_std,0.2987299746340307,0.2987299746340307
11,fwd_act_data_pkts_sum,0.1562230382165804,0.1562230382165804
11,fwd_act_data_pkts_min,0.13695843190552928,0.13695843190552928
11,fwd_act_data_pkts_max,0.16150221405386675,0.16150221405386675
11,fwd_seg_size_min_mean,1.0339245586488246,1.0339245586488246
11,fwd_seg_size_min_std,-0.406676433978523,0.406676433978523
11,fwd_seg_size_min_sum,0.2555672707282595,0.2555672707282595
11,fwd_seg_size_min_min,-0.15097347796345162,0.15097347796345162
11,fwd_seg_size_min_max,-0.121097100799175,0.121097100799175
11,active_mean_mean,-0.1667348276517888,0.1667348276517888
11,active_mean_std,-0.34461922360173314,0.34461922360173314
11,active_mean_sum,-0.6542936945260955,0.6542936945260955
11,active_mean_min,0.004286884903836226,0.004286884903836226
11,active_mean_max,-0.034314566748071866,0.034314566748071866
11,active_std_mean,-0.4399872785252768,0.4399872785252768
11,active_std_std,-0.12152735489283444,0.12152735489283444
11,active_std_sum,-0.6249001006302323,0.6249001006302323
11,active_std_min,0.021122704249503705,0.021122704249503705
11,active_std_max,0.24590663296584409,0.24590663296584409
11,active_max_mean,-0.2532351477347351,0.2532351477347351
11,active_max_std,0.46153219948254176,0.46153219948254176
11,active_max_sum,0.7251766838789007,0.7251766838789007
11,active_max_min,0.009799662933198745,0.009799662933198745
11,active_max_max,0.19236475585092436,0.19236475585092436
11,active_min_mean,0.039164412802112136,0.039164412802112136
11,active_min_std,-0.3486213140094821,0.3486213140094821
11,active_min_sum,0.17001587971134358,0.17001587971134358
11,active_min_min,-0.0050256422990359985,0.0050256422990359985
11,active_min_max,0.17280152083633296,0.17280152083633296
11,idle_mean_mean,0.1342210358408747,0.1342210358408747
11,idle_mean_std,-0.20497509954770335,0.20497509954770335
11,idle_mean_sum,0.024011241115759044,0.024011241115759044
11,idle_mean_min,-0.020657428071765814,0.020657428071765814
11,idle_mean_max,-0.09340577355100402,0.09340577355100402
11,idle_std_mean,0.42881801712108825,0.42881801712108825
11,idle_std_std,0.007262494091704105,0.007262494091704105
11,idle_std_sum,0.046961846276247,0.046961846276247
11,idle_std_min,-0.027548184577765113,0.027548184577765113
11,idle_std_max,-0.034414573190938935,0.034414573190938935
11,idle_max_mean,0.3326945320446419,0.3326945320446419
11,idle_max_std,0.09331349257007149,0.09331349257007149
11,idle_max_sum,0.11975152388026424,0.11975152388026424
11,idle_max_min,-0.001594522462620354,0.001594522462620354
11,idle_max_max,-0.12137562544451336,0.12137562544451336
11,idle_min_mean,-0.20258465174177168,0.20258465174177168
11,idle_min_std,-0.38347825145199954,0.38347825145199954
11,idle_min_sum,-0.04198380267757995,0.04198380267757995
11,idle_min_min,-0.05349536437433937,0.05349536437433937
11,idle_min_max,-0.07126342302625034,0.07126342302625034
11,duration_sec_mean,0.083672386436404,0.083672386436404
11,duration_sec_std,0.6502102959369936,0.6502102959369936
11,duration_sec_sum,-0.13622900583299902,0.13622900583299902
11,duration_sec_min,0.07496316945527348,0.07496316945527348
11,duration_sec_max,0.15284332239644938,0.15284332239644938
11,flow_count,0.13420353116295888,0.13420353116295888
11,unique_dst_ports_count,0.14105792479133952,0.14105792479133952
11,unique_protocols_count,0.011744392237593097,0.011744392237593097
11,pkt_ttl_min,-0.2355930025336062,0.2355930025336062
11,pkt_ttl_max,-0.4854416944664896,0.4854416944664896
11,pkt_ttl_std,0.35600443826673245,0.35600443826673245
11,pkt_ttl_mode,0.35205399995886294,0.35205399995886294
11,pkt_frag_mf_count,0.0,0.0
11,pkt_frag_df_count,0.7106356268676077,0.7106356268676077
11,pkt_payload_size_p25,-0.07023160131790285,0.07023160131790285
11,pkt_payload_size_p50,-0.2164441387755176,0.2164441387755176
11,pkt_payload_size_p75,-0.6640490315268118,0.6640490315268118
11,pkt_payload_size_p95,-0.8850166420844677,0.8850166420844677
11,pkt_tcp_retrans_count,1.5515913882237315,1.5515913882237315
11,pkt_port_scan_seq_score,1.4428188694555484,1.4428188694555484
12,duration_microsec_mean,0.09549061566968893,0.09549061566968893
12,duration_microsec_std,0.20634345428537523,0.20634345428537523
12,duration_microsec_sum,-0.06541677883165026,0.06541677883165026
12,duration_microsec_min,0.09125000999173588,0.09125000999173588
12,duration_microsec_max,0.28907813600812904,0.28907813600812904
12,packet_count_fwd_mean,0.5603907371049726,0.5603907371049726
12,packet_count_fwd_std,-0.26461137242999133,0.26461137242999133
12,packet_count_fwd_sum,0.2317019433087552,0.2317019433087552
12,packet_count_fwd_min,0.13961542082939668,0.13961542082939668
12,packet_count_fwd_max,-0.03772135459714338,0.03772135459714338
12,packet_count_bwd_mean,0.5703916524101648,0.5703916524101648
12,packet_count_bwd_std,1.099491521372947,1.099491521372947
12,packet_count_bwd_sum,0.03661266443399426,0.03661266443399426
12,packet_count_bwd_min,-0.15782002582562904,0.15782002582562904
12,packet_count_bwd_max,0.24570160484256692,0.24570160484256692
12,byte_count_fwd_mean,-0.06471794439646432,0.06471794439646432
12,byte_count_fwd_std,-0.7398285300821621,0.7398285300821621
12,byte_count_fwd_sum,-0.19661594421213796,0.19661594421213796
12,byte_count_fwd_min,0.196316253679412,0.196316253679412
12,byte_count_fwd_max,1.31519001989674,1.31519001989674
12,byte_count_bwd_mean,-0.5574231448391432,0.5574231448391432
12,byte_count_bwd_std,-1.569251885863107,1.569251885863107
12,byte_count_bwd_sum,-0.44622125802509216,0.44622125802509216
12,byte_count_bwd_min,0.057714359536785616,0.057714359536785616
12,byte_count_bwd_max,-0.6581413959131878,0.6581413959131878
12,fwd_pkt_len_max_mean,0.1990917186691124,0.1990917186691124
12,fwd_pkt_len_max_std,-1.6767003243976697,1.6767003243976697
12,fwd_pkt_len_max_sum,0.3867872857082006,0.3867872857082006
12,fwd_pkt_len_max_min,-0.05515643518485113,0.05515643518485113
12,fwd_pkt_len_max_max,0.49866301180083716,0.49866301180083716
12,fwd_pkt_len_min_mean,-0.19265920165996972,0.19265920165996972
12,fwd_pkt_len_min_std,0.0163264090281551,0.0163264090281551
12,fwd_pkt_len_min_sum,-0.15183151831062786,0.15183151831062786
12,fwd_pkt_len_min_min,0.04645598652263796,0.04645598652263796
12,fwd_pkt_len_min_max,-0.02414349813280427,0.02414349813280427
12,fwd_pkt_len_mean_mean,-0.2148011790252567,0.2148011790252567
12,fwd_pkt_len_mean_std,0.014022178862083233,0.014022178862083233
12,fwd_pkt_len_mean_sum,0.437042670329729,0.437042670329729
12,fwd_pkt_len_mean_min,0.013472000978742476,0.013472000978742476
12,fwd_pkt_len_mean_max,0.013787954485928584,0.013787954485928584
12,fwd_pkt_len_std_mean,2.018437169390804,2.018437169390804
12,fwd_pkt_len_std_std,0.9079590377071916,0.9079590377071916
12,fwd_pkt_len_std_sum,0.4312417826427474,0.4312417826427474
12,fwd_pkt_len_std_min,0.040892143896380836,0.040892143896380836
12,fwd_pkt_len_std_max,-0.2695656816904896,0.2695656816904896
12,bwd_pkt_len_max_mean,-0.0033880333849905264,0.0033880333849905264
12,bwd_pkt_len_max_std,0.5765052309308661,0.5765052309308661
12,bwd_pkt_len_max_sum,0.16248212301591655,0.16248212301591655
12,bwd_pkt_len_max_min,0.05100759971897682,0.05100759971897682
12,bwd_pkt_len_max_max,-0.13299131086748567,0.13299131086748567
12,bwd_pkt_len_min_mean,0.8566022514146447,0.8566022514146447
12,bwd_pkt_len_min_std,-0.3566836645530043,0.3566836645530043
12,bwd_pkt_len_min_sum,0.23016104168792192,0.23016104168792192
12,bwd_pkt_len_min_min,0.0,0.0
12,bwd_pkt_len_min_max,-0.014145284604072359,0.014145284604072359
12,bwd_pkt_len_mean_mean,0.19707117681179556,0.19707117681179556
12,bwd_pkt_len_mean_std,0.2934179114881771,0.2934179114881771
12,bwd_pkt_len_mean_sum,0.47217453958414357,0.47217453958414357
12,bwd_pkt_len_mean_min,0.05952423048759279,0.05952423048759279
12,bwd_pkt_len_mean_max,1.5394188574573484,1.5394188574573484
12,bwd_pkt_len_std_mean,-1.6464643314589207,1.6464643314589207
12,bwd_pkt_len_std_std,1.1341924714883964,1.1341924714883964
12,bwd_pkt_len_std_sum,-0.003526200499220775,0.003526200499220775
12,bwd_pkt_len_std_min,0.046295945768756265,0.046295945768756265
12,bwd_pkt_len_std_max,1.228188529114194,1.228188529114194
12,bytes_per_sec_mean,-1.3217865789096066,1.3217865789096066
12,bytes_per_sec_std,0.2618106344546943,0.2618106344546943
12,bytes_per_sec_sum,-0.8773910659902449,0.8773910659902449
12,bytes_per_sec_min,0.052185255325548165,0.052185255325548165
12,bytes_per_sec_max,1.1740508464386052,1.1740508464386052
12,packets_per_sec_mean,-0.2911100251353666,0.2911100251353666
12,packets_per_sec_std,0.03347957902714799,0.03347957902714799
12,packets_per_sec_sum,-0.2642405944810786,0.2642405944810786
12,packets_per_sec_min,-0.16694716285649422,0.16694716285649422
12,packets_per_sec_max,-0.3189075508221073,0.3189075508221073
12,flow_iat_mean_mean,0.21986172974119436,0.21986172974119436
12,flow_iat_mean_std,-0.15626911498836185,0.15626911498836185
12,flow_iat_mean_sum,0.260539771333327,0.260539771333327
12,flow_iat_mean_min,0.01513734420919098,0.01513734420919098
12,flow_iat_mean_max,-0.04081743081295536,0.04081743081295536
12,flow_iat_std_mean,-0.26745376635689516,0.26745376635689516
12,flow_iat_std_std,-1.2450426281103257,1.2450426281103257
12,flow_iat_std_sum,-0.3989661835181669,0.3989661835181669
12,flow_iat_std_min,-0.04347783820621987,0.04347783820621987
12,flow_iat_std_max,-0.26790461655822745,0.26790461655822745
12,flow_iat_max_mean,-0.26703370433540685,0.26703370433540685
12,flow_iat_max_std,-0.5690940866562227,0.5690940866562227
12,flow_iat_max_sum,0.1904727075152308,0.1904727075152308
12,flow_iat_max_min,-0.000783936718682251,0.000783936718682251
12,flow_iat_max_max,0.19749191309091313,0.19749191309091313
12,flow_iat_min_mean,0.1646107759156828,0.1646107759156828
12,flow_iat_min_std,0.033004343380961046,0.033004343380961046
12,flow_iat_min_sum,0.321439588926224,0.321439588926224
12,flow_iat_min_min,0.022467540247716005,0.022467540247716005
12,flow_iat_min_max,0.09516550758382498,0.09516550758382498
12,fwd_iat_tot_mean,0.0747261748165253,0.0747261748165253
12,fwd_iat_tot_std,0.24477334983832172,0.24477334983832172
12,fwd_iat_tot_sum,-0.10912823601349261,0.10912823601349261
12,fwd_iat_tot_min,0.09032542738568565,0.09032542738568565
12,fwd_iat_tot_max,0.03725812387277482,0.03725812387277482
12,fwd_iat_mean_mean,-0.07652589279350314,0.07652589279350314
12,fwd_iat_mean_std,-0.6772313669118983,0.6772313669118983
12,fwd_iat_mean_sum,0.163372082912072,0.163372082912072
12,fwd_iat_mean_min,0.008303381710438896,0.008303381710438896
12,fwd_iat_mean_max,0.277149294327095,0.277149294327095
12,fwd_iat_std_mean,0.3288352521114778,0.3288352521114778
12,fwd_iat_std_std,0.3358520238653053,0.3358520238653053
12,fwd_iat_std_sum,0.2684586734883918,0.2684586734883918
12,fwd_iat_std_min,-0.05049102340576371,0.05049102340576371
12,fwd_iat_std_max,0.28297719885345346,0.28297719885345346
12,fwd_iat_max_mean,0.063811426800212,0.063811426800212
12,fwd_iat_max_std,-0.057986254155928674,0.057986254155928674
12,fwd_iat_max_sum,0.3606776654535507,0.3606776654535507
12,fwd_iat_max_min,-0.0008428953523641369,0.0008428953523641369
12,fwd_iat_max_max,-0.27686397421588976,0.27686397421588976
12,fwd_iat_min_mean,0.0028803130048593046,0.0028803130048593046
12,fwd_iat_min_std,-0.4284280617487995,0.4284280617487995
12,fwd_iat_min_sum,0.33964685353339336,0.33964685353339336
12,fwd_iat_min_min,0.006062185202238964,0.006062185202238964
12,fwd_iat_min_max,0.32424320664098377,0.32424320664098377
12,bwd_iat_tot_mean,-0.5863844468310525,0.5863844468310525
12,bwd_iat_tot_std,-0.10135582970765052,0.10135582970765052
12,bwd_iat_tot_sum,-0.07744988685437365,0.07744988685437365
12,bwd_iat_tot_min,0.02577480988498715,0.02577480988498715
12,bwd_iat_tot_max,-0.287636337871752,0.287636337871752
12,bwd_iat_mean_mean,0.4756300839759057,0.4756300839759057
12,bwd_iat_mean_std,1.0083599288664022,1.0083599288664022
12,bwd_iat_mean_sum,-0.6423045795037158,0.6423045795037158
12,bwd_iat_mean_min,-0.042267572816189994,0.042267572816189994
12,bwd_iat_mean_max,-0.536750381466477,0.536750381466477
12,bwd_iat_std_mean,1.364811252110624,1.364811252110624
12,bwd_iat_std_std,0.24248699465954088,0.24248699465954088
12,bwd_iat_std_sum,0.2988863534358252,0.2988863534358252
12,bwd_iat_std_min,0.021536016246976455,0.021536016246976455
12,bwd_iat_std_max,-0.05825276122538843,0.05825276122538843
12,bwd_iat_max_mean,-0.17199326828901967,0.17199326828901967
12,bwd_iat_max_std,-1.022098401405548,1.022098401405548
12,bwd_iat_max_sum,-0.12164240689048751,0.12164240689048751
12,bwd_iat_max_min,-0.0008223297051529418,0.0008223297051529418
12,bwd_iat_max_max,0.012149055907430388,0.012149055907430388
12,bwd_iat_min_mean,-0.04052353567933042,0.04052353567933042
12,bwd_iat_min_std,-1.0329823435916112,1.0329823435916112
12,bwd_iat_min_sum,0.10914056347283582,0.10914056347283582
12,bwd_iat_min_min,-0.08310216217675363,0.08310216217675363
12,bwd_iat_min_max,0.8948684785073591,0.8948684785073591
12,fwd_psh_flags_mean,-0.08921023377163301,0.08921023377163301
12,fwd_psh_flags_std,-0.14178399450479376,0.14178399450479376
12,fwd_psh_flags_sum,-0.06548399744679446,0.06548399744679446
12,fwd_psh_flags_min,-0.014999218394549388,0.014999218394549388
12,fwd_psh_flags_max,0.09287097308811162,0.09287097308811162
12,bwd_psh_flags_mean,0.0,0.0
12,bwd_psh_flags_std,0.0,0.0
12,bwd_psh_flags_sum,0.0,0.0
12,bwd_psh_flags_min,0.0,0.0
12,bwd_psh_flags_max,0.0,0.0
12,fwd_urg_flags_mean,-0.21740829278057208,0.21740829278057208
12,fwd_urg_flags_std,0.3823329499312685,0.3823329499312685
12,fwd_urg_flags_sum,0.014093883364156134,0.014093883364156134
12,fwd_urg_flags_min,0.0,0.0
12,fwd_urg_flags_max,0.12153303104344447,0.12153303104344447
12,bwd_urg_flags_mean,0.0,0.0
12,bwd_urg_flags_std,0.0,0.0
12,bwd_urg_flags_sum,0.0,0.0
12,bwd_urg_flags_min,0.0,0.0
12,bwd_urg_flags_max,0.0,0.0
12,fwd_header_len_mean,0.26349779594975353,0.26349779594975353
12,fwd_header_len_std,0.31869977148490675,0.31869977148490675
12,fwd_header_len_sum,0.22708569996394037,0.22708569996394037
12,fwd_header_len_min,-0.01271029785072159,0.01271029785072159
12,fwd_header_len_max,0.5370297365150141,0.5370297365150141
12,bwd_header_len_mean,-0.03281859537466286,0.03281859537466286
12,bwd_header_len_std,-0.2598984279443416,0.2598984279443416
12,bwd_header_len_sum,0.06885645763585622,0.06885645763585622
12,bwd_header_len_min,0.0016851557831936423,0.0016851557831936423
12,bwd_header_len_max,0.5736983472999079,0.5736983472999079
12,fwd_pkts_per_sec_mean,0.33681616863907327,0.33681616863907327
12,fwd_pkts_per_sec_std,0.10622820593984013,0.10622820593984013
12,fwd_pkts_per_sec_sum,0.38708681465614486,0.38708681465614486
12,fwd_pkts_per_sec_min,0.021653209206034717,0.021653209206034717
12,fwd_pkts_per_sec_max,-0.39407321532889256,0.39407321532889256
12,bwd_pkts_per_sec_mean,-0.2071002275942676,0.2071002275942676
12,bwd_pkts_per_sec_std,0.6937626282083955,0.6937626282083955
12,bwd_pkts_per_sec_sum,-0.9507771450443981,0.9507771450443981
12,bwd_pkts_per_sec_min,0.021661724424249424,0.021661724424249424
12,bwd_pkts_per_sec_max,-0.26067126731988954,0.26067126731988954
12,pkt_len_min_mean,-0.012129189477282813,0.012129189477282813
12,pkt_len_min_std,0.9243992192999656,0.9243992192999656
12,pkt_len_min_sum,-0.18002413853150992,0.18002413853150992
12,pkt_len_min_min,0.04627348336665978,0.04627348336665978
12,pkt_len_min_max,-0.3099922300444583,0.3099922300444583
12,pkt_len_max_mean,-0.6600683752713554,0.6600683752713554
12,pkt_len_max_std,-0.7265414536517427,0.7265414536517427
12,pkt_len_max_sum,0.2965821127059878,0.2965821127059878
12,pkt_len_max_min,0.008770348532053888,0.008770348532053888
12,pkt_len_max_max,0.35090110423518817,0.35090110423518817
12,pkt_len_mean_mean,-0.6816306918926595,0.6816306918926595
12,pkt_len_mean_std,0.3250177115448408,0.3250177115448408
12,pkt_len_mean_sum,0.3324602646561577,0.3324602646561577
12,pkt_len_mean_min,0.02205654570378266,0.02205654570378266
12,pkt_len_mean_max,-0.9573037093329084,0.9573037093329084
12,pkt_len_std_mean,-0.9427890086070448,0.9427890086070448
12,pkt_len_std_std,0.5568720342115391,0.5568720342115391
12,pkt_len_std_sum,0.28103057612655186,0.28103057612655186
12,pkt_len_std_min,0.05169465734157616,0.05169465734157616
12,pkt_len_std_max,-0.14621781567915196,0.14621781567915196
12,pkt_len_var_mean,-1.2359690922691948,1.2359690922691948
12,pkt_len_var_std,-1.5482405227585767,1.5482405227585767
12,pkt_len_var_sum,0.5352748842707291,0.5352748842707291
12,pkt_len_var_min,0.04842370330560849,0.04842370330560849
12,pkt_len_var_max,-1.4856127871029612,1.4856127871029612
12,fin_flag_cnt_mean,0.06582718382699185,0.06582718382699185
12,fin_flag_cnt_std,0.13600528383132027,0.13600528383132027
12,fin_flag_cnt_sum,-0.017294419667941686,0.017294419667941686
12,fin_flag_cnt_min,0.0,0.0
12,fin_flag_cnt_max,0.1431963720279223,0.1431963720279223
12,syn_flag_cnt_mean,-0.08921023377163301,0.08921023377163301
12,syn_flag_cnt_std,-0.14178399450479376,0.14178399450479376
12,syn_flag_cnt_sum,-0.06548399744679446,0.06548399744679446
12,syn_flag_cnt_min,-0.014999218394549388,0.014999218394549388
12,syn_flag_cnt_max,0.09287097308811162,0.09287097308811162
12,rst_flag_cnt_mean,0.018028663029483936,0.018028663029483936
12,rst_flag_cnt_std,0.5972093145654273,0.5972093145654273
12,rst_flag_cnt_sum,0.6782741682550827,0.6782741682550827
12,rst_flag_cnt_min,0.0,0.0
12,rst_flag_cnt_max,-0.32801492946929395,0.32801492946929395
12,psh_flag_cnt_mean,0.4904389967209509,0.4904389967209509
12,psh_flag_cnt_std,-0.03191457427212457,0.03191457427212457
12,psh_flag_cnt_sum,0.09471725968860266,0.09471725968860266
12,psh_flag_cnt_min,0.006645344926160415,0.006645344926160415
12,psh_flag_cnt_max,-0.48640526021707875,0.48640526021707875
12,ack_flag_cnt_mean,0.1895599113099725,0.1895599113099725
12,ack_flag_cnt_std,0.9955475569904635,0.9955475569904635
12,ack_flag_cnt_sum,0.47797573094458684,0.47797573094458684
12,ack_flag_cnt_min,-0.014999218394549388,0.014999218394549388
12,ack_flag_cnt_max,-0.3438749728453938,0.3438749728453938
12,urg_flag_cnt_mean,-0.8255066715521842,0.8255066715521842
12,urg_flag_cnt_std,0.5432400746108397,0.5432400746108397
12,urg_flag_cnt_sum,0.0003217233673130298,0.0003217233673130298
12,urg_flag_cnt_min,0.0,0.0
12,urg_flag_cnt_max,0.8085143538402282,0.8085143538402282
12,cwe_flag_cnt_mean,-0.21740829278057208,0.21740829278057208
12,cwe_flag_cnt_std,0.3823329499312685,0.3823329499312685
12,cwe_flag_cnt_sum,0.014093883364156134,0.014093883364156134
12,cwe_flag_cnt_min,0.0,0.0
12,cwe_flag_cnt_max,0.12153303104344447,0.12153303104344447
12,ece_flag_cnt_mean,0.06031301003339613,0.06031301003339613
12,ece_flag_cnt_std,0.6222125835616067,0.6222125835616067
12,ece_flag_cnt_sum,0.6791835865974207,0.6791835865974207
12,ece_flag_cnt_min,0.0,0.0
12,ece_flag_cnt_max,-0.32801492946929395,0.32801492946929395
12,down_up_ratio_mean,0.344170551672022,0.344170551672022
12,down_up_ratio_std,-1.19324565449787,1.19324565449787
12,down_up_ratio_sum,0.2883423370801296,0.2883423370801296
12,down_up_ratio_min,-0.0017885477429372652,0.0017885477429372652
12,down_up_ratio_max,0.460746044580833,0.460746044580833
12,pkt_size_avg_mean,-0.6784652523732456,0.6784652523732456
12,pkt_size_avg_std,0.21886500722451288,0.21886500722451288
12,pkt_size_avg_sum,0.2927202998675113,0.2927202998675113
12,pkt_size_avg_min,0.011566660107970684,0.011566660107970684
12,pkt_size_avg_max,0.28244246677039764,0.28244246677039764
12,fwd_seg_size_avg_mean,-0.2148011790252567,0.2148011790252567
12,fwd_seg_size_avg_std,0.014022178862083233,0.014022178862083233
12,fwd_seg_size_avg_sum,0.437042670329729,0.437042670329729
12,fwd_seg_size_avg_min,0.013472000978742476,0.013472000978742476
12,fwd_seg_size_avg_max,0.013787954485928584,0.013787954485928584
12,bwd_seg_size_avg_mean,0.19707117680828512,0.19707117680828512
12,bwd_seg_size_avg_std,0.29341791147248153,0.29341791147248153
12,bwd_seg_size_avg_sum,0.4721745395836713,0.4721745395836713
12,bwd_seg_size_avg_min,0.05952423048759279,0.05952423048759279
12,bwd_seg_size_avg_max,1.539418857457473,1.539418857457473
12,fwd_byts_b_avg_mean,0.0,0.0
12,fwd_byts_b_avg_std,0.0,0.0
12,fwd_byts_b_avg_sum,0.0,0.0
12,fwd_byts_b_avg_min,0.0,0.0
12,fwd_byts_b_avg_max,0.0,0.0
12,fwd_pkts_b_avg_mean,0.0,0.0
12,fwd_pkts_b_avg_std,0.0,0.0
12,fwd_pkts_b_avg_sum,0.0,0.0
12,fwd_pkts_b_avg_min,0.0,0.0
12,fwd_pkts_b_avg_max,0.0,0.0
12,fwd_blk_rate_avg_mean,0.0,0.0
12,fwd_blk_rate_avg_std,0.0,0.0
12,fwd_blk_rate_avg_sum,0.0,0.0
12,fwd_blk_rate_avg_min,0.0,0.0
12,fwd_blk_rate_avg_max,0.0,0.0
12,bwd_byts_b_avg_mean,0.0,0.0
12,bwd_byts_b_avg_std,0.0,0.0
12,bwd_byts_b_avg_sum,0.0,0.0
12,bwd_byts_b_avg_min,0.0,0.0
12,bwd_byts_b_avg_max,0.0,0.0
12,bwd_pkts_b_avg_mean,0.0,0.0
12,bwd_pkts_b_avg_std,0.0,0.0
12,bwd_pkts_b_avg_sum,0.0,0.0
12,bwd_pkts_b_avg_min,0.0,0.0
12,bwd_pkts_b_avg_max,0.0,0.0
12,bwd_blk_rate_avg_mean,0.0,0.0
12,bwd_blk_rate_avg_std,0.0,0.0
12,bwd_blk_rate_avg_sum,0.0,0.0
12,bwd_blk_rate_avg_min,0.0,0.0
12,bwd_blk_rate_avg_max,0.0,0.0
12,subflow_fwd_pkts_mean,0.2618766587543673,0.2618766587543673
12,subflow_fwd_pkts_std,0.30307222776338727,0.30307222776338727
12,subflow_fwd_pkts_sum,0.17530126684416591,0.17530126684416591
12,subflow_fwd_pkts_min,0.06943222685351387,0.06943222685351387
12,subflow_fwd_pkts_max,0.19876343160277588,0.19876343160277588
12,subflow_fwd_byts_mean,0.2041515942705612,0.2041515942705612
12,subflow_fwd_byts_std,-0.06634350839487778,0.06634350839487778
12,subflow_fwd_byts_sum,0.18988125938032663,0.18988125938032663
12,subflow_fwd_byts_min,-0.021059625571940223,0.021059625571940223
12,subflow_fwd_byts_max,-0.14672649180079284,0.14672649180079284
12,subflow_bwd_pkts_mean,-0.13529053334756982,0.13529053334756982
12,subflow_bwd_pkts_std,-0.6313579219892076,0.6313579219892076
12,subflow_bwd_pkts_sum,-0.1764879275923028,0.1764879275923028
12,subflow_bwd_pkts_min,-0.05230221747723351,0.05230221747723351
12,subflow_bwd_pkts_max,-0.08749494969784553,0.08749494969784553
12,subflow_bwd_byts_mean,0.2356755644629783,0.2356755644629783
12,subflow_bwd_byts_std,-0.23836797302154664,0.23836797302154664
12,subflow_bwd_byts_sum,-0.8686011491219666,0.8686011491219666
12,subflow_bwd_byts_min,0.049793670403096665,0.049793670403096665
12,subflow_bwd_byts_max,0.45516102238202794,0.45516102238202794
12,window_size_fwd_mean,0.37085445795452143,0.37085445795452143
12,window_size_fwd_std,-1.1924944602758407,1.1924944602758407
12,window_size_fwd_sum,0.15450031019480368,0.15450031019480368
12,window_size_fwd_min,0.033053046385634645,0.033053046385634645
12,window_size_fwd_max,-0.18778573250194505,0.18778573250194505
12,window_size_bwd_mean,-0.7689797097964487,0.7689797097964487
12,window_size_bwd_std,1.9573824079004432,1.9573824079004432
12,window_size_bwd_sum,-0.7574757110574647,0.7574757110574647
12,window_size_bwd_min,0.04159286190437615,0.04159286190437615
12,window_size_bwd_max,0.3815645420637719,0.3815645420637719
12,fwd_act_data_pkts_mean,0.2608999299535144,0.2608999299535144
12,fwd_act_data_pkts_std,0.2987330206970682,0.2987330206970682
12,fwd_act_data_pkts_sum,0.15692128355129362,0.15692128355129362
12,fwd_act_data_pkts_min,0.13670208050510158,0.13670208050510158
12,fwd_act_data_pkts_max,0.16129748196871646,0.16129748196871646
12,fwd_seg_size_min_mean,1.0206327362495513,1.0206327362495513
12,fwd_seg_size_min_std,-0.4108161199131989,0.4108161199131989
12,fwd_seg_size_min_sum,0.25567378455784967,0.25567378455784967
12,fwd_seg_size_min_min,-0.15242032434072939,0.15242032434072939
12,fwd_seg_size_min_max,-0.12131858560209281,0.12131858560209281
12,active_mean_mean,-0.16666079182192545,0.16666079182192545
12,active_mean_std,-0.34506180962160604,0.34506180962160604
12,active_mean_sum,-0.6541709971848829,0.6541709971848829
12,active_mean_min,0.004409625906690722,0.004409625906690722
12,active_mean_max,-0.03380591342087336,0.03380591342087336
12,active_std_mean,-0.4400245588575575,0.4400245588575575
12,active_std_std,-0.12195573403829199,0.12195573403829199
12,active_std_sum,-0.6247070392979676,0.6247070392979676
12,active_std_min,0.02138572012825858,0.02138572012825858
12,active_std_max,0.24589250492616493,0.24589250492616493
12,active_max_mean,-0.25310515319934135,0.25310515319934135
12,active_max_std,0.4608829985638064,0.4608829985638064
12,active_max_sum,0.7250912019521492,0.7250912019521492
12,active_max_min,0.00997436291459546,0.00997436291459546
12,active_max_max,0.19253255437921102,0.19253255437921102
12,active_min_mean,0.039402418492694914,0.039402418492694914
12,active_min_std,-0.3485245243050685,0.3485245243050685
12,active_min_sum,0.1700075537988539,0.1700075537988539
12,active_min_min,-0.005000841912971544,0.005000841912971544
12,active_min_max,0.17228722688214196,0.17228722688214196
12,idle_mean_mean,0.13525209753810644,0.13525209753810644
12,idle_mean_std,-0.20501337148001572,0.20501337148001572
12,idle_mean_sum,0.02498934147331094,0.02498934147331094
12,idle_mean_min,-0.02054742593436685,0.02054742593436685
12,idle_mean_max,-0.09436843380396559,0.09436843380396559
12,idle_std_mean,0.4283494564146905,0.4283494564146905
12,idle_std_std,0.007932291353693693,0.007932291353693693
12,idle_std_sum,0.04721532747284125,0.04721532747284125
12,idle_std_min,-0.027706754042081456,0.027706754042081456
12,idle_std_max,-0.03446828892243212,0.03446828892243212
12,idle_max_mean,0.333349794287572,0.333349794287572
12,idle_max_std,0.0941324840981348,0.0941324840981348
12,idle_max_sum,0.12071557848040355,0.12071557848040355
12,idle_max_min,-0.0013888546139739293,0.0013888546139739293
12,idle_max_max,-0.1207102544069358,0.1207102544069358
12,idle_min_mean,-0.20171471088394588,0.20171471088394588
12,idle_min_std,-0.38380953058683565,0.38380953058683565
12,idle_min_sum,-0.04100423769093386,0.04100423769093386
12,idle_min_min,-0.05354388162960459,0.05354388162960459
12,idle_min_max,-0.0721745029611323,0.0721745029611323
12,duration_sec_mean,0.08731095559016756,0.08731095559016756
12,duration_sec_std,0.6542397729374754,0.6542397729374754
12,duration_sec_sum,-0.13359286501526182,0.13359286501526182
12,duration_sec_min,0.07395285051160078,0.07395285051160078
12,duration_sec_max,0.150568276425204,0.150568276425204
12,flow_count,0.1360161089562131,0.1360161089562131
12,unique_dst_ports_count,0.14291556240258682,0.14291556240258682
12,unique_protocols_count,0.012863174906779934,0.012863174906779934
12,pkt_ttl_min,-0.23816796745535807,0.23816796745535807
12,pkt_ttl_max,-0.4839086332932649,0.4839086332932649
12,pkt_ttl_std,0.34724334651041217,0.34724334651041217
12,pkt_ttl_mode,0.3433176606969145,0.3433176606969145
12,pkt_frag_mf_count,0.0,0.0
12,pkt_frag_df_count,0.6962731211315563,0.6962731211315563
12,pkt_payload_size_p25,-0.07504569357546012,0.07504569357546012
12,pkt_payload_size_p50,-0.219298458451438,0.219298458451438
12,pkt_payload_size_p75,-0.6590884958373733,0.6590884958373733
12,pkt_payload_size_p95,-0.8753389544787676,0.8753389544787676
12,pkt_tcp_retrans_count,1.5416064569934773,1.5416064569934773
12,pkt_port_scan_seq_score,1.4328711940198349,1.4328711940198349
13,duration_microsec_mean,0.09522792961801839,0.09522792961801839
13,duration_microsec_std,0.20831331389553562,0.20831331389553562
13,duration_microsec_sum,-0.06494805766427822,0.06494805766427822
13,duration_microsec_min,0.09114428675881017,0.09114428675881017
13,duration_microsec_max,0.29092998370658235,0.29092998370658235
13,packet_count_fwd_mean,0.5655115195103574,0.5655115195103574
13,packet_count_fwd_std,-0.26890859877087725,0.26890859877087725
13,packet_count_fwd_sum,0.23478930449691568,0.23478930449691568
13,packet_count_fwd_min,0.138744590532133,0.138744590532133
13,packet_count_fwd_max,-0.03568732447385547,0.03568732447385547
13,packet_count_bwd_mean,0.5770312189194147,0.5770312189194147
13,packet_count_bwd_std,1.0955987442128825,1.0955987442128825
13,packet_count_bwd_sum,0.0393250181632068,0.0393250181632068
13,packet_count_bwd_min,-0.15844820609620716,0.15844820609620716
13,packet_count_bwd_max,0.2473100052666863,0.2473100052666863
13,byte_count_fwd_mean,-0.06316721765775742,0.06316721765775742
13,byte_count_fwd_std,-0.7388477772787188,0.7388477772787188
13,byte_count_fwd_sum,-0.19610831626373032,0.19610831626373032
13,byte_count_fwd_min,0.19839099099616173,0.19839099099616173
13,byte_count_fwd_max,1.3123973613858573,1.3123973613858573
13,byte_count_bwd_mean,-0.5587257184925353,0.5587257184925353
13,byte_count_bwd_std,-1.5679939245696268,1.5679939245696268
13,byte_count_bwd_sum,-0.44701323697588313,0.44701323697588313
13,byte_count_bwd_min,0.049563329633817314,0.049563329633817314
13,byte_count_bwd_max,-0.6572511696913709,0.6572511696913709
13,fwd_pkt_len_max_mean,0.21500533145428885,0.21500533145428885
13,fwd_pkt_len_max_std,-1.6777632900420916,1.6777632900420916
13,fwd_pkt_len_max_sum,0.3874386637805518,0.3874386637805518
13,fwd_pkt_len_max_min,-0.05645948653680703,0.05645948653680703
13,fwd_pkt_len_max_max,0.49811850335648455,0.49811850335648455
13,fwd_pkt_len_min_mean,-0.1938564014902752,0.1938564014902752
13,fwd_pkt_len_min_std,0.01553489935575985,0.01553489935575985
13,fwd_pkt_len_min_sum,-0.15217355233823926,0.15217355233823926
13,fwd_pkt_len_min_min,0.046860581428050975,0.046860581428050975
13,fwd_pkt_len_min_max,-0.023798501364584064,0.023798501364584064
13,fwd_pkt_len_mean_mean,-0.21557712098847565,0.21557712098847565
13,fwd_pkt_len_mean_std,0.012182869335645484,0.012182869335645484
13,fwd_pkt_len_mean_sum,0.4360070060362135,0.4360070060362135
13,fwd_pkt_len_mean_min,0.013646532328351453,0.013646532328351453
13,fwd_pkt_len_mean_max,0.014121272771151648,0.014121272771151648
13,fwd_pkt_len_std_mean,2.013590307689971,2.013590307689971
13,fwd_pkt_len_std_std,0.9045631991271874,0.9045631991271874
13,fwd_pkt_len_std_sum,0.4297470868224408,0.4297470868224408
13,fwd_pkt_len_std_min,0.036556612882103684,0.036556612882103684
13,fwd_pkt_len_std_max,-0.26666623492230207,0.26666623492230207
13,bwd_pkt_len_max_mean,0.004795903213828917,0.004795903213828917
13,bwd_pkt_len_max_std,0.579129254948755,0.579129254948755
13,bwd_pkt_len_max_sum,0.16467820129887925,0.16467820129887925
13,bwd_pkt_len_max_min,0.044828555108868386,0.044828555108868386
13,bwd_pkt_len_max_max,-0.13375380311245538,0.13375380311245538
13,bwd_pkt_len_min_mean,0.8576253107341044,0.8576253107341044
13,bwd_pkt_len_min_std,-0.3577792237502567,0.3577792237502567
13,bwd_pkt_len_min_sum,0.23093518726126092,0.23093518726126092
13,bwd_pkt_len_min_min,0.0,0.0
13,bwd_pkt_len_min_max,-0.014418393490997487,0.014418393490997487
13,bwd_pkt_len_mean_mean,0.19430329670564198,0.19430329670564198
13,bwd_pkt_len_mean_std,0.292340170979492,0.292340170979492
13,bwd_pkt_len_mean_sum,0.47151019504388486,0.47151019504388486
13,bwd_pkt_len_mean_min,0.05023664081574488,0.05023664081574488
13,bwd_pkt_len_mean_max,1.5396046502361727,1.5396046502361727
13,bwd_pkt_len_std_mean,-1.6529881570748979,1.6529881570748979
13,bwd_pkt_len_std_std,1.1279296273312382,1.1279296273312382
13,bwd_pkt_len_std_sum,-0.005539232027060277,0.005539232027060277
13,bwd_pkt_len_std_min,0.04155941828845169,0.04155941828845169
13,bwd_pkt_len_std_max,1.2274499242218997,1.2274499242218997
13,bytes_per_sec_mean,-1.3217343788208942,1.3217343788208942
13,bytes_per_sec_std,0.2630957067242736,0.2630957067242736
13,bytes_per_sec_sum,-0.8779281202993005,0.8779281202993005
13,bytes_per_sec_min,0.0525645361554236,0.0525645361554236
13,bytes_per_sec_max,1.1731227861074518,1.1731227861074518
13,packets_per_sec_mean,-0.2892220716354403,0.2892220716354403
13,packets_per_sec_std,0.0324100108339948,0.0324100108339948
13,packets_per_sec_sum,-0.2635583395559925,0.2635583395559925
13,packets_per_sec_min,-0.1694804389738858,0.1694804389738858
13,packets_per_sec_max,-0.3206024192754698,0.3206024192754698
13,flow_iat_mean_mean,0.22108751331156798,0.22108751331156798
13,flow_iat_mean_std,-0.1558580903031153,0.1558580903031153
13,flow_iat_mean_sum,0.2608705727989806,0.2608705727989806
13,flow_iat_mean_min,0.014692213224609433,0.014692213224609433
13,flow_iat_mean_max,-0.04071493288831081,0.04071493288831081
13,flow_iat_std_mean,-0.26847542975385963,0.26847542975385963
13,flow_iat_std_std,-1.2450982485783242,1.2450982485783242
13,flow_iat_std_sum,-0.39870803286690465,0.39870803286690465
13,flow_iat_std_min,-0.04304889032930387,0.04304889032930387
13,flow_iat_std_max,-0.26719089170088267,0.26719089170088267
13,flow_iat_max_mean,-0.2669107328252779,0.2669107328252779
13,flow_iat_max_std,-0.5699597028355197,0.5699597028355197
13,flow_iat_max_sum,0.1905880273674297,0.1905880273674297
13,flow_iat_max_min,-0.0011204842769596817,0.0011204842769596817
13,flow_iat_max_max,0.19861069131632514,0.19861069131632514
13,flow_iat_min_mean,0.16611235520355563,0.16611235520355563
13,flow_iat_min_std,0.03332912125608278,0.03332912125608278
13,flow_iat_min_sum,0.32178618940884796,0.32178618940884796
13,flow_iat_min_min,0.02197673321387261,0.02197673321387261
13,flow_iat_min_max,0.09511453825877188,0.09511453825877188
13,fwd_iat_tot_mean,0.0740981239337695,0.0740981239337695
13,fwd_iat_tot_std,0.24693489205031824,0.24693489205031824
13,fwd_iat_tot_sum,-0.10916446794992124,0.10916446794992124
13,fwd_iat_tot_min,0.09025225482868092,0.09025225482868092
13,fwd_iat_tot_max,0.03892224691189243,0.03892224691189243
13,fwd_iat_mean_mean,-0.07574606320137205,0.07574606320137205
13,fwd_iat_mean_std,-0.6773790371271592,0.6773790371271592
13,fwd_iat_mean_sum,0.16343970281094083,0.16343970281094083
13,fwd_iat_mean_min,0.007913651840484176,0.007913651840484176
13,fwd_iat_mean_max,0.2764549493433177,0.2764549493433177
13,fwd_iat_std_mean,0.3284942098396774,0.3284942098396774
13,fwd_iat_std_std,0.3370136655214748,0.3370136655214748
13,fwd_iat_std_sum,0.2691937081690742,0.2691937081690742
13,fwd_iat_std_min,-0.050030233137132764,0.050030233137132764
13,fwd_iat_std_max,0.28277440723083647,0.28277440723083647
13,fwd_iat_max_mean,0.06302098110937669,0.06302098110937669
13,fwd_iat_max_std,-0.05958335864631822,0.05958335864631822
13,fwd_iat_max_sum,0.36010585471771506,0.36010585471771506
13,fwd_iat_max_min,-0.001188697375424643,0.001188697375424643
13,fwd_iat_max_max,-0.2775938462204359,0.2775938462204359
13,fwd_iat_min_mean,0.003968786553237194,0.003968786553237194
13,fwd_iat_min_std,-0.42881908521449513,0.42881908521449513
13,fwd_iat_min_sum,0.3398264633758931,0.3398264633758931
13,fwd_iat_min_min,0.005841330024383626,0.005841330024383626
13,fwd_iat_min_max,0.32360574526997204,0.32360574526997204
13,bwd_iat_tot_mean,-0.5874371006248318,0.5874371006248318
13,bwd_iat_tot_std,-0.10224241022584796,0.10224241022584796
13,bwd_iat_tot_sum,-0.07722589864139467,0.07722589864139467
13,bwd_iat_tot_min,0.022443362579263264,0.022443362579263264
13,bwd_iat_tot_max,-0.2895325435224016,0.2895325435224016
13,bwd_iat_mean_mean,0.47596729762770096,0.47596729762770096
13,bwd_iat_mean_std,1.0082326788406946,1.0082326788406946
13,bwd_iat_mean_sum,-0.6433619017403993,0.6433619017403993
13,bwd_iat_mean_min,-0.04177724500465072,0.04177724500465072
13,bwd_iat_mean_max,-0.5367813059517477,0.5367813059517477
13,bwd_iat_std_mean,1.3660229342037569,1.3660229342037569
13,bwd_iat_std_std,0.2433821900546178,0.2433821900546178
13,bwd_iat_std_sum,0.2991377082235823,0.2991377082235823
13,bwd_iat_std_min,0.019609868923720544,0.019609868923720544
13,bwd_iat_std_max,-0.058654202883932555,0.058654202883932555
13,bwd_iat_max_mean,-0.17164565117365688,0.17164565117365688
13,bwd_iat_max_std,-1.0239460332584238,1.0239460332584238
13,bwd_iat_max_sum,-0.12204122528373607,0.12204122528373607
13,bwd_iat_max_min,-0.002153614727474719,0.002153614727474719
13,bwd_iat_max_max,0.012371749065836936,0.012371749065836936
13,bwd_iat_min_mean,-0.03897154563809079,0.03897154563809079
13,bwd_iat_min_std,-1.0335883489503026,1.0335883489503026
13,bwd_iat_min_sum,0.10959478932269211,0.10959478932269211
13,bwd_iat_min_min,-0.07984661812082504,0.07984661812082504
13,bwd_iat_min_max,0.8956316590643829,0.8956316590643829
13,fwd_psh_flags_mean,-0.08881416388614696,0.08881416388614696
13,fwd_psh_flags_std,-0.1419831278734276,0.1419831278734276
13,fwd_psh_flags_sum,-0.065027815358386,0.065027815358386
13,fwd_psh_flags_min,-0.012384076830753063,0.012384076830753063
13,fwd_psh_flags_max,0.09524731633174546,0.09524731633174546
13,bwd_psh_flags_mean,0.0,0.0
13,bwd_psh_flags_std,0.0,0.0
13,bwd_psh_flags_sum,0.0,0.0
13,bwd_psh_flags_min,0.0,0.0
13,bwd_psh_flags_max,0.0,0.0
13,fwd_urg_flags_mean,-0.21721563109141562,0.21721563109141562
13,fwd_urg_flags_std,0.38159074847109786,0.38159074847109786
13,fwd_urg_flags_sum,0.014075337178417243,0.014075337178417243
13,fwd_urg_flags_min,0.0,0.0
13,fwd_urg_flags_max,0.12124152177496747,0.12124152177496747
13,bwd_urg_flags_mean,0.0,0.0
13,bwd_urg_flags_std,0.0,0.0
13,bwd_urg_flags_sum,0.0,0.0
13,bwd_urg_flags_min,0.0,0.0
13,bwd_urg_flags_max,0.0,0.0
13,fwd_header_len_mean,0.26286020556055745,0.26286020556055745
13,fwd_header_len_std,0.3187523874747513,0.3187523874747513
13,fwd_header_len_sum,0.2269053232638249,0.2269053232638249
13,fwd_header_len_min,-0.0141975387543449,0.0141975387543449
13,fwd_header_len_max,0.5363240356889684,0.5363240356889684
13,bwd_header_len_mean,-0.026929800221210793,0.026929800221210793
13,bwd_header_len_std,-0.2631264427721931,0.2631264427721931
13,bwd_header_len_sum,0.08033219029930593,0.08033219029930593
13,bwd_header_len_min,-0.001051593539742137,0.001051593539742137
13,bwd_header_len_max,0.5735069087725635,0.5735069087725635
13,fwd_pkts_per_sec_mean,0.3358978057420974,0.3358978057420974
13,fwd_pkts_per_sec_std,0.10669402211285797,0.10669402211285797
13,fwd_pkts_per_sec_sum,0.3878520347477054,0.3878520347477054
13,fwd_pkts_per_sec_min,0.01853130996396311,0.01853130996396311
13,fwd_pkts_per_sec_max,-0.39318525675945676,0.39318525675945676
13,bwd_pkts_per_sec_mean,-0.20714800408570364,0.20714800408570364
13,bwd_pkts_per_sec_std,0.6929040557725026,0.6929040557725026
13,bwd_pkts_per_sec_sum,-0.9508639217048507,0.9508639217048507
13,bwd_pkts_per_sec_min,0.018542914825153547,0.018542914825153547
13,bwd_pkts_per_sec_max,-0.2603461350017778,0.2603461350017778
13,pkt_len_min_mean,-0.013347401710515294,0.013347401710515294
13,pkt_len_min_std,0.9224498771805769,0.9224498771805769
13,pkt_len_min_sum,-0.18101667094929239,0.18101667094929239
13,pkt_len_min_min,0.046577857517530845,0.046577857517530845
13,pkt_len_min_max,-0.30963661138996623,0.30963661138996623
13,pkt_len_max_mean,-0.6483677349375094,0.6483677349375094
13,pkt_len_max_std,-0.7300483712968584,0.7300483712968584
13,pkt_len_max_sum,0.29668364371320505,0.29668364371320505
13,pkt_len_max_min,0.004719907869596546,0.004719907869596546
13,pkt_len_max_max,0.3511155762850649,0.3511155762850649
13,pkt_len_mean_mean,-0.6815498471833203,0.6815498471833203
13,pkt_len_mean_std,0.32679445028307375,0.32679445028307375
13,pkt_len_mean_sum,0.3322427235606,0.3322427235606
13,pkt_len_mean_min,0.020825632334740128,0.020825632334740128
13,pkt_len_mean_max,-0.957218523997391,0.957218523997391
13,pkt_len_std_mean,-0.946993689545972,0.946993689545972
13,pkt_len_std_std,0.5547399481683204,0.5547399481683204
13,pkt_len_std_sum,0.27945558079584115,0.27945558079584115
13,pkt_len_std_min,0.04523781092518046,0.04523781092518046
13,pkt_len_std_max,-0.14548526458674918,0.14548526458674918
13,pkt_len_var_mean,-1.237178577275861,1.237178577275861
13,pkt_len_var_std,-1.5454940248985338,1.5454940248985338
13,pkt_len_var_sum,0.5343682350629632,0.5343682350629632
13,pkt_len_var_min,0.043026492828638685,0.043026492828638685
13,pkt_len_var_max,-1.4829643919769757,1.4829643919769757
13,fin_flag_cnt_mean,0.06632880563304859,0.06632880563304859
13,fin_flag_cnt_std,0.1358816405501178,0.1358816405501178
13,fin_flag_cnt_sum,-0.018117911333035815,0.018117911333035815
13,fin_flag_cnt_min,0.0,0.0
13,fin_flag_cnt_max,0.14322154322451744,0.14322154322451744
13,syn_flag_cnt_mean,-0.08881416388614696,0.08881416388614696
13,syn_flag_cnt_std,-0.1419831278734276,0.1419831278734276
13,syn_flag_cnt_sum,-0.065027815358386,0.065027815358386
13,syn_flag_cnt_min,-0.012384076830753063,0.012384076830753063
13,syn_flag_cnt_max,0.09524731633174546,0.09524731633174546
13,rst_flag_cnt_mean,0.017356099147613272,0.017356099147613272
13,rst_flag_cnt_std,0.5997457037479409,0.5997457037479409
13,rst_flag_cnt_sum,0.6772747665558154,0.6772747665558154
13,rst_flag_cnt_min,0.0,0.0
13,rst_flag_cnt_max,-0.32725299370790484,0.32725299370790484
13,psh_flag_cnt_mean,0.4940021597343487,0.4940021597343487
13,psh_flag_cnt_std,-0.0344722705549239,0.0344722705549239
13,psh_flag_cnt_sum,0.0931888361815137,0.0931888361815137
13,psh_flag_cnt_min,0.005962525263557622,0.005962525263557622
13,psh_flag_cnt_max,-0.486158443125051,0.486158443125051
13,ack_flag_cnt_mean,0.1884133307578661,0.1884133307578661
13,ack_flag_cnt_std,0.9939191180566636,0.9939191180566636
13,ack_flag_cnt_sum,0.4750967236140679,0.4750967236140679
13,ack_flag_cnt_min,-0.012384076830753063,0.012384076830753063
13,ack_flag_cnt_max,-0.341542379855307,0.341542379855307
13,urg_flag_cnt_mean,-0.8300086621151368,0.8300086621151368
13,urg_flag_cnt_std,0.54393427604217,0.54393427604217
13,urg_flag_cnt_sum,0.0002613476754355189,0.0002613476754355189
13,urg_flag_cnt_min,0.0,0.0
13,urg_flag_cnt_max,0.8115477886615285,0.8115477886615285
13,cwe_flag_cnt_mean,-0.21721563109141562,0.21721563109141562
13,cwe_flag_cnt_std,0.38159074847109786,0.38159074847109786
13,cwe_flag_cnt_sum,0.014075337178417243,0.014075337178417243
13,cwe_flag_cnt_min,0.0,0.0
13,cwe_flag_cnt_max,0.12124152177496747,0.12124152177496747
13,ece_flag_cnt_mean,0.059545616432923255,0.059545616432923255
13,ece_flag_cnt_std,0.6246709485098999,0.6246709485098999
13,ece_flag_cnt_sum,0.6781848907793928,0.6781848907793928
13,ece_flag_cnt_min,0.0,0.0
13,ece_flag_cnt_max,-0.32725299370790484,0.32725299370790484
13,down_up_ratio_mean,0.3408179838752934,0.3408179838752934
13,down_up_ratio_std,-1.1942971073874298,1.1942971073874298
13,down_up_ratio_sum,0.2888712015646368,0.2888712015646368
13,down_up_ratio_min,-0.005468197017496573,0.005468197017496573
13,down_up_ratio_max,0.4595856456455754,0.4595856456455754
13,pkt_size_avg_mean,-0.6794698984257223,0.6794698984257223
13,pkt_size_avg_std,0.2204258083107542,0.2204258083107542
13,pkt_size_avg_sum,0.29205698923956136,0.29205698923956136
13,pkt_size_avg_min,0.010506622965316036,0.010506622965316036
13,pkt_size_avg_max,0.2821673135994114,0.2821673135994114
13,fwd_seg_size_avg_mean,-0.21557712098847565,0.21557712098847565
13,fwd_seg_size_avg_std,0.012182869335645484,0.012182869335645484
13,fwd_seg_size_avg_sum,0.4360070060362135,0.4360070060362135
13,fwd_seg_size_avg_min,0.013646532328351453,0.013646532328351453
13,fwd_seg_size_avg_max,0.014121272771151648,0.014121272771151648
13,bwd_seg_size_avg_mean,0.1943032967021937,0.1943032967021937
13,bwd_seg_size_avg_std,0.2923401709638102,0.2923401709638102
13,bwd_seg_size_avg_sum,0.4715101950434201,0.4715101950434201
13,bwd_seg_size_avg_min,0.05023664081574488,0.05023664081574488
13,bwd_seg_size_avg_max,1.5396046502362981,1.5396046502362981
13,fwd_byts_b_avg_mean,0.0,0.0
13,fwd_byts_b_avg_std,0.0,0.0
13,fwd_byts_b_avg_sum,0.0,0.0
13,fwd_byts_b_avg_min,0.0,0.0
13,fwd_byts_b_avg_max,0.0,0.0
13,fwd_pkts_b_avg_mean,0.0,0.0
13,fwd_pkts_b_avg_std,0.0,0.0
13,fwd_pkts_b_avg_sum,0.0,0.0
13,fwd_pkts_b_avg_min,0.0,0.0
13,fwd_pkts_b_avg_max,0.0,0.0
13,fwd_blk_rate_avg_mean,0.0,0.0
13,fwd_blk_rate_avg_std,0.0,0.0
13,fwd_blk_rate_avg_sum,0.0,0.0
13,fwd_blk_rate_avg_min,0.0,0.0
13,fwd_blk_rate_avg_max,0.0,0.0
13,bwd_byts_b_avg_mean,0.0,0.0
13,bwd_byts_b_avg_std,0.0,0.0
13,bwd_byts_b_avg_sum,0.0,0.0
13,bwd_byts_b_avg_min,0.0,0.0
13,bwd_byts_b_avg_max,0.0,0.0
13,bwd_pkts_b_avg_mean,0.0,0.0
13,bwd_pkts_b_avg_std,0.0,0.0
13,bwd_pkts_b_avg_sum,0.0,0.0
13,bwd_pkts_b_avg_min,0.0,0.0
13,bwd_pkts_b_avg_max,0.0,0.0
13,bwd_blk_rate_avg_mean,0.0,0.0
13,bwd_blk_rate_avg_std,0.0,0.0
13,bwd_blk_rate_avg_sum,0.0,0.0
13,bwd_blk_rate_avg_min,0.0,0.0
13,bwd_blk_rate_avg_max,0.0,0.0
13,subflow_fwd_pkts_mean,0.2612040796468757,0.2612040796468757
13,subflow_fwd_pkts_std,0.3033186429748848,0.3033186429748848
13,subflow_fwd_pkts_sum,0.17424496027887734,0.17424496027887734
13,subflow_fwd_pkts_min,0.06837442173498386,0.06837442173498386
13,subflow_fwd_pkts_max,0.1988826115701061,0.1988826115701061
13,subflow_fwd_byts_mean,0.2029085592864069,0.2029085592864069
13,subflow_fwd_byts_std,-0.06910537270005569,0.06910537270005569
13,subflow_fwd_byts_sum,0.18929259341881577,0.18929259341881577
13,subflow_fwd_byts_min,-0.021147793098295106,0.021147793098295106
13,subflow_fwd_byts_max,-0.1462441494063473,0.1462441494063473
13,subflow_bwd_pkts_mean,-0.13645220450851286,0.13645220450851286
13,subflow_bwd_pkts_std,-0.6335072953807593,0.6335072953807593
13,subflow_bwd_pkts_sum,-0.17341201658556366,0.17341201658556366
13,subflow_bwd_pkts_min,-0.05453774425234615,0.05453774425234615
13,subflow_bwd_pkts_max,-0.08662893990703631,0.08662893990703631
13,subflow_bwd_byts_mean,0.23339385398317536,0.23339385398317536
13,subflow_bwd_byts_std,-0.23796954517663416,0.23796954517663416
13,subflow_bwd_byts_sum,-0.8772691330833114,0.8772691330833114
13,subflow_bwd_byts_min,0.04388177795614851,0.04388177795614851
13,subflow_bwd_byts_max,0.45599698776025904,0.45599698776025904
13,window_size_fwd_mean,0.38137597975714205,0.38137597975714205
13,window_size_fwd_std,-1.1910081230082432,1.1910081230082432
13,window_size_fwd_sum,0.15277437341616,0.15277437341616
13,window_size_fwd_min,0.029111124940654896,0.029111124940654896
13,window_size_fwd_max,-0.1883061840179181,0.1883061840179181
13,window_size_bwd_mean,-0.7867191844501081,0.7867191844501081
13,window_size_bwd_std,1.9576805749657364,1.9576805749657364
13,window_size_bwd_sum,-0.7637036736121388,0.7637036736121388
13,window_size_bwd_min,0.03700384683011659,0.03700384683011659
13,window_size_bwd_max,0.382351433818132,0.382351433818132
13,fwd_act_data_pkts_mean,0.26022874629146664,0.26022874629146664
13,fwd_act_data_pkts_std,0.29900896271344246,0.29900896271344246
13,fwd_act_data_pkts_sum,0.1559019308135088,0.1559019308135088
13,fwd_act_data_pkts_min,0.13719105416937752,0.13719105416937752
13,fwd_act_data_pkts_max,0.1616707648438342,0.1616707648438342
13,fwd_seg_size_min_mean,1.0380291201187521,1.0380291201187521
13,fwd_seg_size_min_std,-0.40423742018389264,0.40423742018389264
13,fwd_seg_size_min_sum,0.25550315187177347,0.25550315187177347
13,fwd_seg_size_min_min,-0.15063282000072464,0.15063282000072464
13,fwd_seg_size_min_max,-0.12101702128307912,0.12101702128307912
13,active_mean_mean,-0.1669383299449234,0.1669383299449234
13,active_mean_std,-0.34450425019390246,0.34450425019390246
13,active_mean_sum,-0.6543051095073259,0.6543051095073259
13,active_mean_min,0.004257144184346498,0.004257144184346498
13,active_mean_max,-0.034418355196224305,0.034418355196224305
13,active_std_mean,-0.4401723216013055,0.4401723216013055
13,active_std_std,-0.12103457522408027,0.12103457522408027
13,active_std_sum,-0.6249709987777565,0.6249709987777565
13,active_std_min,0.02094445132729049,0.02094445132729049
13,active_std_max,0.24578215155837366,0.24578215155837366
13,active_max_mean,-0.2534736208753618,0.2534736208753618
13,active_max_std,0.46175923698066734,0.46175923698066734
13,active_max_sum,0.7250265946990725,0.7250265946990725
13,active_max_min,0.009710668722454298,0.009710668722454298
13,active_max_max,0.19211633142397144,0.19211633142397144
13,active_min_mean,0.038966359842107764,0.038966359842107764
13,active_min_std,-0.34866797115997794,0.34866797115997794
13,active_min_sum,0.1701537607587742,0.1701537607587742
13,active_min_min,-0.0049460348224472355,0.0049460348224472355
13,active_min_max,0.1729684543382538,0.1729684543382538
13,idle_mean_mean,0.1338777818485728,0.1338777818485728
13,idle_mean_std,-0.20441224824302712,0.20441224824302712
13,idle_mean_sum,0.023892045941355397,0.023892045941355397
13,idle_mean_min,-0.020815738886655322,0.020815738886655322
13,idle_mean_max,-0.0935986843897554,0.0935986843897554
13,idle_std_mean,0.42897415664876454,0.42897415664876454
13,idle_std_std,0.007670011424078882,0.007670011424078882
13,idle_std_sum,0.046786183184447556,0.046786183184447556
13,idle_std_min,-0.027312823184587637,0.027312823184587637
13,idle_std_max,-0.03466701914234134,0.03466701914234134
13,idle_max_mean,0.3324477814033928,0.3324477814033928
13,idle_max_std,0.0939279549090013,0.0939279549090013
13,idle_max_sum,0.11968636167353304,0.11968636167353304
13,idle_max_min,-0.0017599364994959166,0.0017599364994959166
13,idle_max_max,-0.12208076133949551,0.12208076133949551
13,idle_min_mean,-0.20284211806415062,0.20284211806415062
13,idle_min_std,-0.3830657047896512,0.3830657047896512
13,idle_min_sum,-0.0421100048654699,0.0421100048654699
13,idle_min_min,-0.053650325907149306,0.053650325907149306
13,idle_min_max,-0.07145901622289998,0.07145901622289998
13,duration_sec_mean,0.08223761844771794,0.08223761844771794
13,duration_sec_std,0.6507636364852384,0.6507636364852384
13,duration_sec_sum,-0.13666577428064963,0.13666577428064963
13,duration_sec_min,0.07444634962444607,0.07444634962444607
13,duration_sec_max,0.15356674996698585,0.15356674996698585
13,flow_count,0.13330535730805795,0.13330535730805795
13,unique_dst_ports_count,0.1399987923725264,0.1399987923725264
13,unique_protocols_count,0.011345789061284856,0.011345789061284856
13,pkt_ttl_min,-0.2341604358272541,0.2341604358272541
13,pkt_ttl_max,-0.4859503823743667,0.4859503823743667
13,pkt_ttl_std,0.36026742309337734,0.36026742309337734
13,pkt_ttl_mode,0.356306237598936,0.356306237598936
13,pkt_frag_mf_count,0.0,0.0
13,pkt_frag_df_count,0.714794762693123,0.714794762693123
13,pkt_payload_size_p25,-0.06775511321086115,0.06775511321086115
13,pkt_payload_size_p50,-0.21488065318924857,0.21488065318924857
13,pkt_payload_size_p75,-0.6661941653552702,0.6661941653552702
13,pkt_payload_size_p95,-0.8894304286168164,0.8894304286168164
13,pkt_tcp_retrans_count,1.5560828380410276,1.5560828380410276
13,pkt_port_scan_seq_score,1.4473248547138786,1.4473248547138786
14,duration_microsec_mean,0.09620243144347213,0.09620243144347213
14,duration_microsec_std,0.20834500204381418,0.20834500204381418
14,duration_microsec_sum,-0.06449331478325883,0.06449331478325883
14,duration_microsec_min,0.09093910718566435,0.09093910718566435
14,duration_microsec_max,0.29072758798776827,0.29072758798776827
14,packet_count_fwd_mean,0.5622577716609104,0.5622577716609104
14,packet_count_fwd_std,-0.26673530511539784,0.26673530511539784
14,packet_count_fwd_sum,0.23290471352435935,0.23290471352435935
14,packet_count_fwd_min,0.13941496212953833,0.13941496212953833
14,packet_count_fwd_max,-0.03697847174785317,0.03697847174785317
14,packet_count_bwd_mean,0.5745305162913489,0.5745305162913489
14,packet_count_bwd_std,1.096141135185576,1.096141135185576
14,packet_count_bwd_sum,0.03809975363157892,0.03809975363157892
14,packet_count_bwd_min,-0.15779607121146286,0.15779607121146286
14,packet_count_bwd_max,0.24751844143810922,0.24751844143810922
14,byte_count_fwd_mean,-0.06475418462830361,0.06475418462830361
14,byte_count_fwd_std,-0.7381494570459048,0.7381494570459048
14,byte_count_fwd_sum,-0.19703014615398406,0.19703014615398406
14,byte_count_fwd_min,0.19643187995664338,0.19643187995664338
14,byte_count_fwd_max,1.313448141917598,1.313448141917598
14,byte_count_bwd_mean,-0.5587802305267954,0.5587802305267954
14,byte_count_bwd_std,-1.5691092907272866,1.5691092907272866
14,byte_count_bwd_sum,-0.44710040887289815,0.44710040887289815
14,byte_count_bwd_min,0.05428734522069302,0.05428734522069302
14,byte_count_bwd_max,-0.6569118603519649,0.6569118603519649
14,fwd_pkt_len_max_mean,0.20822728747617264,0.20822728747617264
14,fwd_pkt_len_max_std,-1.6791364490668548,1.6791364490668548
14,fwd_pkt_len_max_sum,0.38688510392657405,0.38688510392657405
14,fwd_pkt_len_max_min,-0.055136307705634664,0.055136307705634664
14,fwd_pkt_len_max_max,0.49853246285395697,0.49853246285395697
14,fwd_pkt_len_min_mean,-0.19300969051015596,0.19300969051015596
14,fwd_pkt_len_min_std,0.015620576951819112,0.015620576951819112
14,fwd_pkt_len_min_sum,-0.15177984794083757,0.15177984794083757
14,fwd_pkt_len_min_min,0.04614989859973062,0.04614989859973062
14,fwd_pkt_len_min_max,-0.02393373046939559,0.02393373046939559
14,fwd_pkt_len_mean_mean,-0.2147443401182678,0.2147443401182678
14,fwd_pkt_len_mean_std,0.012858677331358613,0.012858677331358613
14,fwd_pkt_len_mean_sum,0.4366942311047907,0.4366942311047907
14,fwd_pkt_len_mean_min,0.013211895931140898,0.013211895931140898
14,fwd_pkt_len_mean_max,0.0139858134268423,0.0139858134268423
14,fwd_pkt_len_std_mean,2.016102386074188,2.016102386074188
14,fwd_pkt_len_std_std,0.9076622747607208,0.9076622747607208
14,fwd_pkt_len_std_sum,0.4308285295906616,0.4308285295906616
14,fwd_pkt_len_std_min,0.039835955698602855,0.039835955698602855
14,fwd_pkt_len_std_max,-0.2680899574635334,0.2680899574635334
14,bwd_pkt_len_max_mean,-0.0003841859523205281,0.0003841859523205281
14,bwd_pkt_len_max_std,0.5756686675445423,0.5756686675445423
14,bwd_pkt_len_max_sum,0.16240546309572365,0.16240546309572365
14,bwd_pkt_len_max_min,0.04876621275286427,0.04876621275286427
14,bwd_pkt_len_max_max,-0.13277187081042768,0.13277187081042768
14,bwd_pkt_len_min_mean,0.8562394797795739,0.8562394797795739
14,bwd_pkt_len_min_std,-0.35654870397754634,0.35654870397754634
14,bwd_pkt_len_min_sum,0.23089103827948565,0.23089103827948565
14,bwd_pkt_len_min_min,0.0,0.0
14,bwd_pkt_len_min_max,-0.014482113816003788,0.014482113816003788
14,bwd_pkt_len_mean_mean,0.19497846337920502,0.19497846337920502
14,bwd_pkt_len_mean_std,0.29281571329752165,0.29281571329752165
14,bwd_pkt_len_mean_sum,0.4718521010147735,0.4718521010147735
14,bwd_pkt_len_mean_min,0.05537380189507144,0.05537380189507144
14,bwd_pkt_len_mean_max,1.53993566018265,1.53993566018265
14,bwd_pkt_len_std_mean,-1.6492746255174062,1.6492746255174062
14,bwd_pkt_len_std_std,1.132114367255945,1.132114367255945
14,bwd_pkt_len_std_sum,-0.004617128744179511,0.004617128744179511
14,bwd_pkt_len_std_min,0.0445258302863613,0.0445258302863613
14,bwd_pkt_len_std_max,1.2277669572330447,1.2277669572330447
14,bytes_per_sec_mean,-1.3219612139881658,1.3219612139881658
14,bytes_per_sec_std,0.2625661449457237,0.2625661449457237
14,bytes_per_sec_sum,-0.8778152496325784,0.8778152496325784
14,bytes_per_sec_min,0.051921229476197754,0.051921229476197754
14,bytes_per_sec_max,1.1738737263710235,1.1738737263710235
14,packets_per_sec_mean,-0.29013511421965676,0.29013511421965676
14,packets_per_sec_std,0.0328532170599416,0.0328532170599416
14,packets_per_sec_sum,-0.26390357692924704,0.26390357692924704
14,packets_per_sec_min,-0.16911110323827927,0.16911110323827927
14,packets_per_sec_max,-0.31983152825501504,0.31983152825501504
14,flow_iat_mean_mean,0.22034069344564242,0.22034069344564242
14,flow_iat_mean_std,-0.15541384925789914,0.15541384925789914
14,flow_iat_mean_sum,0.2610122416602588,0.2610122416602588
14,flow_iat_mean_min,0.014765250457955282,0.014765250457955282
14,flow_iat_mean_max,-0.04131089536417466,0.04131089536417466
14,flow_iat_std_mean,-0.26754341342886173,0.26754341342886173
14,flow_iat_std_std,-1.2456890614493332,1.2456890614493332
14,flow_iat_std_sum,-0.3990559777600457,0.3990559777600457
14,flow_iat_std_min,-0.043543910595240584,0.043543910595240584
14,flow_iat_std_max,-0.26767617769691776,0.26767617769691776
14,flow_iat_max_mean,-0.2667799901519,0.2667799901519
14,flow_iat_max_std,-0.5689306275127147,0.5689306275127147
14,flow_iat_max_sum,0.19105503186140696,0.19105503186140696
14,flow_iat_max_min,-0.000991561200240761,0.000991561200240761
14,flow_iat_max_max,0.198270672799286,0.198270672799286
14,flow_iat_min_mean,0.1652392654306556,0.1652392654306556
14,flow_iat_min_std,0.033844670009613644,0.033844670009613644
14,flow_iat_min_sum,0.3220749851892362,0.3220749851892362
14,flow_iat_min_min,0.022034325449612934,0.022034325449612934
14,flow_iat_min_max,0.09485100331194615,0.09485100331194615
14,fwd_iat_tot_mean,0.07507493629143985,0.07507493629143985
14,fwd_iat_tot_std,0.24688721566288735,0.24688721566288735
14,fwd_iat_tot_sum,-0.10865556784565128,0.10865556784565128
14,fwd_iat_tot_min,0.08991674703562008,0.08991674703562008
14,fwd_iat_tot_max,0.03906906109356659,0.03906906109356659
14,fwd_iat_mean_mean,-0.0763448143776963,0.0763448143776963
14,fwd_iat_mean_std,-0.6767334281695112,0.6767334281695112
14,fwd_iat_mean_sum,0.1637229342394101,0.1637229342394101
14,fwd_iat_mean_min,0.007982739745353972,0.007982739745353972
14,fwd_iat_mean_max,0.27624967417204194,0.27624967417204194
14,fwd_iat_std_mean,0.32875870144393,0.32875870144393
14,fwd_iat_std_std,0.3365006602762877,0.3365006602762877
14,fwd_iat_std_sum,0.268384147081749,0.268384147081749
14,fwd_iat_std_min,-0.050482992491226016,0.050482992491226016
14,fwd_iat_std_max,0.28278858239300353,0.28278858239300353
14,fwd_iat_max_mean,0.06321689892356076,0.06321689892356076
14,fwd_iat_max_std,-0.05807786891209145,0.05807786891209145
14,fwd_iat_max_sum,0.36051842087632624,0.36051842087632624
14,fwd_iat_max_min,-0.0010526706960657974,0.0010526706960657974
14,fwd_iat_max_max,-0.2773048573427928,0.2773048573427928
14,fwd_iat_min_mean,0.0032836831847842247,0.0032836831847842247
14,fwd_iat_min_std,-0.4280607856488139,0.4280607856488139
14,fwd_iat_min_sum,0.3402385313483772,0.3402385313483772
14,fwd_iat_min_min,0.00574392470382218,0.00574392470382218
14,fwd_iat_min_max,0.32344960710674986,0.32344960710674986
14,bwd_iat_tot_mean,-0.5875327194898037,0.5875327194898037
14,bwd_iat_tot_std,-0.10228921605106561,0.10228921605106561
14,bwd_iat_tot_sum,-0.07773083208012864,0.07773083208012864
14,bwd_iat_tot_min,0.02492141996733316,0.02492141996733316
14,bwd_iat_tot_max,-0.2912094702988748,0.2912094702988748
14,bwd_iat_mean_mean,0.4765112706861485,0.4765112706861485
14,bwd_iat_mean_std,1.0075094020389694,1.0075094020389694
14,bwd_iat_mean_sum,-0.642244256157607,0.642244256157607
14,bwd_iat_mean_min,-0.04216687708561798,0.04216687708561798
14,bwd_iat_mean_max,-0.5364308319088082,0.5364308319088082
14,bwd_iat_std_mean,1.3657659343712731,1.3657659343712731
14,bwd_iat_std_std,0.2430647984041278,0.2430647984041278
14,bwd_iat_std_sum,0.29956589307697634,0.29956589307697634
14,bwd_iat_std_min,0.02094044987069273,0.02094044987069273
14,bwd_iat_std_max,-0.05863856637885894,0.05863856637885894
14,bwd_iat_max_mean,-0.17203275388588726,0.17203275388588726
14,bwd_iat_max_std,-1.0226093353910264,1.0226093353910264
14,bwd_iat_max_sum,-0.12139430362048402,0.12139430362048402
14,bwd_iat_max_min,-0.001140083606254198,0.001140083606254198
14,bwd_iat_max_max,0.012282466733167042,0.012282466733167042
14,bwd_iat_min_mean,-0.039718113701855705,0.039718113701855705
14,bwd_iat_min_std,-1.0330676830414605,1.0330676830414605
14,bwd_iat_min_sum,0.10924075945861991,0.10924075945861991
14,bwd_iat_min_min,-0.08212200666946566,0.08212200666946566
14,bwd_iat_min_max,0.895430099261949,0.895430099261949
14,fwd_psh_flags_mean,-0.08906932611701816,0.08906932611701816
14,fwd_psh_flags_std,-0.14216626103350039,0.14216626103350039
14,fwd_psh_flags_sum,-0.06522053843011565,0.06522053843011565
14,fwd_psh_flags_min,-0.014243268129314413,0.014243268129314413
14,fwd_psh_flags_max,0.09512615780800919,0.09512615780800919
14,bwd_psh_flags_mean,0.0,0.0
14,bwd_psh_flags_std,0.0,0.0
14,bwd_psh_flags_sum,0.0,0.0
14,bwd_psh_flags_min,0.0,0.0
14,bwd_psh_flags_max,0.0,0.0
14,fwd_urg_flags_mean,-0.21731810685836228,0.21731810685836228
14,fwd_urg_flags_std,0.3819921885785422,0.3819921885785422
14,fwd_urg_flags_sum,0.014252294444384774,0.014252294444384774
14,fwd_urg_flags_min,0.0,0.0
14,fwd_urg_flags_max,0.12149531641608455,0.12149531641608455
14,bwd_urg_flags_mean,0.0,0.0
14,bwd_urg_flags_std,0.0,0.0
14,bwd_urg_flags_sum,0.0,0.0
14,bwd_urg_flags_min,0.0,0.0
14,bwd_urg_flags_max,0.0,0.0
14,fwd_header_len_mean,0.26373942418433444,0.26373942418433444
14,fwd_header_len_std,0.31862107336801465,0.31862107336801465
14,fwd_header_len_sum,0.22758507378211643,0.22758507378211643
14,fwd_header_len_min,-0.013249204323324213,0.013249204323324213
14,fwd_header_len_max,0.5372145828490283,0.5372145828490283
14,bwd_header_len_mean,-0.03020789926216238,0.03020789926216238
14,bwd_header_len_std,-0.2612569479857804,0.2612569479857804
14,bwd_header_len_sum,0.07183863963930356,0.07183863963930356
14,bwd_header_len_min,0.0007839817303707075,0.0007839817303707075
14,bwd_header_len_max,0.5736039571805454,0.5736039571805454
14,fwd_pkts_per_sec_mean,0.3359736985575057,0.3359736985575057
14,fwd_pkts_per_sec_std,0.10687756542443955,0.10687756542443955
14,fwd_pkts_per_sec_sum,0.38687604674171344,0.38687604674171344
14,fwd_pkts_per_sec_min,0.01870321014946953,0.01870321014946953
14,fwd_pkts_per_sec_max,-0.3937672939172467,0.3937672939172467
14,bwd_pkts_per_sec_mean,-0.20660450209731554,0.20660450209731554
14,bwd_pkts_per_sec_std,0.6933445995573855,0.6933445995573855
14,bwd_pkts_per_sec_sum,-0.9513619424909927,0.9513619424909927
14,bwd_pkts_per_sec_min,0.018712570475673707,0.018712570475673707
14,bwd_pkts_per_sec_max,-0.26053680239132776,0.26053680239132776
14,pkt_len_min_mean,-0.012563065582163753,0.012563065582163753
14,pkt_len_min_std,0.9223759206333797,0.9223759206333797
14,pkt_len_min_sum,-0.18029452937897375,0.18029452937897375
14,pkt_len_min_min,0.045937005368245576,0.045937005368245576
14,pkt_len_min_max,-0.30950575567220945,0.30950575567220945
14,pkt_len_max_mean,-0.6542723987354107,0.6542723987354107
14,pkt_len_max_std,-0.7294633499209968,0.7294633499209968
14,pkt_len_max_sum,0.29620924095475903,0.29620924095475903
14,pkt_len_max_min,0.007476217757886933,0.007476217757886933
14,pkt_len_max_max,0.35146265361731327,0.35146265361731327
14,pkt_len_mean_mean,-0.6814146527917846,0.6814146527917846
14,pkt_len_mean_std,0.32614663997429444,0.32614663997429444
14,pkt_len_mean_sum,0.33241830501528025,0.33241830501528025
14,pkt_len_mean_min,0.02125138045450594,0.02125138045450594
14,pkt_len_mean_max,-0.9569302133631913,0.9569302133631913
14,pkt_len_std_mean,-0.9448819985349998,0.9448819985349998
14,pkt_len_std_std,0.5561459404472313,0.5561459404472313
14,pkt_len_std_sum,0.2803631761202079,0.2803631761202079
14,pkt_len_std_min,0.049191375345825156,0.049191375345825156
14,pkt_len_std_max,-0.14670814429015694,0.14670814429015694
14,pkt_len_var_mean,-1.2360263613291191,1.2360263613291191
14,pkt_len_var_std,-1.547171293220322,1.547171293220322
14,pkt_len_var_sum,0.5352380085199827,0.5352380085199827
14,pkt_len_var_min,0.04645465642793849,0.04645465642793849
14,pkt_len_var_max,-1.4846296731989546,1.4846296731989546
14,fin_flag_cnt_mean,0.06615928966586375,0.06615928966586375
14,fin_flag_cnt_std,0.13584890611148073,0.13584890611148073
14,fin_flag_cnt_sum,-0.01752978141660944,0.01752978141660944
14,fin_flag_cnt_min,0.0,0.0
14,fin_flag_cnt_max,0.14335504917626493,0.14335504917626493
14,syn_flag_cnt_mean,-0.08906932611701816,0.08906932611701816
14,syn_flag_cnt_std,-0.14216626103350039,0.14216626103350039
14,syn_flag_cnt_sum,-0.06522053843011565,0.06522053843011565
14,syn_flag_cnt_min,-0.014243268129314413,0.014243268129314413
14,syn_flag_cnt_max,0.09512615780800919,0.09512615780800919
14,rst_flag_cnt_mean,0.015924608132960993,0.015924608132960993
14,rst_flag_cnt_std,0.6003625377940702,0.6003625377940702
14,rst_flag_cnt_sum,0.6782744820155344,0.6782744820155344
14,rst_flag_cnt_min,0.0,0.0
14,rst_flag_cnt_max,-0.3283870565817516,0.3283870565817516
14,psh_flag_cnt_mean,0.49170481597295856,0.49170481597295856
14,psh_flag_cnt_std,-0.036172139114950735,0.036172139114950735
14,psh_flag_cnt_sum,0.0935687007509662,0.0935687007509662
14,psh_flag_cnt_min,0.00571839859016992,0.00571839859016992
14,psh_flag_cnt_max,-0.4857375110822208,0.4857375110822208
14,ack_flag_cnt_mean,0.18823492324378163,0.18823492324378163
14,ack_flag_cnt_std,0.994485433428784,0.994485433428784
14,ack_flag_cnt_sum,0.4771936712692442,0.4771936712692442
14,ack_flag_cnt_min,-0.014243268129314413,0.014243268129314413
14,ack_flag_cnt_max,-0.34315874121879136,0.34315874121879136
14,urg_flag_cnt_mean,-0.8268142133620152,0.8268142133620152
14,urg_flag_cnt_std,0.5437344649747994,0.5437344649747994
14,urg_flag_cnt_sum,-0.00025424964603386227,0.00025424964603386227
14,urg_flag_cnt_min,0.0,0.0
14,urg_flag_cnt_max,0.8101574849209353,0.8101574849209353
14,cwe_flag_cnt_mean,-0.21731810685836228,0.21731810685836228
14,cwe_flag_cnt_std,0.3819921885785422,0.3819921885785422
14,cwe_flag_cnt_sum,0.014252294444384774,0.014252294444384774
14,cwe_flag_cnt_min,0.0,0.0
14,cwe_flag_cnt_max,0.12149531641608455,0.12149531641608455
14,ece_flag_cnt_mean,0.05819638583373159,0.05819638583373159
14,ece_flag_cnt_std,0.6253698766508328,0.6253698766508328
14,ece_flag_cnt_sum,0.6791839689543059,0.6791839689543059
14,ece_flag_cnt_min,0.0,0.0
14,ece_flag_cnt_max,-0.3283870565817516,0.3283870565817516
14,down_up_ratio_mean,0.34289252133579606,0.34289252133579606
14,down_up_ratio_std,-1.1937514381874572,1.1937514381874572
14,down_up_ratio_sum,0.2883029276812716,0.2883029276812716
14,down_up_ratio_min,-0.0042112932477854255,0.0042112932477854255
14,down_up_ratio_max,0.4600309791342536,0.4600309791342536
14,pkt_size_avg_mean,-0.6788393132028759,0.6788393132028759
14,pkt_size_avg_std,0.2204750803974019,0.2204750803974019
14,pkt_size_avg_sum,0.2925494108181559,0.2925494108181559
14,pkt_size_avg_min,0.01082998310971779,0.01082998310971779
14,pkt_size_avg_max,0.28182308864132577,0.28182308864132577
14,fwd_seg_size_avg_mean,-0.2147443401182678,0.2147443401182678
14,fwd_seg_size_avg_std,0.012858677331358613,0.012858677331358613
14,fwd_seg_size_avg_sum,0.4366942311047907,0.4366942311047907
14,fwd_seg_size_avg_min,0.013211895931140898,0.013211895931140898
14,fwd_seg_size_avg_max,0.0139858134268423,0.0139858134268423
14,bwd_seg_size_avg_mean,0.1949784633758543,0.1949784633758543
14,bwd_seg_size_avg_std,0.2928157132817791,0.2928157132817791
14,bwd_seg_size_avg_sum,0.4718521010142702,0.4718521010142702
14,bwd_seg_size_avg_min,0.05537380189507144,0.05537380189507144
14,bwd_seg_size_avg_max,1.5399356601827772,1.5399356601827772
14,fwd_byts_b_avg_mean,0.0,0.0
14,fwd_byts_b_avg_std,0.0,0.0
14,fwd_byts_b_avg_sum,0.0,0.0
14,fwd_byts_b_avg_min,0.0,0.0
14,fwd_byts_b_avg_max,0.0,0.0
14,fwd_pkts_b_avg_mean,0.0,0.0
14,fwd_pkts_b_avg_std,0.0,0.0
14,fwd_pkts_b_avg_sum,0.0,0.0
14,fwd_pkts_b_avg_min,0.0,0.0
14,fwd_pkts_b_avg_max,0.0,0.0
14,fwd_blk_rate_avg_mean,0.0,0.0
14,fwd_blk_rate_avg_std,0.0,0.0
14,fwd_blk_rate_avg_sum,0.0,0.0
14,fwd_blk_rate_avg_min,0.0,0.0
14,fwd_blk_rate_avg_max,0.0,0.0
14,bwd_byts_b_avg_mean,0.0,0.0
14,bwd_byts_b_avg_std,0.0,0.0
14,bwd_byts_b_avg_sum,0.0,0.0
14,bwd_byts_b_avg_min,0.0,0.0
14,bwd_byts_b_avg_max,0.0,0.0
14,bwd_pkts_b_avg_mean,0.0,0.0
14,bwd_pkts_b_avg_std,0.0,0.0
14,bwd_pkts_b_avg_sum,0.0,0.0
14,bwd_pkts_b_avg_min,0.0,0.0
14,bwd_pkts_b_avg_max,0.0,0.0
14,bwd_blk_rate_avg_mean,0.0,0.0
14,bwd_blk_rate_avg_std,0.0,0.0
14,bwd_blk_rate_avg_sum,0.0,0.0
14,bwd_blk_rate_avg_min,0.0,0.0
14,bwd_blk_rate_avg_max,0.0,0.0
14,subflow_fwd_pkts_mean,0.26210526114705995,0.26210526114705995
14,subflow_fwd_pkts_std,0.30306329050199327,0.30306329050199327
14,subflow_fwd_pkts_sum,0.17559768973162984,0.17559768973162984
14,subflow_fwd_pkts_min,0.06918313134871669,0.06918313134871669
14,subflow_fwd_pkts_max,0.1988298194576097,0.1988298194576097
14,subflow_fwd_byts_mean,0.2040453478228539,0.2040453478228539
14,subflow_fwd_byts_std,-0.06804638063151323,0.06804638063151323
14,subflow_fwd_byts_sum,0.19030706621165366,0.19030706621165366
14,subflow_fwd_byts_min,-0.021218261307329636,0.021218261307329636
14,subflow_fwd_byts_max,-0.1462658090616717,0.1462658090616717
14,subflow_bwd_pkts_mean,-0.13607977563813,0.13607977563813
14,subflow_bwd_pkts_std,-0.6323731220504432,0.6323731220504432
14,subflow_bwd_pkts_sum,-0.17596208378244643,0.17596208378244643
14,subflow_bwd_pkts_min,-0.0528339738351275,0.0528339738351275
14,subflow_bwd_pkts_max,-0.08749206740790909,0.08749206740790909
14,subflow_bwd_byts_mean,0.23472700402763816,0.23472700402763816
14,subflow_bwd_byts_std,-0.23794993048061983,0.23794993048061983
14,subflow_bwd_byts_sum,-0.8707532668239498,0.8707532668239498
14,subflow_bwd_byts_min,0.04777330139717231,0.04777330139717231
14,subflow_bwd_byts_max,0.45521703170614997,0.45521703170614997
14,window_size_fwd_mean,0.37637536624780116,0.37637536624780116
14,window_size_fwd_std,-1.1925522685220387,1.1925522685220387
14,window_size_fwd_sum,0.1540541336332644,0.1540541336332644
14,window_size_fwd_min,0.030281586060663303,0.030281586060663303
14,window_size_fwd_max,-0.18751724409157972,0.18751724409157972
14,window_size_bwd_mean,-0.7790580792502375,0.7790580792502375
14,window_size_bwd_std,1.9582448139221087,1.9582448139221087
14,window_size_bwd_sum,-0.759518433644078,0.759518433644078
14,window_size_bwd_min,0.040485934598030425,0.040485934598030425
14,window_size_bwd_max,0.3815386054096171,0.3815386054096171
14,fwd_act_data_pkts_mean,0.26112915537908105,0.26112915537908105
14,fwd_act_data_pkts_std,0.2987283102302648,0.2987283102302648
14,fwd_act_data_pkts_sum,0.15724220694972138,0.15724220694972138
14,fwd_act_data_pkts_min,0.13697729573867812,0.13697729573867812
14,fwd_act_data_pkts_max,0.1613724786831842,0.1613724786831842
14,fwd_seg_size_min_mean,1.0296141553656126,1.0296141553656126
14,fwd_seg_size_min_std,-0.4092843152849533,0.4092843152849533
14,fwd_seg_size_min_sum,0.2551829744185897,0.2551829744185897
14,fwd_seg_size_min_min,-0.15174097336146003,0.15174097336146003
14,fwd_seg_size_min_max,-0.12105007784483307,0.12105007784483307
14,active_mean_mean,-0.16645278963763477,0.16645278963763477
14,active_mean_std,-0.34491557905005055,0.34491557905005055
14,active_mean_sum,-0.6542622731213178,0.6542622731213178
14,active_mean_min,0.00423171417087426,0.00423171417087426
14,active_mean_max,-0.0341067212869475,0.0341067212869475
14,active_std_mean,-0.43974431192224595,0.43974431192224595
14,active_std_std,-0.12168915968564525,0.12168915968564525
14,active_std_sum,-0.6249547550894154,0.6249547550894154
14,active_std_min,0.021271979979445486,0.021271979979445486
14,active_std_max,0.2458191880234425,0.2458191880234425
14,active_max_mean,-0.25297223213142495,0.25297223213142495
14,active_max_std,0.4611517157849175,0.4611517157849175
14,active_max_sum,0.7253927915336371,0.7253927915336371
14,active_max_min,0.009829737533979067,0.009829737533979067
14,active_max_max,0.19263567457491704,0.19263567457491704
14,active_min_mean,0.03944644596542815,0.03944644596542815
14,active_min_std,-0.34882281617126976,0.34882281617126976
14,active_min_sum,0.17008294508590993,0.17008294508590993
14,active_min_min,-0.005235748140476966,0.005235748140476966
14,active_min_max,0.17266112133459205,0.17266112133459205
14,idle_mean_mean,0.1345991173319358,0.1345991173319358
14,idle_mean_std,-0.20587161208038124,0.20587161208038124
14,idle_mean_sum,0.02376829662573682,0.02376829662573682
14,idle_mean_min,-0.02059460358274997,0.02059460358274997
14,idle_mean_max,-0.09306251713353358,0.09306251713353358
14,idle_std_mean,0.42826595901829717,0.42826595901829717
14,idle_std_std,0.007633251898305366,0.007633251898305366
14,idle_std_sum,0.04689272753507361,0.04689272753507361
14,idle_std_min,-0.02789773054616516,0.02789773054616516
14,idle_std_max,-0.034474086503018045,0.034474086503018045
14,idle_max_mean,0.332815268951614,0.332815268951614
14,idle_max_std,0.09256508876080875,0.09256508876080875
14,idle_max_sum,0.11945414503887299,0.11945414503887299
14,idle_max_min,-0.0016081737851631145,0.0016081737851631145
14,idle_max_max,-0.1222207147799505,0.1222207147799505
14,idle_min_mean,-0.20223292700281587,0.20223292700281587
14,idle_min_std,-0.3842283658664359,0.3842283658664359
14,idle_min_sum,-0.042248784967974254,0.042248784967974254
14,idle_min_min,-0.053280775830958554,0.053280775830958554
14,idle_min_max,-0.0709415366235365,0.0709415366235365
14,duration_sec_mean,0.08507801890200485,0.08507801890200485
14,duration_sec_std,0.6495062481481301,0.6495062481481301
14,duration_sec_sum,-0.13567048661895414,0.13567048661895414
14,duration_sec_min,0.07400660307765537,0.07400660307765537
14,duration_sec_max,0.1525221963829922,0.1525221963829922
14,flow_count,0.13490231627435798,0.13490231627435798
14,unique_dst_ports_count,0.14189216493439522,0.14189216493439522
14,unique_protocols_count,0.01205126886942052,0.01205126886942052
14,pkt_ttl_min,-0.23757806983218605,0.23757806983218605
14,pkt_ttl_max,-0.4848755066968137,0.4848755066968137
14,pkt_ttl_std,0.3503435735414137,0.3503435735414137
14,pkt_ttl_mode,0.3464066541548258,0.3464066541548258
14,pkt_frag_mf_count,0.0,0.0
14,pkt_frag_df_count,0.7055455903009828,0.7055455903009828
14,pkt_payload_size_p25,-0.07358426571952009,0.07358426571952009
14,pkt_payload_size_p50,-0.2186009826483345,0.2186009826483345
14,pkt_payload_size_p75,-0.6613299636874491,0.6613299636874491
14,pkt_payload_size_p95,-0.8793135128425927,0.8793135128425927
14,pkt_tcp_retrans_count,1.5460009427152288,1.5460009427152288
14,pkt_port_scan_seq_score,1.43717166154469,1.43717166154469
15,duration_microsec_mean,0.09513555607638276,0.09513555607638276
15,duration_microsec_std,0.20613681848670057,0.20613681848670057
15,duration_microsec_sum,-0.06515701566203821,0.06515701566203821
15,duration_microsec_min,0.09152868555060015,0.09152868555060015
15,duration_microsec_max,0.2893328822582406,0.2893328822582406
15,packet_count_fwd_mean,0.5612532974843252,0.5612532974843252
15,packet_count_fwd_std,-0.268251324739559,0.268251324739559
15,packet_count_fwd_sum,0.23176850722876138,0.23176850722876138
15,packet_count_fwd_min,0.13934721226857044,0.13934721226857044
15,packet_count_fwd_max,-0.035120411181149884,0.035120411181149884
15,packet_count_bwd_mean,0.5704682907126563,0.5704682907126563
15,packet_count_bwd_std,1.0950988962869355,1.0950988962869355
15,packet_count_bwd_sum,0.03570688199288614,0.03570688199288614
15,packet_count_bwd_min,-0.1567199204748707,0.1567199204748707
15,packet_count_bwd_max,0.24987190457273853,0.24987190457273853
15,byte_count_fwd_mean,-0.06440435737064616,0.06440435737064616
15,byte_count_fwd_std,-0.7395958200068811,0.7395958200068811
15,byte_count_fwd_sum,-0.19691869351839486,0.19691869351839486
15,byte_count_fwd_min,0.196208317664392,0.196208317664392
15,byte_count_fwd_max,1.3143984001317126,1.3143984001317126
15,byte_count_bwd_mean,-0.5598763244909336,0.5598763244909336
15,byte_count_bwd_std,-1.5657486226066724,1.5657486226066724
15,byte_count_bwd_sum,-0.44798198385087684,0.44798198385087684
15,byte_count_bwd_min,0.05867802902005423,0.05867802902005423
15,byte_count_bwd_max,-0.6583448823682543,0.6583448823682543
15,fwd_pkt_len_max_mean,0.19724581009311704,0.19724581009311704
15,fwd_pkt_len_max_std,-1.6780491125812338,1.6780491125812338
15,fwd_pkt_len_max_sum,0.38714336445471015,0.38714336445471015
15,fwd_pkt_len_max_min,-0.05501326352419526,0.05501326352419526
15,fwd_pkt_len_max_max,0.4991751748196095,0.4991751748196095
15,fwd_pkt_len_min_mean,-0.19227957117534647,0.19227957117534647
15,fwd_pkt_len_min_std,0.0157505227473384,0.0157505227473384
15,fwd_pkt_len_min_sum,-0.15193098774168745,0.15193098774168745
15,fwd_pkt_len_min_min,0.046283142212331124,0.046283142212331124
15,fwd_pkt_len_min_max,-0.02427185507290049,0.02427185507290049
15,fwd_pkt_len_mean_mean,-0.214333099747223,0.214333099747223
15,fwd_pkt_len_mean_std,0.012654805238290897,0.012654805238290897
15,fwd_pkt_len_mean_sum,0.4374416029538143,0.4374416029538143
15,fwd_pkt_len_mean_min,0.013336695459481112,0.013336695459481112
15,fwd_pkt_len_mean_max,0.014122202214383005,0.014122202214383005
15,fwd_pkt_len_std_mean,2.020109371372179,2.020109371372179
15,fwd_pkt_len_std_std,0.9081974186640418,0.9081974186640418
15,fwd_pkt_len_std_sum,0.4317245099291742,0.4317245099291742
15,fwd_pkt_len_std_min,0.040958392727466465,0.040958392727466465
15,fwd_pkt_len_std_max,-0.26878871495460693,0.26878871495460693
15,bwd_pkt_len_max_mean,-0.0053088617933313605,0.0053088617933313605
15,bwd_pkt_len_max_std,0.5753001790503492,0.5753001790503492
15,bwd_pkt_len_max_sum,0.1629865825819042,0.1629865825819042
15,bwd_pkt_len_max_min,0.05140070752417171,0.05140070752417171
15,bwd_pkt_len_max_max,-0.13222869594721948,0.13222869594721948
15,bwd_pkt_len_min_mean,0.8562071461385384,0.8562071461385384
15,bwd_pkt_len_min_std,-0.35576338874789215,0.35576338874789215
15,bwd_pkt_len_min_sum,0.2301712626734765,0.2301712626734765
15,bwd_pkt_len_min_min,0.0,0.0
15,bwd_pkt_len_min_max,-0.01460287302814465,0.01460287302814465
15,bwd_pkt_len_mean_mean,0.1969704518634506,0.1969704518634506
15,bwd_pkt_len_mean_std,0.2929131110584471,0.2929131110584471
15,bwd_pkt_len_mean_sum,0.4726095946845372,0.4726095946845372
15,bwd_pkt_len_mean_min,0.06075778325783059,0.06075778325783059
15,bwd_pkt_len_mean_max,1.5391582790793672,1.5391582790793672
15,bwd_pkt_len_std_mean,-1.6451098969373579,1.6451098969373579
15,bwd_pkt_len_std_std,1.1367676818707404,1.1367676818707404
15,bwd_pkt_len_std_sum,-0.0027350037406823763,0.0027350037406823763
15,bwd_pkt_len_std_min,0.04637288352549424,0.04637288352549424
15,bwd_pkt_len_std_max,1.2278888860604533,1.2278888860604533
15,bytes_per_sec_mean,-1.322004085806487,1.322004085806487
15,bytes_per_sec_std,0.2626033786614096,0.2626033786614096
15,bytes_per_sec_sum,-0.8775860666839551,0.8775860666839551
15,bytes_per_sec_min,0.05189485860948796,0.05189485860948796
15,bytes_per_sec_max,1.1744062720312223,1.1744062720312223
15,packets_per_sec_mean,-0.2940442247888651,0.2940442247888651
15,packets_per_sec_std,0.03284163530656867,0.03284163530656867
15,packets_per_sec_sum,-0.2663110222263728,0.2663110222263728
15,packets_per_sec_min,-0.16581185278189384,0.16581185278189384
15,packets_per_sec_max,-0.31957401368206756,0.31957401368206756
15,flow_iat_mean_mean,0.219678941376403,0.219678941376403
15,flow_iat_mean_std,-0.1564418734612495,0.1564418734612495
15,flow_iat_mean_sum,0.2605277746394547,0.2605277746394547
15,flow_iat_mean_min,0.01516711747434806,0.01516711747434806
15,flow_iat_mean_max,-0.04056555729829793,0.04056555729829793
15,flow_iat_std_mean,-0.26816460205024695,0.26816460205024695
15,flow_iat_std_std,-1.2441662921219854,1.2441662921219854
15,flow_iat_std_sum,-0.3993964338596986,0.3993964338596986
15,flow_iat_std_min,-0.043586062107087924,0.043586062107087924
15,flow_iat_std_max,-0.2676960696094823,0.2676960696094823
15,flow_iat_max_mean,-0.2674271857570131,0.2674271857570131
15,flow_iat_max_std,-0.5693210990280047,0.5693210990280047
15,flow_iat_max_sum,0.19043004155374066,0.19043004155374066
15,flow_iat_max_min,-0.0006620711739842393,0.0006620711739842393
15,flow_iat_max_max,0.19770678722447732,0.19770678722447732
15,flow_iat_min_mean,0.16460976660524296,0.16460976660524296
15,flow_iat_min_std,0.03276233696508354,0.03276233696508354
15,flow_iat_min_sum,0.3215403248875119,0.3215403248875119
15,flow_iat_min_min,0.022492290113726682,0.022492290113726682
15,flow_iat_min_max,0.09548637367536272,0.09548637367536272
15,fwd_iat_tot_mean,0.07432212534763856,0.07432212534763856
15,fwd_iat_tot_std,0.2453869083416769,0.2453869083416769
15,fwd_iat_tot_sum,-0.10871776960306477,0.10871776960306477
15,fwd_iat_tot_min,0.09057260616853793,0.09057260616853793
15,fwd_iat_tot_max,0.03758866640297539,0.03758866640297539
15,fwd_iat_mean_mean,-0.07665633472102079,0.07665633472102079
15,fwd_iat_mean_std,-0.6769189374316826,0.6769189374316826
15,fwd_iat_mean_sum,0.16345942778427422,0.16345942778427422
15,fwd_iat_mean_min,0.008322499709960934,0.008322499709960934
15,fwd_iat_mean_max,0.27626346879778296,0.27626346879778296
15,fwd_iat_std_mean,0.32722946673751613,0.32722946673751613
15,fwd_iat_std_std,0.3368019647004097,0.3368019647004097
15,fwd_iat_std_sum,0.26808003479832937,0.26808003479832937
15,fwd_iat_std_min,-0.05055803051907143,0.05055803051907143
15,fwd_iat_std_max,0.2827670633431831,0.2827670633431831
15,fwd_iat_max_mean,0.06327635062265234,0.06327635062265234
15,fwd_iat_max_std,-0.05765290269475182,0.05765290269475182
15,fwd_iat_max_sum,0.3607111311503187,0.3607111311503187
15,fwd_iat_max_min,-0.0007216830476787498,0.0007216830476787498
15,fwd_iat_max_max,-0.27616695578319245,0.27616695578319245
15,fwd_iat_min_mean,0.0032658246759887507,0.0032658246759887507
15,fwd_iat_min_std,-0.4280268856365094,0.4280268856365094
15,fwd_iat_min_sum,0.3399319169227553,0.3399319169227553
15,fwd_iat_min_min,0.00589859785047624,0.00589859785047624
15,fwd_iat_min_max,0.3234471505793934,0.3234471505793934
15,bwd_iat_tot_mean,-0.5873345580820206,0.5873345580820206
15,bwd_iat_tot_std,-0.10076878724505446,0.10076878724505446
15,bwd_iat_tot_sum,-0.07776971542390121,0.07776971542390121
15,bwd_iat_tot_min,0.02563943265115614,0.02563943265115614
15,bwd_iat_tot_max,-0.29270731363219704,0.29270731363219704
15,bwd_iat_mean_mean,0.47668491787521844,0.47668491787521844
15,bwd_iat_mean_std,1.0083057272060152,1.0083057272060152
15,bwd_iat_mean_sum,-0.6419269321641019,0.6419269321641019
15,bwd_iat_mean_min,-0.04280511817954945,0.04280511817954945
15,bwd_iat_mean_max,-0.5363872193895391,0.5363872193895391
15,bwd_iat_std_mean,1.3654196734423594,1.3654196734423594
15,bwd_iat_std_std,0.24060356869194194,0.24060356869194194
15,bwd_iat_std_sum,0.2995192372997524,0.2995192372997524
15,bwd_iat_std_min,0.02114888123976524,0.02114888123976524
15,bwd_iat_std_max,-0.05836660968427491,0.05836660968427491
15,bwd_iat_max_mean,-0.17171490431534653,0.17171490431534653
15,bwd_iat_max_std,-1.0220434879460472,1.0220434879460472
15,bwd_iat_max_sum,-0.12111186834953361,0.12111186834953361
15,bwd_iat_max_min,-0.0012591635591672114,0.0012591635591672114
15,bwd_iat_max_max,0.012669110803855016,0.012669110803855016
15,bwd_iat_min_mean,-0.04143462674608247,0.04143462674608247
15,bwd_iat_min_std,-1.0332316034717666,1.0332316034717666
15,bwd_iat_min_sum,0.10899968293467627,0.10899968293467627
15,bwd_iat_min_min,-0.08362995559637268,0.08362995559637268
15,bwd_iat_min_max,0.8953852213351341,0.8953852213351341
15,fwd_psh_flags_mean,-0.08938840037398615,0.08938840037398615
15,fwd_psh_flags_std,-0.14182778120049058,0.14182778120049058
15,fwd_psh_flags_sum,-0.0655077118977902,0.0655077118977902
15,fwd_psh_flags_min,-0.01564189513279667,0.01564189513279667
15,fwd_psh_flags_max,0.0954877661463191,0.0954877661463191
15,bwd_psh_flags_mean,0.0,0.0
15,bwd_psh_flags_std,0.0,0.0
15,bwd_psh_flags_sum,0.0,0.0
15,bwd_psh_flags_min,0.0,0.0
15,bwd_psh_flags_max,0.0,0.0
15,fwd_urg_flags_mean,-0.2172906345759158,0.2172906345759158
15,fwd_urg_flags_std,0.38212729932555395,0.38212729932555395
15,fwd_urg_flags_sum,0.013896670685411503,0.013896670685411503
15,fwd_urg_flags_min,0.0,0.0
15,fwd_urg_flags_max,0.12164564438749514,0.12164564438749514
15,bwd_urg_flags_mean,0.0,0.0
15,bwd_urg_flags_std,0.0,0.0
15,bwd_urg_flags_sum,0.0,0.0
15,bwd_urg_flags_min,0.0,0.0
15,bwd_urg_flags_max,0.0,0.0
15,fwd_header_len_mean,0.2639537609198896,0.2639537609198896
15,fwd_header_len_std,0.3190781065673371,0.3190781065673371
15,fwd_header_len_sum,0.2275389385030165,0.2275389385030165
15,fwd_header_len_min,-0.013110266981660859,0.013110266981660859
15,fwd_header_len_max,0.5374999160597781,0.5374999160597781
15,bwd_header_len_mean,-0.03454738084580711,0.03454738084580711
15,bwd_header_len_std,-0.25871948862340777,0.25871948862340777
15,bwd_header_len_sum,0.06790570447768886,0.06790570447768886
15,bwd_header_len_min,0.0017214526354636648,0.0017214526354636648
15,bwd_header_len_max,0.5729905767954351,0.5729905767954351
15,fwd_pkts_per_sec_mean,0.3356377171649672,0.3356377171649672
15,fwd_pkts_per_sec_std,0.10845990280502055,0.10845990280502055
15,fwd_pkts_per_sec_sum,0.3885341733646758,0.3885341733646758
15,fwd_pkts_per_sec_min,0.022446562117043888,0.022446562117043888
15,fwd_pkts_per_sec_max,-0.39398631095081754,0.39398631095081754
15,bwd_pkts_per_sec_mean,-0.20554000652595075,0.20554000652595075
15,bwd_pkts_per_sec_std,0.6931770631389703,0.6931770631389703
15,bwd_pkts_per_sec_sum,-0.9512734058661083,0.9512734058661083
15,bwd_pkts_per_sec_min,0.02245469750064317,0.02245469750064317
15,bwd_pkts_per_sec_max,-0.26047447773380156,0.26047447773380156
15,pkt_len_min_mean,-0.011860725590022173,0.011860725590022173
15,pkt_len_min_std,0.9232590172795967,0.9232590172795967
15,pkt_len_min_sum,-0.18009589345918903,0.18009589345918903
15,pkt_len_min_min,0.04612602507289325,0.04612602507289325
15,pkt_len_min_max,-0.30912406679899973,0.30912406679899973
15,pkt_len_max_mean,-0.6627133705959829,0.6627133705959829
15,pkt_len_max_std,-0.7271430038678868,0.7271430038678868
15,pkt_len_max_sum,0.29703493100698236,0.29703493100698236
15,pkt_len_max_min,0.009170686137375768,0.009170686137375768
15,pkt_len_max_max,0.3509193647061537,0.3509193647061537
15,pkt_len_mean_mean,-0.6817970459552681,0.6817970459552681
15,pkt_len_mean_std,0.3248795484630612,0.3248795484630612
15,pkt_len_mean_sum,0.3328351514569693,0.3328351514569693
15,pkt_len_mean_min,0.022285031863563565,0.022285031863563565
15,pkt_len_mean_max,-0.9574797804162879,0.9574797804162879
15,pkt_len_std_mean,-0.9428209806219118,0.9428209806219118
15,pkt_len_std_std,0.557286847698988,0.557286847698988
15,pkt_len_std_sum,0.28156947665936494,0.28156947665936494
15,pkt_len_std_min,0.05214636296621622,0.05214636296621622
15,pkt_len_std_max,-0.1482920110456931,0.1482920110456931
15,pkt_len_var_mean,-1.2348797844522617,1.2348797844522617
15,pkt_len_var_std,-1.5481555574116264,1.5481555574116264
15,pkt_len_var_sum,0.5358656389709705,0.5358656389709705
15,pkt_len_var_min,0.04862078801259425,0.04862078801259425
15,pkt_len_var_max,-1.4855827058630304,1.4855827058630304
15,fin_flag_cnt_mean,0.06623074698828628,0.06623074698828628
15,fin_flag_cnt_std,0.13514076027181254,0.13514076027181254
15,fin_flag_cnt_sum,-0.017405265463660443,0.017405265463660443
15,fin_flag_cnt_min,0.0,0.0
15,fin_flag_cnt_max,0.14362229223546788,0.14362229223546788
15,syn_flag_cnt_mean,-0.08938840037398615,0.08938840037398615
15,syn_flag_cnt_std,-0.14182778120049058,0.14182778120049058
15,syn_flag_cnt_sum,-0.0655077118977902,0.0655077118977902
15,syn_flag_cnt_min,-0.01564189513279667,0.01564189513279667
15,syn_flag_cnt_max,0.0954877661463191,0.0954877661463191
15,rst_flag_cnt_mean,0.0154378437941302,0.0154378437941302
15,rst_flag_cnt_std,0.6003684837905484,0.6003684837905484
15,rst_flag_cnt_sum,0.6777477299972412,0.6777477299972412
15,rst_flag_cnt_min,0.0,0.0
15,rst_flag_cnt_max,-0.32880323450892734,0.32880323450892734
15,psh_flag_cnt_mean,0.48886883190365854,0.48886883190365854
15,psh_flag_cnt_std,-0.03219664346311389,0.03219664346311389
15,psh_flag_cnt_sum,0.09513018766290973,0.09513018766290973
15,psh_flag_cnt_min,0.006269576583179466,0.006269576583179466
15,psh_flag_cnt_max,-0.4869014905764397,0.4869014905764397
15,ack_flag_cnt_mean,0.19150951715125716,0.19150951715125716
15,ack_flag_cnt_std,0.994530570385099,0.994530570385099
15,ack_flag_cnt_sum,0.47825485077916047,0.47825485077916047
15,ack_flag_cnt_min,-0.01564189513279667,0.01564189513279667
15,ack_flag_cnt_max,-0.34447480688014775,0.34447480688014775
15,urg_flag_cnt_mean,-0.8252460601242928,0.8252460601242928
15,urg_flag_cnt_std,0.5435362405916415,0.5435362405916415
15,urg_flag_cnt_sum,0.0009135006801876995,0.0009135006801876995
15,urg_flag_cnt_min,0.0,0.0
15,urg_flag_cnt_max,0.808329423745511,0.808329423745511
15,cwe_flag_cnt_mean,-0.2172906345759158,0.2172906345759158
15,cwe_flag_cnt_std,0.38212729932555395,0.38212729932555395
15,cwe_flag_cnt_sum,0.013896670685411503,0.013896670685411503
15,cwe_flag_cnt_min,0.0,0.0
15,cwe_flag_cnt_max,0.12164564438749514,0.12164564438749514
15,ece_flag_cnt_mean,0.05775426480285403,0.05775426480285403
15,ece_flag_cnt_std,0.6254285758505814,0.6254285758505814
15,ece_flag_cnt_sum,0.6786565962361055,0.6786565962361055
15,ece_flag_cnt_min,0.0,0.0
15,ece_flag_cnt_max,-0.32880323450892734,0.32880323450892734
15,down_up_ratio_mean,0.34543651231402134,0.34543651231402134
15,down_up_ratio_std,-1.1922958019530838,1.1922958019530838
15,down_up_ratio_sum,0.28890385387397094,0.28890385387397094
15,down_up_ratio_min,-0.0013679262246299503,0.0013679262246299503
15,down_up_ratio_max,0.46018932421763425,0.46018932421763425
15,pkt_size_avg_mean,-0.6784163152350382,0.6784163152350382
15,pkt_size_avg_std,0.21989458506176982,0.21989458506176982
15,pkt_size_avg_sum,0.2931358369930991,0.2931358369930991
15,pkt_size_avg_min,0.011734021975362335,0.011734021975362335
15,pkt_size_avg_max,0.28271108659781297,0.28271108659781297
15,fwd_seg_size_avg_mean,-0.214333099747223,0.214333099747223
15,fwd_seg_size_avg_std,0.012654805238290897,0.012654805238290897
15,fwd_seg_size_avg_sum,0.4374416029538143,0.4374416029538143
15,fwd_seg_size_avg_min,0.013336695459481112,0.013336695459481112
15,fwd_seg_size_avg_max,0.014122202214383005,0.014122202214383005
15,bwd_seg_size_avg_mean,0.19697045185996048,0.19697045185996048
15,bwd_seg_size_avg_std,0.29291311104276824,0.29291311104276824
15,bwd_seg_size_avg_sum,0.47260959468402214,0.47260959468402214
15,bwd_seg_size_avg_min,0.06075778325783059,0.06075778325783059
15,bwd_seg_size_avg_max,1.5391582790794864,1.5391582790794864
15,fwd_byts_b_avg_mean,0.0,0.0
15,fwd_byts_b_avg_std,0.0,0.0
15,fwd_byts_b_avg_sum,0.0,0.0
15,fwd_byts_b_avg_min,0.0,0.0
15,fwd_byts_b_avg_max,0.0,0.0
15,fwd_pkts_b_avg_mean,0.0,0.0
15,fwd_pkts_b_avg_std,0.0,0.0
15,fwd_pkts_b_avg_sum,0.0,0.0
15,fwd_pkts_b_avg_min,0.0,0.0
15,fwd_pkts_b_avg_max,0.0,0.0
15,fwd_blk_rate_avg_mean,0.0,0.0
15,fwd_blk_rate_avg_std,0.0,0.0
15,fwd_blk_rate_avg_sum,0.0,0.0
15,fwd_blk_rate_avg_min,0.0,0.0
15,fwd_blk_rate_avg_max,0.0,0.0
15,bwd_byts_b_avg_mean,0.0,0.0
15,bwd_byts_b_avg_std,0.0,0.0
15,bwd_byts_b_avg_sum,0.0,0.0
15,bwd_byts_b_avg_min,0.0,0.0
15,bwd_byts_b_avg_max,0.0,0.0
15,bwd_pkts_b_avg_mean,0.0,0.0
15,bwd_pkts_b_avg_std,0.0,0.0
15,bwd_pkts_b_avg_sum,0.0,0.0
15,bwd_pkts_b_avg_min,0.0,0.0
15,bwd_pkts_b_avg_max,0.0,0.0
15,bwd_blk_rate_avg_mean,0.0,0.0
15,bwd_blk_rate_avg_std,0.0,0.0
15,bwd_blk_rate_avg_sum,0.0,0.0
15,bwd_blk_rate_avg_min,0.0,0.0
15,bwd_blk_rate_avg_max,0.0,0.0
15,subflow_fwd_pkts_mean,0.2623437241453595,0.2623437241453595
15,subflow_fwd_pkts_std,0.30336531614598183,0.30336531614598183
15,subflow_fwd_pkts_sum,0.1758517476147861,0.1758517476147861
15,subflow_fwd_pkts_min,0.06950613349088053,0.06950613349088053
15,subflow_fwd_pkts_max,0.19877762678703959,0.19877762678703959
15,subflow_fwd_byts_mean,0.20463660310633833,0.20463660310633833
15,subflow_fwd_byts_std,-0.06601292801539484,0.06601292801539484
15,subflow_fwd_byts_sum,0.19040281282478802,0.19040281282478802
15,subflow_fwd_byts_min,-0.021085506748397414,0.021085506748397414
15,subflow_fwd_byts_max,-0.14696377361799814,0.14696377361799814
15,subflow_bwd_pkts_mean,-0.13550945938562733,0.13550945938562733
15,subflow_bwd_pkts_std,-0.6303120901954952,0.6303120901954952
15,subflow_bwd_pkts_sum,-0.1766525756495437,0.1766525756495437
15,subflow_bwd_pkts_min,-0.05186979665968558,0.05186979665968558
15,subflow_bwd_pkts_max,-0.08855203643355539,0.08855203643355539
15,subflow_bwd_byts_mean,0.23673659717503118,0.23673659717503118
15,subflow_bwd_byts_std,-0.2371836591428415,0.2371836591428415
15,subflow_bwd_byts_sum,-0.8674444126509452,0.8674444126509452
15,subflow_bwd_byts_min,0.050128464583114554,0.050128464583114554
15,subflow_bwd_byts_max,0.45408609322903404,0.45408609322903404
15,window_size_fwd_mean,0.36890882532452546,0.36890882532452546
15,window_size_fwd_std,-1.192771651825509,1.192771651825509
15,window_size_fwd_sum,0.15493672586173957,0.15493672586173957
15,window_size_fwd_min,0.03369760890383932,0.03369760890383932
15,window_size_fwd_max,-0.18837109775610664,0.18837109775610664
15,window_size_bwd_mean,-0.7654249816197954,0.7654249816197954
15,window_size_bwd_std,1.9575255549936768,1.9575255549936768
15,window_size_bwd_sum,-0.7562158399513794,0.7562158399513794
15,window_size_bwd_min,0.04171909431179303,0.04171909431179303
15,window_size_bwd_max,0.3807248609160818,0.3807248609160818
15,fwd_act_data_pkts_mean,0.26136629038715564,0.26136629038715564
15,fwd_act_data_pkts_std,0.29901208827691933,0.29901208827691933
15,fwd_act_data_pkts_sum,0.1574732583780213,0.1574732583780213
15,fwd_act_data_pkts_min,0.1367887596661794,0.1367887596661794
15,fwd_act_data_pkts_max,0.16155216378082518,0.16155216378082518
15,fwd_seg_size_min_mean,1.0166491591875768,1.0166491591875768
15,fwd_seg_size_min_std,-0.4095668616503772,0.4095668616503772
15,fwd_seg_size_min_sum,0.2556964163079591,0.2556964163079591
15,fwd_seg_size_min_min,-0.1521064872679323,0.1521064872679323
15,fwd_seg_size_min_max,-0.1209406909467353,0.1209406909467353
15,active_mean_mean,-0.16620640772927325,0.16620640772927325
15,active_mean_std,-0.3447886057739651,0.3447886057739651
15,active_mean_sum,-0.6545553673180433,0.6545553673180433
15,active_mean_min,0.004381354604432534,0.004381354604432534
15,active_mean_max,-0.034682286027211504,0.034682286027211504
15,active_std_mean,-0.4392569752945721,0.4392569752945721
15,active_std_std,-0.12230515758208751,0.12230515758208751
15,active_std_sum,-0.6251060196031326,0.6251060196031326
15,active_std_min,0.021467200865241988,0.021467200865241988
15,active_std_max,0.2460676603940554,0.2460676603940554
15,active_max_mean,-0.25256862498460575,0.25256862498460575
15,active_max_std,0.4613622238185167,0.4613622238185167
15,active_max_sum,0.7254993705176983,0.7254993705176983
15,active_max_min,0.009995530412101617,0.009995530412101617
15,active_max_max,0.19279909068441473,0.19279909068441473
15,active_min_mean,0.039560330999501306,0.039560330999501306
15,active_min_std,-0.34920395667390414,0.34920395667390414
15,active_min_sum,0.16999549625951382,0.16999549625951382
15,active_min_min,-0.0051219207694706585,0.0051219207694706585
15,active_min_max,0.17299742116253117,0.17299742116253117
15,idle_mean_mean,0.13471318201830138,0.13471318201830138
15,idle_mean_std,-0.2046416124558423,0.2046416124558423
15,idle_mean_sum,0.024450636895532975,0.024450636895532975
15,idle_mean_min,-0.02030598584510377,0.02030598584510377
15,idle_mean_max,-0.09097335211242148,0.09097335211242148
15,idle_std_mean,0.42842918936943925,0.42842918936943925
15,idle_std_std,0.008251878683535415,0.008251878683535415
15,idle_std_sum,0.04709966605449761,0.04709966605449761
15,idle_std_min,-0.02788816471349779,0.02788816471349779
15,idle_std_max,-0.035191300179362624,0.035191300179362624
15,idle_max_mean,0.33291294281146055,0.33291294281146055
15,idle_max_std,0.09388280726589984,0.09388280726589984
15,idle_max_sum,0.12003146325573057,0.12003146325573057
15,idle_max_min,-0.001242074709325896,0.001242074709325896
15,idle_max_max,-0.12730070143008404,0.12730070143008404
15,idle_min_mean,-0.20249127852777316,0.20249127852777316
15,idle_min_std,-0.3829190725984079,0.3829190725984079
15,idle_min_sum,-0.04154616816048839,0.04154616816048839
15,idle_min_min,-0.053128311007878064,0.053128311007878064
15,idle_min_max,-0.06888725250653562,0.06888725250653562
15,duration_sec_mean,0.09019559800332877,0.09019559800332877
15,duration_sec_std,0.6533886229821969,0.6533886229821969
15,duration_sec_sum,-0.13304594432033295,0.13304594432033295
15,duration_sec_min,0.07417500618509909,0.07417500618509909
15,duration_sec_max,0.15031217368118285,0.15031217368118285
15,flow_count,0.13640248259126844,0.13640248259126844
15,unique_dst_ports_count,0.14409063477243997,0.14409063477243997
15,unique_protocols_count,0.012807593686744043,0.012807593686744043
15,pkt_ttl_min,-0.23872499321123916,0.23872499321123916
15,pkt_ttl_max,-0.48347697403373663,0.48347697403373663
15,pkt_ttl_std,0.34550305796129577,0.34550305796129577
15,pkt_ttl_mode,0.34157979747935635,0.34157979747935635
15,pkt_frag_mf_count,0.0,0.0
15,pkt_frag_df_count,0.6897495054312631,0.6897495054312631
15,pkt_payload_size_p25,-0.07610128140211465,0.07610128140211465
15,pkt_payload_size_p50,-0.2199197645488702,0.2199197645488702
15,pkt_payload_size_p75,-0.6577926253039946,0.6577926253039946
15,pkt_payload_size_p95,-0.8728237868936666,0.8728237868936666
15,pkt_tcp_retrans_count,1.5411854763837523,1.5411854763837523
15,pkt_port_scan_seq_score,1.432315127764467,1.432315127764467
16,duration_microsec_mean,0.09876126066203016,0.09876126066203016
16,duration_microsec_std,0.20601472252939304,0.20601472252939304
16,duration_microsec_sum,-0.06532875341100518,0.06532875341100518
16,duration_microsec_min,0.0912553802555854,0.0912553802555854
16,duration_microsec_max,0.2895154123863533,0.2895154123863533
16,packet_count_fwd_mean,0.551986991856264,0.551986991856264
16,packet_count_fwd_std,-0.2629404323323627,0.2629404323323627
16,packet_count_fwd_sum,0.2242962828198848,0.2242962828198848
16,packet_count_fwd_min,0.13984029639523796,0.13984029639523796
16,packet_count_fwd_max,-0.037087320530103614,0.037087320530103614
16,packet_count_bwd_mean,0.5560912371906499,0.5560912371906499
16,packet_count_bwd_std,1.0956839161673884,1.0956839161673884
16,packet_count_bwd_sum,0.027306400612892065,0.027306400612892065
16,packet_count_bwd_min,-0.14775424388286465,0.14775424388286465
16,packet_count_bwd_max,0.25472860049708923,0.25472860049708923
16,byte_count_fwd_mean,-0.06641160973316454,0.06641160973316454
16,byte_count_fwd_std,-0.7365382689855315,0.7365382689855315
16,byte_count_fwd_sum,-0.19975389573859423,0.19975389573859423
16,byte_count_fwd_min,0.19393094011348314,0.19393094011348314
16,byte_count_fwd_max,1.3164695451037594,1.3164695451037594
16,byte_count_bwd_mean,-0.562041480437741,0.562041480437741
16,byte_count_bwd_std,-1.5645807953295419,1.5645807953295419
16,byte_count_bwd_sum,-0.4508896586462676,0.4508896586462676
16,byte_count_bwd_min,0.054683816638920364,0.054683816638920364
16,byte_count_bwd_max,-0.6565662099863678,0.6565662099863678
16,fwd_pkt_len_max_mean,0.16246582774697152,0.16246582774697152
16,fwd_pkt_len_max_std,-1.676981350537779,1.676981350537779
16,fwd_pkt_len_max_sum,0.3852976356015071,0.3852976356015071
16,fwd_pkt_len_max_min,-0.05538750698363228,0.05538750698363228
16,fwd_pkt_len_max_max,0.49575738913699824,0.49575738913699824
16,fwd_pkt_len_min_mean,-0.18671487453571162,0.18671487453571162
16,fwd_pkt_len_min_std,0.016913231182063015,0.016913231182063015
16,fwd_pkt_len_min_sum,-0.15182872118679253,0.15182872118679253
16,fwd_pkt_len_min_min,0.0453793199635044,0.0453793199635044
16,fwd_pkt_len_min_max,-0.025048541721134503,0.025048541721134503
16,fwd_pkt_len_mean_mean,-0.20987856705732783,0.20987856705732783
16,fwd_pkt_len_mean_std,0.014790908129212308,0.014790908129212308
16,fwd_pkt_len_mean_sum,0.4399422415354711,0.4399422415354711
16,fwd_pkt_len_mean_min,0.011816730413359797,0.011816730413359797
16,fwd_pkt_len_mean_max,0.01361863880830136,0.01361863880830136
16,fwd_pkt_len_std_mean,2.030619069037398,2.030619069037398
16,fwd_pkt_len_std_std,0.9152186881542091,0.9152186881542091
16,fwd_pkt_len_std_sum,0.4347848608543355,0.4347848608543355
16,fwd_pkt_len_std_min,0.040077947647337124,0.040077947647337124
16,fwd_pkt_len_std_max,-0.272436763974762,0.272436763974762
16,bwd_pkt_len_max_mean,-0.022765642263858812,0.022765642263858812
16,bwd_pkt_len_max_std,0.5733452282081508,0.5733452282081508
16,bwd_pkt_len_max_sum,0.158954772815331,0.158954772815331
16,bwd_pkt_len_max_min,0.0494836274143507,0.0494836274143507
16,bwd_pkt_len_max_max,-0.132205077505389,0.132205077505389
16,bwd_pkt_len_min_mean,0.8525216479636858,0.8525216479636858
16,bwd_pkt_len_min_std,-0.3533264502892596,0.3533264502892596
16,bwd_pkt_len_min_sum,0.22855979056618742,0.22855979056618742
16,bwd_pkt_len_min_min,0.0,0.0
16,bwd_pkt_len_min_max,-0.014641500744939048,0.014641500744939048
16,bwd_pkt_len_mean_mean,0.20218691361598834,0.20218691361598834
16,bwd_pkt_len_mean_std,0.29351938096991526,0.29351938096991526
16,bwd_pkt_len_mean_sum,0.47422900026653336,0.47422900026653336
16,bwd_pkt_len_mean_min,0.05607545921670615,0.05607545921670615
16,bwd_pkt_len_mean_max,1.5397960305259315,1.5397960305259315
16,bwd_pkt_len_std_mean,-1.631698162770618,1.631698162770618
16,bwd_pkt_len_std_std,1.1514830725600842,1.1514830725600842
16,bwd_pkt_len_std_sum,0.002129965297667766,0.002129965297667766
16,bwd_pkt_len_std_min,0.04554844365267774,0.04554844365267774
16,bwd_pkt_len_std_max,1.2298570660374784,1.2298570660374784
16,bytes_per_sec_mean,-1.320436952138979,1.320436952138979
16,bytes_per_sec_std,0.2604261241442031,0.2604261241442031
16,bytes_per_sec_sum,-0.8762732248461782,0.8762732248461782
16,bytes_per_sec_min,0.050705556657521654,0.050705556657521654
16,bytes_per_sec_max,1.1768346508372443,1.1768346508372443
16,packets_per_sec_mean,-0.29971144510687875,0.29971144510687875
16,packets_per_sec_std,0.030891081176560642,0.030891081176560642
16,packets_per_sec_sum,-0.2701516987803477,0.2701516987803477
16,packets_per_sec_min,-0.16409225945149455,0.16409225945149455
16,packets_per_sec_max,-0.3193104857502204,0.3193104857502204
16,flow_iat_mean_mean,0.21804123010778656,0.21804123010778656
16,flow_iat_mean_std,-0.1549670359962158,0.1549670359962158
16,flow_iat_mean_sum,0.2605736137602203,0.2605736137602203
16,flow_iat_mean_min,0.015992757946933677,0.015992757946933677
16,flow_iat_mean_max,-0.041431378701069076,0.041431378701069076
16,flow_iat_std_mean,-0.2649749984365669,0.2649749984365669
16,flow_iat_std_std,-1.249497675427145,1.249497675427145
16,flow_iat_std_sum,-0.39997506945164985,0.39997506945164985
16,flow_iat_std_min,-0.04461346863779599,0.04461346863779599
16,flow_iat_std_max,-0.2674551133242323,0.2674551133242323
16,flow_iat_max_mean,-0.2672908534664994,0.2672908534664994
16,flow_iat_max_std,-0.5656257922193105,0.5656257922193105
16,flow_iat_max_sum,0.19055508253853962,0.19055508253853962
16,flow_iat_max_min,0.000492471659006022,0.000492471659006022
16,flow_iat_max_max,0.19351524626249883,0.19351524626249883
16,flow_iat_min_mean,0.16222465097580227,0.16222465097580227
16,flow_iat_min_std,0.034221508003483087,0.034221508003483087
16,flow_iat_min_sum,0.3219392738682735,0.3219392738682735
16,flow_iat_min_min,0.023181724368025534,0.023181724368025534
16,flow_iat_min_max,0.09510985491632329,0.09510985491632329
16,fwd_iat_tot_mean,0.07834928111484515,0.07834928111484515
16,fwd_iat_tot_std,0.24453211857814047,0.24453211857814047
16,fwd_iat_tot_sum,-0.10856861724757559,0.10856861724757559
16,fwd_iat_tot_min,0.09015583498022636,0.09015583498022636
16,fwd_iat_tot_max,0.039621130478774455,0.039621130478774455
16,fwd_iat_mean_mean,-0.07828997378886458,0.07828997378886458
16,fwd_iat_mean_std,-0.6769688741493273,0.6769688741493273
16,fwd_iat_mean_sum,0.16308216462920788,0.16308216462920788
16,fwd_iat_mean_min,0.009228027948307805,0.009228027948307805
16,fwd_iat_mean_max,0.2779522767330824,0.2779522767330824
16,fwd_iat_std_mean,0.32876808196476676,0.32876808196476676
16,fwd_iat_std_std,0.3374915623948139,0.3374915623948139
16,fwd_iat_std_sum,0.267135296304978,0.267135296304978
16,fwd_iat_std_min,-0.05144723560048462,0.05144723560048462
16,fwd_iat_std_max,0.2824510811257024,0.2824510811257024
16,fwd_iat_max_mean,0.06476502122821798,0.06476502122821798
16,fwd_iat_max_std,-0.0533528452410144,0.0533528452410144
16,fwd_iat_max_sum,0.36118386672651875,0.36118386672651875
16,fwd_iat_max_min,0.00042053623594802707,0.00042053623594802707
16,fwd_iat_max_max,-0.27554739216791346,0.27554739216791346
16,fwd_iat_min_mean,0.0005504064364710791,0.0005504064364710791
16,fwd_iat_min_std,-0.42865312067210976,0.42865312067210976
16,fwd_iat_min_sum,0.33906526106031715,0.33906526106031715
16,fwd_iat_min_min,0.006637026168114967,0.006637026168114967
16,fwd_iat_min_max,0.3246165332993652,0.3246165332993652
16,bwd_iat_tot_mean,-0.5851605940159842,0.5851605940159842
16,bwd_iat_tot_std,-0.10085063498300469,0.10085063498300469
16,bwd_iat_tot_sum,-0.07917121683862505,0.07917121683862505
16,bwd_iat_tot_min,0.02459057495518022,0.02459057495518022
16,bwd_iat_tot_max,-0.30160384750012614,0.30160384750012614
16,bwd_iat_mean_mean,0.4811592400319578,0.4811592400319578
16,bwd_iat_mean_std,1.0032289062362942,1.0032289062362942
16,bwd_iat_mean_sum,-0.6392828672369657,0.6392828672369657
16,bwd_iat_mean_min,-0.04407155655023941,0.04407155655023941
16,bwd_iat_mean_max,-0.5357537464382477,0.5357537464382477
16,bwd_iat_std_mean,1.3626692777955351,1.3626692777955351
16,bwd_iat_std_std,0.240057572512592,0.240057572512592
16,bwd_iat_std_sum,0.29821634381571016,0.29821634381571016
16,bwd_iat_std_min,0.020023565765070375,0.020023565765070375
16,bwd_iat_std_max,-0.0582815399772186,0.0582815399772186
16,bwd_iat_max_mean,-0.17146604846042537,0.17146604846042537
16,bwd_iat_max_std,-1.0212446940073259,1.0212446940073259
16,bwd_iat_max_sum,-0.11897419846231329,0.11897419846231329
16,bwd_iat_max_min,-0.0024949597579409302,0.0024949597579409302
16,bwd_iat_max_max,0.012209191098836586,0.012209191098836586
16,bwd_iat_min_mean,-0.041910610640865674,0.041910610640865674
16,bwd_iat_min_std,-1.033565534703037,1.033565534703037
16,bwd_iat_min_sum,0.10702011798558525,0.10702011798558525
16,bwd_iat_min_min,-0.08449011381548323,0.08449011381548323
16,bwd_iat_min_max,0.8954025261207901,0.8954025261207901
16,fwd_psh_flags_mean,-0.09111398505581775,0.09111398505581775
16,fwd_psh_flags_std,-0.1413534241020303,0.1413534241020303
16,fwd_psh_flags_sum,-0.06576948911344993,0.06576948911344993
16,fwd_psh_flags_min,-0.015894615909313046,0.015894615909313046
16,fwd_psh_flags_max,0.11568386923108857,0.11568386923108857
16,bwd_psh_flags_mean,0.0,0.0
16,bwd_psh_flags_std,0.0,0.0
16,bwd_psh_flags_sum,0.0,0.0
16,bwd_psh_flags_min,0.0,0.0
16,bwd_psh_flags_max,0.0,0.0
16,fwd_urg_flags_mean,-0.2174566247415863,0.2174566247415863
16,fwd_urg_flags_std,0.3832721182094072,0.3832721182094072
16,fwd_urg_flags_sum,0.01417817519502533,0.01417817519502533
16,fwd_urg_flags_min,0.0,0.0
16,fwd_urg_flags_max,0.1224476914739806,0.1224476914739806
16,bwd_urg_flags_mean,0.0,0.0
16,bwd_urg_flags_std,0.0,0.0
16,bwd_urg_flags_sum,0.0,0.0
16,bwd_urg_flags_min,0.0,0.0
16,bwd_urg_flags_max,0.0,0.0
16,fwd_header_len_mean,0.2667542137306457,0.2667542137306457
16,fwd_header_len_std,0.31963119599335893,0.31963119599335893
16,fwd_header_len_sum,0.22826255191472442,0.22826255191472442
16,fwd_header_len_min,-0.01487222099794877,0.01487222099794877
16,fwd_header_len_max,0.5394929357260935,0.5394929357260935
16,bwd_header_len_mean,-0.0467339015104046,0.0467339015104046
16,bwd_header_len_std,-0.2520073439683104,0.2520073439683104
16,bwd_header_len_sum,0.04279775198826382,0.04279775198826382
16,bwd_header_len_min,0.0026605565017623124,0.0026605565017623124
16,bwd_header_len_max,0.5730305203547046,0.5730305203547046
16,fwd_pkts_per_sec_mean,0.3377511118002995,0.3377511118002995
16,fwd_pkts_per_sec_std,0.10854678302862923,0.10854678302862923
16,fwd_pkts_per_sec_sum,0.38761880326849885,0.38761880326849885
16,fwd_pkts_per_sec_min,0.018855632805684877,0.018855632805684877
16,fwd_pkts_per_sec_max,-0.3943441849239907,0.3943441849239907
16,bwd_pkts_per_sec_mean,-0.20195833398473,0.20195833398473
16,bwd_pkts_per_sec_std,0.6925508921826361,0.6925508921826361
16,bwd_pkts_per_sec_sum,-0.9528197476251847,0.9528197476251847
16,bwd_pkts_per_sec_min,0.018863326069428886,0.018863326069428886
16,bwd_pkts_per_sec_max,-0.25987631530523425,0.25987631530523425
16,pkt_len_min_mean,-0.006667163412196137,0.006667163412196137
16,pkt_len_min_std,0.9242430740360394,0.9242430740360394
16,pkt_len_min_sum,-0.17873605797631395,0.17873605797631395
16,pkt_len_min_min,0.04518147016134468,0.04518147016134468
16,pkt_len_min_max,-0.3094051033072027,0.3094051033072027
16,pkt_len_max_mean,-0.6884097244474778,0.6884097244474778
16,pkt_len_max_std,-0.7177983365663165,0.7177983365663165
16,pkt_len_max_sum,0.29675328595815487,0.29675328595815487
16,pkt_len_max_min,0.009102690785614662,0.009102690785614662
16,pkt_len_max_max,0.3507847174212328,0.3507847174212328
16,pkt_len_mean_mean,-0.6792310948689754,0.6792310948689754
16,pkt_len_mean_std,0.3213624177562258,0.3213624177562258
16,pkt_len_mean_sum,0.3335637542033192,0.3335637542033192
16,pkt_len_mean_min,0.020815151545388023,0.020815151545388023
16,pkt_len_mean_max,-0.957381813776878,0.957381813776878
16,pkt_len_std_mean,-0.9335169598956423,0.9335169598956423
16,pkt_len_std_std,0.5627408003194689,0.5627408003194689
16,pkt_len_std_sum,0.2850512249448303,0.2850512249448303
16,pkt_len_std_min,0.049868819037166945,0.049868819037166945
16,pkt_len_std_max,-0.1525606727652006,0.1525606727652006
16,pkt_len_var_mean,-1.2305920321362291,1.2305920321362291
16,pkt_len_var_std,-1.5547719223943777,1.5547719223943777
16,pkt_len_var_sum,0.5381816716010247,0.5381816716010247
16,pkt_len_var_min,0.04734287862440645,0.04734287862440645
16,pkt_len_var_max,-1.4921948872623745,1.4921948872623745
16,fin_flag_cnt_mean,0.06685741139497751,0.06685741139497751
16,fin_flag_cnt_std,0.1324604653428482,0.1324604653428482
16,fin_flag_cnt_sum,-0.015664474724105044,0.015664474724105044
16,fin_flag_cnt_min,0.0,0.0
16,fin_flag_cnt_max,0.14573997265085895,0.14573997265085895
16,syn_flag_cnt_mean,-0.09111398505581775,0.09111398505581775
16,syn_flag_cnt_std,-0.1413534241020303,0.1413534241020303
16,syn_flag_cnt_sum,-0.06576948911344993,0.06576948911344993
16,syn_flag_cnt_min,-0.015894615909313046,0.015894615909313046
16,syn_flag_cnt_max,0.11568386923108857,0.11568386923108857
16,rst_flag_cnt_mean,0.017069266610411374,0.017069266610411374
16,rst_flag_cnt_std,0.5956418143857402,0.5956418143857402
16,rst_flag_cnt_sum,0.6816983608165207,0.6816983608165207
16,rst_flag_cnt_min,0.0,0.0
16,rst_flag_cnt_max,-0.3370331154377634,0.3370331154377634
16,psh_flag_cnt_mean,0.4777548160119463,0.4777548160119463
16,psh_flag_cnt_std,-0.024897030337225064,0.024897030337225064
16,psh_flag_cnt_sum,0.09796195564463452,0.09796195564463452
16,psh_flag_cnt_min,0.00627944010578828,0.00627944010578828
16,psh_flag_cnt_max,-0.4921174679200325,0.4921174679200325
16,ack_flag_cnt_mean,0.19413766934461907,0.19413766934461907
16,ack_flag_cnt_std,0.9985556334497929,0.9985556334497929
16,ack_flag_cnt_sum,0.485227236962487,0.485227236962487
16,ack_flag_cnt_min,-0.015894615909313046,0.015894615909313046
16,ack_flag_cnt_max,-0.3502881681656544,0.3502881681656544
16,urg_flag_cnt_mean,-0.8154132396103869,0.8154132396103869
16,urg_flag_cnt_std,0.5430494632511129,0.5430494632511129
16,urg_flag_cnt_sum,0.0014340184483651718,0.0014340184483651718
16,urg_flag_cnt_min,0.0,0.0
16,urg_flag_cnt_max,0.8037191007100116,0.8037191007100116
16,cwe_flag_cnt_mean,-0.2174566247415863,0.2174566247415863
16,cwe_flag_cnt_std,0.3832721182094072,0.3832721182094072
16,cwe_flag_cnt_sum,0.01417817519502533,0.01417817519502533
16,cwe_flag_cnt_min,0.0,0.0
16,cwe_flag_cnt_max,0.1224476914739806,0.1224476914739806
16,ece_flag_cnt_mean,0.05963066936039291,0.05963066936039291
16,ece_flag_cnt_std,0.6208758809595962,0.6208758809595962
16,ece_flag_cnt_sum,0.6826061259688797,0.6826061259688797
16,ece_flag_cnt_min,0.0,0.0
16,ece_flag_cnt_max,-0.3370331154377634,0.3370331154377634
16,down_up_ratio_mean,0.35410582825535536,0.35410582825535536
16,down_up_ratio_std,-1.18981388001525,1.18981388001525
16,down_up_ratio_sum,0.28778414904199656,0.28778414904199656
16,down_up_ratio_min,-0.005777899040771987,0.005777899040771987
16,down_up_ratio_max,0.46053701620336973,0.46053701620336973
16,pkt_size_avg_mean,-0.6738675023525016,0.6738675023525016
16,pkt_size_avg_std,0.21755146208862033,0.21755146208862033
16,pkt_size_avg_sum,0.29475445239392534,0.29475445239392534
16,pkt_size_avg_min,0.010345466189874515,0.010345466189874515
16,pkt_size_avg_max,0.28353114324277257,0.28353114324277257
16,fwd_seg_size_avg_mean,-0.20987856705732783,0.20987856705732783
16,fwd_seg_size_avg_std,0.014790908129212308,0.014790908129212308
16,fwd_seg_size_avg_sum,0.4399422415354711,0.4399422415354711
16,fwd_seg_size_avg_min,0.011816730413359797,0.011816730413359797
16,fwd_seg_size_avg_max,0.01361863880830136,0.01361863880830136
16,bwd_seg_size_avg_mean,0.20218691361257068,0.20218691361257068
16,bwd_seg_size_avg_std,0.29351938095432584,0.29351938095432584
16,bwd_seg_size_avg_sum,0.47422900026603637,0.47422900026603637
16,bwd_seg_size_avg_min,0.05607545921670615,0.05607545921670615
16,bwd_seg_size_avg_max,1.539796030526058,1.539796030526058
16,fwd_byts_b_avg_mean,0.0,0.0
16,fwd_byts_b_avg_std,0.0,0.0
16,fwd_byts_b_avg_sum,0.0,0.0
16,fwd_byts_b_avg_min,0.0,0.0
16,fwd_byts_b_avg_max,0.0,0.0
16,fwd_pkts_b_avg_mean,0.0,0.0
16,fwd_pkts_b_avg_std,0.0,0.0
16,fwd_pkts_b_avg_sum,0.0,0.0
16,fwd_pkts_b_avg_min,0.0,0.0
16,fwd_pkts_b_avg_max,0.0,0.0
16,fwd_blk_rate_avg_mean,0.0,0.0
16,fwd_blk_rate_avg_std,0.0,0.0
16,fwd_blk_rate_avg_sum,0.0,0.0
16,fwd_blk_rate_avg_min,0.0,0.0
16,fwd_blk_rate_avg_max,0.0,0.0
16,bwd_byts_b_avg_mean,0.0,0.0
16,bwd_byts_b_avg_std,0.0,0.0
16,bwd_byts_b_avg_sum,0.0,0.0
16,bwd_byts_b_avg_min,0.0,0.0
16,bwd_byts_b_avg_max,0.0,0.0
16,bwd_pkts_b_avg_mean,0.0,0.0
16,bwd_pkts_b_avg_std,0.0,0.0
16,bwd_pkts_b_avg_sum,0.0,0.0
16,bwd_pkts_b_avg_min,0.0,0.0
16,bwd_pkts_b_avg_max,0.0,0.0
16,bwd_blk_rate_avg_mean,0.0,0.0
16,bwd_blk_rate_avg_std,0.0,0.0
16,bwd_blk_rate_avg_sum,0.0,0.0
16,bwd_blk_rate_avg_min,0.0,0.0
16,bwd_blk_rate_avg_max,0.0,0.0
16,subflow_fwd_pkts_mean,0.26524209247302954,0.26524209247302954
16,subflow_fwd_pkts_std,0.30360851455633897,0.30360851455633897
16,subflow_fwd_pkts_sum,0.17863534277157564,0.17863534277157564
16,subflow_fwd_pkts_min,0.07102762264359062,0.07102762264359062
16,subflow_fwd_pkts_max,0.19891446692660975,0.19891446692660975
16,subflow_fwd_byts_mean,0.20825164250840805,0.20825164250840805
16,subflow_fwd_byts_std,-0.06212840526655683,0.06212840526655683
16,subflow_fwd_byts_sum,0.19220291752940463,0.19220291752940463
16,subflow_fwd_byts_min,-0.022795692606929,0.022795692606929
16,subflow_fwd_byts_max,-0.14706975918389076,0.14706975918389076
16,subflow_bwd_pkts_mean,-0.13283006202156458,0.13283006202156458
16,subflow_bwd_pkts_std,-0.6258060744577097,0.6258060744577097
16,subflow_bwd_pkts_sum,-0.18251403109011602,0.18251403109011602
16,subflow_bwd_pkts_min,-0.048274618789023255,0.048274618789023255
16,subflow_bwd_pkts_max,-0.09159375566984716,0.09159375566984716
16,subflow_bwd_byts_mean,0.2439747046926821,0.2439747046926821
16,subflow_bwd_byts_std,-0.23544717816004077,0.23544717816004077
16,subflow_bwd_byts_sum,-0.8471561250941676,0.8471561250941676
16,subflow_bwd_byts_min,0.04842620580768198,0.04842620580768198
16,subflow_bwd_byts_max,0.45171650638861877,0.45171650638861877
16,window_size_fwd_mean,0.34553137258962824,0.34553137258962824
16,window_size_fwd_std,-1.1950745279355908,1.1950745279355908
16,window_size_fwd_sum,0.1580903059522572,0.1580903059522572
16,window_size_fwd_min,0.03169827171656614,0.03169827171656614
16,window_size_fwd_max,-0.18760453410316405,0.18760453410316405
16,window_size_bwd_mean,-0.725958394698564,0.725958394698564
16,window_size_bwd_std,1.9552931128700681,1.9552931128700681
16,window_size_bwd_sum,-0.740950891152721,0.740950891152721
16,window_size_bwd_min,0.04081187147092977,0.04081187147092977
16,window_size_bwd_max,0.3762838908775926,0.3762838908775926
16,fwd_act_data_pkts_mean,0.2642599077240348,0.2642599077240348
16,fwd_act_data_pkts_std,0.2992021026480325,0.2992021026480325
16,fwd_act_data_pkts_sum,0.16018555143433105,0.16018555143433105
16,fwd_act_data_pkts_min,0.13826899763536532,0.13826899763536532
16,fwd_act_data_pkts_max,0.16154524357023206,0.16154524357023206
16,fwd_seg_size_min_mean,0.9765712719294363,0.9765712719294363
16,fwd_seg_size_min_std,-0.4263094468218804,0.4263094468218804
16,fwd_seg_size_min_sum,0.25579038399878945,0.25579038399878945
16,fwd_seg_size_min_min,-0.15378907996644528,0.15378907996644528
16,fwd_seg_size_min_max,-0.12118311708932934,0.12118311708932934
16,active_mean_mean,-0.16193241742070075,0.16193241742070075
16,active_mean_std,-0.34400444308646544,0.34400444308646544
16,active_mean_sum,-0.654307723888902,0.654307723888902
16,active_mean_min,0.004596705008204128,0.004596705008204128
16,active_mean_max,-0.034323258318944165,0.034323258318944165
16,active_std_mean,-0.4312445397909147,0.4312445397909147
16,active_std_std,-0.12667308876202005,0.12667308876202005
16,active_std_sum,-0.6254151038181767,0.6254151038181767
16,active_std_min,0.022627490016693935,0.022627490016693935
16,active_std_max,0.24764038676298664,0.24764038676298664
16,active_max_mean,-0.24758709212040392,0.24758709212040392
16,active_max_std,0.4590409076094781,0.4590409076094781
16,active_max_sum,0.7261664412602596,0.7261664412602596
16,active_max_min,0.010616925013024664,0.010616925013024664
16,active_max_max,0.1935739520013157,0.1935739520013157
16,active_min_mean,0.04044968199687199,0.04044968199687199
16,active_min_std,-0.35133175761970875,0.35133175761970875
16,active_min_sum,0.16938574395002443,0.16938574395002443
16,active_min_min,-0.005679230217578743,0.005679230217578743
16,active_min_max,0.1728743023734229,0.1728743023734229
16,idle_mean_mean,0.1369356977204582,0.1369356977204582
16,idle_mean_std,-0.20840167105155702,0.20840167105155702
16,idle_mean_sum,0.02636006729735431,0.02636006729735431
16,idle_mean_min,-0.018718549340435278,0.018718549340435278
16,idle_mean_max,-0.09310191321397493,0.09310191321397493
16,idle_std_mean,0.42901228188640506,0.42901228188640506
16,idle_std_std,0.006028494003387518,0.006028494003387518
16,idle_std_sum,0.04806055262793839,0.04806055262793839
16,idle_std_min,-0.029277342113674696,0.029277342113674696
16,idle_std_max,-0.03366459622555075,0.03366459622555075
16,idle_max_mean,0.33517434023121395,0.33517434023121395
16,idle_max_std,0.09150258674836255,0.09150258674836255
16,idle_max_sum,0.12180515428519964,0.12180515428519964
16,idle_max_min,-3.9041410928975385e-05,3.9041410928975385e-05
16,idle_max_max,-0.1195532513943799,0.1195532513943799
16,idle_min_mean,-0.20179339431846788,0.20179339431846788
16,idle_min_std,-0.38626218739662405,0.38626218739662405
16,idle_min_sum,-0.03951843771526874,0.03951843771526874
16,idle_min_min,-0.05078414553742135,0.05078414553742135
16,idle_min_max,-0.07099851078078497,0.07099851078078497
16,duration_sec_mean,0.10031648608093756,0.10031648608093756
16,duration_sec_std,0.6497183317017053,0.6497183317017053
16,duration_sec_sum,-0.13036930141676295,0.13036930141676295
16,duration_sec_min,0.07333153170233678,0.07333153170233678
16,duration_sec_max,0.14208046736379706,0.14208046736379706
16,flow_count,0.14221089695253708,0.14221089695253708
16,unique_dst_ports_count,0.14834614134350207,0.14834614134350207
16,unique_protocols_count,0.012102147647630727,0.012102147647630727
16,pkt_ttl_min,-0.24888999715530793,0.24888999715530793
16,pkt_ttl_max,-0.47895578032576436,0.47895578032576436
16,pkt_ttl_std,0.313170984355187,0.313170984355187
16,pkt_ttl_mode,0.30933391924928516,0.30933391924928516
16,pkt_frag_mf_count,0.0,0.0
16,pkt_frag_df_count,0.6490402607547984,0.6490402607547984
16,pkt_payload_size_p25,-0.09432074806474601,0.09432074806474601
16,pkt_payload_size_p50,-0.23108817755713984,0.23108817755713984
16,pkt_payload_size_p75,-0.6411240358030731,0.6411240358030731
16,pkt_payload_size_p95,-0.8395796797101654,0.8395796797101654
16,pkt_tcp_retrans_count,1.5083211583656515,1.5083211583656515
16,pkt_port_scan_seq_score,1.3991420490875368,1.3991420490875368
17,duration_microsec_mean,0.09626002433224749,0.09626002433224749
17,duration_microsec_std,0.2082735900206976,0.2082735900206976
17,duration_microsec_sum,-0.06402795079233373,0.06402795079233373
17,duration_microsec_min,0.09108344895431886,0.09108344895431886
17,duration_microsec_max,0.2906894727722546,0.2906894727722546
17,packet_count_fwd_mean,0.5639546259372376,0.5639546259372376
17,packet_count_fwd_std,-0.2688071706068364,0.2688071706068364
17,packet_count_fwd_sum,0.23387527579538375,0.23387527579538375
17,packet_count_fwd_min,0.1394322801006687,0.1394322801006687
17,packet_count_fwd_max,-0.03589816071368611,0.03589816071368611
17,packet_count_bwd_mean,0.5775235075376809,0.5775235075376809
17,packet_count_bwd_std,1.0942173003875435,1.0942173003875435
17,packet_count_bwd_sum,0.03908191143054912,0.03908191143054912
17,packet_count_bwd_min,-0.15834005329356363,0.15834005329356363
17,packet_count_bwd_max,0.2485460857226428,0.2485460857226428
17,byte_count_fwd_mean,-0.06466400559474893,0.06466400559474893
17,byte_count_fwd_std,-0.7382808686205874,0.7382808686205874
17,byte_count_fwd_sum,-0.19723071958571117,0.19723071958571117
17,byte_count_fwd_min,0.19684932660570456,0.19684932660570456
17,byte_count_fwd_max,1.3130825184521606,1.3130825184521606
17,byte_count_bwd_mean,-0.5594943896482532,0.5594943896482532
17,byte_count_bwd_std,-1.5685194804892404,1.5685194804892404
17,byte_count_bwd_sum,-0.447530508370798,0.447530508370798
17,byte_count_bwd_min,0.054534876292126895,0.054534876292126895
17,byte_count_bwd_max,-0.6568211046956139,0.6568211046956139
17,fwd_pkt_len_max_mean,0.20923581450346046,0.20923581450346046
17,fwd_pkt_len_max_std,-1.6788638106489377,1.6788638106489377
17,fwd_pkt_len_max_sum,0.3869630520243147,0.3869630520243147
17,fwd_pkt_len_max_min,-0.05528798961819745,0.05528798961819745
17,fwd_pkt_len_max_max,0.4983170641069913,0.4983170641069913
17,fwd_pkt_len_min_mean,-0.1930961742180413,0.1930961742180413
17,fwd_pkt_len_min_std,0.01579908136931391,0.01579908136931391
17,fwd_pkt_len_min_sum,-0.15180394154209784,0.15180394154209784
17,fwd_pkt_len_min_min,0.04623509676719161,0.04623509676719161
17,fwd_pkt_len_min_max,-0.024023522487682046,0.024023522487682046
17,fwd_pkt_len_mean_mean,-0.2148819782181154,0.2148819782181154
17,fwd_pkt_len_mean_std,0.012613563664852008,0.012613563664852008
17,fwd_pkt_len_mean_sum,0.4365785553377008,0.4365785553377008
17,fwd_pkt_len_mean_min,0.01332371668098825,0.01332371668098825
17,fwd_pkt_len_mean_max,0.014074203777196221,0.014074203777196221
17,fwd_pkt_len_std_mean,2.0151975585051005,2.0151975585051005
17,fwd_pkt_len_std_std,0.9063433593108454,0.9063433593108454
17,fwd_pkt_len_std_sum,0.43055418199225914,0.43055418199225914
17,fwd_pkt_len_std_min,0.03970155054211122,0.03970155054211122
17,fwd_pkt_len_std_max,-0.2676375684497032,0.2676375684497032
17,bwd_pkt_len_max_mean,0.0016042881033755257,0.0016042881033755257
17,bwd_pkt_len_max_std,0.5763177242131146,0.5763177242131146
17,bwd_pkt_len_max_sum,0.16309040130752173,0.16309040130752173
17,bwd_pkt_len_max_min,0.04874420264489488,0.04874420264489488
17,bwd_pkt_len_max_max,-0.1331332152975185,0.1331332152975185
17,bwd_pkt_len_min_mean,0.8567072234333504,0.8567072234333504
17,bwd_pkt_len_min_std,-0.3572919561051671,0.3572919561051671
17,bwd_pkt_len_min_sum,0.23116538308652876,0.23116538308652876
17,bwd_pkt_len_min_min,0.0,0.0
17,bwd_pkt_len_min_max,-0.014332643526089078,0.014332643526089078
17,bwd_pkt_len_mean_mean,0.19535586040693384,0.19535586040693384
17,bwd_pkt_len_mean_std,0.29220502637073154,0.29220502637073154
17,bwd_pkt_len_mean_sum,0.4718062836227742,0.4718062836227742
17,bwd_pkt_len_mean_min,0.055710880224051365,0.055710880224051365
17,bwd_pkt_len_mean_max,1.5401105917274438,1.5401105917274438
17,bwd_pkt_len_std_mean,-1.649668486104051,1.649668486104051
17,bwd_pkt_len_std_std,1.130425360116637,1.130425360116637
17,bwd_pkt_len_std_sum,-0.00460473673396174,0.00460473673396174
17,bwd_pkt_len_std_min,0.0443903154136561,0.0443903154136561
17,bwd_pkt_len_std_max,1.2281452877870112,1.2281452877870112
17,bytes_per_sec_mean,-1.3221943839935533,1.3221943839935533
17,bytes_per_sec_std,0.2619140831709039,0.2619140831709039
17,bytes_per_sec_sum,-0.8780741786923821,0.8780741786923821
17,bytes_per_sec_min,0.052155422369844114,0.052155422369844114
17,bytes_per_sec_max,1.174194196086157,1.174194196086157
17,packets_per_sec_mean,-0.2894543051052882,0.2894543051052882
17,packets_per_sec_std,0.032899630443960784,0.032899630443960784
17,packets_per_sec_sum,-0.2636899966885545,0.2636899966885545
17,packets_per_sec_min,-0.1685929503785733,0.1685929503785733
17,packets_per_sec_max,-0.3198220683810242,0.3198220683810242
17,flow_iat_mean_mean,0.22049934310612718,0.22049934310612718
17,flow_iat_mean_std,-0.15518326437013658,0.15518326437013658
17,flow_iat_mean_sum,0.26145818642826835,0.26145818642826835
17,flow_iat_mean_min,0.014705947318871752,0.014705947318871752
17,flow_iat_mean_max,-0.040637877758087755,0.040637877758087755
17,flow_iat_std_mean,-0.26744354748217847,0.26744354748217847
17,flow_iat_std_std,-1.2450949486860128,1.2450949486860128
17,flow_iat_std_sum,-0.3986675402984893,0.3986675402984893
17,flow_iat_std_min,-0.04352001505131221,0.04352001505131221
17,flow_iat_std_max,-0.2666735018361084,0.2666735018361084
17,flow_iat_max_mean,-0.26686922951419845,0.26686922951419845
17,flow_iat_max_std,-0.5686537734402981,0.5686537734402981
17,flow_iat_max_sum,0.19087778137415828,0.19087778137415828
17,flow_iat_max_min,-0.0010920208367812406,0.0010920208367812406
17,flow_iat_max_max,0.1960381405682792,0.1960381405682792
17,flow_iat_min_mean,0.16533096602580374,0.16533096602580374
17,flow_iat_min_std,0.03387260615821929,0.03387260615821929
17,flow_iat_min_sum,0.3223817851097502,0.3223817851097502
17,flow_iat_min_min,0.02199247489761568,0.02199247489761568
17,flow_iat_min_max,0.095272278014434,0.095272278014434
17,fwd_iat_tot_mean,0.0750089309126142,0.0750089309126142
17,fwd_iat_tot_std,0.24672222783631637,0.24672222783631637
17,fwd_iat_tot_sum,-0.10835423708052346,0.10835423708052346
17,fwd_iat_tot_min,0.09008660806501544,0.09008660806501544
17,fwd_iat_tot_max,0.038792836175698404,0.038792836175698404
17,fwd_iat_mean_mean,-0.07644002872993316,0.07644002872993316
17,fwd_iat_mean_std,-0.6767237149710458,0.6767237149710458
17,fwd_iat_mean_sum,0.16384434051946936,0.16384434051946936
17,fwd_iat_mean_min,0.007911398260058251,0.007911398260058251
17,fwd_iat_mean_max,0.2760068280778507,0.2760068280778507
17,fwd_iat_std_mean,0.3289180720552006,0.3289180720552006
17,fwd_iat_std_std,0.33607266663972224,0.33607266663972224
17,fwd_iat_std_sum,0.26876457983352,0.26876457983352
17,fwd_iat_std_min,-0.05048063018136031,0.05048063018136031
17,fwd_iat_std_max,0.2829385316055672,0.2829385316055672
17,fwd_iat_max_mean,0.06286964716067438,0.06286964716067438
17,fwd_iat_max_std,-0.057912473170653116,0.057912473170653116
17,fwd_iat_max_sum,0.36019983801241734,0.36019983801241734
17,fwd_iat_max_min,-0.0011529566397236036,0.0011529566397236036
17,fwd_iat_max_max,-0.2737958960657904,0.2737958960657904
17,fwd_iat_min_mean,0.003049061438398728,0.003049061438398728
17,fwd_iat_min_std,-0.42822013076903687,0.42822013076903687
17,fwd_iat_min_sum,0.34014480587674484,0.34014480587674484
17,fwd_iat_min_min,0.005702623152304389,0.005702623152304389
17,fwd_iat_min_max,0.32311250720601625,0.32311250720601625
17,bwd_iat_tot_mean,-0.5876812988718992,0.5876812988718992
17,bwd_iat_tot_std,-0.10203761991442845,0.10203761991442845
17,bwd_iat_tot_sum,-0.07769373574468973,0.07769373574468973
17,bwd_iat_tot_min,0.024776745852106017,0.024776745852106017
17,bwd_iat_tot_max,-0.29058463501347775,0.29058463501347775
17,bwd_iat_mean_mean,0.4758267352150535,0.4758267352150535
17,bwd_iat_mean_std,1.008312616497541,1.008312616497541
17,bwd_iat_mean_sum,-0.642867282962669,0.642867282962669
17,bwd_iat_mean_min,-0.04229611799072989,0.04229611799072989
17,bwd_iat_mean_max,-0.5358460369079998,0.5358460369079998
17,bwd_iat_std_mean,1.3665161449179877,1.3665161449179877
17,bwd_iat_std_std,0.24305772150729182,0.24305772150729182
17,bwd_iat_std_sum,0.299782155679078,0.299782155679078
17,bwd_iat_std_min,0.020819766701627766,0.020819766701627766
17,bwd_iat_std_max,-0.05892441483174423,0.05892441483174423
17,bwd_iat_max_mean,-0.17141690232104506,0.17141690232104506
17,bwd_iat_max_std,-1.0232644317160913,1.0232644317160913
17,bwd_iat_max_sum,-0.12199325583712,0.12199325583712
17,bwd_iat_max_min,-0.0012800936462857453,0.0012800936462857453
17,bwd_iat_max_max,0.012041146049568302,0.012041146049568302
17,bwd_iat_min_mean,-0.039480752311578035,0.039480752311578035
17,bwd_iat_min_std,-1.0328910516305085,1.0328910516305085
17,bwd_iat_min_sum,0.1092786723402558,0.1092786723402558
17,bwd_iat_min_min,-0.08217489803674498,0.08217489803674498
17,bwd_iat_min_max,0.8946522794842394,0.8946522794842394
17,fwd_psh_flags_mean,-0.08862970673435601,0.08862970673435601
17,fwd_psh_flags_std,-0.142547649283856,0.142547649283856
17,fwd_psh_flags_sum,-0.06539173424059379,0.06539173424059379
17,fwd_psh_flags_min,-0.01427755432183295,0.01427755432183295
17,fwd_psh_flags_max,0.09430283718918214,0.09430283718918214
17,bwd_psh_flags_mean,0.0,0.0
17,bwd_psh_flags_std,0.0,0.0
17,bwd_psh_flags_sum,0.0,0.0
17,bwd_psh_flags_min,0.0,0.0
17,bwd_psh_flags_max,0.0,0.0
17,fwd_urg_flags_mean,-0.21739196493615354,0.21739196493615354
17,fwd_urg_flags_std,0.3818685605272405,0.3818685605272405
17,fwd_urg_flags_sum,0.014248100594187555,0.014248100594187555
17,fwd_urg_flags_min,0.0,0.0
17,fwd_urg_flags_max,0.1214017638706933,0.1214017638706933
17,bwd_urg_flags_mean,0.0,0.0
17,bwd_urg_flags_std,0.0,0.0
17,bwd_urg_flags_sum,0.0,0.0
17,bwd_urg_flags_min,0.0,0.0
17,bwd_urg_flags_max,0.0,0.0
17,fwd_header_len_mean,0.2634903942096232,0.2634903942096232
17,fwd_header_len_std,0.31872817251680047,0.31872817251680047
17,fwd_header_len_sum,0.22731801798465592,0.22731801798465592
17,fwd_header_len_min,-0.013350805196209053,0.013350805196209053
17,fwd_header_len_max,0.5366846217800807,0.5366846217800807
17,bwd_header_len_mean,-0.029895323526242877,0.029895323526242877
17,bwd_header_len_std,-0.2617251829928666,0.2617251829928666
17,bwd_header_len_sum,0.07315370601593917,0.07315370601593917
17,bwd_header_len_min,0.0005559155634538945,0.0005559155634538945
17,bwd_header_len_max,0.5738600751095756,0.5738600751095756
17,fwd_pkts_per_sec_mean,0.33623960257273044,0.33623960257273044
17,fwd_pkts_per_sec_std,0.10675407989143168,0.10675407989143168
17,fwd_pkts_per_sec_sum,0.3879026680055775,0.3879026680055775
17,fwd_pkts_per_sec_min,0.019501161217311647,0.019501161217311647
17,fwd_pkts_per_sec_max,-0.393551431567991,0.393551431567991
17,bwd_pkts_per_sec_mean,-0.2068357326129606,0.2068357326129606
17,bwd_pkts_per_sec_std,0.693047885840414,0.693047885840414
17,bwd_pkts_per_sec_sum,-0.9519854361039376,0.9519854361039376
17,bwd_pkts_per_sec_min,0.01951072627702233,0.01951072627702233
17,bwd_pkts_per_sec_max,-0.26044007969096006,0.26044007969096006
17,pkt_len_min_mean,-0.012682450959041273,0.012682450959041273
17,pkt_len_min_std,0.9221866176758402,0.9221866176758402
17,pkt_len_min_sum,-0.18058972808047113,0.18058972808047113
17,pkt_len_min_min,0.046027194469519105,0.046027194469519105
17,pkt_len_min_max,-0.30913149946426,0.30913149946426
17,pkt_len_max_mean,-0.6531720983331613,0.6531720983331613
17,pkt_len_max_std,-0.7294031787751815,0.7294031787751815
17,pkt_len_max_sum,0.2963833653169264,0.2963833653169264
17,pkt_len_max_min,0.00732790139133755,0.00732790139133755
17,pkt_len_max_max,0.3515305449951044,0.3515305449951044
17,pkt_len_mean_mean,-0.6811444765737819,0.6811444765737819
17,pkt_len_mean_std,0.32626874097499514,0.32626874097499514
17,pkt_len_mean_sum,0.33245237978973496,0.33245237978973496
17,pkt_len_mean_min,0.02136417599898246,0.02136417599898246
17,pkt_len_mean_max,-0.957157224495515,0.957157224495515
17,pkt_len_std_mean,-0.9450827385717359,0.9450827385717359
17,pkt_len_std_std,0.5559049602634135,0.5559049602634135
17,pkt_len_std_sum,0.2802512623014233,0.2802512623014233
17,pkt_len_std_min,0.049209100538473834,0.049209100538473834
17,pkt_len_std_max,-0.14645570532317786,0.14645570532317786
17,pkt_len_var_mean,-1.235897201778906,1.235897201778906
17,pkt_len_var_std,-1.547081105464375,1.547081105464375
17,pkt_len_var_sum,0.5351154303310091,0.5351154303310091
17,pkt_len_var_min,0.04635822903348441,0.04635822903348441
17,pkt_len_var_max,-1.4845695912870875,1.4845695912870875
17,fin_flag_cnt_mean,0.06549476950007317,0.06549476950007317
17,fin_flag_cnt_std,0.13624992499742813,0.13624992499742813
17,fin_flag_cnt_sum,-0.017218713536162875,0.017218713536162875
17,fin_flag_cnt_min,0.0,0.0
17,fin_flag_cnt_max,0.14308516969874102,0.14308516969874102
17,syn_flag_cnt_mean,-0.08862970673435601,0.08862970673435601
17,syn_flag_cnt_std,-0.142547649283856,0.142547649283856
17,syn_flag_cnt_sum,-0.06539173424059379,0.06539173424059379
17,syn_flag_cnt_min,-0.01427755432183295,0.01427755432183295
17,syn_flag_cnt_max,0.09430283718918214,0.09430283718918214
17,rst_flag_cnt_mean,0.015058886733750053,0.015058886733750053
17,rst_flag_cnt_std,0.6016653659009147,0.6016653659009147
17,rst_flag_cnt_sum,0.6778281928191544,0.6778281928191544
17,rst_flag_cnt_min,0.0,0.0
17,rst_flag_cnt_max,-0.32787900467805087,0.32787900467805087
17,psh_flag_cnt_mean,0.490664079149818,0.490664079149818
17,psh_flag_cnt_std,-0.036618381436997235,0.036618381436997235
17,psh_flag_cnt_sum,0.09322207951996739,0.09322207951996739
17,psh_flag_cnt_min,0.005449521178092201,0.005449521178092201
17,psh_flag_cnt_max,-0.48560714554226275,0.48560714554226275
17,ack_flag_cnt_mean,0.1883721968185965,0.1883721968185965
17,ack_flag_cnt_std,0.9940045936846748,0.9940045936846748
17,ack_flag_cnt_sum,0.4768674122161741,0.4768674122161741
17,ack_flag_cnt_min,-0.01427755432183295,0.01427755432183295
17,ack_flag_cnt_max,-0.3429534360831615,0.3429534360831615
17,urg_flag_cnt_mean,-0.8274929621257509,0.8274929621257509
17,urg_flag_cnt_std,0.5445751015782071,0.5445751015782071
17,urg_flag_cnt_sum,-0.00035772683111692707,0.00035772683111692707
17,urg_flag_cnt_min,0.0,0.0
17,urg_flag_cnt_max,0.8105225260298513,0.8105225260298513
17,cwe_flag_cnt_mean,-0.21739196493615354,0.21739196493615354
17,cwe_flag_cnt_std,0.3818685605272405,0.3818685605272405
17,cwe_flag_cnt_sum,0.014248100594187555,0.014248100594187555
17,cwe_flag_cnt_min,0.0,0.0
17,cwe_flag_cnt_max,0.1214017638706933,0.1214017638706933
17,ece_flag_cnt_mean,0.05733658608317834,0.05733658608317834
17,ece_flag_cnt_std,0.6266815423513625,0.6266815423513625
17,ece_flag_cnt_sum,0.6787382690166671,0.6787382690166671
17,ece_flag_cnt_min,0.0,0.0
17,ece_flag_cnt_max,-0.32787900467805087,0.32787900467805087
17,down_up_ratio_mean,0.34251271727320554,0.34251271727320554
17,down_up_ratio_std,-1.1944197243900312,1.1944197243900312
17,down_up_ratio_sum,0.28879071311133053,0.28879071311133053
17,down_up_ratio_min,-0.004016347266005358,0.004016347266005358
17,down_up_ratio_max,0.46008126642611397,0.46008126642611397
17,pkt_size_avg_mean,-0.6787412490259579,0.6787412490259579
17,pkt_size_avg_std,0.2202763327331523,0.2202763327331523
17,pkt_size_avg_sum,0.29249323281284706,0.29249323281284706
17,pkt_size_avg_min,0.010939105164767801,0.010939105164767801
17,pkt_size_avg_max,0.28196966600838314,0.28196966600838314
17,fwd_seg_size_avg_mean,-0.2148819782181154,0.2148819782181154
17,fwd_seg_size_avg_std,0.012613563664852008,0.012613563664852008
17,fwd_seg_size_avg_sum,0.4365785553377008,0.4365785553377008
17,fwd_seg_size_avg_min,0.01332371668098825,0.01332371668098825
17,fwd_seg_size_avg_max,0.014074203777196221,0.014074203777196221
17,bwd_seg_size_avg_mean,0.19535586040361108,0.19535586040361108
17,bwd_seg_size_avg_std,0.29220502635502477,0.29220502635502477
17,bwd_seg_size_avg_sum,0.4718062836222601,0.4718062836222601
17,bwd_seg_size_avg_min,0.055710880224051365,0.055710880224051365
17,bwd_seg_size_avg_max,1.5401105917275593,1.5401105917275593
17,fwd_byts_b_avg_mean,0.0,0.0
17,fwd_byts_b_avg_std,0.0,0.0
17,fwd_byts_b_avg_sum,0.0,0.0
17,fwd_byts_b_avg_min,0.0,0.0
17,fwd_byts_b_avg_max,0.0,0.0
17,fwd_pkts_b_avg_mean,0.0,0.0
17,fwd_pkts_b_avg_std,0.0,0.0
17,fwd_pkts_b_avg_sum,0.0,0.0
17,fwd_pkts_b_avg_min,0.0,0.0
17,fwd_pkts_b_avg_max,0.0,0.0
17,fwd_blk_rate_avg_mean,0.0,0.0
17,fwd_blk_rate_avg_std,0.0,0.0
17,fwd_blk_rate_avg_sum,0.0,0.0
17,fwd_blk_rate_avg_min,0.0,0.0
17,fwd_blk_rate_avg_max,0.0,0.0
17,bwd_byts_b_avg_mean,0.0,0.0
17,bwd_byts_b_avg_std,0.0,0.0
17,bwd_byts_b_avg_sum,0.0,0.0
17,bwd_byts_b_avg_min,0.0,0.0
17,bwd_byts_b_avg_max,0.0,0.0
17,bwd_pkts_b_avg_mean,0.0,0.0
17,bwd_pkts_b_avg_std,0.0,0.0
17,bwd_pkts_b_avg_sum,0.0,0.0
17,bwd_pkts_b_avg_min,0.0,0.0
17,bwd_pkts_b_avg_max,0.0,0.0
17,bwd_blk_rate_avg_mean,0.0,0.0
17,bwd_blk_rate_avg_std,0.0,0.0
17,bwd_blk_rate_avg_sum,0.0,0.0
17,bwd_blk_rate_avg_min,0.0,0.0
17,bwd_blk_rate_avg_max,0.0,0.0
17,subflow_fwd_pkts_mean,0.2618549360948206,0.2618549360948206
17,subflow_fwd_pkts_std,0.3032085906735029,0.3032085906735029
17,subflow_fwd_pkts_sum,0.1752617005106388,0.1752617005106388
17,subflow_fwd_pkts_min,0.06909342617207628,0.06909342617207628
17,subflow_fwd_pkts_max,0.1986043113215412,0.1986043113215412
17,subflow_fwd_byts_mean,0.20372597920776475,0.20372597920776475
17,subflow_fwd_byts_std,-0.06829444913834354,0.06829444913834354
17,subflow_fwd_byts_sum,0.19011019550059077,0.19011019550059077
17,subflow_fwd_byts_min,-0.021167218576782797,0.021167218576782797
17,subflow_fwd_byts_max,-0.1462072561312702,0.1462072561312702
17,subflow_bwd_pkts_mean,-0.13654370147560418,0.13654370147560418
17,subflow_bwd_pkts_std,-0.632948105569054,0.632948105569054
17,subflow_bwd_pkts_sum,-0.17589313988998134,0.17589313988998134
17,subflow_bwd_pkts_min,-0.05316341605731639,0.05316341605731639
17,subflow_bwd_pkts_max,-0.08705981674904055,0.08705981674904055
17,subflow_bwd_byts_mean,0.23449186987023157,0.23449186987023157
17,subflow_bwd_byts_std,-0.2382154027730146,0.2382154027730146
17,subflow_bwd_byts_sum,-0.8726579862883029,0.8726579862883029
17,subflow_bwd_byts_min,0.0477244436094279,0.0477244436094279
17,subflow_bwd_byts_max,0.4553810694834615,0.4553810694834615
17,window_size_fwd_mean,0.3768910744594043,0.3768910744594043
17,window_size_fwd_std,-1.1921980061354347,1.1921980061354347
17,window_size_fwd_sum,0.15374810222290305,0.15374810222290305
17,window_size_fwd_min,0.03050732486269081,0.03050732486269081
17,window_size_fwd_max,-0.18784447169171917,0.18784447169171917
17,window_size_bwd_mean,-0.7802818505487776,0.7802818505487776
17,window_size_bwd_std,1.958311036820484,1.958311036820484
17,window_size_bwd_sum,-0.7602079594295301,0.7602079594295301
17,window_size_bwd_min,0.040356901664784506,0.040356901664784506
17,window_size_bwd_max,0.38108738544003473,0.38108738544003473
17,fwd_act_data_pkts_mean,0.26088013339002786,0.26088013339002786
17,fwd_act_data_pkts_std,0.29891724314875784,0.29891724314875784
17,fwd_act_data_pkts_sum,0.15694623388749956,0.15694623388749956
17,fwd_act_data_pkts_min,0.13687475922392284,0.13687475922392284
17,fwd_act_data_pkts_max,0.16161648813885932,0.16161648813885932
17,fwd_seg_size_min_mean,1.0313628409002373,1.0313628409002373
17,fwd_seg_size_min_std,-0.4082103560765047,0.4082103560765047
17,fwd_seg_size_min_sum,0.2551845915664439,0.2551845915664439
17,fwd_seg_size_min_min,-0.15167631472636015,0.15167631472636015
17,fwd_seg_size_min_max,-0.12089547542750684,0.12089547542750684
17,active_mean_mean,-0.16697972914043538,0.16697972914043538
17,active_mean_std,-0.34467838967046877,0.34467838967046877
17,active_mean_sum,-0.6543853944695128,0.6543853944695128
17,active_mean_min,0.0042222130420572716,0.0042222130420572716
17,active_mean_max,-0.03410419360186588,0.03410419360186588
17,active_std_mean,-0.4405555566189862,0.4405555566189862
17,active_std_std,-0.12133989637968526,0.12133989637968526
17,active_std_sum,-0.625037126775998,0.625037126775998
17,active_std_min,0.02120788965782132,0.02120788965782132
17,active_std_max,0.2456459221921918,0.2456459221921918
17,active_max_mean,-0.253613418099113,0.253613418099113
17,active_max_std,0.4616333525831271,0.4616333525831271
17,active_max_sum,0.7257474475966008,0.7257474475966008
17,active_max_min,0.009794739832490355,0.009794739832490355
17,active_max_max,0.19242312383377902,0.19242312383377902
17,active_min_mean,0.03914809359469609,0.03914809359469609
17,active_min_std,-0.3485039739298514,0.3485039739298514
17,active_min_sum,0.1698806613136172,0.1698806613136172
17,active_min_min,-0.005195465794073675,0.005195465794073675
17,active_min_max,0.17243021206774045,0.17243021206774045
17,idle_mean_mean,0.1349654714531845,0.1349654714531845
17,idle_mean_std,-0.20625029500333544,0.20625029500333544
17,idle_mean_sum,0.023327217182023505,0.023327217182023505
17,idle_mean_min,-0.020759303928275387,0.020759303928275387
17,idle_mean_max,-0.09376384174874679,0.09376384174874679
17,idle_std_mean,0.4280838538457239,0.4280838538457239
17,idle_std_std,0.007089382847760249,0.007089382847760249
17,idle_std_sum,0.04714159713903084,0.04714159713903084
17,idle_std_min,-0.02782232482777359,0.02782232482777359
17,idle_std_max,-0.033939246319351184,0.033939246319351184
17,idle_max_mean,0.33308945384013555,0.33308945384013555
17,idle_max_std,0.09222195653150397,0.09222195653150397
17,idle_max_sum,0.1191238894846198,0.1191238894846198
17,idle_max_min,-0.0017194236841903123,0.0017194236841903123
17,idle_max_max,-0.12233882624797562,0.12233882624797562
17,idle_min_mean,-0.20166248350014948,0.20166248350014948
17,idle_min_std,-0.3846169034043477,0.3846169034043477
17,idle_min_sum,-0.042745065161169285,0.042745065161169285
17,idle_min_min,-0.0535444040620444,0.0535444040620444
17,idle_min_max,-0.07161284693550068,0.07161284693550068
17,duration_sec_mean,0.08408531839953488,0.08408531839953488
17,duration_sec_std,0.6488575243209437,0.6488575243209437
17,duration_sec_sum,-0.13666041514118754,0.13666041514118754
17,duration_sec_min,0.07427277733729755,0.07427277733729755
17,duration_sec_max,0.15283146436938722,0.15283146436938722
17,flow_count,0.13458965847791207,0.13458965847791207
17,unique_dst_ports_count,0.14058465967421419,0.14058465967421419
17,unique_protocols_count,0.01201842644315319,0.01201842644315319
17,pkt_ttl_min,-0.2361442306177599,0.2361442306177599
17,pkt_ttl_max,-0.4843047177694623,0.4843047177694623
17,pkt_ttl_std,0.35263280264758723,0.35263280264758723
17,pkt_ttl_mode,0.34869572639473945,0.34869572639473945
17,pkt_frag_mf_count,0.0,0.0
17,pkt_frag_df_count,0.6978820642534705,0.6978820642534705
17,pkt_payload_size_p25,-0.07174021918104415,0.07174021918104415
17,pkt_payload_size_p50,-0.2171129093233398,0.2171129093233398
17,pkt_payload_size_p75,-0.6615409326576727,0.6615409326576727
17,pkt_payload_size_p95,-0.8806519376518546,0.8806519376518546
17,pkt_tcp_retrans_count,1.5462328654809663,1.5462328654809663
17,pkt_port_scan_seq_score,1.4376115302675148,1.4376115302675148
18,duration_microsec_mean,0.0956822425279471,0.0956822425279471
18,duration_microsec_std,0.20760064474360643,0.20760064474360643
18,duration_microsec_sum,-0.06488406613638195,0.06488406613638195
18,duration_microsec_min,0.09113375321948211,0.09113375321948211
18,duration_microsec_max,0.29036490254996655,0.29036490254996655
18,packet_count_fwd_mean,0.5635501655476103,0.5635501655476103
18,packet_count_fwd_std,-0.267447914593804,0.267447914593804
18,packet_count_fwd_sum,0.2336203360470653,0.2336203360470653
18,packet_count_fwd_min,0.13962132296144594,0.13962132296144594
18,packet_count_fwd_max,-0.03665640056765547,0.03665640056765547
18,packet_count_bwd_mean,0.5759188498041983,0.5759188498041983
18,packet_count_bwd_std,1.0950908167037927,1.0950908167037927
18,packet_count_bwd_sum,0.038336006508788094,0.038336006508788094
18,packet_count_bwd_min,-0.1578602001916204,0.1578602001916204
18,packet_count_bwd_max,0.24749224609674872,0.24749224609674872
18,byte_count_fwd_mean,-0.0647842960787978,0.0647842960787978
18,byte_count_fwd_std,-0.7372381184141658,0.7372381184141658
18,byte_count_fwd_sum,-0.19718908846056393,0.19718908846056393
18,byte_count_fwd_min,0.197009535645084,0.197009535645084
18,byte_count_fwd_max,1.3126683586503394,1.3126683586503394
18,byte_count_bwd_mean,-0.5592247994933964,0.5592247994933964
18,byte_count_bwd_std,-1.5688998925411546,1.5688998925411546
18,byte_count_bwd_sum,-0.44737525590116,0.44737525590116
18,byte_count_bwd_min,0.05426251276916323,0.05426251276916323
18,byte_count_bwd_max,-0.6562615158450346,0.6562615158450346
18,fwd_pkt_len_max_mean,0.20612726925192681,0.20612726925192681
18,fwd_pkt_len_max_std,-1.6780227746475536,1.6780227746475536
18,fwd_pkt_len_max_sum,0.3873166448441185,0.3873166448441185
18,fwd_pkt_len_max_min,-0.05539708068592623,0.05539708068592623
18,fwd_pkt_len_max_max,0.4979509914206886,0.4979509914206886
18,fwd_pkt_len_min_mean,-0.1925565124058998,0.1925565124058998
18,fwd_pkt_len_min_std,0.016001943499030277,0.016001943499030277
18,fwd_pkt_len_min_sum,-0.15186173349008655,0.15186173349008655
18,fwd_pkt_len_min_min,0.04644569248818379,0.04644569248818379
18,fwd_pkt_len_min_max,-0.02410410920367338,0.02410410920367338
18,fwd_pkt_len_mean_mean,-0.21476303047108738,0.21476303047108738
18,fwd_pkt_len_mean_std,0.012710336321121117,0.012710336321121117
18,fwd_pkt_len_mean_sum,0.4368084192423146,0.4368084192423146
18,fwd_pkt_len_mean_min,0.013439554201547986,0.013439554201547986
18,fwd_pkt_len_mean_max,0.014047485484000054,0.014047485484000054
18,fwd_pkt_len_std_mean,2.016368297673068,2.016368297673068
18,fwd_pkt_len_std_std,0.9064026826522348,0.9064026826522348
18,fwd_pkt_len_std_sum,0.4308593574727018,0.4308593574727018
18,fwd_pkt_len_std_min,0.039393664650816076,0.039393664650816076
18,fwd_pkt_len_std_max,-0.2677461175497036,0.2677461175497036
18,bwd_pkt_len_max_mean,-0.0005104274158856295,0.0005104274158856295
18,bwd_pkt_len_max_std,0.5760024637863873,0.5760024637863873
18,bwd_pkt_len_max_sum,0.16374870854494605,0.16374870854494605
18,bwd_pkt_len_max_min,0.048426842798361146,0.048426842798361146
18,bwd_pkt_len_max_max,-0.13272268783115584,0.13272268783115584
18,bwd_pkt_len_min_mean,0.8571067695564056,0.8571067695564056
18,bwd_pkt_len_min_std,-0.35701770514353126,0.35701770514353126
18,bwd_pkt_len_min_sum,0.23023735413710666,0.23023735413710666
18,bwd_pkt_len_min_min,0.0,0.0
18,bwd_pkt_len_min_max,-0.014416138882393162,0.014416138882393162
18,bwd_pkt_len_mean_mean,0.1957141950756163,0.1957141950756163
18,bwd_pkt_len_mean_std,0.29255599605958027,0.29255599605958027
18,bwd_pkt_len_mean_sum,0.47191242006665296,0.47191242006665296
18,bwd_pkt_len_mean_min,0.05540188544884034,0.05540188544884034
18,bwd_pkt_len_mean_max,1.5398166954559254,1.5398166954559254
18,bwd_pkt_len_std_mean,-1.6488203546291065,1.6488203546291065
18,bwd_pkt_len_std_std,1.1326063346425224,1.1326063346425224
18,bwd_pkt_len_std_sum,-0.00394235129611783,0.00394235129611783
18,bwd_pkt_len_std_min,0.04414345381780681,0.04414345381780681
18,bwd_pkt_len_std_max,1.2274569551206707,1.2274569551206707
18,bytes_per_sec_mean,-1.3221491543589279,1.3221491543589279
18,bytes_per_sec_std,0.26230976392796546,0.26230976392796546
18,bytes_per_sec_sum,-0.8778679358439285,0.8778679358439285
18,bytes_per_sec_min,0.05217333921280107,0.05217333921280107
18,bytes_per_sec_max,1.1742247044651004,1.1742247044651004
18,packets_per_sec_mean,-0.2903054792145345,0.2903054792145345
18,packets_per_sec_std,0.03257441661158625,0.03257441661158625
18,packets_per_sec_sum,-0.2640938232837023,0.2640938232837023
18,packets_per_sec_min,-0.16813264259442232,0.16813264259442232
18,packets_per_sec_max,-0.3193505600148768,0.3193505600148768
18,flow_iat_mean_mean,0.2203864730285013,0.2203864730285013
18,flow_iat_mean_std,-0.1559245979761238,0.1559245979761238
18,flow_iat_mean_sum,0.2608776046526842,0.2608776046526842
18,flow_iat_mean_min,0.014827821677798744,0.014827821677798744
18,flow_iat_mean_max,-0.040676102154447766,0.040676102154447766
18,flow_iat_std_mean,-0.2678662885280282,0.2678662885280282
18,flow_iat_std_std,-1.2450360585090945,1.2450360585090945
18,flow_iat_std_sum,-0.3989101683432279,0.3989101683432279
18,flow_iat_std_min,-0.04339340019846034,0.04339340019846034
18,flow_iat_std_max,-0.26774494073725136,0.26774494073725136
18,flow_iat_max_mean,-0.266848076777717,0.266848076777717
18,flow_iat_max_std,-0.5698651390641492,0.5698651390641492
18,flow_iat_max_sum,0.19089495716942192,0.19089495716942192
18,flow_iat_max_min,-0.0009784854748594986,0.0009784854748594986
18,flow_iat_max_max,0.19781930640135303,0.19781930640135303
18,flow_iat_min_mean,0.16521533772866695,0.16521533772866695
18,flow_iat_min_std,0.033268930701886905,0.033268930701886905
18,flow_iat_min_sum,0.32183078278739363,0.32183078278739363
18,flow_iat_min_min,0.02211722814260634,0.02211722814260634
18,flow_iat_min_max,0.09523729000885565,0.09523729000885565
18,fwd_iat_tot_mean,0.07468358719804394,0.07468358719804394
18,fwd_iat_tot_std,0.24654653464994875,0.24654653464994875
18,fwd_iat_tot_sum,-0.10878717736915955,0.10878717736915955
18,fwd_iat_tot_min,0.09014032334953888,0.09014032334953888
18,fwd_iat_tot_max,0.03864700944857697,0.03864700944857697
18,fwd_iat_mean_mean,-0.07620066629394268,0.07620066629394268
18,fwd_iat_mean_std,-0.6768927144796983,0.6768927144796983
18,fwd_iat_mean_sum,0.1635948583578114,0.1635948583578114
18,fwd_iat_mean_min,0.008031077111396688,0.008031077111396688
18,fwd_iat_mean_max,0.27657283701863045,0.27657283701863045
18,fwd_iat_std_mean,0.32820334378888594,0.32820334378888594
18,fwd_iat_std_std,0.33721043967450015,0.33721043967450015
18,fwd_iat_std_sum,0.26884428492349316,0.26884428492349316
18,fwd_iat_std_min,-0.050359624477015835,0.050359624477015835
18,fwd_iat_std_max,0.2829941759485405,0.2829941759485405
18,fwd_iat_max_mean,0.06343020330939587,0.06343020330939587
18,fwd_iat_max_std,-0.05871597079309383,0.05871597079309383
18,fwd_iat_max_sum,0.360740423225197,0.360740423225197
18,fwd_iat_max_min,-0.0010405057445637008,0.0010405057445637008
18,fwd_iat_max_max,-0.27910468389816195,0.27910468389816195
18,fwd_iat_min_mean,0.003481491543673172,0.003481491543673172
18,fwd_iat_min_std,-0.42813666577826637,0.42813666577826637
18,fwd_iat_min_sum,0.33997021961565493,0.33997021961565493
18,fwd_iat_min_min,0.005824751423114712,0.005824751423114712
18,fwd_iat_min_max,0.3237239821087973,0.3237239821087973
18,bwd_iat_tot_mean,-0.5879904228052518,0.5879904228052518
18,bwd_iat_tot_std,-0.10188144002011394,0.10188144002011394
18,bwd_iat_tot_sum,-0.0774468692124046,0.0774468692124046
18,bwd_iat_tot_min,0.024555484741862723,0.024555484741862723
18,bwd_iat_tot_max,-0.2915015515171746,0.2915015515171746
18,bwd_iat_mean_mean,0.47595286560973893,0.47595286560973893
18,bwd_iat_mean_std,1.0077303770505273,1.0077303770505273
18,bwd_iat_mean_sum,-0.6430214877558639,0.6430214877558639
18,bwd_iat_mean_min,-0.04228841958236864,0.04228841958236864
18,bwd_iat_mean_max,-0.5375882972279757,0.5375882972279757
18,bwd_iat_std_mean,1.3653367649610528,1.3653367649610528
18,bwd_iat_std_std,0.24206634396587912,0.24206634396587912
18,bwd_iat_std_sum,0.2994900731839993,0.2994900731839993
18,bwd_iat_std_min,0.020761004373330658,0.020761004373330658
18,bwd_iat_std_max,-0.05845822389694719,0.05845822389694719
18,bwd_iat_max_mean,-0.17173752188951324,0.17173752188951324
18,bwd_iat_max_std,-1.0216650265750382,1.0216650265750382
18,bwd_iat_max_sum,-0.1210694969669124,0.1210694969669124
18,bwd_iat_max_min,-0.0013518569737573526,0.0013518569737573526
18,bwd_iat_max_max,0.012919563884485908,0.012919563884485908
18,bwd_iat_min_mean,-0.039923653556792144,0.039923653556792144
18,bwd_iat_min_std,-1.033244630862552,1.033244630862552
18,bwd_iat_min_sum,0.10948600958733463,0.10948600958733463
18,bwd_iat_min_min,-0.08204528475411842,0.08204528475411842
18,bwd_iat_min_max,0.8962426735718272,0.8962426735718272
18,fwd_psh_flags_mean,-0.0890840838111629,0.0890840838111629
18,fwd_psh_flags_std,-0.14205539384596066,0.14205539384596066
18,fwd_psh_flags_sum,-0.06519257584738229,0.06519257584738229
18,fwd_psh_flags_min,-0.01400166238760414,0.01400166238760414
18,fwd_psh_flags_max,0.09466640035491149,0.09466640035491149
18,bwd_psh_flags_mean,0.0,0.0
18,bwd_psh_flags_std,0.0,0.0
18,bwd_psh_flags_sum,0.0,0.0
18,bwd_psh_flags_min,0.0,0.0
18,bwd_psh_flags_max,0.0,0.0
18,fwd_urg_flags_mean,-0.21744237025796323,0.21744237025796323
18,fwd_urg_flags_std,0.38199467327194375,0.38199467327194375
18,fwd_urg_flags_sum,0.014136104440441891,0.014136104440441891
18,fwd_urg_flags_min,0.0,0.0
18,fwd_urg_flags_max,0.12149347034751232,0.12149347034751232
18,bwd_urg_flags_mean,0.0,0.0
18,bwd_urg_flags_std,0.0,0.0
18,bwd_urg_flags_sum,0.0,0.0
18,bwd_urg_flags_min,0.0,0.0
18,bwd_urg_flags_max,0.0,0.0
18,fwd_header_len_mean,0.2636794965179936,0.2636794965179936
18,fwd_header_len_std,0.3189085884299804,0.3189085884299804
18,fwd_header_len_sum,0.2274803549191769,0.2274803549191769
18,fwd_header_len_min,-0.013341285793280503,0.013341285793280503
18,fwd_header_len_max,0.5358783719301794,0.5358783719301794
18,bwd_header_len_mean,-0.03127739113524464,0.03127739113524464
18,bwd_header_len_std,-0.2612430541169154,0.2612430541169154
18,bwd_header_len_sum,0.0733749436343382,0.0733749436343382
18,bwd_header_len_min,0.0005271312794581762,0.0005271312794581762
18,bwd_header_len_max,0.5734447264681276,0.5734447264681276
18,fwd_pkts_per_sec_mean,0.33624285451168,0.33624285451168
18,fwd_pkts_per_sec_std,0.10673658071358211,0.10673658071358211
18,fwd_pkts_per_sec_sum,0.38754220391562477,0.38754220391562477
18,fwd_pkts_per_sec_min,0.01969446992136443,0.01969446992136443
18,fwd_pkts_per_sec_max,-0.39367025638415554,0.39367025638415554
18,bwd_pkts_per_sec_mean,-0.20690528465992084,0.20690528465992084
18,bwd_pkts_per_sec_std,0.6934010356814284,0.6934010356814284
18,bwd_pkts_per_sec_sum,-0.9511955233626047,0.9511955233626047
18,bwd_pkts_per_sec_min,0.019704146502473333,0.019704146502473333
18,bwd_pkts_per_sec_max,-0.2607022982672114,0.2607022982672114
18,pkt_len_min_mean,-0.012101209779150973,0.012101209779150973
18,pkt_len_min_std,0.9231547527770639,0.9231547527770639
18,pkt_len_min_sum,-0.18028610884730198,0.18028610884730198
18,pkt_len_min_min,0.04622387758422639,0.04622387758422639
18,pkt_len_min_max,-0.309905741515555,0.309905741515555
18,pkt_len_max_mean,-0.6558230114913175,0.6558230114913175
18,pkt_len_max_std,-0.729372175871818,0.729372175871818
18,pkt_len_max_sum,0.2969120917362762,0.2969120917362762
18,pkt_len_max_min,0.007170495806366044,0.007170495806366044
18,pkt_len_max_max,0.3514484745775983,0.3514484745775983
18,pkt_len_mean_mean,-0.6811804677075706,0.6811804677075706
18,pkt_len_mean_std,0.3252403737856224,0.3252403737856224
18,pkt_len_mean_sum,0.33247783453572244,0.33247783453572244
18,pkt_len_mean_min,0.021458209345073278,0.021458209345073278
18,pkt_len_mean_max,-0.9570897379514296,0.9570897379514296
18,pkt_len_std_mean,-0.9445106641401515,0.9445106641401515
18,pkt_len_std_std,0.5568207913608196,0.5568207913608196
18,pkt_len_std_sum,0.28065745403822556,0.28065745403822556
18,pkt_len_std_min,0.04891343001075332,0.04891343001075332
18,pkt_len_std_max,-0.14692173683237797,0.14692173683237797
18,pkt_len_var_mean,-1.235612764168018,1.235612764168018
18,pkt_len_var_std,-1.5473639224081772,1.5473639224081772
18,pkt_len_var_sum,0.5352094315476603,0.5352094315476603
18,pkt_len_var_min,0.046070072083706316,0.046070072083706316
18,pkt_len_var_max,-1.484909922901785,1.484909922901785
18,fin_flag_cnt_mean,0.06619605600994048,0.06619605600994048
18,fin_flag_cnt_std,0.13564504084839357,0.13564504084839357
18,fin_flag_cnt_sum,-0.01781375956278178,0.01781375956278178
18,fin_flag_cnt_min,0.0,0.0
18,fin_flag_cnt_max,0.143187249647453,0.143187249647453
18,syn_flag_cnt_mean,-0.0890840838111629,0.0890840838111629
18,syn_flag_cnt_std,-0.14205539384596066,0.14205539384596066
18,syn_flag_cnt_sum,-0.06519257584738229,0.06519257584738229
18,syn_flag_cnt_min,-0.01400166238760414,0.01400166238760414
18,syn_flag_cnt_max,0.09466640035491149,0.09466640035491149
18,rst_flag_cnt_mean,0.01557665848800804,0.01557665848800804
18,rst_flag_cnt_std,0.6004538416179184,0.6004538416179184
18,rst_flag_cnt_sum,0.6774785046869048,0.6774785046869048
18,rst_flag_cnt_min,0.0,0.0
18,rst_flag_cnt_max,-0.32835135685469824,0.32835135685469824
18,psh_flag_cnt_mean,0.49013782312532755,0.49013782312532755
18,psh_flag_cnt_std,-0.034926107156281985,0.034926107156281985
18,psh_flag_cnt_sum,0.09406051037044394,0.09406051037044394
18,psh_flag_cnt_min,0.005715891449992364,0.005715891449992364
18,psh_flag_cnt_max,-0.4862518043875911,0.4862518043875911
18,ack_flag_cnt_mean,0.18893242085394352,0.18893242085394352
18,ack_flag_cnt_std,0.9946445291491288,0.9946445291491288
18,ack_flag_cnt_sum,0.4770469613526299,0.4770469613526299
18,ack_flag_cnt_min,-0.01400166238760414,0.01400166238760414
18,ack_flag_cnt_max,-0.3433136594910438,0.3433136594910438
18,urg_flag_cnt_mean,-0.8269373084670946,0.8269373084670946
18,urg_flag_cnt_std,0.543885764862502,0.543885764862502
18,urg_flag_cnt_sum,0.00045386804819023355,0.00045386804819023355
18,urg_flag_cnt_min,0.0,0.0
18,urg_flag_cnt_max,0.8102145128269608,0.8102145128269608
18,cwe_flag_cnt_mean,-0.21744237025796323,0.21744237025796323
18,cwe_flag_cnt_std,0.38199467327194375,0.38199467327194375
18,cwe_flag_cnt_sum,0.014136104440441891,0.014136104440441891
18,cwe_flag_cnt_min,0.0,0.0
18,cwe_flag_cnt_max,0.12149347034751232,0.12149347034751232
18,ece_flag_cnt_mean,0.05783731505944113,0.05783731505944113
18,ece_flag_cnt_std,0.6254702750364914,0.6254702750364914
18,ece_flag_cnt_sum,0.6783878323009327,0.6783878323009327
18,ece_flag_cnt_min,0.0,0.0
18,ece_flag_cnt_max,-0.32835135685469824,0.32835135685469824
18,down_up_ratio_mean,0.3432177537614563,0.3432177537614563
18,down_up_ratio_std,-1.1937645197301592,1.1937645197301592
18,down_up_ratio_sum,0.28869872645080563,0.28869872645080563
18,down_up_ratio_min,-0.0037869804715732966,0.0037869804715732966
18,down_up_ratio_max,0.4601052658054368,0.4601052658054368
18,pkt_size_avg_mean,-0.6784061781937579,0.6784061781937579
18,pkt_size_avg_std,0.21970280465565717,0.21970280465565717
18,pkt_size_avg_sum,0.2925661183349312,0.2925661183349312
18,pkt_size_avg_min,0.011029370499109351,0.011029370499109351
18,pkt_size_avg_max,0.28246646224867406,0.28246646224867406
18,fwd_seg_size_avg_mean,-0.21476303047108738,0.21476303047108738
18,fwd_seg_size_avg_std,0.012710336321121117,0.012710336321121117
18,fwd_seg_size_avg_sum,0.4368084192423146,0.4368084192423146
18,fwd_seg_size_avg_min,0.013439554201547986,0.013439554201547986
18,fwd_seg_size_avg_max,0.014047485484000054,0.014047485484000054
18,bwd_seg_size_avg_mean,0.19571419507221258,0.19571419507221258
18,bwd_seg_size_avg_std,0.2925559960439213,0.2925559960439213
18,bwd_seg_size_avg_sum,0.47191242006617073,0.47191242006617073
18,bwd_seg_size_avg_min,0.05540188544884034,0.05540188544884034
18,bwd_seg_size_avg_max,1.53981669545604,1.53981669545604
18,fwd_byts_b_avg_mean,0.0,0.0
18,fwd_byts_b_avg_std,0.0,0.0
18,fwd_byts_b_avg_sum,0.0,0.0
18,fwd_byts_b_avg_min,0.0,0.0
18,fwd_byts_b_avg_max,0.0,0.0
18,fwd_pkts_b_avg_mean,0.0,0.0
18,fwd_pkts_b_avg_std,0.0,0.0
18,fwd_pkts_b_avg_sum,0.0,0.0
18,fwd_pkts_b_avg_min,0.0,0.0
18,fwd_pkts_b_avg_max,0.0,0.0
18,fwd_blk_rate_avg_mean,0.0,0.0
18,fwd_blk_rate_avg_std,0.0,0.0
18,fwd_blk_rate_avg_sum,0.0,0.0
18,fwd_blk_rate_avg_min,0.0,0.0
18,fwd_blk_rate_avg_max,0.0,0.0
18,bwd_byts_b_avg_mean,0.0,0.0
18,bwd_byts_b_avg_std,0.0,0.0
18,bwd_byts_b_avg_sum,0.0,0.0
18,bwd_byts_b_avg_min,0.0,0.0
18,bwd_byts_b_avg_max,0.0,0.0
18,bwd_pkts_b_avg_mean,0.0,0.0
18,bwd_pkts_b_avg_std,0.0,0.0
18,bwd_pkts_b_avg_sum,0.0,0.0
18,bwd_pkts_b_avg_min,0.0,0.0
18,bwd_pkts_b_avg_max,0.0,0.0
18,bwd_blk_rate_avg_mean,0.0,0.0
18,bwd_blk_rate_avg_std,0.0,0.0
18,bwd_blk_rate_avg_sum,0.0,0.0
18,bwd_blk_rate_avg_min,0.0,0.0
18,bwd_blk_rate_avg_max,0.0,0.0
18,subflow_fwd_pkts_mean,0.2620518896366482,0.2620518896366482
18,subflow_fwd_pkts_std,0.3033970623144283,0.3033970623144283
18,subflow_fwd_pkts_sum,0.175392247433089,0.175392247433089
18,subflow_fwd_pkts_min,0.06916803449145666,0.06916803449145666
18,subflow_fwd_pkts_max,0.19865694427302838,0.19865694427302838
18,subflow_fwd_byts_mean,0.20398021227139018,0.20398021227139018
18,subflow_fwd_byts_std,-0.06787374925537079,0.06787374925537079
18,subflow_fwd_byts_sum,0.19019531977056678,0.19019531977056678
18,subflow_fwd_byts_min,-0.02110872914856832,0.02110872914856832
18,subflow_fwd_byts_max,-0.14617977970544904,0.14617977970544904
18,subflow_bwd_pkts_mean,-0.1364617333499878,0.1364617333499878
18,subflow_bwd_pkts_std,-0.6324834684851374,0.6324834684851374
18,subflow_bwd_pkts_sum,-0.17550753633388935,0.17550753633388935
18,subflow_bwd_pkts_min,-0.05305751979673661,0.05305751979673661
18,subflow_bwd_pkts_max,-0.08784809299745343,0.08784809299745343
18,subflow_bwd_byts_mean,0.2352268482089839,0.2352268482089839
18,subflow_bwd_byts_std,-0.23775906072035186,0.23775906072035186
18,subflow_bwd_byts_sum,-0.8724158629405065,0.8724158629405065
18,subflow_bwd_byts_min,0.04739714483204319,0.04739714483204319
18,subflow_bwd_byts_max,0.4553292422917445,0.4553292422917445
18,window_size_fwd_mean,0.37482827849067385,0.37482827849067385
18,window_size_fwd_std,-1.1922711789772773,1.1922711789772773
18,window_size_fwd_sum,0.1540518671998398,0.1540518671998398
18,window_size_fwd_min,0.03087096885280094,0.03087096885280094
18,window_size_fwd_max,-0.1877054877534237,0.1877054877534237
18,window_size_bwd_mean,-0.7768650680853059,0.7768650680853059
18,window_size_bwd_std,1.958079723616294,1.958079723616294
18,window_size_bwd_sum,-0.7595075075581399,0.7595075075581399
18,window_size_bwd_min,0.04001658631681103,0.04001658631681103
18,window_size_bwd_max,0.38304993864299897,0.38304993864299897
18,fwd_act_data_pkts_mean,0.26107645207258445,0.26107645207258445
18,fwd_act_data_pkts_std,0.29909781882853514,0.29909781882853514
18,fwd_act_data_pkts_sum,0.15704925598146052,0.15704925598146052
18,fwd_act_data_pkts_min,0.13704780293356425,0.13704780293356425
18,fwd_act_data_pkts_max,0.1619007856197563,0.1619007856197563
18,fwd_seg_size_min_mean,1.0281083424536803,1.0281083424536803
18,fwd_seg_size_min_std,-0.4081595037647397,0.4081595037647397
18,fwd_seg_size_min_sum,0.2556355303803451,0.2556355303803451
18,fwd_seg_size_min_min,-0.15149677524592348,0.15149677524592348
18,fwd_seg_size_min_max,-0.1212055141662324,0.1212055141662324
18,active_mean_mean,-0.16680945336808417,0.16680945336808417
18,active_mean_std,-0.34445966801009037,0.34445966801009037
18,active_mean_sum,-0.654370283216644,0.654370283216644
18,active_mean_min,0.004294720905324571,0.004294720905324571
18,active_mean_max,-0.034359830099276296,0.034359830099276296
18,active_std_mean,-0.44008227684268564,0.44008227684268564
18,active_std_std,-0.12134413797593815,0.12134413797593815
18,active_std_sum,-0.6248997304021936,0.6248997304021936
18,active_std_min,0.021229215040064593,0.021229215040064593
18,active_std_max,0.24570191227658103,0.24570191227658103
18,active_max_mean,-0.2533352648163524,0.2533352648163524
18,active_max_std,0.46139190327236534,0.46139190327236534
18,active_max_sum,0.7251154672029847,0.7251154672029847
18,active_max_min,0.009848022913203618,0.009848022913203618
18,active_max_max,0.19234168864489473,0.19234168864489473
18,active_min_mean,0.03916774434573336,0.03916774434573336
18,active_min_std,-0.3486217848952846,0.3486217848952846
18,active_min_sum,0.1698990086373858,0.1698990086373858
18,active_min_min,-0.005092824403842362,0.005092824403842362
18,active_min_max,0.17274323636894445,0.17274323636894445
18,idle_mean_mean,0.13435247156558103,0.13435247156558103
18,idle_mean_std,-0.20475797184685057,0.20475797184685057
18,idle_mean_sum,0.023776500563032144,0.023776500563032144
18,idle_mean_min,-0.02064603028518239,0.02064603028518239
18,idle_mean_max,-0.09354616219065362,0.09354616219065362
18,idle_std_mean,0.4288118753599621,0.4288118753599621
18,idle_std_std,0.007297134640413042,0.007297134640413042
18,idle_std_sum,0.04693347876897535,0.04693347876897535
18,idle_std_min,-0.027694119624759622,0.027694119624759622
18,idle_std_max,-0.034647086159986525,0.034647086159986525
18,idle_max_mean,0.33280222541239274,0.33280222541239274
18,idle_max_std,0.09347431390131158,0.09347431390131158
18,idle_max_sum,0.1194690013820377,0.1194690013820377
18,idle_max_min,-0.001600528523263737,0.001600528523263737
18,idle_max_max,-0.1200885475659005,0.1200885475659005
18,idle_min_mean,-0.20270883122861602,0.20270883122861602
18,idle_min_std,-0.3830839897191006,0.3830839897191006
18,idle_min_sum,-0.04220387857354853,0.04220387857354853
18,idle_min_min,-0.05344332614664283,0.05344332614664283
18,idle_min_max,-0.07139138531789392,0.07139138531789392
18,duration_sec_mean,0.08629602455910511,0.08629602455910511
18,duration_sec_std,0.6506192595113598,0.6506192595113598
18,duration_sec_sum,-0.13506566329706018,0.13506566329706018
18,duration_sec_min,0.0742332400766876,0.0742332400766876
18,duration_sec_max,0.15185722497100623,0.15185722497100623
18,flow_count,0.1350239399872582,0.1350239399872582
18,unique_dst_ports_count,0.1415228332922648,0.1415228332922648
18,unique_protocols_count,0.011761848814004529,0.011761848814004529
18,pkt_ttl_min,-0.2366111748642555,0.2366111748642555
18,pkt_ttl_max,-0.4846687310105857,0.4846687310105857
18,pkt_ttl_std,0.3524899362772873,0.3524899362772873
18,pkt_ttl_mode,0.3485480456402392,0.3485480456402392
18,pkt_frag_mf_count,0.0,0.0
18,pkt_frag_df_count,0.6971692641288646,0.6971692641288646
18,pkt_payload_size_p25,-0.0721983803564805,0.0721983803564805
18,pkt_payload_size_p50,-0.21758205662327706,0.21758205662327706
18,pkt_payload_size_p75,-0.6617530876706146,0.6617530876706146
18,pkt_payload_size_p95,-0.8806012083639916,0.8806012083639916
18,pkt_tcp_retrans_count,1.548496848850136,1.548496848850136
18,pkt_port_scan_seq_score,1.4396572768031244,1.4396572768031244
19,duration_microsec_mean,0.08811082879400563,0.08811082879400563
19,duration_microsec_std,0.21170637504646392,0.21170637504646392
19,duration_microsec_sum,-0.06492055703483848,0.06492055703483848
19,duration_microsec_min,0.089380835191713,0.089380835191713
19,duration_microsec_max,0.29083314771017954,0.29083314771017954
19,packet_count_fwd_mean,0.5598453086274641,0.5598453086274641
19,packet_count_fwd_std,-0.27420229853921185,0.27420229853921185
19,packet_count_fwd_sum,0.22788323296978508,0.22788323296978508
19,packet_count_fwd_min,0.13749193146490563,0.13749193146490563
19,packet_count_fwd_max,-0.03439263673704709,0.03439263673704709
19,packet_count_bwd_mean,0.5798417818638869,0.5798417818638869
19,packet_count_bwd_std,1.0973555450030335,1.0973555450030335
19,packet_count_bwd_sum,0.04266156104653107,0.04266156104653107
19,packet_count_bwd_min,-0.1581595461200502,0.1581595461200502
19,packet_count_bwd_max,0.24802563233709804,0.24802563233709804
19,byte_count_fwd_mean,-0.06281228506666733,0.06281228506666733
19,byte_count_fwd_std,-0.7361698275287969,0.7361698275287969
19,byte_count_fwd_sum,-0.19442642310099803,0.19442642310099803
19,byte_count_fwd_min,0.19498363903501018,0.19498363903501018
19,byte_count_fwd_max,1.3099673341175133,1.3099673341175133
19,byte_count_bwd_mean,-0.5605634010178047,0.5605634010178047
19,byte_count_bwd_std,-1.5684232302791572,1.5684232302791572
19,byte_count_bwd_sum,-0.44739255534888717,0.44739255534888717
19,byte_count_bwd_min,0.04938162394109506,0.04938162394109506
19,byte_count_bwd_max,-0.6583683126382985,0.6583683126382985
19,fwd_pkt_len_max_mean,0.21627604594824482,0.21627604594824482
19,fwd_pkt_len_max_std,-1.6773394599315354,1.6773394599315354
19,fwd_pkt_len_max_sum,0.3881647076894749,0.3881647076894749
19,fwd_pkt_len_max_min,-0.055399563210694315,0.055399563210694315
19,fwd_pkt_len_max_max,0.4978747993450904,0.4978747993450904
19,fwd_pkt_len_min_mean,-0.19164550455448456,0.19164550455448456
19,fwd_pkt_len_min_std,0.014063609814277546,0.014063609814277546
19,fwd_pkt_len_min_sum,-0.15224829384666216,0.15224829384666216
19,fwd_pkt_len_min_min,0.04686213171725096,0.04686213171725096
19,fwd_pkt_len_min_max,-0.023836206919555066,0.023836206919555066
19,fwd_pkt_len_mean_mean,-0.21404225061771504,0.21404225061771504
19,fwd_pkt_len_mean_std,0.01310599689573274,0.01310599689573274
19,fwd_pkt_len_mean_sum,0.43646273923482365,0.43646273923482365
19,fwd_pkt_len_mean_min,0.013557039177790527,0.013557039177790527
19,fwd_pkt_len_mean_max,0.014096924506100455,0.014096924506100455
19,fwd_pkt_len_std_mean,2.0123890867340513,2.0123890867340513
19,fwd_pkt_len_std_std,0.9028746692073769,0.9028746692073769
19,fwd_pkt_len_std_sum,0.4302680235097253,0.4302680235097253
19,fwd_pkt_len_std_min,0.03632050983377246,0.03632050983377246
19,fwd_pkt_len_std_max,-0.2667140812287815,0.2667140812287815
19,bwd_pkt_len_max_mean,0.006579574939834543,0.006579574939834543
19,bwd_pkt_len_max_std,0.579077969660131,0.579077969660131
19,bwd_pkt_len_max_sum,0.16569057491300815,0.16569057491300815
19,bwd_pkt_len_max_min,0.04459427896686791,0.04459427896686791
19,bwd_pkt_len_max_max,-0.13378873235015945,0.13378873235015945
19,bwd_pkt_len_min_mean,0.8622442835723464,0.8622442835723464
19,bwd_pkt_len_min_std,-0.35976227043355447,0.35976227043355447
19,bwd_pkt_len_min_sum,0.23118867826678965,0.23118867826678965
19,bwd_pkt_len_min_min,0.0,0.0
19,bwd_pkt_len_min_max,-0.01424813501979107,0.01424813501979107
19,bwd_pkt_len_mean_mean,0.19437534602927756,0.19437534602927756
19,bwd_pkt_len_mean_std,0.29246067946903065,0.29246067946903065
19,bwd_pkt_len_mean_sum,0.47130237195254776,0.47130237195254776
19,bwd_pkt_len_mean_min,0.04997578024658286,0.04997578024658286
19,bwd_pkt_len_mean_max,1.540011935604499,1.540011935604499
19,bwd_pkt_len_std_mean,-1.6531101828978048,1.6531101828978048
19,bwd_pkt_len_std_std,1.1278052801219132,1.1278052801219132
19,bwd_pkt_len_std_sum,-0.004664527578673862,0.004664527578673862
19,bwd_pkt_len_std_min,0.0414305642258507,0.0414305642258507
19,bwd_pkt_len_std_max,1.226798855869781,1.226798855869781
19,bytes_per_sec_mean,-1.3228052432697552,1.3228052432697552
19,bytes_per_sec_std,0.2627379879824952,0.2627379879824952
19,bytes_per_sec_sum,-0.878200947234655,0.878200947234655
19,bytes_per_sec_min,0.051996699862117905,0.051996699862117905
19,bytes_per_sec_max,1.1734148966963793,1.1734148966963793
19,packets_per_sec_mean,-0.2900981298586673,0.2900981298586673
19,packets_per_sec_std,0.03238875926073696,0.03238875926073696
19,packets_per_sec_sum,-0.2633756653645045,0.2633756653645045
19,packets_per_sec_min,-0.16955847199614904,0.16955847199614904
19,packets_per_sec_max,-0.3207232655397143,0.3207232655397143
19,flow_iat_mean_mean,0.22147400965846306,0.22147400965846306
19,flow_iat_mean_std,-0.15575284897722905,0.15575284897722905
19,flow_iat_mean_sum,0.26096451536205795,0.26096451536205795
19,flow_iat_mean_min,0.015533190306952127,0.015533190306952127
19,flow_iat_mean_max,-0.0406093990403254,0.0406093990403254
19,flow_iat_std_mean,-0.26842870298602955,0.26842870298602955
19,flow_iat_std_std,-1.2441694329244688,1.2441694329244688
19,flow_iat_std_sum,-0.3985066252626927,0.3985066252626927
19,flow_iat_std_min,-0.04218661137399132,0.04218661137399132
19,flow_iat_std_max,-0.26715557223925723,0.26715557223925723
19,flow_iat_max_mean,-0.26667452268023395,0.26667452268023395
19,flow_iat_max_std,-0.5694990637222086,0.5694990637222086
19,flow_iat_max_sum,0.19037804845050418,0.19037804845050418
19,flow_iat_max_min,-4.906926980746402e-05,4.906926980746402e-05
19,flow_iat_max_max,0.1986894154288683,0.1986894154288683
19,flow_iat_min_mean,0.166925235110823,0.166925235110823
19,flow_iat_min_std,0.03341391546647984,0.03341391546647984
19,flow_iat_min_sum,0.3218340387807846,0.3218340387807846
19,flow_iat_min_min,0.022666340572405203,0.022666340572405203
19,flow_iat_min_max,0.09530593006181176,0.09530593006181176
19,fwd_iat_tot_mean,0.06695333428665898,0.06695333428665898
19,fwd_iat_tot_std,0.2498217587328674,0.2498217587328674
19,fwd_iat_tot_sum,-0.10913618425707473,0.10913618425707473
19,fwd_iat_tot_min,0.0884442710358522,0.0884442710358522
19,fwd_iat_tot_max,0.038908774360341944,0.038908774360341944
19,fwd_iat_mean_mean,-0.07532810528506251,0.07532810528506251
19,fwd_iat_mean_std,-0.6773561781026347,0.6773561781026347
19,fwd_iat_mean_sum,0.16337485081732317,0.16337485081732317
19,fwd_iat_mean_min,0.008878753252477648,0.008878753252477648
19,fwd_iat_mean_max,0.2759364616025981,0.2759364616025981
19,fwd_iat_std_mean,0.3286610744448774,0.3286610744448774
19,fwd_iat_std_std,0.3364411801874927,0.3364411801874927
19,fwd_iat_std_sum,0.26874605852195776,0.26874605852195776
19,fwd_iat_std_min,-0.04903362903263877,0.04903362903263877
19,fwd_iat_std_max,0.2826543638291056,0.2826543638291056
19,fwd_iat_max_mean,0.06330764515963702,0.06330764515963702
19,fwd_iat_max_std,-0.05912642050419524,0.05912642050419524
19,fwd_iat_max_sum,0.35995263182466186,0.35995263182466186
19,fwd_iat_max_min,-0.00011946859590513401,0.00011946859590513401
19,fwd_iat_max_max,-0.2773951860482176,0.2773951860482176
19,fwd_iat_min_mean,0.004773150060339061,0.004773150060339061
19,fwd_iat_min_std,-0.42885952614110456,0.42885952614110456
19,fwd_iat_min_sum,0.33979726781263464,0.33979726781263464
19,fwd_iat_min_min,0.006838437377338657,0.006838437377338657
19,fwd_iat_min_max,0.3230407296731651,0.3230407296731651
19,bwd_iat_tot_mean,-0.5867027486713695,0.5867027486713695
19,bwd_iat_tot_std,-0.10249059150225925,0.10249059150225925
19,bwd_iat_tot_sum,-0.0776828680280694,0.0776828680280694
19,bwd_iat_tot_min,0.022347098197415437,0.022347098197415437
19,bwd_iat_tot_max,-0.29039133965994396,0.29039133965994396
19,bwd_iat_mean_mean,0.476122460076656,0.476122460076656
19,bwd_iat_mean_std,1.0080846437068056,1.0080846437068056
19,bwd_iat_mean_sum,-0.6427102351210368,0.6427102351210368
19,bwd_iat_mean_min,-0.041502712013587885,0.041502712013587885
19,bwd_iat_mean_max,-0.5367344138299704,0.5367344138299704
19,bwd_iat_std_mean,1.3657755815739772,1.3657755815739772
19,bwd_iat_std_std,0.24241069022799586,0.24241069022799586
19,bwd_iat_std_sum,0.29940399581838706,0.29940399581838706
19,bwd_iat_std_min,0.019647288820023746,0.019647288820023746
19,bwd_iat_std_max,-0.05844971660407653,0.05844971660407653
19,bwd_iat_max_mean,-0.17096478458907782,0.17096478458907782
19,bwd_iat_max_std,-1.0237189426187878,1.0237189426187878
19,bwd_iat_max_sum,-0.12180886799520832,0.12180886799520832
19,bwd_iat_max_min,-0.002051946051302781,0.002051946051302781
19,bwd_iat_max_max,0.012528573918706353,0.012528573918706353
19,bwd_iat_min_mean,-0.038931789624998145,0.038931789624998145
19,bwd_iat_min_std,-1.0339463740912338,1.0339463740912338
19,bwd_iat_min_sum,0.1097366251392449,0.1097366251392449
19,bwd_iat_min_min,-0.07946932089900825,0.07946932089900825
19,bwd_iat_min_max,0.8955124380676488,0.8955124380676488
19,fwd_psh_flags_mean,-0.08890538152511045,0.08890538152511045
19,fwd_psh_flags_std,-0.14195279539915276,0.14195279539915276
19,fwd_psh_flags_sum,-0.06478359405335189,0.06478359405335189
19,fwd_psh_flags_min,-0.012025337232318039,0.012025337232318039
19,fwd_psh_flags_max,0.09574788837975479,0.09574788837975479
19,bwd_psh_flags_mean,0.0,0.0
19,bwd_psh_flags_std,0.0,0.0
19,bwd_psh_flags_sum,0.0,0.0
19,bwd_psh_flags_min,0.0,0.0
19,bwd_psh_flags_max,0.0,0.0
19,fwd_urg_flags_mean,-0.21723787122399946,0.21723787122399946
19,fwd_urg_flags_std,0.3816067634386866,0.3816067634386866
19,fwd_urg_flags_sum,0.013834816102462217,0.013834816102462217
19,fwd_urg_flags_min,0.0,0.0
19,fwd_urg_flags_max,0.12129662222966732,0.12129662222966732
19,bwd_urg_flags_mean,0.0,0.0
19,bwd_urg_flags_std,0.0,0.0
19,bwd_urg_flags_sum,0.0,0.0
19,bwd_urg_flags_min,0.0,0.0
19,bwd_urg_flags_max,0.0,0.0
19,fwd_header_len_mean,0.26421156200275786,0.26421156200275786
19,fwd_header_len_std,0.3146776492248262,0.3146776492248262
19,fwd_header_len_sum,0.22099560781381528,0.22099560781381528
19,fwd_header_len_min,-0.014054372449531905,0.014054372449531905
19,fwd_header_len_max,0.5288263181580604,0.5288263181580604
19,bwd_header_len_mean,-0.025795941806736042,0.025795941806736042
19,bwd_header_len_std,-0.2622432451144516,0.2622432451144516
19,bwd_header_len_sum,0.08046570647787644,0.08046570647787644
19,bwd_header_len_min,-0.0008732170222309143,0.0008732170222309143
19,bwd_header_len_max,0.5726807109077086,0.5726807109077086
19,fwd_pkts_per_sec_mean,0.33617830906476515,0.33617830906476515
19,fwd_pkts_per_sec_std,0.10698692346559294,0.10698692346559294
19,fwd_pkts_per_sec_sum,0.3878876549321603,0.3878876549321603
19,fwd_pkts_per_sec_min,0.01789899817151722,0.01789899817151722
19,fwd_pkts_per_sec_max,-0.39263044110576834,0.39263044110576834
19,bwd_pkts_per_sec_mean,-0.20682476494809351,0.20682476494809351
19,bwd_pkts_per_sec_std,0.6935487271137083,0.6935487271137083
19,bwd_pkts_per_sec_sum,-0.9506285654218898,0.9506285654218898
19,bwd_pkts_per_sec_min,0.017911441189533833,0.017911441189533833
19,bwd_pkts_per_sec_max,-0.2605049686728267,0.2605049686728267
19,pkt_len_min_mean,-0.01102619438908289,0.01102619438908289
19,pkt_len_min_std,0.9222793895808117,0.9222793895808117
19,pkt_len_min_sum,-0.1810287387283926,0.1810287387283926
19,pkt_len_min_min,0.04655289235423043,0.04655289235423043
19,pkt_len_min_max,-0.30961425589475694,0.30961425589475694
19,pkt_len_max_mean,-0.6466441044205881,0.6466441044205881
19,pkt_len_max_std,-0.7306405467394049,0.7306405467394049
19,pkt_len_max_sum,0.2974668070427564,0.2974668070427564
19,pkt_len_max_min,0.005504737668167683,0.005504737668167683
19,pkt_len_max_max,0.35142382366171343,0.35142382366171343
19,pkt_len_mean_mean,-0.6806337569810704,0.6806337569810704
19,pkt_len_mean_std,0.3272486406270073,0.3272486406270073
19,pkt_len_mean_sum,0.33194589785547346,0.33194589785547346
19,pkt_len_mean_min,0.021026653941529864,0.021026653941529864
19,pkt_len_mean_max,-0.9570209887361106,0.9570209887361106
19,pkt_len_std_mean,-0.9478395720368836,0.9478395720368836
19,pkt_len_std_std,0.5550948480358289,0.5550948480358289
19,pkt_len_std_sum,0.27996454276021804,0.27996454276021804
19,pkt_len_std_min,0.04502938952110465,0.04502938952110465
19,pkt_len_std_max,-0.1451920018760953,0.1451920018760953
19,pkt_len_var_mean,-1.2385622148503033,1.2385622148503033
19,pkt_len_var_std,-1.5453329326443246,1.5453329326443246
19,pkt_len_var_sum,0.5342777519024553,0.5342777519024553
19,pkt_len_var_min,0.04283653118544736,0.04283653118544736
19,pkt_len_var_max,-1.4828925985476644,1.4828925985476644
19,fin_flag_cnt_mean,0.0665775543394758,0.0665775543394758
19,fin_flag_cnt_std,0.13598479967352936,0.13598479967352936
19,fin_flag_cnt_sum,-0.01832501217246946,0.01832501217246946
19,fin_flag_cnt_min,0.0,0.0
19,fin_flag_cnt_max,0.14299456363112206,0.14299456363112206
19,syn_flag_cnt_mean,-0.08890538152511045,0.08890538152511045
19,syn_flag_cnt_std,-0.14195279539915276,0.14195279539915276
19,syn_flag_cnt_sum,-0.06478359405335189,0.06478359405335189
19,syn_flag_cnt_min,-0.012025337232318039,0.012025337232318039
19,syn_flag_cnt_max,0.09574788837975479,0.09574788837975479
19,rst_flag_cnt_mean,0.017016688289591488,0.017016688289591488
19,rst_flag_cnt_std,0.5999493839753111,0.5999493839753111
19,rst_flag_cnt_sum,0.6779170836425508,0.6779170836425508
19,rst_flag_cnt_min,0.0,0.0
19,rst_flag_cnt_max,-0.32449513098690463,0.32449513098690463
19,psh_flag_cnt_mean,0.4958101709922851,0.4958101709922851
19,psh_flag_cnt_std,-0.0314490275285153,0.0314490275285153
19,psh_flag_cnt_sum,0.09408609577178131,0.09408609577178131
19,psh_flag_cnt_min,0.007056991349998368,0.007056991349998368
19,psh_flag_cnt_max,-0.48392558438895167,0.48392558438895167
19,ack_flag_cnt_mean,0.19054536160756044,0.19054536160756044
19,ack_flag_cnt_std,0.9951657028624179,0.9951657028624179
19,ack_flag_cnt_sum,0.4756786052052139,0.4756786052052139
19,ack_flag_cnt_min,-0.012025337232318039,0.012025337232318039
19,ack_flag_cnt_max,-0.3376061479916803,0.3376061479916803
19,urg_flag_cnt_mean,-0.8307883025893221,0.8307883025893221
19,urg_flag_cnt_std,0.5437695377856823,0.5437695377856823
19,urg_flag_cnt_sum,0.0008679737840579907,0.0008679737840579907
19,urg_flag_cnt_min,0.0,0.0
19,urg_flag_cnt_max,0.811759389015645,0.811759389015645
19,cwe_flag_cnt_mean,-0.21723787122399946,0.21723787122399946
19,cwe_flag_cnt_std,0.3816067634386866,0.3816067634386866
19,cwe_flag_cnt_sum,0.013834816102462217,0.013834816102462217
19,cwe_flag_cnt_min,0.0,0.0
19,cwe_flag_cnt_max,0.12129662222966732,0.12129662222966732
19,ece_flag_cnt_mean,0.059208710981505215,0.059208710981505215
19,ece_flag_cnt_std,0.624875897349914,0.624875897349914
19,ece_flag_cnt_sum,0.6788272403017982,0.6788272403017982
19,ece_flag_cnt_min,0.0,0.0
19,ece_flag_cnt_max,-0.32449513098690463,0.32449513098690463
19,down_up_ratio_mean,0.3398850631604428,0.3398850631604428
19,down_up_ratio_std,-1.195523715084884,1.195523715084884
19,down_up_ratio_sum,0.2881424009706066,0.2881424009706066
19,down_up_ratio_min,-0.004585064214481437,0.004585064214481437
19,down_up_ratio_max,0.4586695290902127,0.4586695290902127
19,pkt_size_avg_mean,-0.6780872155676664,0.6780872155676664
19,pkt_size_avg_std,0.2195271206990088,0.2195271206990088
19,pkt_size_avg_sum,0.291860515477261,0.291860515477261
19,pkt_size_avg_min,0.010817012625442827,0.010817012625442827
19,pkt_size_avg_max,0.2816865491909201,0.2816865491909201
19,fwd_seg_size_avg_mean,-0.21404225061771504,0.21404225061771504
19,fwd_seg_size_avg_std,0.01310599689573274,0.01310599689573274
19,fwd_seg_size_avg_sum,0.43646273923482365,0.43646273923482365
19,fwd_seg_size_avg_min,0.013557039177790527,0.013557039177790527
19,fwd_seg_size_avg_max,0.014096924506100455,0.014096924506100455
19,bwd_seg_size_avg_mean,0.1943753460258083,0.1943753460258083
19,bwd_seg_size_avg_std,0.29246067945333476,0.29246067945333476
19,bwd_seg_size_avg_sum,0.4713023719520445,0.4713023719520445
19,bwd_seg_size_avg_min,0.04997578024658286,0.04997578024658286
19,bwd_seg_size_avg_max,1.5400119356046105,1.5400119356046105
19,fwd_byts_b_avg_mean,0.0,0.0
19,fwd_byts_b_avg_std,0.0,0.0
19,fwd_byts_b_avg_sum,0.0,0.0
19,fwd_byts_b_avg_min,0.0,0.0
19,fwd_byts_b_avg_max,0.0,0.0
19,fwd_pkts_b_avg_mean,0.0,0.0
19,fwd_pkts_b_avg_std,0.0,0.0
19,fwd_pkts_b_avg_sum,0.0,0.0
19,fwd_pkts_b_avg_min,0.0,0.0
19,fwd_pkts_b_avg_max,0.0,0.0
19,fwd_blk_rate_avg_mean,0.0,0.0
19,fwd_blk_rate_avg_std,0.0,0.0
19,fwd_blk_rate_avg_sum,0.0,0.0
19,fwd_blk_rate_avg_min,0.0,0.0
19,fwd_blk_rate_avg_max,0.0,0.0
19,bwd_byts_b_avg_mean,0.0,0.0
19,bwd_byts_b_avg_std,0.0,0.0
19,bwd_byts_b_avg_sum,0.0,0.0
19,bwd_byts_b_avg_min,0.0,0.0
19,bwd_byts_b_avg_max,0.0,0.0
19,bwd_pkts_b_avg_mean,0.0,0.0
19,bwd_pkts_b_avg_std,0.0,0.0
19,bwd_pkts_b_avg_sum,0.0,0.0
19,bwd_pkts_b_avg_min,0.0,0.0
19,bwd_pkts_b_avg_max,0.0,0.0
19,bwd_blk_rate_avg_mean,0.0,0.0
19,bwd_blk_rate_avg_std,0.0,0.0
19,bwd_blk_rate_avg_sum,0.0,0.0
19,bwd_blk_rate_avg_min,0.0,0.0
19,bwd_blk_rate_avg_max,0.0,0.0
19,subflow_fwd_pkts_mean,0.2624443055430778,0.2624443055430778
19,subflow_fwd_pkts_std,0.2990307286908913,0.2990307286908913
19,subflow_fwd_pkts_sum,0.16834927989605133,0.16834927989605133
19,subflow_fwd_pkts_min,0.06809231627753093,0.06809231627753093
19,subflow_fwd_pkts_max,0.18728875656853877,0.18728875656853877
19,subflow_fwd_byts_mean,0.2008981907041182,0.2008981907041182
19,subflow_fwd_byts_std,-0.08252784060701639,0.08252784060701639
19,subflow_fwd_byts_sum,0.18484417842682033,0.18484417842682033
19,subflow_fwd_byts_min,-0.020905045386907246,0.020905045386907246
19,subflow_fwd_byts_max,-0.14104929204097716,0.14104929204097716
19,subflow_bwd_pkts_mean,-0.13479777293419865,0.13479777293419865
19,subflow_bwd_pkts_std,-0.6311706721912766,0.6311706721912766
19,subflow_bwd_pkts_sum,-0.17334328243183,0.17334328243183
19,subflow_bwd_pkts_min,-0.05444808316415513,0.05444808316415513
19,subflow_bwd_pkts_max,-0.08609030066485306,0.08609030066485306
19,subflow_bwd_byts_mean,0.23048236120976565,0.23048236120976565
19,subflow_bwd_byts_std,-0.23949217330222017,0.23949217330222017
19,subflow_bwd_byts_sum,-0.8787568452287221,0.8787568452287221
19,subflow_bwd_byts_min,0.04363379102343101,0.04363379102343101
19,subflow_bwd_byts_max,0.45459425517340757,0.45459425517340757
19,window_size_fwd_mean,0.3824664874475104,0.3824664874475104
19,window_size_fwd_std,-1.1905415307617273,1.1905415307617273
19,window_size_fwd_sum,0.15355329348197785,0.15355329348197785
19,window_size_fwd_min,0.028910373314033157,0.028910373314033157
19,window_size_fwd_max,-0.1898713974910849,0.1898713974910849
19,window_size_bwd_mean,-0.7889175810427728,0.7889175810427728
19,window_size_bwd_std,1.955946260697936,1.955946260697936
19,window_size_bwd_sum,-0.7629326106472644,0.7629326106472644
19,window_size_bwd_min,0.0367193815363032,0.0367193815363032
19,window_size_bwd_max,0.3864827701910436,0.3864827701910436
19,fwd_act_data_pkts_mean,0.26141001331143515,0.26141001331143515
19,fwd_act_data_pkts_std,0.2947201545012694,0.2947201545012694
19,fwd_act_data_pkts_sum,0.15002196387753486,0.15002196387753486
19,fwd_act_data_pkts_min,0.13621584706215104,0.13621584706215104
19,fwd_act_data_pkts_max,0.1517590376747445,0.1517590376747445
19,fwd_seg_size_min_mean,1.0397060948746897,1.0397060948746897
19,fwd_seg_size_min_std,-0.40123167600507187,0.40123167600507187
19,fwd_seg_size_min_sum,0.25644406600077807,0.25644406600077807
19,fwd_seg_size_min_min,-0.15100309609694798,0.15100309609694798
19,fwd_seg_size_min_max,-0.12090309698995692,0.12090309698995692
19,active_mean_mean,-0.16848112052220698,0.16848112052220698
19,active_mean_std,-0.3441062693597479,0.3441062693597479
19,active_mean_sum,-0.6542351838248125,0.6542351838248125
19,active_mean_min,0.00460761854269745,0.00460761854269745
19,active_mean_max,-0.034553970896519154,0.034553970896519154
19,active_std_mean,-0.4409564986014679,0.4409564986014679
19,active_std_std,-0.12033069813467154,0.12033069813467154
19,active_std_sum,-0.6247352998559667,0.6247352998559667
19,active_std_min,0.021119899370536554,0.021119899370536554
19,active_std_max,0.24558344897169446,0.24558344897169446
19,active_max_mean,-0.2548879960076193,0.2548879960076193
19,active_max_std,0.4623870439811709,0.4623870439811709
19,active_max_sum,0.7249790780069598,0.7249790780069598
19,active_max_min,0.010022416517080406,0.010022416517080406
19,active_max_max,0.19170210952473676,0.19170210952473676
19,active_min_mean,0.03765035552022478,0.03765035552022478
19,active_min_std,-0.34804941990428906,0.34804941990428906
19,active_min_sum,0.17017322974960555,0.17017322974960555
19,active_min_min,-0.0045682654429337,0.0045682654429337
19,active_min_max,0.17286975795337473,0.17286975795337473
19,idle_mean_mean,0.13446924286568857,0.13446924286568857
19,idle_mean_std,-0.2045238471415666,0.2045238471415666
19,idle_mean_sum,0.02358252131484441,0.02358252131484441
19,idle_mean_min,-0.01931911282105791,0.01931911282105791
19,idle_mean_max,-0.09333707491691391,0.09333707491691391
19,idle_std_mean,0.42839675749894573,0.42839675749894573
19,idle_std_std,0.007639502174450854,0.007639502174450854
19,idle_std_sum,0.04692804617938808,0.04692804617938808
19,idle_std_min,-0.02676473278268266,0.02676473278268266
19,idle_std_max,-0.03467885735128721,0.03467885735128721
19,idle_max_mean,0.331908397313807,0.331908397313807
19,idle_max_std,0.09330586569630762,0.09330586569630762
19,idle_max_sum,0.11933261633564293,0.11933261633564293
19,idle_max_min,-0.0006148719016690351,0.0006148719016690351
19,idle_max_max,-0.12271855157496048,0.12271855157496048
19,idle_min_mean,-0.20169144115329268,0.20169144115329268
19,idle_min_std,-0.3833622702097764,0.3833622702097764
19,idle_min_sum,-0.04240847011761553,0.04240847011761553
19,idle_min_min,-0.05153644038678312,0.05153644038678312
19,idle_min_max,-0.07128367854329366,0.07128367854329366
19,duration_sec_mean,0.07749803028551036,0.07749803028551036
19,duration_sec_std,0.6517352854884488,0.6517352854884488
19,duration_sec_sum,-0.13728515972269312,0.13728515972269312
19,duration_sec_min,0.07182474027298,0.07182474027298
19,duration_sec_max,0.15423969633887885,0.15423969633887885
19,flow_count,0.13421232308984424,0.13421232308984424
19,unique_dst_ports_count,0.13998078345955745,0.13998078345955745
19,unique_protocols_count,0.011079426288906007,0.011079426288906007
19,pkt_ttl_min,-0.23360980221508992,0.23360980221508992
19,pkt_ttl_max,-0.48594473715439446,0.48594473715439446
19,pkt_ttl_std,0.36152036160115125,0.36152036160115125
19,pkt_ttl_mode,0.3575572017508789,0.3575572017508789
19,pkt_frag_mf_count,0.0,0.0
19,pkt_frag_df_count,0.7148558856870092,0.7148558856870092
19,pkt_payload_size_p25,-0.06692399037652781,0.06692399037652781
19,pkt_payload_size_p50,-0.21429419757784993,0.21429419757784993
19,pkt_payload_size_p75,-0.6666608261586616,0.6666608261586616
19,pkt_payload_size_p95,-0.8905622653728644,0.8905622653728644
19,pkt_tcp_retrans_count,1.5569153391849098,1.5569153391849098
19,pkt_port_scan_seq_score,1.4482101697444445,1.4482101697444445
20,duration_microsec_mean,0.09353169663514938,0.09353169663514938
20,duration_microsec_std,0.2092839539637958,0.2092839539637958
20,duration_microsec_sum,-0.06497853327449181,0.06497853327449181
20,duration_microsec_min,0.08980682493637905,0.08980682493637905
20,duration_microsec_max,0.2911165473593303,0.2911165473593303
20,packet_count_fwd_mean,0.5651500202498264,0.5651500202498264
20,packet_count_fwd_std,-0.27099782550653573,0.27099782550653573
20,packet_count_fwd_sum,0.23099559660361424,0.23099559660361424
20,packet_count_fwd_min,0.13609734432243129,0.13609734432243129
20,packet_count_fwd_max,-0.034749399202519814,0.034749399202519814
20,packet_count_bwd_mean,0.5775958841884321,0.5775958841884321
20,packet_count_bwd_std,1.096470980225889,1.096470980225889
20,packet_count_bwd_sum,0.04146216097626441,0.04146216097626441
20,packet_count_bwd_min,-0.15764029370824115,0.15764029370824115
20,packet_count_bwd_max,0.24751232094149123,0.24751232094149123
20,byte_count_fwd_mean,-0.06340899391030076,0.06340899391030076
20,byte_count_fwd_std,-0.7367485400099051,0.7367485400099051
20,byte_count_fwd_sum,-0.19544710473746135,0.19544710473746135
20,byte_count_fwd_min,0.1939205092001069,0.1939205092001069
20,byte_count_fwd_max,1.310694300764548,1.310694300764548
20,byte_count_bwd_mean,-0.5579611298383531,0.5579611298383531
20,byte_count_bwd_std,-1.5669651845558883,1.5669651845558883
20,byte_count_bwd_sum,-0.4458628795412461,0.4458628795412461
20,byte_count_bwd_min,0.049248582563871095,0.049248582563871095
20,byte_count_bwd_max,-0.6555911472749592,0.6555911472749592
20,fwd_pkt_len_max_mean,0.21680198099986475,0.21680198099986475
20,fwd_pkt_len_max_std,-1.676041856013807,1.676041856013807
20,fwd_pkt_len_max_sum,0.38829479598361827,0.38829479598361827
20,fwd_pkt_len_max_min,-0.0583435628228334,0.0583435628228334
20,fwd_pkt_len_max_max,0.4982143305247319,0.4982143305247319
20,fwd_pkt_len_min_mean,-0.1925384792550841,0.1925384792550841
20,fwd_pkt_len_min_std,0.015086901341137854,0.015086901341137854
20,fwd_pkt_len_min_sum,-0.15213776629001863,0.15213776629001863
20,fwd_pkt_len_min_min,0.04621666630271006,0.04621666630271006
20,fwd_pkt_len_min_max,-0.023917465888818174,0.023917465888818174
20,fwd_pkt_len_mean_mean,-0.21526670524334,0.21526670524334
20,fwd_pkt_len_mean_std,0.012545141993980853,0.012545141993980853
20,fwd_pkt_len_mean_sum,0.4364404316138323,0.4364404316138323
20,fwd_pkt_len_mean_min,0.012839343333068827,0.012839343333068827
20,fwd_pkt_len_mean_max,0.014175479418500492,0.014175479418500492
20,fwd_pkt_len_std_mean,2.012174917825416,2.012174917825416
20,fwd_pkt_len_std_std,0.9046773601654303,0.9046773601654303
20,fwd_pkt_len_std_sum,0.43032908942294534,0.43032908942294534
20,fwd_pkt_len_std_min,0.036272847471250966,0.036272847471250966
20,fwd_pkt_len_std_max,-0.2669231039590187,0.2669231039590187
20,bwd_pkt_len_max_mean,0.007286500469391626,0.007286500469391626
20,bwd_pkt_len_max_std,0.5798391950132037,0.5798391950132037
20,bwd_pkt_len_max_sum,0.1654133430341321,0.1654133430341321
20,bwd_pkt_len_max_min,0.04451557763803184,0.04451557763803184
20,bwd_pkt_len_max_max,-0.13354736751974125,0.13354736751974125
20,bwd_pkt_len_min_mean,0.8606366641189911,0.8606366641189911
20,bwd_pkt_len_min_std,-0.3592175385056003,0.3592175385056003
20,bwd_pkt_len_min_sum,0.23062286563657222,0.23062286563657222
20,bwd_pkt_len_min_min,0.0,0.0
20,bwd_pkt_len_min_max,-0.014268248770255452,0.014268248770255452
20,bwd_pkt_len_mean_mean,0.19479651829497174,0.19479651829497174
20,bwd_pkt_len_mean_std,0.29126790023462945,0.29126790023462945
20,bwd_pkt_len_mean_sum,0.47150614972159005,0.47150614972159005
20,bwd_pkt_len_mean_min,0.049859016553846815,0.049859016553846815
20,bwd_pkt_len_mean_max,1.5397825448231035,1.5397825448231035
20,bwd_pkt_len_std_mean,-1.6532651315380187,1.6532651315380187
20,bwd_pkt_len_std_std,1.1287277986999458,1.1287277986999458
20,bwd_pkt_len_std_sum,-0.004853544914346824,0.004853544914346824
20,bwd_pkt_len_std_min,0.04134411725419561,0.04134411725419561
20,bwd_pkt_len_std_max,1.2265573929535245,1.2265573929535245
20,bytes_per_sec_mean,-1.3220171298436492,1.3220171298436492
20,bytes_per_sec_std,0.2625858057949084,0.2625858057949084
20,bytes_per_sec_sum,-0.8779624204122324,0.8779624204122324
20,bytes_per_sec_min,0.04940361378228541,0.04940361378228541
20,bytes_per_sec_max,1.1729464874140556,1.1729464874140556
20,packets_per_sec_mean,-0.2894112612270968,0.2894112612270968
20,packets_per_sec_std,0.032660519030023434,0.032660519030023434
20,packets_per_sec_sum,-0.26328954795971216,0.26328954795971216
20,packets_per_sec_min,-0.16914883014594306,0.16914883014594306
20,packets_per_sec_max,-0.320548930905904,0.320548930905904
20,flow_iat_mean_mean,0.22133442071370898,0.22133442071370898
20,flow_iat_mean_std,-0.15585019627516794,0.15585019627516794
20,flow_iat_mean_sum,0.2609086702093404,0.2609086702093404
20,flow_iat_mean_min,0.01528996121716613,0.01528996121716613
20,flow_iat_mean_max,-0.040893530955034764,0.040893530955034764
20,flow_iat_std_mean,-0.26787211575978465,0.26787211575978465
20,flow_iat_std_std,-1.2448468695946253,1.2448468695946253
20,flow_iat_std_sum,-0.39880291346505886,0.39880291346505886
20,flow_iat_std_min,-0.04294486427795906,0.04294486427795906
20,flow_iat_std_max,-0.26719608908171105,0.26719608908171105
20,flow_iat_max_mean,-0.2664550295480287,0.2664550295480287
20,flow_iat_max_std,-0.5697417389629091,0.5697417389629091
20,flow_iat_max_sum,0.19037136678027258,0.19037136678027258
20,flow_iat_max_min,-0.0009314487943933598,0.0009314487943933598
20,flow_iat_max_max,0.19837663441989725,0.19837663441989725
20,flow_iat_min_mean,0.16618544745015487,0.16618544745015487
20,flow_iat_min_std,0.03344233716287299,0.03344233716287299
20,flow_iat_min_sum,0.32178896171030297,0.32178896171030297
20,flow_iat_min_min,0.022655232520559003,0.022655232520559003
20,flow_iat_min_max,0.09511284374912599,0.09511284374912599
20,fwd_iat_tot_mean,0.07211732607437278,0.07211732607437278
20,fwd_iat_tot_std,0.24782973051438634,0.24782973051438634
20,fwd_iat_tot_sum,-0.10921092875094465,0.10921092875094465
20,fwd_iat_tot_min,0.08882149957144042,0.08882149957144042
20,fwd_iat_tot_max,0.03913980643749989,0.03913980643749989
20,fwd_iat_mean_mean,-0.0756215639026099,0.0756215639026099
20,fwd_iat_mean_std,-0.6775447428624702,0.6775447428624702
20,fwd_iat_mean_sum,0.16330346304947926,0.16330346304947926
20,fwd_iat_mean_min,0.00846062156321046,0.00846062156321046
20,fwd_iat_mean_max,0.27594176506690204,0.27594176506690204
20,fwd_iat_std_mean,0.32862997162516905,0.32862997162516905
20,fwd_iat_std_std,0.33624858107542377,0.33624858107542377
20,fwd_iat_std_sum,0.268845758580364,0.268845758580364
20,fwd_iat_std_min,-0.05007789944498234,0.05007789944498234
20,fwd_iat_std_max,0.28265485594386686,0.28265485594386686
20,fwd_iat_max_mean,0.06310551352538622,0.06310551352538622
20,fwd_iat_max_std,-0.05965033950400065,0.05965033950400065
20,fwd_iat_max_sum,0.35981868763151315,0.35981868763151315
20,fwd_iat_max_min,-0.001001865768168313,0.001001865768168313
20,fwd_iat_max_max,-0.2771965735517626,0.2771965735517626
20,fwd_iat_min_mean,0.0039912248873719145,0.0039912248873719145
20,fwd_iat_min_std,-0.4289593546083923,0.4289593546083923
20,fwd_iat_min_sum,0.33968087361270616,0.33968087361270616
20,fwd_iat_min_min,0.006712528298825225,0.006712528298825225
20,fwd_iat_min_max,0.3231084672462066,0.3231084672462066
20,bwd_iat_tot_mean,-0.5877852399349217,0.5877852399349217
20,bwd_iat_tot_std,-0.10264011692593791,0.10264011692593791
20,bwd_iat_tot_sum,-0.07748073292482925,0.07748073292482925
20,bwd_iat_tot_min,0.022275704085564545,0.022275704085564545
20,bwd_iat_tot_max,-0.2893905789751988,0.2893905789751988
20,bwd_iat_mean_mean,0.4755958794651542,0.4755958794651542
20,bwd_iat_mean_std,1.008066401601219,1.008066401601219
20,bwd_iat_mean_sum,-0.6431603705701857,0.6431603705701857
20,bwd_iat_mean_min,-0.04152053580625039,0.04152053580625039
20,bwd_iat_mean_max,-0.5366204018881049,0.5366204018881049
20,bwd_iat_std_mean,1.3657988235655214,1.3657988235655214
20,bwd_iat_std_std,0.24303372990499578,0.24303372990499578
20,bwd_iat_std_sum,0.2993577069143459,0.2993577069143459
20,bwd_iat_std_min,0.01949186203434226,0.01949186203434226
20,bwd_iat_std_max,-0.058599069130144066,0.058599069130144066
20,bwd_iat_max_mean,-0.1712953102757052,0.1712953102757052
20,bwd_iat_max_std,-1.0236288738454975,1.0236288738454975
20,bwd_iat_max_sum,-0.12189148985207293,0.12189148985207293
20,bwd_iat_max_min,-0.002149105946230193,0.002149105946230193
20,bwd_iat_max_max,0.01248251960977479,0.01248251960977479
20,bwd_iat_min_mean,-0.03902205680651501,0.03902205680651501
20,bwd_iat_min_std,-1.0336720288610994,1.0336720288610994
20,bwd_iat_min_sum,0.10985673021769843,0.10985673021769843
20,bwd_iat_min_min,-0.07938372290104498,0.07938372290104498
20,bwd_iat_min_max,0.8953909103793752,0.8953909103793752
20,fwd_psh_flags_mean,-0.08877165697438703,0.08877165697438703
20,fwd_psh_flags_std,-0.14208053342378296,0.14208053342378296
20,fwd_psh_flags_sum,-0.0648077186584615,0.0648077186584615
20,fwd_psh_flags_min,-0.0121882641717965,0.0121882641717965
20,fwd_psh_flags_max,0.09554871671828233,0.09554871671828233
20,bwd_psh_flags_mean,0.0,0.0
20,bwd_psh_flags_std,0.0,0.0
20,bwd_psh_flags_sum,0.0,0.0
20,bwd_psh_flags_min,0.0,0.0
20,bwd_psh_flags_max,0.0,0.0
20,fwd_urg_flags_mean,-0.21731779835378173,0.21731779835378173
20,fwd_urg_flags_std,0.3816730602258595,0.3816730602258595
20,fwd_urg_flags_sum,0.013907471146890732,0.013907471146890732
20,fwd_urg_flags_min,0.0,0.0
20,fwd_urg_flags_max,0.1212436459624857,0.1212436459624857
20,bwd_urg_flags_mean,0.0,0.0
20,bwd_urg_flags_std,0.0,0.0
20,bwd_urg_flags_sum,0.0,0.0
20,bwd_urg_flags_min,0.0,0.0
20,bwd_urg_flags_max,0.0,0.0
20,fwd_header_len_mean,0.26229095112948647,0.26229095112948647
20,fwd_header_len_std,0.3170470647095064,0.3170470647095064
20,fwd_header_len_sum,0.22575944658513872,0.22575944658513872
20,fwd_header_len_min,-0.01725018002135775,0.01725018002135775
20,fwd_header_len_max,0.5345131273363483,0.5345131273363483
20,bwd_header_len_mean,-0.026654693795488488,0.026654693795488488
20,bwd_header_len_std,-0.2631338890513071,0.2631338890513071
20,bwd_header_len_sum,0.08091808450462337,0.08091808450462337
20,bwd_header_len_min,-0.0009570688572023292,0.0009570688572023292
20,bwd_header_len_max,0.5732145482505833,0.5732145482505833
20,fwd_pkts_per_sec_mean,0.336364692895588,0.336364692895588
20,fwd_pkts_per_sec_std,0.10652509047917601,0.10652509047917601
20,fwd_pkts_per_sec_sum,0.3879081699491897,0.3879081699491897
20,fwd_pkts_per_sec_min,0.017521675321114323,0.017521675321114323
20,fwd_pkts_per_sec_max,-0.3927273359181848,0.3927273359181848
20,bwd_pkts_per_sec_mean,-0.2069775291202399,0.2069775291202399
20,bwd_pkts_per_sec_std,0.6932352225758199,0.6932352225758199
20,bwd_pkts_per_sec_sum,-0.9508864921708943,0.9508864921708943
20,bwd_pkts_per_sec_min,0.01753211187962061,0.01753211187962061
20,bwd_pkts_per_sec_max,-0.2604843459722628,0.2604843459722628
20,pkt_len_min_mean,-0.011983008838091726,0.011983008838091726
20,pkt_len_min_std,0.922330425152761,0.922330425152761
20,pkt_len_min_sum,-0.18087982433705485,0.18087982433705485
20,pkt_len_min_min,0.045916703529378336,0.045916703529378336
20,pkt_len_min_max,-0.30949604313476226,0.30949604313476226
20,pkt_len_max_mean,-0.6469578310705462,0.6469578310705462
20,pkt_len_max_std,-0.731509167591793,0.731509167591793
20,pkt_len_max_sum,0.29745162643167594,0.29745162643167594
20,pkt_len_max_min,0.0035846849612346555,0.0035846849612346555
20,pkt_len_max_max,0.3515620224770606,0.3515620224770606
20,pkt_len_mean_mean,-0.6810424276864517,0.6810424276864517
20,pkt_len_mean_std,0.3273449202579583,0.3273449202579583
20,pkt_len_mean_sum,0.3323447007980402,0.3323447007980402
20,pkt_len_mean_min,0.019726887023099767,0.019726887023099767
20,pkt_len_mean_max,-0.9569899445765208,0.9569899445765208
20,pkt_len_std_mean,-0.9485460206674651,0.9485460206674651
20,pkt_len_std_std,0.5550096713230754,0.5550096713230754
20,pkt_len_std_sum,0.28000022863599155,0.28000022863599155
20,pkt_len_std_min,0.04493120467119426,0.04493120467119426
20,pkt_len_std_max,-0.1453504863348991,0.1453504863348991
20,pkt_len_var_mean,-1.2385704167189397,1.2385704167189397
20,pkt_len_var_std,-1.5455905216456929,1.5455905216456929
20,pkt_len_var_sum,0.5345032676819172,0.5345032676819172
20,pkt_len_var_min,0.04275617159178199,0.04275617159178199
20,pkt_len_var_max,-1.4830220934510614,1.4830220934510614
20,fin_flag_cnt_mean,0.06652129624716979,0.06652129624716979
20,fin_flag_cnt_std,0.1358293442796984,0.1358293442796984
20,fin_flag_cnt_sum,-0.018235681414531222,0.018235681414531222
20,fin_flag_cnt_min,0.0,0.0
20,fin_flag_cnt_max,0.14307482504448965,0.14307482504448965
20,syn_flag_cnt_mean,-0.08877165697438703,0.08877165697438703
20,syn_flag_cnt_std,-0.14208053342378296,0.14208053342378296
20,syn_flag_cnt_sum,-0.0648077186584615,0.0648077186584615
20,syn_flag_cnt_min,-0.0121882641717965,0.0121882641717965
20,syn_flag_cnt_max,0.09554871671828233,0.09554871671828233
20,rst_flag_cnt_mean,0.016823736841090887,0.016823736841090887
20,rst_flag_cnt_std,0.5995286275120383,0.5995286275120383
20,rst_flag_cnt_sum,0.6775731296809335,0.6775731296809335
20,rst_flag_cnt_min,0.0,0.0
20,rst_flag_cnt_max,-0.3254683007637789,0.3254683007637789
20,psh_flag_cnt_mean,0.49487053191120417,0.49487053191120417
20,psh_flag_cnt_std,-0.03271074139882453,0.03271074139882453
20,psh_flag_cnt_sum,0.09371212199408724,0.09371212199408724
20,psh_flag_cnt_min,0.006519287990718172,0.006519287990718172
20,psh_flag_cnt_max,-0.4843968268167823,0.4843968268167823
20,ack_flag_cnt_mean,0.18886897837313615,0.18886897837313615
20,ack_flag_cnt_std,0.9938217653919701,0.9938217653919701
20,ack_flag_cnt_sum,0.4757307471655511,0.4757307471655511
20,ack_flag_cnt_min,-0.0121882641717965,0.0121882641717965
20,ack_flag_cnt_max,-0.3394607495063232,0.3394607495063232
20,urg_flag_cnt_mean,-0.8304983956087116,0.8304983956087116
20,urg_flag_cnt_std,0.5434557074976638,0.5434557074976638
20,urg_flag_cnt_sum,0.0006921872697885391,0.0006921872697885391
20,urg_flag_cnt_min,0.0,0.0
20,urg_flag_cnt_max,0.8111359934192328,0.8111359934192328
20,cwe_flag_cnt_mean,-0.21731779835378173,0.21731779835378173
20,cwe_flag_cnt_std,0.3816730602258595,0.3816730602258595
20,cwe_flag_cnt_sum,0.013907471146890732,0.013907471146890732
20,cwe_flag_cnt_min,0.0,0.0
20,cwe_flag_cnt_max,0.1212436459624857,0.1212436459624857
20,ece_flag_cnt_mean,0.059016923206821836,0.059016923206821836
20,ece_flag_cnt_std,0.6244798295992937,0.6244798295992937
20,ece_flag_cnt_sum,0.6784831542920208,0.6784831542920208
20,ece_flag_cnt_min,0.0,0.0
20,ece_flag_cnt_max,-0.3254683007637789,0.3254683007637789
20,down_up_ratio_mean,0.3412310222787507,0.3412310222787507
20,down_up_ratio_std,-1.1947591776317472,1.1947591776317472
20,down_up_ratio_sum,0.2885340988446037,0.2885340988446037
20,down_up_ratio_min,-0.005161467056018842,0.005161467056018842
20,down_up_ratio_max,0.4588822811130757,0.4588822811130757
20,pkt_size_avg_mean,-0.6786464785063158,0.6786464785063158
20,pkt_size_avg_std,0.22026431578376715,0.22026431578376715
20,pkt_size_avg_sum,0.29221596749012435,0.29221596749012435
20,pkt_size_avg_min,0.009704747128003332,0.009704747128003332
20,pkt_size_avg_max,0.2819533570767519,0.2819533570767519
20,fwd_seg_size_avg_mean,-0.21526670524334,0.21526670524334
20,fwd_seg_size_avg_std,0.012545141993980853,0.012545141993980853
20,fwd_seg_size_avg_sum,0.4364404316138323,0.4364404316138323
20,fwd_seg_size_avg_min,0.012839343333068827,0.012839343333068827
20,fwd_seg_size_avg_max,0.014175479418500492,0.014175479418500492
20,bwd_seg_size_avg_mean,0.19479651829149458,0.19479651829149458
20,bwd_seg_size_avg_std,0.2912679002190456,0.2912679002190456
20,bwd_seg_size_avg_sum,0.47150614972110005,0.47150614972110005
20,bwd_seg_size_avg_min,0.049859016553846815,0.049859016553846815
20,bwd_seg_size_avg_max,1.5397825448232232,1.5397825448232232
20,fwd_byts_b_avg_mean,0.0,0.0
20,fwd_byts_b_avg_std,0.0,0.0
20,fwd_byts_b_avg_sum,0.0,0.0
20,fwd_byts_b_avg_min,0.0,0.0
20,fwd_byts_b_avg_max,0.0,0.0
20,fwd_pkts_b_avg_mean,0.0,0.0
20,fwd_pkts_b_avg_std,0.0,0.0
20,fwd_pkts_b_avg_sum,0.0,0.0
20,fwd_pkts_b_avg_min,0.0,0.0
20,fwd_pkts_b_avg_max,0.0,0.0
20,fwd_blk_rate_avg_mean,0.0,0.0
20,fwd_blk_rate_avg_std,0.0,0.0
20,fwd_blk_rate_avg_sum,0.0,0.0
20,fwd_blk_rate_avg_min,0.0,0.0
20,fwd_blk_rate_avg_max,0.0,0.0
20,bwd_byts_b_avg_mean,0.0,0.0
20,bwd_byts_b_avg_std,0.0,0.0
20,bwd_byts_b_avg_sum,0.0,0.0
20,bwd_byts_b_avg_min,0.0,0.0
20,bwd_byts_b_avg_max,0.0,0.0
20,bwd_pkts_b_avg_mean,0.0,0.0
20,bwd_pkts_b_avg_std,0.0,0.0
20,bwd_pkts_b_avg_sum,0.0,0.0
20,bwd_pkts_b_avg_min,0.0,0.0
20,bwd_pkts_b_avg_max,0.0,0.0
20,bwd_blk_rate_avg_mean,0.0,0.0
20,bwd_blk_rate_avg_std,0.0,0.0
20,bwd_blk_rate_avg_sum,0.0,0.0
20,bwd_blk_rate_avg_min,0.0,0.0
20,bwd_blk_rate_avg_max,0.0,0.0
20,subflow_fwd_pkts_mean,0.2605949716543595,0.2605949716543595
20,subflow_fwd_pkts_std,0.3014865230180098,0.3014865230180098
20,subflow_fwd_pkts_sum,0.1728992625233639,0.1728992625233639
20,subflow_fwd_pkts_min,0.06598203570569891,0.06598203570569891
20,subflow_fwd_pkts_max,0.1954618463488997,0.1954618463488997
20,subflow_fwd_byts_mean,0.20112515229461775,0.20112515229461775
20,subflow_fwd_byts_std,-0.07328030107225833,0.07328030107225833
20,subflow_fwd_byts_sum,0.18853002571730063,0.18853002571730063
20,subflow_fwd_byts_min,-0.022569942892431954,0.022569942892431954
20,subflow_fwd_byts_max,-0.14426251040344099,0.14426251040344099
20,subflow_bwd_pkts_mean,-0.13630580571863823,0.13630580571863823
20,subflow_bwd_pkts_std,-0.6331920977333968,0.6331920977333968
20,subflow_bwd_pkts_sum,-0.17331748925440973,0.17331748925440973
20,subflow_bwd_pkts_min,-0.05426667519781919,0.05426667519781919
20,subflow_bwd_pkts_max,-0.08662846598080422,0.08662846598080422
20,subflow_bwd_byts_mean,0.23225991640301114,0.23225991640301114
20,subflow_bwd_byts_std,-0.23809218419376701,0.23809218419376701
20,subflow_bwd_byts_sum,-0.8780410138605415,0.8780410138605415
20,subflow_bwd_byts_min,0.04356471661614124,0.04356471661614124
20,subflow_bwd_byts_max,0.4559399031130769,0.4559399031130769
20,window_size_fwd_mean,0.3822470423038325,0.3822470423038325
20,window_size_fwd_std,-1.1902804919307988,1.1902804919307988
20,window_size_fwd_sum,0.15383715926653832,0.15383715926653832
20,window_size_fwd_min,0.029389598640809245,0.029389598640809245
20,window_size_fwd_max,-0.18823459899180162,0.18823459899180162
20,window_size_bwd_mean,-0.7882633222450841,0.7882633222450841
20,window_size_bwd_std,1.9559051200558775,1.9559051200558775
20,window_size_bwd_sum,-0.7633270033403239,0.7633270033403239
20,window_size_bwd_min,0.03669016761254362,0.03669016761254362
20,window_size_bwd_max,0.3843692734994497,0.3843692734994497
20,fwd_act_data_pkts_mean,0.2595989806940201,0.2595989806940201
20,fwd_act_data_pkts_std,0.29715024404360696,0.29715024404360696
20,fwd_act_data_pkts_sum,0.1545070976545949,0.1545070976545949
20,fwd_act_data_pkts_min,0.13650573518834166,0.13650573518834166
20,fwd_act_data_pkts_max,0.15819005973129438,0.15819005973129438
20,fwd_seg_size_min_mean,1.0396299340716126,1.0396299340716126
20,fwd_seg_size_min_std,-0.4022824141415714,0.4022824141415714
20,fwd_seg_size_min_sum,0.2563065683471022,0.2563065683471022
20,fwd_seg_size_min_min,-0.1496718178371282,0.1496718178371282
20,fwd_seg_size_min_max,-0.12066740617045231,0.12066740617045231
20,active_mean_mean,-0.1672593847097539,0.1672593847097539
20,active_mean_std,-0.3443070588031142,0.3443070588031142
20,active_mean_sum,-0.6542502778686171,0.6542502778686171
20,active_mean_min,0.004667445055764464,0.004667445055764464
20,active_mean_max,-0.034421986988823684,0.034421986988823684
20,active_std_mean,-0.440575256799698,0.440575256799698
20,active_std_std,-0.12061693591026248,0.12061693591026248
20,active_std_sum,-0.6249597205496379,0.6249597205496379
20,active_std_min,0.02119243070761233,0.02119243070761233
20,active_std_max,0.24558455107102603,0.24558455107102603
20,active_max_mean,-0.25395204378099034,0.25395204378099034
20,active_max_std,0.4618759311320999,0.4618759311320999
20,active_max_sum,0.7249603378132747,0.7249603378132747
20,active_max_min,0.010039533918855086,0.010039533918855086
20,active_max_max,0.1919086337653845,0.1919086337653845
20,active_min_mean,0.03893755556835218,0.03893755556835218
20,active_min_std,-0.34862112817415736,0.34862112817415736
20,active_min_sum,0.17011626797791748,0.17011626797791748
20,active_min_min,-0.004396612044914966,0.004396612044914966
20,active_min_max,0.17298828678607256,0.17298828678607256
20,idle_mean_mean,0.13407812748554795,0.13407812748554795
20,idle_mean_std,-0.20418347670445092,0.20418347670445092
20,idle_mean_sum,0.023812589932754622,0.023812589932754622
20,idle_mean_min,-0.020987797085956217,0.020987797085956217
20,idle_mean_max,-0.0932720498357953,0.0932720498357953
20,idle_std_mean,0.4297801634229294,0.4297801634229294
20,idle_std_std,0.007480481492189671,0.007480481492189671
20,idle_std_sum,0.0467975224839629,0.0467975224839629
20,idle_std_min,-0.02687662957010812,0.02687662957010812
20,idle_std_max,-0.03469249190801677,0.03469249190801677
20,idle_max_mean,0.33276866532107147,0.33276866532107147
20,idle_max_std,0.09395357252673843,0.09395357252673843
20,idle_max_sum,0.11961504423311388,0.11961504423311388
20,idle_max_min,-0.0015536917928342991,0.0015536917928342991
20,idle_max_max,-0.122290385690891,0.122290385690891
20,idle_min_mean,-0.20278266885406146,0.20278266885406146
20,idle_min_std,-0.3829340843788344,0.3829340843788344
20,idle_min_sum,-0.042181607600488225,0.042181607600488225
20,idle_min_min,-0.054495739793043244,0.054495739793043244
20,idle_min_max,-0.07125677199361304,0.07125677199361304
20,duration_sec_mean,0.07896809961998187,0.07896809961998187
20,duration_sec_std,0.6521319756594931,0.6521319756594931
20,duration_sec_sum,-0.13776778413742777,0.13776778413742777
20,duration_sec_min,0.07270072467387564,0.07270072467387564
20,duration_sec_max,0.15429566210064027,0.15429566210064027
20,flow_count,0.13400152833463053,0.13400152833463053
20,unique_dst_ports_count,0.14017754099865093,0.14017754099865093
20,unique_protocols_count,0.013296230652012903,0.013296230652012903
20,pkt_ttl_min,-0.2335775588894885,0.2335775588894885
20,pkt_ttl_max,-0.48598772634807696,0.48598772634807696
20,pkt_ttl_std,0.3617250099903007,0.3617250099903007
20,pkt_ttl_mode,0.3577607254059306,0.3577607254059306
20,pkt_frag_mf_count,0.0,0.0
20,pkt_frag_df_count,0.7151559227978592,0.7151559227978592
20,pkt_payload_size_p25,-0.06684275334562227,0.06684275334562227
20,pkt_payload_size_p50,-0.2142562485853189,0.2142562485853189
20,pkt_payload_size_p75,-0.6667585182101916,0.6667585182101916
20,pkt_payload_size_p95,-0.8907287637217717,0.8907287637217717
20,pkt_tcp_retrans_count,1.5574429081253318,1.5574429081253318
20,pkt_port_scan_seq_score,1.4487089613465156,1.4487089613465156
21,duration_microsec_mean,0.0929445721349513,0.0929445721349513
21,duration_microsec_std,0.20929181619041748,0.20929181619041748
21,duration_microsec_sum,-0.06506335031308612,0.06506335031308612
21,duration_microsec_min,0.08917200108710374,0.08917200108710374
21,duration_microsec_max,0.29092070402568254,0.29092070402568254
21,packet_count_fwd_mean,0.5655092516849608,0.5655092516849608
21,packet_count_fwd_std,-0.27102941364412814,0.27102941364412814
21,packet_count_fwd_sum,0.23126915835078893,0.23126915835078893
21,packet_count_fwd_min,0.13711602774104348,0.13711602774104348
21,packet_count_fwd_max,-0.03478439889718464,0.03478439889718464
21,packet_count_bwd_mean,0.5776153683038556,0.5776153683038556
21,packet_count_bwd_std,1.0964843444506829,1.0964843444506829
21,packet_count_bwd_sum,0.04136522425683676,0.04136522425683676
21,packet_count_bwd_min,-0.15796262056875165,0.15796262056875165
21,packet_count_bwd_max,0.24742903352794038,0.24742903352794038
21,byte_count_fwd_mean,-0.0632677149546364,0.0632677149546364
21,byte_count_fwd_std,-0.7368343375101171,0.7368343375101171
21,byte_count_fwd_sum,-0.19565652667682454,0.19565652667682454
21,byte_count_fwd_min,0.19650961981427,0.19650961981427
21,byte_count_fwd_max,1.3106595549129796,1.3106595549129796
21,byte_count_bwd_mean,-0.5579758681118165,0.5579758681118165
21,byte_count_bwd_std,-1.5669925552490698,1.5669925552490698
21,byte_count_bwd_sum,-0.4459625705107236,0.4459625705107236
21,byte_count_bwd_min,0.05077844705009021,0.05077844705009021
21,byte_count_bwd_max,-0.6555569419282579,0.6555569419282579
21,fwd_pkt_len_max_mean,0.21691392356701994,0.21691392356701994
21,fwd_pkt_len_max_std,-1.6763420009889716,1.6763420009889716
21,fwd_pkt_len_max_sum,0.3880271746578256,0.3880271746578256
21,fwd_pkt_len_max_min,-0.05587405719601997,0.05587405719601997
21,fwd_pkt_len_max_max,0.4982598061295159,0.4982598061295159
21,fwd_pkt_len_min_mean,-0.19275426806560747,0.19275426806560747
21,fwd_pkt_len_min_std,0.015095812410828345,0.015095812410828345
21,fwd_pkt_len_min_sum,-0.1521224076963377,0.1521224076963377
21,fwd_pkt_len_min_min,0.04627863334703909,0.04627863334703909
21,fwd_pkt_len_min_max,-0.023894614191670167,0.023894614191670167
21,fwd_pkt_len_mean_mean,-0.21541731108743797,0.21541731108743797
21,fwd_pkt_len_mean_std,0.012640024569140672,0.012640024569140672
21,fwd_pkt_len_mean_sum,0.43619061502684126,0.43619061502684126
21,fwd_pkt_len_mean_min,0.01345037722581832,0.01345037722581832
21,fwd_pkt_len_mean_max,0.014139174563859887,0.014139174563859887
21,fwd_pkt_len_std_mean,2.012301113091502,2.012301113091502
21,fwd_pkt_len_std_std,0.9047834639409293,0.9047834639409293
21,fwd_pkt_len_std_sum,0.43002774287182527,0.43002774287182527
21,fwd_pkt_len_std_min,0.03708380733505284,0.03708380733505284
21,fwd_pkt_len_std_max,-0.2669258127489648,0.2669258127489648
21,bwd_pkt_len_max_mean,0.0073554120992620296,0.0073554120992620296
21,bwd_pkt_len_max_std,0.5799799084057276,0.5799799084057276
21,bwd_pkt_len_max_sum,0.16551902231193863,0.16551902231193863
21,bwd_pkt_len_max_min,0.04562367838512643,0.04562367838512643
21,bwd_pkt_len_max_max,-0.13350951768754302,0.13350951768754302
21,bwd_pkt_len_min_mean,0.8605232830519586,0.8605232830519586
21,bwd_pkt_len_min_std,-0.35920771021209985,0.35920771021209985
21,bwd_pkt_len_min_sum,0.2306824548486897,0.2306824548486897
21,bwd_pkt_len_min_min,0.0,0.0
21,bwd_pkt_len_min_max,-0.014250880948924363,0.014250880948924363
21,bwd_pkt_len_mean_mean,0.1948732085411176,0.1948732085411176
21,bwd_pkt_len_mean_std,0.2913649194424215,0.2913649194424215
21,bwd_pkt_len_mean_sum,0.4714596192837589,0.4714596192837589
21,bwd_pkt_len_mean_min,0.05159164589087906,0.05159164589087906
21,bwd_pkt_len_mean_max,1.539763726154222,1.539763726154222
21,bwd_pkt_len_std_mean,-1.6532761622156265,1.6532761622156265
21,bwd_pkt_len_std_std,1.1286745517753431,1.1286745517753431
21,bwd_pkt_len_std_sum,-0.0049099344479680875,0.0049099344479680875
21,bwd_pkt_len_std_min,0.04210953607953678,0.04210953607953678
21,bwd_pkt_len_std_max,1.2265406685797005,1.2265406685797005
21,bytes_per_sec_mean,-1.3220473228414453,1.3220473228414453
21,bytes_per_sec_std,0.2625571964598089,0.2625571964598089
21,bytes_per_sec_sum,-0.8778926120955337,0.8778926120955337
21,bytes_per_sec_min,0.05200239454493958,0.05200239454493958
21,bytes_per_sec_max,1.172950699896733,1.172950699896733
21,packets_per_sec_mean,-0.28929213170601753,0.28929213170601753
21,packets_per_sec_std,0.03265762609254529,0.03265762609254529
21,packets_per_sec_sum,-0.26324494487376676,0.26324494487376676
21,packets_per_sec_min,-0.16910866771987418,0.16910866771987418
21,packets_per_sec_max,-0.32047096150396726,0.32047096150396726
21,flow_iat_mean_mean,0.22129551858522228,0.22129551858522228
21,flow_iat_mean_std,-0.15587779981563407,0.15587779981563407
21,flow_iat_mean_sum,0.2609277783625097,0.2609277783625097
21,flow_iat_mean_min,0.01493523621424947,0.01493523621424947
21,flow_iat_mean_max,-0.04067789760111917,0.04067789760111917
21,flow_iat_std_mean,-0.26803243479225497,0.26803243479225497
21,flow_iat_std_std,-1.2448086885193759,1.2448086885193759
21,flow_iat_std_sum,-0.3986629611462853,0.3986629611462853
21,flow_iat_std_min,-0.042892263581108085,0.042892263581108085
21,flow_iat_std_max,-0.2672023361109776,0.2672023361109776
21,flow_iat_max_mean,-0.26652480071443235,0.26652480071443235
21,flow_iat_max_std,-0.5698281122729323,0.5698281122729323
21,flow_iat_max_sum,0.19042067016265307,0.19042067016265307
21,flow_iat_max_min,-0.000843492101106915,0.000843492101106915
21,flow_iat_max_max,0.19835280198583752,0.19835280198583752
21,flow_iat_min_mean,0.16627156809225083,0.16627156809225083
21,flow_iat_min_std,0.03333989214186452,0.03333989214186452
21,flow_iat_min_sum,0.32180691202622314,0.32180691202622314
21,flow_iat_min_min,0.022164564399591226,0.022164564399591226
21,flow_iat_min_max,0.09505964915185876,0.09505964915185876
21,fwd_iat_tot_mean,0.07156597398212888,0.07156597398212888
21,fwd_iat_tot_std,0.24780401945077982,0.24780401945077982
21,fwd_iat_tot_sum,-0.10930134554430608,0.10930134554430608
21,fwd_iat_tot_min,0.08822674966223858,0.08822674966223858
21,fwd_iat_tot_max,0.03897554380898661,0.03897554380898661
21,fwd_iat_mean_mean,-0.07561548257129301,0.07561548257129301
21,fwd_iat_mean_std,-0.6775100525528613,0.6775100525528613
21,fwd_iat_mean_sum,0.16334256874984215,0.16334256874984215
21,fwd_iat_mean_min,0.008199648823072751,0.008199648823072751
21,fwd_iat_mean_max,0.27634342895422365,0.27634342895422365
21,fwd_iat_std_mean,0.3285931058142807,0.3285931058142807
21,fwd_iat_std_std,0.33640312768909436,0.33640312768909436
21,fwd_iat_std_sum,0.2689217083895413,0.2689217083895413
21,fwd_iat_std_min,-0.04982446584892013,0.04982446584892013
21,fwd_iat_std_max,0.28275754070565556,0.28275754070565556
21,fwd_iat_max_mean,0.06309551129710639,0.06309551129710639
21,fwd_iat_max_std,-0.059754579987709694,0.059754579987709694
21,fwd_iat_max_sum,0.35985813551482443,0.35985813551482443
21,fwd_iat_max_min,-0.0009111334034936817,0.0009111334034936817
21,fwd_iat_max_max,-0.2772455611470916,0.2772455611470916
21,fwd_iat_min_mean,0.00408262668515669,0.00408262668515669
21,fwd_iat_min_std,-0.42891460520010316,0.42891460520010316
21,fwd_iat_min_sum,0.33970735287474974,0.33970735287474974
21,fwd_iat_min_min,0.006136476014851705,0.006136476014851705
21,fwd_iat_min_max,0.32331859584283695,0.32331859584283695
21,bwd_iat_tot_mean,-0.5877191817024058,0.5877191817024058
21,bwd_iat_tot_std,-0.10257913429106902,0.10257913429106902
21,bwd_iat_tot_sum,-0.07735136789609726,0.07735136789609726
21,bwd_iat_tot_min,0.022881965772067803,0.022881965772067803
21,bwd_iat_tot_max,-0.2892438621627907,0.2892438621627907
21,bwd_iat_mean_mean,0.4756559765404532,0.4756559765404532
21,bwd_iat_mean_std,1.0081257014728253,1.0081257014728253
21,bwd_iat_mean_sum,-0.6431876757862542,0.6431876757862542
21,bwd_iat_mean_min,-0.04167589728551348,0.04167589728551348
21,bwd_iat_mean_max,-0.5366124152274825,0.5366124152274825
21,bwd_iat_std_mean,1.3659304859170647,1.3659304859170647
21,bwd_iat_std_std,0.2429377098312298,0.2429377098312298
21,bwd_iat_std_sum,0.2992263772936133,0.2992263772936133
21,bwd_iat_std_min,0.019854975269583318,0.019854975269583318
21,bwd_iat_std_max,-0.0586176913856668,0.0586176913856668
21,bwd_iat_max_mean,-0.17122171433460226,0.17122171433460226
21,bwd_iat_max_std,-1.0236593163652987,1.0236593163652987
21,bwd_iat_max_sum,-0.12200085374490276,0.12200085374490276
21,bwd_iat_max_min,-0.0019124396904505452,0.0019124396904505452
21,bwd_iat_max_max,0.012454941465757378,0.012454941465757378
21,bwd_iat_min_mean,-0.039053916227263466,0.039053916227263466
21,bwd_iat_min_std,-1.0336754579671614,1.0336754579671614
21,bwd_iat_min_sum,0.1098265557801528,0.1098265557801528
21,bwd_iat_min_min,-0.08003841858682875,0.08003841858682875
21,bwd_iat_min_max,0.8954075056748232,0.8954075056748232
21,fwd_psh_flags_mean,-0.0888455320790627,0.0888455320790627
21,fwd_psh_flags_std,-0.1420327846437901,0.1420327846437901
21,fwd_psh_flags_sum,-0.06480564943652506,0.06480564943652506
21,fwd_psh_flags_min,-0.012651890775961051,0.012651890775961051
21,fwd_psh_flags_max,0.09553825317262665,0.09553825317262665
21,bwd_psh_flags_mean,0.0,0.0
21,bwd_psh_flags_std,0.0,0.0
21,bwd_psh_flags_sum,0.0,0.0
21,bwd_psh_flags_min,0.0,0.0
21,bwd_psh_flags_max,0.0,0.0
21,fwd_urg_flags_mean,-0.2173215293239106,0.2173215293239106
21,fwd_urg_flags_std,0.3816406476727108,0.3816406476727108
21,fwd_urg_flags_sum,0.013921562819225183,0.013921562819225183
21,fwd_urg_flags_min,0.0,0.0
21,fwd_urg_flags_max,0.12124987755506537,0.12124987755506537
21,bwd_urg_flags_mean,0.0,0.0
21,bwd_urg_flags_std,0.0,0.0
21,bwd_urg_flags_sum,0.0,0.0
21,bwd_urg_flags_min,0.0,0.0
21,bwd_urg_flags_max,0.0,0.0
21,fwd_header_len_mean,0.26264643706168644,0.26264643706168644
21,fwd_header_len_std,0.316122481641347,0.316122481641347
21,fwd_header_len_sum,0.2278644280383723,0.2278644280383723
21,fwd_header_len_min,-0.013619728289852749,0.013619728289852749
21,fwd_header_len_max,0.5341475746690748,0.5341475746690748
21,bwd_header_len_mean,-0.0266189597464593,0.0266189597464593
21,bwd_header_len_std,-0.2631212974262867,0.2631212974262867
21,bwd_header_len_sum,0.08083805693815124,0.08083805693815124
21,bwd_header_len_min,-0.000579530295045925,0.000579530295045925
21,bwd_header_len_max,0.573253217607811,0.573253217607811
21,fwd_pkts_per_sec_mean,0.3362577298602768,0.3362577298602768
21,fwd_pkts_per_sec_std,0.10655706901529403,0.10655706901529403
21,fwd_pkts_per_sec_sum,0.3879263083077029,0.3879263083077029
21,fwd_pkts_per_sec_min,0.018629154465949184,0.018629154465949184
21,fwd_pkts_per_sec_max,-0.3927561321722993,0.3927561321722993
21,bwd_pkts_per_sec_mean,-0.20696995294620543,0.20696995294620543
21,bwd_pkts_per_sec_std,0.6932252207902758,0.6932252207902758
21,bwd_pkts_per_sec_sum,-0.9508910608660154,0.9508910608660154
21,bwd_pkts_per_sec_min,0.018640701139787434,0.018640701139787434
21,bwd_pkts_per_sec_max,-0.26050648615901084,0.26050648615901084
21,pkt_len_min_mean,-0.012181281064554978,0.012181281064554978
21,pkt_len_min_std,0.922390222699646,0.922390222699646
21,pkt_len_min_sum,-0.1808635093066985,0.1808635093066985
21,pkt_len_min_min,0.046002233328894984,0.046002233328894984
21,pkt_len_min_max,-0.3095138431196683,0.3095138431196683
21,pkt_len_max_mean,-0.6470012541235401,0.6470012541235401
21,pkt_len_max_std,-0.7318550000449158,0.7318550000449158
21,pkt_len_max_sum,0.29729222530703836,0.29729222530703836
21,pkt_len_max_min,0.005569989462561534,0.005569989462561534
21,pkt_len_max_max,0.35154227530844606,0.35154227530844606
21,pkt_len_mean_mean,-0.6811543861027753,0.6811543861027753
21,pkt_len_mean_std,0.32732456543507193,0.32732456543507193
21,pkt_len_mean_sum,0.3322110085944987,0.3322110085944987
21,pkt_len_mean_min,0.020893825542843223,0.020893825542843223
21,pkt_len_mean_max,-0.9569181508902707,0.9569181508902707
21,pkt_len_std_mean,-0.9485322091756794,0.9485322091756794
21,pkt_len_std_std,0.554966246882322,0.554966246882322
21,pkt_len_std_sum,0.279801803746072,0.279801803746072
21,pkt_len_std_min,0.04608725664043112,0.04608725664043112
21,pkt_len_std_max,-0.14531666482394154,0.14531666482394154
21,pkt_len_var_mean,-1.238533248038985,1.238533248038985
21,pkt_len_var_std,-1.545610935385251,1.545610935385251
21,pkt_len_var_sum,0.5343274729999659,0.5343274729999659
21,pkt_len_var_min,0.04367691610483141,0.04367691610483141
21,pkt_len_var_max,-1.483051677853737,1.483051677853737
21,fin_flag_cnt_mean,0.06654545961435722,0.06654545961435722
21,fin_flag_cnt_std,0.13583933677465096,0.13583933677465096
21,fin_flag_cnt_sum,-0.018248225346477298,0.018248225346477298
21,fin_flag_cnt_min,0.0,0.0
21,fin_flag_cnt_max,0.14305950674062964,0.14305950674062964
21,syn_flag_cnt_mean,-0.0888455320790627,0.0888455320790627
21,syn_flag_cnt_std,-0.1420327846437901,0.1420327846437901
21,syn_flag_cnt_sum,-0.06480564943652506,0.06480564943652506
21,syn_flag_cnt_min,-0.012651890775961051,0.012651890775961051
21,syn_flag_cnt_max,0.09553825317262665,0.09553825317262665
21,rst_flag_cnt_mean,0.016851553029022703,0.016851553029022703
21,rst_flag_cnt_std,0.5995144952913657,0.5995144952913657
21,rst_flag_cnt_sum,0.6773707902911901,0.6773707902911901
21,rst_flag_cnt_min,0.0,0.0
21,rst_flag_cnt_max,-0.3257038727712098,0.3257038727712098
21,psh_flag_cnt_mean,0.4948484161631473,0.4948484161631473
21,psh_flag_cnt_std,-0.03288975717655894,0.03288975717655894
21,psh_flag_cnt_sum,0.09356799769998854,0.09356799769998854
21,psh_flag_cnt_min,0.006417182924061419,0.006417182924061419
21,psh_flag_cnt_max,-0.4855524559060417,0.4855524559060417
21,ack_flag_cnt_mean,0.18891825520122732,0.18891825520122732
21,ack_flag_cnt_std,0.9936646689728182,0.9936646689728182
21,ack_flag_cnt_sum,0.47544261237234625,0.47544261237234625
21,ack_flag_cnt_min,-0.012651890775961051,0.012651890775961051
21,ack_flag_cnt_max,-0.34001348413901356,0.34001348413901356
21,urg_flag_cnt_mean,-0.8304973140198924,0.8304973140198924
21,urg_flag_cnt_std,0.5434757292512394,0.5434757292512394
21,urg_flag_cnt_sum,0.00070641753373387,0.00070641753373387
21,urg_flag_cnt_min,0.0,0.0
21,urg_flag_cnt_max,0.8115370810006551,0.8115370810006551
21,cwe_flag_cnt_mean,-0.2173215293239106,0.2173215293239106
21,cwe_flag_cnt_std,0.3816406476727108,0.3816406476727108
21,cwe_flag_cnt_sum,0.013921562819225183,0.013921562819225183
21,cwe_flag_cnt_min,0.0,0.0
21,cwe_flag_cnt_max,0.12124987755506537,0.12124987755506537
21,ece_flag_cnt_mean,0.059045408460997796,0.059045408460997796
21,ece_flag_cnt_std,0.6244661330411381,0.6244661330411381
21,ece_flag_cnt_sum,0.6782808316117986,0.6782808316117986
21,ece_flag_cnt_min,0.0,0.0
21,ece_flag_cnt_max,-0.3257038727712098,0.3257038727712098
21,down_up_ratio_mean,0.3410191181895347,0.3410191181895347
21,down_up_ratio_std,-1.194866941373081,1.194866941373081
21,down_up_ratio_sum,0.28865777911998747,0.28865777911998747
21,down_up_ratio_min,-0.004435048303463905,0.004435048303463905
21,down_up_ratio_max,0.45897337110352227,0.45897337110352227
21,pkt_size_avg_mean,-0.6788111956279658,0.6788111956279658
21,pkt_size_avg_std,0.22026278596296409,0.22026278596296409
21,pkt_size_avg_sum,0.29206461459160993,0.29206461459160993
21,pkt_size_avg_min,0.010643961260236683,0.010643961260236683
21,pkt_size_avg_max,0.28196766401670237,0.28196766401670237
21,fwd_seg_size_avg_mean,-0.21541731108743797,0.21541731108743797
21,fwd_seg_size_avg_std,0.012640024569140672,0.012640024569140672
21,fwd_seg_size_avg_sum,0.43619061502684126,0.43619061502684126
21,fwd_seg_size_avg_min,0.01345037722581832,0.01345037722581832
21,fwd_seg_size_avg_max,0.014139174563859887,0.014139174563859887
21,bwd_seg_size_avg_mean,0.19487320853761048,0.19487320853761048
21,bwd_seg_size_avg_std,0.2913649194267991,0.2913649194267991
21,bwd_seg_size_avg_sum,0.4714596192832859,0.4714596192832859
21,bwd_seg_size_avg_min,0.05159164589087906,0.05159164589087906
21,bwd_seg_size_avg_max,1.5397637261543378,1.5397637261543378
21,fwd_byts_b_avg_mean,0.0,0.0
21,fwd_byts_b_avg_std,0.0,0.0
21,fwd_byts_b_avg_sum,0.0,0.0
21,fwd_byts_b_avg_min,0.0,0.0
21,fwd_byts_b_avg_max,0.0,0.0
21,fwd_pkts_b_avg_mean,0.0,0.0
21,fwd_pkts_b_avg_std,0.0,0.0
21,fwd_pkts_b_avg_sum,0.0,0.0
21,fwd_pkts_b_avg_min,0.0,0.0
21,fwd_pkts_b_avg_max,0.0,0.0
21,fwd_blk_rate_avg_mean,0.0,0.0
21,fwd_blk_rate_avg_std,0.0,0.0
21,fwd_blk_rate_avg_sum,0.0,0.0
21,fwd_blk_rate_avg_min,0.0,0.0
21,fwd_blk_rate_avg_max,0.0,0.0
21,bwd_byts_b_avg_mean,0.0,0.0
21,bwd_byts_b_avg_std,0.0,0.0
21,bwd_byts_b_avg_sum,0.0,0.0
21,bwd_byts_b_avg_min,0.0,0.0
21,bwd_byts_b_avg_max,0.0,0.0
21,bwd_pkts_b_avg_mean,0.0,0.0
21,bwd_pkts_b_avg_std,0.0,0.0
21,bwd_pkts_b_avg_sum,0.0,0.0
21,bwd_pkts_b_avg_min,0.0,0.0
21,bwd_pkts_b_avg_max,0.0,0.0
21,bwd_blk_rate_avg_mean,0.0,0.0
21,bwd_blk_rate_avg_std,0.0,0.0
21,bwd_blk_rate_avg_sum,0.0,0.0
21,bwd_blk_rate_avg_min,0.0,0.0
21,bwd_blk_rate_avg_max,0.0,0.0
21,subflow_fwd_pkts_mean,0.260947688304583,0.260947688304583
21,subflow_fwd_pkts_std,0.30060665401143605,0.30060665401143605
21,subflow_fwd_pkts_sum,0.1737070254153518,0.1737070254153518
21,subflow_fwd_pkts_min,0.06789124870867211,0.06789124870867211
21,subflow_fwd_pkts_max,0.19493298085877078,0.19493298085877078
21,subflow_fwd_byts_mean,0.201423374156825,0.201423374156825
21,subflow_fwd_byts_std,-0.07325390709614735,0.07325390709614735
21,subflow_fwd_byts_sum,0.1895770418435866,0.1895770418435866
21,subflow_fwd_byts_min,-0.021023483043658222,0.021023483043658222
21,subflow_fwd_byts_max,-0.1449845694624918,0.1449845694624918
21,subflow_bwd_pkts_mean,-0.13635570925225735,0.13635570925225735
21,subflow_bwd_pkts_std,-0.6332717410098984,0.6332717410098984
21,subflow_bwd_pkts_sum,-0.1734479019031843,0.1734479019031843
21,subflow_bwd_pkts_min,-0.054068470451713264,0.054068470451713264
21,subflow_bwd_pkts_max,-0.0866472971006159,0.0866472971006159
21,subflow_bwd_byts_mean,0.2321519063972797,0.2321519063972797
21,subflow_bwd_byts_std,-0.23805609928590046,0.23805609928590046
21,subflow_bwd_byts_sum,-0.8781746968439046,0.8781746968439046
21,subflow_bwd_byts_min,0.04463244823937986,0.04463244823937986
21,subflow_bwd_byts_max,0.45608164634351495,0.45608164634351495
21,window_size_fwd_mean,0.382284144347721,0.382284144347721
21,window_size_fwd_std,-1.1902920256747211,1.1902920256747211
21,window_size_fwd_sum,0.15342592375064185,0.15342592375064185
21,window_size_fwd_min,0.029505144122882056,0.029505144122882056
21,window_size_fwd_max,-0.18811773523475275,0.18811773523475275
21,window_size_bwd_mean,-0.7882327284106038,0.7882327284106038
21,window_size_bwd_std,1.955868298867794,1.955868298867794
21,window_size_bwd_sum,-0.7634322906257264,0.7634322906257264
21,window_size_bwd_min,0.03755529306815512,0.03755529306815512
21,window_size_bwd_max,0.3846761885947022,0.3846761885947022
21,fwd_act_data_pkts_mean,0.25995073538931535,0.25995073538931535
21,fwd_act_data_pkts_std,0.2962859773847942,0.2962859773847942
21,fwd_act_data_pkts_sum,0.15486318938114146,0.15486318938114146
21,fwd_act_data_pkts_min,0.1358785656459504,0.1358785656459504
21,fwd_act_data_pkts_max,0.157647445686242,0.157647445686242
21,fwd_seg_size_min_mean,1.039462023814342,1.039462023814342
21,fwd_seg_size_min_std,-0.40233829215427014,0.40233829215427014
21,fwd_seg_size_min_sum,0.2560785975126942,0.2560785975126942
21,fwd_seg_size_min_min,-0.14957020839567944,0.14957020839567944
21,fwd_seg_size_min_max,-0.12065640347326417,0.12065640347326417
21,active_mean_mean,-0.16729428211148567,0.16729428211148567
21,active_mean_std,-0.34431221891576813,0.34431221891576813
21,active_mean_sum,-0.654262280935993,0.654262280935993
21,active_mean_min,0.004399435607324621,0.004399435607324621
21,active_mean_max,-0.03444699359164013,0.03444699359164013
21,active_std_mean,-0.44046624474197593,0.44046624474197593
21,active_std_std,-0.12071392891673141,0.12071392891673141
21,active_std_sum,-0.6249794744252796,0.6249794744252796
21,active_std_min,0.021102878862953468,0.021102878862953468
21,active_std_max,0.24562381471422048,0.24562381471422048
21,active_max_mean,-0.25383836088319683,0.25383836088319683
21,active_max_std,0.4618677681162359,0.4618677681162359
21,active_max_sum,0.7249822864241581,0.7249822864241581
21,active_max_min,0.009870055716694361,0.009870055716694361
21,active_max_max,0.19196376744574617,0.19196376744574617
21,active_min_mean,0.03873158582623955,0.03873158582623955
21,active_min_std,-0.3485926387752466,0.3485926387752466
21,active_min_sum,0.17013119871477256,0.17013119871477256
21,active_min_min,-0.004850798290148334,0.004850798290148334
21,active_min_max,0.1729739870727646,0.1729739870727646
21,idle_mean_mean,0.1341969106855688,0.1341969106855688
21,idle_mean_std,-0.20422744129346845,0.20422744129346845
21,idle_mean_sum,0.02383022297084702,0.02383022297084702
21,idle_mean_min,-0.020359764061602958,0.020359764061602958
21,idle_mean_max,-0.09330973596795115,0.09330973596795115
21,idle_std_mean,0.4293766905633347,0.4293766905633347
21,idle_std_std,0.007593913839827093,0.007593913839827093
21,idle_std_sum,0.046866855066248596,0.046866855066248596
21,idle_std_min,-0.027253872456429046,0.027253872456429046
21,idle_std_max,-0.034707658136467257,0.034707658136467257
21,idle_max_mean,0.3326132747205136,0.3326132747205136
21,idle_max_std,0.09384610211740613,0.09384610211740613
21,idle_max_sum,0.1196200921806019,0.1196200921806019
21,idle_max_min,-0.0014201830073803533,0.0014201830073803533
21,idle_max_max,-0.12230790315453537,0.12230790315453537
21,idle_min_mean,-0.20250341440965983,0.20250341440965983
21,idle_min_std,-0.3829232606148261,0.3829232606148261
21,idle_min_sum,-0.04216759126525681,0.04216759126525681
21,idle_min_min,-0.05298074678169961,0.05298074678169961
21,idle_min_max,-0.07135199274293738,0.07135199274293738
21,duration_sec_mean,0.07886923234203877,0.07886923234203877
21,duration_sec_std,0.6522966788493649,0.6522966788493649
21,duration_sec_sum,-0.13775956465310324,0.13775956465310324
21,duration_sec_min,0.07228977724497276,0.07228977724497276
21,duration_sec_max,0.15443309276017042,0.15443309276017042
21,flow_count,0.13376672889315763,0.13376672889315763
21,unique_dst_ports_count,0.13995863788627014,0.13995863788627014
21,unique_protocols_count,0.01266689297950644,0.01266689297950644
21,pkt_ttl_min,-0.2336039419353433,0.2336039419353433
21,pkt_ttl_max,-0.48598450480632366,0.48598450480632366
21,pkt_ttl_std,0.3616314603003519,0.3616314603003519
21,pkt_ttl_mode,0.35766761066500397,0.35766761066500397
21,pkt_frag_mf_count,0.0,0.0
21,pkt_frag_df_count,0.7151672274324044,0.7151672274324044
21,pkt_payload_size_p25,-0.06688832132333246,0.06688832132333246
21,pkt_payload_size_p50,-0.2142848697064024,0.2142848697064024
21,pkt_payload_size_p75,-0.6667336600246209,0.6667336600246209
21,pkt_payload_size_p95,-0.8906765540375896,0.8906765540375896
21,pkt_tcp_retrans_count,1.5572271254940648,1.5572271254940648
21,pkt_port_scan_seq_score,1.4485036758027594,1.4485036758027594
22,duration_microsec_mean,0.09218565123123175,0.09218565123123175
22,duration_microsec_std,0.2097261305673264,0.2097261305673264
22,duration_microsec_sum,-0.06497056561682903,0.06497056561682903
22,duration_microsec_min,0.08938025496646779,0.08938025496646779
22,duration_microsec_max,0.2908273772036878,0.2908273772036878
22,packet_count_fwd_mean,0.566475019828841,0.566475019828841
22,packet_count_fwd_std,-0.27108031183661346,0.27108031183661346
22,packet_count_fwd_sum,0.2317677616791487,0.2317677616791487
22,packet_count_fwd_min,0.13788717094361969,0.13788717094361969
22,packet_count_fwd_max,-0.034631540911036734,0.034631540911036734
22,packet_count_bwd_mean,0.5775843226822337,0.5775843226822337
22,packet_count_bwd_std,1.0962061017759879,1.0962061017759879
22,packet_count_bwd_sum,0.04040511955110681,0.04040511955110681
22,packet_count_bwd_min,-0.15852481081937952,0.15852481081937952
22,packet_count_bwd_max,0.2473798298779449,0.2473798298779449
22,byte_count_fwd_mean,-0.06276137920598236,0.06276137920598236
22,byte_count_fwd_std,-0.7370706295368605,0.7370706295368605
22,byte_count_fwd_sum,-0.1954001946401835,0.1954001946401835
22,byte_count_fwd_min,0.19783744563635272,0.19783744563635272
22,byte_count_fwd_max,1.3107530783904424,1.3107530783904424
22,byte_count_bwd_mean,-0.5593117587756666,0.5593117587756666
22,byte_count_bwd_std,-1.5678700012261826,1.5678700012261826
22,byte_count_bwd_sum,-0.44698694903576947,0.44698694903576947
22,byte_count_bwd_min,0.050214938460065986,0.050214938460065986
22,byte_count_bwd_max,-0.6576963758666844,0.6576963758666844
22,fwd_pkt_len_max_mean,0.2163176368533539,0.2163176368533539
22,fwd_pkt_len_max_std,-1.6767111034567237,1.6767111034567237
22,fwd_pkt_len_max_sum,0.3877775156465772,0.3877775156465772
22,fwd_pkt_len_max_min,-0.055946786215681506,0.055946786215681506
22,fwd_pkt_len_max_max,0.49813717020817505,0.49813717020817505
22,fwd_pkt_len_min_mean,-0.19308121916309692,0.19308121916309692
22,fwd_pkt_len_min_std,0.015088288146593045,0.015088288146593045
22,fwd_pkt_len_min_sum,-0.15210647578630085,0.15210647578630085
22,fwd_pkt_len_min_min,0.04692355473936317,0.04692355473936317
22,fwd_pkt_len_min_max,-0.02390352902485892,0.02390352902485892
22,fwd_pkt_len_mean_mean,-0.21544087801574197,0.21544087801574197
22,fwd_pkt_len_mean_std,0.012603586347323616,0.012603586347323616
22,fwd_pkt_len_mean_sum,0.4360263009297948,0.4360263009297948
22,fwd_pkt_len_mean_min,0.01383984757551814,0.01383984757551814
22,fwd_pkt_len_mean_max,0.01414945521944871,0.01414945521944871
22,fwd_pkt_len_std_mean,2.012874081577624,2.012874081577624
22,fwd_pkt_len_std_std,0.9042201132075258,0.9042201132075258
22,fwd_pkt_len_std_sum,0.4298099896899124,0.4298099896899124
22,fwd_pkt_len_std_min,0.03705676508008006,0.03705676508008006
22,fwd_pkt_len_std_max,-0.2668550267436967,0.2668550267436967
22,bwd_pkt_len_max_mean,0.007019347329684955,0.007019347329684955
22,bwd_pkt_len_max_std,0.5794912461414161,0.5794912461414161
22,bwd_pkt_len_max_sum,0.16535420743189563,0.16535420743189563
22,bwd_pkt_len_max_min,0.04541991601432114,0.04541991601432114
22,bwd_pkt_len_max_max,-0.13353372484411477,0.13353372484411477
22,bwd_pkt_len_min_mean,0.8601555332306947,0.8601555332306947
22,bwd_pkt_len_min_std,-0.35898979376407897,0.35898979376407897
22,bwd_pkt_len_min_sum,0.2308196214375595,0.2308196214375595
22,bwd_pkt_len_min_min,0.0,0.0
22,bwd_pkt_len_min_max,-0.014288020416957165,0.014288020416957165
22,bwd_pkt_len_mean_mean,0.19501297364884346,0.19501297364884346
22,bwd_pkt_len_mean_std,0.29152429271627,0.29152429271627
22,bwd_pkt_len_mean_sum,0.47139094601416665,0.47139094601416665
22,bwd_pkt_len_mean_min,0.050920638893558454,0.050920638893558454
22,bwd_pkt_len_mean_max,1.5396465484672028,1.5396465484672028
22,bwd_pkt_len_std_mean,-1.6533047225387396,1.6533047225387396
22,bwd_pkt_len_std_std,1.1284847001454503,1.1284847001454503
22,bwd_pkt_len_std_sum,-0.005133015611177884,0.005133015611177884
22,bwd_pkt_len_std_min,0.04206484567958775,0.04206484567958775
22,bwd_pkt_len_std_max,1.2269892907546458,1.2269892907546458
22,bytes_per_sec_mean,-1.3219193879008546,1.3219193879008546
22,bytes_per_sec_std,0.26259517993802955,0.26259517993802955
22,bytes_per_sec_sum,-0.8778604640992926,0.8778604640992926
22,bytes_per_sec_min,0.05285843479371458,0.05285843479371458
22,bytes_per_sec_max,1.1729552695992282,1.1729552695992282
22,packets_per_sec_mean,-0.2892298939120416,0.2892298939120416
22,packets_per_sec_std,0.03270007821841291,0.03270007821841291
22,packets_per_sec_sum,-0.2632659233353204,0.2632659233353204
22,packets_per_sec_min,-0.16922488166104022,0.16922488166104022
22,packets_per_sec_max,-0.3204359190947278,0.3204359190947278
22,flow_iat_mean_mean,0.22125856697203947,0.22125856697203947
22,flow_iat_mean_std,-0.15587908287984847,0.15587908287984847
22,flow_iat_mean_sum,0.2609346581991169,0.2609346581991169
22,flow_iat_mean_min,0.015033507010204152,0.015033507010204152
22,flow_iat_mean_max,-0.04068328559451262,0.04068328559451262
22,flow_iat_std_mean,-0.26839498704159265,0.26839498704159265
22,flow_iat_std_std,-1.244867197294679,1.244867197294679
22,flow_iat_std_sum,-0.39864417757230575,0.39864417757230575
22,flow_iat_std_min,-0.04276938300633204,0.04276938300633204
22,flow_iat_std_max,-0.2672528503572196,0.2672528503572196
22,flow_iat_max_mean,-0.26673402944607655,0.26673402944607655
22,flow_iat_max_std,-0.5699893077519659,0.5699893077519659
22,flow_iat_max_sum,0.19048315274743483,0.19048315274743483
22,flow_iat_max_min,-0.0008418236876988894,0.0008418236876988894
22,flow_iat_max_max,0.1983131775008206,0.1983131775008206
22,flow_iat_min_mean,0.16644568774335539,0.16644568774335539
22,flow_iat_min_std,0.03335927057086184,0.03335927057086184
22,flow_iat_min_sum,0.32182819925662864,0.32182819925662864
22,flow_iat_min_min,0.022296919266122994,0.022296919266122994
22,flow_iat_min_max,0.09511198700505173,0.09511198700505173
22,fwd_iat_tot_mean,0.07085416953995466,0.07085416953995466
22,fwd_iat_tot_std,0.2479056617668726,0.2479056617668726
22,fwd_iat_tot_sum,-0.10922359153754747,0.10922359153754747
22,fwd_iat_tot_min,0.08928225866830608,0.08928225866830608
22,fwd_iat_tot_max,0.038867526353351306,0.038867526353351306
22,fwd_iat_mean_mean,-0.07559076890847041,0.07559076890847041
22,fwd_iat_mean_std,-0.6775226362796962,0.6775226362796962
22,fwd_iat_mean_sum,0.16340022672623955,0.16340022672623955
22,fwd_iat_mean_min,0.008272534345072535,0.008272534345072535
22,fwd_iat_mean_max,0.2763449239291654,0.2763449239291654
22,fwd_iat_std_mean,0.32847952756695353,0.32847952756695353
22,fwd_iat_std_std,0.33673314767403056,0.33673314767403056
22,fwd_iat_std_sum,0.2690385775443029,0.2690385775443029
22,fwd_iat_std_min,-0.04973928097265105,0.04973928097265105
22,fwd_iat_std_max,0.28273151620634673,0.28273151620634673
22,fwd_iat_max_mean,0.06299926136716168,0.06299926136716168
22,fwd_iat_max_std,-0.05976528277797141,0.05976528277797141
22,fwd_iat_max_sum,0.3599256076213915,0.3599256076213915
22,fwd_iat_max_min,-0.000909008387130122,0.000909008387130122
22,fwd_iat_max_max,-0.2772861417676981,0.2772861417676981
22,fwd_iat_min_mean,0.004244569556287396,0.004244569556287396
22,fwd_iat_min_std,-0.42892030365804357,0.42892030365804357
22,fwd_iat_min_sum,0.33976503506298034,0.33976503506298034
22,fwd_iat_min_min,0.006239082639274099,0.006239082639274099
22,fwd_iat_min_max,0.3234064640767948,0.3234064640767948
22,bwd_iat_tot_mean,-0.587632065985465,0.587632065985465
22,bwd_iat_tot_std,-0.1028337070809811,0.1028337070809811
22,bwd_iat_tot_sum,-0.07736425572842864,0.07736425572842864
22,bwd_iat_tot_min,0.022873426875913906,0.022873426875913906
22,bwd_iat_tot_max,-0.2898901396544644,0.2898901396544644
22,bwd_iat_mean_mean,0.4759936006080832,0.4759936006080832
22,bwd_iat_mean_std,1.0080871400821525,1.0080871400821525
22,bwd_iat_mean_sum,-0.6431548700848542,0.6431548700848542
22,bwd_iat_mean_min,-0.04169549176049637,0.04169549176049637
22,bwd_iat_mean_max,-0.5366356582064541,0.5366356582064541
22,bwd_iat_std_mean,1.3661774806548224,1.3661774806548224
22,bwd_iat_std_std,0.24283145033194883,0.24283145033194883
22,bwd_iat_std_sum,0.2992820626637031,0.2992820626637031
22,bwd_iat_std_min,0.01992737872600246,0.01992737872600246
22,bwd_iat_std_max,-0.058602176320712525,0.058602176320712525
22,bwd_iat_max_mean,-0.17144805362181711,0.17144805362181711
22,bwd_iat_max_std,-1.023952288015263,1.023952288015263
22,bwd_iat_max_sum,-0.12210158944359824,0.12210158944359824
22,bwd_iat_max_min,-0.0018817090625021951,0.0018817090625021951
22,bwd_iat_max_max,0.012368848746193208,0.012368848746193208
22,bwd_iat_min_mean,-0.039033207036696334,0.039033207036696334
22,bwd_iat_min_std,-1.0336440695432838,1.0336440695432838
22,bwd_iat_min_sum,0.10975905328915266,0.10975905328915266
22,bwd_iat_min_min,-0.08008339403494524,0.08008339403494524
22,bwd_iat_min_max,0.8954676347672548,0.8954676347672548
22,fwd_psh_flags_mean,-0.08880199687037234,0.08880199687037234
22,fwd_psh_flags_std,-0.14207224128351117,0.14207224128351117
22,fwd_psh_flags_sum,-0.06480469579015431,0.06480469579015431
22,fwd_psh_flags_min,-0.012519047658354364,0.012519047658354364
22,fwd_psh_flags_max,0.09551278119379232,0.09551278119379232
22,bwd_psh_flags_mean,0.0,0.0
22,bwd_psh_flags_std,0.0,0.0
22,bwd_psh_flags_sum,0.0,0.0
22,bwd_psh_flags_min,0.0,0.0
22,bwd_psh_flags_max,0.0,0.0
22,fwd_urg_flags_mean,-0.2172749968572508,0.2172749968572508
22,fwd_urg_flags_std,0.38162340395484357,0.38162340395484357
22,fwd_urg_flags_sum,0.013926501688375857,0.013926501688375857
22,fwd_urg_flags_min,0.0,0.0
22,fwd_urg_flags_max,0.12126293106864718,0.12126293106864718
22,bwd_urg_flags_mean,0.0,0.0
22,bwd_urg_flags_std,0.0,0.0
22,bwd_urg_flags_sum,0.0,0.0
22,bwd_urg_flags_min,0.0,0.0
22,bwd_urg_flags_max,0.0,0.0
22,fwd_header_len_mean,0.26260683557977804,0.26260683557977804
22,fwd_header_len_std,0.31597563461996225,0.31597563461996225
22,fwd_header_len_sum,0.22748950227950082,0.22748950227950082
22,fwd_header_len_min,-0.013661149024464688,0.013661149024464688
22,fwd_header_len_max,0.5338213756701862,0.5338213756701862
22,bwd_header_len_mean,-0.02663040423812005,0.02663040423812005
22,bwd_header_len_std,-0.26300973709263326,0.26300973709263326
22,bwd_header_len_sum,0.08089571261581874,0.08089571261581874
22,bwd_header_len_min,-0.0006848323389610097,0.0006848323389610097
22,bwd_header_len_max,0.5734351029010091,0.5734351029010091
22,fwd_pkts_per_sec_mean,0.3360737594846107,0.3360737594846107
22,fwd_pkts_per_sec_std,0.1065773664791843,0.1065773664791843
22,fwd_pkts_per_sec_sum,0.38793256262149833,0.38793256262149833
22,fwd_pkts_per_sec_min,0.018864871711801817,0.018864871711801817
22,fwd_pkts_per_sec_max,-0.39274150765828186,0.39274150765828186
22,bwd_pkts_per_sec_mean,-0.2069976411142205,0.2069976411142205
22,bwd_pkts_per_sec_std,0.6931632879558379,0.6931632879558379
22,bwd_pkts_per_sec_sum,-0.9508528056621629,0.9508528056621629
22,bwd_pkts_per_sec_min,0.01887671861084733,0.01887671861084733
22,bwd_pkts_per_sec_max,-0.2604701878680034,0.2604701878680034
22,pkt_len_min_mean,-0.012516732177347317,0.012516732177347317
22,pkt_len_min_std,0.9223797464149517,0.9223797464149517
22,pkt_len_min_sum,-0.18084567656423473,0.18084567656423473
22,pkt_len_min_min,0.04664428438927478,0.04664428438927478
22,pkt_len_min_max,-0.30951702068968795,0.30951702068968795
22,pkt_len_max_mean,-0.6472406570644155,0.6472406570644155
22,pkt_len_max_std,-0.7313296276691452,0.7313296276691452
22,pkt_len_max_sum,0.2970631699291826,0.2970631699291826
22,pkt_len_max_min,0.005348190018546325,0.005348190018546325
22,pkt_len_max_max,0.3514296069763912,0.3514296069763912
22,pkt_len_mean_mean,-0.6812436382962322,0.6812436382962322
22,pkt_len_mean_std,0.32722404646923026,0.32722404646923026
22,pkt_len_mean_sum,0.33211789317250234,0.33211789317250234
22,pkt_len_mean_min,0.021082710835367183,0.021082710835367183
22,pkt_len_mean_max,-0.9570222506287175,0.9570222506287175
22,pkt_len_std_mean,-0.9481513101757169,0.9481513101757169
22,pkt_len_std_std,0.5548879306986324,0.5548879306986324
22,pkt_len_std_sum,0.27959820955147446,0.27959820955147446
22,pkt_len_std_min,0.045836075682860127,0.045836075682860127
22,pkt_len_std_max,-0.145251467611731,0.145251467611731
22,pkt_len_var_mean,-1.2378573965259618,1.2378573965259618
22,pkt_len_var_std,-1.545350741363273,1.545350741363273
22,pkt_len_var_sum,0.5342162532910313,0.5342162532910313
22,pkt_len_var_min,0.04357691645043946,0.04357691645043946
22,pkt_len_var_max,-1.4828208472888182,1.4828208472888182
22,fin_flag_cnt_mean,0.06650105388567039,0.06650105388567039
22,fin_flag_cnt_std,0.13588183944780083,0.13588183944780083
22,fin_flag_cnt_sum,-0.018306728766337273,0.018306728766337273
22,fin_flag_cnt_min,0.0,0.0
22,fin_flag_cnt_max,0.1430730718975031,0.1430730718975031
22,syn_flag_cnt_mean,-0.08880199687037234,0.08880199687037234
22,syn_flag_cnt_std,-0.14207224128351117,0.14207224128351117
22,syn_flag_cnt_sum,-0.06480469579015431,0.06480469579015431
22,syn_flag_cnt_min,-0.012519047658354364,0.012519047658354364
22,syn_flag_cnt_max,0.09551278119379232,0.09551278119379232
22,rst_flag_cnt_mean,0.016925631797898227,0.016925631797898227
22,rst_flag_cnt_std,0.5995107227194157,0.5995107227194157
22,rst_flag_cnt_sum,0.6772016324531283,0.6772016324531283
22,rst_flag_cnt_min,0.0,0.0
22,rst_flag_cnt_max,-0.3259508834869274,0.3259508834869274
22,psh_flag_cnt_mean,0.49489657345936183,0.49489657345936183
22,psh_flag_cnt_std,-0.03356381552905459,0.03356381552905459
22,psh_flag_cnt_sum,0.093404835789342,0.093404835789342
22,psh_flag_cnt_min,0.006450692886704622,0.006450692886704622
22,psh_flag_cnt_max,-0.48505571023290717,0.48505571023290717
22,ack_flag_cnt_mean,0.18860957601777914,0.18860957601777914
22,ack_flag_cnt_std,0.9936816095268853,0.9936816095268853
22,ack_flag_cnt_sum,0.4751654707149089,0.4751654707149089
22,ack_flag_cnt_min,-0.012519047658354364,0.012519047658354364
22,ack_flag_cnt_max,-0.34030556704895737,0.34030556704895737
22,urg_flag_cnt_mean,-0.830383905996068,0.830383905996068
22,urg_flag_cnt_std,0.5434817658159576,0.5434817658159576
22,urg_flag_cnt_sum,0.0006637506396355853,0.0006637506396355853
22,urg_flag_cnt_min,0.0,0.0
22,urg_flag_cnt_max,0.8120626371382548,0.8120626371382548
22,cwe_flag_cnt_mean,-0.2172749968572508,0.2172749968572508
22,cwe_flag_cnt_std,0.38162340395484357,0.38162340395484357
22,cwe_flag_cnt_sum,0.013926501688375857,0.013926501688375857
22,cwe_flag_cnt_min,0.0,0.0
22,cwe_flag_cnt_max,0.12126293106864718,0.12126293106864718
22,ece_flag_cnt_mean,0.05912161919010567,0.05912161919010567
22,ece_flag_cnt_std,0.6244637100200982,0.6244637100200982
22,ece_flag_cnt_sum,0.6781117244929646,0.6781117244929646
22,ece_flag_cnt_min,0.0,0.0
22,ece_flag_cnt_max,-0.3259508834869274,0.3259508834869274
22,down_up_ratio_mean,0.34073839176313975,0.34073839176313975
22,down_up_ratio_std,-1.1950001876137364,1.1950001876137364
22,down_up_ratio_sum,0.2888042002837947,0.2888042002837947
22,down_up_ratio_min,-0.004882916959902834,0.004882916959902834
22,down_up_ratio_max,0.45912119869311413,0.45912119869311413
22,pkt_size_avg_mean,-0.6789748813664281,0.6789748813664281
22,pkt_size_avg_std,0.22020980836377793,0.22020980836377793
22,pkt_size_avg_sum,0.2919549467329916,0.2919549467329916
22,pkt_size_avg_min,0.010802156434730733,0.010802156434730733
22,pkt_size_avg_max,0.28195700974040144,0.28195700974040144
22,fwd_seg_size_avg_mean,-0.21544087801574197,0.21544087801574197
22,fwd_seg_size_avg_std,0.012603586347323616,0.012603586347323616
22,fwd_seg_size_avg_sum,0.4360263009297948,0.4360263009297948
22,fwd_seg_size_avg_min,0.01383984757551814,0.01383984757551814
22,fwd_seg_size_avg_max,0.01414945521944871,0.01414945521944871
22,bwd_seg_size_avg_mean,0.19501297364526335,0.19501297364526335
22,bwd_seg_size_avg_std,0.29152429270059277,0.29152429270059277
22,bwd_seg_size_avg_sum,0.47139094601369697,0.47139094601369697
22,bwd_seg_size_avg_min,0.050920638893558454,0.050920638893558454
22,bwd_seg_size_avg_max,1.539646548467329,1.539646548467329
22,fwd_byts_b_avg_mean,0.0,0.0
22,fwd_byts_b_avg_std,0.0,0.0
22,fwd_byts_b_avg_sum,0.0,0.0
22,fwd_byts_b_avg_min,0.0,0.0
22,fwd_byts_b_avg_max,0.0,0.0
22,fwd_pkts_b_avg_mean,0.0,0.0
22,fwd_pkts_b_avg_std,0.0,0.0
22,fwd_pkts_b_avg_sum,0.0,0.0
22,fwd_pkts_b_avg_min,0.0,0.0
22,fwd_pkts_b_avg_max,0.0,0.0
22,fwd_blk_rate_avg_mean,0.0,0.0
22,fwd_blk_rate_avg_std,0.0,0.0
22,fwd_blk_rate_avg_sum,0.0,0.0
22,fwd_blk_rate_avg_min,0.0,0.0
22,fwd_blk_rate_avg_max,0.0,0.0
22,bwd_byts_b_avg_mean,0.0,0.0
22,bwd_byts_b_avg_std,0.0,0.0
22,bwd_byts_b_avg_sum,0.0,0.0
22,bwd_byts_b_avg_min,0.0,0.0
22,bwd_byts_b_avg_max,0.0,0.0
22,bwd_pkts_b_avg_mean,0.0,0.0
22,bwd_pkts_b_avg_std,0.0,0.0
22,bwd_pkts_b_avg_sum,0.0,0.0
22,bwd_pkts_b_avg_min,0.0,0.0
22,bwd_pkts_b_avg_max,0.0,0.0
22,bwd_blk_rate_avg_mean,0.0,0.0
22,bwd_blk_rate_avg_std,0.0,0.0
22,bwd_blk_rate_avg_sum,0.0,0.0
22,bwd_blk_rate_avg_min,0.0,0.0
22,bwd_blk_rate_avg_max,0.0,0.0
22,subflow_fwd_pkts_mean,0.2609080916188029,0.2609080916188029
22,subflow_fwd_pkts_std,0.30046328927443167,0.30046328927443167
22,subflow_fwd_pkts_sum,0.17325489250759413,0.17325489250759413
22,subflow_fwd_pkts_min,0.068130769821653,0.068130769821653
22,subflow_fwd_pkts_max,0.19461391022461758,0.19461391022461758
22,subflow_fwd_byts_mean,0.20139333705275705,0.20139333705275705
22,subflow_fwd_byts_std,-0.07345168454400736,0.07345168454400736
22,subflow_fwd_byts_sum,0.18913586485583178,0.18913586485583178
22,subflow_fwd_byts_min,-0.020899460583997283,0.020899460583997283
22,subflow_fwd_byts_max,-0.14501167574413623,0.14501167574413623
22,subflow_bwd_pkts_mean,-0.13640781333622,0.13640781333622
22,subflow_bwd_pkts_std,-0.6331728269226262,0.6331728269226262
22,subflow_bwd_pkts_sum,-0.17344803398720507,0.17344803398720507
22,subflow_bwd_pkts_min,-0.05432496745280836,0.05432496745280836
22,subflow_bwd_pkts_max,-0.08645690553984191,0.08645690553984191
22,subflow_bwd_byts_mean,0.23206401669672783,0.23206401669672783
22,subflow_bwd_byts_std,-0.23831826564440087,0.23831826564440087
22,subflow_bwd_byts_sum,-0.8782258220867545,0.8782258220867545
22,subflow_bwd_byts_min,0.04446531259639022,0.04446531259639022
22,subflow_bwd_byts_max,0.45593201820691637,0.45593201820691637
22,window_size_fwd_mean,0.38209320605846514,0.38209320605846514
22,window_size_fwd_std,-1.1910039461414332,1.1910039461414332
22,window_size_fwd_sum,0.1530505504611025,0.1530505504611025
22,window_size_fwd_min,0.029458342282790095,0.029458342282790095
22,window_size_fwd_max,-0.18924928470422656,0.18924928470422656
22,window_size_bwd_mean,-0.7884753265081055,0.7884753265081055
22,window_size_bwd_std,1.9560033114486046,1.9560033114486046
22,window_size_bwd_sum,-0.7636982068235283,0.7636982068235283
22,window_size_bwd_min,0.03751781561499567,0.03751781561499567
22,window_size_bwd_max,0.3846217400617224,0.3846217400617224
22,fwd_act_data_pkts_mean,0.2599116380755808,0.2599116380755808
22,fwd_act_data_pkts_std,0.2961520439914922,0.2961520439914922
22,fwd_act_data_pkts_sum,0.15438890605445166,0.15438890605445166
22,fwd_act_data_pkts_min,0.1369723279585436,0.1369723279585436
22,fwd_act_data_pkts_max,0.15744327832578384,0.15744327832578384
22,fwd_seg_size_min_mean,1.0392966484793167,1.0392966484793167
22,fwd_seg_size_min_std,-0.4025258090431089,0.4025258090431089
22,fwd_seg_size_min_sum,0.2558498870109458,0.2558498870109458
22,fwd_seg_size_min_min,-0.15017455315952338,0.15017455315952338
22,fwd_seg_size_min_max,-0.12096313317839218,0.12096313317839218
22,active_mean_mean,-0.16752812205950743,0.16752812205950743
22,active_mean_std,-0.34431853244254634,0.34431853244254634
22,active_mean_sum,-0.6542905178812245,0.6542905178812245
22,active_mean_min,0.004495050613019649,0.004495050613019649
22,active_mean_max,-0.03444708583299419,0.03444708583299419
22,active_std_mean,-0.4406101781145733,0.4406101781145733
22,active_std_std,-0.12066593111688968,0.12066593111688968
22,active_std_sum,-0.6249908166010985,0.6249908166010985
22,active_std_min,0.021091595309635926,0.021091595309635926
22,active_std_max,0.24562755293236407,0.24562755293236407
22,active_max_mean,-0.25409667794827456,0.25409667794827456
22,active_max_std,0.46189384544789003,0.46189384544789003
22,active_max_sum,0.725022839732106,0.725022839732106
22,active_max_min,0.009918397701124808,0.009918397701124808
22,active_max_max,0.19200500199462767,0.19200500199462767
22,active_min_mean,0.03851414120669665,0.03851414120669665
22,active_min_std,-0.3485011466277754,0.3485011466277754
22,active_min_sum,0.1701718246803998,0.1701718246803998
22,active_min_min,-0.004670732333778295,0.004670732333778295
22,active_min_max,0.1729488524033624,0.1729488524033624
22,idle_mean_mean,0.13412617168698363,0.13412617168698363
22,idle_mean_std,-0.2042513850866726,0.2042513850866726
22,idle_mean_sum,0.02377293599222251,0.02377293599222251
22,idle_mean_min,-0.02045486378347163,0.02045486378347163
22,idle_mean_max,-0.09337612208746655,0.09337612208746655
22,idle_std_mean,0.42882546046858266,0.42882546046858266
22,idle_std_std,0.0076083635240639024,0.0076083635240639024
22,idle_std_sum,0.04686450902966361,0.04686450902966361
22,idle_std_min,-0.02705006485056348,0.02705006485056348
22,idle_std_max,-0.03467411247938115,0.03467411247938115
22,idle_max_mean,0.3323120645534185,0.3323120645534185
22,idle_max_std,0.09386763928002853,0.09386763928002853
22,idle_max_sum,0.1195612155058983,0.1195612155058983
22,idle_max_min,-0.0014148364684751723,0.0014148364684751723
22,idle_max_max,-0.12219977074959808,0.12219977074959808
22,idle_min_mean,-0.20232452293640515,0.20232452293640515
22,idle_min_std,-0.38293325324260347,0.38293325324260347
22,idle_min_sum,-0.042223842621088255,0.042223842621088255
22,idle_min_min,-0.05325946908741284,0.05325946908741284
22,idle_min_max,-0.07133876379346371,0.07133876379346371
22,duration_sec_mean,0.07922737077533429,0.07922737077533429
22,duration_sec_std,0.6520373507658361,0.6520373507658361
22,duration_sec_sum,-0.13752708079524734,0.13752708079524734
22,duration_sec_min,0.07212858961638631,0.07212858961638631
22,duration_sec_max,0.15392844414621265,0.15392844414621265
22,flow_count,0.1335326044757669,0.1335326044757669
22,unique_dst_ports_count,0.13979377799068657,0.13979377799068657
22,unique_protocols_count,0.010823765039924362,0.010823765039924362
22,pkt_ttl_min,-0.23363745968019745,0.23363745968019745
22,pkt_ttl_max,-0.4859966372204012,0.4859966372204012
22,pkt_ttl_std,0.36155013753749693,0.36155013753749693
22,pkt_ttl_mode,0.35758659402432796,0.35758659402432796
22,pkt_frag_mf_count,0.0,0.0
22,pkt_frag_df_count,0.7152027949713133,0.7152027949713133
22,pkt_payload_size_p25,-0.06693559785040752,0.06693559785040752
22,pkt_payload_size_p50,-0.21431999661144746,0.21431999661144746
22,pkt_payload_size_p75,-0.666730046058659,0.666730046058659
22,pkt_payload_size_p95,-0.890652891224766,0.890652891224766
22,pkt_tcp_retrans_count,1.5570624234377841,1.5570624234377841
22,pkt_port_scan_seq_score,1.4483458746826232,1.4483458746826232
23,duration_microsec_mean,0.0931897036466472,0.0931897036466472
23,duration_microsec_std,0.20938525210107967,0.20938525210107967
23,duration_microsec_sum,-0.06511334992114187,0.06511334992114187
23,duration_microsec_min,0.08921623020227491,0.08921623020227491
23,duration_microsec_max,0.2908875366521726,0.2908875366521726
23,packet_count_fwd_mean,0.5653129797646664,0.5653129797646664
23,packet_count_fwd_std,-0.2710802141549565,0.2710802141549565
23,packet_count_fwd_sum,0.23113222241198275,0.23113222241198275
23,packet_count_fwd_min,0.1364365784063795,0.1364365784063795
23,packet_count_fwd_max,-0.03476990520485414,0.03476990520485414
23,packet_count_bwd_mean,0.5775834074660728,0.5775834074660728
23,packet_count_bwd_std,1.0965138876853997,1.0965138876853997
23,packet_count_bwd_sum,0.04132132550875943,0.04132132550875943
23,packet_count_bwd_min,-0.15760618504297602,0.15760618504297602
23,packet_count_bwd_max,0.247421235973631,0.247421235973631
23,byte_count_fwd_mean,-0.06320292132632789,0.06320292132632789
23,byte_count_fwd_std,-0.7367980139277228,0.7367980139277228
23,byte_count_fwd_sum,-0.1957057755325089,0.1957057755325089
23,byte_count_fwd_min,0.1948366957036656,0.1948366957036656
23,byte_count_fwd_max,1.3106309869149457,1.3106309869149457
23,byte_count_bwd_mean,-0.5579285583669199,0.5579285583669199
23,byte_count_bwd_std,-1.5669229011733055,1.5669229011733055
23,byte_count_bwd_sum,-0.4459668250610605,0.4459668250610605
23,byte_count_bwd_min,0.04993872828166071,0.04993872828166071
23,byte_count_bwd_max,-0.655586782689413,0.655586782689413
23,fwd_pkt_len_max_mean,0.21688872064009146,0.21688872064009146
23,fwd_pkt_len_max_std,-1.67626890722857,1.67626890722857
23,fwd_pkt_len_max_sum,0.3879642224238026,0.3879642224238026
23,fwd_pkt_len_max_min,-0.056700615052312525,0.056700615052312525
23,fwd_pkt_len_max_max,0.4982013329796928,0.4982013329796928
23,fwd_pkt_len_min_mean,-0.19249612865106558,0.19249612865106558
23,fwd_pkt_len_min_std,0.015047198049034252,0.015047198049034252
23,fwd_pkt_len_min_sum,-0.15220396992108012,0.15220396992108012
23,fwd_pkt_len_min_min,0.04611907212060538,0.04611907212060538
23,fwd_pkt_len_min_max,-0.023898428660399793,0.023898428660399793
23,fwd_pkt_len_mean_mean,-0.2151865518210659,0.2151865518210659
23,fwd_pkt_len_mean_std,0.012644618940774233,0.012644618940774233
23,fwd_pkt_len_mean_sum,0.436169648043742,0.436169648043742
23,fwd_pkt_len_mean_min,0.013070036553212518,0.013070036553212518
23,fwd_pkt_len_mean_max,0.014152025088439851,0.014152025088439851
23,fwd_pkt_len_std_mean,2.0121832044489167,2.0121832044489167
23,fwd_pkt_len_std_std,0.904781613124698,0.904781613124698
23,fwd_pkt_len_std_sum,0.4299489649106879,0.4299489649106879
23,fwd_pkt_len_std_min,0.03674937103922519,0.03674937103922519
23,fwd_pkt_len_std_max,-0.26693624840242447,0.26693624840242447
23,bwd_pkt_len_max_mean,0.007320541295479372,0.007320541295479372
23,bwd_pkt_len_max_std,0.5800367923832578,0.5800367923832578
23,bwd_pkt_len_max_sum,0.16583606113613614,0.16583606113613614
23,bwd_pkt_len_max_min,0.04507780792301436,0.04507780792301436
23,bwd_pkt_len_max_max,-0.13353192386323262,0.13353192386323262
23,bwd_pkt_len_min_mean,0.8604690625907155,0.8604690625907155
23,bwd_pkt_len_min_std,-0.35920117755955594,0.35920117755955594
23,bwd_pkt_len_min_sum,0.23073032413165953,0.23073032413165953
23,bwd_pkt_len_min_min,0.0,0.0
23,bwd_pkt_len_min_max,-0.014254857644744764,0.014254857644744764
23,bwd_pkt_len_mean_mean,0.19482597382834013,0.19482597382834013
23,bwd_pkt_len_mean_std,0.2913671950513663,0.2913671950513663
23,bwd_pkt_len_mean_sum,0.47159278832376006,0.47159278832376006
23,bwd_pkt_len_mean_min,0.05058772536308322,0.05058772536308322
23,bwd_pkt_len_mean_max,1.5397759279128966,1.5397759279128966
23,bwd_pkt_len_std_mean,-1.6532673060789864,1.6532673060789864
23,bwd_pkt_len_std_std,1.1287376613565063,1.1287376613565063
23,bwd_pkt_len_std_sum,-0.004719418911314228,0.004719418911314228
23,bwd_pkt_len_std_min,0.041771495320218247,0.041771495320218247
23,bwd_pkt_len_std_max,1.2264986059122305,1.2264986059122305
23,bytes_per_sec_mean,-1.3220532624204373,1.3220532624204373
23,bytes_per_sec_std,0.26257194965708214,0.26257194965708214
23,bytes_per_sec_sum,-0.8779322299747669,0.8779322299747669
23,bytes_per_sec_min,0.05067635574937128,0.05067635574937128
23,bytes_per_sec_max,1.1729264490640903,1.1729264490640903
23,packets_per_sec_mean,-0.28935302739792995,0.28935302739792995
23,packets_per_sec_std,0.03273295536113267,0.03273295536113267
23,packets_per_sec_sum,-0.2633224830781238,0.2633224830781238
23,packets_per_sec_min,-0.16948118351508432,0.16948118351508432
23,packets_per_sec_max,-0.3204841664557048,0.3204841664557048
23,flow_iat_mean_mean,0.22129749272440477,0.22129749272440477
23,flow_iat_mean_std,-0.15581480097712802,0.15581480097712802
23,flow_iat_mean_sum,0.26093770840766256,0.26093770840766256
23,flow_iat_mean_min,0.015195496701585813,0.015195496701585813
23,flow_iat_mean_max,-0.040878587469067536,0.040878587469067536
23,flow_iat_std_mean,-0.267961890121735,0.267961890121735
23,flow_iat_std_std,-1.2448203674153036,1.2448203674153036
23,flow_iat_std_sum,-0.3987245224051135,0.3987245224051135
23,flow_iat_std_min,-0.04267932586218251,0.04267932586218251
23,flow_iat_std_max,-0.26721302719782336,0.26721302719782336
23,flow_iat_max_mean,-0.2665235892898861,0.2665235892898861
23,flow_iat_max_std,-0.5698088987918392,0.5698088987918392
23,flow_iat_max_sum,0.19041700300936754,0.19041700300936754
23,flow_iat_max_min,-0.0007019017337055443,0.0007019017337055443
23,flow_iat_max_max,0.19837130012349188,0.19837130012349188
23,flow_iat_min_mean,0.1662370282519897,0.1662370282519897
23,flow_iat_min_std,0.03343967320060938,0.03343967320060938
23,flow_iat_min_sum,0.32182789061243866,0.32182789061243866
23,flow_iat_min_min,0.022453857166063098,0.022453857166063098
23,flow_iat_min_max,0.09512951405750243,0.09512951405750243
23,fwd_iat_tot_mean,0.07182196239727717,0.07182196239727717
23,fwd_iat_tot_std,0.2479134063728377,0.2479134063728377
23,fwd_iat_tot_sum,-0.10934980410116898,0.10934980410116898
23,fwd_iat_tot_min,0.08824918608653308,0.08824918608653308
23,fwd_iat_tot_max,0.038964867809340234,0.038964867809340234
23,fwd_iat_mean_mean,-0.0756210074162329,0.0756210074162329
23,fwd_iat_mean_std,-0.6774944347401968,0.6774944347401968
23,fwd_iat_mean_sum,0.16334948770120172,0.16334948770120172
23,fwd_iat_mean_min,0.008442371990420803,0.008442371990420803
23,fwd_iat_mean_max,0.2759571050998634,0.2759571050998634
23,fwd_iat_std_mean,0.328636194832655,0.328636194832655
23,fwd_iat_std_std,0.3363344261957373,0.3363344261957373
23,fwd_iat_std_sum,0.26885417665146305,0.26885417665146305
23,fwd_iat_std_min,-0.04966244826114656,0.04966244826114656
23,fwd_iat_std_max,0.2827279650413042,0.2827279650413042
23,fwd_iat_max_mean,0.06310984673211305,0.06310984673211305
23,fwd_iat_max_std,-0.0596980482137037,0.0596980482137037
23,fwd_iat_max_sum,0.35986066039322323,0.35986066039322323
23,fwd_iat_max_min,-0.0007707703256910322,0.0007707703256910322
23,fwd_iat_max_max,-0.27725492923210676,0.27725492923210676
23,fwd_iat_min_mean,0.004047041748620694,0.004047041748620694
23,fwd_iat_min_std,-0.4289256055977551,0.4289256055977551
23,fwd_iat_min_sum,0.339721247704659,0.339721247704659
23,fwd_iat_min_min,0.006473598997800786,0.006473598997800786
23,fwd_iat_min_max,0.32317396678551785,0.32317396678551785
23,bwd_iat_tot_mean,-0.5876644515123771,0.5876644515123771
23,bwd_iat_tot_std,-0.10248807721646737,0.10248807721646737
23,bwd_iat_tot_sum,-0.07739803759988133,0.07739803759988133
23,bwd_iat_tot_min,0.022669468524260182,0.022669468524260182
23,bwd_iat_tot_max,-0.2892193332077499,0.2892193332077499
23,bwd_iat_mean_mean,0.47562182496718436,0.47562182496718436
23,bwd_iat_mean_std,1.0080629015708602,1.0080629015708602
23,bwd_iat_mean_sum,-0.643155135052009,0.643155135052009
23,bwd_iat_mean_min,-0.04152720571200301,0.04152720571200301
23,bwd_iat_mean_max,-0.5366174180273127,0.5366174180273127
23,bwd_iat_std_mean,1.3658486358072626,1.3658486358072626
23,bwd_iat_std_std,0.24299079294094947,0.24299079294094947
23,bwd_iat_std_sum,0.2992789555279758,0.2992789555279758
23,bwd_iat_std_min,0.0198061274140682,0.0198061274140682
23,bwd_iat_std_max,-0.05860368731856783,0.05860368731856783
23,bwd_iat_max_mean,-0.17126946684726485,0.17126946684726485
23,bwd_iat_max_std,-1.0236954415879629,1.0236954415879629
23,bwd_iat_max_sum,-0.12194725536626101,0.12194725536626101
23,bwd_iat_max_min,-0.0019134550233977535,0.0019134550233977535
23,bwd_iat_max_max,0.012456531354804776,0.012456531354804776
23,bwd_iat_min_mean,-0.039017327441743924,0.039017327441743924
23,bwd_iat_min_std,-1.0336640897295652,1.0336640897295652
23,bwd_iat_min_sum,0.10981182856386298,0.10981182856386298
23,bwd_iat_min_min,-0.07970679904339298,0.07970679904339298
23,bwd_iat_min_max,0.8954158921429678,0.8954158921429678
23,fwd_psh_flags_mean,-0.08883701459165251,0.08883701459165251
23,fwd_psh_flags_std,-0.14205143017916638,0.14205143017916638
23,fwd_psh_flags_sum,-0.06479316682852536,0.06479316682852536
23,fwd_psh_flags_min,-0.012294453134703384,0.012294453134703384
23,fwd_psh_flags_max,0.09553880628646344,0.09553880628646344
23,bwd_psh_flags_mean,0.0,0.0
23,bwd_psh_flags_std,0.0,0.0
23,bwd_psh_flags_sum,0.0,0.0
23,bwd_psh_flags_min,0.0,0.0
23,bwd_psh_flags_max,0.0,0.0
23,fwd_urg_flags_mean,-0.21730865713755873,0.21730865713755873
23,fwd_urg_flags_std,0.3816178004593155,0.3816178004593155
23,fwd_urg_flags_sum,0.013926099793829826,0.013926099793829826
23,fwd_urg_flags_min,0.0,0.0
23,fwd_urg_flags_max,0.1212686059645643,0.1212686059645643
23,bwd_urg_flags_mean,0.0,0.0
23,bwd_urg_flags_std,0.0,0.0
23,bwd_urg_flags_sum,0.0,0.0
23,bwd_urg_flags_min,0.0,0.0
23,bwd_urg_flags_max,0.0,0.0
23,fwd_header_len_mean,0.26263856731192126,0.26263856731192126
23,fwd_header_len_std,0.3164075791273724,0.3164075791273724
23,fwd_header_len_sum,0.22833591611618778,0.22833591611618778
23,fwd_header_len_min,-0.015736078060833433,0.015736078060833433
23,fwd_header_len_max,0.5341779685328287,0.5341779685328287
23,bwd_header_len_mean,-0.026728706341571335,0.026728706341571335
23,bwd_header_len_std,-0.26311926946087894,0.26311926946087894
23,bwd_header_len_sum,0.08087182748646918,0.08087182748646918
23,bwd_header_len_min,-0.0006087739035481126,0.0006087739035481126
23,bwd_header_len_max,0.5732016746206994,0.5732016746206994
23,fwd_pkts_per_sec_mean,0.3363467893471028,0.3363467893471028
23,fwd_pkts_per_sec_std,0.10650754059197429,0.10650754059197429
23,fwd_pkts_per_sec_sum,0.3879499771678908,0.3879499771678908
23,fwd_pkts_per_sec_min,0.018105967408575497,0.018105967408575497
23,fwd_pkts_per_sec_max,-0.3927404817999476,0.3927404817999476
23,bwd_pkts_per_sec_mean,-0.2069655481035413,0.2069655481035413
23,bwd_pkts_per_sec_std,0.6932247491576231,0.6932247491576231
23,bwd_pkts_per_sec_sum,-0.9509333400662868,0.9509333400662868
23,bwd_pkts_per_sec_min,0.01811895433878437,0.01811895433878437
23,bwd_pkts_per_sec_max,-0.26049364387735713,0.26049364387735713
23,pkt_len_min_mean,-0.011926012544860136,0.011926012544860136
23,pkt_len_min_std,0.9223576555718523,0.9223576555718523
23,pkt_len_min_sum,-0.1809539861293703,0.1809539861293703
23,pkt_len_min_min,0.045824562958013085,0.045824562958013085
23,pkt_len_min_max,-0.30950691832267435,0.30950691832267435
23,pkt_len_max_mean,-0.6469967141027575,0.6469967141027575
23,pkt_len_max_std,-0.7317675231854502,0.7317675231854502
23,pkt_len_max_sum,0.2973676109345952,0.2973676109345952
23,pkt_len_max_min,0.004829635572294558,0.004829635572294558
23,pkt_len_max_max,0.3515486988736307,0.3515486988736307
23,pkt_len_mean_mean,-0.6809809809745597,0.6809809809745597
23,pkt_len_mean_std,0.3272934448230377,0.3272934448230377
23,pkt_len_mean_sum,0.33224989978891317,0.33224989978891317
23,pkt_len_mean_min,0.020294080014168887,0.020294080014168887
23,pkt_len_mean_max,-0.956953573497501,0.956953573497501
23,pkt_len_std_mean,-0.9486212689971821,0.9486212689971821
23,pkt_len_std_std,0.5549155910491167,0.5549155910491167
23,pkt_len_std_sum,0.27983838332914174,0.27983838332914174
23,pkt_len_std_min,0.045505939912536326,0.045505939912536326
23,pkt_len_std_max,-0.1453599907649136,0.1453599907649136
23,pkt_len_var_mean,-1.2385116585486202,1.2385116585486202
23,pkt_len_var_std,-1.5455794742682447,1.5455794742682447
23,pkt_len_var_sum,0.5343572657816854,0.5343572657816854
23,pkt_len_var_min,0.04324813206813431,0.04324813206813431
23,pkt_len_var_max,-1.4830235039978705,1.4830235039978705
23,fin_flag_cnt_mean,0.06653045259731033,0.06653045259731033
23,fin_flag_cnt_std,0.1358432220854917,0.1358432220854917
23,fin_flag_cnt_sum,-0.018251792977403855,0.018251792977403855
23,fin_flag_cnt_min,0.0,0.0
23,fin_flag_cnt_max,0.14304310916584495,0.14304310916584495
23,syn_flag_cnt_mean,-0.08883701459165251,0.08883701459165251
23,syn_flag_cnt_std,-0.14205143017916638,0.14205143017916638
23,syn_flag_cnt_sum,-0.06479316682852536,0.06479316682852536
23,syn_flag_cnt_min,-0.012294453134703384,0.012294453134703384
23,syn_flag_cnt_max,0.09553880628646344,0.09553880628646344
23,rst_flag_cnt_mean,0.01685874704354749,0.01685874704354749
23,rst_flag_cnt_std,0.599514772201394,0.599514772201394
23,rst_flag_cnt_sum,0.6773759137447888,0.6773759137447888
23,rst_flag_cnt_min,0.0,0.0
23,rst_flag_cnt_max,-0.3257935457229163,0.3257935457229163
23,psh_flag_cnt_mean,0.49476631119893577,0.49476631119893577
23,psh_flag_cnt_std,-0.032736348210988,0.032736348210988
23,psh_flag_cnt_sum,0.0936327354577287,0.0936327354577287
23,psh_flag_cnt_min,0.006725141060591631,0.006725141060591631
23,psh_flag_cnt_max,-0.485387347766115,0.485387347766115
23,ack_flag_cnt_mean,0.18898409150476878,0.18898409150476878
23,ack_flag_cnt_std,0.9936872747347825,0.9936872747347825
23,ack_flag_cnt_sum,0.475409750987019,0.475409750987019
23,ack_flag_cnt_min,-0.012294453134703384,0.012294453134703384
23,ack_flag_cnt_max,-0.3396173871013364,0.3396173871013364
23,urg_flag_cnt_mean,-0.830508833635267,0.830508833635267
23,urg_flag_cnt_std,0.5434606629248906,0.5434606629248906
23,urg_flag_cnt_sum,0.000721295782644711,0.000721295782644711
23,urg_flag_cnt_min,0.0,0.0
23,urg_flag_cnt_max,0.8110384807885148,0.8110384807885148
23,cwe_flag_cnt_mean,-0.21730865713755873,0.21730865713755873
23,cwe_flag_cnt_std,0.3816178004593155,0.3816178004593155
23,cwe_flag_cnt_sum,0.013926099793829826,0.013926099793829826
23,cwe_flag_cnt_min,0.0,0.0
23,cwe_flag_cnt_max,0.1212686059645643,0.1212686059645643
23,ece_flag_cnt_mean,0.05905231954931474,0.05905231954931474
23,ece_flag_cnt_std,0.6244662680933897,0.6244662680933897
23,ece_flag_cnt_sum,0.6782859559185317,0.6782859559185317
23,ece_flag_cnt_min,0.0,0.0
23,ece_flag_cnt_max,-0.3257935457229163,0.3257935457229163
23,down_up_ratio_mean,0.34112413883641385,0.34112413883641385
23,down_up_ratio_std,-1.1948869906258828,1.1948869906258828
23,down_up_ratio_sum,0.28882070376677355,0.28882070376677355
23,down_up_ratio_min,-0.0046567772143430095,0.0046567772143430095
23,down_up_ratio_max,0.458969240704333,0.458969240704333
23,pkt_size_avg_mean,-0.6786405002660505,0.6786405002660505
23,pkt_size_avg_std,0.2201604926384668,0.2201604926384668
23,pkt_size_avg_sum,0.2920921054886036,0.2920921054886036
23,pkt_size_avg_min,0.010174309332563757,0.010174309332563757
23,pkt_size_avg_max,0.28195872118522525,0.28195872118522525
23,fwd_seg_size_avg_mean,-0.2151865518210659,0.2151865518210659
23,fwd_seg_size_avg_std,0.012644618940774233,0.012644618940774233
23,fwd_seg_size_avg_sum,0.436169648043742,0.436169648043742
23,fwd_seg_size_avg_min,0.013070036553212518,0.013070036553212518
23,fwd_seg_size_avg_max,0.014152025088439851,0.014152025088439851
23,bwd_seg_size_avg_mean,0.19482597382486508,0.19482597382486508
23,bwd_seg_size_avg_std,0.29136719503564384,0.29136719503564384
23,bwd_seg_size_avg_sum,0.47159278832326085,0.47159278832326085
23,bwd_seg_size_avg_min,0.05058772536308322,0.05058772536308322
23,bwd_seg_size_avg_max,1.539775927913021,1.539775927913021
23,fwd_byts_b_avg_mean,0.0,0.0
23,fwd_byts_b_avg_std,0.0,0.0
23,fwd_byts_b_avg_sum,0.0,0.0
23,fwd_byts_b_avg_min,0.0,0.0
23,fwd_byts_b_avg_max,0.0,0.0
23,fwd_pkts_b_avg_mean,0.0,0.0
23,fwd_pkts_b_avg_std,0.0,0.0
23,fwd_pkts_b_avg_sum,0.0,0.0
23,fwd_pkts_b_avg_min,0.0,0.0
23,fwd_pkts_b_avg_max,0.0,0.0
23,fwd_blk_rate_avg_mean,0.0,0.0
23,fwd_blk_rate_avg_std,0.0,0.0
23,fwd_blk_rate_avg_sum,0.0,0.0
23,fwd_blk_rate_avg_min,0.0,0.0
23,fwd_blk_rate_avg_max,0.0,0.0
23,bwd_byts_b_avg_mean,0.0,0.0
23,bwd_byts_b_avg_std,0.0,0.0
23,bwd_byts_b_avg_sum,0.0,0.0
23,bwd_byts_b_avg_min,0.0,0.0
23,bwd_byts_b_avg_max,0.0,0.0
23,bwd_pkts_b_avg_mean,0.0,0.0
23,bwd_pkts_b_avg_std,0.0,0.0
23,bwd_pkts_b_avg_sum,0.0,0.0
23,bwd_pkts_b_avg_min,0.0,0.0
23,bwd_pkts_b_avg_max,0.0,0.0
23,bwd_blk_rate_avg_mean,0.0,0.0
23,bwd_blk_rate_avg_std,0.0,0.0
23,bwd_blk_rate_avg_sum,0.0,0.0
23,bwd_blk_rate_avg_min,0.0,0.0
23,bwd_blk_rate_avg_max,0.0,0.0
23,subflow_fwd_pkts_mean,0.26094490572343515,0.26094490572343515
23,subflow_fwd_pkts_std,0.30089181354984706,0.30089181354984706
23,subflow_fwd_pkts_sum,0.17412627405901482,0.17412627405901482
23,subflow_fwd_pkts_min,0.0668253624382325,0.0668253624382325
23,subflow_fwd_pkts_max,0.19502578695513043,0.19502578695513043
23,subflow_fwd_byts_mean,0.2015039432174771,0.2015039432174771
23,subflow_fwd_byts_std,-0.07346703943708782,0.07346703943708782
23,subflow_fwd_byts_sum,0.19001185979809593,0.19001185979809593
23,subflow_fwd_byts_min,-0.02169044244011289,0.02169044244011289
23,subflow_fwd_byts_max,-0.14497240169206682,0.14497240169206682
23,subflow_bwd_pkts_mean,-0.136416079797601,0.136416079797601
23,subflow_bwd_pkts_std,-0.633243838604691,0.633243838604691
23,subflow_bwd_pkts_sum,-0.17338953253809067,0.17338953253809067
23,subflow_bwd_pkts_min,-0.054025164711570275,0.054025164711570275
23,subflow_bwd_pkts_max,-0.08667827090303784,0.08667827090303784
23,subflow_bwd_byts_mean,0.2322789465002573,0.2322789465002573
23,subflow_bwd_byts_std,-0.23793537459323957,0.23793537459323957
23,subflow_bwd_byts_sum,-0.8782473392820721,0.8782473392820721
23,subflow_bwd_byts_min,0.04411909515305166,0.04411909515305166
23,subflow_bwd_byts_max,0.45603762454520813,0.45603762454520813
23,window_size_fwd_mean,0.3823102290689555,0.3823102290689555
23,window_size_fwd_std,-1.1902943657013723,1.1902943657013723
23,window_size_fwd_sum,0.15332584843756614,0.15332584843756614
23,window_size_fwd_min,0.02863492874003377,0.02863492874003377
23,window_size_fwd_max,-0.18816454759488999,0.18816454759488999
23,window_size_bwd_mean,-0.7882339148094812,0.7882339148094812
23,window_size_bwd_std,1.9558264657850946,1.9558264657850946
23,window_size_bwd_sum,-0.7632957712457162,0.7632957712457162
23,window_size_bwd_min,0.03718245925359365,0.03718245925359365
23,window_size_bwd_max,0.384487784698409,0.384487784698409
23,fwd_act_data_pkts_mean,0.2599498920300858,0.2599498920300858
23,fwd_act_data_pkts_std,0.29656892139147034,0.29656892139147034
23,fwd_act_data_pkts_sum,0.1552636618741248,0.1552636618741248
23,fwd_act_data_pkts_min,0.13456726800738775,0.13456726800738775
23,fwd_act_data_pkts_max,0.15778787275291797,0.15778787275291797
23,fwd_seg_size_min_mean,1.0394678840278224,1.0394678840278224
23,fwd_seg_size_min_std,-0.402193246321986,0.402193246321986
23,fwd_seg_size_min_sum,0.2560889722293388,0.2560889722293388
23,fwd_seg_size_min_min,-0.14993355465117905,0.14993355465117905
23,fwd_seg_size_min_max,-0.12066000474839343,0.12066000474839343
23,active_mean_mean,-0.16726380003658525,0.16726380003658525
23,active_mean_std,-0.3442999098138317,0.3442999098138317
23,active_mean_sum,-0.6542633244744248,0.6542633244744248
23,active_mean_min,0.004566643470195359,0.004566643470195359
23,active_mean_max,-0.03440577332993846,0.03440577332993846
23,active_std_mean,-0.4404496857050737,0.4404496857050737
23,active_std_std,-0.12073585513613382,0.12073585513613382
23,active_std_sum,-0.6249664086318624,0.6249664086318624
23,active_std_min,0.02113197153665646,0.02113197153665646
23,active_std_max,0.2456357790232343,0.2456357790232343
23,active_max_mean,-0.25380441037018536,0.25380441037018536
23,active_max_std,0.4618795952787504,0.4618795952787504
23,active_max_sum,0.7249658820176503,0.7249658820176503
23,active_max_min,0.009977743470890718,0.009977743470890718
23,active_max_max,0.19192486693022262,0.19192486693022262
23,active_min_mean,0.03880441980125593,0.03880441980125593
23,active_min_std,-0.34860967197365644,0.34860967197365644
23,active_min_sum,0.17012848406966607,0.17012848406966607
23,active_min_min,-0.004580871013022167,0.004580871013022167
23,active_min_max,0.17295900028461103,0.17295900028461103
23,idle_mean_mean,0.13420738443494679,0.13420738443494679
23,idle_mean_std,-0.2042086209400876,0.2042086209400876
23,idle_mean_sum,0.023796852235742086,0.023796852235742086
23,idle_mean_min,-0.020341453243939846,0.020341453243939846
23,idle_mean_max,-0.09326747061290128,0.09326747061290128
23,idle_std_mean,0.42960103793056414,0.42960103793056414
23,idle_std_std,0.007559453260512439,0.007559453260512439
23,idle_std_sum,0.046831956298077335,0.046831956298077335
23,idle_std_min,-0.02694086314129089,0.02694086314129089
23,idle_std_max,-0.03470736921495969,0.03470736921495969
23,idle_max_mean,0.33273255687695746,0.33273255687695746
23,idle_max_std,0.09400433959866836,0.09400433959866836
23,idle_max_sum,0.11958098082601497,0.11958098082601497
23,idle_max_min,-0.0012814657343802947,0.0012814657343802947
23,idle_max_max,-0.1223686748167372,0.1223686748167372
23,idle_min_mean,-0.20258693308674397,0.20258693308674397
23,idle_min_std,-0.38299376877195107,0.38299376877195107
23,idle_min_sum,-0.042195665522238336,0.042195665522238336
23,idle_min_min,-0.05318318607522288,0.05318318607522288
23,idle_min_max,-0.07124159361534613,0.07124159361534613
23,duration_sec_mean,0.07899551933025921,0.07899551933025921
23,duration_sec_std,0.651916146582639,0.651916146582639
23,duration_sec_sum,-0.13765208144730104,0.13765208144730104
23,duration_sec_min,0.07201798745028265,0.07201798745028265
23,duration_sec_max,0.1546415763459678,0.1546415763459678
23,flow_count,0.13378473191461843,0.13378473191461843
23,unique_dst_ports_count,0.13992628005980678,0.13992628005980678
23,unique_protocols_count,0.013007193081510774,0.013007193081510774
23,pkt_ttl_min,-0.23359003333478556,0.23359003333478556
23,pkt_ttl_max,-0.4859747926471297,0.4859747926471297
23,pkt_ttl_std,0.36165438773469205,0.36165438773469205
23,pkt_ttl_mode,0.3576904821203746,0.3576904821203746
23,pkt_frag_mf_count,0.0,0.0
23,pkt_frag_df_count,0.7151294499525882,0.7151294499525882
23,pkt_payload_size_p25,-0.06687176341419228,0.06687176341419228
23,pkt_payload_size_p50,-0.2142706491678295,0.2142706491678295
23,pkt_payload_size_p75,-0.666727097005524,0.666727097005524
23,pkt_payload_size_p95,-0.890674072782431,0.890674072782431
23,pkt_tcp_retrans_count,1.5572638293922725,1.5572638293922725
23,pkt_port_scan_seq_score,1.4485394629212007,1.4485394629212007
24,duration_microsec_mean,0.09181673174693414,0.09181673174693414
24,duration_microsec_std,0.20984885121736974,0.20984885121736974
24,duration_microsec_sum,-0.06491977937786944,0.06491977937786944
24,duration_microsec_min,0.09056144542356835,0.09056144542356835
24,duration_microsec_max,0.290892357305432,0.290892357305432
24,packet_count_fwd_mean,0.5663319122786568,0.5663319122786568
24,packet_count_fwd_std,-0.2711357626355605,0.2711357626355605
24,packet_count_fwd_sum,0.23171981480026682,0.23171981480026682
24,packet_count_fwd_min,0.13955621101498072,0.13955621101498072
24,packet_count_fwd_max,-0.03454051899615627,0.03454051899615627
24,packet_count_bwd_mean,0.5775274098751061,0.5775274098751061
24,packet_count_bwd_std,1.0967636315937042,1.0967636315937042
24,packet_count_bwd_sum,0.040818777087322185,0.040818777087322185
24,packet_count_bwd_min,-0.15682368790726608,0.15682368790726608
24,packet_count_bwd_max,0.24767701620298166,0.24767701620298166
24,byte_count_fwd_mean,-0.06284034230549279,0.06284034230549279
24,byte_count_fwd_std,-0.7371120538221637,0.7371120538221637
24,byte_count_fwd_sum,-0.195437355595585,0.195437355595585
24,byte_count_fwd_min,0.19839045748352652,0.19839045748352652
24,byte_count_fwd_max,1.3107228717591726,1.3107228717591726
24,byte_count_bwd_mean,-0.5580569789733769,0.5580569789733769
24,byte_count_bwd_std,-1.5673681885511115,1.5673681885511115
24,byte_count_bwd_sum,-0.4463002239228144,0.4463002239228144
24,byte_count_bwd_min,0.0537655342343813,0.0537655342343813
24,byte_count_bwd_max,-0.6556969042030102,0.6556969042030102
24,fwd_pkt_len_max_mean,0.21651266567665578,0.21651266567665578
24,fwd_pkt_len_max_std,-1.6768923060944003,1.6768923060944003
24,fwd_pkt_len_max_sum,0.388049126510719,0.388049126510719
24,fwd_pkt_len_max_min,-0.05473888708583086,0.05473888708583086
24,fwd_pkt_len_max_max,0.49816243042799496,0.49816243042799496
24,fwd_pkt_len_min_mean,-0.19333866747418813,0.19333866747418813
24,fwd_pkt_len_min_std,0.015366203511842246,0.015366203511842246
24,fwd_pkt_len_min_sum,-0.1520951486110987,0.1520951486110987
24,fwd_pkt_len_min_min,0.046666910069845476,0.046666910069845476
24,fwd_pkt_len_min_max,-0.02398487159726577,0.02398487159726577
24,fwd_pkt_len_mean_mean,-0.21585709880246542,0.21585709880246542
24,fwd_pkt_len_mean_std,0.012562697139446887,0.012562697139446887
24,fwd_pkt_len_mean_sum,0.4361842744923426,0.4361842744923426
24,fwd_pkt_len_mean_min,0.013955625668640894,0.013955625668640894
24,fwd_pkt_len_mean_max,0.01417342326874313,0.01417342326874313
24,fwd_pkt_len_std_mean,2.0127217366042993,2.0127217366042993
24,fwd_pkt_len_std_std,0.9043149918350107,0.9043149918350107
24,fwd_pkt_len_std_sum,0.43013721723086923,0.43013721723086923
24,fwd_pkt_len_std_min,0.03993137097154142,0.03993137097154142
24,fwd_pkt_len_std_max,-0.26678329498152253,0.26678329498152253
24,bwd_pkt_len_max_mean,0.0074498590861608776,0.0074498590861608776
24,bwd_pkt_len_max_std,0.5794923911489673,0.5794923911489673
24,bwd_pkt_len_max_sum,0.16480798257704765,0.16480798257704765
24,bwd_pkt_len_max_min,0.04869859048931347,0.04869859048931347
24,bwd_pkt_len_max_max,-0.13351622010221822,0.13351622010221822
24,bwd_pkt_len_min_mean,0.8599063126929817,0.8599063126929817
24,bwd_pkt_len_min_std,-0.3588113216000593,0.3588113216000593
24,bwd_pkt_len_min_sum,0.23062537748202738,0.23062537748202738
24,bwd_pkt_len_min_min,0.0,0.0
24,bwd_pkt_len_min_max,-0.014374451924858438,0.014374451924858438
24,bwd_pkt_len_mean_mean,0.19484035775212494,0.19484035775212494
24,bwd_pkt_len_mean_std,0.29161228962231334,0.29161228962231334
24,bwd_pkt_len_mean_sum,0.471213907197698,0.471213907197698
24,bwd_pkt_len_mean_min,0.054865642187696635,0.054865642187696635
24,bwd_pkt_len_mean_max,1.5398009368298062,1.5398009368298062
24,bwd_pkt_len_std_mean,-1.6533520825955446,1.6533520825955446
24,bwd_pkt_len_std_std,1.1282600398063476,1.1282600398063476
24,bwd_pkt_len_std_sum,-0.005329368301441348,0.005329368301441348
24,bwd_pkt_len_std_min,0.04453518657142638,0.04453518657142638
24,bwd_pkt_len_std_max,1.2267056655663706,1.2267056655663706
24,bytes_per_sec_mean,-1.3217414762664617,1.3217414762664617
24,bytes_per_sec_std,0.2625419423086129,0.2625419423086129
24,bytes_per_sec_sum,-0.8777290171953399,0.8777290171953399
24,bytes_per_sec_min,0.053759797957247564,0.053759797957247564
24,bytes_per_sec_max,1.1730060232661457,1.1730060232661457
24,packets_per_sec_mean,-0.28895801133702653,0.28895801133702653
24,packets_per_sec_std,0.03183265305004939,0.03183265305004939
24,packets_per_sec_sum,-0.2631121660254208,0.2631121660254208
24,packets_per_sec_min,-0.1673523926712584,0.1673523926712584
24,packets_per_sec_max,-0.3205159110203793,0.3205159110203793
24,flow_iat_mean_mean,0.22138956183549893,0.22138956183549893
24,flow_iat_mean_std,-0.1559289364632576,0.1559289364632576
24,flow_iat_mean_sum,0.2609787460513924,0.2609787460513924
24,flow_iat_mean_min,0.014763325034412574,0.014763325034412574
24,flow_iat_mean_max,-0.04097042738160141,0.04097042738160141
24,flow_iat_std_mean,-0.2686720520012974,0.2686720520012974
24,flow_iat_std_std,-1.2446726677973436,1.2446726677973436
24,flow_iat_std_sum,-0.39845104301933043,0.39845104301933043
24,flow_iat_std_min,-0.0431280517559652,0.0431280517559652
24,flow_iat_std_max,-0.2672831877593712,0.2672831877593712
24,flow_iat_max_mean,-0.2666916351206256,0.2666916351206256
24,flow_iat_max_std,-0.569683267639595,0.569683267639595
24,flow_iat_max_sum,0.19059079924441277,0.19059079924441277
24,flow_iat_max_min,-0.001140067767301992,0.001140067767301992
24,flow_iat_max_max,0.19833354557795818,0.19833354557795818
24,flow_iat_min_mean,0.16662706310002265,0.16662706310002265
24,flow_iat_min_std,0.033405843742233654,0.033405843742233654
24,flow_iat_min_sum,0.3218477475189941,0.3218477475189941
24,flow_iat_min_min,0.022061186332937376,0.022061186332937376
24,flow_iat_min_max,0.09533444243603625,0.09533444243603625
24,fwd_iat_tot_mean,0.07036865810530146,0.07036865810530146
24,fwd_iat_tot_std,0.24837365148657536,0.24837365148657536
24,fwd_iat_tot_sum,-0.1091848752568949,0.1091848752568949
24,fwd_iat_tot_min,0.0897648098745838,0.0897648098745838
24,fwd_iat_tot_max,0.038888600794381535,0.038888600794381535
24,fwd_iat_mean_mean,-0.07555591711732094,0.07555591711732094
24,fwd_iat_mean_std,-0.6775986609740016,0.6775986609740016
24,fwd_iat_mean_sum,0.16339306149767743,0.16339306149767743
24,fwd_iat_mean_min,0.00797200575126938,0.00797200575126938
24,fwd_iat_mean_max,0.275761740745167,0.275761740745167
24,fwd_iat_std_mean,0.32791696241102053,0.32791696241102053
24,fwd_iat_std_std,0.3366312173981218,0.3366312173981218
24,fwd_iat_std_sum,0.2692273529100281,0.2692273529100281
24,fwd_iat_std_min,-0.050112903500944474,0.050112903500944474
24,fwd_iat_std_max,0.28280603130411697,0.28280603130411697
24,fwd_iat_max_mean,0.06279311120050571,0.06279311120050571
24,fwd_iat_max_std,-0.059592881720692596,0.059592881720692596
24,fwd_iat_max_sum,0.3599868287520448,0.3599868287520448
24,fwd_iat_max_min,-0.0011986122348647322,0.0011986122348647322
24,fwd_iat_max_max,-0.27731383692380257,0.27731383692380257
24,fwd_iat_min_mean,0.004424960391268248,0.004424960391268248
24,fwd_iat_min_std,-0.42897440008448645,0.42897440008448645
24,fwd_iat_min_sum,0.3397567580853031,0.3397567580853031
24,fwd_iat_min_min,0.005874612336290836,0.005874612336290836
24,fwd_iat_min_max,0.32342559503435236,0.32342559503435236
24,bwd_iat_tot_mean,-0.5875471322886532,0.5875471322886532
24,bwd_iat_tot_std,-0.10237109182884838,0.10237109182884838
24,bwd_iat_tot_sum,-0.0773687184154386,0.0773687184154386
24,bwd_iat_tot_min,0.024967446851645245,0.024967446851645245
24,bwd_iat_tot_max,-0.2893245027614776,0.2893245027614776
24,bwd_iat_mean_mean,0.47583450806242306,0.47583450806242306
24,bwd_iat_mean_std,1.0081078700046786,1.0081078700046786
24,bwd_iat_mean_sum,-0.6432518658159276,0.6432518658159276
24,bwd_iat_mean_min,-0.042084409932627326,0.042084409932627326
24,bwd_iat_mean_max,-0.5365525434545092,0.5365525434545092
24,bwd_iat_std_mean,1.3661196478229323,1.3661196478229323
24,bwd_iat_std_std,0.24287653474813733,0.24287653474813733
24,bwd_iat_std_sum,0.2992716924894244,0.2992716924894244
24,bwd_iat_std_min,0.020825595008060006,0.020825595008060006
24,bwd_iat_std_max,-0.05865840491180508,0.05865840491180508
24,bwd_iat_max_mean,-0.1710434210306577,0.1710434210306577
24,bwd_iat_max_std,-1.0237620607382503,1.0237620607382503
24,bwd_iat_max_sum,-0.12194079905771556,0.12194079905771556
24,bwd_iat_max_min,-0.0011588136311522289,0.0011588136311522289
24,bwd_iat_max_max,0.012530804618408595,0.012530804618408595
24,bwd_iat_min_mean,-0.03901997907065261,0.03901997907065261
24,bwd_iat_min_std,-1.033738362258734,1.033738362258734
24,bwd_iat_min_sum,0.1096996543019037,0.1096996543019037
24,bwd_iat_min_min,-0.08194522809111078,0.08194522809111078
24,bwd_iat_min_max,0.8954720361786862,0.8954720361786862
24,fwd_psh_flags_mean,-0.08904108435142455,0.08904108435142455
24,fwd_psh_flags_std,-0.141769719060547,0.141769719060547
24,fwd_psh_flags_sum,-0.06488234201679235,0.06488234201679235
24,fwd_psh_flags_min,-0.014580321749013466,0.014580321749013466
24,fwd_psh_flags_max,0.09576119428500801,0.09576119428500801
24,bwd_psh_flags_mean,0.0,0.0
24,bwd_psh_flags_std,0.0,0.0
24,bwd_psh_flags_sum,0.0,0.0
24,bwd_psh_flags_min,0.0,0.0
24,bwd_psh_flags_max,0.0,0.0
24,fwd_urg_flags_mean,-0.21733027054760462,0.21733027054760462
24,fwd_urg_flags_std,0.3816031860490925,0.3816031860490925
24,fwd_urg_flags_sum,0.013959394898835586,0.013959394898835586
24,fwd_urg_flags_min,0.0,0.0
24,fwd_urg_flags_max,0.12125864313585098,0.12125864313585098
24,bwd_urg_flags_mean,0.0,0.0
24,bwd_urg_flags_std,0.0,0.0
24,bwd_urg_flags_sum,0.0,0.0
24,bwd_urg_flags_min,0.0,0.0
24,bwd_urg_flags_max,0.0,0.0
24,fwd_header_len_mean,0.26153562636658967,0.26153562636658967
24,fwd_header_len_std,0.3162118391675926,0.3162118391675926
24,fwd_header_len_sum,0.2263513840182238,0.2263513840182238
24,fwd_header_len_min,-0.012966133924388851,0.012966133924388851
24,fwd_header_len_max,0.5335375701647408,0.5335375701647408
24,bwd_header_len_mean,-0.02692538446076345,0.02692538446076345
24,bwd_header_len_std,-0.2630754217554586,0.2630754217554586
24,bwd_header_len_sum,0.08079019893934467,0.08079019893934467
24,bwd_header_len_min,0.0009222565019379766,0.0009222565019379766
24,bwd_header_len_max,0.5733549158737336,0.5733549158737336
24,fwd_pkts_per_sec_mean,0.33640527690260863,0.33640527690260863
24,fwd_pkts_per_sec_std,0.10651598132500083,0.10651598132500083
24,fwd_pkts_per_sec_sum,0.38768207921574527,0.38768207921574527
24,fwd_pkts_per_sec_min,0.021044769277195185,0.021044769277195185
24,fwd_pkts_per_sec_max,-0.39291148572307383,0.39291148572307383
24,bwd_pkts_per_sec_mean,-0.20704675912768158,0.20704675912768158
24,bwd_pkts_per_sec_std,0.6931138905084844,0.6931138905084844
24,bwd_pkts_per_sec_sum,-0.9507583866552952,0.9507583866552952
24,bwd_pkts_per_sec_min,0.02105351067326679,0.02105351067326679
24,bwd_pkts_per_sec_max,-0.2605316977953709,0.2605316977953709
24,pkt_len_min_mean,-0.012755151196364925,0.012755151196364925
24,pkt_len_min_std,0.9224407324407023,0.9224407324407023
24,pkt_len_min_sum,-0.1808777834059951,0.1808777834059951
24,pkt_len_min_min,0.046484807287098896,0.046484807287098896
24,pkt_len_min_max,-0.3095474086809088,0.3095474086809088
24,pkt_len_max_mean,-0.6469608821127515,0.6469608821127515
24,pkt_len_max_std,-0.7319604083204423,0.7319604083204423
24,pkt_len_max_sum,0.29708092174121,0.29708092174121
24,pkt_len_max_min,0.00737138824048632,0.00737138824048632
24,pkt_len_max_max,0.3514811594932667,0.3514811594932667
24,pkt_len_mean_mean,-0.681352831755131,0.681352831755131
24,pkt_len_mean_std,0.3274297167376237,0.3274297167376237
24,pkt_len_mean_sum,0.33215054343707157,0.33215054343707157
24,pkt_len_mean_min,0.021609193323385865,0.021609193323385865
24,pkt_len_mean_max,-0.9569144108128054,0.9569144108128054
24,pkt_len_std_mean,-0.9482567343235372,0.9482567343235372
24,pkt_len_std_std,0.5547654448063553,0.5547654448063553
24,pkt_len_std_sum,0.27970907059611516,0.27970907059611516
24,pkt_len_std_min,0.04904697249218574,0.04904697249218574
24,pkt_len_std_max,-0.1456352977754402,0.1456352977754402
24,pkt_len_var_mean,-1.2383939648552806,1.2383939648552806
24,pkt_len_var_std,-1.5456351869720015,1.5456351869720015
24,pkt_len_var_sum,0.5342729020258673,0.5342729020258673
24,pkt_len_var_min,0.04646159077356517,0.04646159077356517
24,pkt_len_var_max,-1.483059906308788,1.483059906308788
24,fin_flag_cnt_mean,0.06660997644764152,0.06660997644764152
24,fin_flag_cnt_std,0.13582129516775543,0.13582129516775543
24,fin_flag_cnt_sum,-0.018286745836879798,0.018286745836879798
24,fin_flag_cnt_min,0.0,0.0
24,fin_flag_cnt_max,0.14309615759190525,0.14309615759190525
24,syn_flag_cnt_mean,-0.08904108435142455,0.08904108435142455
24,syn_flag_cnt_std,-0.141769719060547,0.141769719060547
24,syn_flag_cnt_sum,-0.06488234201679235,0.06488234201679235
24,syn_flag_cnt_min,-0.014580321749013466,0.014580321749013466
24,syn_flag_cnt_max,0.09576119428500801,0.09576119428500801
24,rst_flag_cnt_mean,0.016778612322307124,0.016778612322307124
24,rst_flag_cnt_std,0.5996996378920686,0.5996996378920686
24,rst_flag_cnt_sum,0.6772477402704076,0.6772477402704076
24,rst_flag_cnt_min,0.0,0.0
24,rst_flag_cnt_max,-0.32539788799979097,0.32539788799979097
24,psh_flag_cnt_mean,0.4949745084012641,0.4949745084012641
24,psh_flag_cnt_std,-0.03419397538871931,0.03419397538871931
24,psh_flag_cnt_sum,0.09339131883541059,0.09339131883541059
24,psh_flag_cnt_min,0.00699516142905259,0.00699516142905259
24,psh_flag_cnt_max,-0.4850712305273272,0.4850712305273272
24,ack_flag_cnt_mean,0.18872406820839494,0.18872406820839494
24,ack_flag_cnt_std,0.9940407666270412,0.9940407666270412
24,ack_flag_cnt_sum,0.4754625077732888,0.4754625077732888
24,ack_flag_cnt_min,-0.014580321749013466,0.014580321749013466
24,ack_flag_cnt_max,-0.34144293784197405,0.34144293784197405
24,urg_flag_cnt_mean,-0.8305847604960757,0.8305847604960757
24,urg_flag_cnt_std,0.5435092965683805,0.5435092965683805
24,urg_flag_cnt_sum,0.0006780977689397406,0.0006780977689397406
24,urg_flag_cnt_min,0.0,0.0
24,urg_flag_cnt_max,0.811759163208113,0.811759163208113
24,cwe_flag_cnt_mean,-0.21733027054760462,0.21733027054760462
24,cwe_flag_cnt_std,0.3816031860490925,0.3816031860490925
24,cwe_flag_cnt_sum,0.013959394898835586,0.013959394898835586
24,cwe_flag_cnt_min,0.0,0.0
24,cwe_flag_cnt_max,0.12125864313585098,0.12125864313585098
24,ece_flag_cnt_mean,0.05897374894534812,0.05897374894534812
24,ece_flag_cnt_std,0.6246519380718965,0.6246519380718965
24,ece_flag_cnt_sum,0.6781577665225905,0.6781577665225905
24,ece_flag_cnt_min,0.0,0.0
24,ece_flag_cnt_max,-0.32539788799979097,0.32539788799979097
24,down_up_ratio_mean,0.3407288322209185,0.3407288322209185
24,down_up_ratio_std,-1.19497845446893,1.19497845446893
24,down_up_ratio_sum,0.2884342857642775,0.2884342857642775
24,down_up_ratio_min,-0.0032639967484093795,0.0032639967484093795
24,down_up_ratio_max,0.4590541983596741,0.4590541983596741
24,pkt_size_avg_mean,-0.6790763080802148,0.6790763080802148
24,pkt_size_avg_std,0.22044893099885818,0.22044893099885818
24,pkt_size_avg_sum,0.2920268442768613,0.2920268442768613
24,pkt_size_avg_min,0.011240483445727948,0.011240483445727948
24,pkt_size_avg_max,0.2818144035698971,0.2818144035698971
24,fwd_seg_size_avg_mean,-0.21585709880246542,0.21585709880246542
24,fwd_seg_size_avg_std,0.012562697139446887,0.012562697139446887
24,fwd_seg_size_avg_sum,0.4361842744923426,0.4361842744923426
24,fwd_seg_size_avg_min,0.013955625668640894,0.013955625668640894
24,fwd_seg_size_avg_max,0.01417342326874313,0.01417342326874313
24,bwd_seg_size_avg_mean,0.1948403577486603,0.1948403577486603
24,bwd_seg_size_avg_std,0.2916122896066167,0.2916122896066167
24,bwd_seg_size_avg_sum,0.4712139071971976,0.4712139071971976
24,bwd_seg_size_avg_min,0.054865642187696635,0.054865642187696635
24,bwd_seg_size_avg_max,1.5398009368299188,1.5398009368299188
24,fwd_byts_b_avg_mean,0.0,0.0
24,fwd_byts_b_avg_std,0.0,0.0
24,fwd_byts_b_avg_sum,0.0,0.0
24,fwd_byts_b_avg_min,0.0,0.0
24,fwd_byts_b_avg_max,0.0,0.0
24,fwd_pkts_b_avg_mean,0.0,0.0
24,fwd_pkts_b_avg_std,0.0,0.0
24,fwd_pkts_b_avg_sum,0.0,0.0
24,fwd_pkts_b_avg_min,0.0,0.0
24,fwd_pkts_b_avg_max,0.0,0.0
24,fwd_blk_rate_avg_mean,0.0,0.0
24,fwd_blk_rate_avg_std,0.0,0.0
24,fwd_blk_rate_avg_sum,0.0,0.0
24,fwd_blk_rate_avg_min,0.0,0.0
24,fwd_blk_rate_avg_max,0.0,0.0
24,bwd_byts_b_avg_mean,0.0,0.0
24,bwd_byts_b_avg_std,0.0,0.0
24,bwd_byts_b_avg_sum,0.0,0.0
24,bwd_byts_b_avg_min,0.0,0.0
24,bwd_byts_b_avg_max,0.0,0.0
24,bwd_pkts_b_avg_mean,0.0,0.0
24,bwd_pkts_b_avg_std,0.0,0.0
24,bwd_pkts_b_avg_sum,0.0,0.0
24,bwd_pkts_b_avg_min,0.0,0.0
24,bwd_pkts_b_avg_max,0.0,0.0
24,bwd_blk_rate_avg_mean,0.0,0.0
24,bwd_blk_rate_avg_std,0.0,0.0
24,bwd_blk_rate_avg_sum,0.0,0.0
24,bwd_blk_rate_avg_min,0.0,0.0
24,bwd_blk_rate_avg_max,0.0,0.0
24,subflow_fwd_pkts_mean,0.2598448746169653,0.2598448746169653
24,subflow_fwd_pkts_std,0.30072370608366633,0.30072370608366633
24,subflow_fwd_pkts_sum,0.17216553220943281,0.17216553220943281
24,subflow_fwd_pkts_min,0.06885700155730695,0.06885700155730695
24,subflow_fwd_pkts_max,0.19482286649607247,0.19482286649607247
24,subflow_fwd_byts_mean,0.20051489565122144,0.20051489565122144
24,subflow_fwd_byts_std,-0.07350903914217717,0.07350903914217717
24,subflow_fwd_byts_sum,0.188075480935488,0.188075480935488
24,subflow_fwd_byts_min,-0.02062999185056584,0.02062999185056584
24,subflow_fwd_byts_max,-0.1447282676172496,0.1447282676172496
24,subflow_bwd_pkts_mean,-0.1367736733864359,0.1367736733864359
24,subflow_bwd_pkts_std,-0.6333224492258085,0.6333224492258085
24,subflow_bwd_pkts_sum,-0.17358545012785853,0.17358545012785853
24,subflow_bwd_pkts_min,-0.05240998079296069,0.05240998079296069
24,subflow_bwd_pkts_max,-0.08664101628975787,0.08664101628975787
24,subflow_bwd_byts_mean,0.2324717002860675,0.2324717002860675
24,subflow_bwd_byts_std,-0.23794010913884656,0.23794010913884656
24,subflow_bwd_byts_sum,-0.8780225405765275,0.8780225405765275
24,subflow_bwd_byts_min,0.047753597619412606,0.047753597619412606
24,subflow_bwd_byts_max,0.4560304913079596,0.4560304913079596
24,window_size_fwd_mean,0.3823669673163303,0.3823669673163303
24,window_size_fwd_std,-1.1903792889529239,1.1903792889529239
24,window_size_fwd_sum,0.1536895029376392,0.1536895029376392
24,window_size_fwd_min,0.03236062394242287,0.03236062394242287
24,window_size_fwd_max,-0.18836956722252127,0.18836956722252127
24,window_size_bwd_mean,-0.78825231486644,0.78825231486644
24,window_size_bwd_std,1.9560289058244247,1.9560289058244247
24,window_size_bwd_sum,-0.7640189973907251,0.7640189973907251
24,window_size_bwd_min,0.040629534520503274,0.040629534520503274
24,window_size_bwd_max,0.3847527831947197,0.3847527831947197
24,fwd_act_data_pkts_mean,0.25885233201921254,0.25885233201921254
24,fwd_act_data_pkts_std,0.2964085392351079,0.2964085392351079
24,fwd_act_data_pkts_sum,0.15331354991382765,0.15331354991382765
24,fwd_act_data_pkts_min,0.13740601399395122,0.13740601399395122
24,fwd_act_data_pkts_max,0.15765167867285798,0.15765167867285798
24,fwd_seg_size_min_mean,1.039445224188031,1.039445224188031
24,fwd_seg_size_min_std,-0.40255662250870916,0.40255662250870916
24,fwd_seg_size_min_sum,0.2560171177933942,0.2560171177933942
24,fwd_seg_size_min_min,-0.15082133984739707,0.15082133984739707
24,fwd_seg_size_min_max,-0.12098347252750695,0.12098347252750695
24,active_mean_mean,-0.16778801586193048,0.16778801586193048
24,active_mean_std,-0.34426222217754177,0.34426222217754177
24,active_mean_sum,-0.6541449252014776,0.6541449252014776
24,active_mean_min,0.004271673115174221,0.004271673115174221
24,active_mean_max,-0.0345297344677012,0.0345297344677012
24,active_std_mean,-0.44062721098988367,0.44062721098988367
24,active_std_std,-0.12049385296532462,0.12049385296532462
24,active_std_sum,-0.6250547273126483,0.6250547273126483
24,active_std_min,0.02097829831609015,0.02097829831609015
24,active_std_max,0.24552852665018388,0.24552852665018388
24,active_max_mean,-0.25424570942873076,0.25424570942873076
24,active_max_std,0.462087559592615,0.462087559592615
24,active_max_sum,0.7249158846928565,0.7249158846928565
24,active_max_min,0.009728332913595057,0.009728332913595057
24,active_max_max,0.19193304698257085,0.19193304698257085
24,active_min_mean,0.03821308357571721,0.03821308357571721
24,active_min_std,-0.3485878417390454,0.3485878417390454
24,active_min_sum,0.17026323858643422,0.17026323858643422
24,active_min_min,-0.004934410019136294,0.004934410019136294
24,active_min_max,0.17299479839685508,0.17299479839685508
24,idle_mean_mean,0.13385889062132827,0.13385889062132827
24,idle_mean_std,-0.2041744993319222,0.2041744993319222
24,idle_mean_sum,0.02382433455834278,0.02382433455834278
24,idle_mean_min,-0.020895694162790447,0.020895694162790447
24,idle_mean_max,-0.09340870226983938,0.09340870226983938
24,idle_std_mean,0.42864573646541215,0.42864573646541215
24,idle_std_std,0.0078041798430351535,0.0078041798430351535
24,idle_std_sum,0.04687410730849978,0.04687410730849978
24,idle_std_min,-0.02733586581650721,0.02733586581650721
24,idle_std_max,-0.034688433117021945,0.034688433117021945
24,idle_max_mean,0.3320103710504858,0.3320103710504858
24,idle_max_std,0.09387993866849151,0.09387993866849151
24,idle_max_sum,0.11961506761863762,0.11961506761863762
24,idle_max_min,-0.0017670237669703609,0.0017670237669703609
24,idle_max_max,-0.12249257952657687,0.12249257952657687
24,idle_min_mean,-0.20252437693950037,0.20252437693950037
24,idle_min_std,-0.38284447037473,0.38284447037473
24,idle_min_sum,-0.042174793437861076,0.042174793437861076
24,idle_min_min,-0.05385966000710546,0.05385966000710546
24,idle_min_max,-0.0709627147160651,0.0709627147160651
24,duration_sec_mean,0.07975788606475856,0.07975788606475856
24,duration_sec_std,0.6517225375686182,0.6517225375686182
24,duration_sec_sum,-0.1376859823531422,0.1376859823531422
24,duration_sec_min,0.07355909471284694,0.07355909471284694
24,duration_sec_max,0.15375539094152388,0.15375539094152388
24,flow_count,0.13367704130931407,0.13367704130931407
24,unique_dst_ports_count,0.13956779523599527,0.13956779523599527
24,unique_protocols_count,0.010957558585732812,0.010957558585732812
24,pkt_ttl_min,-0.23366382526307786,0.23366382526307786
24,pkt_ttl_max,-0.4860635800689398,0.4860635800689398
24,pkt_ttl_std,0.3616189201967187,0.3616189201967187
24,pkt_ttl_mode,0.3576547456298711,0.3576547456298711
24,pkt_frag_mf_count,0.0,0.0
24,pkt_frag_df_count,0.7152690523492533,0.7152690523492533
24,pkt_payload_size_p25,-0.06693523642774422,0.06693523642774422
24,pkt_payload_size_p50,-0.21434326195336809,0.21434326195336809
24,pkt_payload_size_p75,-0.6668261398368267,0.6668261398368267
24,pkt_payload_size_p95,-0.8907852154247357,0.8907852154247357
24,pkt_tcp_retrans_count,1.5573205949743172,1.5573205949743172
24,pkt_port_scan_seq_score,1.448586123774768,1.448586123774768
25,duration_microsec_mean,0.09227153609560368,0.09227153609560368
25,duration_microsec_std,0.2097601567131727,0.2097601567131727
25,duration_microsec_sum,-0.06492368867409748,0.06492368867409748
25,duration_microsec_min,0.09038416016035318,0.09038416016035318
25,duration_microsec_max,0.2908606578241176,0.2908606578241176
25,packet_count_fwd_mean,0.5664363995957657,0.5664363995957657
25,packet_count_fwd_std,-0.2712683601601711,0.2712683601601711
25,packet_count_fwd_sum,0.23185554731797703,0.23185554731797703
25,packet_count_fwd_min,0.1393189618611453,0.1393189618611453
25,packet_count_fwd_max,-0.034514690167512935,0.034514690167512935
25,packet_count_bwd_mean,0.5774526333696045,0.5774526333696045
25,packet_count_bwd_std,1.0961676327070737,1.0961676327070737
25,packet_count_bwd_sum,0.04034670280057257,0.04034670280057257
25,packet_count_bwd_min,-0.15729726708345693,0.15729726708345693
25,packet_count_bwd_max,0.24756393645477248,0.24756393645477248
25,byte_count_fwd_mean,-0.06250059730148727,0.06250059730148727
25,byte_count_fwd_std,-0.7372579759996511,0.7372579759996511
25,byte_count_fwd_sum,-0.19523401318993383,0.19523401318993383
25,byte_count_fwd_min,0.1978155574712687,0.1978155574712687
25,byte_count_fwd_max,1.3107777184427765,1.3107777184427765
25,byte_count_bwd_mean,-0.5592889453094415,0.5592889453094415
25,byte_count_bwd_std,-1.568099206926263,1.568099206926263
25,byte_count_bwd_sum,-0.44698825099809303,0.44698825099809303
25,byte_count_bwd_min,0.05420719990590693,0.05420719990590693
25,byte_count_bwd_max,-0.6577777746789252,0.6577777746789252
25,fwd_pkt_len_max_mean,0.21625346148450883,0.21625346148450883
25,fwd_pkt_len_max_std,-1.6767790711399306,1.6767790711399306
25,fwd_pkt_len_max_sum,0.38793562680627264,0.38793562680627264
25,fwd_pkt_len_max_min,-0.05489576284563698,0.05489576284563698
25,fwd_pkt_len_max_max,0.49811109572116613,0.49811109572116613
25,fwd_pkt_len_min_mean,-0.1934080077457474,0.1934080077457474
25,fwd_pkt_len_min_std,0.015180591774156803,0.015180591774156803
25,fwd_pkt_len_min_sum,-0.15204705244772626,0.15204705244772626
25,fwd_pkt_len_min_min,0.04674930696976415,0.04674930696976415
25,fwd_pkt_len_min_max,-0.023877021827535132,0.023877021827535132
25,fwd_pkt_len_mean_mean,-0.21575493893058714,0.21575493893058714
25,fwd_pkt_len_mean_std,0.012573786204103748,0.012573786204103748
25,fwd_pkt_len_mean_sum,0.43612870113160873,0.43612870113160873
25,fwd_pkt_len_mean_min,0.01398915272699025,0.01398915272699025
25,fwd_pkt_len_mean_max,0.014147718341689191,0.014147718341689191
25,fwd_pkt_len_std_mean,2.013025344396108,2.013025344396108
25,fwd_pkt_len_std_std,0.904171888748836,0.904171888748836
25,fwd_pkt_len_std_sum,0.4300432192072891,0.4300432192072891
25,fwd_pkt_len_std_min,0.039702347519662354,0.039702347519662354
25,fwd_pkt_len_std_max,-0.2667949168471038,0.2667949168471038
25,bwd_pkt_len_max_mean,0.007176429326955203,0.007176429326955203
25,bwd_pkt_len_max_std,0.5791964556763838,0.5791964556763838
25,bwd_pkt_len_max_sum,0.16481167374227906,0.16481167374227906
25,bwd_pkt_len_max_min,0.048594972150658264,0.048594972150658264
25,bwd_pkt_len_max_max,-0.13351849857917286,0.13351849857917286
25,bwd_pkt_len_min_mean,0.8600560904340737,0.8600560904340737
25,bwd_pkt_len_min_std,-0.3592725583410122,0.3592725583410122
25,bwd_pkt_len_min_sum,0.23079033435970617,0.23079033435970617
25,bwd_pkt_len_min_min,0.0,0.0
25,bwd_pkt_len_min_max,-0.014330842060398044,0.014330842060398044
25,bwd_pkt_len_mean_mean,0.19500592860602756,0.19500592860602756
25,bwd_pkt_len_mean_std,0.2916851871711626,0.2916851871711626
25,bwd_pkt_len_mean_sum,0.471235267642178,0.471235267642178
25,bwd_pkt_len_mean_min,0.055339190391784115,0.055339190391784115
25,bwd_pkt_len_mean_max,1.5397571861216708,1.5397571861216708
25,bwd_pkt_len_std_mean,-1.6532848538523346,1.6532848538523346
25,bwd_pkt_len_std_std,1.128233966508784,1.128233966508784
25,bwd_pkt_len_std_sum,-0.005361094721181928,0.005361094721181928
25,bwd_pkt_len_std_min,0.044241433055625466,0.044241433055625466
25,bwd_pkt_len_std_max,1.227015588458629,1.227015588458629
25,bytes_per_sec_mean,-1.3218524148898096,1.3218524148898096
25,bytes_per_sec_std,0.2629027171246208,0.2629027171246208
25,bytes_per_sec_sum,-0.877803701531999,0.877803701531999
25,bytes_per_sec_min,0.053690307616578156,0.053690307616578156
25,bytes_per_sec_max,1.1731020907155965,1.1731020907155965
25,packets_per_sec_mean,-0.28922983938227004,0.28922983938227004
25,packets_per_sec_std,0.03265383992340387,0.03265383992340387
25,packets_per_sec_sum,-0.26325404191856167,0.26325404191856167
25,packets_per_sec_min,-0.16876977227908238,0.16876977227908238
25,packets_per_sec_max,-0.3202407139696488,0.3202407139696488
25,flow_iat_mean_mean,0.22125706788689442,0.22125706788689442
25,flow_iat_mean_std,-0.15594316934238697,0.15594316934238697
25,flow_iat_mean_sum,0.26091713979295933,0.26091713979295933
25,flow_iat_mean_min,0.01476772353219153,0.01476772353219153
25,flow_iat_mean_max,-0.04065887051056338,0.04065887051056338
25,flow_iat_std_mean,-0.26869885982193736,0.26869885982193736
25,flow_iat_std_std,-1.244770298633262,1.244770298633262
25,flow_iat_std_sum,-0.3986601501712975,0.3986601501712975
25,flow_iat_std_min,-0.04300739980007477,0.04300739980007477
25,flow_iat_std_max,-0.26726490366480476,0.26726490366480476
25,flow_iat_max_mean,-0.266830050929061,0.266830050929061
25,flow_iat_max_std,-0.5698458129266022,0.5698458129266022
25,flow_iat_max_sum,0.19049227318784046,0.19049227318784046
25,flow_iat_max_min,-0.0011547304809687055,0.0011547304809687055
25,flow_iat_max_max,0.19836602496769928,0.19836602496769928
25,flow_iat_min_mean,0.16655282184877132,0.16655282184877132
25,flow_iat_min_std,0.03333747382149556,0.03333747382149556
25,flow_iat_min_sum,0.3218066004024885,0.3218066004024885
25,flow_iat_min_min,0.02206965213877446,0.02206965213877446
25,flow_iat_min_max,0.09518442026628914,0.09518442026628914
25,fwd_iat_tot_mean,0.07087164843268585,0.07087164843268585
25,fwd_iat_tot_std,0.24829318827777977,0.24829318827777977
25,fwd_iat_tot_sum,-0.10916956290054303,0.10916956290054303
25,fwd_iat_tot_min,0.08943775196018539,0.08943775196018539
25,fwd_iat_tot_max,0.03886617188046741,0.03886617188046741
25,fwd_iat_mean_mean,-0.07562459453368268,0.07562459453368268
25,fwd_iat_mean_std,-0.6775926869653859,0.6775926869653859
25,fwd_iat_mean_sum,0.163373764668818,0.163373764668818
25,fwd_iat_mean_min,0.00797524536830425,0.00797524536830425
25,fwd_iat_mean_max,0.27629276573890243,0.27629276573890243
25,fwd_iat_std_mean,0.32810691170319667,0.32810691170319667
25,fwd_iat_std_std,0.33670982931701887,0.33670982931701887
25,fwd_iat_std_sum,0.2691085051182541,0.2691085051182541
25,fwd_iat_std_min,-0.0499995704717302,0.0499995704717302
25,fwd_iat_std_max,0.28277246697639213,0.28277246697639213
25,fwd_iat_max_mean,0.06279164162623889,0.06279164162623889
25,fwd_iat_max_std,-0.05968701247617048,0.05968701247617048
25,fwd_iat_max_sum,0.3599419536553799,0.3599419536553799
25,fwd_iat_max_min,-0.0012135422590884364,0.0012135422590884364
25,fwd_iat_max_max,-0.2772766761348127,0.2772766761348127
25,fwd_iat_min_mean,0.0043668465102996035,0.0043668465102996035
25,fwd_iat_min_std,-0.42894645568952094,0.42894645568952094
25,fwd_iat_min_sum,0.3397490657473571,0.3397490657473571
25,fwd_iat_min_min,0.005905578570044507,0.005905578570044507
25,fwd_iat_min_max,0.3234044918934491,0.3234044918934491
25,bwd_iat_tot_mean,-0.5876368940206008,0.5876368940206008
25,bwd_iat_tot_std,-0.10247623754176312,0.10247623754176312
25,bwd_iat_tot_sum,-0.0772941436806622,0.0772941436806622
25,bwd_iat_tot_min,0.02484502314348578,0.02484502314348578
25,bwd_iat_tot_max,-0.2894704315342983,0.2894704315342983
25,bwd_iat_mean_mean,0.4758755487287671,0.4758755487287671
25,bwd_iat_mean_std,1.0081059465496804,1.0081059465496804
25,bwd_iat_mean_sum,-0.6432318657782287,0.6432318657782287
25,bwd_iat_mean_min,-0.04187514703074558,0.04187514703074558
25,bwd_iat_mean_max,-0.536629590950796,0.536629590950796
25,bwd_iat_std_mean,1.3660771410915638,1.3660771410915638
25,bwd_iat_std_std,0.24289706862163352,0.24289706862163352
25,bwd_iat_std_sum,0.29923612011825845,0.29923612011825845
25,bwd_iat_std_min,0.020818279462604235,0.020818279462604235
25,bwd_iat_std_max,-0.05860317502468179,0.05860317502468179
25,bwd_iat_max_mean,-0.17126161004372734,0.17126161004372734
25,bwd_iat_max_std,-1.0237385776612886,1.0237385776612886
25,bwd_iat_max_sum,-0.12193771806483385,0.12193771806483385
25,bwd_iat_max_min,-0.0010923855802102464,0.0010923855802102464
25,bwd_iat_max_max,0.012489279327299459,0.012489279327299459
25,bwd_iat_min_mean,-0.038981588482204774,0.038981588482204774
25,bwd_iat_min_std,-1.033689954093156,1.033689954093156
25,bwd_iat_min_sum,0.109739736241883,0.109739736241883
25,bwd_iat_min_min,-0.0815743818815905,0.0815743818815905
25,bwd_iat_min_max,0.8954461585999067,0.8954461585999067
25,fwd_psh_flags_mean,-0.08901734190419909,0.08901734190419909
25,fwd_psh_flags_std,-0.14177011567982814,0.14177011567982814
25,fwd_psh_flags_sum,-0.0648358903590597,0.0648358903590597
25,fwd_psh_flags_min,-0.01427733455119508,0.01427733455119508
25,fwd_psh_flags_max,0.09564301171393706,0.09564301171393706
25,bwd_psh_flags_mean,0.0,0.0
25,bwd_psh_flags_std,0.0,0.0
25,bwd_psh_flags_sum,0.0,0.0
25,bwd_psh_flags_min,0.0,0.0
25,bwd_psh_flags_max,0.0,0.0
25,fwd_urg_flags_mean,-0.2172803412344915,0.2172803412344915
25,fwd_urg_flags_std,0.3816514733659237,0.3816514733659237
25,fwd_urg_flags_sum,0.013931236479978374,0.013931236479978374
25,fwd_urg_flags_min,0.0,0.0
25,fwd_urg_flags_max,0.12125884920837786,0.12125884920837786
25,bwd_urg_flags_mean,0.0,0.0
25,bwd_urg_flags_std,0.0,0.0
25,bwd_urg_flags_sum,0.0,0.0
25,bwd_urg_flags_min,0.0,0.0
25,bwd_urg_flags_max,0.0,0.0
25,fwd_header_len_mean,0.2618192166459672,0.2618192166459672
25,fwd_header_len_std,0.31647009624331746,0.31647009624331746
25,fwd_header_len_sum,0.2276286946141608,0.2276286946141608
25,fwd_header_len_min,-0.012752007279478374,0.012752007279478374
25,fwd_header_len_max,0.5337632660998975,0.5337632660998975
25,bwd_header_len_mean,-0.026732708989252542,0.026732708989252542
25,bwd_header_len_std,-0.2629572672734455,0.2629572672734455
25,bwd_header_len_sum,0.08081747268825491,0.08081747268825491
25,bwd_header_len_min,0.0007249818824861397,0.0007249818824861397
25,bwd_header_len_max,0.5734842885505366,0.5734842885505366
25,fwd_pkts_per_sec_mean,0.33621999466570585,0.33621999466570585
25,fwd_pkts_per_sec_std,0.10640876119320576,0.10640876119320576
25,fwd_pkts_per_sec_sum,0.3878175406583083,0.3878175406583083
25,fwd_pkts_per_sec_min,0.019195754557079024,0.019195754557079024
25,fwd_pkts_per_sec_max,-0.3927916936165145,0.3927916936165145
25,bwd_pkts_per_sec_mean,-0.20699998477184026,0.20699998477184026
25,bwd_pkts_per_sec_std,0.6931441220939673,0.6931441220939673
25,bwd_pkts_per_sec_sum,-0.9507443859078752,0.9507443859078752
25,bwd_pkts_per_sec_min,0.019205047929160814,0.019205047929160814
25,bwd_pkts_per_sec_max,-0.2604525114577795,0.2604525114577795
25,pkt_len_min_mean,-0.012821775481369717,0.012821775481369717
25,pkt_len_min_std,0.9223235298411462,0.9223235298411462
25,pkt_len_min_sum,-0.1807886148756831,0.1807886148756831
25,pkt_len_min_min,0.04655318930501425,0.04655318930501425
25,pkt_len_min_max,-0.30956604319991343,0.30956604319991343
25,pkt_len_max_mean,-0.6470407673425724,0.6470407673425724
25,pkt_len_max_std,-0.7312840070827101,0.7312840070827101
25,pkt_len_max_sum,0.2970094785384558,0.2970094785384558
25,pkt_len_max_min,0.007240087741193495,0.007240087741193495
25,pkt_len_max_max,0.3514671591544179,0.3514671591544179
25,pkt_len_mean_mean,-0.6814600743490121,0.6814600743490121
25,pkt_len_mean_std,0.3272920471383841,0.3272920471383841
25,pkt_len_mean_sum,0.33210635154856727,0.33210635154856727
25,pkt_len_mean_min,0.021712700555536233,0.021712700555536233
25,pkt_len_mean_max,-0.9569904859888764,0.9569904859888764
25,pkt_len_std_mean,-0.947939430791921,0.947939430791921
25,pkt_len_std_std,0.5548922602913444,0.5548922602913444
25,pkt_len_std_sum,0.27964615479099625,0.27964615479099625
25,pkt_len_std_min,0.04902132928217329,0.04902132928217329
25,pkt_len_std_max,-0.14531473748740342,0.14531473748740342
25,pkt_len_var_mean,-1.2377145234569702,1.2377145234569702
25,pkt_len_var_std,-1.5453249579086965,1.5453249579086965
25,pkt_len_var_sum,0.5342785819411798,0.5342785819411798
25,pkt_len_var_min,0.04622153729595104,0.04622153729595104
25,pkt_len_var_max,-1.482795051062574,1.482795051062574
25,fin_flag_cnt_mean,0.06656621792848388,0.06656621792848388
25,fin_flag_cnt_std,0.1358338871378505,0.1358338871378505
25,fin_flag_cnt_sum,-0.01830871539437133,0.01830871539437133
25,fin_flag_cnt_min,0.0,0.0
25,fin_flag_cnt_max,0.14313627007796625,0.14313627007796625
25,syn_flag_cnt_mean,-0.08901734190419909,0.08901734190419909
25,syn_flag_cnt_std,-0.14177011567982814,0.14177011567982814
25,syn_flag_cnt_sum,-0.0648358903590597,0.0648358903590597
25,syn_flag_cnt_min,-0.01427733455119508,0.01427733455119508
25,syn_flag_cnt_max,0.09564301171393706,0.09564301171393706
25,rst_flag_cnt_mean,0.01677049644652433,0.01677049644652433
25,rst_flag_cnt_std,0.5997232321674909,0.5997232321674909
25,rst_flag_cnt_sum,0.67720331902755,0.67720331902755
25,rst_flag_cnt_min,0.0,0.0
25,rst_flag_cnt_max,-0.3255527325495141,0.3255527325495141
25,psh_flag_cnt_mean,0.49480336454926455,0.49480336454926455
25,psh_flag_cnt_std,-0.03373152799223572,0.03373152799223572
25,psh_flag_cnt_sum,0.09334810610155714,0.09334810610155714
25,psh_flag_cnt_min,0.006353215637699935,0.006353215637699935
25,psh_flag_cnt_max,-0.48459091147980443,0.48459091147980443
25,ack_flag_cnt_mean,0.18848618805021627,0.18848618805021627
25,ack_flag_cnt_std,0.9938890244293828,0.9938890244293828
25,ack_flag_cnt_sum,0.47535149809602134,0.47535149809602134
25,ack_flag_cnt_min,-0.01427733455119508,0.01427733455119508
25,ack_flag_cnt_max,-0.34098429015835485,0.34098429015835485
25,urg_flag_cnt_mean,-0.8304087198866565,0.8304087198866565
25,urg_flag_cnt_std,0.5433974885016903,0.5433974885016903
25,urg_flag_cnt_sum,0.0007223034127715501,0.0007223034127715501
25,urg_flag_cnt_min,0.0,0.0
25,urg_flag_cnt_max,0.8120080038918799,0.8120080038918799
25,cwe_flag_cnt_mean,-0.2172803412344915,0.2172803412344915
25,cwe_flag_cnt_std,0.3816514733659237,0.3816514733659237
25,cwe_flag_cnt_sum,0.013931236479978374,0.013931236479978374
25,cwe_flag_cnt_min,0.0,0.0
25,cwe_flag_cnt_max,0.12125884920837786,0.12125884920837786
25,ece_flag_cnt_mean,0.05896992086223803,0.05896992086223803
25,ece_flag_cnt_std,0.6246781337211088,0.6246781337211088
25,ece_flag_cnt_sum,0.6781134520273029,0.6781134520273029
25,ece_flag_cnt_min,0.0,0.0
25,ece_flag_cnt_max,-0.3255527325495141,0.3255527325495141
25,down_up_ratio_mean,0.3407216111867844,0.3407216111867844
25,down_up_ratio_std,-1.1949132069704462,1.1949132069704462
25,down_up_ratio_sum,0.2885609307619836,0.2885609307619836
25,down_up_ratio_min,-0.0030752270742316866,0.0030752270742316866
25,down_up_ratio_max,0.45911324848252894,0.45911324848252894
25,pkt_size_avg_mean,-0.6791792256897607,0.6791792256897607
25,pkt_size_avg_std,0.2202419806964952,0.2202419806964952
25,pkt_size_avg_sum,0.29197774012739275,0.29197774012739275
25,pkt_size_avg_min,0.011361854164696296,0.011361854164696296
25,pkt_size_avg_max,0.2819476417742715,0.2819476417742715
25,fwd_seg_size_avg_mean,-0.21575493893058714,0.21575493893058714
25,fwd_seg_size_avg_std,0.012573786204103748,0.012573786204103748
25,fwd_seg_size_avg_sum,0.43612870113160873,0.43612870113160873
25,fwd_seg_size_avg_min,0.01398915272699025,0.01398915272699025
25,fwd_seg_size_avg_max,0.014147718341689191,0.014147718341689191
25,bwd_seg_size_avg_mean,0.19500592860246388,0.19500592860246388
25,bwd_seg_size_avg_std,0.2916851871555499,0.2916851871555499
25,bwd_seg_size_avg_sum,0.47123526764169776,0.47123526764169776
25,bwd_seg_size_avg_min,0.055339190391784115,0.055339190391784115
25,bwd_seg_size_avg_max,1.5397571861217874,1.5397571861217874
25,fwd_byts_b_avg_mean,0.0,0.0
25,fwd_byts_b_avg_std,0.0,0.0
25,fwd_byts_b_avg_sum,0.0,0.0
25,fwd_byts_b_avg_min,0.0,0.0
25,fwd_byts_b_avg_max,0.0,0.0
25,fwd_pkts_b_avg_mean,0.0,0.0
25,fwd_pkts_b_avg_std,0.0,0.0
25,fwd_pkts_b_avg_sum,0.0,0.0
25,fwd_pkts_b_avg_min,0.0,0.0
25,fwd_pkts_b_avg_max,0.0,0.0
25,fwd_blk_rate_avg_mean,0.0,0.0
25,fwd_blk_rate_avg_std,0.0,0.0
25,fwd_blk_rate_avg_sum,0.0,0.0
25,fwd_blk_rate_avg_min,0.0,0.0
25,fwd_blk_rate_avg_max,0.0,0.0
25,bwd_byts_b_avg_mean,0.0,0.0
25,bwd_byts_b_avg_std,0.0,0.0
25,bwd_byts_b_avg_sum,0.0,0.0
25,bwd_byts_b_avg_min,0.0,0.0
25,bwd_byts_b_avg_max,0.0,0.0
25,bwd_pkts_b_avg_mean,0.0,0.0
25,bwd_pkts_b_avg_std,0.0,0.0
25,bwd_pkts_b_avg_sum,0.0,0.0
25,bwd_pkts_b_avg_min,0.0,0.0
25,bwd_pkts_b_avg_max,0.0,0.0
25,bwd_blk_rate_avg_mean,0.0,0.0
25,bwd_blk_rate_avg_std,0.0,0.0
25,bwd_blk_rate_avg_sum,0.0,0.0
25,bwd_blk_rate_avg_min,0.0,0.0
25,bwd_blk_rate_avg_max,0.0,0.0
25,subflow_fwd_pkts_mean,0.2601318224549132,0.2601318224549132
25,subflow_fwd_pkts_std,0.30097352039854525,0.30097352039854525
25,subflow_fwd_pkts_sum,0.1734267661150841,0.1734267661150841
25,subflow_fwd_pkts_min,0.06877112751256646,0.06877112751256646
25,subflow_fwd_pkts_max,0.1948911953455983,0.1948911953455983
25,subflow_fwd_byts_mean,0.2010066031298448,0.2010066031298448
25,subflow_fwd_byts_std,-0.07337125432876822,0.07337125432876822
25,subflow_fwd_byts_sum,0.1892778242272995,0.1892778242272995
25,subflow_fwd_byts_min,-0.02067231576861925,0.02067231576861925
25,subflow_fwd_byts_max,-0.14509900994185299,0.14509900994185299
25,subflow_bwd_pkts_mean,-0.13653719170882553,0.13653719170882553
25,subflow_bwd_pkts_std,-0.633161436235593,0.633161436235593
25,subflow_bwd_pkts_sum,-0.17352529440888426,0.17352529440888426
25,subflow_bwd_pkts_min,-0.052704959880773894,0.052704959880773894
25,subflow_bwd_pkts_max,-0.08645570663697878,0.08645570663697878
25,subflow_bwd_byts_mean,0.23209756038648122,0.23209756038648122
25,subflow_bwd_byts_std,-0.23834107821142145,0.23834107821142145
25,subflow_bwd_byts_sum,-0.8780160479021937,0.8780160479021937
25,subflow_bwd_byts_min,0.04760907559406585,0.04760907559406585
25,subflow_bwd_byts_max,0.45586674107801795,0.45586674107801795
25,window_size_fwd_mean,0.38209849716015754,0.38209849716015754
25,window_size_fwd_std,-1.1910758528315002,1.1910758528315002
25,window_size_fwd_sum,0.15354031777703608,0.15354031777703608
25,window_size_fwd_min,0.03074015379750566,0.03074015379750566
25,window_size_fwd_max,-0.18930902472069036,0.18930902472069036
25,window_size_bwd_mean,-0.788296438866297,0.788296438866297
25,window_size_bwd_std,1.9559084619176514,1.9559084619176514
25,window_size_bwd_sum,-0.7640110026870178,0.7640110026870178
25,window_size_bwd_min,0.04037212717976677,0.04037212717976677
25,window_size_bwd_max,0.38488125707926213,0.38488125707926213
25,fwd_act_data_pkts_mean,0.2591422130315407,0.2591422130315407
25,fwd_act_data_pkts_std,0.2966667365313149,0.2966667365313149
25,fwd_act_data_pkts_sum,0.15456997131170072,0.15456997131170072
25,fwd_act_data_pkts_min,0.13698321382610268,0.13698321382610268
25,fwd_act_data_pkts_max,0.1578395501511164,0.1578395501511164
25,fwd_seg_size_min_mean,1.0391372699393184,1.0391372699393184
25,fwd_seg_size_min_std,-0.4024529217063096,0.4024529217063096
25,fwd_seg_size_min_sum,0.2559359694014991,0.2559359694014991
25,fwd_seg_size_min_min,-0.15061157011320248,0.15061157011320248
25,fwd_seg_size_min_max,-0.12094558941815865,0.12094558941815865
25,active_mean_mean,-0.16769817444398824,0.16769817444398824
25,active_mean_std,-0.3442677449027766,0.3442677449027766
25,active_mean_sum,-0.6542718259009508,0.6542718259009508
25,active_mean_min,0.004335022235938738,0.004335022235938738
25,active_mean_max,-0.0345206162664902,0.0345206162664902
25,active_std_mean,-0.4406553196322979,0.4406553196322979
25,active_std_std,-0.12058595339157391,0.12058595339157391
25,active_std_sum,-0.6250506770726171,0.6250506770726171
25,active_std_min,0.02097672539232261,0.02097672539232261
25,active_std_max,0.24560333966408593,0.24560333966408593
25,active_max_mean,-0.2541841169101809,0.2541841169101809
25,active_max_std,0.46206486949732034,0.46206486949732034
25,active_max_sum,0.725006400342443,0.725006400342443
25,active_max_min,0.00976592920193134,0.00976592920193134
25,active_max_max,0.19194658950162732,0.19194658950162732
25,active_min_mean,0.038392106366776,0.038392106366776
25,active_min_std,-0.3484806667237952,0.3484806667237952
25,active_min_sum,0.17022200186741618,0.17022200186741618
25,active_min_min,-0.004827745575570929,0.004827745575570929
25,active_min_max,0.17295004958653284,0.17295004958653284
25,idle_mean_mean,0.13399092880164173,0.13399092880164173
25,idle_mean_std,-0.20421487399816773,0.20421487399816773
25,idle_mean_sum,0.023787792370556848,0.023787792370556848
25,idle_mean_min,-0.02092735112099112,0.02092735112099112
25,idle_mean_max,-0.09341684549483797,0.09341684549483797
25,idle_std_mean,0.428551496688442,0.428551496688442
25,idle_std_std,0.007704663621116576,0.007704663621116576
25,idle_std_sum,0.04687505048010166,0.04687505048010166
25,idle_std_min,-0.027198956306261825,0.027198956306261825
25,idle_std_max,-0.03468002745546871,0.03468002745546871
25,idle_max_mean,0.33205285464144074,0.33205285464144074
25,idle_max_std,0.093874354508412,0.093874354508412
25,idle_max_sum,0.11957175350883466,0.11957175350883466
25,idle_max_min,-0.00178100965335236,0.00178100965335236
25,idle_max_max,-0.12227653383972721,0.12227653383972721
25,idle_min_mean,-0.20230202571850203,0.20230202571850203
25,idle_min_std,-0.38287924227393255,0.38287924227393255
25,idle_min_sum,-0.042208226932237594,0.042208226932237594
25,idle_min_min,-0.05392311573881066,0.05392311573881066
25,idle_min_max,-0.07135751067290218,0.07135751067290218
25,duration_sec_mean,0.07986799848142731,0.07986799848142731
25,duration_sec_std,0.6515721915782569,0.6515721915782569
25,duration_sec_sum,-0.137568472240274,0.137568472240274
25,duration_sec_min,0.07340541906750958,0.07340541906750958
25,duration_sec_max,0.1540579773647309,0.1540579773647309
25,flow_count,0.13361569295114598,0.13361569295114598
25,unique_dst_ports_count,0.13971208001483731,0.13971208001483731
25,unique_protocols_count,0.011025943938671201,0.011025943938671201
25,pkt_ttl_min,-0.2336429783364451,0.2336429783364451
25,pkt_ttl_max,-0.48601403482529243,0.48601403482529243
25,pkt_ttl_std,0.3615723648191655,0.3615723648191655
25,pkt_ttl_mode,0.3576086377936308,0.3576086377936308
25,pkt_frag_mf_count,0.0,0.0
25,pkt_frag_df_count,0.7152358279068822,0.7152358279068822
25,pkt_payload_size_p25,-0.06693330738181621,0.06693330738181621
25,pkt_payload_size_p50,-0.21432460882404905,0.21432460882404905
25,pkt_payload_size_p75,-0.6667559953375567,0.6667559953375567
25,pkt_payload_size_p95,-0.890689491201306,0.890689491201306
25,pkt_tcp_retrans_count,1.5571397231249757,1.5571397231249757
25,pkt_port_scan_seq_score,1.4484176541508045,1.4484176541508045
26,duration_microsec_mean,0.09304725678955339,0.09304725678955339
26,duration_microsec_std,0.20964719211317112,0.20964719211317112
26,duration_microsec_sum,-0.06506414535730941,0.06506414535730941
26,duration_microsec_min,0.09086009862973042,0.09086009862973042
26,duration_microsec_max,0.2909255564218644,0.2909255564218644
26,packet_count_fwd_mean,0.5653597464234191,0.5653597464234191
26,packet_count_fwd_std,-0.271125786715605,0.271125786715605
26,packet_count_fwd_sum,0.23141529981643563,0.23141529981643563
26,packet_count_fwd_min,0.1385567324870291,0.1385567324870291
26,packet_count_fwd_max,-0.03463063490516648,0.03463063490516648
26,packet_count_bwd_mean,0.5774987596397263,0.5774987596397263
26,packet_count_bwd_std,1.0964781532627934,1.0964781532627934
26,packet_count_bwd_sum,0.041235876880352296,0.041235876880352296
26,packet_count_bwd_min,-0.15634133986619358,0.15634133986619358
26,packet_count_bwd_max,0.2475682779909997,0.2475682779909997
26,byte_count_fwd_mean,-0.0631266351003896,0.0631266351003896
26,byte_count_fwd_std,-0.7369586149965865,0.7369586149965865
26,byte_count_fwd_sum,-0.1954806367533467,0.1954806367533467
26,byte_count_fwd_min,0.19645037316656194,0.19645037316656194
26,byte_count_fwd_max,1.3107084068699595,1.3107084068699595
26,byte_count_bwd_mean,-0.5578778586621457,0.5578778586621457
26,byte_count_bwd_std,-1.5672287475543387,1.5672287475543387
26,byte_count_bwd_sum,-0.4458558324591911,0.4458558324591911
26,byte_count_bwd_min,0.05425389328735724,0.05425389328735724
26,byte_count_bwd_max,-0.6554326175629306,0.6554326175629306
26,fwd_pkt_len_max_mean,0.21694780982693587,0.21694780982693587
26,fwd_pkt_len_max_std,-1.6764127854968947,1.6764127854968947
26,fwd_pkt_len_max_sum,0.38805604313188746,0.38805604313188746
26,fwd_pkt_len_max_min,-0.054752746387785316,0.054752746387785316
26,fwd_pkt_len_max_max,0.49819551576629506,0.49819551576629506
26,fwd_pkt_len_min_mean,-0.19301203587255308,0.19301203587255308
26,fwd_pkt_len_min_std,0.015252279808931832,0.015252279808931832
26,fwd_pkt_len_min_sum,-0.15214151343795476,0.15214151343795476
26,fwd_pkt_len_min_min,0.04611849307373704,0.04611849307373704
26,fwd_pkt_len_min_max,-0.0238668703413975,0.0238668703413975
26,fwd_pkt_len_mean_mean,-0.2156475132242462,0.2156475132242462
26,fwd_pkt_len_mean_std,0.012529585649565116,0.012529585649565116
26,fwd_pkt_len_mean_sum,0.43621344944207313,0.43621344944207313
26,fwd_pkt_len_mean_min,0.0135867118375743,0.0135867118375743
26,fwd_pkt_len_mean_max,0.014149208017083558,0.014149208017083558
26,fwd_pkt_len_std_mean,2.012660365116175,2.012660365116175
26,fwd_pkt_len_std_std,0.9048110084846978,0.9048110084846978
26,fwd_pkt_len_std_sum,0.430112408545559,0.430112408545559
26,fwd_pkt_len_std_min,0.03990439100710015,0.03990439100710015
26,fwd_pkt_len_std_max,-0.26690457767197034,0.26690457767197034
26,bwd_pkt_len_max_mean,0.0074017504531928005,0.0074017504531928005
26,bwd_pkt_len_max_std,0.579702539128346,0.579702539128346
26,bwd_pkt_len_max_sum,0.16515429455644323,0.16515429455644323
26,bwd_pkt_len_max_min,0.048796123420351355,0.048796123420351355
26,bwd_pkt_len_max_max,-0.13348524900224942,0.13348524900224942
26,bwd_pkt_len_min_mean,0.860288264166248,0.860288264166248
26,bwd_pkt_len_min_std,-0.3589828350296474,0.3589828350296474
26,bwd_pkt_len_min_sum,0.2307663737909184,0.2307663737909184
26,bwd_pkt_len_min_min,0.0,0.0
26,bwd_pkt_len_min_max,-0.014292945717686403,0.014292945717686403
26,bwd_pkt_len_mean_mean,0.1947635830882079,0.1947635830882079
26,bwd_pkt_len_mean_std,0.2915180425724948,0.2915180425724948
26,bwd_pkt_len_mean_sum,0.4713225555808908,0.4713225555808908
26,bwd_pkt_len_mean_min,0.05540879061181692,0.05540879061181692
26,bwd_pkt_len_mean_max,1.5397460540313643,1.5397460540313643
26,bwd_pkt_len_std_mean,-1.6531348720304548,1.6531348720304548
26,bwd_pkt_len_std_std,1.1285983149778036,1.1285983149778036
26,bwd_pkt_len_std_sum,-0.005083652332138004,0.005083652332138004
26,bwd_pkt_len_std_min,0.04446698922450537,0.04446698922450537
26,bwd_pkt_len_std_max,1.226560416406363,1.226560416406363
26,bytes_per_sec_mean,-1.3219061486480712,1.3219061486480712
26,bytes_per_sec_std,0.2624621637518916,0.2624621637518916
26,bytes_per_sec_sum,-0.8777275251394246,0.8777275251394246
26,bytes_per_sec_min,0.05281683771621239,0.05281683771621239
26,bytes_per_sec_max,1.172906042849339,1.172906042849339
26,packets_per_sec_mean,-0.2891986093696138,0.2891986093696138
26,packets_per_sec_std,0.03255058512303689,0.03255058512303689
26,packets_per_sec_sum,-0.2631264641124635,0.2631264641124635
26,packets_per_sec_min,-0.16873049397402315,0.16873049397402315
26,packets_per_sec_max,-0.32032789778075516,0.32032789778075516
26,flow_iat_mean_mean,0.22133721167174242,0.22133721167174242
26,flow_iat_mean_std,-0.15587890396981702,0.15587890396981702
26,flow_iat_mean_sum,0.26086602115430974,0.26086602115430974
26,flow_iat_mean_min,0.014728434015733156,0.014728434015733156
26,flow_iat_mean_max,-0.04072636952885351,0.04072636952885351
26,flow_iat_std_mean,-0.2684244029632775,0.2684244029632775
26,flow_iat_std_std,-1.2448421010016797,1.2448421010016797
26,flow_iat_std_sum,-0.3986582479005823,0.3986582479005823
26,flow_iat_std_min,-0.04312810056311467,0.04312810056311467
26,flow_iat_std_max,-0.2672016655050453,0.2672016655050453
26,flow_iat_max_mean,-0.26667852590318813,0.26667852590318813
26,flow_iat_max_std,-0.5696802003387749,0.5696802003387749
26,flow_iat_max_sum,0.19040980055245538,0.19040980055245538
26,flow_iat_max_min,-0.0011314557379521173,0.0011314557379521173
26,flow_iat_max_max,0.19834966763651293,0.19834966763651293
26,flow_iat_min_mean,0.16646836230652587,0.16646836230652587
26,flow_iat_min_std,0.03339211899688072,0.03339211899688072
26,flow_iat_min_sum,0.32176010454653403,0.32176010454653403
26,flow_iat_min_min,0.021996279330898275,0.021996279330898275
26,flow_iat_min_max,0.09509530374487579,0.09509530374487579
26,fwd_iat_tot_mean,0.0716332818575889,0.0716332818575889
26,fwd_iat_tot_std,0.24818091474567672,0.24818091474567672
26,fwd_iat_tot_sum,-0.10930434500324596,0.10930434500324596
26,fwd_iat_tot_min,0.08990891059216626,0.08990891059216626
26,fwd_iat_tot_max,0.03889865003860798,0.03889865003860798
26,fwd_iat_mean_mean,-0.07560933276983235,0.07560933276983235
26,fwd_iat_mean_std,-0.6775586988281366,0.6775586988281366
26,fwd_iat_mean_sum,0.16328310319173825,0.16328310319173825
26,fwd_iat_mean_min,0.007963818380291993,0.007963818380291993
26,fwd_iat_mean_max,0.27608355625543296,0.27608355625543296
26,fwd_iat_std_mean,0.3281990551391923,0.3281990551391923
26,fwd_iat_std_std,0.33635437198412765,0.33635437198412765
26,fwd_iat_std_sum,0.2690318859676813,0.2690318859676813
26,fwd_iat_std_min,-0.0500916433309157,0.0500916433309157
26,fwd_iat_std_max,0.28275785126566233,0.28275785126566233
26,fwd_iat_max_mean,0.06286935908806611,0.06286935908806611
26,fwd_iat_max_std,-0.05955852271280322,0.05955852271280322
26,fwd_iat_max_sum,0.35983746652118725,0.35983746652118725
26,fwd_iat_max_min,-0.0011519090637173645,0.0011519090637173645
26,fwd_iat_max_max,-0.2772310251767273,0.2772310251767273
26,fwd_iat_min_mean,0.004255881965583949,0.004255881965583949
26,fwd_iat_min_std,-0.42897532087898455,0.42897532087898455
26,fwd_iat_min_sum,0.33965828691754324,0.33965828691754324
26,fwd_iat_min_min,0.005884145190087704,0.005884145190087704
26,fwd_iat_min_max,0.3230984067398545,0.3230984067398545
26,bwd_iat_tot_mean,-0.5876451624818645,0.5876451624818645
26,bwd_iat_tot_std,-0.10237664783237926,0.10237664783237926
26,bwd_iat_tot_sum,-0.07735710323289248,0.07735710323289248
26,bwd_iat_tot_min,0.0250117918955479,0.0250117918955479
26,bwd_iat_tot_max,-0.2890803749654747,0.2890803749654747
26,bwd_iat_mean_mean,0.47567356450403986,0.47567356450403986
26,bwd_iat_mean_std,1.0082600545563773,1.0082600545563773
26,bwd_iat_mean_sum,-0.6432679260172253,0.6432679260172253
26,bwd_iat_mean_min,-0.04171405027129079,0.04171405027129079
26,bwd_iat_mean_max,-0.5366158073710339,0.5366158073710339
26,bwd_iat_std_mean,1.3659339008144318,1.3659339008144318
26,bwd_iat_std_std,0.24308196409463745,0.24308196409463745
26,bwd_iat_std_sum,0.2992687080934928,0.2992687080934928
26,bwd_iat_std_min,0.0208004131212703,0.0208004131212703
26,bwd_iat_std_max,-0.05865861921676822,0.05865861921676822
26,bwd_iat_max_mean,-0.17126059374546604,0.17126059374546604
26,bwd_iat_max_std,-1.0236610952780965,1.0236610952780965
26,bwd_iat_max_sum,-0.1219551534322644,0.1219551534322644
26,bwd_iat_max_min,-0.0010146190896295783,0.0010146190896295783
26,bwd_iat_max_max,0.012475619269354922,0.012475619269354922
26,bwd_iat_min_mean,-0.03909043142385689,0.03909043142385689
26,bwd_iat_min_std,-1.0336573320501588,1.0336573320501588
26,bwd_iat_min_sum,0.10976885383224234,0.10976885383224234
26,bwd_iat_min_min,-0.08143533387554622,0.08143533387554622
26,bwd_iat_min_max,0.8953796737362568,0.8953796737362568
26,fwd_psh_flags_mean,-0.08902905736528793,0.08902905736528793
26,fwd_psh_flags_std,-0.1417240704332382,0.1417240704332382
26,fwd_psh_flags_sum,-0.06485945016056684,0.06485945016056684
26,fwd_psh_flags_min,-0.014551040306761652,0.014551040306761652
26,fwd_psh_flags_max,0.09561816300464315,0.09561816300464315
26,bwd_psh_flags_mean,0.0,0.0
26,bwd_psh_flags_std,0.0,0.0
26,bwd_psh_flags_sum,0.0,0.0
26,bwd_psh_flags_min,0.0,0.0
26,bwd_psh_flags_max,0.0,0.0
26,fwd_urg_flags_mean,-0.2173264305060277,0.2173264305060277
26,fwd_urg_flags_std,0.3815983973928708,0.3815983973928708
26,fwd_urg_flags_sum,0.013944105688165969,0.013944105688165969
26,fwd_urg_flags_min,0.0,0.0
26,fwd_urg_flags_max,0.12127936249740269,0.12127936249740269
26,bwd_urg_flags_mean,0.0,0.0
26,bwd_urg_flags_std,0.0,0.0
26,bwd_urg_flags_sum,0.0,0.0
26,bwd_urg_flags_min,0.0,0.0
26,bwd_urg_flags_max,0.0,0.0
26,fwd_header_len_mean,0.26195412062017204,0.26195412062017204
26,fwd_header_len_std,0.31669325604191223,0.31669325604191223
26,fwd_header_len_sum,0.2282975822663367,0.2282975822663367
26,fwd_header_len_min,-0.013344527850993129,0.013344527850993129
26,fwd_header_len_max,0.5341111806763931,0.5341111806763931
26,bwd_header_len_mean,-0.02716186945613359,0.02716186945613359
26,bwd_header_len_std,-0.26317431176777767,0.26317431176777767
26,bwd_header_len_sum,0.08085078917783114,0.08085078917783114
26,bwd_header_len_min,0.0010911146810154565,0.0010911146810154565
26,bwd_header_len_max,0.5732933743784587,0.5732933743784587
26,fwd_pkts_per_sec_mean,0.3362799468150261,0.3362799468150261
26,fwd_pkts_per_sec_std,0.1064578812129462,0.1064578812129462
26,fwd_pkts_per_sec_sum,0.3877931556764201,0.3877931556764201
26,fwd_pkts_per_sec_min,0.01892264043394986,0.01892264043394986
26,fwd_pkts_per_sec_max,-0.39274762673472297,0.39274762673472297
26,bwd_pkts_per_sec_mean,-0.20700684305811545,0.20700684305811545
26,bwd_pkts_per_sec_std,0.6932366288522466,0.6932366288522466
26,bwd_pkts_per_sec_sum,-0.9508901012430893,0.9508901012430893
26,bwd_pkts_per_sec_min,0.01893277327495401,0.01893277327495401
26,bwd_pkts_per_sec_max,-0.2605080726332555,0.2605080726332555
26,pkt_len_min_mean,-0.012409713593147444,0.012409713593147444
26,pkt_len_min_std,0.9224443435411007,0.9224443435411007
26,pkt_len_min_sum,-0.18092932765298902,0.18092932765298902
26,pkt_len_min_min,0.04593217067574484,0.04593217067574484
26,pkt_len_min_max,-0.30949167702075153,0.30949167702075153
26,pkt_len_max_mean,-0.6468438157991918,0.6468438157991918
26,pkt_len_max_std,-0.7319030160816458,0.7319030160816458
26,pkt_len_max_sum,0.29720512636554064,0.29720512636554064
26,pkt_len_max_min,0.007466566069670652,0.007466566069670652
26,pkt_len_max_max,0.35159031370936816,0.35159031370936816
26,pkt_len_mean_mean,-0.6813377221839917,0.6813377221839917
26,pkt_len_mean_std,0.32737810523725047,0.32737810523725047
26,pkt_len_mean_sum,0.3321555043116795,0.3321555043116795
26,pkt_len_mean_min,0.02138103889213123,0.02138103889213123
26,pkt_len_mean_max,-0.9569595314142274,0.9569595314142274
26,pkt_len_std_mean,-0.9483426422202443,0.9483426422202443
26,pkt_len_std_std,0.5548532964363287,0.5548532964363287
26,pkt_len_std_sum,0.2797885162024203,0.2797885162024203
26,pkt_len_std_min,0.04919312071082573,0.04919312071082573
26,pkt_len_std_max,-0.14539136124368665,0.14539136124368665
26,pkt_len_var_mean,-1.238546517743725,1.238546517743725
26,pkt_len_var_std,-1.5455808273971476,1.5455808273971476
26,pkt_len_var_sum,0.5343177343614488,0.5343177343614488
26,pkt_len_var_min,0.04644747163990108,0.04644747163990108
26,pkt_len_var_max,-1.4829941430729139,1.4829941430729139
26,fin_flag_cnt_mean,0.06652450659343183,0.06652450659343183
26,fin_flag_cnt_std,0.135787815990695,0.135787815990695
26,fin_flag_cnt_sum,-0.018223285306494634,0.018223285306494634
26,fin_flag_cnt_min,0.0,0.0
26,fin_flag_cnt_max,0.14310469428622982,0.14310469428622982
26,syn_flag_cnt_mean,-0.08902905736528793,0.08902905736528793
26,syn_flag_cnt_std,-0.1417240704332382,0.1417240704332382
26,syn_flag_cnt_sum,-0.06485945016056684,0.06485945016056684
26,syn_flag_cnt_min,-0.014551040306761652,0.014551040306761652
26,syn_flag_cnt_max,0.09561816300464315,0.09561816300464315
26,rst_flag_cnt_mean,0.016661630083044804,0.016661630083044804
26,rst_flag_cnt_std,0.599752271316929,0.599752271316929
26,rst_flag_cnt_sum,0.6773567050727971,0.6773567050727971
26,rst_flag_cnt_min,0.0,0.0
26,rst_flag_cnt_max,-0.32521017262307006,0.32521017262307006
26,psh_flag_cnt_mean,0.4947494999401196,0.4947494999401196
26,psh_flag_cnt_std,-0.033151151304424954,0.033151151304424954
26,psh_flag_cnt_sum,0.09351987452322949,0.09351987452322949
26,psh_flag_cnt_min,0.006853262827622835,0.006853262827622835
26,psh_flag_cnt_max,-0.4852230116691695,0.4852230116691695
26,ack_flag_cnt_mean,0.18930936694413034,0.18930936694413034
26,ack_flag_cnt_std,0.9940714895648272,0.9940714895648272
26,ack_flag_cnt_sum,0.4755643978494548,0.4755643978494548
26,ack_flag_cnt_min,-0.014551040306761652,0.014551040306761652
26,ack_flag_cnt_max,-0.3409228064358643,0.3409228064358643
26,urg_flag_cnt_mean,-0.8305028107538828,0.8305028107538828
26,urg_flag_cnt_std,0.5438883284886337,0.5438883284886337
26,urg_flag_cnt_sum,0.0006299163775429566,0.0006299163775429566
26,urg_flag_cnt_min,0.0,0.0
26,urg_flag_cnt_max,0.8109359714038451,0.8109359714038451
26,cwe_flag_cnt_mean,-0.2173264305060277,0.2173264305060277
26,cwe_flag_cnt_std,0.3815983973928708,0.3815983973928708
26,cwe_flag_cnt_sum,0.013944105688165969,0.013944105688165969
26,cwe_flag_cnt_min,0.0,0.0
26,cwe_flag_cnt_max,0.12127936249740269,0.12127936249740269
26,ece_flag_cnt_mean,0.058858162288920664,0.058858162288920664
26,ece_flag_cnt_std,0.6247054270353579,0.6247054270353579
26,ece_flag_cnt_sum,0.6782667844884208,0.6782667844884208
26,ece_flag_cnt_min,0.0,0.0
26,ece_flag_cnt_max,-0.32521017262307006,0.32521017262307006
26,down_up_ratio_mean,0.3410171505295831,0.3410171505295831
26,down_up_ratio_std,-1.194537230872523,1.194537230872523
26,down_up_ratio_sum,0.28854567473044923,0.28854567473044923
26,down_up_ratio_min,-0.00284732162308967,0.00284732162308967
26,down_up_ratio_max,0.4590380384590383,0.4590380384590383
26,pkt_size_avg_mean,-0.6789909253868841,0.6789909253868841
26,pkt_size_avg_std,0.22036193817868893,0.22036193817868893
26,pkt_size_avg_sum,0.29203303593495394,0.29203303593495394
26,pkt_size_avg_min,0.01107622940923476,0.01107622940923476
26,pkt_size_avg_max,0.2819544320481956,0.2819544320481956
26,fwd_seg_size_avg_mean,-0.2156475132242462,0.2156475132242462
26,fwd_seg_size_avg_std,0.012529585649565116,0.012529585649565116
26,fwd_seg_size_avg_sum,0.43621344944207313,0.43621344944207313
26,fwd_seg_size_avg_min,0.0135867118375743,0.0135867118375743
26,fwd_seg_size_avg_max,0.014149208017083558,0.014149208017083558
26,bwd_seg_size_avg_mean,0.19476358308472017,0.19476358308472017
26,bwd_seg_size_avg_std,0.2915180425568546,0.2915180425568546
26,bwd_seg_size_avg_sum,0.4713225555804115,0.4713225555804115
26,bwd_seg_size_avg_min,0.05540879061181692,0.05540879061181692
26,bwd_seg_size_avg_max,1.5397460540314873,1.5397460540314873
26,fwd_byts_b_avg_mean,0.0,0.0
26,fwd_byts_b_avg_std,0.0,0.0
26,fwd_byts_b_avg_sum,0.0,0.0
26,fwd_byts_b_avg_min,0.0,0.0
26,fwd_byts_b_avg_max,0.0,0.0
26,fwd_pkts_b_avg_mean,0.0,0.0
26,fwd_pkts_b_avg_std,0.0,0.0
26,fwd_pkts_b_avg_sum,0.0,0.0
26,fwd_pkts_b_avg_min,0.0,0.0
26,fwd_pkts_b_avg_max,0.0,0.0
26,fwd_blk_rate_avg_mean,0.0,0.0
26,fwd_blk_rate_avg_std,0.0,0.0
26,fwd_blk_rate_avg_sum,0.0,0.0
26,fwd_blk_rate_avg_min,0.0,0.0
26,fwd_blk_rate_avg_max,0.0,0.0
26,bwd_byts_b_avg_mean,0.0,0.0
26,bwd_byts_b_avg_std,0.0,0.0
26,bwd_byts_b_avg_sum,0.0,0.0
26,bwd_byts_b_avg_min,0.0,0.0
26,bwd_byts_b_avg_max,0.0,0.0
26,bwd_pkts_b_avg_mean,0.0,0.0
26,bwd_pkts_b_avg_std,0.0,0.0
26,bwd_pkts_b_avg_sum,0.0,0.0
26,bwd_pkts_b_avg_min,0.0,0.0
26,bwd_pkts_b_avg_max,0.0,0.0
26,bwd_blk_rate_avg_mean,0.0,0.0
26,bwd_blk_rate_avg_std,0.0,0.0
26,bwd_blk_rate_avg_sum,0.0,0.0
26,bwd_blk_rate_avg_min,0.0,0.0
26,bwd_blk_rate_avg_max,0.0,0.0
26,subflow_fwd_pkts_mean,0.26027196673158565,0.26027196673158565
26,subflow_fwd_pkts_std,0.3012014905342055,0.3012014905342055
26,subflow_fwd_pkts_sum,0.17408844202670748,0.17408844202670748
26,subflow_fwd_pkts_min,0.06859647840933183,0.06859647840933183
26,subflow_fwd_pkts_max,0.19520042514157143,0.19520042514157143
26,subflow_fwd_byts_mean,0.20104455590274314,0.20104455590274314
26,subflow_fwd_byts_std,-0.07389691213346009,0.07389691213346009
26,subflow_fwd_byts_sum,0.18998942463797366,0.18998942463797366
26,subflow_fwd_byts_min,-0.020805169484924106,0.020805169484924106
26,subflow_fwd_byts_max,-0.14480969190855283,0.14480969190855283
26,subflow_bwd_pkts_mean,-0.13683159110694865,0.13683159110694865
26,subflow_bwd_pkts_std,-0.6332417042014561,0.6332417042014561
26,subflow_bwd_pkts_sum,-0.1734139691018676,0.1734139691018676
26,subflow_bwd_pkts_min,-0.0521925593994008,0.0521925593994008
26,subflow_bwd_pkts_max,-0.08659868908458702,0.08659868908458702
26,subflow_bwd_byts_mean,0.23248490539541616,0.23248490539541616
26,subflow_bwd_byts_std,-0.23787292150380726,0.23787292150380726
26,subflow_bwd_byts_sum,-0.8780508100678827,0.8780508100678827
26,subflow_bwd_byts_min,0.047820766567559785,0.047820766567559785
26,subflow_bwd_byts_max,0.4559472907638698,0.4559472907638698
26,window_size_fwd_mean,0.3822547215580847,0.3822547215580847
26,window_size_fwd_std,-1.1903337528701425,1.1903337528701425
26,window_size_fwd_sum,0.1536470936420407,0.1536470936420407
26,window_size_fwd_min,0.03048379972144979,0.03048379972144979
26,window_size_fwd_max,-0.1878731556460758,0.1878731556460758
26,window_size_bwd_mean,-0.7880388798614085,0.7880388798614085
26,window_size_bwd_std,1.9556649069023404,1.9556649069023404
26,window_size_bwd_sum,-0.7637517768974159,0.7637517768974159
26,window_size_bwd_min,0.040599330388592245,0.040599330388592245
26,window_size_bwd_max,0.3849211671201639,0.3849211671201639
26,fwd_act_data_pkts_mean,0.2592818524409447,0.2592818524409447
26,fwd_act_data_pkts_std,0.29687488216573626,0.29687488216573626
26,fwd_act_data_pkts_sum,0.15522375471739813,0.15522375471739813
26,fwd_act_data_pkts_min,0.13601789171269607,0.13601789171269607
26,fwd_act_data_pkts_max,0.1579926164513293,0.1579926164513293
26,fwd_seg_size_min_mean,1.0394443269664804,1.0394443269664804
26,fwd_seg_size_min_std,-0.40233663768853944,0.40233663768853944
26,fwd_seg_size_min_sum,0.25612529256408006,0.25612529256408006
26,fwd_seg_size_min_min,-0.15150797513338687,0.15150797513338687
26,fwd_seg_size_min_max,-0.12094091647916554,0.12094091647916554
26,active_mean_mean,-0.16732993080962588,0.16732993080962588
26,active_mean_std,-0.3443192692090585,0.3443192692090585
26,active_mean_sum,-0.6542634351112315,0.6542634351112315
26,active_mean_min,0.004289564296339919,0.004289564296339919
26,active_mean_max,-0.03450783197198867,0.03450783197198867
26,active_std_mean,-0.4404427916879517,0.4404427916879517
26,active_std_std,-0.12062446586121828,0.12062446586121828
26,active_std_sum,-0.6250556742263913,0.6250556742263913
26,active_std_min,0.021043747202089617,0.021043747202089617
26,active_std_max,0.2455878471513891,0.2455878471513891
26,active_max_mean,-0.2538518155438922,0.2538518155438922
26,active_max_std,0.4620792289890692,0.4620792289890692
26,active_max_sum,0.7249717024856832,0.7249717024856832
26,active_max_min,0.009770174821019433,0.009770174821019433
26,active_max_max,0.19197509771123994,0.19197509771123994
26,active_min_mean,0.03869138830961015,0.03869138830961015
26,active_min_std,-0.3485652154267022,0.3485652154267022
26,active_min_sum,0.1701280203767455,0.1701280203767455
26,active_min_min,-0.004964923646690883,0.004964923646690883
26,active_min_max,0.17296548809424342,0.17296548809424342
26,idle_mean_mean,0.13401858467292943,0.13401858467292943
26,idle_mean_std,-0.20416994433267419,0.20416994433267419
26,idle_mean_sum,0.02394433245320238,0.02394433245320238
26,idle_mean_min,-0.02079912204038685,0.02079912204038685
26,idle_mean_max,-0.09337929972107417,0.09337929972107417
26,idle_std_mean,0.4291187601179336,0.4291187601179336
26,idle_std_std,0.007658762892460868,0.007658762892460868
26,idle_std_sum,0.04683775928893589,0.04683775928893589
26,idle_std_min,-0.02740336755842539,0.02740336755842539
26,idle_std_max,-0.034722822645036386,0.034722822645036386
26,idle_max_mean,0.33235171051494716,0.33235171051494716
26,idle_max_std,0.09396931551859505,0.09396931551859505
26,idle_max_sum,0.11972219547377105,0.11972219547377105
26,idle_max_min,-0.0017412497727526738,0.0017412497727526738
26,idle_max_max,-0.12227565582245083,0.12227565582245083
26,idle_min_mean,-0.20257615056477754,0.20257615056477754
26,idle_min_std,-0.3828961379210729,0.3828961379210729
26,idle_min_sum,-0.04205982529856841,0.04205982529856841
26,idle_min_min,-0.05362982928540481,0.05362982928540481
26,idle_min_max,-0.07122541902040452,0.07122541902040452
26,duration_sec_mean,0.0797189331457922,0.0797189331457922
26,duration_sec_std,0.6513844518696085,0.6513844518696085
26,duration_sec_sum,-0.13742797792132766,0.13742797792132766
26,duration_sec_min,0.07389157845412511,0.07389157845412511
26,duration_sec_max,0.15455370364273338,0.15455370364273338
26,flow_count,0.13381518480851462,0.13381518480851462
26,unique_dst_ports_count,0.13983861224267774,0.13983861224267774
26,unique_protocols_count,0.012831049112396648,0.012831049112396648
26,pkt_ttl_min,-0.2335989208414027,0.2335989208414027
26,pkt_ttl_max,-0.48598050507871765,0.48598050507871765
26,pkt_ttl_std,0.36163859571395035,0.36163859571395035
26,pkt_ttl_mode,0.357674733366813,0.357674733366813
26,pkt_frag_mf_count,0.0,0.0
26,pkt_frag_df_count,0.7152071060199534,0.7152071060199534
26,pkt_payload_size_p25,-0.06688266670339796,0.06688266670339796
26,pkt_payload_size_p50,-0.21427977354444094,0.21427977354444094
26,pkt_payload_size_p75,-0.6667304399779054,0.6667304399779054
26,pkt_payload_size_p95,-0.8906743603761577,0.8906743603761577
26,pkt_tcp_retrans_count,1.5572372621663688,1.5572372621663688
26,pkt_port_scan_seq_score,1.4485134618987285,1.4485134618987285
27,duration_microsec_mean,0.09321575335734208,0.09321575335734208
27,duration_microsec_std,0.209479825120646,0.209479825120646
27,duration_microsec_sum,-0.06495708710322445,0.06495708710322445
27,duration_microsec_min,0.09048318188761265,0.09048318188761265
27,duration_microsec_max,0.2907956869173761,0.2907956869173761
27,packet_count_fwd_mean,0.5666527932485868,0.5666527932485868
27,packet_count_fwd_std,-0.27171461680532166,0.27171461680532166
27,packet_count_fwd_sum,0.23194610916728087,0.23194610916728087
27,packet_count_fwd_min,0.1394348294581233,0.1394348294581233
27,packet_count_fwd_max,-0.03474263296093196,0.03474263296093196
27,packet_count_bwd_mean,0.5772410876611263,0.5772410876611263
27,packet_count_bwd_std,1.096646546601467,1.096646546601467
27,packet_count_bwd_sum,0.04035469334370205,0.04035469334370205
27,packet_count_bwd_min,-0.15694505836169756,0.15694505836169756
27,packet_count_bwd_max,0.2477197177687992,0.2477197177687992
27,byte_count_fwd_mean,-0.06227166102369134,0.06227166102369134
27,byte_count_fwd_std,-0.7373874604190427,0.7373874604190427
27,byte_count_fwd_sum,-0.19530077591663522,0.19530077591663522
27,byte_count_fwd_min,0.19798950121398506,0.19798950121398506
27,byte_count_fwd_max,1.3105425547328062,1.3105425547328062
27,byte_count_bwd_mean,-0.5578003084449389,0.5578003084449389
27,byte_count_bwd_std,-1.567209992585152,1.567209992585152
27,byte_count_bwd_sum,-0.4462759468169455,0.4462759468169455
27,byte_count_bwd_min,0.054189690331336415,0.054189690331336415
27,byte_count_bwd_max,-0.6556249046522107,0.6556249046522107
27,fwd_pkt_len_max_mean,0.21643710083898532,0.21643710083898532
27,fwd_pkt_len_max_std,-1.6768874132473748,1.6768874132473748
27,fwd_pkt_len_max_sum,0.38794502648114,0.38794502648114
27,fwd_pkt_len_max_min,-0.055048453291614244,0.055048453291614244
27,fwd_pkt_len_max_max,0.49810024389846097,0.49810024389846097
27,fwd_pkt_len_min_mean,-0.1934476235029057,0.1934476235029057
27,fwd_pkt_len_min_std,0.015224538536389106,0.015224538536389106
27,fwd_pkt_len_min_sum,-0.15198401350182844,0.15198401350182844
27,fwd_pkt_len_min_min,0.046716583052419616,0.046716583052419616
27,fwd_pkt_len_min_max,-0.023853899622862385,0.023853899622862385
27,fwd_pkt_len_mean_mean,-0.2159436765417004,0.2159436765417004
27,fwd_pkt_len_mean_std,0.012550586440825599,0.012550586440825599
27,fwd_pkt_len_mean_sum,0.4361120002044258,0.4361120002044258
27,fwd_pkt_len_mean_min,0.013933589954661227,0.013933589954661227
27,fwd_pkt_len_mean_max,0.014164783358940537,0.014164783358940537
27,fwd_pkt_len_std_mean,2.0127014692257363,2.0127014692257363
27,fwd_pkt_len_std_std,0.9043917383968983,0.9043917383968983
27,fwd_pkt_len_std_sum,0.43000754728292023,0.43000754728292023
27,fwd_pkt_len_std_min,0.03972042974956123,0.03972042974956123
27,fwd_pkt_len_std_max,-0.2668294331900208,0.2668294331900208
27,bwd_pkt_len_max_mean,0.007521373493561457,0.007521373493561457
27,bwd_pkt_len_max_std,0.5793918324066005,0.5793918324066005
27,bwd_pkt_len_max_sum,0.16500250738796932,0.16500250738796932
27,bwd_pkt_len_max_min,0.04864316731659479,0.04864316731659479
27,bwd_pkt_len_max_max,-0.13337676715983768,0.13337676715983768
27,bwd_pkt_len_min_mean,0.8597884166603112,0.8597884166603112
27,bwd_pkt_len_min_std,-0.35876671272359534,0.35876671272359534
27,bwd_pkt_len_min_sum,0.2307214360586619,0.2307214360586619
27,bwd_pkt_len_min_min,0.0,0.0
27,bwd_pkt_len_min_max,-0.014354020652107783,0.014354020652107783
27,bwd_pkt_len_mean_mean,0.19483010304366355,0.19483010304366355
27,bwd_pkt_len_mean_std,0.2916828629203428,0.2916828629203428
27,bwd_pkt_len_mean_sum,0.47123034863478386,0.47123034863478386
27,bwd_pkt_len_mean_min,0.05535509945305398,0.05535509945305398
27,bwd_pkt_len_mean_max,1.5397187103952898,1.5397187103952898
27,bwd_pkt_len_std_mean,-1.6531830021969944,1.6531830021969944
27,bwd_pkt_len_std_std,1.1281844670176193,1.1281844670176193
27,bwd_pkt_len_std_sum,-0.005234373669529013,0.005234373669529013
27,bwd_pkt_len_std_min,0.04432356599897429,0.04432356599897429
27,bwd_pkt_len_std_max,1.2265753841752036,1.2265753841752036
27,bytes_per_sec_mean,-1.3217161954247598,1.3217161954247598
27,bytes_per_sec_std,0.26249132156659566,0.26249132156659566
27,bytes_per_sec_sum,-0.8778326804888454,0.8778326804888454
27,bytes_per_sec_min,0.05371531792476769,0.05371531792476769
27,bytes_per_sec_max,1.1729736884508295,1.1729736884508295
27,packets_per_sec_mean,-0.2890928955314897,0.2890928955314897
27,packets_per_sec_std,0.03207312973610291,0.03207312973610291
27,packets_per_sec_sum,-0.2633404544596164,0.2633404544596164
27,packets_per_sec_min,-0.1686406166011124,0.1686406166011124
27,packets_per_sec_max,-0.32051811453832757,0.32051811453832757
27,flow_iat_mean_mean,0.22121329278752322,0.22121329278752322
27,flow_iat_mean_std,-0.1559887353037008,0.1559887353037008
27,flow_iat_mean_sum,0.2609073148944649,0.2609073148944649
27,flow_iat_mean_min,0.014742072204176128,0.014742072204176128
27,flow_iat_mean_max,-0.04091929715846533,0.04091929715846533
27,flow_iat_std_mean,-0.2687053555401043,0.2687053555401043
27,flow_iat_std_std,-1.2448330295738796,1.2448330295738796
27,flow_iat_std_sum,-0.3986189396111873,0.3986189396111873
27,flow_iat_std_min,-0.04312326807354996,0.04312326807354996
27,flow_iat_std_max,-0.26726570737460453,0.26726570737460453
27,flow_iat_max_mean,-0.2667794901270674,0.2667794901270674
27,flow_iat_max_std,-0.5697454226320091,0.5697454226320091
27,flow_iat_max_sum,0.19046193743723405,0.19046193743723405
27,flow_iat_max_min,-0.0012083123051534108,0.0012083123051534108
27,flow_iat_max_max,0.1984017339469256,0.1984017339469256
27,flow_iat_min_mean,0.16643739653568385,0.16643739653568385
27,flow_iat_min_std,0.03335335048731439,0.03335335048731439
27,flow_iat_min_sum,0.32179567120662095,0.32179567120662095
27,flow_iat_min_min,0.02205595167573832,0.02205595167573832
27,flow_iat_min_max,0.09532309670457693,0.09532309670457693
27,fwd_iat_tot_mean,0.07188538110181468,0.07188538110181468
27,fwd_iat_tot_std,0.24805911961805038,0.24805911961805038
27,fwd_iat_tot_sum,-0.10921337760632994,0.10921337760632994
27,fwd_iat_tot_min,0.08956871054229448,0.08956871054229448
27,fwd_iat_tot_max,0.038814992085975275,0.038814992085975275
27,fwd_iat_mean_mean,-0.07571674353246696,0.07571674353246696
27,fwd_iat_mean_std,-0.6776162347268235,0.6776162347268235
27,fwd_iat_mean_sum,0.16331816936543944,0.16331816936543944
27,fwd_iat_mean_min,0.007940016350844414,0.007940016350844414
27,fwd_iat_mean_max,0.2757998129180511,0.2757998129180511
27,fwd_iat_std_mean,0.3279235250022071,0.3279235250022071
27,fwd_iat_std_std,0.33653878992113095,0.33653878992113095
27,fwd_iat_std_sum,0.26893496931751104,0.26893496931751104
27,fwd_iat_std_min,-0.05013117040159577,0.05013117040159577
27,fwd_iat_std_max,0.2828437521847774,0.2828437521847774
27,fwd_iat_max_mean,0.06275932465047245,0.06275932465047245
27,fwd_iat_max_std,-0.05954753156851936,0.05954753156851936
27,fwd_iat_max_sum,0.3598636588697207,0.3598636588697207
27,fwd_iat_max_min,-0.0012673977466341941,0.0012673977466341941
27,fwd_iat_max_max,-0.27727618385371544,0.27727618385371544
27,fwd_iat_min_mean,0.004251503537702815,0.004251503537702815
27,fwd_iat_min_std,-0.4289474554152381,0.4289474554152381
27,fwd_iat_min_sum,0.3397194745566807,0.3397194745566807
27,fwd_iat_min_min,0.00587621553543067,0.00587621553543067
27,fwd_iat_min_max,0.3233978122299971,0.3233978122299971
27,bwd_iat_tot_mean,-0.587583733416604,0.587583733416604
27,bwd_iat_tot_std,-0.10220049026354137,0.10220049026354137
27,bwd_iat_tot_sum,-0.07744323979834204,0.07744323979834204
27,bwd_iat_tot_min,0.024848582548211016,0.024848582548211016
27,bwd_iat_tot_max,-0.2892360750461302,0.2892360750461302
27,bwd_iat_mean_mean,0.4756840455695545,0.4756840455695545
27,bwd_iat_mean_std,1.0082620851616062,1.0082620851616062
27,bwd_iat_mean_sum,-0.6433198349657191,0.6433198349657191
27,bwd_iat_mean_min,-0.041889799140207656,0.041889799140207656
27,bwd_iat_mean_max,-0.5366209364803987,0.5366209364803987
27,bwd_iat_std_mean,1.3659619902460112,1.3659619902460112
27,bwd_iat_std_std,0.24309013981256816,0.24309013981256816
27,bwd_iat_std_sum,0.2993393478015778,0.2993393478015778
27,bwd_iat_std_min,0.020782950062392724,0.020782950062392724
27,bwd_iat_std_max,-0.05864526577560426,0.05864526577560426
27,bwd_iat_max_mean,-0.17118476080365266,0.17118476080365266
27,bwd_iat_max_std,-1.0237517950877204,1.0237517950877204
27,bwd_iat_max_sum,-0.1218149203409456,0.1218149203409456
27,bwd_iat_max_min,-0.0011253535882931008,0.0011253535882931008
27,bwd_iat_max_max,0.012467797671252497,0.012467797671252497
27,bwd_iat_min_mean,-0.039029176892392645,0.039029176892392645
27,bwd_iat_min_std,-1.0336922981578842,1.0336922981578842
27,bwd_iat_min_sum,0.10970528735142582,0.10970528735142582
27,bwd_iat_min_min,-0.08159727457226046,0.08159727457226046
27,bwd_iat_min_max,0.8954509084947937,0.8954509084947937
27,fwd_psh_flags_mean,-0.08908545228115224,0.08908545228115224
27,fwd_psh_flags_std,-0.14170677076863422,0.14170677076863422
27,fwd_psh_flags_sum,-0.06485726320011365,0.06485726320011365
27,fwd_psh_flags_min,-0.014381493946011702,0.014381493946011702
27,fwd_psh_flags_max,0.09557984313687802,0.09557984313687802
27,bwd_psh_flags_mean,0.0,0.0
27,bwd_psh_flags_std,0.0,0.0
27,bwd_psh_flags_sum,0.0,0.0
27,bwd_psh_flags_min,0.0,0.0
27,bwd_psh_flags_max,0.0,0.0
27,fwd_urg_flags_mean,-0.21732927847465608,0.21732927847465608
27,fwd_urg_flags_std,0.38160897470174865,0.38160897470174865
27,fwd_urg_flags_sum,0.013969502340380281,0.013969502340380281
27,fwd_urg_flags_min,0.0,0.0
27,fwd_urg_flags_max,0.12129797388105387,0.12129797388105387
27,bwd_urg_flags_mean,0.0,0.0
27,bwd_urg_flags_std,0.0,0.0
27,bwd_urg_flags_sum,0.0,0.0
27,bwd_urg_flags_min,0.0,0.0
27,bwd_urg_flags_max,0.0,0.0
27,fwd_header_len_mean,0.26155354432584565,0.26155354432584565
27,fwd_header_len_std,0.3168968893070404,0.3168968893070404
27,fwd_header_len_sum,0.22656218222146787,0.22656218222146787
27,fwd_header_len_min,-0.01312576844834766,0.01312576844834766
27,fwd_header_len_max,0.5339344738169707,0.5339344738169707
27,bwd_header_len_mean,-0.026832103031197003,0.026832103031197003
27,bwd_header_len_std,-0.2628860313763451,0.2628860313763451
27,bwd_header_len_sum,0.08091149290021239,0.08091149290021239
27,bwd_header_len_min,0.0008126173334260705,0.0008126173334260705
27,bwd_header_len_max,0.5734120276071923,0.5734120276071923
27,fwd_pkts_per_sec_mean,0.33634195312312387,0.33634195312312387
27,fwd_pkts_per_sec_std,0.10647502513864861,0.10647502513864861
27,fwd_pkts_per_sec_sum,0.38770311076662856,0.38770311076662856
27,fwd_pkts_per_sec_min,0.01916627437735804,0.01916627437735804
27,fwd_pkts_per_sec_max,-0.3928275237554188,0.3928275237554188
27,bwd_pkts_per_sec_mean,-0.2070323717097937,0.2070323717097937
27,bwd_pkts_per_sec_std,0.6931787700827824,0.6931787700827824
27,bwd_pkts_per_sec_sum,-0.9507787067067389,0.9507787067067389
27,bwd_pkts_per_sec_min,0.019175890341871237,0.019175890341871237
27,bwd_pkts_per_sec_max,-0.26052727130076236,0.26052727130076236
27,pkt_len_min_mean,-0.012866485363046371,0.012866485363046371
27,pkt_len_min_std,0.9222638469126381,0.9222638469126381
27,pkt_len_min_sum,-0.18081152104089004,0.18081152104089004
27,pkt_len_min_min,0.04652495443774783,0.04652495443774783
27,pkt_len_min_max,-0.30960672311350884,0.30960672311350884
27,pkt_len_max_mean,-0.6469849995842003,0.6469849995842003
27,pkt_len_max_std,-0.7321516592759229,0.7321516592759229
27,pkt_len_max_sum,0.29707535612225816,0.29707535612225816
27,pkt_len_max_min,0.007186937737374957,0.007186937737374957
27,pkt_len_max_max,0.3515455463782043,0.3515455463782043
27,pkt_len_mean_mean,-0.6815483178820084,0.6815483178820084
27,pkt_len_mean_std,0.32743514412578634,0.32743514412578634
27,pkt_len_mean_sum,0.3320782563719896,0.3320782563719896
27,pkt_len_mean_min,0.02164338095575787,0.02164338095575787
27,pkt_len_mean_max,-0.9569541286634462,0.9569541286634462
27,pkt_len_std_mean,-0.9481980902985376,0.9481980902985376
27,pkt_len_std_std,0.5546546036659162,0.5546546036659162
27,pkt_len_std_sum,0.2796698933300194,0.2796698933300194
27,pkt_len_std_min,0.049066034418647896,0.049066034418647896
27,pkt_len_std_max,-0.14553199456948596,0.14553199456948596
27,pkt_len_var_mean,-1.2382537675351533,1.2382537675351533
27,pkt_len_var_std,-1.5456096375155046,1.5456096375155046
27,pkt_len_var_sum,0.5342263181762327,0.5342263181762327
27,pkt_len_var_min,0.046293508158011906,0.046293508158011906
27,pkt_len_var_max,-1.483033423322278,1.483033423322278
27,fin_flag_cnt_mean,0.06655468208482873,0.06655468208482873
27,fin_flag_cnt_std,0.13580439545262288,0.13580439545262288
27,fin_flag_cnt_sum,-0.018268097361421452,0.018268097361421452
27,fin_flag_cnt_min,0.0,0.0
27,fin_flag_cnt_max,0.14316347594817516,0.14316347594817516
27,syn_flag_cnt_mean,-0.08908545228115224,0.08908545228115224
27,syn_flag_cnt_std,-0.14170677076863422,0.14170677076863422
27,syn_flag_cnt_sum,-0.06485726320011365,0.06485726320011365
27,syn_flag_cnt_min,-0.014381493946011702,0.014381493946011702
27,syn_flag_cnt_max,0.09557984313687802,0.09557984313687802
27,rst_flag_cnt_mean,0.016761019670113467,0.016761019670113467
27,rst_flag_cnt_std,0.5996710419239362,0.5996710419239362
27,rst_flag_cnt_sum,0.6772387066389586,0.6772387066389586
27,rst_flag_cnt_min,0.0,0.0
27,rst_flag_cnt_max,-0.32582251567410864,0.32582251567410864
27,psh_flag_cnt_mean,0.4948529518580402,0.4948529518580402
27,psh_flag_cnt_std,-0.034226890237041764,0.034226890237041764
27,psh_flag_cnt_sum,0.09339912477994582,0.09339912477994582
27,psh_flag_cnt_min,0.006437373806952535,0.006437373806952535
27,psh_flag_cnt_max,-0.4848586050191677,0.4848586050191677
27,ack_flag_cnt_mean,0.18836033124646714,0.18836033124646714
27,ack_flag_cnt_std,0.9936321592934783,0.9936321592934783
27,ack_flag_cnt_sum,0.47536948694639397,0.47536948694639397
27,ack_flag_cnt_min,-0.014381493946011702,0.014381493946011702
27,ack_flag_cnt_max,-0.34126585370586593,0.34126585370586593
27,urg_flag_cnt_mean,-0.8305254105410046,0.8305254105410046
27,urg_flag_cnt_std,0.543388255473569,0.543388255473569
27,urg_flag_cnt_sum,0.0007094476956571557,0.0007094476956571557
27,urg_flag_cnt_min,0.0,0.0
27,urg_flag_cnt_max,0.8117060028801393,0.8117060028801393
27,cwe_flag_cnt_mean,-0.21732927847465608,0.21732927847465608
27,cwe_flag_cnt_std,0.38160897470174865,0.38160897470174865
27,cwe_flag_cnt_sum,0.013969502340380281,0.013969502340380281
27,cwe_flag_cnt_min,0.0,0.0
27,cwe_flag_cnt_max,0.12129797388105387,0.12129797388105387
27,ece_flag_cnt_mean,0.05895775908798548,0.05895775908798548
27,ece_flag_cnt_std,0.6246243565410337,0.6246243565410337
27,ece_flag_cnt_sum,0.678148786657356,0.678148786657356
27,ece_flag_cnt_min,0.0,0.0
27,ece_flag_cnt_max,-0.32582251567410864,0.32582251567410864
27,down_up_ratio_mean,0.34071789805586555,0.34071789805586555
27,down_up_ratio_std,-1.1948963908711054,1.1948963908711054
27,down_up_ratio_sum,0.28837936347542265,0.28837936347542265
27,down_up_ratio_min,-0.003126598978130538,0.003126598978130538
27,down_up_ratio_max,0.45909566515184497,0.45909566515184497
27,pkt_size_avg_mean,-0.6792934408324058,0.6792934408324058
27,pkt_size_avg_std,0.2203996685016924,0.2203996685016924
27,pkt_size_avg_sum,0.29195332420457315,0.29195332420457315
27,pkt_size_avg_min,0.011289527511968595,0.011289527511968595
27,pkt_size_avg_max,0.2818063424073242,0.2818063424073242
27,fwd_seg_size_avg_mean,-0.2159436765417004,0.2159436765417004
27,fwd_seg_size_avg_std,0.012550586440825599,0.012550586440825599
27,fwd_seg_size_avg_sum,0.4361120002044258,0.4361120002044258
27,fwd_seg_size_avg_min,0.013933589954661227,0.013933589954661227
27,fwd_seg_size_avg_max,0.014164783358940537,0.014164783358940537
27,bwd_seg_size_avg_mean,0.19483010304031956,0.19483010304031956
27,bwd_seg_size_avg_std,0.29168286290463863,0.29168286290463863
27,bwd_seg_size_avg_sum,0.47123034863428764,0.47123034863428764
27,bwd_seg_size_avg_min,0.05535509945305398,0.05535509945305398
27,bwd_seg_size_avg_max,1.5397187103954084,1.5397187103954084
27,fwd_byts_b_avg_mean,0.0,0.0
27,fwd_byts_b_avg_std,0.0,0.0
27,fwd_byts_b_avg_sum,0.0,0.0
27,fwd_byts_b_avg_min,0.0,0.0
27,fwd_byts_b_avg_max,0.0,0.0
27,fwd_pkts_b_avg_mean,0.0,0.0
27,fwd_pkts_b_avg_std,0.0,0.0
27,fwd_pkts_b_avg_sum,0.0,0.0
27,fwd_pkts_b_avg_min,0.0,0.0
27,fwd_pkts_b_avg_max,0.0,0.0
27,fwd_blk_rate_avg_mean,0.0,0.0
27,fwd_blk_rate_avg_std,0.0,0.0
27,fwd_blk_rate_avg_sum,0.0,0.0
27,fwd_blk_rate_avg_min,0.0,0.0
27,fwd_blk_rate_avg_max,0.0,0.0
27,bwd_byts_b_avg_mean,0.0,0.0
27,bwd_byts_b_avg_std,0.0,0.0
27,bwd_byts_b_avg_sum,0.0,0.0
27,bwd_byts_b_avg_min,0.0,0.0
27,bwd_byts_b_avg_max,0.0,0.0
27,bwd_pkts_b_avg_mean,0.0,0.0
27,bwd_pkts_b_avg_std,0.0,0.0
27,bwd_pkts_b_avg_sum,0.0,0.0
27,bwd_pkts_b_avg_min,0.0,0.0
27,bwd_pkts_b_avg_max,0.0,0.0
27,bwd_blk_rate_avg_mean,0.0,0.0
27,bwd_blk_rate_avg_std,0.0,0.0
27,bwd_blk_rate_avg_sum,0.0,0.0
27,bwd_blk_rate_avg_min,0.0,0.0
27,bwd_blk_rate_avg_max,0.0,0.0
27,subflow_fwd_pkts_mean,0.2598819483427356,0.2598819483427356
27,subflow_fwd_pkts_std,0.30154975374027687,0.30154975374027687
27,subflow_fwd_pkts_sum,0.17291210997856238,0.17291210997856238
27,subflow_fwd_pkts_min,0.06879007723469448,0.06879007723469448
27,subflow_fwd_pkts_max,0.19562419508617793,0.19562419508617793
27,subflow_fwd_byts_mean,0.20108106080045135,0.20108106080045135
27,subflow_fwd_byts_std,-0.0725738677000818,0.0725738677000818
27,subflow_fwd_byts_sum,0.18856499068843247,0.18856499068843247
27,subflow_fwd_byts_min,-0.020769378737041207,0.020769378737041207
27,subflow_fwd_byts_max,-0.14571996477105814,0.14571996477105814
27,subflow_bwd_pkts_mean,-0.13682954850697335,0.13682954850697335
27,subflow_bwd_pkts_std,-0.63343608460708,0.63343608460708
27,subflow_bwd_pkts_sum,-0.1735429337773437,0.1735429337773437
27,subflow_bwd_pkts_min,-0.05254133414750614,0.05254133414750614
27,subflow_bwd_pkts_max,-0.08684229455711068,0.08684229455711068
27,subflow_bwd_byts_mean,0.23243720469076296,0.23243720469076296
27,subflow_bwd_byts_std,-0.2377997061835984,0.2377997061835984
27,subflow_bwd_byts_sum,-0.8779977914708688,0.8779977914708688
27,subflow_bwd_byts_min,0.04765402251792071,0.04765402251792071
27,subflow_bwd_byts_max,0.4560344101507207,0.4560344101507207
27,window_size_fwd_mean,0.3823196645636232,0.3823196645636232
27,window_size_fwd_std,-1.1904385388110121,1.1904385388110121
27,window_size_fwd_sum,0.1535213656882438,0.1535213656882438
27,window_size_fwd_min,0.030617164141320756,0.030617164141320756
27,window_size_fwd_max,-0.18842865981095838,0.18842865981095838
27,window_size_bwd_mean,-0.7881419513018041,0.7881419513018041
27,window_size_bwd_std,1.9559913383212517,1.9559913383212517
27,window_size_bwd_sum,-0.7640184993770283,0.7640184993770283
27,window_size_bwd_min,0.040397877278125285,0.040397877278125285
27,window_size_bwd_max,0.38451345370872353,0.38451345370872353
27,fwd_act_data_pkts_mean,0.25889949896348374,0.25889949896348374
27,fwd_act_data_pkts_std,0.2972795638504072,0.2972795638504072
27,fwd_act_data_pkts_sum,0.15424719071349693,0.15424719071349693
27,fwd_act_data_pkts_min,0.13700746685305734,0.13700746685305734
27,fwd_act_data_pkts_max,0.15893552773168787,0.15893552773168787
27,fwd_seg_size_min_mean,1.0392350888952604,1.0392350888952604
27,fwd_seg_size_min_std,-0.40291393337181775,0.40291393337181775
27,fwd_seg_size_min_sum,0.2559731302971799,0.2559731302971799
27,fwd_seg_size_min_min,-0.15114566296938234,0.15114566296938234
27,fwd_seg_size_min_max,-0.12103548313418873,0.12103548313418873
27,active_mean_mean,-0.16748897765862336,0.16748897765862336
27,active_mean_std,-0.34434335988651354,0.34434335988651354
27,active_mean_sum,-0.6541974688568813,0.6541974688568813
27,active_mean_min,0.0042913743152063,0.0042913743152063
27,active_mean_max,-0.03442774760352645,0.03442774760352645
27,active_std_mean,-0.44041732328428473,0.44041732328428473
27,active_std_std,-0.12071775950892331,0.12071775950892331
27,active_std_sum,-0.6249822752985235,0.6249822752985235
27,active_std_min,0.020971712804877706,0.020971712804877706
27,active_std_max,0.24566238907487403,0.24566238907487403
27,active_max_mean,-0.25389941434376595,0.25389941434376595
27,active_max_std,0.4619639953222854,0.4619639953222854
27,active_max_sum,0.7249196216660717,0.7249196216660717
27,active_max_min,0.009734469542591315,0.009734469542591315
27,active_max_max,0.1919544528555498,0.1919544528555498
27,active_min_mean,0.03845316669483539,0.03845316669483539
27,active_min_std,-0.3485437867450435,0.3485437867450435
27,active_min_sum,0.17019392507859987,0.17019392507859987
27,active_min_min,-0.004888692501685489,0.004888692501685489
27,active_min_max,0.17293709306658223,0.17293709306658223
27,idle_mean_mean,0.1339726854036633,0.1339726854036633
27,idle_mean_std,-0.20416838563054734,0.20416838563054734
27,idle_mean_sum,0.02395607423203383,0.02395607423203383
27,idle_mean_min,-0.021019607585863756,0.021019607585863756
27,idle_mean_max,-0.09346150802081184,0.09346150802081184
27,idle_std_mean,0.4287627516937284,0.4287627516937284
27,idle_std_std,0.007664294321805754,0.007664294321805754
27,idle_std_sum,0.04690681288827973,0.04690681288827973
27,idle_std_min,-0.027287043248652495,0.027287043248652495
27,idle_std_max,-0.03465846545178612,0.03465846545178612
27,idle_max_mean,0.33224175929579297,0.33224175929579297
27,idle_max_std,0.09404889755236313,0.09404889755236313
27,idle_max_sum,0.1197530487630228,0.1197530487630228
27,idle_max_min,-0.0018387813479305115,0.0018387813479305115
27,idle_max_max,-0.12227930709486387,0.12227930709486387
27,idle_min_mean,-0.20246116242063583,0.20246116242063583
27,idle_min_std,-0.38284531133143357,0.38284531133143357
27,idle_min_sum,-0.0420434599435849,0.0420434599435849
27,idle_min_min,-0.05407662837288548,0.05407662837288548
27,idle_min_max,-0.07120527653314414,0.07120527653314414
27,duration_sec_mean,0.08052693784244988,0.08052693784244988
27,duration_sec_std,0.6512654818687825,0.6512654818687825
27,duration_sec_sum,-0.13752263100041107,0.13752263100041107
27,duration_sec_min,0.07351739073440991,0.07351739073440991
27,duration_sec_max,0.1539854759909304,0.1539854759909304
27,flow_count,0.13362855053275458,0.13362855053275458
27,unique_dst_ports_count,0.13965526910649867,0.13965526910649867
27,unique_protocols_count,0.011405480739011167,0.011405480739011167
27,pkt_ttl_min,-0.23364988247677884,0.23364988247677884
27,pkt_ttl_max,-0.4860551420961788,0.4860551420961788
27,pkt_ttl_std,0.36164490611648836,0.36164490611648836
27,pkt_ttl_mode,0.35768065571660457,0.35768065571660457
27,pkt_frag_mf_count,0.0,0.0
27,pkt_frag_df_count,0.7153073687764351,0.7153073687764351
27,pkt_payload_size_p25,-0.06691778864875268,0.06691778864875268
27,pkt_payload_size_p50,-0.21432890772700647,0.21432890772700647
27,pkt_payload_size_p75,-0.666821798089707,0.666821798089707
27,pkt_payload_size_p95,-0.8907861414558347,0.8907861414558347
27,pkt_tcp_retrans_count,1.5573655476673964,1.5573655476673964
27,pkt_port_scan_seq_score,1.4486302390861114,1.4486302390861114
28,duration_microsec_mean,0.18752218019102537,0.18752218019102537
28,duration_microsec_std,0.20339526004973965,0.20339526004973965
28,duration_microsec_sum,-0.07223596422375028,0.07223596422375028
28,duration_microsec_min,0.17154456177973954,0.17154456177973954
28,duration_microsec_max,0.3206654036574014,0.3206654036574014
28,packet_count_fwd_mean,0.4345167075548612,0.4345167075548612
28,packet_count_fwd_std,-0.2596413538300362,0.2596413538300362
28,packet_count_fwd_sum,0.16994717754312538,0.16994717754312538
28,packet_count_fwd_min,0.033796794421629694,0.033796794421629694
28,packet_count_fwd_max,-0.034289974308483136,0.034289974308483136
28,packet_count_bwd_mean,0.5996528361133886,0.5996528361133886
28,packet_count_bwd_std,1.0804239974420842,1.0804239974420842
28,packet_count_bwd_sum,0.10863279239653692,0.10863279239653692
28,packet_count_bwd_min,-0.1144001726064405,0.1144001726064405
28,packet_count_bwd_max,0.2507027262021834,0.2507027262021834
28,byte_count_fwd_mean,-0.10724277200132229,0.10724277200132229
28,byte_count_fwd_std,-0.7118482161862293,0.7118482161862293
28,byte_count_fwd_sum,-0.2108183927644029,0.2108183927644029
28,byte_count_fwd_min,0.050868387549406084,0.050868387549406084
28,byte_count_fwd_max,1.3068338366102736,1.3068338366102736
28,byte_count_bwd_mean,-0.5589127028834806,0.5589127028834806
28,byte_count_bwd_std,-1.5721257342613066,1.5721257342613066
28,byte_count_bwd_sum,-0.4000167520075946,0.4000167520075946
28,byte_count_bwd_min,0.05810665386484434,0.05810665386484434
28,byte_count_bwd_max,-0.6504955587549676,0.6504955587549676
28,fwd_pkt_len_max_mean,0.22901460282037112,0.22901460282037112
28,fwd_pkt_len_max_std,-1.6732990511833445,1.6732990511833445
28,fwd_pkt_len_max_sum,0.3905518174395894,0.3905518174395894
28,fwd_pkt_len_max_min,-0.03904041342147279,0.03904041342147279
28,fwd_pkt_len_max_max,0.49594693216563607,0.49594693216563607
28,fwd_pkt_len_min_mean,-0.16410994756335098,0.16410994756335098
28,fwd_pkt_len_min_std,0.010230885837681548,0.010230885837681548
28,fwd_pkt_len_min_sum,-0.1470233695786928,0.1470233695786928
28,fwd_pkt_len_min_min,0.012353544280987597,0.012353544280987597
28,fwd_pkt_len_min_max,-0.024208872971295575,0.024208872971295575
28,fwd_pkt_len_mean_mean,-0.18789114317651326,0.18789114317651326
28,fwd_pkt_len_mean_std,0.016827654042361417,0.016827654042361417
28,fwd_pkt_len_mean_sum,0.437577879575721,0.437577879575721
28,fwd_pkt_len_mean_min,0.005854386132532337,0.005854386132532337
28,fwd_pkt_len_mean_max,0.015118083222791085,0.015118083222791085
28,fwd_pkt_len_std_mean,2.0006131266041787,2.0006131266041787
28,fwd_pkt_len_std_std,0.892535846860643,0.892535846860643
28,fwd_pkt_len_std_sum,0.43179370489627655,0.43179370489627655
28,fwd_pkt_len_std_min,0.040207798645344524,0.040207798645344524
28,fwd_pkt_len_std_max,-0.2686900495881491,0.2686900495881491
28,bwd_pkt_len_max_mean,0.009530808241642581,0.009530808241642581
28,bwd_pkt_len_max_std,0.5825764330530279,0.5825764330530279
28,bwd_pkt_len_max_sum,0.16728645776512222,0.16728645776512222
28,bwd_pkt_len_max_min,0.04678983369928742,0.04678983369928742
28,bwd_pkt_len_max_max,-0.13538223210880385,0.13538223210880385
28,bwd_pkt_len_min_mean,0.9083036786422578,0.9083036786422578
28,bwd_pkt_len_min_std,-0.3865070374485153,0.3865070374485153
28,bwd_pkt_len_min_sum,0.23060186143722472,0.23060186143722472
28,bwd_pkt_len_min_min,0.0,0.0
28,bwd_pkt_len_min_max,-0.011801164095026108,0.011801164095026108
28,bwd_pkt_len_mean_mean,0.19347768117072814,0.19347768117072814
28,bwd_pkt_len_mean_std,0.29030433099567,0.29030433099567
28,bwd_pkt_len_mean_sum,0.47028006162012304,0.47028006162012304
28,bwd_pkt_len_mean_min,0.052590332936994874,0.052590332936994874
28,bwd_pkt_len_mean_max,1.537728755852952,1.537728755852952
28,bwd_pkt_len_std_mean,-1.6547025625856882,1.6547025625856882
28,bwd_pkt_len_std_std,1.1299685415605334,1.1299685415605334
28,bwd_pkt_len_std_sum,-0.0031681865965965386,0.0031681865965965386
28,bwd_pkt_len_std_min,0.04354736641218013,0.04354736641218013
28,bwd_pkt_len_std_max,1.2257516574406355,1.2257516574406355
28,bytes_per_sec_mean,-1.349676222765336,1.349676222765336
28,bytes_per_sec_std,0.26811938891738385,0.26811938891738385
28,bytes_per_sec_sum,-0.8867014375148604,0.8867014375148604
28,bytes_per_sec_min,-0.03616336168115154,0.03616336168115154
28,bytes_per_sec_max,1.1741609324442015,1.1741609324442015
28,packets_per_sec_mean,-0.3207097700218824,0.3207097700218824
28,packets_per_sec_std,0.01997894611899429,0.01997894611899429
28,packets_per_sec_sum,-0.27087002598129384,0.27087002598129384
28,packets_per_sec_min,-0.1591179496294789,0.1591179496294789
28,packets_per_sec_max,-0.33869259890711223,0.33869259890711223
28,flow_iat_mean_mean,0.21919560165124924,0.21919560165124924
28,flow_iat_mean_std,-0.15723614966552352,0.15723614966552352
28,flow_iat_mean_sum,0.26056595289437534,0.26056595289437534
28,flow_iat_mean_min,0.032748445557540425,0.032748445557540425
28,flow_iat_mean_max,-0.04166821664325206,0.04166821664325206
28,flow_iat_std_mean,-0.2251458061455882,0.2251458061455882
28,flow_iat_std_std,-1.2498477680028925,1.2498477680028925
28,flow_iat_std_sum,-0.41342143828047895,0.41342143828047895
28,flow_iat_std_min,-0.01776184748439668,0.01776184748439668
28,flow_iat_std_max,-0.26621147371694365,0.26621147371694365
28,flow_iat_max_mean,-0.25028992955541796,0.25028992955541796
28,flow_iat_max_std,-0.5559387254306112,0.5559387254306112
28,flow_iat_max_sum,0.18274879481822226,0.18274879481822226
28,flow_iat_max_min,0.023346887268045673,0.023346887268045673
28,flow_iat_max_max,0.20250951383340038,0.20250951383340038
28,flow_iat_min_mean,0.1417083979856014,0.1417083979856014
28,flow_iat_min_std,0.02853350383891314,0.02853350383891314
28,flow_iat_min_sum,0.3218325294870081,0.3218325294870081
28,flow_iat_min_min,0.0377068330629622,0.0377068330629622
28,flow_iat_min_max,0.09120853899570744,0.09120853899570744
28,fwd_iat_tot_mean,0.16604353797282478,0.16604353797282478
28,fwd_iat_tot_std,0.24241692443630328,0.24241692443630328
28,fwd_iat_tot_sum,-0.1144784047103927,0.1144784047103927
28,fwd_iat_tot_min,0.1709619011289563,0.1709619011289563
28,fwd_iat_tot_max,0.06411514994391801,0.06411514994391801
28,fwd_iat_mean_mean,-0.07992821570376775,0.07992821570376775
28,fwd_iat_mean_std,-0.6790750291864316,0.6790750291864316
28,fwd_iat_mean_sum,0.16236821103046525,0.16236821103046525
28,fwd_iat_mean_min,0.028075738945889446,0.028075738945889446
28,fwd_iat_mean_max,0.27874102795043887,0.27874102795043887
28,fwd_iat_std_mean,0.3638630125512442,0.3638630125512442
28,fwd_iat_std_std,0.3137337441168883,0.3137337441168883
28,fwd_iat_std_sum,0.2597547812285302,0.2597547812285302
28,fwd_iat_std_min,-0.022627620596023038,0.022627620596023038
28,fwd_iat_std_max,0.284395296098107,0.284395296098107
28,fwd_iat_max_mean,0.07976651072549926,0.07976651072549926
28,fwd_iat_max_std,-0.04906120389339326,0.04906120389339326
28,fwd_iat_max_sum,0.35517754932645357,0.35517754932645357
28,fwd_iat_max_min,0.02328663781619592,0.02328663781619592
28,fwd_iat_max_max,-0.273722097944425,0.273722097944425
28,fwd_iat_min_mean,-0.019696539033636763,0.019696539033636763
28,fwd_iat_min_std,-0.4354224337787271,0.4354224337787271
28,fwd_iat_min_sum,0.33897315286691937,0.33897315286691937
28,fwd_iat_min_min,0.028082131402816398,0.028082131402816398
28,fwd_iat_min_max,0.31964569863121856,0.31964569863121856
28,bwd_iat_tot_mean,-0.6012431638382411,0.6012431638382411
28,bwd_iat_tot_std,-0.11410795432833006,0.11410795432833006
28,bwd_iat_tot_sum,-0.0751794007060843,0.0751794007060843
28,bwd_iat_tot_min,0.03235561975205805,0.03235561975205805
28,bwd_iat_tot_max,-0.30754565086225594,0.30754565086225594
28,bwd_iat_mean_mean,0.4616365266820342,0.4616365266820342
28,bwd_iat_mean_std,1.0100107361249913,1.0100107361249913
28,bwd_iat_mean_sum,-0.6339916863711217,0.6339916863711217
28,bwd_iat_mean_min,-0.026527195566614214,0.026527195566614214
28,bwd_iat_mean_max,-0.5355181085933165,0.5355181085933165
28,bwd_iat_std_mean,1.347373613242101,1.347373613242101
28,bwd_iat_std_std,0.2542755667751146,0.2542755667751146
28,bwd_iat_std_sum,0.30375415674085726,0.30375415674085726
28,bwd_iat_std_min,0.04067962285441625,0.04067962285441625
28,bwd_iat_std_max,-0.06125405315300928,0.06125405315300928
28,bwd_iat_max_mean,-0.18173209171981705,0.18173209171981705
28,bwd_iat_max_std,-1.0120833031180587,1.0120833031180587
28,bwd_iat_max_sum,-0.11815965572233107,0.11815965572233107
28,bwd_iat_max_min,0.016930406788506394,0.016930406788506394
28,bwd_iat_max_max,0.012359223585531735,0.012359223585531735
28,bwd_iat_min_mean,-0.043586800045107635,0.043586800045107635
28,bwd_iat_min_std,-1.0351183837792624,1.0351183837792624
28,bwd_iat_min_sum,0.11613540197390879,0.11613540197390879
28,bwd_iat_min_min,-0.07196875408994334,0.07196875408994334
28,bwd_iat_min_max,0.8922580684054762,0.8922580684054762
28,fwd_psh_flags_mean,-0.0887656223968185,0.0887656223968185
28,fwd_psh_flags_std,-0.1427490944593755,0.1427490944593755
28,fwd_psh_flags_sum,-0.06343366570474876,0.06343366570474876
28,fwd_psh_flags_min,0.015787791188773343,0.015787791188773343
28,fwd_psh_flags_max,0.10033524970689969,0.10033524970689969
28,bwd_psh_flags_mean,0.0,0.0
28,bwd_psh_flags_std,0.0,0.0
28,bwd_psh_flags_sum,0.0,0.0
28,bwd_psh_flags_min,0.0,0.0
28,bwd_psh_flags_max,0.0,0.0
28,fwd_urg_flags_mean,-0.21675091858010906,0.21675091858010906
28,fwd_urg_flags_std,0.38260447854923213,0.38260447854923213
28,fwd_urg_flags_sum,0.01149944484579095,0.01149944484579095
28,fwd_urg_flags_min,0.0,0.0
28,fwd_urg_flags_max,0.11954396385201338,0.11954396385201338
28,bwd_urg_flags_mean,0.0,0.0
28,bwd_urg_flags_std,0.0,0.0
28,bwd_urg_flags_sum,0.0,0.0
28,bwd_urg_flags_min,0.0,0.0
28,bwd_urg_flags_max,0.0,0.0
28,fwd_header_len_mean,0.23671144548825945,0.23671144548825945
28,fwd_header_len_std,0.3231535801771401,0.3231535801771401
28,fwd_header_len_sum,0.2666374363957995,0.2666374363957995
28,fwd_header_len_min,-0.039044319069809125,0.039044319069809125
28,fwd_header_len_max,0.5500049149717654,0.5500049149717654
28,bwd_header_len_mean,-0.01416655234710807,0.01416655234710807
28,bwd_header_len_std,-0.266837494113198,0.266837494113198
28,bwd_header_len_sum,0.08181988021196532,0.08181988021196532
28,bwd_header_len_min,0.01813920050869782,0.01813920050869782
28,bwd_header_len_max,0.5697982806208396,0.5697982806208396
28,fwd_pkts_per_sec_mean,0.3423365275992627,0.3423365275992627
28,fwd_pkts_per_sec_std,0.12252266752854571,0.12252266752854571
28,fwd_pkts_per_sec_sum,0.39406397694269996,0.39406397694269996
28,fwd_pkts_per_sec_min,0.020158449211754796,0.020158449211754796
28,fwd_pkts_per_sec_max,-0.3855686015530029,0.3855686015530029
28,bwd_pkts_per_sec_mean,-0.20106451894407926,0.20106451894407926
28,bwd_pkts_per_sec_std,0.7017609760186356,0.7017609760186356
28,bwd_pkts_per_sec_sum,-0.9550810697608076,0.9550810697608076
28,bwd_pkts_per_sec_min,0.020175292052681502,0.020175292052681502
28,bwd_pkts_per_sec_max,-0.26094114140141556,0.26094114140141556
28,pkt_len_min_mean,0.016832770178118413,0.016832770178118413
28,pkt_len_min_std,0.9218994142472167,0.9218994142472167
28,pkt_len_min_sum,-0.17428318421229486,0.17428318421229486
28,pkt_len_min_min,0.010615018503503446,0.010615018503503446
28,pkt_len_min_max,-0.3111966689921354,0.3111966689921354
28,pkt_len_max_mean,-0.6377451897966002,0.6377451897966002
28,pkt_len_max_std,-0.7266370323020289,0.7266370323020289
28,pkt_len_max_sum,0.29936247897006113,0.29936247897006113
28,pkt_len_max_min,0.016905560363341295,0.016905560363341295
28,pkt_len_max_max,0.35257580062093713,0.35257580062093713
28,pkt_len_mean_mean,-0.6641383676448359,0.6641383676448359
28,pkt_len_mean_std,0.3132508364009881,0.3132508364009881
28,pkt_len_mean_sum,0.33103388105622245,0.33103388105622245
28,pkt_len_mean_min,0.011709914241151,0.011709914241151
28,pkt_len_mean_max,-0.9658118493784206,0.9658118493784206
28,pkt_len_std_mean,-0.9583731091684905,0.9583731091684905
28,pkt_len_std_std,0.5660914852460586,0.5660914852460586
28,pkt_len_std_sum,0.2807859468936929,0.2807859468936929
28,pkt_len_std_min,0.04887032949928433,0.04887032949928433
28,pkt_len_std_max,-0.1262157173920325,0.1262157173920325
28,pkt_len_var_mean,-1.2585787589246238,1.2585787589246238
28,pkt_len_var_std,-1.5406789688278584,1.5406789688278584
28,pkt_len_var_sum,0.5328307165882301,0.5328307165882301
28,pkt_len_var_min,0.044510575943731215,0.044510575943731215
28,pkt_len_var_max,-1.4785695315345246,1.4785695315345246
28,fin_flag_cnt_mean,0.06995282687849325,0.06995282687849325
28,fin_flag_cnt_std,0.13439604785572082,0.13439604785572082
28,fin_flag_cnt_sum,-0.019126322195669274,0.019126322195669274
28,fin_flag_cnt_min,0.0,0.0
28,fin_flag_cnt_max,0.14411008394557542,0.14411008394557542
28,syn_flag_cnt_mean,-0.0887656223968185,0.0887656223968185
28,syn_flag_cnt_std,-0.1427490944593755,0.1427490944593755
28,syn_flag_cnt_sum,-0.06343366570474876,0.06343366570474876
28,syn_flag_cnt_min,0.015787791188773343,0.015787791188773343
28,syn_flag_cnt_max,0.10033524970689969,0.10033524970689969
28,rst_flag_cnt_mean,0.008561712512021789,0.008561712512021789
28,rst_flag_cnt_std,0.6077213226265955,0.6077213226265955
28,rst_flag_cnt_sum,0.6755413315428519,0.6755413315428519
28,rst_flag_cnt_min,0.0,0.0
28,rst_flag_cnt_max,-0.26401777152581296,0.26401777152581296
28,psh_flag_cnt_mean,0.5147017021521351,0.5147017021521351
28,psh_flag_cnt_std,0.04936845599766658,0.04936845599766658
28,psh_flag_cnt_sum,0.09667901289969628,0.09667901289969628
28,psh_flag_cnt_min,0.030186407949556064,0.030186407949556064
28,psh_flag_cnt_max,-0.09844971130161653,0.09844971130161653
28,ack_flag_cnt_mean,0.2271777571488869,0.2271777571488869
28,ack_flag_cnt_std,1.0154873046282231,1.0154873046282231
28,ack_flag_cnt_sum,0.4792388367612084,0.4792388367612084
28,ack_flag_cnt_min,0.015787791188773343,0.015787791188773343
28,ack_flag_cnt_max,-0.2704757052394281,0.2704757052394281
28,urg_flag_cnt_mean,-0.8362923241917929,0.8362923241917929
28,urg_flag_cnt_std,0.5419011188809002,0.5419011188809002
28,urg_flag_cnt_sum,0.008077475399355645,0.008077475399355645
28,urg_flag_cnt_min,0.0,0.0
28,urg_flag_cnt_max,0.7735827789849876,0.7735827789849876
28,cwe_flag_cnt_mean,-0.21675091858010906,0.21675091858010906
28,cwe_flag_cnt_std,0.38260447854923213,0.38260447854923213
28,cwe_flag_cnt_sum,0.01149944484579095,0.01149944484579095
28,cwe_flag_cnt_min,0.0,0.0
28,cwe_flag_cnt_max,0.11954396385201338,0.11954396385201338
28,ece_flag_cnt_mean,0.05058455720813393,0.05058455720813393
28,ece_flag_cnt_std,0.6325729451195282,0.6325729451195282
28,ece_flag_cnt_sum,0.6764486267602106,0.6764486267602106
28,ece_flag_cnt_min,0.0,0.0
28,ece_flag_cnt_max,-0.26401777152581296,0.26401777152581296
28,down_up_ratio_mean,0.3728661748000188,0.3728661748000188
28,down_up_ratio_std,-1.1721473222371337,1.1721473222371337
28,down_up_ratio_sum,0.2892008753207723,0.2892008753207723
28,down_up_ratio_min,0.0281001583558367,0.0281001583558367
28,down_up_ratio_max,0.45204008087312403,0.45204008087312403
28,pkt_size_avg_mean,-0.6518567195952828,0.6518567195952828
28,pkt_size_avg_std,0.2189001721448231,0.2189001721448231
28,pkt_size_avg_sum,0.2915136472817812,0.2915136472817812
28,pkt_size_avg_min,0.00899826495597519,0.00899826495597519
28,pkt_size_avg_max,0.28049802851739325,0.28049802851739325
28,fwd_seg_size_avg_mean,-0.18789114317651326,0.18789114317651326
28,fwd_seg_size_avg_std,0.016827654042361417,0.016827654042361417
28,fwd_seg_size_avg_sum,0.437577879575721,0.437577879575721
28,fwd_seg_size_avg_min,0.005854386132532337,0.005854386132532337
28,fwd_seg_size_avg_max,0.015118083222791085,0.015118083222791085
28,bwd_seg_size_avg_mean,0.19347768116717518,0.19347768116717518
28,bwd_seg_size_avg_std,0.29030433098007996,0.29030433098007996
28,bwd_seg_size_avg_sum,0.4702800616196227,0.4702800616196227
28,bwd_seg_size_avg_min,0.052590332936994874,0.052590332936994874
28,bwd_seg_size_avg_max,1.5377287558530663,1.5377287558530663
28,fwd_byts_b_avg_mean,0.0,0.0
28,fwd_byts_b_avg_std,0.0,0.0
28,fwd_byts_b_avg_sum,0.0,0.0
28,fwd_byts_b_avg_min,0.0,0.0
28,fwd_byts_b_avg_max,0.0,0.0
28,fwd_pkts_b_avg_mean,0.0,0.0
28,fwd_pkts_b_avg_std,0.0,0.0
28,fwd_pkts_b_avg_sum,0.0,0.0
28,fwd_pkts_b_avg_min,0.0,0.0
28,fwd_pkts_b_avg_max,0.0,0.0
28,fwd_blk_rate_avg_mean,0.0,0.0
28,fwd_blk_rate_avg_std,0.0,0.0
28,fwd_blk_rate_avg_sum,0.0,0.0
28,fwd_blk_rate_avg_min,0.0,0.0
28,fwd_blk_rate_avg_max,0.0,0.0
28,bwd_byts_b_avg_mean,0.0,0.0
28,bwd_byts_b_avg_std,0.0,0.0
28,bwd_byts_b_avg_sum,0.0,0.0
28,bwd_byts_b_avg_min,0.0,0.0
28,bwd_byts_b_avg_max,0.0,0.0
28,bwd_pkts_b_avg_mean,0.0,0.0
28,bwd_pkts_b_avg_std,0.0,0.0
28,bwd_pkts_b_avg_sum,0.0,0.0
28,bwd_pkts_b_avg_min,0.0,0.0
28,bwd_pkts_b_avg_max,0.0,0.0
28,bwd_blk_rate_avg_mean,0.0,0.0
28,bwd_blk_rate_avg_std,0.0,0.0
28,bwd_blk_rate_avg_sum,0.0,0.0
28,bwd_blk_rate_avg_min,0.0,0.0
28,bwd_blk_rate_avg_max,0.0,0.0
28,subflow_fwd_pkts_mean,0.23495667159494954,0.23495667159494954
28,subflow_fwd_pkts_std,0.30619352840893577,0.30619352840893577
28,subflow_fwd_pkts_sum,0.21321869936507803,0.21321869936507803
28,subflow_fwd_pkts_min,0.03363532417374317,0.03363532417374317
28,subflow_fwd_pkts_max,0.20671263566306045,0.20671263566306045
28,subflow_fwd_byts_mean,0.17739577752654032,0.17739577752654032
28,subflow_fwd_byts_std,-0.06418965803472443,0.06418965803472443
28,subflow_fwd_byts_sum,0.2285948093714198,0.2285948093714198
28,subflow_fwd_byts_min,-0.0016484569598029849,0.0016484569598029849
28,subflow_fwd_byts_max,-0.14782760286206284,0.14782760286206284
28,subflow_bwd_pkts_mean,-0.11423197929356362,0.11423197929356362
28,subflow_bwd_pkts_std,-0.6271760209496258,0.6271760209496258
28,subflow_bwd_pkts_sum,-0.16716703597558863,0.16716703597558863
28,subflow_bwd_pkts_min,-0.028362319175104667,0.028362319175104667
28,subflow_bwd_pkts_max,-0.08560207300452784,0.08560207300452784
28,subflow_bwd_byts_mean,0.2148696452538256,0.2148696452538256
28,subflow_bwd_byts_std,-0.2500049799920658,0.2500049799920658
28,subflow_bwd_byts_sum,-0.8828755491069502,0.8828755491069502
28,subflow_bwd_byts_min,0.045609991269914704,0.045609991269914704
28,subflow_bwd_byts_max,0.4537237208812811,0.4537237208812811
28,window_size_fwd_mean,0.3748822118651865,0.3748822118651865
28,window_size_fwd_std,-1.19220039400359,1.19220039400359
28,window_size_fwd_sum,0.15782119254806212,0.15782119254806212
28,window_size_fwd_min,0.04355934538529152,0.04355934538529152
28,window_size_fwd_max,-0.16570283663469532,0.16570283663469532
28,window_size_bwd_mean,-0.776287890370168,0.776287890370168
28,window_size_bwd_std,1.9394076123698931,1.9394076123698931
28,window_size_bwd_sum,-0.7494569535430816,0.7494569535430816
28,window_size_bwd_min,0.03791389857099374,0.03791389857099374
28,window_size_bwd_max,0.41535201145800715,0.41535201145800715
28,fwd_act_data_pkts_mean,0.2339489082099785,0.2339489082099785
28,fwd_act_data_pkts_std,0.3014039374154131,0.3014039374154131
28,fwd_act_data_pkts_sum,0.19446580910286818,0.19446580910286818
28,fwd_act_data_pkts_min,0.00527670718560231,0.00527670718560231
28,fwd_act_data_pkts_max,0.16678911602737692,0.16678911602737692
28,fwd_seg_size_min_mean,1.051874180705018,1.051874180705018
28,fwd_seg_size_min_std,-0.3833114657454518,0.3833114657454518
28,fwd_seg_size_min_sum,0.2600769143337232,0.2600769143337232
28,fwd_seg_size_min_min,-0.14314232429196397,0.14314232429196397
28,fwd_seg_size_min_max,-0.12020503754349857,0.12020503754349857
28,active_mean_mean,-0.1411853008861361,0.1411853008861361
28,active_mean_std,-0.3528659565081106,0.3528659565081106
28,active_mean_sum,-0.6570710250966378,0.6570710250966378
28,active_mean_min,0.014385453154773476,0.014385453154773476
28,active_mean_max,-0.030768474029561912,0.030768474029561912
28,active_std_mean,-0.43128550910899643,0.43128550910899643
28,active_std_std,-0.12298400414983568,0.12298400414983568
28,active_std_sum,-0.6253434201500648,0.6253434201500648
28,active_std_min,0.021777233684207625,0.021777233684207625
28,active_std_max,0.2466335937250057,0.2466335937250057
28,active_max_mean,-0.2275518856941768,0.2275518856941768
28,active_max_std,0.4587501148198365,0.4587501148198365
28,active_max_sum,0.7271368082553001,0.7271368082553001
28,active_max_min,0.016615603620190683,0.016615603620190683
28,active_max_max,0.1898337086720897,0.1898337086720897
28,active_min_mean,0.0677367322212225,0.0677367322212225
28,active_min_std,-0.35288541691272785,0.35288541691272785
28,active_min_sum,0.16430676853937173,0.16430676853937173
28,active_min_min,0.010120949024113778,0.010120949024113778
28,active_min_max,0.17576124065378498,0.17576124065378498
28,idle_mean_mean,0.1373455994473239,0.1373455994473239
28,idle_mean_std,-0.2024679090342655,0.2024679090342655
28,idle_mean_sum,0.023882650364771024,0.023882650364771024
28,idle_mean_min,0.003992586966167765,0.003992586966167765
28,idle_mean_max,-0.09183340112282735,0.09183340112282735
28,idle_std_mean,0.4899049116387161,0.4899049116387161
28,idle_std_std,-0.0066067452730774415,0.0066067452730774415
28,idle_std_sum,0.04353100379630232,0.04353100379630232
28,idle_std_min,-0.005471348977350129,0.005471348977350129
28,idle_std_max,-0.035291584707257045,0.035291584707257045
28,idle_max_mean,0.3677190445483465,0.3677190445483465
28,idle_max_std,0.10311453776644368,0.10311453776644368
28,idle_max_sum,0.11951500091994449,0.11951500091994449
28,idle_max_min,0.019111639615715385,0.019111639615715385
28,idle_max_max,-0.12493992703027557,0.12493992703027557
28,idle_min_mean,-0.22803465289738578,0.22803465289738578
28,idle_min_std,-0.38479756844398244,0.38479756844398244
28,idle_min_sum,-0.041881458591320433,0.041881458591320433
28,idle_min_min,-0.022277542610477992,0.022277542610477992
28,idle_min_max,-0.07444797582530827,0.07444797582530827
28,duration_sec_mean,0.05298645069574836,0.05298645069574836
28,duration_sec_std,0.6310352587727673,0.6310352587727673
28,duration_sec_sum,-0.13328929974149153,0.13328929974149153
28,duration_sec_min,0.18300132906999825,0.18300132906999825
28,duration_sec_max,0.23245951484594954,0.23245951484594954
28,flow_count,0.1395352397188384,0.1395352397188384
28,unique_dst_ports_count,0.15010901575629715,0.15010901575629715
28,unique_protocols_count,0.13004689620236823,0.13004689620236823
28,pkt_ttl_min,-0.2343783068726128,0.2343783068726128
28,pkt_ttl_max,-0.4862925780292178,0.4862925780292178
28,pkt_ttl_std,0.3598168906801149,0.3598168906801149
28,pkt_ttl_mode,0.3558596915266633,0.3558596915266633
28,pkt_frag_mf_count,0.0,0.0
28,pkt_frag_df_count,0.7230678211272537,0.7230678211272537
28,pkt_payload_size_p25,-0.06796238625213093,0.06796238625213093
28,pkt_payload_size_p50,-0.21509429848848496,0.21509429848848496
28,pkt_payload_size_p75,-0.6666980430848413,0.6666980430848413
28,pkt_payload_size_p95,-0.8902029101102095,0.8902029101102095
28,pkt_tcp_retrans_count,1.5536298885921782,1.5536298885921782
28,pkt_port_scan_seq_score,1.445034303789008,1.445034303789008
29,duration_microsec_mean,0.09252461062288356,0.09252461062288356
29,duration_microsec_std,0.20971326896365158,0.20971326896365158
29,duration_microsec_sum,-0.06489430020064833,0.06489430020064833
29,duration_microsec_min,0.09054772911109457,0.09054772911109457
29,duration_microsec_max,0.29088125930557335,0.29088125930557335
29,packet_count_fwd_mean,0.5662914616668641,0.5662914616668641
29,packet_count_fwd_std,-0.2713121853246615,0.2713121853246615
29,packet_count_fwd_sum,0.2315805148783782,0.2315805148783782
29,packet_count_fwd_min,0.1383689333417636,0.1383689333417636
29,packet_count_fwd_max,-0.03455674401820212,0.03455674401820212
29,packet_count_bwd_mean,0.5775419297104042,0.5775419297104042
29,packet_count_bwd_std,1.0961767560385416,1.0961767560385416
29,packet_count_bwd_sum,0.040556507079572514,0.040556507079572514
29,packet_count_bwd_min,-0.15750202903737412,0.15750202903737412
29,packet_count_bwd_max,0.2475791529295841,0.2475791529295841
29,byte_count_fwd_mean,-0.06265045348339121,0.06265045348339121
29,byte_count_fwd_std,-0.7371838199122309,0.7371838199122309
29,byte_count_fwd_sum,-0.1949954521178123,0.1949954521178123
29,byte_count_fwd_min,0.19742678422695678,0.19742678422695678
29,byte_count_fwd_max,1.3107890996056413,1.3107890996056413
29,byte_count_bwd_mean,-0.5591763617988039,0.5591763617988039
29,byte_count_bwd_std,-1.5680152887835215,1.5680152887835215
29,byte_count_bwd_sum,-0.4468686382854254,0.4468686382854254
29,byte_count_bwd_min,0.054006506454781,0.054006506454781
29,byte_count_bwd_max,-0.6574436551508842,0.6574436551508842
29,fwd_pkt_len_max_mean,0.2162173679124995,0.2162173679124995
29,fwd_pkt_len_max_std,-1.6769448566621732,1.6769448566621732
29,fwd_pkt_len_max_sum,0.3878289191588367,0.3878289191588367
29,fwd_pkt_len_max_min,-0.05475670538538157,0.05475670538538157
29,fwd_pkt_len_max_max,0.49810111328505413,0.49810111328505413
29,fwd_pkt_len_min_mean,-0.1933910311266054,0.1933910311266054
29,fwd_pkt_len_min_std,0.015088665042095526,0.015088665042095526
29,fwd_pkt_len_min_sum,-0.15205861364425327,0.15205861364425327
29,fwd_pkt_len_min_min,0.04665382650263006,0.04665382650263006
29,fwd_pkt_len_min_max,-0.023846872700910064,0.023846872700910064
29,fwd_pkt_len_mean_mean,-0.21558982070486682,0.21558982070486682
29,fwd_pkt_len_mean_std,0.012631405249007945,0.012631405249007945
29,fwd_pkt_len_mean_sum,0.436072518134143,0.436072518134143
29,fwd_pkt_len_mean_min,0.013957219690065562,0.013957219690065562
29,fwd_pkt_len_mean_max,0.014116272167767957,0.014116272167767957
29,fwd_pkt_len_std_mean,2.0132099648959945,2.0132099648959945
29,fwd_pkt_len_std_std,0.9040102049344879,0.9040102049344879
29,fwd_pkt_len_std_sum,0.4299154756094221,0.4299154756094221
29,fwd_pkt_len_std_min,0.039835252866749396,0.039835252866749396
29,fwd_pkt_len_std_max,-0.2668159377393224,0.2668159377393224
29,bwd_pkt_len_max_mean,0.007126742712107978,0.007126742712107978
29,bwd_pkt_len_max_std,0.5793753066165425,0.5793753066165425
29,bwd_pkt_len_max_sum,0.16511072854180622,0.16511072854180622
29,bwd_pkt_len_max_min,0.04863236106174533,0.04863236106174533
29,bwd_pkt_len_max_max,-0.1335209534867241,0.1335209534867241
29,bwd_pkt_len_min_mean,0.859916213955393,0.859916213955393
29,bwd_pkt_len_min_std,-0.3587938628125952,0.3587938628125952
29,bwd_pkt_len_min_sum,0.23086207045505364,0.23086207045505364
29,bwd_pkt_len_min_min,0.0,0.0
29,bwd_pkt_len_min_max,-0.014307417331870412,0.014307417331870412
29,bwd_pkt_len_mean_mean,0.19482586810685373,0.19482586810685373
29,bwd_pkt_len_mean_std,0.29166452031486245,0.29166452031486245
29,bwd_pkt_len_mean_sum,0.47134176745186707,0.47134176745186707
29,bwd_pkt_len_mean_min,0.05506734938614265,0.05506734938614265
29,bwd_pkt_len_mean_max,1.5396145849238538,1.5396145849238538
29,bwd_pkt_len_std_mean,-1.6531975056994619,1.6531975056994619
29,bwd_pkt_len_std_std,1.1281815028286861,1.1281815028286861
29,bwd_pkt_len_std_sum,-0.005214199615558609,0.005214199615558609
29,bwd_pkt_len_std_min,0.04437291775189271,0.04437291775189271
29,bwd_pkt_len_std_max,1.226852085649037,1.226852085649037
29,bytes_per_sec_mean,-1.3218527009985974,1.3218527009985974
29,bytes_per_sec_std,0.2625446972504861,0.2625446972504861
29,bytes_per_sec_sum,-0.8778917320956409,0.8778917320956409
29,bytes_per_sec_min,0.053420808443430196,0.053420808443430196
29,bytes_per_sec_max,1.172907994910222,1.172907994910222
29,packets_per_sec_mean,-0.28930540589515713,0.28930540589515713
29,packets_per_sec_std,0.03262551093477252,0.03262551093477252
29,packets_per_sec_sum,-0.2632955023264428,0.2632955023264428
29,packets_per_sec_min,-0.16951720574943246,0.16951720574943246
29,packets_per_sec_max,-0.3203981689582422,0.3203981689582422
29,flow_iat_mean_mean,0.2212317211992188,0.2212317211992188
29,flow_iat_mean_std,-0.15596515615768905,0.15596515615768905
29,flow_iat_mean_sum,0.2609150090274386,0.2609150090274386
29,flow_iat_mean_min,0.014835884906403475,0.014835884906403475
29,flow_iat_mean_max,-0.040666621696912195,0.040666621696912195
29,flow_iat_std_mean,-0.26858547478856076,0.26858547478856076
29,flow_iat_std_std,-1.2447845836317206,1.2447845836317206
29,flow_iat_std_sum,-0.3987286077098795,0.3987286077098795
29,flow_iat_std_min,-0.042946657871518905,0.042946657871518905
29,flow_iat_std_max,-0.2672245645252924,0.2672245645252924
29,flow_iat_max_mean,-0.26682543180181506,0.26682543180181506
29,flow_iat_max_std,-0.5698054175053681,0.5698054175053681
29,flow_iat_max_sum,0.19045354499059539,0.19045354499059539
29,flow_iat_max_min,-0.0011364490201661278,0.0011364490201661278
29,flow_iat_max_max,0.19830371365767935,0.19830371365767935
29,flow_iat_min_mean,0.16646870103833855,0.16646870103833855
29,flow_iat_min_std,0.0332329409917282,0.0332329409917282
29,flow_iat_min_sum,0.32180143723488375,0.32180143723488375
29,flow_iat_min_min,0.022126199744777867,0.022126199744777867
29,flow_iat_min_max,0.09512276823032317,0.09512276823032317
29,fwd_iat_tot_mean,0.07115491803245923,0.07115491803245923
29,fwd_iat_tot_std,0.24818514445244716,0.24818514445244716
29,fwd_iat_tot_sum,-0.10914611175902207,0.10914611175902207
29,fwd_iat_tot_min,0.08959187088035517,0.08959187088035517
29,fwd_iat_tot_max,0.03885988066108438,0.03885988066108438
29,fwd_iat_mean_mean,-0.07563268334292306,0.07563268334292306
29,fwd_iat_mean_std,-0.6775466826056722,0.6775466826056722
29,fwd_iat_mean_sum,0.16337450883479154,0.16337450883479154
29,fwd_iat_mean_min,0.00805394436468736,0.00805394436468736
29,fwd_iat_mean_max,0.27631800982138494,0.27631800982138494
29,fwd_iat_std_mean,0.3282542308587368,0.3282542308587368
29,fwd_iat_std_std,0.3366439817512823,0.3366439817512823
29,fwd_iat_std_sum,0.2690679510482555,0.2690679510482555
29,fwd_iat_std_min,-0.04993009718064459,0.04993009718064459
29,fwd_iat_std_max,0.28271362277542644,0.28271362277542644
29,fwd_iat_max_mean,0.06283219126093972,0.06283219126093972
29,fwd_iat_max_std,-0.059642452197218095,0.059642452197218095
29,fwd_iat_max_sum,0.3599100946350382,0.3599100946350382
29,fwd_iat_max_min,-0.0011950578582291785,0.0011950578582291785
29,fwd_iat_max_max,-0.27723112057295013,0.27723112057295013
29,fwd_iat_min_mean,0.004284130359510141,0.004284130359510141
29,fwd_iat_min_std,-0.42900010536354877,0.42900010536354877
29,fwd_iat_min_sum,0.3397473832540029,0.3397473832540029
29,fwd_iat_min_min,0.00599495131062596,0.00599495131062596
29,fwd_iat_min_max,0.3233853588123545,0.3233853588123545
29,bwd_iat_tot_mean,-0.5875710301967966,0.5875710301967966
29,bwd_iat_tot_std,-0.10250012562478049,0.10250012562478049
29,bwd_iat_tot_sum,-0.07742966695677708,0.07742966695677708
29,bwd_iat_tot_min,0.025001237054765035,0.025001237054765035
29,bwd_iat_tot_max,-0.2896686150835187,0.2896686150835187
29,bwd_iat_mean_mean,0.4760732777133849,0.4760732777133849
29,bwd_iat_mean_std,1.0082198748973663,1.0082198748973663
29,bwd_iat_mean_sum,-0.6431024644650959,0.6431024644650959
29,bwd_iat_mean_min,-0.041694182602749534,0.041694182602749534
29,bwd_iat_mean_max,-0.536583147158939,0.536583147158939
29,bwd_iat_std_mean,1.3660922524041037,1.3660922524041037
29,bwd_iat_std_std,0.24303648112660414,0.24303648112660414
29,bwd_iat_std_sum,0.29939134165589687,0.29939134165589687
29,bwd_iat_std_min,0.020962286765739357,0.020962286765739357
29,bwd_iat_std_max,-0.058615600566291386,0.058615600566291386
29,bwd_iat_max_mean,-0.17137465016312445,0.17137465016312445
29,bwd_iat_max_std,-1.0238962563731906,1.0238962563731906
29,bwd_iat_max_sum,-0.122071977548489,0.122071977548489
29,bwd_iat_max_min,-0.0009195993321131862,0.0009195993321131862
29,bwd_iat_max_max,0.012426748252661757,0.012426748252661757
29,bwd_iat_min_mean,-0.03907816428018073,0.03907816428018073
29,bwd_iat_min_std,-1.0336537188686352,1.0336537188686352
29,bwd_iat_min_sum,0.10970351363610366,0.10970351363610366
29,bwd_iat_min_min,-0.08146015101388696,0.08146015101388696
29,bwd_iat_min_max,0.8954186104828457,0.8954186104828457
29,fwd_psh_flags_mean,-0.08906594619745768,0.08906594619745768
29,fwd_psh_flags_std,-0.14180863076393996,0.14180863076393996
29,fwd_psh_flags_sum,-0.06488836011912658,0.06488836011912658
29,fwd_psh_flags_min,-0.014225530196744782,0.014225530196744782
29,fwd_psh_flags_max,0.09538911097167208,0.09538911097167208
29,bwd_psh_flags_mean,0.0,0.0
29,bwd_psh_flags_std,0.0,0.0
29,bwd_psh_flags_sum,0.0,0.0
29,bwd_psh_flags_min,0.0,0.0
29,bwd_psh_flags_max,0.0,0.0
29,fwd_urg_flags_mean,-0.21727479375238246,0.21727479375238246
29,fwd_urg_flags_std,0.38159022520076946,0.38159022520076946
29,fwd_urg_flags_sum,0.013934107697492372,0.013934107697492372
29,fwd_urg_flags_min,0.0,0.0
29,fwd_urg_flags_max,0.1212802153578909,0.1212802153578909
29,bwd_urg_flags_mean,0.0,0.0
29,bwd_urg_flags_std,0.0,0.0
29,bwd_urg_flags_sum,0.0,0.0
29,bwd_urg_flags_min,0.0,0.0
29,bwd_urg_flags_max,0.0,0.0
29,fwd_header_len_mean,0.2628026297373496,0.2628026297373496
29,fwd_header_len_std,0.31712255888852525,0.31712255888852525
29,fwd_header_len_sum,0.22528922706793966,0.22528922706793966
29,fwd_header_len_min,-0.012681849081557029,0.012681849081557029
29,fwd_header_len_max,0.5339274420324761,0.5339274420324761
29,bwd_header_len_mean,-0.026728674380885498,0.026728674380885498
29,bwd_header_len_std,-0.2629601413350222,0.2629601413350222
29,bwd_header_len_sum,0.08094144668142735,0.08094144668142735
29,bwd_header_len_min,0.0008673532468220405,0.0008673532468220405
29,bwd_header_len_max,0.5734195323137012,0.5734195323137012
29,fwd_pkts_per_sec_mean,0.33617311504275027,0.33617311504275027
29,fwd_pkts_per_sec_std,0.10662225366230968,0.10662225366230968
29,fwd_pkts_per_sec_sum,0.38784766473236515,0.38784766473236515
29,fwd_pkts_per_sec_min,0.01838554929065118,0.01838554929065118
29,fwd_pkts_per_sec_max,-0.392724224666712,0.392724224666712
29,bwd_pkts_per_sec_mean,-0.2070999590276884,0.2070999590276884
29,bwd_pkts_per_sec_std,0.693205500516661,0.693205500516661
29,bwd_pkts_per_sec_sum,-0.9508274852181454,0.9508274852181454
29,bwd_pkts_per_sec_min,0.01839617190896132,0.01839617190896132
29,bwd_pkts_per_sec_max,-0.2604656489121706,0.2604656489121706
29,pkt_len_min_mean,-0.012799094946310083,0.012799094946310083
29,pkt_len_min_std,0.9222900835150154,0.9222900835150154
29,pkt_len_min_sum,-0.18081611454908758,0.18081611454908758
29,pkt_len_min_min,0.04645454213427889,0.04645454213427889
29,pkt_len_min_max,-0.30946335567229005,0.30946335567229005
29,pkt_len_max_mean,-0.6470725642250548,0.6470725642250548
29,pkt_len_max_std,-0.7314804532219316,0.7314804532219316
29,pkt_len_max_sum,0.2970439511970678,0.2970439511970678
29,pkt_len_max_min,0.007326169701199949,0.007326169701199949
29,pkt_len_max_max,0.35149963979684135,0.35149963979684135
29,pkt_len_mean_mean,-0.6814847007197575,0.6814847007197575
29,pkt_len_mean_std,0.3272539203729683,0.3272539203729683
29,pkt_len_mean_sum,0.3321223323657445,0.3321223323657445
29,pkt_len_mean_min,0.021628652846464636,0.021628652846464636
29,pkt_len_mean_max,-0.9570398218583618,0.9570398218583618
29,pkt_len_std_mean,-0.9478885029686849,0.9478885029686849
29,pkt_len_std_std,0.5549737052468086,0.5549737052468086
29,pkt_len_std_sum,0.2796374721768111,0.2796374721768111
29,pkt_len_std_min,0.04902666787705159,0.04902666787705159
29,pkt_len_std_max,-0.14531595445114576,0.14531595445114576
29,pkt_len_var_mean,-1.2378889027258406,1.2378889027258406
29,pkt_len_var_std,-1.5453484912598798,1.5453484912598798
29,pkt_len_var_sum,0.5342458372421912,0.5342458372421912
29,pkt_len_var_min,0.04632335638210271,0.04632335638210271
29,pkt_len_var_max,-1.4828236802989259,1.4828236802989259
29,fin_flag_cnt_mean,0.06653270831402544,0.06653270831402544
29,fin_flag_cnt_std,0.13581950444930496,0.13581950444930496
29,fin_flag_cnt_sum,-0.018274717193568827,0.018274717193568827
29,fin_flag_cnt_min,0.0,0.0
29,fin_flag_cnt_max,0.14312684327148564,0.14312684327148564
29,syn_flag_cnt_mean,-0.08906594619745768,0.08906594619745768
29,syn_flag_cnt_std,-0.14180863076393996,0.14180863076393996
29,syn_flag_cnt_sum,-0.06488836011912658,0.06488836011912658
29,syn_flag_cnt_min,-0.014225530196744782,0.014225530196744782
29,syn_flag_cnt_max,0.09538911097167208,0.09538911097167208
29,rst_flag_cnt_mean,0.01670147770946606,0.01670147770946606
29,rst_flag_cnt_std,0.5997766053339184,0.5997766053339184
29,rst_flag_cnt_sum,0.6771635525959322,0.6771635525959322
29,rst_flag_cnt_min,0.0,0.0
29,rst_flag_cnt_max,-0.3254425292032624,0.3254425292032624
29,psh_flag_cnt_mean,0.4949537816264875,0.4949537816264875
29,psh_flag_cnt_std,-0.033684555622264085,0.033684555622264085
29,psh_flag_cnt_sum,0.09339943677874725,0.09339943677874725
29,psh_flag_cnt_min,0.006583360538308482,0.006583360538308482
29,psh_flag_cnt_max,-0.48371569336204673,0.48371569336204673
29,ack_flag_cnt_mean,0.18921533151342546,0.18921533151342546
29,ack_flag_cnt_std,0.9942244763578817,0.9942244763578817
29,ack_flag_cnt_sum,0.4753128395353472,0.4753128395353472
29,ack_flag_cnt_min,-0.014225530196744782,0.014225530196744782
29,ack_flag_cnt_max,-0.3411928216259865,0.3411928216259865
29,urg_flag_cnt_mean,-0.8304762310856587,0.8304762310856587
29,urg_flag_cnt_std,0.543528928106384,0.543528928106384
29,urg_flag_cnt_sum,0.0006678197384110161,0.0006678197384110161
29,urg_flag_cnt_min,0.0,0.0
29,urg_flag_cnt_max,0.8118165782166609,0.8118165782166609
29,cwe_flag_cnt_mean,-0.21727479375238246,0.21727479375238246
29,cwe_flag_cnt_std,0.38159022520076946,0.38159022520076946
29,cwe_flag_cnt_sum,0.013934107697492372,0.013934107697492372
29,cwe_flag_cnt_min,0.0,0.0
29,cwe_flag_cnt_max,0.1212802153578909,0.1212802153578909
29,ece_flag_cnt_mean,0.05889759467485171,0.05889759467485171
29,ece_flag_cnt_std,0.6247295697097036,0.6247295697097036
29,ece_flag_cnt_sum,0.6780736094429994,0.6780736094429994
29,ece_flag_cnt_min,0.0,0.0
29,ece_flag_cnt_max,-0.3254425292032624,0.3254425292032624
29,down_up_ratio_mean,0.34064478664433717,0.34064478664433717
29,down_up_ratio_std,-1.1948109520005368,1.1948109520005368
29,down_up_ratio_sum,0.2887142736081821,0.2887142736081821
29,down_up_ratio_min,-0.003195904083526468,0.003195904083526468
29,down_up_ratio_max,0.4591004998792863,0.4591004998792863
29,pkt_size_avg_mean,-0.6792024213476161,0.6792024213476161
29,pkt_size_avg_std,0.22025144287999346,0.22025144287999346
29,pkt_size_avg_sum,0.2919804182391391,0.2919804182391391
29,pkt_size_avg_min,0.01129744302745943,0.01129744302745943
29,pkt_size_avg_max,0.2820178679145744,0.2820178679145744
29,fwd_seg_size_avg_mean,-0.21558982070486682,0.21558982070486682
29,fwd_seg_size_avg_std,0.012631405249007945,0.012631405249007945
29,fwd_seg_size_avg_sum,0.436072518134143,0.436072518134143
29,fwd_seg_size_avg_min,0.013957219690065562,0.013957219690065562
29,fwd_seg_size_avg_max,0.014116272167767957,0.014116272167767957
29,bwd_seg_size_avg_mean,0.19482586810339245,0.19482586810339245
29,bwd_seg_size_avg_std,0.2916645202993258,0.2916645202993258
29,bwd_seg_size_avg_sum,0.4713417674513722,0.4713417674513722
29,bwd_seg_size_avg_min,0.05506734938614265,0.05506734938614265
29,bwd_seg_size_avg_max,1.539614584923968,1.539614584923968
29,fwd_byts_b_avg_mean,0.0,0.0
29,fwd_byts_b_avg_std,0.0,0.0
29,fwd_byts_b_avg_sum,0.0,0.0
29,fwd_byts_b_avg_min,0.0,0.0
29,fwd_byts_b_avg_max,0.0,0.0
29,fwd_pkts_b_avg_mean,0.0,0.0
29,fwd_pkts_b_avg_std,0.0,0.0
29,fwd_pkts_b_avg_sum,0.0,0.0
29,fwd_pkts_b_avg_min,0.0,0.0
29,fwd_pkts_b_avg_max,0.0,0.0
29,fwd_blk_rate_avg_mean,0.0,0.0
29,fwd_blk_rate_avg_std,0.0,0.0
29,fwd_blk_rate_avg_sum,0.0,0.0
29,fwd_blk_rate_avg_min,0.0,0.0
29,fwd_blk_rate_avg_max,0.0,0.0
29,bwd_byts_b_avg_mean,0.0,0.0
29,bwd_byts_b_avg_std,0.0,0.0
29,bwd_byts_b_avg_sum,0.0,0.0
29,bwd_byts_b_avg_min,0.0,0.0
29,bwd_byts_b_avg_max,0.0,0.0
29,bwd_pkts_b_avg_mean,0.0,0.0
29,bwd_pkts_b_avg_std,0.0,0.0
29,bwd_pkts_b_avg_sum,0.0,0.0
29,bwd_pkts_b_avg_min,0.0,0.0
29,bwd_pkts_b_avg_max,0.0,0.0
29,bwd_blk_rate_avg_mean,0.0,0.0
29,bwd_blk_rate_avg_std,0.0,0.0
29,bwd_blk_rate_avg_sum,0.0,0.0
29,bwd_blk_rate_avg_min,0.0,0.0
29,bwd_blk_rate_avg_max,0.0,0.0
29,subflow_fwd_pkts_mean,0.26110500183637514,0.26110500183637514
29,subflow_fwd_pkts_std,0.30157089170328394,0.30157089170328394
29,subflow_fwd_pkts_sum,0.1724466214041925,0.1724466214041925
29,subflow_fwd_pkts_min,0.06847877772986039,0.06847877772986039
29,subflow_fwd_pkts_max,0.1948841554832879,0.1948841554832879
29,subflow_fwd_byts_mean,0.20163306937378792,0.20163306937378792
29,subflow_fwd_byts_std,-0.07376087564032811,0.07376087564032811
29,subflow_fwd_byts_sum,0.18806238645842363,0.18806238645842363
29,subflow_fwd_byts_min,-0.020603465253631156,0.020603465253631156
29,subflow_fwd_byts_max,-0.14434486202073474,0.14434486202073474
29,subflow_bwd_pkts_mean,-0.13646510467330633,0.13646510467330633
29,subflow_bwd_pkts_std,-0.6330669646239832,0.6330669646239832
29,subflow_bwd_pkts_sum,-0.17338225452000777,0.17338225452000777
29,subflow_bwd_pkts_min,-0.05271562047104228,0.05271562047104228
29,subflow_bwd_pkts_max,-0.08644017151475104,0.08644017151475104
29,subflow_bwd_byts_mean,0.23203132695157797,0.23203132695157797
29,subflow_bwd_byts_std,-0.2384082124320858,0.2384082124320858
29,subflow_bwd_byts_sum,-0.8780657669567877,0.8780657669567877
29,subflow_bwd_byts_min,0.047669525479433046,0.047669525479433046
29,subflow_bwd_byts_max,0.45578962742981916,0.45578962742981916
29,window_size_fwd_mean,0.382174988861277,0.382174988861277
29,window_size_fwd_std,-1.1904701684603447,1.1904701684603447
29,window_size_fwd_sum,0.15332929397279405,0.15332929397279405
29,window_size_fwd_min,0.02975140300050004,0.02975140300050004
29,window_size_fwd_max,-0.18841451551477287,0.18841451551477287
29,window_size_bwd_mean,-0.7883285265678013,0.7883285265678013
29,window_size_bwd_std,1.9558403671371545,1.9558403671371545
29,window_size_bwd_sum,-0.7639352823500096,0.7639352823500096
29,window_size_bwd_min,0.04050054289073318,0.04050054289073318
29,window_size_bwd_max,0.3849804984026644,0.3849804984026644
29,fwd_act_data_pkts_mean,0.2601091892710181,0.2601091892710181
29,fwd_act_data_pkts_std,0.29724667803774263,0.29724667803774263
29,fwd_act_data_pkts_sum,0.15406527070335102,0.15406527070335102
29,fwd_act_data_pkts_min,0.13676846616974436,0.13676846616974436
29,fwd_act_data_pkts_max,0.15782440230481476,0.15782440230481476
29,fwd_seg_size_min_mean,1.0391965546543187,1.0391965546543187
29,fwd_seg_size_min_std,-0.4025665325476614,0.4025665325476614
29,fwd_seg_size_min_sum,0.2559343901153415,0.2559343901153415
29,fwd_seg_size_min_min,-0.150552216139738,0.150552216139738
29,fwd_seg_size_min_max,-0.1210540832091926,0.1210540832091926
29,active_mean_mean,-0.1676736157092828,0.1676736157092828
29,active_mean_std,-0.34432116766155735,0.34432116766155735
29,active_mean_sum,-0.6542732885483492,0.6542732885483492
29,active_mean_min,0.004361151176214369,0.004361151176214369
29,active_mean_max,-0.034494290913297525,0.034494290913297525
29,active_std_mean,-0.4407726040716296,0.4407726040716296
29,active_std_std,-0.12051421162786909,0.12051421162786909
29,active_std_sum,-0.6250314789546517,0.6250314789546517
29,active_std_min,0.020988758019640154,0.020988758019640154
29,active_std_max,0.2455597166041442,0.2455597166041442
29,active_max_mean,-0.2541915154990265,0.2541915154990265
29,active_max_std,0.4621055287809147,0.4621055287809147
29,active_max_sum,0.725032516127371,0.725032516127371
29,active_max_min,0.00978840386573195,0.00978840386573195
29,active_max_max,0.19192297026977287,0.19192297026977287
29,active_min_mean,0.03843687207074172,0.03843687207074172
29,active_min_std,-0.34845973485103915,0.34845973485103915
29,active_min_sum,0.17019604174190656,0.17019604174190656
29,active_min_min,-0.004797913706037769,0.004797913706037769
29,active_min_max,0.1729341061787226,0.1729341061787226
29,idle_mean_mean,0.13406628609210028,0.13406628609210028
29,idle_mean_std,-0.20425270397633782,0.20425270397633782
29,idle_mean_sum,0.02379000021420837,0.02379000021420837
29,idle_mean_min,-0.020822629079019384,0.020822629079019384
29,idle_mean_max,-0.09342230638818673,0.09342230638818673
29,idle_std_mean,0.4287377546113053,0.4287377546113053
29,idle_std_std,0.007669106078100134,0.007669106078100134
29,idle_std_sum,0.04689104935253218,0.04689104935253218
29,idle_std_min,-0.027159836967863206,0.027159836967863206
29,idle_std_max,-0.034662201096661543,0.034662201096661543
29,idle_max_mean,0.33222638043811004,0.33222638043811004
29,idle_max_std,0.09396008648829382,0.09396008648829382
29,idle_max_sum,0.11959678312279941,0.11959678312279941
29,idle_max_min,-0.0016972118557173606,0.0016972118557173606
29,idle_max_max,-0.12218330399844285,0.12218330399844285
29,idle_min_mean,-0.20233939075359275,0.20233939075359275
29,idle_min_std,-0.38296291757266054,0.38296291757266054
29,idle_min_sum,-0.04221942607527641,0.04221942607527641
29,idle_min_min,-0.053782017019274646,0.053782017019274646
29,idle_min_max,-0.07139373076878612,0.07139373076878612
29,duration_sec_mean,0.07991311982309765,0.07991311982309765
29,duration_sec_std,0.6513241536674791,0.6513241536674791
29,duration_sec_sum,-0.1371902818651031,0.1371902818651031
29,duration_sec_min,0.07321515096400355,0.07321515096400355
29,duration_sec_max,0.15452982369809948,0.15452982369809948
29,flow_count,0.13361508907641054,0.13361508907641054
29,unique_dst_ports_count,0.13961761073681572,0.13961761073681572
29,unique_protocols_count,0.01121686240812999,0.01121686240812999
29,pkt_ttl_min,-0.2336454184695873,0.2336454184695873
29,pkt_ttl_max,-0.4860153380834377,0.4860153380834377
29,pkt_ttl_std,0.36156741580112767,0.36156741580112767
29,pkt_ttl_mode,0.35760370468194047,0.35760370468194047
29,pkt_frag_mf_count,0.0,0.0
29,pkt_frag_df_count,0.7152480803137026,0.7152480803137026
29,pkt_payload_size_p25,-0.06693647441019161,0.06693647441019161
29,pkt_payload_size_p50,-0.2143271341586382,0.2143271341586382
29,pkt_payload_size_p75,-0.6667564561773346,0.6667564561773346
29,pkt_payload_size_p95,-0.8906888729645172,0.8906888729645172
29,pkt_tcp_retrans_count,1.5571302072016482,1.5571302072016482
29,pkt_port_scan_seq_score,1.44840883226999,1.44840883226999
30,duration_microsec_mean,0.0908410403183246,0.0908410403183246
30,duration_microsec_std,0.21072082182656518,0.21072082182656518
30,duration_microsec_sum,-0.06493366117520136,0.06493366117520136
30,duration_microsec_min,0.09053895265240271,0.09053895265240271
30,duration_microsec_max,0.2905567480966684,0.2905567480966684
30,packet_count_fwd_mean,0.5679830293486747,0.5679830293486747
30,packet_count_fwd_std,-0.27305669584801295,0.27305669584801295
30,packet_count_fwd_sum,0.22908854275275625,0.22908854275275625
30,packet_count_fwd_min,0.13951162068726858,0.13951162068726858
30,packet_count_fwd_max,-0.033883077813295547,0.033883077813295547
30,packet_count_bwd_mean,0.5773189467666102,0.5773189467666102
30,packet_count_bwd_std,1.0972955336920633,1.0972955336920633
30,packet_count_bwd_sum,0.04134204918636635,0.04134204918636635
30,packet_count_bwd_min,-0.15726757805475633,0.15726757805475633
30,packet_count_bwd_max,0.24760093594872318,0.24760093594872318
30,byte_count_fwd_mean,-0.06209452733108141,0.06209452733108141
30,byte_count_fwd_std,-0.7356689622753778,0.7356689622753778
30,byte_count_fwd_sum,-0.19465504767492237,0.19465504767492237
30,byte_count_fwd_min,0.1970092990408226,0.1970092990408226
30,byte_count_fwd_max,1.309458459620974,1.309458459620974
30,byte_count_bwd_mean,-0.5575253949009252,0.5575253949009252
30,byte_count_bwd_std,-1.5666081995014303,1.5666081995014303
30,byte_count_bwd_sum,-0.44574215854837723,0.44574215854837723
30,byte_count_bwd_min,0.05609113222796843,0.05609113222796843
30,byte_count_bwd_max,-0.654859804468135,0.654859804468135
30,fwd_pkt_len_max_mean,0.21668234712311096,0.21668234712311096
30,fwd_pkt_len_max_std,-1.6763917326952136,1.6763917326952136
30,fwd_pkt_len_max_sum,0.3881240268446905,0.3881240268446905
30,fwd_pkt_len_max_min,-0.05478155782826519,0.05478155782826519
30,fwd_pkt_len_max_max,0.4982284290783078,0.4982284290783078
30,fwd_pkt_len_min_mean,-0.19283256245723945,0.19283256245723945
30,fwd_pkt_len_min_std,0.01480097597345665,0.01480097597345665
30,fwd_pkt_len_min_sum,-0.15191901864796745,0.15191901864796745
30,fwd_pkt_len_min_min,0.046697342112915576,0.046697342112915576
30,fwd_pkt_len_min_max,-0.023943907854363067,0.023943907854363067
30,fwd_pkt_len_mean_mean,-0.21584604069613458,0.21584604069613458
30,fwd_pkt_len_mean_std,0.012981224291121987,0.012981224291121987
30,fwd_pkt_len_mean_sum,0.43616139255683756,0.43616139255683756
30,fwd_pkt_len_mean_min,0.014061015051764212,0.014061015051764212
30,fwd_pkt_len_mean_max,0.01422570548572324,0.01422570548572324
30,fwd_pkt_len_std_mean,2.0124865959865597,2.0124865959865597
30,fwd_pkt_len_std_std,0.9042154116472844,0.9042154116472844
30,fwd_pkt_len_std_sum,0.43010920767014293,0.43010920767014293
30,fwd_pkt_len_std_min,0.04054152261646649,0.04054152261646649
30,fwd_pkt_len_std_max,-0.2670177784927592,0.2670177784927592
30,bwd_pkt_len_max_mean,0.009204397160829984,0.009204397160829984
30,bwd_pkt_len_max_std,0.5796521289353903,0.5796521289353903
30,bwd_pkt_len_max_sum,0.1654876345479211,0.1654876345479211
30,bwd_pkt_len_max_min,0.04997462144019395,0.04997462144019395
30,bwd_pkt_len_max_max,-0.1329941486833913,0.1329941486833913
30,bwd_pkt_len_min_mean,0.8615342873230354,0.8615342873230354
30,bwd_pkt_len_min_std,-0.3595335178742361,0.3595335178742361
30,bwd_pkt_len_min_sum,0.23047146066256366,0.23047146066256366
30,bwd_pkt_len_min_min,0.0,0.0
30,bwd_pkt_len_min_max,-0.014219397366360064,0.014219397366360064
30,bwd_pkt_len_mean_mean,0.1955872107448725,0.1955872107448725
30,bwd_pkt_len_mean_std,0.2910542050863408,0.2910542050863408
30,bwd_pkt_len_mean_sum,0.47127488034334974,0.47127488034334974
30,bwd_pkt_len_mean_min,0.057559782136662456,0.057559782136662456
30,bwd_pkt_len_mean_max,1.5396636068549,1.5396636068549
30,bwd_pkt_len_std_mean,-1.6534103483908074,1.6534103483908074
30,bwd_pkt_len_std_std,1.1291205979064658,1.1291205979064658
30,bwd_pkt_len_std_sum,-0.004711267787010396,0.004711267787010396
30,bwd_pkt_len_std_min,0.04534099812716786,0.04534099812716786
30,bwd_pkt_len_std_max,1.225815005164776,1.225815005164776
30,bytes_per_sec_mean,-1.3217183437832036,1.3217183437832036
30,bytes_per_sec_std,0.2618698244413198,0.2618698244413198
30,bytes_per_sec_sum,-0.8777766858555566,0.8777766858555566
30,bytes_per_sec_min,0.053801180146175825,0.053801180146175825
30,bytes_per_sec_max,1.172800209793083,1.172800209793083
30,packets_per_sec_mean,-0.28908272421266096,0.28908272421266096
30,packets_per_sec_std,0.03194725374538861,0.03194725374538861
30,packets_per_sec_sum,-0.2630965783175742,0.2630965783175742
30,packets_per_sec_min,-0.168584104544448,0.168584104544448
30,packets_per_sec_max,-0.3205082946172289,0.3205082946172289
30,flow_iat_mean_mean,0.22120193810758568,0.22120193810758568
30,flow_iat_mean_std,-0.15611557195060183,0.15611557195060183
30,flow_iat_mean_sum,0.2609206739476787,0.2609206739476787
30,flow_iat_mean_min,0.015039437697244445,0.015039437697244445
30,flow_iat_mean_max,-0.040664026042839155,0.040664026042839155
30,flow_iat_std_mean,-0.26911390612108216,0.26911390612108216
30,flow_iat_std_std,-1.2445201572164188,1.2445201572164188
30,flow_iat_std_sum,-0.3985562367405701,0.3985562367405701
30,flow_iat_std_min,-0.042949469676063744,0.042949469676063744
30,flow_iat_std_max,-0.2672218758353482,0.2672218758353482
30,flow_iat_max_mean,-0.26703395956691595,0.26703395956691595
30,flow_iat_max_std,-0.5695920328503286,0.5695920328503286
30,flow_iat_max_sum,0.19040101308392127,0.19040101308392127
30,flow_iat_max_min,-0.0009941444634154716,0.0009941444634154716
30,flow_iat_max_max,0.19823313895270225,0.19823313895270225
30,flow_iat_min_mean,0.16666990747728405,0.16666990747728405
30,flow_iat_min_std,0.033221423596675216,0.033221423596675216
30,flow_iat_min_sum,0.3217835968201149,0.3217835968201149
30,flow_iat_min_min,0.02236429821213558,0.02236429821213558
30,flow_iat_min_max,0.09515530279521366,0.09515530279521366
30,fwd_iat_tot_mean,0.06923899548273481,0.06923899548273481
30,fwd_iat_tot_std,0.24918163491877238,0.24918163491877238
30,fwd_iat_tot_sum,-0.10919805385098375,0.10919805385098375
30,fwd_iat_tot_min,0.08963202843053107,0.08963202843053107
30,fwd_iat_tot_max,0.03865123293401592,0.03865123293401592
30,fwd_iat_mean_mean,-0.07569131418150234,0.07569131418150234
30,fwd_iat_mean_std,-0.6777664713661518,0.6777664713661518
30,fwd_iat_mean_sum,0.16327500481691212,0.16327500481691212
30,fwd_iat_mean_min,0.008230215625380403,0.008230215625380403
30,fwd_iat_mean_max,0.27603902118772083,0.27603902118772083
30,fwd_iat_std_mean,0.32765190660310595,0.32765190660310595
30,fwd_iat_std_std,0.3363606846648116,0.3363606846648116
30,fwd_iat_std_sum,0.2687168840533653,0.2687168840533653
30,fwd_iat_std_min,-0.049981082720919286,0.049981082720919286
30,fwd_iat_std_max,0.2826967677829816,0.2826967677829816
30,fwd_iat_max_mean,0.062460085940085376,0.062460085940085376
30,fwd_iat_max_std,-0.059603704019573475,0.059603704019573475
30,fwd_iat_max_sum,0.3597421184408844,0.3597421184408844
30,fwd_iat_max_min,-0.001051159727788268,0.001051159727788268
30,fwd_iat_max_max,-0.2771324548641442,0.2771324548641442
30,fwd_iat_min_mean,0.004495429968253139,0.004495429968253139
30,fwd_iat_min_std,-0.42907148816731416,0.42907148816731416
30,fwd_iat_min_sum,0.33963415459361074,0.33963415459361074
30,fwd_iat_min_min,0.0062314123197483185,0.0062314123197483185
30,fwd_iat_min_max,0.3229964868917242,0.3229964868917242
30,bwd_iat_tot_mean,-0.5879374583247733,0.5879374583247733
30,bwd_iat_tot_std,-0.10242702578010703,0.10242702578010703
30,bwd_iat_tot_sum,-0.07752290045197228,0.07752290045197228
30,bwd_iat_tot_min,0.025520966999569173,0.025520966999569173
30,bwd_iat_tot_max,-0.2890549662501233,0.2890549662501233
30,bwd_iat_mean_mean,0.47545230652246695,0.47545230652246695
30,bwd_iat_mean_std,1.0082871539336826,1.0082871539336826
30,bwd_iat_mean_sum,-0.643120127496606,0.643120127496606
30,bwd_iat_mean_min,-0.04186786923315698,0.04186786923315698
30,bwd_iat_mean_max,-0.5365645817514374,0.5365645817514374
30,bwd_iat_std_mean,1.3657108709121364,1.3657108709121364
30,bwd_iat_std_std,0.2427220796657584,0.2427220796657584
30,bwd_iat_std_sum,0.2992378993045259,0.2992378993045259
30,bwd_iat_std_min,0.02123697080494795,0.02123697080494795
30,bwd_iat_std_max,-0.05859324953284597,0.05859324953284597
30,bwd_iat_max_mean,-0.1710044542130497,0.1710044542130497
30,bwd_iat_max_std,-1.0233905733652044,1.0233905733652044
30,bwd_iat_max_sum,-0.12180568906544886,0.12180568906544886
30,bwd_iat_max_min,-0.0007924596059231564,0.0007924596059231564
30,bwd_iat_max_max,0.012469342018770603,0.012469342018770603
30,bwd_iat_min_mean,-0.03911624669317105,0.03911624669317105
30,bwd_iat_min_std,-1.0338494254066608,1.0338494254066608
30,bwd_iat_min_sum,0.10984593856836866,0.10984593856836866
30,bwd_iat_min_min,-0.082136820571406,0.082136820571406
30,bwd_iat_min_max,0.8952366214933883,0.8952366214933883
30,fwd_psh_flags_mean,-0.08918731965709734,0.08918731965709734
30,fwd_psh_flags_std,-0.14177798320942075,0.14177798320942075
30,fwd_psh_flags_sum,-0.06471089507357446,0.06471089507357446
30,fwd_psh_flags_min,-0.014814121586306996,0.014814121586306996
30,fwd_psh_flags_max,0.09552464034234934,0.09552464034234934
30,bwd_psh_flags_mean,0.0,0.0
30,bwd_psh_flags_std,0.0,0.0
30,bwd_psh_flags_sum,0.0,0.0
30,bwd_psh_flags_min,0.0,0.0
30,bwd_psh_flags_max,0.0,0.0
30,fwd_urg_flags_mean,-0.21737861026335273,0.21737861026335273
30,fwd_urg_flags_std,0.38161808173316636,0.38161808173316636
30,fwd_urg_flags_sum,0.013880019960670174,0.013880019960670174
30,fwd_urg_flags_min,0.0,0.0
30,fwd_urg_flags_max,0.12138886397209173,0.12138886397209173
30,bwd_urg_flags_mean,0.0,0.0
30,bwd_urg_flags_std,0.0,0.0
30,bwd_urg_flags_sum,0.0,0.0
30,bwd_urg_flags_min,0.0,0.0
30,bwd_urg_flags_max,0.0,0.0
30,fwd_header_len_mean,0.26079646782579385,0.26079646782579385
30,fwd_header_len_std,0.3166964152229854,0.3166964152229854
30,fwd_header_len_sum,0.22532258025695384,0.22532258025695384
30,fwd_header_len_min,-0.012495322065350319,0.012495322065350319
30,fwd_header_len_max,0.5327718469111616,0.5327718469111616
30,bwd_header_len_mean,-0.02711432991012552,0.02711432991012552
30,bwd_header_len_std,-0.2627536767019347,0.2627536767019347
30,bwd_header_len_sum,0.08054127076035068,0.08054127076035068
30,bwd_header_len_min,0.0013333870251120365,0.0013333870251120365
30,bwd_header_len_max,0.5734149314407565,0.5734149314407565
30,fwd_pkts_per_sec_mean,0.3363789951929087,0.3363789951929087
30,fwd_pkts_per_sec_std,0.10653482130933,0.10653482130933
30,fwd_pkts_per_sec_sum,0.38779614149300473,0.38779614149300473
30,fwd_pkts_per_sec_min,0.019314608374336933,0.019314608374336933
30,fwd_pkts_per_sec_max,-0.3924415267263423,0.3924415267263423
30,bwd_pkts_per_sec_mean,-0.20690973073786417,0.20690973073786417
30,bwd_pkts_per_sec_std,0.6934721090854495,0.6934721090854495
30,bwd_pkts_per_sec_sum,-0.9508561240171247,0.9508561240171247
30,bwd_pkts_per_sec_min,0.01932410127794728,0.01932410127794728
30,bwd_pkts_per_sec_max,-0.2606361471917239,0.2606361471917239
30,pkt_len_min_mean,-0.01221636835355806,0.01221636835355806
30,pkt_len_min_std,0.9221759522932961,0.9221759522932961
30,pkt_len_min_sum,-0.18062339811455702,0.18062339811455702
30,pkt_len_min_min,0.04652258421652896,0.04652258421652896
30,pkt_len_min_max,-0.3095847406721928,0.3095847406721928
30,pkt_len_max_mean,-0.646518274182907,0.646518274182907
30,pkt_len_max_std,-0.7338714726401676,0.7338714726401676
30,pkt_len_max_sum,0.2973848945455222,0.2973848945455222
30,pkt_len_max_min,0.008047731936862142,0.008047731936862142
30,pkt_len_max_max,0.35183007243168946,0.35183007243168946
30,pkt_len_mean_mean,-0.6811107863727474,0.6811107863727474
30,pkt_len_mean_std,0.3277523478515516,0.3277523478515516
30,pkt_len_mean_sum,0.33209220537855083,0.33209220537855083
30,pkt_len_mean_min,0.022000263540422393,0.022000263540422393
30,pkt_len_mean_max,-0.9566780674371773,0.9566780674371773
30,pkt_len_std_mean,-0.9490110925891253,0.9490110925891253
30,pkt_len_std_std,0.5546196746532128,0.5546196746532128
30,pkt_len_std_sum,0.2799044462404018,0.2799044462404018
30,pkt_len_std_min,0.05050105456081743,0.05050105456081743
30,pkt_len_std_max,-0.1455933246112725,0.1455933246112725
30,pkt_len_var_mean,-1.2390842687661834,1.2390842687661834
30,pkt_len_var_std,-1.5458403356529846,1.5458403356529846
30,pkt_len_var_sum,0.5341684813615823,0.5341684813615823
30,pkt_len_var_min,0.04744941779028207,0.04744941779028207
30,pkt_len_var_max,-1.4832656819767358,1.4832656819767358
30,fin_flag_cnt_mean,0.06664776547547135,0.06664776547547135
30,fin_flag_cnt_std,0.135714323961919,0.135714323961919
30,fin_flag_cnt_sum,-0.018327651050405683,0.018327651050405683
30,fin_flag_cnt_min,0.0,0.0
30,fin_flag_cnt_max,0.1431083066190645,0.1431083066190645
30,syn_flag_cnt_mean,-0.08918731965709734,0.08918731965709734
30,syn_flag_cnt_std,-0.14177798320942075,0.14177798320942075
30,syn_flag_cnt_sum,-0.06471089507357446,0.06471089507357446
30,syn_flag_cnt_min,-0.014814121586306996,0.014814121586306996
30,syn_flag_cnt_max,0.09552464034234934,0.09552464034234934
30,rst_flag_cnt_mean,0.016279952911578018,0.016279952911578018
30,rst_flag_cnt_std,0.599272276352676,0.599272276352676
30,rst_flag_cnt_sum,0.6771793815186212,0.6771793815186212
30,rst_flag_cnt_min,0.0,0.0
30,rst_flag_cnt_max,-0.3247670860738589,0.3247670860738589
30,psh_flag_cnt_mean,0.4952869530680786,0.4952869530680786
30,psh_flag_cnt_std,-0.033635088411018914,0.033635088411018914
30,psh_flag_cnt_sum,0.09361155634243314,0.09361155634243314
30,psh_flag_cnt_min,0.006556145739896035,0.006556145739896035
30,psh_flag_cnt_max,-0.48299805374359256,0.48299805374359256
30,ack_flag_cnt_mean,0.18874899621698357,0.18874899621698357
30,ack_flag_cnt_std,0.9937616473671251,0.9937616473671251
30,ack_flag_cnt_sum,0.47563291314348005,0.47563291314348005
30,ack_flag_cnt_min,-0.014814121586306996,0.014814121586306996
30,ack_flag_cnt_max,-0.3405256242153928,0.3405256242153928
30,urg_flag_cnt_mean,-0.8304096552735305,0.8304096552735305
30,urg_flag_cnt_std,0.5429036686140853,0.5429036686140853
30,urg_flag_cnt_sum,0.0009379275009030983,0.0009379275009030983
30,urg_flag_cnt_min,0.0,0.0
30,urg_flag_cnt_max,0.8115972791935014,0.8115972791935014
30,cwe_flag_cnt_mean,-0.21737861026335273,0.21737861026335273
30,cwe_flag_cnt_std,0.38161808173316636,0.38161808173316636
30,cwe_flag_cnt_sum,0.013880019960670174,0.013880019960670174
30,cwe_flag_cnt_min,0.0,0.0
30,cwe_flag_cnt_max,0.12138886397209173,0.12138886397209173
30,ece_flag_cnt_mean,0.058486439000039726,0.058486439000039726
30,ece_flag_cnt_std,0.6242547679798405,0.6242547679798405
30,ece_flag_cnt_sum,0.6780892492038633,0.6780892492038633
30,ece_flag_cnt_min,0.0,0.0
30,ece_flag_cnt_max,-0.3247670860738589,0.3247670860738589
30,down_up_ratio_mean,0.3407049126855992,0.3407049126855992
30,down_up_ratio_std,-1.1955722739913737,1.1955722739913737
30,down_up_ratio_sum,0.2883197673250364,0.2883197673250364
30,down_up_ratio_min,-0.0021733320926225555,0.0021733320926225555
30,down_up_ratio_max,0.458687660979578,0.458687660979578
30,pkt_size_avg_mean,-0.6786530712984905,0.6786530712984905
30,pkt_size_avg_std,0.2201964630252263,0.2201964630252263
30,pkt_size_avg_sum,0.29200510288222864,0.29200510288222864
30,pkt_size_avg_min,0.011679450576932704,0.011679450576932704
30,pkt_size_avg_max,0.28156192987759937,0.28156192987759937
30,fwd_seg_size_avg_mean,-0.21584604069613458,0.21584604069613458
30,fwd_seg_size_avg_std,0.012981224291121987,0.012981224291121987
30,fwd_seg_size_avg_sum,0.43616139255683756,0.43616139255683756
30,fwd_seg_size_avg_min,0.014061015051764212,0.014061015051764212
30,fwd_seg_size_avg_max,0.01422570548572324,0.01422570548572324
30,bwd_seg_size_avg_mean,0.19558721074134955,0.19558721074134955
30,bwd_seg_size_avg_std,0.29105420507072416,0.29105420507072416
30,bwd_seg_size_avg_sum,0.4712748803428498,0.4712748803428498
30,bwd_seg_size_avg_min,0.057559782136662456,0.057559782136662456
30,bwd_seg_size_avg_max,1.5396636068550178,1.5396636068550178
30,fwd_byts_b_avg_mean,0.0,0.0
30,fwd_byts_b_avg_std,0.0,0.0
30,fwd_byts_b_avg_sum,0.0,0.0
30,fwd_byts_b_avg_min,0.0,0.0
30,fwd_byts_b_avg_max,0.0,0.0
30,fwd_pkts_b_avg_mean,0.0,0.0
30,fwd_pkts_b_avg_std,0.0,0.0
30,fwd_pkts_b_avg_sum,0.0,0.0
30,fwd_pkts_b_avg_min,0.0,0.0
30,fwd_pkts_b_avg_max,0.0,0.0
30,fwd_blk_rate_avg_mean,0.0,0.0
30,fwd_blk_rate_avg_std,0.0,0.0
30,fwd_blk_rate_avg_sum,0.0,0.0
30,fwd_blk_rate_avg_min,0.0,0.0
30,fwd_blk_rate_avg_max,0.0,0.0
30,bwd_byts_b_avg_mean,0.0,0.0
30,bwd_byts_b_avg_std,0.0,0.0
30,bwd_byts_b_avg_sum,0.0,0.0
30,bwd_byts_b_avg_min,0.0,0.0
30,bwd_byts_b_avg_max,0.0,0.0
30,bwd_pkts_b_avg_mean,0.0,0.0
30,bwd_pkts_b_avg_std,0.0,0.0
30,bwd_pkts_b_avg_sum,0.0,0.0
30,bwd_pkts_b_avg_min,0.0,0.0
30,bwd_pkts_b_avg_max,0.0,0.0
30,bwd_blk_rate_avg_mean,0.0,0.0
30,bwd_blk_rate_avg_std,0.0,0.0
30,bwd_blk_rate_avg_sum,0.0,0.0
30,bwd_blk_rate_avg_min,0.0,0.0
30,bwd_blk_rate_avg_max,0.0,0.0
30,subflow_fwd_pkts_mean,0.25909921237612327,0.25909921237612327
30,subflow_fwd_pkts_std,0.30107626965434475,0.30107626965434475
30,subflow_fwd_pkts_sum,0.171381252929286,0.171381252929286
30,subflow_fwd_pkts_min,0.06889640140824056,0.06889640140824056
30,subflow_fwd_pkts_max,0.19280136505643314,0.19280136505643314
30,subflow_fwd_byts_mean,0.19966940123461802,0.19966940123461802
30,subflow_fwd_byts_std,-0.07630735995898835,0.07630735995898835
30,subflow_fwd_byts_sum,0.1875666014812055,0.1875666014812055
30,subflow_fwd_byts_min,-0.020617365306184812,0.020617365306184812
30,subflow_fwd_byts_max,-0.1434332452469945,0.1434332452469945
30,subflow_bwd_pkts_mean,-0.13702928441552126,0.13702928441552126
30,subflow_bwd_pkts_std,-0.633255411330623,0.633255411330623
30,subflow_bwd_pkts_sum,-0.1738039712443664,0.1738039712443664
30,subflow_bwd_pkts_min,-0.052291198320655936,0.052291198320655936
30,subflow_bwd_pkts_max,-0.08674980611928208,0.08674980611928208
30,subflow_bwd_byts_mean,0.23151485321836185,0.23151485321836185
30,subflow_bwd_byts_std,-0.2380888970837951,0.2380888970837951
30,subflow_bwd_byts_sum,-0.8779600517000722,0.8779600517000722
30,subflow_bwd_byts_min,0.04889869194730075,0.04889869194730075
30,subflow_bwd_byts_max,0.45603358214855927,0.45603358214855927
30,window_size_fwd_mean,0.3822212787928199,0.3822212787928199
30,window_size_fwd_std,-1.1915546186372308,1.1915546186372308
30,window_size_fwd_sum,0.15376233779307813,0.15376233779307813
30,window_size_fwd_min,0.030971022821593232,0.030971022821593232
30,window_size_fwd_max,-0.19006077724939532,0.19006077724939532
30,window_size_bwd_mean,-0.788585776294493,0.788585776294493
30,window_size_bwd_std,1.9542302706505,1.9542302706505
30,window_size_bwd_sum,-0.7634063659291503,0.7634063659291503
30,window_size_bwd_min,0.041257508450604045,0.041257508450604045
30,window_size_bwd_max,0.3864600366005575,0.3864600366005575
30,fwd_act_data_pkts_mean,0.25810443519464216,0.25810443519464216
30,fwd_act_data_pkts_std,0.29674102273533626,0.29674102273533626
30,fwd_act_data_pkts_sum,0.15261155240698407,0.15261155240698407
30,fwd_act_data_pkts_min,0.13618531030390957,0.13618531030390957
30,fwd_act_data_pkts_max,0.15571557653022303,0.15571557653022303
30,fwd_seg_size_min_mean,1.0393896886079443,1.0393896886079443
30,fwd_seg_size_min_std,-0.4020170651347337,0.4020170651347337
30,fwd_seg_size_min_sum,0.2562001363016127,0.2562001363016127
30,fwd_seg_size_min_min,-0.1509935262913854,0.1509935262913854
30,fwd_seg_size_min_max,-0.12087966044786132,0.12087966044786132
30,active_mean_mean,-0.16815974721740934,0.16815974721740934
30,active_mean_std,-0.3441413091851877,0.3441413091851877
30,active_mean_sum,-0.6541396407974096,0.6541396407974096
30,active_mean_min,0.0044505538843513425,0.0044505538843513425
30,active_mean_max,-0.03449726866659457,0.03449726866659457
30,active_std_mean,-0.44076980626985157,0.44076980626985157
30,active_std_std,-0.12053663806361761,0.12053663806361761
30,active_std_sum,-0.6250063540939043,0.6250063540939043
30,active_std_min,0.021035955813447565,0.021035955813447565
30,active_std_max,0.24562838544608712,0.24562838544608712
30,active_max_mean,-0.25459369987604763,0.25459369987604763
30,active_max_std,0.4620860585675373,0.4620860585675373
30,active_max_sum,0.724955544308092,0.724955544308092
30,active_max_min,0.00985380503649996,0.00985380503649996
30,active_max_max,0.19195013922036722,0.19195013922036722
30,active_min_mean,0.0380388281117334,0.0380388281117334
30,active_min_std,-0.3483586978107692,0.3483586978107692
30,active_min_sum,0.17020767963755792,0.17020767963755792
30,active_min_min,-0.004664059272908277,0.004664059272908277
30,active_min_max,0.17288335908328203,0.17288335908328203
30,idle_mean_mean,0.1342676740390265,0.1342676740390265
30,idle_mean_std,-0.2040428141788058,0.2040428141788058
30,idle_mean_sum,0.023987540416461423,0.023987540416461423
30,idle_mean_min,-0.020891493953107892,0.020891493953107892
30,idle_mean_max,-0.09328287673211695,0.09328287673211695
30,idle_std_mean,0.4285695612728569,0.4285695612728569
30,idle_std_std,0.0076718392334672115,0.0076718392334672115
30,idle_std_sum,0.04697542241880596,0.04697542241880596
30,idle_std_min,-0.027048369162232824,0.027048369162232824
30,idle_std_max,-0.03474129743929845,0.03474129743929845
30,idle_max_mean,0.3321008267615697,0.3321008267615697
30,idle_max_std,0.0938882628972343,0.0938882628972343
30,idle_max_sum,0.11975778930567214,0.11975778930567214
30,idle_max_min,-0.0016298750452611432,0.0016298750452611432
30,idle_max_max,-0.12218854463687717,0.12218854463687717
30,idle_min_mean,-0.20175973023909793,0.20175973023909793
30,idle_min_std,-0.3827509083212207,0.3827509083212207
30,idle_min_sum,-0.0419899709806449,0.0419899709806449
30,idle_min_min,-0.05409658333651436,0.05409658333651436
30,idle_min_max,-0.0713215717046301,0.0713215717046301
30,duration_sec_mean,0.078577828217392,0.078577828217392
30,duration_sec_std,0.6518938346994424,0.6518938346994424
30,duration_sec_sum,-0.13796343699372202,0.13796343699372202
30,duration_sec_min,0.0733912697909,0.0733912697909
30,duration_sec_max,0.15461295488779467,0.15461295488779467
30,flow_count,0.13396350465127296,0.13396350465127296
30,unique_dst_ports_count,0.13943096399011906,0.13943096399011906
30,unique_protocols_count,0.011354853967865479,0.011354853967865479
30,pkt_ttl_min,-0.23358765860260391,0.23358765860260391
30,pkt_ttl_max,-0.485944691615781,0.485944691615781
30,pkt_ttl_std,0.3615899699304709,0.3615899699304709
30,pkt_ttl_mode,0.3576265308449623,0.3576265308449623
30,pkt_frag_mf_count,0.0,0.0
30,pkt_frag_df_count,0.7148529074614217,0.7148529074614217
30,pkt_payload_size_p25,-0.066887655628027,0.066887655628027
30,pkt_payload_size_p50,-0.2142703865152756,0.2142703865152756
30,pkt_payload_size_p75,-0.6666766590664412,0.6666766590664412
30,pkt_payload_size_p95,-0.8905972885073898,0.8905972885073898
30,pkt_tcp_retrans_count,1.5570316461290357,1.5570316461290357
30,pkt_port_scan_seq_score,1.448324813098435,1.448324813098435
31,duration_microsec_mean,0.09320917622622876,0.09320917622622876
31,duration_microsec_std,0.20936545056240086,0.20936545056240086
31,duration_microsec_sum,-0.06509486546121969,0.06509486546121969
31,duration_microsec_min,0.08956619970303638,0.08956619970303638
31,duration_microsec_max,0.29096189493259067,0.29096189493259067
31,packet_count_fwd_mean,0.5655974922685664,0.5655974922685664
31,packet_count_fwd_std,-0.27117618120780146,0.27117618120780146
31,packet_count_fwd_sum,0.23152598503982513,0.23152598503982513
31,packet_count_fwd_min,0.1373231258426038,0.1373231258426038
31,packet_count_fwd_max,-0.03464644019732014,0.03464644019732014
31,packet_count_bwd_mean,0.5776853891959535,0.5776853891959535
31,packet_count_bwd_std,1.0962206681042987,1.0962206681042987
31,packet_count_bwd_sum,0.04098040624879531,0.04098040624879531
31,packet_count_bwd_min,-0.15765462549155235,0.15765462549155235
31,packet_count_bwd_max,0.24743418475699236,0.24743418475699236
31,byte_count_fwd_mean,-0.06277280876538946,0.06277280876538946
31,byte_count_fwd_std,-0.7369849964214512,0.7369849964214512
31,byte_count_fwd_sum,-0.19537701237296115,0.19537701237296115
31,byte_count_fwd_min,0.1967748437398084,0.1967748437398084
31,byte_count_fwd_max,1.3106857562166112,1.3106857562166112
31,byte_count_bwd_mean,-0.5588392160917144,0.5588392160917144
31,byte_count_bwd_std,-1.5676685791568443,1.5676685791568443
31,byte_count_bwd_sum,-0.44626102817457525,0.44626102817457525
31,byte_count_bwd_min,0.05257288295395868,0.05257288295395868
31,byte_count_bwd_max,-0.6568885476343035,0.6568885476343035
31,fwd_pkt_len_max_mean,0.21665852880137032,0.21665852880137032
31,fwd_pkt_len_max_std,-1.676562613961875,1.676562613961875
31,fwd_pkt_len_max_sum,0.3879219436732983,0.3879219436732983
31,fwd_pkt_len_max_min,-0.055134914502766585,0.055134914502766585
31,fwd_pkt_len_max_max,0.49823365553373034,0.49823365553373034
31,fwd_pkt_len_min_mean,-0.1930778001960626,0.1930778001960626
31,fwd_pkt_len_min_std,0.01508736587604592,0.01508736587604592
31,fwd_pkt_len_min_sum,-0.152092832110372,0.152092832110372
31,fwd_pkt_len_min_min,0.046184377295968235,0.046184377295968235
31,fwd_pkt_len_min_max,-0.023883976086134004,0.023883976086134004
31,fwd_pkt_len_mean_mean,-0.2155311508582936,0.2155311508582936
31,fwd_pkt_len_mean_std,0.012664963908528127,0.012664963908528127
31,fwd_pkt_len_mean_sum,0.4361068759654901,0.4361068759654901
31,fwd_pkt_len_mean_min,0.013580927449575933,0.013580927449575933
31,fwd_pkt_len_mean_max,0.014141926040775328,0.014141926040775328
31,fwd_pkt_len_std_mean,2.0127402022727248,2.0127402022727248
31,fwd_pkt_len_std_std,0.9044856119249933,0.9044856119249933
31,fwd_pkt_len_std_sum,0.4299670060490211,0.4299670060490211
31,fwd_pkt_len_std_min,0.038428340966504375,0.038428340966504375
31,fwd_pkt_len_std_max,-0.266868517605516,0.266868517605516
31,bwd_pkt_len_max_mean,0.007326246923970867,0.007326246923970867
31,bwd_pkt_len_max_std,0.5797798021680884,0.5797798021680884
31,bwd_pkt_len_max_sum,0.16532385013847375,0.16532385013847375
31,bwd_pkt_len_max_min,0.04715607816545224,0.04715607816545224
31,bwd_pkt_len_max_max,-0.13344478044508534,0.13344478044508534
31,bwd_pkt_len_min_mean,0.860259790910906,0.860259790910906
31,bwd_pkt_len_min_std,-0.3590288747885761,0.3590288747885761
31,bwd_pkt_len_min_sum,0.2307402902434594,0.2307402902434594
31,bwd_pkt_len_min_min,0.0,0.0
31,bwd_pkt_len_min_max,-0.014302830152741808,0.014302830152741808
31,bwd_pkt_len_mean_mean,0.19483519157091211,0.19483519157091211
31,bwd_pkt_len_mean_std,0.29143809735273024,0.29143809735273024
31,bwd_pkt_len_mean_sum,0.47143831204356695,0.47143831204356695
31,bwd_pkt_len_mean_min,0.053555789149558886,0.053555789149558886
31,bwd_pkt_len_mean_max,1.539595762616811,1.539595762616811
31,bwd_pkt_len_std_mean,-1.6533122404759966,1.6533122404759966
31,bwd_pkt_len_std_std,1.128565159007081,1.128565159007081
31,bwd_pkt_len_std_sum,-0.005037939451806872,0.005037939451806872
31,bwd_pkt_len_std_min,0.04319416385974229,0.04319416385974229
31,bwd_pkt_len_std_max,1.2266310128130185,1.2266310128130185
31,bytes_per_sec_mean,-1.3219779334466883,1.3219779334466883
31,bytes_per_sec_std,0.2625167593563133,0.2625167593563133
31,bytes_per_sec_sum,-0.8778338086742296,0.8778338086742296
31,bytes_per_sec_min,0.052436562666208546,0.052436562666208546
31,bytes_per_sec_max,1.1729060686023565,1.1729060686023565
31,packets_per_sec_mean,-0.2893354703087915,0.2893354703087915
31,packets_per_sec_std,0.032642322188060506,0.032642322188060506
31,packets_per_sec_sum,-0.2632760520594497,0.2632760520594497
31,packets_per_sec_min,-0.16933958066492466,0.16933958066492466
31,packets_per_sec_max,-0.32038909595372717,0.32038909595372717
31,flow_iat_mean_mean,0.22122224650831254,0.22122224650831254
31,flow_iat_mean_std,-0.15592138699297003,0.15592138699297003
31,flow_iat_mean_sum,0.26092338587239516,0.26092338587239516
31,flow_iat_mean_min,0.014786017347565988,0.014786017347565988
31,flow_iat_mean_max,-0.040665415520689585,0.040665415520689585
31,flow_iat_std_mean,-0.2683365317255697,0.2683365317255697
31,flow_iat_std_std,-1.2447634925456887,1.2447634925456887
31,flow_iat_std_sum,-0.3987668180075768,0.3987668180075768
31,flow_iat_std_min,-0.04294391826065898,0.04294391826065898
31,flow_iat_std_max,-0.26724013586458645,0.26724013586458645
31,flow_iat_max_mean,-0.26672981634239995,0.26672981634239995
31,flow_iat_max_std,-0.5697909068810401,0.5697909068810401
31,flow_iat_max_sum,0.190398443501233,0.190398443501233
31,flow_iat_max_min,-0.0009920012933384821,0.0009920012933384821
31,flow_iat_max_max,0.19833625362212728,0.19833625362212728
31,flow_iat_min_mean,0.1663460179222317,0.1663460179222317
31,flow_iat_min_std,0.03332213870485171,0.03332213870485171
31,flow_iat_min_sum,0.32182636297425554,0.32182636297425554
31,flow_iat_min_min,0.022021473824278912,0.022021473824278912
31,flow_iat_min_max,0.09510347588076179,0.09510347588076179
31,fwd_iat_tot_mean,0.07182063309942911,0.07182063309942911
31,fwd_iat_tot_std,0.247869605341426,0.247869605341426
31,fwd_iat_tot_sum,-0.10933514450262828,0.10933514450262828
31,fwd_iat_tot_min,0.0885889327745695,0.0885889327745695
31,fwd_iat_tot_max,0.038957120902221115,0.038957120902221115
31,fwd_iat_mean_mean,-0.07564734369745627,0.07564734369745627
31,fwd_iat_mean_std,-0.6775275807695149,0.6775275807695149
31,fwd_iat_mean_sum,0.1633767696114014,0.1633767696114014
31,fwd_iat_mean_min,0.008044251158951306,0.008044251158951306
31,fwd_iat_mean_max,0.2763322393233121,0.2763322393233121
31,fwd_iat_std_mean,0.328482798994505,0.328482798994505
31,fwd_iat_std_std,0.33648521330604003,0.33648521330604003
31,fwd_iat_std_sum,0.2689683558675528,0.2689683558675528
31,fwd_iat_std_min,-0.049868688474231405,0.049868688474231405
31,fwd_iat_std_max,0.2827277268176312,0.2827277268176312
31,fwd_iat_max_mean,0.06292069844578377,0.06292069844578377
31,fwd_iat_max_std,-0.059678018546899324,0.059678018546899324
31,fwd_iat_max_sum,0.35984639742323316,0.35984639742323316
31,fwd_iat_max_min,-0.0010552579406596192,0.0010552579406596192
31,fwd_iat_max_max,-0.27721281113390045,0.27721281113390045
31,fwd_iat_min_mean,0.004175156509903046,0.004175156509903046
31,fwd_iat_min_std,-0.4289417318067656,0.4289417318067656
31,fwd_iat_min_sum,0.3397495700671488,0.3397495700671488
31,fwd_iat_min_min,0.00593488572140532,0.00593488572140532
31,fwd_iat_min_max,0.32336414784657047,0.32336414784657047
31,bwd_iat_tot_mean,-0.5877428218763044,0.5877428218763044
31,bwd_iat_tot_std,-0.10268302133932002,0.10268302133932002
31,bwd_iat_tot_sum,-0.07734219533126921,0.07734219533126921
31,bwd_iat_tot_min,0.023905400612781777,0.023905400612781777
31,bwd_iat_tot_max,-0.28963238261063873,0.28963238261063873
31,bwd_iat_mean_mean,0.47599368086828403,0.47599368086828403
31,bwd_iat_mean_std,1.0081532286287764,1.0081532286287764
31,bwd_iat_mean_sum,-0.6430223207778227,0.6430223207778227
31,bwd_iat_mean_min,-0.04166959930362547,0.04166959930362547
31,bwd_iat_mean_max,-0.536651632644333,0.536651632644333
31,bwd_iat_std_mean,1.366056824731589,1.366056824731589
31,bwd_iat_std_std,0.24292059854337247,0.24292059854337247
31,bwd_iat_std_sum,0.2993593710560919,0.2993593710560919
31,bwd_iat_std_min,0.020329182547206708,0.020329182547206708
31,bwd_iat_std_max,-0.05859582301065571,0.05859582301065571
31,bwd_iat_max_mean,-0.17142183973782812,0.17142183973782812
31,bwd_iat_max_std,-1.0237643458547903,1.0237643458547903
31,bwd_iat_max_sum,-0.12207022877814062,0.12207022877814062
31,bwd_iat_max_min,-0.0014562190951213365,0.0014562190951213365
31,bwd_iat_max_max,0.012459758759880027,0.012459758759880027
31,bwd_iat_min_mean,-0.03907391092459291,0.03907391092459291
31,bwd_iat_min_std,-1.0335595107431716,1.0335595107431716
31,bwd_iat_min_sum,0.10976330448177034,0.10976330448177034
31,bwd_iat_min_min,-0.08067343114635607,0.08067343114635607
31,bwd_iat_min_max,0.8953515531282754,0.8953515531282754
31,fwd_psh_flags_mean,-0.08897404018875518,0.08897404018875518
31,fwd_psh_flags_std,-0.14187158699479388,0.14187158699479388
31,fwd_psh_flags_sum,-0.06487728437189863,0.06487728437189863
31,fwd_psh_flags_min,-0.01351062939034197,0.01351062939034197
31,fwd_psh_flags_max,0.0953931098613325,0.0953931098613325
31,bwd_psh_flags_mean,0.0,0.0
31,bwd_psh_flags_std,0.0,0.0
31,bwd_psh_flags_sum,0.0,0.0
31,bwd_psh_flags_min,0.0,0.0
31,bwd_psh_flags_max,0.0,0.0
31,fwd_urg_flags_mean,-0.21730457614264448,0.21730457614264448
31,fwd_urg_flags_std,0.3815976670834248,0.3815976670834248
31,fwd_urg_flags_sum,0.013936576284821117,0.013936576284821117
31,fwd_urg_flags_min,0.0,0.0
31,fwd_urg_flags_max,0.12126664425304766,0.12126664425304766
31,bwd_urg_flags_mean,0.0,0.0
31,bwd_urg_flags_std,0.0,0.0
31,bwd_urg_flags_sum,0.0,0.0
31,bwd_urg_flags_min,0.0,0.0
31,bwd_urg_flags_max,0.0,0.0
31,fwd_header_len_mean,0.26154472524529787,0.26154472524529787
31,fwd_header_len_std,0.3169747230075285,0.3169747230075285
31,fwd_header_len_sum,0.22805605588663835,0.22805605588663835
31,fwd_header_len_min,-0.01330410031651647,0.01330410031651647
31,fwd_header_len_max,0.5340861097746544,0.5340861097746544
31,bwd_header_len_mean,-0.026605239701037207,0.026605239701037207
31,bwd_header_len_std,-0.2629927128577259,0.2629927128577259
31,bwd_header_len_sum,0.08083898299410477,0.08083898299410477
31,bwd_header_len_min,0.00011795739907626609,0.00011795739907626609
31,bwd_header_len_max,0.5733512896721599,0.5733512896721599
31,fwd_pkts_per_sec_mean,0.33624160195052516,0.33624160195052516
31,fwd_pkts_per_sec_std,0.10655515323626134,0.10655515323626134
31,fwd_pkts_per_sec_sum,0.38789279570647783,0.38789279570647783
31,fwd_pkts_per_sec_min,0.01849086124312324,0.01849086124312324
31,fwd_pkts_per_sec_max,-0.39275075833139106,0.39275075833139106
31,bwd_pkts_per_sec_mean,-0.2070391142873109,0.2070391142873109
31,bwd_pkts_per_sec_std,0.6932307897565788,0.6932307897565788
31,bwd_pkts_per_sec_sum,-0.9508576969723518,0.9508576969723518
31,bwd_pkts_per_sec_min,0.018501884866817704,0.018501884866817704
31,bwd_pkts_per_sec_max,-0.26047766803718464,0.26047766803718464
31,pkt_len_min_mean,-0.012496362807721874,0.012496362807721874
31,pkt_len_min_std,0.9222904295586539,0.9222904295586539
31,pkt_len_min_sum,-0.18084504357350428,0.18084504357350428
31,pkt_len_min_min,0.0459498300625562,0.0459498300625562
31,pkt_len_min_max,-0.3094687847305728,0.3094687847305728
31,pkt_len_max_mean,-0.6470397955745849,0.6470397955745849
31,pkt_len_max_std,-0.7319005695386593,0.7319005695386593
31,pkt_len_max_sum,0.29717581894501255,0.29717581894501255
31,pkt_len_max_min,0.006583897714923881,0.006583897714923881
31,pkt_len_max_max,0.35151049263437323,0.35151049263437323
31,pkt_len_mean_mean,-0.681336942164845,0.681336942164845
31,pkt_len_mean_std,0.3272538922705883,0.3272538922705883
31,pkt_len_mean_sum,0.3321874375567723,0.3321874375567723
31,pkt_len_mean_min,0.02124750076120325,0.02124750076120325
31,pkt_len_mean_max,-0.9570733641835721,0.9570733641835721
31,pkt_len_std_mean,-0.948298968906951,0.948298968906951
31,pkt_len_std_std,0.5548936105998452,0.5548936105998452
31,pkt_len_std_sum,0.2797369442693611,0.2797369442693611
31,pkt_len_std_min,0.04760161476183126,0.04760161476183126
31,pkt_len_std_max,-0.1452684750156934,0.1452684750156934
31,pkt_len_var_mean,-1.2383193331909714,1.2383193331909714
31,pkt_len_var_std,-1.5454800787064527,1.5454800787064527
31,pkt_len_var_sum,0.5343104302504957,0.5343104302504957
31,pkt_len_var_min,0.044979554655012445,0.044979554655012445
31,pkt_len_var_max,-1.4829272316805517,1.4829272316805517
31,fin_flag_cnt_mean,0.06654571003599997,0.06654571003599997
31,fin_flag_cnt_std,0.1357967334785295,0.1357967334785295
31,fin_flag_cnt_sum,-0.01824154156479971,0.01824154156479971
31,fin_flag_cnt_min,0.0,0.0
31,fin_flag_cnt_max,0.14312630011014507,0.14312630011014507
31,syn_flag_cnt_mean,-0.08897404018875518,0.08897404018875518
31,syn_flag_cnt_std,-0.14187158699479388,0.14187158699479388
31,syn_flag_cnt_sum,-0.06487728437189863,0.06487728437189863
31,syn_flag_cnt_min,-0.01351062939034197,0.01351062939034197
31,syn_flag_cnt_max,0.0953931098613325,0.0953931098613325
31,rst_flag_cnt_mean,0.016774203297687307,0.016774203297687307
31,rst_flag_cnt_std,0.5995828367523875,0.5995828367523875
31,rst_flag_cnt_sum,0.6772606215037508,0.6772606215037508
31,rst_flag_cnt_min,0.0,0.0
31,rst_flag_cnt_max,-0.32558850191876415,0.32558850191876415
31,psh_flag_cnt_mean,0.49485624144122553,0.49485624144122553
31,psh_flag_cnt_std,-0.03306358665890784,0.03306358665890784
31,psh_flag_cnt_sum,0.0934855261118855,0.0934855261118855
31,psh_flag_cnt_min,0.006521147071715832,0.006521147071715832
31,psh_flag_cnt_max,-0.4852907305665929,0.4852907305665929
31,ack_flag_cnt_mean,0.18917328293750754,0.18917328293750754
31,ack_flag_cnt_std,0.9939666507018595,0.9939666507018595
31,ack_flag_cnt_sum,0.47538802379767325,0.47538802379767325
31,ack_flag_cnt_min,-0.01351062939034197,0.01351062939034197
31,ack_flag_cnt_max,-0.3409752396219133,0.3409752396219133
31,urg_flag_cnt_mean,-0.8305211435406131,0.8305211435406131
31,urg_flag_cnt_std,0.5435022583358126,0.5435022583358126
31,urg_flag_cnt_sum,0.0006917646798749595,0.0006917646798749595
31,urg_flag_cnt_min,0.0,0.0
31,urg_flag_cnt_max,0.8115076502537405,0.8115076502537405
31,cwe_flag_cnt_mean,-0.21730457614264448,0.21730457614264448
31,cwe_flag_cnt_std,0.3815976670834248,0.3815976670834248
31,cwe_flag_cnt_sum,0.013936576284821117,0.013936576284821117
31,cwe_flag_cnt_min,0.0,0.0
31,cwe_flag_cnt_max,0.12126664425304766,0.12126664425304766
31,ece_flag_cnt_mean,0.058970101180369765,0.058970101180369765
31,ece_flag_cnt_std,0.6245356657061295,0.6245356657061295
31,ece_flag_cnt_sum,0.6781706871395083,0.6781706871395083
31,ece_flag_cnt_min,0.0,0.0
31,ece_flag_cnt_max,-0.32558850191876415,0.32558850191876415
31,down_up_ratio_mean,0.34093068313054065,0.34093068313054065
31,down_up_ratio_std,-1.1946828973585881,1.1946828973585881
31,down_up_ratio_sum,0.2887103545065508,0.2887103545065508
31,down_up_ratio_min,-0.0035601668978374364,0.0035601668978374364
31,down_up_ratio_max,0.4590193154957988,0.4590193154957988
31,pkt_size_avg_mean,-0.6790038750038692,0.6790038750038692
31,pkt_size_avg_std,0.2202643722558636,0.2202643722558636
31,pkt_size_avg_sum,0.2920469359653502,0.2920469359653502
31,pkt_size_avg_min,0.010948541102086791,0.010948541102086791
31,pkt_size_avg_max,0.2819860394162286,0.2819860394162286
31,fwd_seg_size_avg_mean,-0.2155311508582936,0.2155311508582936
31,fwd_seg_size_avg_std,0.012664963908528127,0.012664963908528127
31,fwd_seg_size_avg_sum,0.4361068759654901,0.4361068759654901
31,fwd_seg_size_avg_min,0.013580927449575933,0.013580927449575933
31,fwd_seg_size_avg_max,0.014141926040775328,0.014141926040775328
31,bwd_seg_size_avg_mean,0.1948351915674357,0.1948351915674357
31,bwd_seg_size_avg_std,0.2914380973369619,0.2914380973369619
31,bwd_seg_size_avg_sum,0.47143831204307884,0.47143831204307884
31,bwd_seg_size_avg_min,0.053555789149558886,0.053555789149558886
31,bwd_seg_size_avg_max,1.5395957626169354,1.5395957626169354
31,fwd_byts_b_avg_mean,0.0,0.0
31,fwd_byts_b_avg_std,0.0,0.0
31,fwd_byts_b_avg_sum,0.0,0.0
31,fwd_byts_b_avg_min,0.0,0.0
31,fwd_byts_b_avg_max,0.0,0.0
31,fwd_pkts_b_avg_mean,0.0,0.0
31,fwd_pkts_b_avg_std,0.0,0.0
31,fwd_pkts_b_avg_sum,0.0,0.0
31,fwd_pkts_b_avg_min,0.0,0.0
31,fwd_pkts_b_avg_max,0.0,0.0
31,fwd_blk_rate_avg_mean,0.0,0.0
31,fwd_blk_rate_avg_std,0.0,0.0
31,fwd_blk_rate_avg_sum,0.0,0.0
31,fwd_blk_rate_avg_min,0.0,0.0
31,fwd_blk_rate_avg_max,0.0,0.0
31,bwd_byts_b_avg_mean,0.0,0.0
31,bwd_byts_b_avg_std,0.0,0.0
31,bwd_byts_b_avg_sum,0.0,0.0
31,bwd_byts_b_avg_min,0.0,0.0
31,bwd_byts_b_avg_max,0.0,0.0
31,bwd_pkts_b_avg_mean,0.0,0.0
31,bwd_pkts_b_avg_std,0.0,0.0
31,bwd_pkts_b_avg_sum,0.0,0.0
31,bwd_pkts_b_avg_min,0.0,0.0
31,bwd_pkts_b_avg_max,0.0,0.0
31,bwd_blk_rate_avg_mean,0.0,0.0
31,bwd_blk_rate_avg_std,0.0,0.0
31,bwd_blk_rate_avg_sum,0.0,0.0
31,bwd_blk_rate_avg_min,0.0,0.0
31,bwd_blk_rate_avg_max,0.0,0.0
31,subflow_fwd_pkts_mean,0.25986232955725086,0.25986232955725086
31,subflow_fwd_pkts_std,0.3014516214137488,0.3014516214137488
31,subflow_fwd_pkts_sum,0.17395788543753482,0.17395788543753482
31,subflow_fwd_pkts_min,0.06798872224590892,0.06798872224590892
31,subflow_fwd_pkts_max,0.19519427144061172,0.19519427144061172
31,subflow_fwd_byts_mean,0.20093066391935363,0.20093066391935363
31,subflow_fwd_byts_std,-0.0732597175531863,0.0732597175531863
31,subflow_fwd_byts_sum,0.1897697931285099,0.1897697931285099
31,subflow_fwd_byts_min,-0.020760845970615782,0.020760845970615782
31,subflow_fwd_byts_max,-0.14517302524071388,0.14517302524071388
31,subflow_bwd_pkts_mean,-0.1363568518044525,0.1363568518044525
31,subflow_bwd_pkts_std,-0.6331783869856669,0.6331783869856669
31,subflow_bwd_pkts_sum,-0.17347126167123925,0.17347126167123925
31,subflow_bwd_pkts_min,-0.053384660666387106,0.053384660666387106
31,subflow_bwd_pkts_max,-0.08656364021909672,0.08656364021909672
31,subflow_bwd_byts_mean,0.23201050178464286,0.23201050178464286
31,subflow_bwd_byts_std,-0.23827469188510764,0.23827469188510764
31,subflow_bwd_byts_sum,-0.8781180480981089,0.8781180480981089
31,subflow_bwd_byts_min,0.0461664520561887,0.0461664520561887
31,subflow_bwd_byts_max,0.4559330435301944,0.4559330435301944
31,window_size_fwd_mean,0.38216253264743777,0.38216253264743777
31,window_size_fwd_std,-1.1902974857822928,1.1902974857822928
31,window_size_fwd_sum,0.15341659128882004,0.15341659128882004
31,window_size_fwd_min,0.029662411493018456,0.029662411493018456
31,window_size_fwd_max,-0.18800819984998407,0.18800819984998407
31,window_size_bwd_mean,-0.7881100756628471,0.7881100756628471
31,window_size_bwd_std,1.955763746820721,1.955763746820721
31,window_size_bwd_sum,-0.7636936576892387,0.7636936576892387
31,window_size_bwd_min,0.039004222072720335,0.039004222072720335
31,window_size_bwd_max,0.38489115914496036,0.38489115914496036
31,fwd_act_data_pkts_mean,0.2588754382883687,0.2588754382883687
31,fwd_act_data_pkts_std,0.29713354383810786,0.29713354383810786
31,fwd_act_data_pkts_sum,0.15513484916874923,0.15513484916874923
31,fwd_act_data_pkts_min,0.13609167701205674,0.13609167701205674
31,fwd_act_data_pkts_max,0.1581011857074052,0.1581011857074052
31,fwd_seg_size_min_mean,1.0393977036741848,1.0393977036741848
31,fwd_seg_size_min_std,-0.40228825704419036,0.40228825704419036
31,fwd_seg_size_min_sum,0.2560108194111908,0.2560108194111908
31,fwd_seg_size_min_min,-0.15008471285168618,0.15008471285168618
31,fwd_seg_size_min_max,-0.12094620029986258,0.12094620029986258
31,active_mean_mean,-0.16746063370763284,0.16746063370763284
31,active_mean_std,-0.34432701430878254,0.34432701430878254
31,active_mean_sum,-0.6542880657487737,0.6542880657487737
31,active_mean_min,0.004321816763714694,0.004321816763714694
31,active_mean_max,-0.03443655698156391,0.03443655698156391
31,active_std_mean,-0.4405442432143047,0.4405442432143047
31,active_std_std,-0.12063274954490175,0.12063274954490175
31,active_std_sum,-0.6250331528025493,0.6250331528025493
31,active_std_min,0.02103700982377869,0.02103700982377869
31,active_std_max,0.24560378485771422,0.24560378485771422
31,active_max_mean,-0.2539489813471696,0.2539489813471696
31,active_max_std,0.46202417089379433,0.46202417089379433
31,active_max_sum,0.7250024664957483,0.7250024664957483
31,active_max_min,0.009795184206428807,0.009795184206428807
31,active_max_max,0.19189832149085614,0.19189832149085614
31,active_min_mean,0.038585964023705156,0.038585964023705156
31,active_min_std,-0.34849156096314443,0.34849156096314443
31,active_min_sum,0.17014965102999166,0.17014965102999166
31,active_min_min,-0.004927732232070372,0.004927732232070372
31,active_min_max,0.17292953621540103,0.17292953621540103
31,idle_mean_mean,0.1341033795842357,0.1341033795842357
31,idle_mean_std,-0.20423905058675343,0.20423905058675343
31,idle_mean_sum,0.023839385514949272,0.023839385514949272
31,idle_mean_min,-0.020515763679888454,0.020515763679888454
31,idle_mean_max,-0.09339130111359337,0.09339130111359337
31,idle_std_mean,0.42917780981026343,0.42917780981026343
31,idle_std_std,0.007625518127535173,0.007625518127535173
31,idle_std_sum,0.04679964982167899,0.04679964982167899
31,idle_std_min,-0.02730929630864407,0.02730929630864407
31,idle_std_max,-0.03472141732282885,0.03472141732282885
31,idle_max_mean,0.3324498382553554,0.3324498382553554
31,idle_max_std,0.09392514585253757,0.09392514585253757
31,idle_max_sum,0.11961417194557206,0.11961417194557206
31,idle_max_min,-0.0015714536989241245,0.0015714536989241245
31,idle_max_max,-0.12224229183065845,0.12224229183065845
31,idle_min_mean,-0.2024703429138976,0.2024703429138976
31,idle_min_std,-0.3829405628980334,0.3829405628980334
31,idle_min_sum,-0.04216144036912865,0.04216144036912865
31,idle_min_min,-0.05314602996012409,0.05314602996012409
31,idle_min_max,-0.07138813650304483,0.07138813650304483
31,duration_sec_mean,0.07934775269013086,0.07934775269013086
31,duration_sec_std,0.6519166403235083,0.6519166403235083
31,duration_sec_sum,-0.13761701078019511,0.13761701078019511
31,duration_sec_min,0.07239508459856825,0.07239508459856825
31,duration_sec_max,0.15469543151276743,0.15469543151276743
31,flow_count,0.13369802347782667,0.13369802347782667
31,unique_dst_ports_count,0.13971585793855046,0.13971585793855046
31,unique_protocols_count,0.011692740775081553,0.011692740775081553
31,pkt_ttl_min,-0.2336229469916716,0.2336229469916716
31,pkt_ttl_max,-0.4859916541523554,0.4859916541523554
31,pkt_ttl_std,0.3615859737499264,0.3615859737499264
31,pkt_ttl_mode,0.3576222935880581,0.3576222935880581
31,pkt_frag_mf_count,0.0,0.0
31,pkt_frag_df_count,0.7151789534453298,0.7151789534453298
31,pkt_payload_size_p25,-0.06691495112413298,0.06691495112413298
31,pkt_payload_size_p50,-0.21430476663601528,0.21430476663601528
31,pkt_payload_size_p75,-0.6667320763915301,0.6667320763915301
31,pkt_payload_size_p95,-0.8906638470998581,0.8906638470998581
31,pkt_tcp_retrans_count,1.5571358615115645,1.5571358615115645
31,pkt_port_scan_seq_score,1.4484159147917237,1.4484159147917237
32,duration_microsec_mean,0.09315292829268891,0.09315292829268891
32,duration_microsec_std,0.20940842676865473,0.20940842676865473
32,duration_microsec_sum,-0.06509617120994929,0.06509617120994929
32,duration_microsec_min,0.08903250070023394,0.08903250070023394
32,duration_microsec_max,0.29096824301575525,0.29096824301575525
32,packet_count_fwd_mean,0.5652250791294466,0.5652250791294466
32,packet_count_fwd_std,-0.2712039379824263,0.2712039379824263
32,packet_count_fwd_sum,0.23113532746615711,0.23113532746615711
32,packet_count_fwd_min,0.13647256625238563,0.13647256625238563
32,packet_count_fwd_max,-0.03478531881801018,0.03478531881801018
32,packet_count_bwd_mean,0.5776132741862048,0.5776132741862048
32,packet_count_bwd_std,1.0965489938414552,1.0965489938414552
32,packet_count_bwd_sum,0.04131927483848944,0.04131927483848944
32,packet_count_bwd_min,-0.1576443658846533,0.1576443658846533
32,packet_count_bwd_max,0.24741403122112135,0.24741403122112135
32,byte_count_fwd_mean,-0.06307816692163809,0.06307816692163809
32,byte_count_fwd_std,-0.7367954278592637,0.7367954278592637
32,byte_count_fwd_sum,-0.19562686398152987,0.19562686398152987
32,byte_count_fwd_min,0.1949233060869516,0.1949233060869516
32,byte_count_fwd_max,1.3106318414884264,1.3106318414884264
32,byte_count_bwd_mean,-0.5579764985239125,0.5579764985239125
32,byte_count_bwd_std,-1.5669916400676376,1.5669916400676376
32,byte_count_bwd_sum,-0.44600669172812185,0.44600669172812185
32,byte_count_bwd_min,0.050186405724561095,0.050186405724561095
32,byte_count_bwd_max,-0.655572999914317,0.655572999914317
32,fwd_pkt_len_max_mean,0.2168893396882322,0.2168893396882322
32,fwd_pkt_len_max_std,-1.676247366455839,1.676247366455839
32,fwd_pkt_len_max_sum,0.38804706134619427,0.38804706134619427
32,fwd_pkt_len_max_min,-0.056515116607488196,0.056515116607488196
32,fwd_pkt_len_max_max,0.49822351351823985,0.49822351351823985
32,fwd_pkt_len_min_mean,-0.19254007863749564,0.19254007863749564
32,fwd_pkt_len_min_std,0.015022439756422526,0.015022439756422526
32,fwd_pkt_len_min_sum,-0.15214595001122666,0.15214595001122666
32,fwd_pkt_len_min_min,0.04606091526353631,0.04606091526353631
32,fwd_pkt_len_min_max,-0.023921412985314354,0.023921412985314354
32,fwd_pkt_len_mean_mean,-0.2152694393736894,0.2152694393736894
32,fwd_pkt_len_mean_std,0.012655475003690101,0.012655475003690101
32,fwd_pkt_len_mean_sum,0.4362243233468634,0.4362243233468634
32,fwd_pkt_len_mean_min,0.013058363890965206,0.013058363890965206
32,fwd_pkt_len_mean_max,0.01416821439945983,0.01416821439945983
32,fwd_pkt_len_std_mean,2.0121662118533004,2.0121662118533004
32,fwd_pkt_len_std_std,0.90473244678549,0.90473244678549
32,fwd_pkt_len_std_sum,0.43004387346753514,0.43004387346753514
32,fwd_pkt_len_std_min,0.03720308307044257,0.03720308307044257
32,fwd_pkt_len_std_max,-0.2669279308923592,0.2669279308923592
32,bwd_pkt_len_max_mean,0.007340753020960256,0.007340753020960256
32,bwd_pkt_len_max_std,0.5799032869892045,0.5799032869892045
32,bwd_pkt_len_max_sum,0.16561313756857762,0.16561313756857762
32,bwd_pkt_len_max_min,0.045513937853968685,0.045513937853968685
32,bwd_pkt_len_max_max,-0.13351570091128223,0.13351570091128223
32,bwd_pkt_len_min_mean,0.8605334286881552,0.8605334286881552
32,bwd_pkt_len_min_std,-0.35918096425532337,0.35918096425532337
32,bwd_pkt_len_min_sum,0.23074718564138302,0.23074718564138302
32,bwd_pkt_len_min_min,0.0,0.0
32,bwd_pkt_len_min_max,-0.01428210390410093,0.01428210390410093
32,bwd_pkt_len_mean_mean,0.194784788790073,0.194784788790073
32,bwd_pkt_len_mean_std,0.29135360923397685,0.29135360923397685
32,bwd_pkt_len_mean_sum,0.4714762163522932,0.4714762163522932
32,bwd_pkt_len_mean_min,0.05084688433002446,0.05084688433002446
32,bwd_pkt_len_mean_max,1.539766415966863,1.539766415966863
32,bwd_pkt_len_std_mean,-1.6531865591806578,1.6531865591806578
32,bwd_pkt_len_std_std,1.1287026840370384,1.1287026840370384
32,bwd_pkt_len_std_sum,-0.004835625971207454,0.004835625971207454
32,bwd_pkt_len_std_min,0.04219306854332126,0.04219306854332126
32,bwd_pkt_len_std_max,1.2265490335659388,1.2265490335659388
32,bytes_per_sec_mean,-1.32206666892761,1.32206666892761
32,bytes_per_sec_std,0.2626062021137055,0.2626062021137055
32,bytes_per_sec_sum,-0.8779346203514058,0.8779346203514058
32,bytes_per_sec_min,0.050788910903890656,0.050788910903890656
32,bytes_per_sec_max,1.1730081250710152,1.1730081250710152
32,packets_per_sec_mean,-0.2893099763318765,0.2893099763318765
32,packets_per_sec_std,0.032611991282161065,0.032611991282161065
32,packets_per_sec_sum,-0.26329918794274554,0.26329918794274554
32,packets_per_sec_min,-0.16864893693063357,0.16864893693063357
32,packets_per_sec_max,-0.32048728355317596,0.32048728355317596
32,flow_iat_mean_mean,0.2212798683250359,0.2212798683250359
32,flow_iat_mean_std,-0.1558381757318039,0.1558381757318039
32,flow_iat_mean_sum,0.2609381567177213,0.2609381567177213
32,flow_iat_mean_min,0.01519396177337396,0.01519396177337396
32,flow_iat_mean_max,-0.040890286667915686,0.040890286667915686
32,flow_iat_std_mean,-0.2680787065813924,0.2680787065813924
32,flow_iat_std_std,-1.2448082751972367,1.2448082751972367
32,flow_iat_std_sum,-0.39870202633697543,0.39870202633697543
32,flow_iat_std_min,-0.04275712863357528,0.04275712863357528
32,flow_iat_std_max,-0.267272125723186,0.267272125723186
32,flow_iat_max_mean,-0.2665932534231845,0.2665932534231845
32,flow_iat_max_std,-0.569776340868841,0.569776340868841
32,flow_iat_max_sum,0.19040547936254787,0.19040547936254787
32,flow_iat_max_min,-0.0007154369003504352,0.0007154369003504352
32,flow_iat_max_max,0.19837786241172942,0.19837786241172942
32,flow_iat_min_mean,0.16627710838166032,0.16627710838166032
32,flow_iat_min_std,0.03343229920512414,0.03343229920512414
32,flow_iat_min_sum,0.3218329973394089,0.3218329973394089
32,flow_iat_min_min,0.022454842928629398,0.022454842928629398
32,flow_iat_min_max,0.09517128059819084,0.09517128059819084
32,fwd_iat_tot_mean,0.07177802830552317,0.07177802830552317
32,fwd_iat_tot_std,0.2479435985815626,0.2479435985815626
32,fwd_iat_tot_sum,-0.10933542326050716,0.10933542326050716
32,fwd_iat_tot_min,0.08811001898685783,0.08811001898685783
32,fwd_iat_tot_max,0.03903633814431448,0.03903633814431448
32,fwd_iat_mean_mean,-0.07564376834091936,0.07564376834091936
32,fwd_iat_mean_std,-0.6775167763367731,0.6775167763367731
32,fwd_iat_mean_sum,0.1633456738884976,0.1633456738884976
32,fwd_iat_mean_min,0.008438165812637946,0.008438165812637946
32,fwd_iat_mean_max,0.27591626584736595,0.27591626584736595
32,fwd_iat_std_mean,0.3285601491434406,0.3285601491434406
32,fwd_iat_std_std,0.3364103614357901,0.3364103614357901
32,fwd_iat_std_sum,0.268836966652392,0.268836966652392
32,fwd_iat_std_min,-0.04974144650656916,0.04974144650656916
32,fwd_iat_std_max,0.28277806279230566,0.28277806279230566
32,fwd_iat_max_mean,0.06303570260209355,0.06303570260209355
32,fwd_iat_max_std,-0.05966962766706197,0.05966962766706197
32,fwd_iat_max_sum,0.35983998364990105,0.35983998364990105
32,fwd_iat_max_min,-0.0007830041951862891,0.0007830041951862891
32,fwd_iat_max_max,-0.27725018492454745,0.27725018492454745
32,fwd_iat_min_mean,0.004077834956910783,0.004077834956910783
32,fwd_iat_min_std,-0.4289413385634216,0.4289413385634216
32,fwd_iat_min_sum,0.3397241522805486,0.3397241522805486
32,fwd_iat_min_min,0.006464634366148311,0.006464634366148311
32,fwd_iat_min_max,0.3231979142898826,0.3231979142898826
32,bwd_iat_tot_mean,-0.5877086710718996,0.5877086710718996
32,bwd_iat_tot_std,-0.10251508216627418,0.10251508216627418
32,bwd_iat_tot_sum,-0.07737587023003818,0.07737587023003818
32,bwd_iat_tot_min,0.023006057546236264,0.023006057546236264
32,bwd_iat_tot_max,-0.28923193964998356,0.28923193964998356
32,bwd_iat_mean_mean,0.4756057758619965,0.4756057758619965
32,bwd_iat_mean_std,1.0080956272928292,1.0080956272928292
32,bwd_iat_mean_sum,-0.6431512099398339,0.6431512099398339
32,bwd_iat_mean_min,-0.041597550474535276,0.041597550474535276
32,bwd_iat_mean_max,-0.536604607934971,0.536604607934971
32,bwd_iat_std_mean,1.3659001562959963,1.3659001562959963
32,bwd_iat_std_std,0.24297822697191798,0.24297822697191798
32,bwd_iat_std_sum,0.29928110347375403,0.29928110347375403
32,bwd_iat_std_min,0.01998091152236782,0.01998091152236782
32,bwd_iat_std_max,-0.05860540318681286,0.05860540318681286
32,bwd_iat_max_mean,-0.1712216677652225,0.1712216677652225
32,bwd_iat_max_std,-1.0236996238516052,1.0236996238516052
32,bwd_iat_max_sum,-0.12194559374547159,0.12194559374547159
32,bwd_iat_max_min,-0.0017885300923211982,0.0017885300923211982
32,bwd_iat_max_max,0.012463263438283854,0.012463263438283854
32,bwd_iat_min_mean,-0.03904680700067774,0.03904680700067774
32,bwd_iat_min_std,-1.0336692089000703,1.0336692089000703
32,bwd_iat_min_sum,0.1098092413067872,0.1098092413067872
32,bwd_iat_min_min,-0.08003715721522481,0.08003715721522481
32,bwd_iat_min_max,0.8954272855853118,0.8954272855853118
32,fwd_psh_flags_mean,-0.0888414852930493,0.0888414852930493
32,fwd_psh_flags_std,-0.14203305931755986,0.14203305931755986
32,fwd_psh_flags_sum,-0.06481171974219514,0.06481171974219514
32,fwd_psh_flags_min,-0.01258508941663065,0.01258508941663065
32,fwd_psh_flags_max,0.09552153940628483,0.09552153940628483
32,bwd_psh_flags_mean,0.0,0.0
32,bwd_psh_flags_std,0.0,0.0
32,bwd_psh_flags_sum,0.0,0.0
32,bwd_psh_flags_min,0.0,0.0
32,bwd_psh_flags_max,0.0,0.0
32,fwd_urg_flags_mean,-0.21733211199111238,0.21733211199111238
32,fwd_urg_flags_std,0.38164298321974327,0.38164298321974327
32,fwd_urg_flags_sum,0.013936126682421017,0.013936126682421017
32,fwd_urg_flags_min,0.0,0.0
32,fwd_urg_flags_max,0.12126590187228585,0.12126590187228585
32,bwd_urg_flags_mean,0.0,0.0
32,bwd_urg_flags_std,0.0,0.0
32,bwd_urg_flags_sum,0.0,0.0
32,bwd_urg_flags_min,0.0,0.0
32,bwd_urg_flags_max,0.0,0.0
32,fwd_header_len_mean,0.26212431363707805,0.26212431363707805
32,fwd_header_len_std,0.3167201077098214,0.3167201077098214
32,fwd_header_len_sum,0.2279821124370627,0.2279821124370627
32,fwd_header_len_min,-0.015518070686021701,0.015518070686021701
32,fwd_header_len_max,0.5340532506241854,0.5340532506241854
32,bwd_header_len_mean,-0.026675575347882497,0.026675575347882497
32,bwd_header_len_std,-0.26304713285611053,0.26304713285611053
32,bwd_header_len_sum,0.08084361646169719,0.08084361646169719
32,bwd_header_len_min,-0.0003702677084128003,0.0003702677084128003
32,bwd_header_len_max,0.5732614310400292,0.5732614310400292
32,fwd_pkts_per_sec_mean,0.3363371413818306,0.3363371413818306
32,fwd_pkts_per_sec_std,0.10654684101324728,0.10654684101324728
32,fwd_pkts_per_sec_sum,0.38786910387465545,0.38786910387465545
32,fwd_pkts_per_sec_min,0.019100686117186495,0.019100686117186495
32,fwd_pkts_per_sec_max,-0.39271240597042695,0.39271240597042695
32,bwd_pkts_per_sec_mean,-0.2069168601610892,0.2069168601610892
32,bwd_pkts_per_sec_std,0.6932316249973928,0.6932316249973928
32,bwd_pkts_per_sec_sum,-0.95093701369483,0.95093701369483
32,bwd_pkts_per_sec_min,0.019112794370981734,0.019112794370981734
32,bwd_pkts_per_sec_max,-0.26051509001264633,0.26051509001264633
32,pkt_len_min_mean,-0.011966588678935939,0.011966588678935939
32,pkt_len_min_std,0.9223172762607452,0.9223172762607452
32,pkt_len_min_sum,-0.18090830625778992,0.18090830625778992
32,pkt_len_min_min,0.04577996612852196,0.04577996612852196
32,pkt_len_min_max,-0.3095574072917468,0.3095574072917468
32,pkt_len_max_mean,-0.646999586302086,0.646999586302086
32,pkt_len_max_std,-0.7317860578346829,0.7317860578346829
32,pkt_len_max_sum,0.29733382567364974,0.29733382567364974
32,pkt_len_max_min,0.005106204892863656,0.005106204892863656
32,pkt_len_max_max,0.35158076456821813,0.35158076456821813
32,pkt_len_mean_mean,-0.6810681298854512,0.6810681298854512
32,pkt_len_mean_std,0.32736511052671546,0.32736511052671546
32,pkt_len_mean_sum,0.3321972978082458,0.3321972978082458
32,pkt_len_mean_min,0.02028384441084121,0.02028384441084121
32,pkt_len_mean_max,-0.9569422493596565,0.9569422493596565
32,pkt_len_std_mean,-0.9485703560434672,0.9485703560434672
32,pkt_len_std_std,0.5549715513762181,0.5549715513762181
32,pkt_len_std_sum,0.2798337661865823,0.2798337661865823
32,pkt_len_std_min,0.04590394402093368,0.04590394402093368
32,pkt_len_std_max,-0.14531233566954035,0.14531233566954035
32,pkt_len_var_mean,-1.2385050475831472,1.2385050475831472
32,pkt_len_var_std,-1.5456100170895493,1.5456100170895493
32,pkt_len_var_sum,0.5343385578178876,0.5343385578178876
32,pkt_len_var_min,0.04369502132370252,0.04369502132370252
32,pkt_len_var_max,-1.4830552589983692,1.4830552589983692
32,fin_flag_cnt_mean,0.06652812021801849,0.06652812021801849
32,fin_flag_cnt_std,0.13587189041479847,0.13587189041479847
32,fin_flag_cnt_sum,-0.01826638144781226,0.01826638144781226
32,fin_flag_cnt_min,0.0,0.0
32,fin_flag_cnt_max,0.14307836798901682,0.14307836798901682
32,syn_flag_cnt_mean,-0.0888414852930493,0.0888414852930493
32,syn_flag_cnt_std,-0.14203305931755986,0.14203305931755986
32,syn_flag_cnt_sum,-0.06481171974219514,0.06481171974219514
32,syn_flag_cnt_min,-0.01258508941663065,0.01258508941663065
32,syn_flag_cnt_max,0.09552153940628483,0.09552153940628483
32,rst_flag_cnt_mean,0.016868519181803782,0.016868519181803782
32,rst_flag_cnt_std,0.5994887726309455,0.5994887726309455
32,rst_flag_cnt_sum,0.6774419556576725,0.6774419556576725
32,rst_flag_cnt_min,0.0,0.0
32,rst_flag_cnt_max,-0.32570892215553243,0.32570892215553243
32,psh_flag_cnt_mean,0.49492248366876385,0.49492248366876385
32,psh_flag_cnt_std,-0.03289567199855257,0.03289567199855257
32,psh_flag_cnt_sum,0.09364023761295633,0.09364023761295633
32,psh_flag_cnt_min,0.006954165473046276,0.006954165473046276
32,psh_flag_cnt_max,-0.4854616816424389,0.4854616816424389
32,ack_flag_cnt_mean,0.18890777770661007,0.18890777770661007
32,ack_flag_cnt_std,0.993684700512679,0.993684700512679
32,ack_flag_cnt_sum,0.4754932794241986,0.4754932794241986
32,ack_flag_cnt_min,-0.01258508941663065,0.01258508941663065
32,ack_flag_cnt_max,-0.33967218292522355,0.33967218292522355
32,urg_flag_cnt_mean,-0.8305409494109046,0.8305409494109046
32,urg_flag_cnt_std,0.543443004829216,0.543443004829216
32,urg_flag_cnt_sum,0.0006991527168841066,0.0006991527168841066
32,urg_flag_cnt_min,0.0,0.0
32,urg_flag_cnt_max,0.8111018121584522,0.8111018121584522
32,cwe_flag_cnt_mean,-0.21733211199111238,0.21733211199111238
32,cwe_flag_cnt_std,0.38164298321974327,0.38164298321974327
32,cwe_flag_cnt_sum,0.013936126682421017,0.013936126682421017
32,cwe_flag_cnt_min,0.0,0.0
32,cwe_flag_cnt_max,0.12126590187228585,0.12126590187228585
32,ece_flag_cnt_mean,0.059062730323525915,0.059062730323525915
32,ece_flag_cnt_std,0.6244406249728136,0.6244406249728136
32,ece_flag_cnt_sum,0.6783520147836523,0.6783520147836523
32,ece_flag_cnt_min,0.0,0.0
32,ece_flag_cnt_max,-0.32570892215553243,0.32570892215553243
32,down_up_ratio_mean,0.34102995096545163,0.34102995096545163
32,down_up_ratio_std,-1.1949082145409362,1.1949082145409362
32,down_up_ratio_sum,0.2886243513713522,0.2886243513713522
32,down_up_ratio_min,-0.004629658403588909,0.004629658403588909
32,down_up_ratio_max,0.4590026343227117,0.4590026343227117
32,pkt_size_avg_mean,-0.6787164685132585,0.6787164685132585
32,pkt_size_avg_std,0.22023259952978105,0.22023259952978105
32,pkt_size_avg_sum,0.29205388297282087,0.29205388297282087
32,pkt_size_avg_min,0.010157826001022012,0.010157826001022012
32,pkt_size_avg_max,0.28193409897166827,0.28193409897166827
32,fwd_seg_size_avg_mean,-0.2152694393736894,0.2152694393736894
32,fwd_seg_size_avg_std,0.012655475003690101,0.012655475003690101
32,fwd_seg_size_avg_sum,0.4362243233468634,0.4362243233468634
32,fwd_seg_size_avg_min,0.013058363890965206,0.013058363890965206
32,fwd_seg_size_avg_max,0.01416821439945983,0.01416821439945983
32,bwd_seg_size_avg_mean,0.19478478878658562,0.19478478878658562
32,bwd_seg_size_avg_std,0.29135360921831055,0.29135360921831055
32,bwd_seg_size_avg_sum,0.4714762163518121,0.4714762163518121
32,bwd_seg_size_avg_min,0.05084688433002446,0.05084688433002446
32,bwd_seg_size_avg_max,1.539766415966985,1.539766415966985
32,fwd_byts_b_avg_mean,0.0,0.0
32,fwd_byts_b_avg_std,0.0,0.0
32,fwd_byts_b_avg_sum,0.0,0.0
32,fwd_byts_b_avg_min,0.0,0.0
32,fwd_byts_b_avg_max,0.0,0.0
32,fwd_pkts_b_avg_mean,0.0,0.0
32,fwd_pkts_b_avg_std,0.0,0.0
32,fwd_pkts_b_avg_sum,0.0,0.0
32,fwd_pkts_b_avg_min,0.0,0.0
32,fwd_pkts_b_avg_max,0.0,0.0
32,fwd_blk_rate_avg_mean,0.0,0.0
32,fwd_blk_rate_avg_std,0.0,0.0
32,fwd_blk_rate_avg_sum,0.0,0.0
32,fwd_blk_rate_avg_min,0.0,0.0
32,fwd_blk_rate_avg_max,0.0,0.0
32,bwd_byts_b_avg_mean,0.0,0.0
32,bwd_byts_b_avg_std,0.0,0.0
32,bwd_byts_b_avg_sum,0.0,0.0
32,bwd_byts_b_avg_min,0.0,0.0
32,bwd_byts_b_avg_max,0.0,0.0
32,bwd_pkts_b_avg_mean,0.0,0.0
32,bwd_pkts_b_avg_std,0.0,0.0
32,bwd_pkts_b_avg_sum,0.0,0.0
32,bwd_pkts_b_avg_min,0.0,0.0
32,bwd_pkts_b_avg_max,0.0,0.0
32,bwd_blk_rate_avg_mean,0.0,0.0
32,bwd_blk_rate_avg_std,0.0,0.0
32,bwd_blk_rate_avg_sum,0.0,0.0
32,bwd_blk_rate_avg_min,0.0,0.0
32,bwd_blk_rate_avg_max,0.0,0.0
32,subflow_fwd_pkts_mean,0.26043576391752005,0.26043576391752005
32,subflow_fwd_pkts_std,0.3012015706357405,0.3012015706357405
32,subflow_fwd_pkts_sum,0.17384238235655555,0.17384238235655555
32,subflow_fwd_pkts_min,0.06688682965482817,0.06688682965482817
32,subflow_fwd_pkts_max,0.19494997003702022,0.19494997003702022
32,subflow_fwd_byts_mean,0.20117532494501406,0.20117532494501406
32,subflow_fwd_byts_std,-0.07368709005157842,0.07368709005157842
32,subflow_fwd_byts_sum,0.18973295195013498,0.18973295195013498
32,subflow_fwd_byts_min,-0.021673892953510684,0.021673892953510684
32,subflow_fwd_byts_max,-0.14492665561730472,0.14492665561730472
32,subflow_bwd_pkts_mean,-0.13639718593583294,0.13639718593583294
32,subflow_bwd_pkts_std,-0.633238277053038,0.633238277053038
32,subflow_bwd_pkts_sum,-0.1734271837933129,0.1734271837933129
32,subflow_bwd_pkts_min,-0.053853306411461244,0.053853306411461244
32,subflow_bwd_pkts_max,-0.08668224782230709,0.08668224782230709
32,subflow_bwd_byts_mean,0.23223411703385602,0.23223411703385602
32,subflow_bwd_byts_std,-0.23798323829091417,0.23798323829091417
32,subflow_bwd_byts_sum,-0.8782120130931717,0.8782120130931717
32,subflow_bwd_byts_min,0.04457474013784933,0.04457474013784933
32,subflow_bwd_byts_max,0.4560278125084968,0.4560278125084968
32,window_size_fwd_mean,0.3823288797354731,0.3823288797354731
32,window_size_fwd_std,-1.1902649120384374,1.1902649120384374
32,window_size_fwd_sum,0.15340678920663367,0.15340678920663367
32,window_size_fwd_min,0.02975713480376803,0.02975713480376803
32,window_size_fwd_max,-0.18818310388463336,0.18818310388463336
32,window_size_bwd_mean,-0.7882512714559308,0.7882512714559308
32,window_size_bwd_std,1.9558069379020468,1.9558069379020468
32,window_size_bwd_sum,-0.7633491644308141,0.7633491644308141
32,window_size_bwd_min,0.037668744383081806,0.037668744383081806
32,window_size_bwd_max,0.3844786659510727,0.3844786659510727
32,fwd_act_data_pkts_mean,0.2594438205514093,0.2594438205514093
32,fwd_act_data_pkts_std,0.2968801239513462,0.2968801239513462
32,fwd_act_data_pkts_sum,0.15500317709509506,0.15500317709509506
32,fwd_act_data_pkts_min,0.13469086161193664,0.13469086161193664
32,fwd_act_data_pkts_max,0.15782576709433657,0.15782576709433657
32,fwd_seg_size_min_mean,1.039512234136552,1.039512234136552
32,fwd_seg_size_min_std,-0.40228212780822364,0.40228212780822364
32,fwd_seg_size_min_sum,0.256136283245536,0.256136283245536
32,fwd_seg_size_min_min,-0.15007851784116305,0.15007851784116305
32,fwd_seg_size_min_max,-0.12067109344094021,0.12067109344094021
32,active_mean_mean,-0.16725951631709296,0.16725951631709296
32,active_mean_std,-0.34434206669340384,0.34434206669340384
32,active_mean_sum,-0.6542745806467753,0.6542745806467753
32,active_mean_min,0.004568228023471044,0.004568228023471044
32,active_mean_max,-0.03437347094016709,0.03437347094016709
32,active_std_mean,-0.44047194667864503,0.44047194667864503
32,active_std_std,-0.120716600258238,0.120716600258238
32,active_std_sum,-0.6249451584963833,0.6249451584963833
32,active_std_min,0.021167495934664746,0.021167495934664746
32,active_std_max,0.24565654657614075,0.24565654657614075
32,active_max_mean,-0.25381065472218034,0.25381065472218034
32,active_max_std,0.46184570439147465,0.46184570439147465
32,active_max_sum,0.7249579540665367,0.7249579540665367
32,active_max_min,0.009992070683259436,0.009992070683259436
32,active_max_max,0.19197424718894382,0.19197424718894382
32,active_min_mean,0.03880697296864814,0.03880697296864814
32,active_min_std,-0.34860118707366305,0.34860118707366305
32,active_min_sum,0.17010218566998325,0.17010218566998325
32,active_min_min,-0.0046019185096537,0.0046019185096537
32,active_min_max,0.17297450154072805,0.17297450154072805
32,idle_mean_mean,0.13418633196106258,0.13418633196106258
32,idle_mean_std,-0.20420978107037757,0.20420978107037757
32,idle_mean_sum,0.023847135909487237,0.023847135909487237
32,idle_mean_min,-0.02036628941118334,0.02036628941118334
32,idle_mean_max,-0.09332637905997909,0.09332637905997909
32,idle_std_mean,0.4295154607091271,0.4295154607091271
32,idle_std_std,0.007575562885003153,0.007575562885003153
32,idle_std_sum,0.04680133114051296,0.04680133114051296
32,idle_std_min,-0.027009110014587476,0.027009110014587476
32,idle_std_max,-0.03471592035318386,0.03471592035318386
32,idle_max_mean,0.33264931174509615,0.33264931174509615
32,idle_max_std,0.09397111322916443,0.09397111322916443
32,idle_max_sum,0.11962064849706637,0.11962064849706637
32,idle_max_min,-0.001294676864332617,0.001294676864332617
32,idle_max_max,-0.1223356866251746,0.1223356866251746
32,idle_min_mean,-0.20255178987580996,0.20255178987580996
32,idle_min_std,-0.38299851814072233,0.38299851814072233
32,idle_min_sum,-0.04214408776545232,0.04214408776545232
32,idle_min_min,-0.05322578496055396,0.05322578496055396
32,idle_min_max,-0.07123177306589792,0.07123177306589792
32,duration_sec_mean,0.07902696850545057,0.07902696850545057
32,duration_sec_std,0.6518906516189675,0.6518906516189675
32,duration_sec_sum,-0.1377383741414736,0.1377383741414736
32,duration_sec_min,0.07182565682611677,0.07182565682611677
32,duration_sec_max,0.15438759628741122,0.15438759628741122
32,flow_count,0.13382876118101808,0.13382876118101808
32,unique_dst_ports_count,0.14006942244603232,0.14006942244603232
32,unique_protocols_count,0.013091516636661568,0.013091516636661568
32,pkt_ttl_min,-0.2335779892459684,0.2335779892459684
32,pkt_ttl_max,-0.4859626715913829,0.4859626715913829
32,pkt_ttl_std,0.3616656592161929,0.3616656592161929
32,pkt_ttl_mode,0.35770176149240757,0.35770176149240757
32,pkt_frag_mf_count,0.0,0.0
32,pkt_frag_df_count,0.7150791751517114,0.7150791751517114
32,pkt_payload_size_p25,-0.06685985276357931,0.06685985276357931
32,pkt_payload_size_p50,-0.2142586172211092,0.2142586172211092
32,pkt_payload_size_p75,-0.6667150175534821,0.6667150175534821
32,pkt_payload_size_p95,-0.8906621660479499,0.8906621660479499
32,pkt_tcp_retrans_count,1.5572705278246615,1.5572705278246615
32,pkt_port_scan_seq_score,1.4485468956308871,1.4485468956308871
33,duration_microsec_mean,0.09285202776753261,0.09285202776753261
33,duration_microsec_std,0.2096671494917558,0.2096671494917558
33,duration_microsec_sum,-0.06496612448822497,0.06496612448822497
33,duration_microsec_min,0.09003246260314114,0.09003246260314114
33,duration_microsec_max,0.29110189246060386,0.29110189246060386
33,packet_count_fwd_mean,0.5652831269458167,0.5652831269458167
33,packet_count_fwd_std,-0.27110211710055093,0.27110211710055093
33,packet_count_fwd_sum,0.2311631568187569,0.2311631568187569
33,packet_count_fwd_min,0.13790929013601638,0.13790929013601638
33,packet_count_fwd_max,-0.03470991930061255,0.03470991930061255
33,packet_count_bwd_mean,0.5776948092336995,0.5776948092336995
33,packet_count_bwd_std,1.0965475450816717,1.0965475450816717
33,packet_count_bwd_sum,0.041406426359827476,0.041406426359827476
33,packet_count_bwd_min,-0.15689024284630862,0.15689024284630862
33,packet_count_bwd_max,0.24752286890426978,0.24752286890426978
33,byte_count_fwd_mean,-0.06318332713088706,0.06318332713088706
33,byte_count_fwd_std,-0.7368510230162287,0.7368510230162287
33,byte_count_fwd_sum,-0.1955941703541826,0.1955941703541826
33,byte_count_fwd_min,0.19603612399708428,0.19603612399708428
33,byte_count_fwd_max,1.3106325102421217,1.3106325102421217
33,byte_count_bwd_mean,-0.5579774211316562,0.5579774211316562
33,byte_count_bwd_std,-1.567169786247076,1.567169786247076
33,byte_count_bwd_sum,-0.44595635602794564,0.44595635602794564
33,byte_count_bwd_min,0.052486215198624356,0.052486215198624356
33,byte_count_bwd_max,-0.6556711118771057,0.6556711118771057
33,fwd_pkt_len_max_mean,0.21644379766491564,0.21644379766491564
33,fwd_pkt_len_max_std,-1.6770559332622668,1.6770559332622668
33,fwd_pkt_len_max_sum,0.38811307590005567,0.38811307590005567
33,fwd_pkt_len_max_min,-0.05528287208811556,0.05528287208811556
33,fwd_pkt_len_max_max,0.49807186753047256,0.49807186753047256
33,fwd_pkt_len_min_mean,-0.19281340774143596,0.19281340774143596
33,fwd_pkt_len_min_std,0.015146527286553088,0.015146527286553088
33,fwd_pkt_len_min_sum,-0.15204600432731014,0.15204600432731014
33,fwd_pkt_len_min_min,0.04579709013519953,0.04579709013519953
33,fwd_pkt_len_min_max,-0.023938414976227222,0.023938414976227222
33,fwd_pkt_len_mean_mean,-0.2154239744014817,0.2154239744014817
33,fwd_pkt_len_mean_std,0.01262784885714067,0.01262784885714067
33,fwd_pkt_len_mean_sum,0.43629036599704324,0.43629036599704324
33,fwd_pkt_len_mean_min,0.013218564412197875,0.013218564412197875
33,fwd_pkt_len_mean_max,0.014182140738333592,0.014182140738333592
33,fwd_pkt_len_std_mean,2.012404719659881,2.012404719659881
33,fwd_pkt_len_std_std,0.9040110496501012,0.9040110496501012
33,fwd_pkt_len_std_sum,0.43020005640006015,0.43020005640006015
33,fwd_pkt_len_std_min,0.03843749498233284,0.03843749498233284
33,fwd_pkt_len_std_max,-0.2668149722645132,0.2668149722645132
33,bwd_pkt_len_max_mean,0.007306157854274704,0.007306157854274704
33,bwd_pkt_len_max_std,0.5794534216964148,0.5794534216964148
33,bwd_pkt_len_max_sum,0.16509471458378294,0.16509471458378294
33,bwd_pkt_len_max_min,0.04715829700596633,0.04715829700596633
33,bwd_pkt_len_max_max,-0.1335172530635908,0.1335172530635908
33,bwd_pkt_len_min_mean,0.8604068189775067,0.8604068189775067
33,bwd_pkt_len_min_std,-0.3591930673593295,0.3591930673593295
33,bwd_pkt_len_min_sum,0.23063427752825258,0.23063427752825258
33,bwd_pkt_len_min_min,0.0,0.0
33,bwd_pkt_len_min_max,-0.014332365025701385,0.014332365025701385
33,bwd_pkt_len_mean_mean,0.1948140568050337,0.1948140568050337
33,bwd_pkt_len_mean_std,0.2915997143516527,0.2915997143516527
33,bwd_pkt_len_mean_sum,0.4713365615337086,0.4713365615337086
33,bwd_pkt_len_mean_min,0.05348562954047248,0.05348562954047248
33,bwd_pkt_len_mean_max,1.539741536059792,1.539741536059792
33,bwd_pkt_len_std_mean,-1.6533850285628537,1.6533850285628537
33,bwd_pkt_len_std_std,1.1282973371532803,1.1282973371532803
33,bwd_pkt_len_std_sum,-0.005106595866242482,0.005106595866242482
33,bwd_pkt_len_std_min,0.04322379477449489,0.04322379477449489
33,bwd_pkt_len_std_max,1.2266996647904782,1.2266996647904782
33,bytes_per_sec_mean,-1.321984011532962,1.321984011532962
33,bytes_per_sec_std,0.2626197884336042,0.2626197884336042
33,bytes_per_sec_sum,-0.8778453681592293,0.8778453681592293
33,bytes_per_sec_min,0.051537395455260065,0.051537395455260065
33,bytes_per_sec_max,1.1730374273293696,1.1730374273293696
33,packets_per_sec_mean,-0.2893408582264971,0.2893408582264971
33,packets_per_sec_std,0.03245772510601725,0.03245772510601725
33,packets_per_sec_sum,-0.26327515734700363,0.26327515734700363
33,packets_per_sec_min,-0.16782165140047356,0.16782165140047356
33,packets_per_sec_max,-0.3204558404060274,0.3204558404060274
33,flow_iat_mean_mean,0.22126597190990197,0.22126597190990197
33,flow_iat_mean_std,-0.1559498614640653,0.1559498614640653
33,flow_iat_mean_sum,0.2609406308723816,0.2609406308723816
33,flow_iat_mean_min,0.014909114315924281,0.014909114315924281
33,flow_iat_mean_max,-0.040822410052605285,0.040822410052605285
33,flow_iat_std_mean,-0.26813914448521287,0.26813914448521287
33,flow_iat_std_std,-1.2448335376604867,1.2448335376604867
33,flow_iat_std_sum,-0.39870332935707353,0.39870332935707353
33,flow_iat_std_min,-0.042801213893816074,0.042801213893816074
33,flow_iat_std_max,-0.2672598900384931,0.2672598900384931
33,flow_iat_max_mean,-0.2665279953069319,0.2665279953069319
33,flow_iat_max_std,-0.5697105661029755,0.5697105661029755
33,flow_iat_max_sum,0.1904424316174928,0.1904424316174928
33,flow_iat_max_min,-0.0008449943405310531,0.0008449943405310531
33,flow_iat_max_max,0.1983570267547871,0.1983570267547871
33,flow_iat_min_mean,0.16629406666569888,0.16629406666569888
33,flow_iat_min_std,0.033311255446829294,0.033311255446829294
33,flow_iat_min_sum,0.32182162894293415,0.32182162894293415
33,flow_iat_min_min,0.022133900522695763,0.022133900522695763
33,flow_iat_min_max,0.09517890460238594,0.09517890460238594
33,fwd_iat_tot_mean,0.07146625980480238,0.07146625980480238
33,fwd_iat_tot_std,0.24816126165190672,0.24816126165190672
33,fwd_iat_tot_sum,-0.1091919790432886,0.1091919790432886
33,fwd_iat_tot_min,0.08909340100074861,0.08909340100074861
33,fwd_iat_tot_max,0.03913734825578739,0.03913734825578739
33,fwd_iat_mean_mean,-0.07565283188423794,0.07565283188423794
33,fwd_iat_mean_std,-0.6775949398442077,0.6775949398442077
33,fwd_iat_mean_sum,0.16336252999403023,0.16336252999403023
33,fwd_iat_mean_min,0.008174533622939253,0.008174533622939253
33,fwd_iat_mean_max,0.27614952234718404,0.27614952234718404
33,fwd_iat_std_mean,0.3285361256348637,0.3285361256348637
33,fwd_iat_std_std,0.3363989628904957,0.3363989628904957
33,fwd_iat_std_sum,0.2690318702372685,0.2690318702372685
33,fwd_iat_std_min,-0.04971344442836877,0.04971344442836877
33,fwd_iat_std_max,0.282843770237627,0.282843770237627
33,fwd_iat_max_mean,0.06310097031859666,0.06310097031859666
33,fwd_iat_max_std,-0.05958122509892031,0.05958122509892031
33,fwd_iat_max_sum,0.3599119803650292,0.3599119803650292
33,fwd_iat_max_min,-0.0009085123184595543,0.0009085123184595543
33,fwd_iat_max_max,-0.27722002365105647,0.27722002365105647
33,fwd_iat_min_mean,0.004102571866109993,0.004102571866109993
33,fwd_iat_min_std,-0.4290032307486808,0.4290032307486808
33,fwd_iat_min_sum,0.339731999284703,0.339731999284703
33,fwd_iat_min_min,0.006047266172756389,0.006047266172756389
33,fwd_iat_min_max,0.32339054125139627,0.32339054125139627
33,bwd_iat_tot_mean,-0.5876612447242627,0.5876612447242627
33,bwd_iat_tot_std,-0.10244126604537898,0.10244126604537898
33,bwd_iat_tot_sum,-0.07736505156535346,0.07736505156535346
33,bwd_iat_tot_min,0.023853732726728395,0.023853732726728395
33,bwd_iat_tot_max,-0.28919243306763126,0.28919243306763126
33,bwd_iat_mean_mean,0.4757112102406974,0.4757112102406974
33,bwd_iat_mean_std,1.0080854546246427,1.0080854546246427
33,bwd_iat_mean_sum,-0.6431905264922072,0.6431905264922072
33,bwd_iat_mean_min,-0.04188691062078508,0.04188691062078508
33,bwd_iat_mean_max,-0.5365741454711406,0.5365741454711406
33,bwd_iat_std_mean,1.3658890176240648,1.3658890176240648
33,bwd_iat_std_std,0.24292309856977148,0.24292309856977148
33,bwd_iat_std_sum,0.2991951391873122,0.2991951391873122
33,bwd_iat_std_min,0.020241254865732226,0.020241254865732226
33,bwd_iat_std_max,-0.0586540519804968,0.0586540519804968
33,bwd_iat_max_mean,-0.17114935262080616,0.17114935262080616
33,bwd_iat_max_std,-1.0236456548411281,1.0236456548411281
33,bwd_iat_max_sum,-0.12196177979046754,0.12196177979046754
33,bwd_iat_max_min,-0.0015980760140364273,0.0015980760140364273
33,bwd_iat_max_max,0.012486512869621796,0.012486512869621796
33,bwd_iat_min_mean,-0.039054761749335525,0.039054761749335525
33,bwd_iat_min_std,-1.033776277508289,1.033776277508289
33,bwd_iat_min_sum,0.10979984946181875,0.10979984946181875
33,bwd_iat_min_min,-0.08091983610399431,0.08091983610399431
33,bwd_iat_min_max,0.895452417307871,0.895452417307871
33,fwd_psh_flags_mean,-0.08896796296515548,0.08896796296515548
33,fwd_psh_flags_std,-0.1418985395245207,0.1418985395245207
33,fwd_psh_flags_sum,-0.06483204452629754,0.06483204452629754
33,fwd_psh_flags_min,-0.01365607960876032,0.01365607960876032
33,fwd_psh_flags_max,0.09561899533866935,0.09561899533866935
33,bwd_psh_flags_mean,0.0,0.0
33,bwd_psh_flags_std,0.0,0.0
33,bwd_psh_flags_sum,0.0,0.0
33,bwd_psh_flags_min,0.0,0.0
33,bwd_psh_flags_max,0.0,0.0
33,fwd_urg_flags_mean,-0.21731580525185876,0.21731580525185876
33,fwd_urg_flags_std,0.3816398172105818,0.3816398172105818
33,fwd_urg_flags_sum,0.013936847158450477,0.013936847158450477
33,fwd_urg_flags_min,0.0,0.0
33,fwd_urg_flags_max,0.12123846091271175,0.12123846091271175
33,bwd_urg_flags_mean,0.0,0.0
33,bwd_urg_flags_std,0.0,0.0
33,bwd_urg_flags_sum,0.0,0.0
33,bwd_urg_flags_min,0.0,0.0
33,bwd_urg_flags_max,0.0,0.0
33,fwd_header_len_mean,0.26218206635180197,0.26218206635180197
33,fwd_header_len_std,0.3162590714684571,0.3162590714684571
33,fwd_header_len_sum,0.227647630397334,0.227647630397334
33,fwd_header_len_min,-0.013325475782878732,0.013325475782878732
33,fwd_header_len_max,0.5339280549110856,0.5339280549110856
33,bwd_header_len_mean,-0.02672496460778783,0.02672496460778783
33,bwd_header_len_std,-0.263126285844121,0.263126285844121
33,bwd_header_len_sum,0.0807558616239908,0.0807558616239908
33,bwd_header_len_min,0.00021232252273712928,0.00021232252273712928
33,bwd_header_len_max,0.5732786102565046,0.5732786102565046
33,fwd_pkts_per_sec_mean,0.3364544296015909,0.3364544296015909
33,fwd_pkts_per_sec_std,0.10658017407092714,0.10658017407092714
33,fwd_pkts_per_sec_sum,0.38777546226563153,0.38777546226563153
33,fwd_pkts_per_sec_min,0.019982209393788943,0.019982209393788943
33,fwd_pkts_per_sec_max,-0.3927447458346353,0.3927447458346353
33,bwd_pkts_per_sec_mean,-0.20692993664122766,0.20692993664122766
33,bwd_pkts_per_sec_std,0.6931714695025397,0.6931714695025397
33,bwd_pkts_per_sec_sum,-0.9508562850845569,0.9508562850845569
33,bwd_pkts_per_sec_min,0.01999206004526507,0.01999206004526507
33,bwd_pkts_per_sec_max,-0.26054125327128613,0.26054125327128613
33,pkt_len_min_mean,-0.012228839725700748,0.012228839725700748
33,pkt_len_min_std,0.9223456358307438,0.9223456358307438
33,pkt_len_min_sum,-0.18081852406036988,0.18081852406036988
33,pkt_len_min_min,0.04556777335753565,0.04556777335753565
33,pkt_len_min_max,-0.3096174019365964,0.3096174019365964
33,pkt_len_max_mean,-0.6469218985542284,0.6469218985542284
33,pkt_len_max_std,-0.731998709049344,0.731998709049344
33,pkt_len_max_sum,0.2972326059655126,0.2972326059655126
33,pkt_len_max_min,0.006521780160895431,0.006521780160895431
33,pkt_len_max_max,0.35150759584002766,0.35150759584002766
33,pkt_len_mean_mean,-0.6810075999171118,0.6810075999171118
33,pkt_len_mean_std,0.3272793933248583,0.3272793933248583
33,pkt_len_mean_sum,0.3322267059407462,0.3322267059407462
33,pkt_len_mean_min,0.020915510147108806,0.020915510147108806
33,pkt_len_mean_max,-0.9569758964365113,0.9569758964365113
33,pkt_len_std_mean,-0.9484234728159824,0.9484234728159824
33,pkt_len_std_std,0.5548390308962425,0.5548390308962425
33,pkt_len_std_sum,0.2798260977905924,0.2798260977905924
33,pkt_len_std_min,0.04758805434189284,0.04758805434189284
33,pkt_len_std_max,-0.14534090320467008,0.14534090320467008
33,pkt_len_var_mean,-1.23853635682386,1.23853635682386
33,pkt_len_var_std,-1.5455792053776596,1.5455792053776596
33,pkt_len_var_sum,0.5343493839300348,0.5343493839300348
33,pkt_len_var_min,0.04500157521428323,0.04500157521428323
33,pkt_len_var_max,-1.4830192511842366,1.4830192511842366
33,fin_flag_cnt_mean,0.06664902580116829,0.06664902580116829
33,fin_flag_cnt_std,0.13578925446762175,0.13578925446762175
33,fin_flag_cnt_sum,-0.018307926636711363,0.018307926636711363
33,fin_flag_cnt_min,0.0,0.0
33,fin_flag_cnt_max,0.1430751936812745,0.1430751936812745
33,syn_flag_cnt_mean,-0.08896796296515548,0.08896796296515548
33,syn_flag_cnt_std,-0.1418985395245207,0.1418985395245207
33,syn_flag_cnt_sum,-0.06483204452629754,0.06483204452629754
33,syn_flag_cnt_min,-0.01365607960876032,0.01365607960876032
33,syn_flag_cnt_max,0.09561899533866935,0.09561899533866935
33,rst_flag_cnt_mean,0.01683137941076614,0.01683137941076614
33,rst_flag_cnt_std,0.5995705783389482,0.5995705783389482
33,rst_flag_cnt_sum,0.677458978488573,0.677458978488573
33,rst_flag_cnt_min,0.0,0.0
33,rst_flag_cnt_max,-0.3254774993226071,0.3254774993226071
33,psh_flag_cnt_mean,0.49510723647876137,0.49510723647876137
33,psh_flag_cnt_std,-0.033107100054996126,0.033107100054996126
33,psh_flag_cnt_sum,0.09356628295261578,0.09356628295261578
33,psh_flag_cnt_min,0.006826858868150241,0.006826858868150241
33,psh_flag_cnt_max,-0.4853971856664929,0.4853971856664929
33,ack_flag_cnt_mean,0.18879131684475578,0.18879131684475578
33,ack_flag_cnt_std,0.9937940129451717,0.9937940129451717
33,ack_flag_cnt_sum,0.47561330078852915,0.47561330078852915
33,ack_flag_cnt_min,-0.01365607960876032,0.01365607960876032
33,ack_flag_cnt_max,-0.34031118467755467,0.34031118467755467
33,urg_flag_cnt_mean,-0.8304904102725846,0.8304904102725846
33,urg_flag_cnt_std,0.5433993392728443,0.5433993392728443
33,urg_flag_cnt_sum,0.0006730014396580172,0.0006730014396580172
33,urg_flag_cnt_min,0.0,0.0
33,urg_flag_cnt_max,0.8112608968112497,0.8112608968112497
33,cwe_flag_cnt_mean,-0.21731580525185876,0.21731580525185876
33,cwe_flag_cnt_std,0.3816398172105818,0.3816398172105818
33,cwe_flag_cnt_sum,0.013936847158450477,0.013936847158450477
33,cwe_flag_cnt_min,0.0,0.0
33,cwe_flag_cnt_max,0.12123846091271175,0.12123846091271175
33,ece_flag_cnt_mean,0.05902493530578187,0.05902493530578187
33,ece_flag_cnt_std,0.6245220123369057,0.6245220123369057
33,ece_flag_cnt_sum,0.6783690028055426,0.6783690028055426
33,ece_flag_cnt_min,0.0,0.0
33,ece_flag_cnt_max,-0.3254774993226071,0.3254774993226071
33,down_up_ratio_mean,0.3410144531054674,0.3410144531054674
33,down_up_ratio_std,-1.1948594875997696,1.1948594875997696
33,down_up_ratio_sum,0.2885639251526614,0.2885639251526614
33,down_up_ratio_min,-0.0034178346627003094,0.0034178346627003094
33,down_up_ratio_max,0.45903827642894546,0.45903827642894546
33,pkt_size_avg_mean,-0.6786541807902015,0.6786541807902015
33,pkt_size_avg_std,0.22027370652001935,0.22027370652001935
33,pkt_size_avg_sum,0.2921055119028556,0.2921055119028556
33,pkt_size_avg_min,0.01068404885942691,0.01068404885942691
33,pkt_size_avg_max,0.28178233165903094,0.28178233165903094
33,fwd_seg_size_avg_mean,-0.2154239744014817,0.2154239744014817
33,fwd_seg_size_avg_std,0.01262784885714067,0.01262784885714067
33,fwd_seg_size_avg_sum,0.43629036599704324,0.43629036599704324
33,fwd_seg_size_avg_min,0.013218564412197875,0.013218564412197875
33,fwd_seg_size_avg_max,0.014182140738333592,0.014182140738333592
33,bwd_seg_size_avg_mean,0.19481405680152225,0.19481405680152225
33,bwd_seg_size_avg_std,0.2915997143359931,0.2915997143359931
33,bwd_seg_size_avg_sum,0.4713365615332023,0.4713365615332023
33,bwd_seg_size_avg_min,0.05348562954047248,0.05348562954047248
33,bwd_seg_size_avg_max,1.5397415360599063,1.5397415360599063
33,fwd_byts_b_avg_mean,0.0,0.0
33,fwd_byts_b_avg_std,0.0,0.0
33,fwd_byts_b_avg_sum,0.0,0.0
33,fwd_byts_b_avg_min,0.0,0.0
33,fwd_byts_b_avg_max,0.0,0.0
33,fwd_pkts_b_avg_mean,0.0,0.0
33,fwd_pkts_b_avg_std,0.0,0.0
33,fwd_pkts_b_avg_sum,0.0,0.0
33,fwd_pkts_b_avg_min,0.0,0.0
33,fwd_pkts_b_avg_max,0.0,0.0
33,fwd_blk_rate_avg_mean,0.0,0.0
33,fwd_blk_rate_avg_std,0.0,0.0
33,fwd_blk_rate_avg_sum,0.0,0.0
33,fwd_blk_rate_avg_min,0.0,0.0
33,fwd_blk_rate_avg_max,0.0,0.0
33,bwd_byts_b_avg_mean,0.0,0.0
33,bwd_byts_b_avg_std,0.0,0.0
33,bwd_byts_b_avg_sum,0.0,0.0
33,bwd_byts_b_avg_min,0.0,0.0
33,bwd_byts_b_avg_max,0.0,0.0
33,bwd_pkts_b_avg_mean,0.0,0.0
33,bwd_pkts_b_avg_std,0.0,0.0
33,bwd_pkts_b_avg_sum,0.0,0.0
33,bwd_pkts_b_avg_min,0.0,0.0
33,bwd_pkts_b_avg_max,0.0,0.0
33,bwd_blk_rate_avg_mean,0.0,0.0
33,bwd_blk_rate_avg_std,0.0,0.0
33,bwd_blk_rate_avg_sum,0.0,0.0
33,bwd_blk_rate_avg_min,0.0,0.0
33,bwd_blk_rate_avg_max,0.0,0.0
33,subflow_fwd_pkts_mean,0.2604877942472304,0.2604877942472304
33,subflow_fwd_pkts_std,0.3007352538640575,0.3007352538640575
33,subflow_fwd_pkts_sum,0.17354684076440371,0.17354684076440371
33,subflow_fwd_pkts_min,0.06832197618255569,0.06832197618255569
33,subflow_fwd_pkts_max,0.19478750930967909,0.19478750930967909
33,subflow_fwd_byts_mean,0.20110751706375443,0.20110751706375443
33,subflow_fwd_byts_std,-0.07361540137649662,0.07361540137649662
33,subflow_fwd_byts_sum,0.1894347525869879,0.1894347525869879
33,subflow_fwd_byts_min,-0.021390308550966654,0.021390308550966654
33,subflow_fwd_byts_max,-0.1447590577161313,0.1447590577161313
33,subflow_bwd_pkts_mean,-0.1364367290594129,0.1364367290594129
33,subflow_bwd_pkts_std,-0.6332336028079372,0.6332336028079372
33,subflow_bwd_pkts_sum,-0.17350900545955752,0.17350900545955752
33,subflow_bwd_pkts_min,-0.05305597390970917,0.05305597390970917
33,subflow_bwd_pkts_max,-0.08662202370835559,0.08662202370835559
33,subflow_bwd_byts_mean,0.23221742013047478,0.23221742013047478
33,subflow_bwd_byts_std,-0.2380748929170858,0.2380748929170858
33,subflow_bwd_byts_sum,-0.8780734633063257,0.8780734633063257
33,subflow_bwd_byts_min,0.04617390938784786,0.04617390938784786
33,subflow_bwd_byts_max,0.45605513680530363,0.45605513680530363
33,window_size_fwd_mean,0.38229342029415175,0.38229342029415175
33,window_size_fwd_std,-1.1902942344822298,1.1902942344822298
33,window_size_fwd_sum,0.15372307587701975,0.15372307587701975
33,window_size_fwd_min,0.031235999544726535,0.031235999544726535
33,window_size_fwd_max,-0.18815057086074405,0.18815057086074405
33,window_size_bwd_mean,-0.7881408546633597,0.7881408546633597
33,window_size_bwd_std,1.9558850627176998,1.9558850627176998
33,window_size_bwd_sum,-0.7636631639572344,0.7636631639572344
33,window_size_bwd_min,0.03902608710980319,0.03902608710980319
33,window_size_bwd_max,0.3847994163311546,0.3847994163311546
33,fwd_act_data_pkts_mean,0.25949349260427806,0.25949349260427806
33,fwd_act_data_pkts_std,0.2964112460906034,0.2964112460906034
33,fwd_act_data_pkts_sum,0.15472044704719667,0.15472044704719667
33,fwd_act_data_pkts_min,0.13549138442199615,0.13549138442199615
33,fwd_act_data_pkts_max,0.1575381211745418,0.1575381211745418
33,fwd_seg_size_min_mean,1.0394890278730187,1.0394890278730187
33,fwd_seg_size_min_std,-0.4022215927589274,0.4022215927589274
33,fwd_seg_size_min_sum,0.2561698523605267,0.2561698523605267
33,fwd_seg_size_min_min,-0.15028413463037807,0.15028413463037807
33,fwd_seg_size_min_max,-0.12069543927713859,0.12069543927713859
33,active_mean_mean,-0.1673940943982975,0.1673940943982975
33,active_mean_std,-0.3443398397836963,0.3443398397836963
33,active_mean_sum,-0.6542228323676681,0.6542228323676681
33,active_mean_min,0.004365939115404089,0.004365939115404089
33,active_mean_max,-0.034444660764386216,0.034444660764386216
33,active_std_mean,-0.4404829881226769,0.4404829881226769
33,active_std_std,-0.12062534322173184,0.12062534322173184
33,active_std_sum,-0.6250170161590185,0.6250170161590185
33,active_std_min,0.021037253149043287,0.021037253149043287
33,active_std_max,0.2455785743056407,0.2455785743056407
33,active_max_mean,-0.25387036033939,0.25387036033939
33,active_max_std,0.4619236434943439,0.4619236434943439
33,active_max_sum,0.7249431465029949,0.7249431465029949
33,active_max_min,0.009824962692995359,0.009824962692995359
33,active_max_max,0.19192768666538637,0.19192768666538637
33,active_min_mean,0.03862260187202392,0.03862260187202392
33,active_min_std,-0.34857840711082877,0.34857840711082877
33,active_min_sum,0.17014521343926908,0.17014521343926908
33,active_min_min,-0.00486236683241933,0.00486236683241933
33,active_min_max,0.17298987884437492,0.17298987884437492
33,idle_mean_mean,0.13405333834093114,0.13405333834093114
33,idle_mean_std,-0.20426743659979021,0.20426743659979021
33,idle_mean_sum,0.023820133666575632,0.023820133666575632
33,idle_mean_min,-0.020329145681197182,0.020329145681197182
33,idle_mean_max,-0.09332082242093669,0.09332082242093669
33,idle_std_mean,0.4293073852907916,0.4293073852907916
33,idle_std_std,0.007659470665214034,0.007659470665214034
33,idle_std_sum,0.046755059567528116,0.046755059567528116
33,idle_std_min,-0.02719667114924925,0.02719667114924925
33,idle_std_max,-0.034688792607153136,0.034688792607153136
33,idle_max_mean,0.3324966456391207,0.3324966456391207
33,idle_max_std,0.09394961715659009,0.09394961715659009
33,idle_max_sum,0.11960593811786832,0.11960593811786832
33,idle_max_min,-0.0014171067780319963,0.0014171067780319963
33,idle_max_max,-0.12246531986067831,0.12246531986067831
33,idle_min_mean,-0.20261290332586715,0.20261290332586715
33,idle_min_std,-0.3829521491168571,0.3829521491168571
33,idle_min_sum,-0.042167879632354556,0.042167879632354556
33,idle_min_min,-0.052905618582504504,0.052905618582504504
33,idle_min_max,-0.07116932408678026,0.07116932408678026
33,duration_sec_mean,0.07934617128359038,0.07934617128359038
33,duration_sec_std,0.6516087712914218,0.6516087712914218
33,duration_sec_sum,-0.1377210630611064,0.1377210630611064
33,duration_sec_min,0.07243132788423469,0.07243132788423469
33,duration_sec_max,0.15431066800220467,0.15431066800220467
33,flow_count,0.13386258518552782,0.13386258518552782
33,unique_dst_ports_count,0.1399057171449981,0.1399057171449981
33,unique_protocols_count,0.013076371197181802,0.013076371197181802
33,pkt_ttl_min,-0.23362853127502672,0.23362853127502672
33,pkt_ttl_max,-0.4860191003052978,0.4860191003052978
33,pkt_ttl_std,0.361631227022489,0.361631227022489
33,pkt_ttl_mode,0.3576672116776723,0.3576672116776723
33,pkt_frag_mf_count,0.0,0.0
33,pkt_frag_df_count,0.7151365110598537,0.7151365110598537
33,pkt_payload_size_p25,-0.06690619513310687,0.06690619513310687
33,pkt_payload_size_p50,-0.2143086850992134,0.2143086850992134
33,pkt_payload_size_p75,-0.6667752978754943,0.6667752978754943
33,pkt_payload_size_p95,-0.8907267620324741,0.8907267620324741
33,pkt_tcp_retrans_count,1.5572799449825674,1.5572799449825674
33,pkt_port_scan_seq_score,1.4485510239190664,1.4485510239190664
34,duration_microsec_mean,0.09238578542277687,0.09238578542277687
34,duration_microsec_std,0.2097919704867915,0.2097919704867915
34,duration_microsec_sum,-0.06496211260026533,0.06496211260026533
34,duration_microsec_min,0.09014712742605956,0.09014712742605956
34,duration_microsec_max,0.2908445171268776,0.2908445171268776
34,packet_count_fwd_mean,0.5663165371805562,0.5663165371805562
34,packet_count_fwd_std,-0.2711348961378126,0.2711348961378126
34,packet_count_fwd_sum,0.231887430482485,0.231887430482485
34,packet_count_fwd_min,0.13902707359498492,0.13902707359498492
34,packet_count_fwd_max,-0.03455118020479617,0.03455118020479617
34,packet_count_bwd_mean,0.5775125470036566,0.5775125470036566
34,packet_count_bwd_std,1.096143533229813,1.096143533229813
34,packet_count_bwd_sum,0.04058824009330918,0.04058824009330918
34,packet_count_bwd_min,-0.15714713657952856,0.15714713657952856
34,packet_count_bwd_max,0.24746781846089116,0.24746781846089116
34,byte_count_fwd_mean,-0.06287055858462001,0.06287055858462001
34,byte_count_fwd_std,-0.7372387060192938,0.7372387060192938
34,byte_count_fwd_sum,-0.19528104736732646,0.19528104736732646
34,byte_count_fwd_min,0.19742091355871885,0.19742091355871885
34,byte_count_fwd_max,1.3108158932616187,1.3108158932616187
34,byte_count_bwd_mean,-0.5590516653572851,0.5590516653572851
34,byte_count_bwd_std,-1.568041414435439,1.568041414435439
34,byte_count_bwd_sum,-0.44668637777416864,0.44668637777416864
34,byte_count_bwd_min,0.05416088130817923,0.05416088130817923
34,byte_count_bwd_max,-0.6572890974319672,0.6572890974319672
34,fwd_pkt_len_max_mean,0.21591785969569732,0.21591785969569732
34,fwd_pkt_len_max_std,-1.677396032233488,1.677396032233488
34,fwd_pkt_len_max_sum,0.38787434189074943,0.38787434189074943
34,fwd_pkt_len_max_min,-0.05475836180757254,0.05475836180757254
34,fwd_pkt_len_max_max,0.4979467856291816,0.4979467856291816
34,fwd_pkt_len_min_mean,-0.19338461970699097,0.19338461970699097
34,fwd_pkt_len_min_std,0.015181681655824392,0.015181681655824392
34,fwd_pkt_len_min_sum,-0.1520862607651351,0.1520862607651351
34,fwd_pkt_len_min_min,0.046733737635160144,0.046733737635160144
34,fwd_pkt_len_min_max,-0.02380540009828597,0.02380540009828597
34,fwd_pkt_len_mean_mean,-0.2156727041833022,0.2156727041833022
34,fwd_pkt_len_mean_std,0.012459185153797899,0.012459185153797899
34,fwd_pkt_len_mean_sum,0.4361259533771075,0.4361259533771075
34,fwd_pkt_len_mean_min,0.01397448404483522,0.01397448404483522
34,fwd_pkt_len_mean_max,0.01415865537664876,0.01415865537664876
34,fwd_pkt_len_std_mean,2.013245355033413,2.013245355033413
34,fwd_pkt_len_std_std,0.9036633362717462,0.9036633362717462
34,fwd_pkt_len_std_sum,0.43001228394774177,0.43001228394774177
34,fwd_pkt_len_std_min,0.03979971189210003,0.03979971189210003
34,fwd_pkt_len_std_max,-0.2667282605227919,0.2667282605227919
34,bwd_pkt_len_max_mean,0.006933535113996134,0.006933535113996134
34,bwd_pkt_len_max_std,0.5790547717941134,0.5790547717941134
34,bwd_pkt_len_max_sum,0.16485141423743127,0.16485141423743127
34,bwd_pkt_len_max_min,0.04866061184250453,0.04866061184250453
34,bwd_pkt_len_max_max,-0.13350566402616346,0.13350566402616346
34,bwd_pkt_len_min_mean,0.8598605849537542,0.8598605849537542
34,bwd_pkt_len_min_std,-0.35876305512085016,0.35876305512085016
34,bwd_pkt_len_min_sum,0.23083993168605732,0.23083993168605732
34,bwd_pkt_len_min_min,0.0,0.0
34,bwd_pkt_len_min_max,-0.014297546145568694,0.014297546145568694
34,bwd_pkt_len_mean_mean,0.19482133882951547,0.19482133882951547
34,bwd_pkt_len_mean_std,0.29189811686805406,0.29189811686805406
34,bwd_pkt_len_mean_sum,0.4712427367519095,0.4712427367519095
34,bwd_pkt_len_mean_min,0.05527759789268587,0.05527759789268587
34,bwd_pkt_len_mean_max,1.539565240672365,1.539565240672365
34,bwd_pkt_len_std_mean,-1.6534086024220258,1.6534086024220258
34,bwd_pkt_len_std_std,1.1284127859253692,1.1284127859253692
34,bwd_pkt_len_std_sum,-0.0053375891627429894,0.0053375891627429894
34,bwd_pkt_len_std_min,0.04433806618370634,0.04433806618370634
34,bwd_pkt_len_std_max,1.2268653801963503,1.2268653801963503
34,bytes_per_sec_mean,-1.3218176955893493,1.3218176955893493
34,bytes_per_sec_std,0.2624913533264696,0.2624913533264696
34,bytes_per_sec_sum,-0.8776931908139461,0.8776931908139461
34,bytes_per_sec_min,0.053532074447859394,0.053532074447859394
34,bytes_per_sec_max,1.1729130057471946,1.1729130057471946
34,packets_per_sec_mean,-0.2892057438554537,0.2892057438554537
34,packets_per_sec_std,0.032040582552805515,0.032040582552805515
34,packets_per_sec_sum,-0.26314118967137773,0.26314118967137773
34,packets_per_sec_min,-0.16876654963886464,0.16876654963886464
34,packets_per_sec_max,-0.32057658611147266,0.32057658611147266
34,flow_iat_mean_mean,0.22126904842845613,0.22126904842845613
34,flow_iat_mean_std,-0.15593898421062258,0.15593898421062258
34,flow_iat_mean_sum,0.2608530107768034,0.2608530107768034
34,flow_iat_mean_min,0.014800910916460193,0.014800910916460193
34,flow_iat_mean_max,-0.040654641010261575,0.040654641010261575
34,flow_iat_std_mean,-0.2686739582117835,0.2686739582117835
34,flow_iat_std_std,-1.2449172971846916,1.2449172971846916
34,flow_iat_std_sum,-0.3986812310347994,0.3986812310347994
34,flow_iat_std_min,-0.0429342461238926,0.0429342461238926
34,flow_iat_std_max,-0.26719716269547167,0.26719716269547167
34,flow_iat_max_mean,-0.26683866398196326,0.26683866398196326
34,flow_iat_max_std,-0.5697760204456978,0.5697760204456978
34,flow_iat_max_sum,0.19042217073855655,0.19042217073855655
34,flow_iat_max_min,-0.0011074483973831436,0.0011074483973831436
34,flow_iat_max_max,0.1983031470600175,0.1983031470600175
34,flow_iat_min_mean,0.16652518391096663,0.16652518391096663
34,flow_iat_min_std,0.033282207695286906,0.033282207695286906
34,flow_iat_min_sum,0.3217407335453519,0.3217407335453519
34,flow_iat_min_min,0.022092377266859843,0.022092377266859843
34,flow_iat_min_max,0.09513619043650497,0.09513619043650497
34,fwd_iat_tot_mean,0.07103388885071929,0.07103388885071929
34,fwd_iat_tot_std,0.24827920581824917,0.24827920581824917
34,fwd_iat_tot_sum,-0.10919746527476444,0.10919746527476444
34,fwd_iat_tot_min,0.08919471374064866,0.08919471374064866
34,fwd_iat_tot_max,0.03880414372777549,0.03880414372777549
34,fwd_iat_mean_mean,-0.07559726518021052,0.07559726518021052
34,fwd_iat_mean_std,-0.6775738141249305,0.6775738141249305
34,fwd_iat_mean_sum,0.1633269268418196,0.1633269268418196
34,fwd_iat_mean_min,0.008017539491004588,0.008017539491004588
34,fwd_iat_mean_max,0.2762812018425509,0.2762812018425509
34,fwd_iat_std_mean,0.3282084531664587,0.3282084531664587
34,fwd_iat_std_std,0.33662955635960085,0.33662955635960085
34,fwd_iat_std_sum,0.2692008542101923,0.2692008542101923
34,fwd_iat_std_min,-0.04991804974808861,0.04991804974808861
34,fwd_iat_std_max,0.28271992807640367,0.28271992807640367
34,fwd_iat_max_mean,0.06286013225214306,0.06286013225214306
34,fwd_iat_max_std,-0.05956331327982842,0.05956331327982842
34,fwd_iat_max_sum,0.3599048045562915,0.3599048045562915
34,fwd_iat_max_min,-0.0011661032823857991,0.0011661032823857991
34,fwd_iat_max_max,-0.277221746418389,0.277221746418389
34,fwd_iat_min_mean,0.004327248026946691,0.004327248026946691
34,fwd_iat_min_std,-0.42899264847841967,0.42899264847841967
34,fwd_iat_min_sum,0.3396863145973897,0.3396863145973897
34,fwd_iat_min_min,0.005949209382771243,0.005949209382771243
34,fwd_iat_min_max,0.3234029164859005,0.3234029164859005
34,bwd_iat_tot_mean,-0.5875916477743502,0.5875916477743502
34,bwd_iat_tot_std,-0.1025650596907026,0.1025650596907026
34,bwd_iat_tot_sum,-0.07733436399052324,0.07733436399052324
34,bwd_iat_tot_min,0.024928646756190786,0.024928646756190786
34,bwd_iat_tot_max,-0.2894550931568618,0.2894550931568618
34,bwd_iat_mean_mean,0.47598476550612356,0.47598476550612356
34,bwd_iat_mean_std,1.0082957660088274,1.0082957660088274
34,bwd_iat_mean_sum,-0.6432244045541252,0.6432244045541252
34,bwd_iat_mean_min,-0.041846283520479546,0.041846283520479546
34,bwd_iat_mean_max,-0.5366452798870204,0.5366452798870204
34,bwd_iat_std_mean,1.3660384427894272,1.3660384427894272
34,bwd_iat_std_std,0.24302172592881105,0.24302172592881105
34,bwd_iat_std_sum,0.29922118688094523,0.29922118688094523
34,bwd_iat_std_min,0.020870748570912003,0.020870748570912003
34,bwd_iat_std_max,-0.05865241141886504,0.05865241141886504
34,bwd_iat_max_mean,-0.17142058514487077,0.17142058514487077
34,bwd_iat_max_std,-1.0237005779408264,1.0237005779408264
34,bwd_iat_max_sum,-0.1220756304321097,0.1220756304321097
34,bwd_iat_max_min,-0.0010396724959749572,0.0010396724959749572
34,bwd_iat_max_max,0.012461758544853334,0.012461758544853334
34,bwd_iat_min_mean,-0.039069101040601975,0.039069101040601975
34,bwd_iat_min_std,-1.0336279035897111,1.0336279035897111
34,bwd_iat_min_sum,0.10969513755557006,0.10969513755557006
34,bwd_iat_min_min,-0.08159723033964433,0.08159723033964433
34,bwd_iat_min_max,0.8954236548965341,0.8954236548965341
34,fwd_psh_flags_mean,-0.08904523373119647,0.08904523373119647
34,fwd_psh_flags_std,-0.1418300925227246,0.1418300925227246
34,fwd_psh_flags_sum,-0.0648807984488873,0.0648807984488873
34,fwd_psh_flags_min,-0.014321316133420066,0.014321316133420066
34,fwd_psh_flags_max,0.0954414096200065,0.0954414096200065
34,bwd_psh_flags_mean,0.0,0.0
34,bwd_psh_flags_std,0.0,0.0
34,bwd_psh_flags_sum,0.0,0.0
34,bwd_psh_flags_min,0.0,0.0
34,bwd_psh_flags_max,0.0,0.0
34,fwd_urg_flags_mean,-0.21726265055284494,0.21726265055284494
34,fwd_urg_flags_std,0.38154687812312577,0.38154687812312577
34,fwd_urg_flags_sum,0.013948799482731542,0.013948799482731542
34,fwd_urg_flags_min,0.0,0.0
34,fwd_urg_flags_max,0.12128162039038434,0.12128162039038434
34,bwd_urg_flags_mean,0.0,0.0
34,bwd_urg_flags_std,0.0,0.0
34,bwd_urg_flags_sum,0.0,0.0
34,bwd_urg_flags_min,0.0,0.0
34,bwd_urg_flags_max,0.0,0.0
34,fwd_header_len_mean,0.26273158506581884,0.26273158506581884
34,fwd_header_len_std,0.31636303750947103,0.31636303750947103
34,fwd_header_len_sum,0.22774768110480914,0.22774768110480914
34,fwd_header_len_min,-0.012836416071934125,0.012836416071934125
34,fwd_header_len_max,0.5338852846613178,0.5338852846613178
34,bwd_header_len_mean,-0.027175842529818816,0.027175842529818816
34,bwd_header_len_std,-0.2631476656848607,0.2631476656848607
34,bwd_header_len_sum,0.08088109278762279,0.08088109278762279
34,bwd_header_len_min,0.0008386549551029606,0.0008386549551029606
34,bwd_header_len_max,0.5734573243923056,0.5734573243923056
34,fwd_pkts_per_sec_mean,0.33601107912341316,0.33601107912341316
34,fwd_pkts_per_sec_std,0.10666277346830891,0.10666277346830891
34,fwd_pkts_per_sec_sum,0.38784173894291674,0.38784173894291674
34,fwd_pkts_per_sec_min,0.019267375845352968,0.019267375845352968
34,fwd_pkts_per_sec_max,-0.39280605743234437,0.39280605743234437
34,bwd_pkts_per_sec_mean,-0.20703843668878058,0.20703843668878058
34,bwd_pkts_per_sec_std,0.6932035676334095,0.6932035676334095
34,bwd_pkts_per_sec_sum,-0.9508019605225866,0.9508019605225866
34,bwd_pkts_per_sec_min,0.01927690150588289,0.01927690150588289
34,bwd_pkts_per_sec_max,-0.2604974224397302,0.2604974224397302
34,pkt_len_min_mean,-0.0127483476671577,0.0127483476671577
34,pkt_len_min_std,0.9225682262983577,0.9225682262983577
34,pkt_len_min_sum,-0.18088958101853234,0.18088958101853234
34,pkt_len_min_min,0.046539684056417424,0.046539684056417424
34,pkt_len_min_max,-0.309586589346857,0.309586589346857
34,pkt_len_max_mean,-0.647052963529864,0.647052963529864
34,pkt_len_max_std,-0.7317814111831831,0.7317814111831831
34,pkt_len_max_sum,0.29700455370249923,0.29700455370249923
34,pkt_len_max_min,0.007340867011444027,0.007340867011444027
34,pkt_len_max_max,0.3514467499535681,0.3514467499535681
34,pkt_len_mean_mean,-0.6813011472572064,0.6813011472572064
34,pkt_len_mean_std,0.32729658906757203,0.32729658906757203
34,pkt_len_mean_sum,0.3321229864040673,0.3321229864040673
34,pkt_len_mean_min,0.021694666393901482,0.021694666393901482
34,pkt_len_mean_max,-0.9571127443535934,0.9571127443535934
34,pkt_len_std_mean,-0.947840241955924,0.947840241955924
34,pkt_len_std_std,0.5541391980726686,0.5541391980726686
34,pkt_len_std_sum,0.2796506868734746,0.2796506868734746
34,pkt_len_std_min,0.049070164838936135,0.049070164838936135
34,pkt_len_std_max,-0.14541953655484247,0.14541953655484247
34,pkt_len_var_mean,-1.2379722168710727,1.2379722168710727
34,pkt_len_var_std,-1.545387179335639,1.545387179335639
34,pkt_len_var_sum,0.534257580548891,0.534257580548891
34,pkt_len_var_min,0.04631154819632702,0.04631154819632702
34,pkt_len_var_max,-1.482832727825641,1.482832727825641
34,fin_flag_cnt_mean,0.06653255815403539,0.06653255815403539
34,fin_flag_cnt_std,0.13576753195227761,0.13576753195227761
34,fin_flag_cnt_sum,-0.01823250240055691,0.01823250240055691
34,fin_flag_cnt_min,0.0,0.0
34,fin_flag_cnt_max,0.14311679100373184,0.14311679100373184
34,syn_flag_cnt_mean,-0.08904523373119647,0.08904523373119647
34,syn_flag_cnt_std,-0.1418300925227246,0.1418300925227246
34,syn_flag_cnt_sum,-0.0648807984488873,0.0648807984488873
34,syn_flag_cnt_min,-0.014321316133420066,0.014321316133420066
34,syn_flag_cnt_max,0.0954414096200065,0.0954414096200065
34,rst_flag_cnt_mean,0.016741615882228535,0.016741615882228535
34,rst_flag_cnt_std,0.599696440374805,0.599696440374805
34,rst_flag_cnt_sum,0.6772601241788315,0.6772601241788315
34,rst_flag_cnt_min,0.0,0.0
34,rst_flag_cnt_max,-0.3254278568348979,0.3254278568348979
34,psh_flag_cnt_mean,0.4949579914007435,0.4949579914007435
34,psh_flag_cnt_std,-0.03388844756580544,0.03388844756580544
34,psh_flag_cnt_sum,0.09339271131112814,0.09339271131112814
34,psh_flag_cnt_min,0.0064984354007361165,0.0064984354007361165
34,psh_flag_cnt_max,-0.4842628811624366,0.4842628811624366
34,ack_flag_cnt_mean,0.18902538849719921,0.18902538849719921
34,ack_flag_cnt_std,0.9941080561193266,0.9941080561193266
34,ack_flag_cnt_sum,0.4754272057805635,0.4754272057805635
34,ack_flag_cnt_min,-0.014321316133420066,0.014321316133420066
34,ack_flag_cnt_max,-0.34113038344982377,0.34113038344982377
34,urg_flag_cnt_mean,-0.8303626734490072,0.8303626734490072
34,urg_flag_cnt_std,0.54384325779194,0.54384325779194
34,urg_flag_cnt_sum,0.0005357310399447762,0.0005357310399447762
34,urg_flag_cnt_min,0.0,0.0
34,urg_flag_cnt_max,0.8114973108054171,0.8114973108054171
34,cwe_flag_cnt_mean,-0.21726265055284494,0.21726265055284494
34,cwe_flag_cnt_std,0.38154687812312577,0.38154687812312577
34,cwe_flag_cnt_sum,0.013948799482731542,0.013948799482731542
34,cwe_flag_cnt_min,0.0,0.0
34,cwe_flag_cnt_max,0.12128162039038434,0.12128162039038434
34,ece_flag_cnt_mean,0.05893818408831024,0.05893818408831024
34,ece_flag_cnt_std,0.6246496994974996,0.6246496994974996
34,ece_flag_cnt_sum,0.6781701931801967,0.6781701931801967
34,ece_flag_cnt_min,0.0,0.0
34,ece_flag_cnt_max,-0.3254278568348979,0.3254278568348979
34,down_up_ratio_mean,0.34072441306667106,0.34072441306667106
34,down_up_ratio_std,-1.1946178192614747,1.1946178192614747
34,down_up_ratio_sum,0.28868455416173705,0.28868455416173705
34,down_up_ratio_min,-0.0030814907068774638,0.0030814907068774638
34,down_up_ratio_max,0.45914074477935635,0.45914074477935635
34,pkt_size_avg_mean,-0.679007089541231,0.679007089541231
34,pkt_size_avg_std,0.22033780436336403,0.22033780436336403
34,pkt_size_avg_sum,0.2919960588761102,0.2919960588761102
34,pkt_size_avg_min,0.01135191181896758,0.01135191181896758
34,pkt_size_avg_max,0.28184666242723877,0.28184666242723877
34,fwd_seg_size_avg_mean,-0.2156727041833022,0.2156727041833022
34,fwd_seg_size_avg_std,0.012459185153797899,0.012459185153797899
34,fwd_seg_size_avg_sum,0.4361259533771075,0.4361259533771075
34,fwd_seg_size_avg_min,0.01397448404483522,0.01397448404483522
34,fwd_seg_size_avg_max,0.01415865537664876,0.01415865537664876
34,bwd_seg_size_avg_mean,0.19482133882604838,0.19482133882604838
34,bwd_seg_size_avg_std,0.291898116852473,0.291898116852473
34,bwd_seg_size_avg_sum,0.4712427367514167,0.4712427367514167
34,bwd_seg_size_avg_min,0.05527759789268587,0.05527759789268587
34,bwd_seg_size_avg_max,1.53956524067249,1.53956524067249
34,fwd_byts_b_avg_mean,0.0,0.0
34,fwd_byts_b_avg_std,0.0,0.0
34,fwd_byts_b_avg_sum,0.0,0.0
34,fwd_byts_b_avg_min,0.0,0.0
34,fwd_byts_b_avg_max,0.0,0.0
34,fwd_pkts_b_avg_mean,0.0,0.0
34,fwd_pkts_b_avg_std,0.0,0.0
34,fwd_pkts_b_avg_sum,0.0,0.0
34,fwd_pkts_b_avg_min,0.0,0.0
34,fwd_pkts_b_avg_max,0.0,0.0
34,fwd_blk_rate_avg_mean,0.0,0.0
34,fwd_blk_rate_avg_std,0.0,0.0
34,fwd_blk_rate_avg_sum,0.0,0.0
34,fwd_blk_rate_avg_min,0.0,0.0
34,fwd_blk_rate_avg_max,0.0,0.0
34,bwd_byts_b_avg_mean,0.0,0.0
34,bwd_byts_b_avg_std,0.0,0.0
34,bwd_byts_b_avg_sum,0.0,0.0
34,bwd_byts_b_avg_min,0.0,0.0
34,bwd_byts_b_avg_max,0.0,0.0
34,bwd_pkts_b_avg_mean,0.0,0.0
34,bwd_pkts_b_avg_std,0.0,0.0
34,bwd_pkts_b_avg_sum,0.0,0.0
34,bwd_pkts_b_avg_min,0.0,0.0
34,bwd_pkts_b_avg_max,0.0,0.0
34,bwd_blk_rate_avg_mean,0.0,0.0
34,bwd_blk_rate_avg_std,0.0,0.0
34,bwd_blk_rate_avg_sum,0.0,0.0
34,bwd_blk_rate_avg_min,0.0,0.0
34,bwd_blk_rate_avg_max,0.0,0.0
34,subflow_fwd_pkts_mean,0.2610410055717,0.2610410055717
34,subflow_fwd_pkts_std,0.30087509150650976,0.30087509150650976
34,subflow_fwd_pkts_sum,0.17361861906977089,0.17361861906977089
34,subflow_fwd_pkts_min,0.06869610580840979,0.06869610580840979
34,subflow_fwd_pkts_max,0.1949274968709402,0.1949274968709402
34,subflow_fwd_byts_mean,0.2015885641006265,0.2015885641006265
34,subflow_fwd_byts_std,-0.07380925929703643,0.07380925929703643
34,subflow_fwd_byts_sum,0.1894838316426437,0.1894838316426437
34,subflow_fwd_byts_min,-0.020634939483150785,0.020634939483150785
34,subflow_fwd_byts_max,-0.14478218718288607,0.14478218718288607
34,subflow_bwd_pkts_mean,-0.13689426635794225,0.13689426635794225
34,subflow_bwd_pkts_std,-0.6332340243057006,0.6332340243057006
34,subflow_bwd_pkts_sum,-0.17343294810801282,0.17343294810801282
34,subflow_bwd_pkts_min,-0.05259140681805022,0.05259140681805022
34,subflow_bwd_pkts_max,-0.08644690714716845,0.08644690714716845
34,subflow_bwd_byts_mean,0.23237275962920986,0.23237275962920986
34,subflow_bwd_byts_std,-0.23811328264816717,0.23811328264816717
34,subflow_bwd_byts_sum,-0.8780080173645823,0.8780080173645823
34,subflow_bwd_byts_min,0.047684923041681565,0.047684923041681565
34,subflow_bwd_byts_max,0.45592120821298276,0.45592120821298276
34,window_size_fwd_mean,0.38216599018100783,0.38216599018100783
34,window_size_fwd_std,-1.1903920361831866,1.1903920361831866
34,window_size_fwd_sum,0.15348455822919665,0.15348455822919665
34,window_size_fwd_min,0.030761052958955704,0.030761052958955704
34,window_size_fwd_max,-0.18821776627345807,0.18821776627345807
34,window_size_bwd_mean,-0.7881275819107195,0.7881275819107195
34,window_size_bwd_std,1.9558527603126774,1.9558527603126774
34,window_size_bwd_sum,-0.7640768432671491,0.7640768432671491
34,window_size_bwd_min,0.04047459203424993,0.04047459203424993
34,window_size_bwd_max,0.38496714303719765,0.38496714303719765
34,fwd_act_data_pkts_mean,0.2600470231976096,0.2600470231976096
34,fwd_act_data_pkts_std,0.29655621803651555,0.29655621803651555
34,fwd_act_data_pkts_sum,0.15478537365335646,0.15478537365335646
34,fwd_act_data_pkts_min,0.13690166592705116,0.13690166592705116
34,fwd_act_data_pkts_max,0.15772925601194612,0.15772925601194612
34,fwd_seg_size_min_mean,1.039195536389864,1.039195536389864
34,fwd_seg_size_min_std,-0.4025792015964023,0.4025792015964023
34,fwd_seg_size_min_sum,0.25598551331596237,0.25598551331596237
34,fwd_seg_size_min_min,-0.15117158376806084,0.15117158376806084
34,fwd_seg_size_min_max,-0.12105125418291644,0.12105125418291644
34,active_mean_mean,-0.16756342677380195,0.16756342677380195
34,active_mean_std,-0.34438170453726985,0.34438170453726985
34,active_mean_sum,-0.6542825880811707,0.6542825880811707
34,active_mean_min,0.004356295028216591,0.004356295028216591
34,active_mean_max,-0.034538815488204276,0.034538815488204276
34,active_std_mean,-0.440615009288749,0.440615009288749
34,active_std_std,-0.12058793271853563,0.12058793271853563
34,active_std_sum,-0.6250825248286025,0.6250825248286025
34,active_std_min,0.0209783773531051,0.0209783773531051
34,active_std_max,0.24564211608666792,0.24564211608666792
34,active_max_mean,-0.25403023667775115,0.25403023667775115
34,active_max_std,0.46209810706210624,0.46209810706210624
34,active_max_sum,0.725038633195551,0.725038633195551
34,active_max_min,0.00978161930946064,0.00978161930946064
34,active_max_max,0.19200621461460238,0.19200621461460238
34,active_min_mean,0.03844529078819802,0.03844529078819802
34,active_min_std,-0.34845407760809605,0.34845407760809605
34,active_min_sum,0.17015121438406805,0.17015121438406805
34,active_min_min,-0.004799218413173333,0.004799218413173333
34,active_min_max,0.17294496503322054,0.17294496503322054
34,idle_mean_mean,0.1339884133777184,0.1339884133777184
34,idle_mean_std,-0.20423929385241962,0.20423929385241962
34,idle_mean_sum,0.02388408078178717,0.02388408078178717
34,idle_mean_min,-0.02084381934192541,0.02084381934192541
34,idle_mean_max,-0.0934240470638366,0.0934240470638366
34,idle_std_mean,0.42862390188109756,0.42862390188109756
34,idle_std_std,0.007722304425756278,0.007722304425756278
34,idle_std_sum,0.04685658344790111,0.04685658344790111
34,idle_std_min,-0.027152127034068677,0.027152127034068677
34,idle_std_max,-0.03469591120957248,0.03469591120957248
34,idle_max_mean,0.33211061967416083,0.33211061967416083
34,idle_max_std,0.09397828528163646,0.09397828528163646
34,idle_max_sum,0.11967049792446526,0.11967049792446526
34,idle_max_min,-0.0017241470108669053,0.0017241470108669053
34,idle_max_max,-0.12221224958998644,0.12221224958998644
34,idle_min_mean,-0.20238359612686949,0.20238359612686949
34,idle_min_std,-0.38295151533842303,0.38295151533842303
34,idle_min_sum,-0.04211841479615564,0.04211841479615564
34,idle_min_min,-0.05379277950991522,0.05379277950991522
34,idle_min_max,-0.07137530794562921,0.07137530794562921
34,duration_sec_mean,0.07996535440915034,0.07996535440915034
34,duration_sec_std,0.6513644386819976,0.6513644386819976
34,duration_sec_sum,-0.13724354619860687,0.13724354619860687
34,duration_sec_min,0.07306056563278746,0.07306056563278746
34,duration_sec_max,0.15410783774793813,0.15410783774793813
34,flow_count,0.13366476212005893,0.13366476212005893
34,unique_dst_ports_count,0.13965052633113811,0.13965052633113811
34,unique_protocols_count,0.011677424705591775,0.011677424705591775
34,pkt_ttl_min,-0.23363331260882367,0.23363331260882367
34,pkt_ttl_max,-0.48599441886939054,0.48599441886939054
34,pkt_ttl_std,0.36155854059589343,0.36155854059589343
34,pkt_ttl_mode,0.35759497010128083,0.35759497010128083
34,pkt_frag_mf_count,0.0,0.0
34,pkt_frag_df_count,0.7152219310877882,0.7152219310877882
34,pkt_payload_size_p25,-0.06693021764408662,0.06693021764408662
34,pkt_payload_size_p50,-0.21431570499851507,0.21431570499851507
34,pkt_payload_size_p75,-0.6667292569387145,0.6667292569387145
34,pkt_payload_size_p95,-0.8906539329180672,0.8906539329180672
34,pkt_tcp_retrans_count,1.5570783634439684,1.5570783634439684
34,pkt_port_scan_seq_score,1.4483608459386468,1.4483608459386468
35,duration_microsec_mean,0.09198286235402467,0.09198286235402467
35,duration_microsec_std,0.2098653005235598,0.2098653005235598
35,duration_microsec_sum,-0.06492754089549756,0.06492754089549756
35,duration_microsec_min,0.09038818239787766,0.09038818239787766
35,duration_microsec_max,0.29078748281301336,0.29078748281301336
35,packet_count_fwd_mean,0.5662654883473256,0.5662654883473256
35,packet_count_fwd_std,-0.2711579544742749,0.2711579544742749
35,packet_count_fwd_sum,0.23154068637972847,0.23154068637972847
35,packet_count_fwd_min,0.13933443375293453,0.13933443375293453
35,packet_count_fwd_max,-0.034599712577045895,0.034599712577045895
35,packet_count_bwd_mean,0.5775308346849782,0.5775308346849782
35,packet_count_bwd_std,1.096591043166055,1.096591043166055
35,packet_count_bwd_sum,0.04080382284659627,0.04080382284659627
35,packet_count_bwd_min,-0.15694325615536875,0.15694325615536875
35,packet_count_bwd_max,0.24756688475733551,0.24756688475733551
35,byte_count_fwd_mean,-0.06291591373798588,0.06291591373798588
35,byte_count_fwd_std,-0.7371365032179651,0.7371365032179651
35,byte_count_fwd_sum,-0.19551044846550872,0.19551044846550872
35,byte_count_fwd_min,0.19772224210398537,0.19772224210398537
35,byte_count_fwd_max,1.3107816582956258,1.3107816582956258
35,byte_count_bwd_mean,-0.5579965780840128,0.5579965780840128
35,byte_count_bwd_std,-1.5672710894460358,1.5672710894460358
35,byte_count_bwd_sum,-0.44626428435929605,0.44626428435929605
35,byte_count_bwd_min,0.05416470225638351,0.05416470225638351
35,byte_count_bwd_max,-0.6556249059124523,0.6556249059124523
35,fwd_pkt_len_max_mean,0.2163317616677183,0.2163317616677183
35,fwd_pkt_len_max_std,-1.6771207776812527,1.6771207776812527
35,fwd_pkt_len_max_sum,0.38799680411956233,0.38799680411956233
35,fwd_pkt_len_max_min,-0.05493794429814979,0.05493794429814979
35,fwd_pkt_len_max_max,0.4981084511257629,0.4981084511257629
35,fwd_pkt_len_min_mean,-0.19327507517063297,0.19327507517063297
35,fwd_pkt_len_min_std,0.015181368372980727,0.015181368372980727
35,fwd_pkt_len_min_sum,-0.15201818098745634,0.15201818098745634
35,fwd_pkt_len_min_min,0.046722910085951926,0.046722910085951926
35,fwd_pkt_len_min_max,-0.023883245405517114,0.023883245405517114
35,fwd_pkt_len_mean_mean,-0.21576646284707696,0.21576646284707696
35,fwd_pkt_len_mean_std,0.01252585112294615,0.01252585112294615
35,fwd_pkt_len_mean_sum,0.4361719770645249,0.4361719770645249
35,fwd_pkt_len_mean_min,0.013955966810068441,0.013955966810068441
35,fwd_pkt_len_mean_max,0.014184084481141734,0.014184084481141734
35,fwd_pkt_len_std_mean,2.012703549889927,2.012703549889927
35,fwd_pkt_len_std_std,0.9040628892721257,0.9040628892721257
35,fwd_pkt_len_std_sum,0.4300863461253673,0.4300863461253673
35,fwd_pkt_len_std_min,0.03960570836309905,0.03960570836309905
35,fwd_pkt_len_std_max,-0.26678517637275245,0.26678517637275245
35,bwd_pkt_len_max_mean,0.007383930182873283,0.007383930182873283
35,bwd_pkt_len_max_std,0.5793382501680092,0.5793382501680092
35,bwd_pkt_len_max_sum,0.16491749137067135,0.16491749137067135
35,bwd_pkt_len_max_min,0.04855289715859827,0.04855289715859827
35,bwd_pkt_len_max_max,-0.1334060720897475,0.1334060720897475
35,bwd_pkt_len_min_mean,0.8601453501730274,0.8601453501730274
35,bwd_pkt_len_min_std,-0.3589708461911145,0.3589708461911145
35,bwd_pkt_len_min_sum,0.23066986664829836,0.23066986664829836
35,bwd_pkt_len_min_min,0.0,0.0
35,bwd_pkt_len_min_max,-0.014323274482623256,0.014323274482623256
35,bwd_pkt_len_mean_mean,0.19489451094615756,0.19489451094615756
35,bwd_pkt_len_mean_std,0.2916450038473391,0.2916450038473391
35,bwd_pkt_len_mean_sum,0.47123331995336065,0.47123331995336065
35,bwd_pkt_len_mean_min,0.05533233518314348,0.05533233518314348
35,bwd_pkt_len_mean_max,1.5397053533467124,1.5397053533467124
35,bwd_pkt_len_std_mean,-1.65341865374907,1.65341865374907
35,bwd_pkt_len_std_std,1.128150389540119,1.128150389540119
35,bwd_pkt_len_std_sum,-0.005279526961397132,0.005279526961397132
35,bwd_pkt_len_std_min,0.04424233515686725,0.04424233515686725
35,bwd_pkt_len_std_max,1.2265861266942328,1.2265861266942328
35,bytes_per_sec_mean,-1.3218452959965206,1.3218452959965206
35,bytes_per_sec_std,0.2624895922949558,0.2624895922949558
35,bytes_per_sec_sum,-0.8778277522016137,0.8778277522016137
35,bytes_per_sec_min,0.05364177568331558,0.05364177568331558
35,bytes_per_sec_max,1.172944841438353,1.172944841438353
35,packets_per_sec_mean,-0.28910502843037295,0.28910502843037295
35,packets_per_sec_std,0.032018533105537414,0.032018533105537414
35,packets_per_sec_sum,-0.26321779769453957,0.26321779769453957
35,packets_per_sec_min,-0.168333660336201,0.168333660336201
35,packets_per_sec_max,-0.3205688596653938,0.3205688596653938
35,flow_iat_mean_mean,0.2213082823711623,0.2213082823711623
35,flow_iat_mean_std,-0.15595357163629756,0.15595357163629756
35,flow_iat_mean_sum,0.26091989525513287,0.26091989525513287
35,flow_iat_mean_min,0.014819918144770735,0.014819918144770735
35,flow_iat_mean_max,-0.04062455559595587,0.04062455559595587
35,flow_iat_std_mean,-0.2686265290709115,0.2686265290709115
35,flow_iat_std_std,-1.244859635613332,1.244859635613332
35,flow_iat_std_sum,-0.39870253546206236,0.39870253546206236
35,flow_iat_std_min,-0.04300670410935744,0.04300670410935744
35,flow_iat_std_max,-0.2672306066877809,0.2672306066877809
35,flow_iat_max_mean,-0.26675359451804553,0.26675359451804553
35,flow_iat_max_std,-0.5697731257968733,0.5697731257968733
35,flow_iat_max_sum,0.19050872404858607,0.19050872404858607
35,flow_iat_max_min,-0.0010971551284012213,0.0010971551284012213
35,flow_iat_max_max,0.19833167968016924,0.19833167968016924
35,flow_iat_min_mean,0.16653525174870681,0.16653525174870681
35,flow_iat_min_std,0.03325172680212638,0.03325172680212638
35,flow_iat_min_sum,0.3218093718378193,0.3218093718378193
35,flow_iat_min_min,0.022118476639247566,0.022118476639247566
35,flow_iat_min_max,0.09513662836378937,0.09513662836378937
35,fwd_iat_tot_mean,0.07058843180037293,0.07058843180037293
35,fwd_iat_tot_std,0.24839347302775566,0.24839347302775566
35,fwd_iat_tot_sum,-0.10915632217002136,0.10915632217002136
35,fwd_iat_tot_min,0.08947920452296798,0.08947920452296798
35,fwd_iat_tot_max,0.03881769790017255,0.03881769790017255
35,fwd_iat_mean_mean,-0.07560066445757595,0.07560066445757595
35,fwd_iat_mean_std,-0.6775657707732291,0.6775657707732291
35,fwd_iat_mean_sum,0.16335463712459827,0.16335463712459827
35,fwd_iat_mean_min,0.008029305027343,0.008029305027343
35,fwd_iat_mean_max,0.2763314918696341,0.2763314918696341
35,fwd_iat_std_mean,0.3280875356079354,0.3280875356079354
35,fwd_iat_std_std,0.33659488627297385,0.33659488627297385
35,fwd_iat_std_sum,0.26915494172435434,0.26915494172435434
35,fwd_iat_std_min,-0.04999798291343948,0.04999798291343948
35,fwd_iat_std_max,0.2827287683079601,0.2827287683079601
35,fwd_iat_max_mean,0.06285576796925861,0.06285576796925861
35,fwd_iat_max_std,-0.059632571038658655,0.059632571038658655
35,fwd_iat_max_sum,0.359967802476306,0.359967802476306
35,fwd_iat_max_min,-0.0011566575581051898,0.0011566575581051898
35,fwd_iat_max_max,-0.27725263599012456,0.27725263599012456
35,fwd_iat_min_mean,0.004332046617940774,0.004332046617940774
35,fwd_iat_min_std,-0.4289846126615978,0.4289846126615978
35,fwd_iat_min_sum,0.33972442097894534,0.33972442097894534
35,fwd_iat_min_min,0.00595546576542923,0.00595546576542923
35,fwd_iat_min_max,0.32333808503871586,0.32333808503871586
35,bwd_iat_tot_mean,-0.5875599531526099,0.5875599531526099
35,bwd_iat_tot_std,-0.10234731955307086,0.10234731955307086
35,bwd_iat_tot_sum,-0.07739044039670825,0.07739044039670825
35,bwd_iat_tot_min,0.024760888102124342,0.024760888102124342
35,bwd_iat_tot_max,-0.2893221126453703,0.2893221126453703
35,bwd_iat_mean_mean,0.4758190838516448,0.4758190838516448
35,bwd_iat_mean_std,1.0081988344538781,1.0081988344538781
35,bwd_iat_mean_sum,-0.6432759811233525,0.6432759811233525
35,bwd_iat_mean_min,-0.04191947745048481,0.04191947745048481
35,bwd_iat_mean_max,-0.5366107538799847,0.5366107538799847
35,bwd_iat_std_mean,1.3660173538918965,1.3660173538918965
35,bwd_iat_std_std,0.24295931100329463,0.24295931100329463
35,bwd_iat_std_sum,0.2992462419696247,0.2992462419696247
35,bwd_iat_std_min,0.02076332581448396,0.02076332581448396
35,bwd_iat_std_max,-0.05864709940781209,0.05864709940781209
35,bwd_iat_max_mean,-0.17112273945671896,0.17112273945671896
35,bwd_iat_max_std,-1.0237539775015125,1.0237539775015125
35,bwd_iat_max_sum,-0.12190813779324104,0.12190813779324104
35,bwd_iat_max_min,-0.0011658186953246354,0.0011658186953246354
35,bwd_iat_max_max,0.012437519808249654,0.012437519808249654
35,bwd_iat_min_mean,-0.0390468692515789,0.0390468692515789
35,bwd_iat_min_std,-1.0337012395184895,1.0337012395184895
35,bwd_iat_min_sum,0.10974928208525417,0.10974928208525417
35,bwd_iat_min_min,-0.08159509547550046,0.08159509547550046
35,bwd_iat_min_max,0.8954142536203072,0.8954142536203072
35,fwd_psh_flags_mean,-0.08906540480967637,0.08906540480967637
35,fwd_psh_flags_std,-0.14175248365929977,0.14175248365929977
35,fwd_psh_flags_sum,-0.064816604688416,0.064816604688416
35,fwd_psh_flags_min,-0.014280189613317609,0.014280189613317609
35,fwd_psh_flags_max,0.09569029333941459,0.09569029333941459
35,bwd_psh_flags_mean,0.0,0.0
35,bwd_psh_flags_std,0.0,0.0
35,bwd_psh_flags_sum,0.0,0.0
35,bwd_psh_flags_min,0.0,0.0
35,bwd_psh_flags_max,0.0,0.0
35,fwd_urg_flags_mean,-0.21730637220663943,0.21730637220663943
35,fwd_urg_flags_std,0.3816375208590156,0.3816375208590156
35,fwd_urg_flags_sum,0.013935264502348511,0.013935264502348511
35,fwd_urg_flags_min,0.0,0.0
35,fwd_urg_flags_max,0.12127780616550105,0.12127780616550105
35,bwd_urg_flags_mean,0.0,0.0
35,bwd_urg_flags_std,0.0,0.0
35,bwd_urg_flags_sum,0.0,0.0
35,bwd_urg_flags_min,0.0,0.0
35,bwd_urg_flags_max,0.0,0.0
35,fwd_header_len_mean,0.26273940477027735,0.26273940477027735
35,fwd_header_len_std,0.31597400243720924,0.31597400243720924
35,fwd_header_len_sum,0.2270530852128178,0.2270530852128178
35,fwd_header_len_min,-0.012989484871525729,0.012989484871525729
35,fwd_header_len_max,0.533817109802545,0.533817109802545
35,bwd_header_len_mean,-0.02684322043933782,0.02684322043933782
35,bwd_header_len_std,-0.26307997589770615,0.26307997589770615
35,bwd_header_len_sum,0.08080736591228721,0.08080736591228721
35,bwd_header_len_min,0.0007680142743545901,0.0007680142743545901
35,bwd_header_len_max,0.5733632108042233,0.5733632108042233
35,fwd_pkts_per_sec_mean,0.3362490517602795,0.3362490517602795
35,fwd_pkts_per_sec_std,0.10652053513271058,0.10652053513271058
35,fwd_pkts_per_sec_sum,0.3877307643801533,0.3877307643801533
35,fwd_pkts_per_sec_min,0.019564918833479168,0.019564918833479168
35,fwd_pkts_per_sec_max,-0.3928361317308939,0.3928361317308939
35,bwd_pkts_per_sec_mean,-0.2070149080486269,0.2070149080486269
35,bwd_pkts_per_sec_std,0.6931968680135915,0.6931968680135915
35,bwd_pkts_per_sec_sum,-0.9508429138648753,0.9508429138648753
35,bwd_pkts_per_sec_min,0.01957428004549088,0.01957428004549088
35,bwd_pkts_per_sec_max,-0.26048828269627256,0.26048828269627256
35,pkt_len_min_mean,-0.012687475677011884,0.012687475677011884
35,pkt_len_min_std,0.9223641420429135,0.9223641420429135
35,pkt_len_min_sum,-0.1807994899970324,0.1807994899970324
35,pkt_len_min_min,0.04652606040416375,0.04652606040416375
35,pkt_len_min_max,-0.3096518720862943,0.3096518720862943
35,pkt_len_max_mean,-0.6469239671050284,0.6469239671050284
35,pkt_len_max_std,-0.7320813724009867,0.7320813724009867
35,pkt_len_max_sum,0.29708784841391295,0.29708784841391295
35,pkt_len_max_min,0.007242935810056021,0.007242935810056021
35,pkt_len_max_max,0.3515423768407945,0.3515423768407945
35,pkt_len_mean_mean,-0.6812532720170722,0.6812532720170722
35,pkt_len_mean_std,0.3274409667978862,0.3274409667978862
35,pkt_len_mean_sum,0.3321450534785769,0.3321450534785769
35,pkt_len_mean_min,0.021698128580923227,0.021698128580923227
35,pkt_len_mean_max,-0.9568727185555368,0.9568727185555368
35,pkt_len_std_mean,-0.948224043154296,0.948224043154296
35,pkt_len_std_std,0.554687763900858,0.554687763900858
35,pkt_len_std_sum,0.2796956698501449,0.2796956698501449
35,pkt_len_std_min,0.048992471181454986,0.048992471181454986
35,pkt_len_std_max,-0.14547022546159646,0.14547022546159646
35,pkt_len_var_mean,-1.2383600456833945,1.2383600456833945
35,pkt_len_var_std,-1.5455963327104414,1.5455963327104414
35,pkt_len_var_sum,0.5342464137492346,0.5342464137492346
35,pkt_len_var_min,0.046202692261458324,0.046202692261458324
35,pkt_len_var_max,-1.4830300161155585,1.4830300161155585
35,fin_flag_cnt_mean,0.06654962197451766,0.06654962197451766
35,fin_flag_cnt_std,0.13579384877077866,0.13579384877077866
35,fin_flag_cnt_sum,-0.01830909760856033,0.01830909760856033
35,fin_flag_cnt_min,0.0,0.0
35,fin_flag_cnt_max,0.14314623934735354,0.14314623934735354
35,syn_flag_cnt_mean,-0.08906540480967637,0.08906540480967637
35,syn_flag_cnt_std,-0.14175248365929977,0.14175248365929977
35,syn_flag_cnt_sum,-0.064816604688416,0.064816604688416
35,syn_flag_cnt_min,-0.014280189613317609,0.014280189613317609
35,syn_flag_cnt_max,0.09569029333941459,0.09569029333941459
35,rst_flag_cnt_mean,0.016761386825085205,0.016761386825085205
35,rst_flag_cnt_std,0.5996820892592027,0.5996820892592027
35,rst_flag_cnt_sum,0.6772961055603364,0.6772961055603364
35,rst_flag_cnt_min,0.0,0.0
35,rst_flag_cnt_max,-0.3253897608671998,0.3253897608671998
35,psh_flag_cnt_mean,0.495036989695569,0.495036989695569
35,psh_flag_cnt_std,-0.03393264326277614,0.03393264326277614
35,psh_flag_cnt_sum,0.09340139440268573,0.09340139440268573
35,psh_flag_cnt_min,0.006522943345220496,0.006522943345220496
35,psh_flag_cnt_max,-0.4845282158870393,0.4845282158870393
35,ack_flag_cnt_mean,0.1885497264743781,0.1885497264743781
35,ack_flag_cnt_std,0.9938426544619017,0.9938426544619017
35,ack_flag_cnt_sum,0.47545734557364455,0.47545734557364455
35,ack_flag_cnt_min,-0.014280189613317609,0.014280189613317609
35,ack_flag_cnt_max,-0.3407480865078302,0.3407480865078302
35,urg_flag_cnt_mean,-0.830459493300391,0.830459493300391
35,urg_flag_cnt_std,0.5434256627779026,0.5434256627779026
35,urg_flag_cnt_sum,0.0007489797655504276,0.0007489797655504276
35,urg_flag_cnt_min,0.0,0.0
35,urg_flag_cnt_max,0.8117515488309048,0.8117515488309048
35,cwe_flag_cnt_mean,-0.21730637220663943,0.21730637220663943
35,cwe_flag_cnt_std,0.3816375208590156,0.3816375208590156
35,cwe_flag_cnt_sum,0.013935264502348511,0.013935264502348511
35,cwe_flag_cnt_min,0.0,0.0
35,cwe_flag_cnt_max,0.12127780616550105,0.12127780616550105
35,ece_flag_cnt_mean,0.05895607545451598,0.05895607545451598
35,ece_flag_cnt_std,0.6246341730846462,0.6246341730846462
35,ece_flag_cnt_sum,0.678206139301107,0.678206139301107
35,ece_flag_cnt_min,0.0,0.0
35,ece_flag_cnt_max,-0.3253897608671998,0.3253897608671998
35,down_up_ratio_mean,0.34073151685989056,0.34073151685989056
35,down_up_ratio_std,-1.1950902956374643,1.1950902956374643
35,down_up_ratio_sum,0.288506150284323,0.288506150284323
35,down_up_ratio_min,-0.0029879538948315507,0.0029879538948315507
35,down_up_ratio_max,0.45902796468450296,0.45902796468450296
35,pkt_size_avg_mean,-0.6789735806104321,0.6789735806104321
35,pkt_size_avg_std,0.2202758672266573,0.2202758672266573
35,pkt_size_avg_sum,0.2920185748583417,0.2920185748583417
35,pkt_size_avg_min,0.011351194617592705,0.011351194617592705
35,pkt_size_avg_max,0.2817832149889754,0.2817832149889754
35,fwd_seg_size_avg_mean,-0.21576646284707696,0.21576646284707696
35,fwd_seg_size_avg_std,0.01252585112294615,0.01252585112294615
35,fwd_seg_size_avg_sum,0.4361719770645249,0.4361719770645249
35,fwd_seg_size_avg_min,0.013955966810068441,0.013955966810068441
35,fwd_seg_size_avg_max,0.014184084481141734,0.014184084481141734
35,bwd_seg_size_avg_mean,0.19489451094267732,0.19489451094267732
35,bwd_seg_size_avg_std,0.2916450038316916,0.2916450038316916
35,bwd_seg_size_avg_sum,0.4712333199528687,0.4712333199528687
35,bwd_seg_size_avg_min,0.05533233518314348,0.05533233518314348
35,bwd_seg_size_avg_max,1.5397053533468246,1.5397053533468246
35,fwd_byts_b_avg_mean,0.0,0.0
35,fwd_byts_b_avg_std,0.0,0.0
35,fwd_byts_b_avg_sum,0.0,0.0
35,fwd_byts_b_avg_min,0.0,0.0
35,fwd_byts_b_avg_max,0.0,0.0
35,fwd_pkts_b_avg_mean,0.0,0.0
35,fwd_pkts_b_avg_std,0.0,0.0
35,fwd_pkts_b_avg_sum,0.0,0.0
35,fwd_pkts_b_avg_min,0.0,0.0
35,fwd_pkts_b_avg_max,0.0,0.0
35,fwd_blk_rate_avg_mean,0.0,0.0
35,fwd_blk_rate_avg_std,0.0,0.0
35,fwd_blk_rate_avg_sum,0.0,0.0
35,fwd_blk_rate_avg_min,0.0,0.0
35,fwd_blk_rate_avg_max,0.0,0.0
35,bwd_byts_b_avg_mean,0.0,0.0
35,bwd_byts_b_avg_std,0.0,0.0
35,bwd_byts_b_avg_sum,0.0,0.0
35,bwd_byts_b_avg_min,0.0,0.0
35,bwd_byts_b_avg_max,0.0,0.0
35,bwd_pkts_b_avg_mean,0.0,0.0
35,bwd_pkts_b_avg_std,0.0,0.0
35,bwd_pkts_b_avg_sum,0.0,0.0
35,bwd_pkts_b_avg_min,0.0,0.0
35,bwd_pkts_b_avg_max,0.0,0.0
35,bwd_blk_rate_avg_mean,0.0,0.0
35,bwd_blk_rate_avg_std,0.0,0.0
35,bwd_blk_rate_avg_sum,0.0,0.0
35,bwd_blk_rate_avg_min,0.0,0.0
35,bwd_blk_rate_avg_max,0.0,0.0
35,subflow_fwd_pkts_mean,0.2610390270254056,0.2610390270254056
35,subflow_fwd_pkts_std,0.30047385398653237,0.30047385398653237
35,subflow_fwd_pkts_sum,0.1729101179292393,0.1729101179292393
35,subflow_fwd_pkts_min,0.068781636449188,0.068781636449188
35,subflow_fwd_pkts_max,0.19473012480676485,0.19473012480676485
35,subflow_fwd_byts_mean,0.20143215163977013,0.20143215163977013
35,subflow_fwd_byts_std,-0.07349163068498944,0.07349163068498944
35,subflow_fwd_byts_sum,0.1887946188803579,0.1887946188803579
35,subflow_fwd_byts_min,-0.020701934816649368,0.020701934816649368
35,subflow_fwd_byts_max,-0.14481193327066555,0.14481193327066555
35,subflow_bwd_pkts_mean,-0.13666230471473942,0.13666230471473942
35,subflow_bwd_pkts_std,-0.6332967848290877,0.6332967848290877
35,subflow_bwd_pkts_sum,-0.17354256947783128,0.17354256947783128
35,subflow_bwd_pkts_min,-0.052582097828532126,0.052582097828532126
35,subflow_bwd_pkts_max,-0.08662248134761803,0.08662248134761803
35,subflow_bwd_byts_mean,0.23235469371852158,0.23235469371852158
35,subflow_bwd_byts_std,-0.2379942354440054,0.2379942354440054
35,subflow_bwd_byts_sum,-0.8780094931996384,0.8780094931996384
35,subflow_bwd_byts_min,0.04755387111278367,0.04755387111278367
35,subflow_bwd_byts_max,0.45607070516633463,0.45607070516633463
35,window_size_fwd_mean,0.3822867735974226,0.3822867735974226
35,window_size_fwd_std,-1.190467011492901,1.190467011492901
35,window_size_fwd_sum,0.1536062430975314,0.1536062430975314
35,window_size_fwd_min,0.031031907607574006,0.031031907607574006
35,window_size_fwd_max,-0.18857404572973704,0.18857404572973704
35,window_size_bwd_mean,-0.7881696745509597,0.7881696745509597
35,window_size_bwd_std,1.9559645066167175,1.9559645066167175
35,window_size_bwd_sum,-0.763947152821122,0.763947152821122
35,window_size_bwd_min,0.040270765138911264,0.040270765138911264
35,window_size_bwd_max,0.3848396575221189,0.3848396575221189
35,fwd_act_data_pkts_mean,0.26004133579196403,0.26004133579196403
35,fwd_act_data_pkts_std,0.2961573313213193,0.2961573313213193
35,fwd_act_data_pkts_sum,0.15407256671942474,0.15407256671942474
35,fwd_act_data_pkts_min,0.13693086803660917,0.13693086803660917
35,fwd_act_data_pkts_max,0.15747644867627222,0.15747644867627222
35,fwd_seg_size_min_mean,1.0393219619137535,1.0393219619137535
35,fwd_seg_size_min_std,-0.4026724970703513,0.4026724970703513
35,fwd_seg_size_min_sum,0.25601200378872213,0.25601200378872213
35,fwd_seg_size_min_min,-0.15119660713602168,0.15119660713602168
35,fwd_seg_size_min_max,-0.12104895607410937,0.12104895607410937
35,active_mean_mean,-0.16754862216572391,0.16754862216572391
35,active_mean_std,-0.3443029680177927,0.3443029680177927
35,active_mean_sum,-0.6542048589444716,0.6542048589444716
35,active_mean_min,0.004339659026575527,0.004339659026575527
35,active_mean_max,-0.03445893613985578,0.03445893613985578
35,active_std_mean,-0.44055626678043414,0.44055626678043414
35,active_std_std,-0.12067855707379171,0.12067855707379171
35,active_std_sum,-0.6249934702593897,0.6249934702593897
35,active_std_min,0.020991145857847813,0.020991145857847813
35,active_std_max,0.24558955748052633,0.24558955748052633
35,active_max_mean,-0.2540492776835134,0.2540492776835134
35,active_max_std,0.46189399310979407,0.46189399310979407
35,active_max_sum,0.7249459489382084,0.7249459489382084
35,active_max_min,0.009775183391154926,0.009775183391154926
35,active_max_max,0.1919927211259336,0.1919927211259336
35,active_min_mean,0.038465418133845346,0.038465418133845346
35,active_min_std,-0.3485542602353077,0.3485542602353077
35,active_min_sum,0.17020383541785747,0.17020383541785747
35,active_min_min,-0.004832312341801899,0.004832312341801899
35,active_min_max,0.1729517505748678,0.1729517505748678
35,idle_mean_mean,0.13398222978088056,0.13398222978088056
35,idle_mean_std,-0.20424131032644563,0.20424131032644563
35,idle_mean_sum,0.023851447902953016,0.023851447902953016
35,idle_mean_min,-0.020857403721936184,0.020857403721936184
35,idle_mean_max,-0.09338895037889437,0.09338895037889437
35,idle_std_mean,0.4286868516348652,0.4286868516348652
35,idle_std_std,0.00767564018604872,0.00767564018604872
35,idle_std_sum,0.046857632842109066,0.046857632842109066
35,idle_std_min,-0.027208441454554623,0.027208441454554623
35,idle_std_max,-0.03470932227251797,0.03470932227251797
35,idle_max_mean,0.3321183069975748,0.3321183069975748
35,idle_max_std,0.09390290797814546,0.09390290797814546
35,idle_max_sum,0.11964379557803843,0.11964379557803843
35,idle_max_min,-0.0017200902373245856,0.0017200902373245856
35,idle_max_max,-0.12222538613271416,0.12222538613271416
35,idle_min_mean,-0.20242028707711787,0.20242028707711787
35,idle_min_std,-0.3829353100294444,0.3829353100294444
35,idle_min_sum,-0.042142358132613855,0.042142358132613855
35,idle_min_min,-0.05383748920306091,0.05383748920306091
35,idle_min_max,-0.07138221591278067,0.07138221591278067
35,duration_sec_mean,0.07977638496907878,0.07977638496907878
35,duration_sec_std,0.6515607035439451,0.6515607035439451
35,duration_sec_sum,-0.13764392398279207,0.13764392398279207
35,duration_sec_min,0.07334903840078914,0.07334903840078914
35,duration_sec_max,0.15400020084158725,0.15400020084158725
35,flow_count,0.1336883003001454,0.1336883003001454
35,unique_dst_ports_count,0.13970011461527115,0.13970011461527115
35,unique_protocols_count,0.011485713087219993,0.011485713087219993
35,pkt_ttl_min,-0.23363671992505106,0.23363671992505106
35,pkt_ttl_max,-0.48602709732633037,0.48602709732633037
35,pkt_ttl_std,0.3616229994376584,0.3616229994376584
35,pkt_ttl_mode,0.35765898243379046,0.35765898243379046
35,pkt_frag_mf_count,0.0,0.0
35,pkt_frag_df_count,0.7152431275067572,0.7152431275067572
35,pkt_payload_size_p25,-0.06691445265362461,0.06691445265362461
35,pkt_payload_size_p50,-0.21431688405016353,0.21431688405016353
35,pkt_payload_size_p75,-0.6667830900695484,0.6667830900695484
35,pkt_payload_size_p95,-0.8907342157832288,0.8907342157832288
35,pkt_tcp_retrans_count,1.5572736276657437,1.5572736276657437
35,pkt_port_scan_seq_score,1.448544421823481,1.448544421823481
36,duration_microsec_mean,0.09213439056940738,0.09213439056940738
36,duration_microsec_std,0.2098279546713623,0.2098279546713623
36,duration_microsec_sum,-0.06496338368893409,0.06496338368893409
36,duration_microsec_min,0.09024269030188532,0.09024269030188532
36,duration_microsec_max,0.29060508189494627,0.29060508189494627
36,packet_count_fwd_mean,0.5665587430321025,0.5665587430321025
36,packet_count_fwd_std,-0.2710272561247312,0.2710272561247312
36,packet_count_fwd_sum,0.23163410750053778,0.23163410750053778
36,packet_count_fwd_min,0.1392037379785802,0.1392037379785802
36,packet_count_fwd_max,-0.0345189456415211,0.0345189456415211
36,packet_count_bwd_mean,0.5775770869282526,0.5775770869282526
36,packet_count_bwd_std,1.0963501270857317,1.0963501270857317
36,packet_count_bwd_sum,0.04044249576025622,0.04044249576025622
36,packet_count_bwd_min,-0.1569048219717925,0.1569048219717925
36,packet_count_bwd_max,0.2475257680597911,0.2475257680597911
36,byte_count_fwd_mean,-0.06279937907861984,0.06279937907861984
36,byte_count_fwd_std,-0.737282767210782,0.737282767210782
36,byte_count_fwd_sum,-0.19555700349960428,0.19555700349960428
36,byte_count_fwd_min,0.19785916421229716,0.19785916421229716
36,byte_count_fwd_max,1.310826164330713,1.310826164330713
36,byte_count_bwd_mean,-0.5585772108178363,0.5585772108178363
36,byte_count_bwd_std,-1.5677044296505247,1.5677044296505247
36,byte_count_bwd_sum,-0.44639398284028076,0.44639398284028076
36,byte_count_bwd_min,0.054883516892722646,0.054883516892722646
36,byte_count_bwd_max,-0.6565712799908079,0.6565712799908079
36,fwd_pkt_len_max_mean,0.2164471420735243,0.2164471420735243
36,fwd_pkt_len_max_std,-1.6769838002788648,1.6769838002788648
36,fwd_pkt_len_max_sum,0.3878367715693138,0.3878367715693138
36,fwd_pkt_len_max_min,-0.05490542603473062,0.05490542603473062
36,fwd_pkt_len_max_max,0.4981718496115588,0.4981718496115588
36,fwd_pkt_len_min_mean,-0.1934364203476133,0.1934364203476133
36,fwd_pkt_len_min_std,0.015180410598372968,0.015180410598372968
36,fwd_pkt_len_min_sum,-0.15199140535710737,0.15199140535710737
36,fwd_pkt_len_min_min,0.0467907097379982,0.0467907097379982
36,fwd_pkt_len_min_max,-0.023756053757669975,0.023756053757669975
36,fwd_pkt_len_mean_mean,-0.21582297283597993,0.21582297283597993
36,fwd_pkt_len_mean_std,0.012493536096878963,0.012493536096878963
36,fwd_pkt_len_mean_sum,0.4360351996261312,0.4360351996261312
36,fwd_pkt_len_mean_min,0.014056567939146903,0.014056567939146903
36,fwd_pkt_len_mean_max,0.014127928592940932,0.014127928592940932
36,fwd_pkt_len_std_mean,2.0128884406319916,2.0128884406319916
36,fwd_pkt_len_std_std,0.9043321083066612,0.9043321083066612
36,fwd_pkt_len_std_sum,0.42988928280256383,0.42988928280256383
36,fwd_pkt_len_std_min,0.04001494773510446,0.04001494773510446
36,fwd_pkt_len_std_max,-0.26679959424109406,0.26679959424109406
36,bwd_pkt_len_max_mean,0.007456428442303637,0.007456428442303637
36,bwd_pkt_len_max_std,0.5794282546186326,0.5794282546186326
36,bwd_pkt_len_max_sum,0.16506250753784305,0.16506250753784305
36,bwd_pkt_len_max_min,0.04906459019687844,0.04906459019687844
36,bwd_pkt_len_max_max,-0.133324285006173,0.133324285006173
36,bwd_pkt_len_min_mean,0.860214114830151,0.860214114830151
36,bwd_pkt_len_min_std,-0.35891657960008894,0.35891657960008894
36,bwd_pkt_len_min_sum,0.23068384276392784,0.23068384276392784
36,bwd_pkt_len_min_min,0.0,0.0
36,bwd_pkt_len_min_max,-0.01426091015566184,0.01426091015566184
36,bwd_pkt_len_mean_mean,0.1949822006793612,0.1949822006793612
36,bwd_pkt_len_mean_std,0.291566437734678,0.291566437734678
36,bwd_pkt_len_mean_sum,0.47126893613938237,0.47126893613938237
36,bwd_pkt_len_mean_min,0.05611684370242724,0.05611684370242724
36,bwd_pkt_len_mean_max,1.5394978214389134,1.5394978214389134
36,bwd_pkt_len_std_mean,-1.6534599731108817,1.6534599731108817
36,bwd_pkt_len_std_std,1.12817767178504,1.12817767178504
36,bwd_pkt_len_std_sum,-0.005273158299724767,0.005273158299724767
36,bwd_pkt_len_std_min,0.04457226888801278,0.04457226888801278
36,bwd_pkt_len_std_max,1.2264215287639328,1.2264215287639328
36,bytes_per_sec_mean,-1.321867562142932,1.321867562142932
36,bytes_per_sec_std,0.2624098398501371,0.2624098398501371
36,bytes_per_sec_sum,-0.8779011945995234,0.8779011945995234
36,bytes_per_sec_min,0.05366272364096825,0.05366272364096825
36,bytes_per_sec_max,1.1728327362374606,1.1728327362374606
36,packets_per_sec_mean,-0.2890808973250158,0.2890808973250158
36,packets_per_sec_std,0.03213964980328272,0.03213964980328272
36,packets_per_sec_sum,-0.26327850829659377,0.26327850829659377
36,packets_per_sec_min,-0.1689830137655524,0.1689830137655524
36,packets_per_sec_max,-0.32057790752712634,0.32057790752712634
36,flow_iat_mean_mean,0.22131575178722093,0.22131575178722093
36,flow_iat_mean_std,-0.1559375698581212,0.1559375698581212
36,flow_iat_mean_sum,0.26091315026707135,0.26091315026707135
36,flow_iat_mean_min,0.014842237768612812,0.014842237768612812
36,flow_iat_mean_max,-0.04069432368124312,0.04069432368124312
36,flow_iat_std_mean,-0.2686901046253513,0.2686901046253513
36,flow_iat_std_std,-1.244847005499388,1.244847005499388
36,flow_iat_std_sum,-0.39872886831135423,0.39872886831135423
36,flow_iat_std_min,-0.04300881120457889,0.04300881120457889
36,flow_iat_std_max,-0.2671821625021346,0.2671821625021346
36,flow_iat_max_mean,-0.266836728745768,0.266836728745768
36,flow_iat_max_std,-0.5698711318016735,0.5698711318016735
36,flow_iat_max_sum,0.19049512171978875,0.19049512171978875
36,flow_iat_max_min,-0.001146276136714593,0.001146276136714593
36,flow_iat_max_max,0.19833704402152202,0.19833704402152202
36,flow_iat_min_mean,0.1665548862807272,0.1665548862807272
36,flow_iat_min_std,0.033351729681727955,0.033351729681727955
36,flow_iat_min_sum,0.32180866451807205,0.32180866451807205
36,flow_iat_min_min,0.022162377219448522,0.022162377219448522
36,flow_iat_min_max,0.09512842778199898,0.09512842778199898
36,fwd_iat_tot_mean,0.07074639246731437,0.07074639246731437
36,fwd_iat_tot_std,0.24838277100850506,0.24838277100850506
36,fwd_iat_tot_sum,-0.10918955280629919,0.10918955280629919
36,fwd_iat_tot_min,0.08953123422083062,0.08953123422083062
36,fwd_iat_tot_max,0.03863937167213171,0.03863937167213171
36,fwd_iat_mean_mean,-0.07557782544204149,0.07557782544204149
36,fwd_iat_mean_std,-0.6775857432034671,0.6775857432034671
36,fwd_iat_mean_sum,0.16336449557191218,0.16336449557191218
36,fwd_iat_mean_min,0.008035421970221621,0.008035421970221621
36,fwd_iat_mean_max,0.2761769379262161,0.2761769379262161
36,fwd_iat_std_mean,0.32798065584031794,0.32798065584031794
36,fwd_iat_std_std,0.3365968584568928,0.3365968584568928
36,fwd_iat_std_sum,0.2691342167758273,0.2691342167758273
36,fwd_iat_std_min,-0.05002403094643092,0.05002403094643092
36,fwd_iat_std_max,0.28278962830238746,0.28278962830238746
36,fwd_iat_max_mean,0.0627597288646613,0.0627597288646613
36,fwd_iat_max_std,-0.05969590947113839,0.05969590947113839
36,fwd_iat_max_sum,0.35995094674288103,0.35995094674288103
36,fwd_iat_max_min,-0.0012043299783461095,0.0012043299783461095
36,fwd_iat_max_max,-0.27729557512043274,0.27729557512043274
36,fwd_iat_min_mean,0.004362103670642026,0.004362103670642026
36,fwd_iat_min_std,-0.4289446066926713,0.4289446066926713
36,fwd_iat_min_sum,0.339728218884575,0.339728218884575
36,fwd_iat_min_min,0.005979795533536603,0.005979795533536603
36,fwd_iat_min_max,0.32322923518117186,0.32322923518117186
36,bwd_iat_tot_mean,-0.5875213734621744,0.5875213734621744
36,bwd_iat_tot_std,-0.10245857973757008,0.10245857973757008
36,bwd_iat_tot_sum,-0.07738563811055478,0.07738563811055478
36,bwd_iat_tot_min,0.025091966988588975,0.025091966988588975
36,bwd_iat_tot_max,-0.2897149486989992,0.2897149486989992
36,bwd_iat_mean_mean,0.4758596966651526,0.4758596966651526
36,bwd_iat_mean_std,1.0083117656614844,1.0083117656614844
36,bwd_iat_mean_sum,-0.6433105678810238,0.6433105678810238
36,bwd_iat_mean_min,-0.04187107226442234,0.04187107226442234
36,bwd_iat_mean_max,-0.53665874371946,0.53665874371946
36,bwd_iat_std_mean,1.3660202162788355,1.3660202162788355
36,bwd_iat_std_std,0.24307107030615155,0.24307107030615155
36,bwd_iat_std_sum,0.29923848073362525,0.29923848073362525
36,bwd_iat_std_min,0.02096026254140021,0.02096026254140021
36,bwd_iat_std_max,-0.058585120629217675,0.058585120629217675
36,bwd_iat_max_mean,-0.17134446202946596,0.17134446202946596
36,bwd_iat_max_std,-1.0238066049482952,1.0238066049482952
36,bwd_iat_max_sum,-0.1219866887596773,0.1219866887596773
36,bwd_iat_max_min,-0.0009778807240812901,0.0009778807240812901
36,bwd_iat_max_max,0.012397760618481048,0.012397760618481048
36,bwd_iat_min_mean,-0.0390576778796297,0.0390576778796297
36,bwd_iat_min_std,-1.0335797963137066,1.0335797963137066
36,bwd_iat_min_sum,0.10965907941300733,0.10965907941300733
36,bwd_iat_min_min,-0.08175436795242116,0.08175436795242116
36,bwd_iat_min_max,0.8953787765124168,0.8953787765124168
36,fwd_psh_flags_mean,-0.08913053944397839,0.08913053944397839
36,fwd_psh_flags_std,-0.14163016369845183,0.14163016369845183
36,fwd_psh_flags_sum,-0.06484714554619966,0.06484714554619966
36,fwd_psh_flags_min,-0.014466360168512743,0.014466360168512743
36,fwd_psh_flags_max,0.09571353738076711,0.09571353738076711
36,bwd_psh_flags_mean,0.0,0.0
36,bwd_psh_flags_std,0.0,0.0
36,bwd_psh_flags_sum,0.0,0.0
36,bwd_psh_flags_min,0.0,0.0
36,bwd_psh_flags_max,0.0,0.0
36,fwd_urg_flags_mean,-0.21729865647616728,0.21729865647616728
36,fwd_urg_flags_std,0.38163783323721656,0.38163783323721656
36,fwd_urg_flags_sum,0.013942727459895547,0.013942727459895547
36,fwd_urg_flags_min,0.0,0.0
36,fwd_urg_flags_max,0.12129534909355746,0.12129534909355746
36,bwd_urg_flags_mean,0.0,0.0
36,bwd_urg_flags_std,0.0,0.0
36,bwd_urg_flags_sum,0.0,0.0
36,bwd_urg_flags_min,0.0,0.0
36,bwd_urg_flags_max,0.0,0.0
36,fwd_header_len_mean,0.26252123667424365,0.26252123667424365
36,fwd_header_len_std,0.3161551606039158,0.3161551606039158
36,fwd_header_len_sum,0.22687979661314184,0.22687979661314184
36,fwd_header_len_min,-0.01288130791136444,0.01288130791136444
36,fwd_header_len_max,0.5339212329478481,0.5339212329478481
36,bwd_header_len_mean,-0.02678754605652082,0.02678754605652082
36,bwd_header_len_std,-0.2630077959789326,0.2630077959789326
36,bwd_header_len_sum,0.08093181188343836,0.08093181188343836
36,bwd_header_len_min,0.0010143793983413282,0.0010143793983413282
36,bwd_header_len_max,0.5734080076726682,0.5734080076726682
36,fwd_pkts_per_sec_mean,0.33621233475713364,0.33621233475713364
36,fwd_pkts_per_sec_std,0.10655867013555655,0.10655867013555655
36,fwd_pkts_per_sec_sum,0.3879065947383049,0.3879065947383049
36,fwd_pkts_per_sec_min,0.018913000967006786,0.018913000967006786
36,fwd_pkts_per_sec_max,-0.3926842323137767,0.3926842323137767
36,bwd_pkts_per_sec_mean,-0.20701896395530198,0.20701896395530198
36,bwd_pkts_per_sec_std,0.6932764231721785,0.6932764231721785
36,bwd_pkts_per_sec_sum,-0.9508252250209319,0.9508252250209319
36,bwd_pkts_per_sec_min,0.018923328249414135,0.018923328249414135
36,bwd_pkts_per_sec_max,-0.26057318809246877,0.26057318809246877
36,pkt_len_min_mean,-0.012841079647533997,0.012841079647533997
36,pkt_len_min_std,0.9223107262352466,0.9223107262352466
36,pkt_len_min_sum,-0.18078016868163013,0.18078016868163013
36,pkt_len_min_min,0.046603532059406844,0.046603532059406844
36,pkt_len_min_max,-0.30970288176408445,0.30970288176408445
36,pkt_len_max_mean,-0.6469542182097425,0.6469542182097425
36,pkt_len_max_std,-0.7321174203180283,0.7321174203180283
36,pkt_len_max_sum,0.2970180506596869,0.2970180506596869
36,pkt_len_max_min,0.007449054800792731,0.007449054800792731
36,pkt_len_max_max,0.3515316727074032,0.3515316727074032
36,pkt_len_mean_mean,-0.6813933560051859,0.6813933560051859
36,pkt_len_mean_std,0.32742721896673455,0.32742721896673455
36,pkt_len_mean_sum,0.33210636289444023,0.33210636289444023
36,pkt_len_mean_min,0.02185362681232754,0.02185362681232754
36,pkt_len_mean_max,-0.956875413898501,0.956875413898501
36,pkt_len_std_mean,-0.9481838230099904,0.9481838230099904
36,pkt_len_std_std,0.5546829236071802,0.5546829236071802
36,pkt_len_std_sum,0.2795925026395991,0.2795925026395991
36,pkt_len_std_min,0.04952025212817008,0.04952025212817008
36,pkt_len_std_max,-0.14541905505370556,0.14541905505370556
36,pkt_len_var_mean,-1.2381525567175822,1.2381525567175822
36,pkt_len_var_std,-1.5454572814167509,1.5454572814167509
36,pkt_len_var_sum,0.5341817842388266,0.5341817842388266
36,pkt_len_var_min,0.04661369704047448,0.04661369704047448
36,pkt_len_var_max,-1.4828908487265022,1.4828908487265022
36,fin_flag_cnt_mean,0.06651598436230353,0.06651598436230353
36,fin_flag_cnt_std,0.1358428276797983,0.1358428276797983
36,fin_flag_cnt_sum,-0.018357990663605484,0.018357990663605484
36,fin_flag_cnt_min,0.0,0.0
36,fin_flag_cnt_max,0.1431799853436201,0.1431799853436201
36,syn_flag_cnt_mean,-0.08913053944397839,0.08913053944397839
36,syn_flag_cnt_std,-0.14163016369845183,0.14163016369845183
36,syn_flag_cnt_sum,-0.06484714554619966,0.06484714554619966
36,syn_flag_cnt_min,-0.014466360168512743,0.014466360168512743
36,syn_flag_cnt_max,0.09571353738076711,0.09571353738076711
36,rst_flag_cnt_mean,0.01668161572848482,0.01668161572848482
36,rst_flag_cnt_std,0.5997689336187976,0.5997689336187976
36,rst_flag_cnt_sum,0.6771488440874002,0.6771488440874002
36,rst_flag_cnt_min,0.0,0.0
36,rst_flag_cnt_max,-0.3253544676258766,0.3253544676258766
36,psh_flag_cnt_mean,0.49494721826102783,0.49494721826102783
36,psh_flag_cnt_std,-0.03395961494645462,0.03395961494645462
36,psh_flag_cnt_sum,0.0933346255181063,0.0933346255181063
36,psh_flag_cnt_min,0.006343883837467556,0.006343883837467556
36,psh_flag_cnt_max,-0.48446372266839505,0.48446372266839505
36,ack_flag_cnt_mean,0.18847768468998305,0.18847768468998305
36,ack_flag_cnt_std,0.9938991668222724,0.9938991668222724
36,ack_flag_cnt_sum,0.4752686950802543,0.4752686950802543
36,ack_flag_cnt_min,-0.014466360168512743,0.014466360168512743
36,ack_flag_cnt_max,-0.34106328903233735,0.34106328903233735
36,urg_flag_cnt_mean,-0.8304988401757006,0.8304988401757006
36,urg_flag_cnt_std,0.5434105625265649,0.5434105625265649
36,urg_flag_cnt_sum,0.0007597272135699256,0.0007597272135699256
36,urg_flag_cnt_min,0.0,0.0
36,urg_flag_cnt_max,0.8118259231765598,0.8118259231765598
36,cwe_flag_cnt_mean,-0.21729865647616728,0.21729865647616728
36,cwe_flag_cnt_std,0.38163783323721656,0.38163783323721656
36,cwe_flag_cnt_sum,0.013942727459895547,0.013942727459895547
36,cwe_flag_cnt_min,0.0,0.0
36,cwe_flag_cnt_max,0.12129534909355746,0.12129534909355746
36,ece_flag_cnt_mean,0.05887880856048389,0.05887880856048389
36,ece_flag_cnt_std,0.624722532016645,0.624722532016645
36,ece_flag_cnt_sum,0.6780589353019526,0.6780589353019526
36,ece_flag_cnt_min,0.0,0.0
36,ece_flag_cnt_max,-0.3253544676258766,0.3253544676258766
36,down_up_ratio_mean,0.34069014554167587,0.34069014554167587
36,down_up_ratio_std,-1.1951435716344896,1.1951435716344896
36,down_up_ratio_sum,0.2886025032502945,0.2886025032502945
36,down_up_ratio_min,-0.0027323307953825635,0.0027323307953825635
36,down_up_ratio_max,0.45901565742204387,0.45901565742204387
36,pkt_size_avg_mean,-0.6791277616126086,0.6791277616126086
36,pkt_size_avg_std,0.22032001683578953,0.22032001683578953
36,pkt_size_avg_sum,0.2919608842637685,0.2919608842637685
36,pkt_size_avg_min,0.011490277287168175,0.011490277287168175
36,pkt_size_avg_max,0.2818975224145717,0.2818975224145717
36,fwd_seg_size_avg_mean,-0.21582297283597993,0.21582297283597993
36,fwd_seg_size_avg_std,0.012493536096878963,0.012493536096878963
36,fwd_seg_size_avg_sum,0.4360351996261312,0.4360351996261312
36,fwd_seg_size_avg_min,0.014056567939146903,0.014056567939146903
36,fwd_seg_size_avg_max,0.014127928592940932,0.014127928592940932
36,bwd_seg_size_avg_mean,0.19498220067593242,0.19498220067593242
36,bwd_seg_size_avg_std,0.29156643771900354,0.29156643771900354
36,bwd_seg_size_avg_sum,0.4712689361389061,0.4712689361389061
36,bwd_seg_size_avg_min,0.05611684370242724,0.05611684370242724
36,bwd_seg_size_avg_max,1.5394978214390282,1.5394978214390282
36,fwd_byts_b_avg_mean,0.0,0.0
36,fwd_byts_b_avg_std,0.0,0.0
36,fwd_byts_b_avg_sum,0.0,0.0
36,fwd_byts_b_avg_min,0.0,0.0
36,fwd_byts_b_avg_max,0.0,0.0
36,fwd_pkts_b_avg_mean,0.0,0.0
36,fwd_pkts_b_avg_std,0.0,0.0
36,fwd_pkts_b_avg_sum,0.0,0.0
36,fwd_pkts_b_avg_min,0.0,0.0
36,fwd_pkts_b_avg_max,0.0,0.0
36,fwd_blk_rate_avg_mean,0.0,0.0
36,fwd_blk_rate_avg_std,0.0,0.0
36,fwd_blk_rate_avg_sum,0.0,0.0
36,fwd_blk_rate_avg_min,0.0,0.0
36,fwd_blk_rate_avg_max,0.0,0.0
36,bwd_byts_b_avg_mean,0.0,0.0
36,bwd_byts_b_avg_std,0.0,0.0
36,bwd_byts_b_avg_sum,0.0,0.0
36,bwd_byts_b_avg_min,0.0,0.0
36,bwd_byts_b_avg_max,0.0,0.0
36,bwd_pkts_b_avg_mean,0.0,0.0
36,bwd_pkts_b_avg_std,0.0,0.0
36,bwd_pkts_b_avg_sum,0.0,0.0
36,bwd_pkts_b_avg_min,0.0,0.0
36,bwd_pkts_b_avg_max,0.0,0.0
36,bwd_blk_rate_avg_mean,0.0,0.0
36,bwd_blk_rate_avg_std,0.0,0.0
36,bwd_blk_rate_avg_sum,0.0,0.0
36,bwd_blk_rate_avg_min,0.0,0.0
36,bwd_blk_rate_avg_max,0.0,0.0
36,subflow_fwd_pkts_mean,0.26082416034510775,0.26082416034510775
36,subflow_fwd_pkts_std,0.30066169836271733,0.30066169836271733
36,subflow_fwd_pkts_sum,0.1727644860269736,0.1727644860269736
36,subflow_fwd_pkts_min,0.06871215834751375,0.06871215834751375
36,subflow_fwd_pkts_max,0.19506001186066713,0.19506001186066713
36,subflow_fwd_byts_mean,0.2013174538095127,0.2013174538095127
36,subflow_fwd_byts_std,-0.07312631232680665,0.07312631232680665
36,subflow_fwd_byts_sum,0.18862599304452485,0.18862599304452485
36,subflow_fwd_byts_min,-0.02060651569680507,0.02060651569680507
36,subflow_fwd_byts_max,-0.14477402788075897,0.14477402788075897
36,subflow_bwd_pkts_mean,-0.13663502099367786,0.13663502099367786
36,subflow_bwd_pkts_std,-0.633246855923799,0.633246855923799
36,subflow_bwd_pkts_sum,-0.17346567375125244,0.17346567375125244
36,subflow_bwd_pkts_min,-0.052387600624594834,0.052387600624594834
36,subflow_bwd_pkts_max,-0.08658316483945137,0.08658316483945137
36,subflow_bwd_byts_mean,0.23235213995283957,0.23235213995283957
36,subflow_bwd_byts_std,-0.23809919719680023,0.23809919719680023
36,subflow_bwd_byts_sum,-0.8780541783375599,0.8780541783375599
36,subflow_bwd_byts_min,0.0480540982599912,0.0480540982599912
36,subflow_bwd_byts_max,0.4559071447534626,0.4559071447534626
36,window_size_fwd_mean,0.38216316542546186,0.38216316542546186
36,window_size_fwd_std,-1.1911403736145139,1.1911403736145139
36,window_size_fwd_sum,0.1533466967575696,0.1533466967575696
36,window_size_fwd_min,0.03013296186480151,0.03013296186480151
36,window_size_fwd_max,-0.18939290876050205,0.18939290876050205
36,window_size_bwd_mean,-0.7880718605530705,0.7880718605530705
36,window_size_bwd_std,1.9558328095360504,1.9558328095360504
36,window_size_bwd_sum,-0.7639487619668771,0.7639487619668771
36,window_size_bwd_min,0.040704733017683216,0.040704733017683216
36,window_size_bwd_max,0.3849169842050334,0.3849169842050334
36,fwd_act_data_pkts_mean,0.25982837027779904,0.25982837027779904
36,fwd_act_data_pkts_std,0.29634883871679335,0.29634883871679335
36,fwd_act_data_pkts_sum,0.15393978472189684,0.15393978472189684
36,fwd_act_data_pkts_min,0.13684460653174416,0.13684460653174416
36,fwd_act_data_pkts_max,0.15785472794153976,0.15785472794153976
36,fwd_seg_size_min_mean,1.0392593250273716,1.0392593250273716
36,fwd_seg_size_min_std,-0.40266403555719943,0.40266403555719943
36,fwd_seg_size_min_sum,0.2558842913219527,0.2558842913219527
36,fwd_seg_size_min_min,-0.15134055884107517,0.15134055884107517
36,fwd_seg_size_min_max,-0.12105141690651293,0.12105141690651293
36,active_mean_mean,-0.16757010998278252,0.16757010998278252
36,active_mean_std,-0.34431805425597994,0.34431805425597994
36,active_mean_sum,-0.6542173864648039,0.6542173864648039
36,active_mean_min,0.004344518581609163,0.004344518581609163
36,active_mean_max,-0.034456973641815734,0.034456973641815734
36,active_std_mean,-0.4405052296771797,0.4405052296771797
36,active_std_std,-0.12074434640777443,0.12074434640777443
36,active_std_sum,-0.6249793432309357,0.6249793432309357
36,active_std_min,0.02096225174187499,0.02096225174187499
36,active_std_max,0.2456180207651656,0.2456180207651656
36,active_max_mean,-0.2540301239169403,0.2540301239169403
36,active_max_std,0.46191716639544145,0.46191716639544145
36,active_max_sum,0.72498927135446,0.72498927135446
36,active_max_min,0.009762299327757629,0.009762299327757629
36,active_max_max,0.1921033573650998,0.1921033573650998
36,active_min_mean,0.03839459892497711,0.03839459892497711
36,active_min_std,-0.348475130113097,0.348475130113097
36,active_min_sum,0.17018333445907163,0.17018333445907163
36,active_min_min,-0.00479210260061522,0.00479210260061522
36,active_min_max,0.17293439272876449,0.17293439272876449
36,idle_mean_mean,0.13406046233155738,0.13406046233155738
36,idle_mean_std,-0.2041386869528691,0.2041386869528691
36,idle_mean_sum,0.02391709414316095,0.02391709414316095
36,idle_mean_min,-0.020964614774832465,0.020964614774832465
36,idle_mean_max,-0.09335740427573692,0.09335740427573692
36,idle_std_mean,0.42865628851525356,0.42865628851525356
36,idle_std_std,0.007580086803229064,0.007580086803229064
36,idle_std_sum,0.046969030902505496,0.046969030902505496
36,idle_std_min,-0.027155414185810075,0.027155414185810075
36,idle_std_max,-0.03462736023348179,0.03462736023348179
36,idle_max_mean,0.3322030096347244,0.3322030096347244
36,idle_max_std,0.09398202088954705,0.09398202088954705
36,idle_max_sum,0.11971600145826272,0.11971600145826272
36,idle_max_min,-0.001760872444209503,0.001760872444209503
36,idle_max_max,-0.12220618050602898,0.12220618050602898
36,idle_min_mean,-0.20235649058080482,0.20235649058080482
36,idle_min_std,-0.3828405794506766,0.3828405794506766
36,idle_min_sum,-0.042083613299596624,0.042083613299596624
36,idle_min_min,-0.05406651627921287,0.05406651627921287
36,idle_min_max,-0.07130865810113458,0.07130865810113458
36,duration_sec_mean,0.07986290942123153,0.07986290942123153
36,duration_sec_std,0.6515772865384353,0.6515772865384353
36,duration_sec_sum,-0.1376211969639431,0.1376211969639431
36,duration_sec_min,0.07298432437483823,0.07298432437483823
36,duration_sec_max,0.1542852201681913,0.1542852201681913
36,flow_count,0.1335537390860271,0.1335537390860271
36,unique_dst_ports_count,0.13966684128953566,0.13966684128953566
36,unique_protocols_count,0.011578892512066966,0.011578892512066966
36,pkt_ttl_min,-0.2336237419177036,0.2336237419177036
36,pkt_ttl_max,-0.4860097458523006,0.4860097458523006
36,pkt_ttl_std,0.3616252218390197,0.3616252218390197
36,pkt_ttl_mode,0.35766127850774615,0.35766127850774615
36,pkt_frag_mf_count,0.0,0.0
36,pkt_frag_df_count,0.7153530495136504,0.7153530495136504
36,pkt_payload_size_p25,-0.06690442524136656,0.06690442524136656
36,pkt_payload_size_p50,-0.21430424548221147,0.21430424548221147
36,pkt_payload_size_p75,-0.6667626785619081,0.6667626785619081
36,pkt_payload_size_p95,-0.8907101033596132,0.8907101033596132
36,pkt_tcp_retrans_count,1.557251691501756,1.557251691501756
36,pkt_port_scan_seq_score,1.4485251940502493,1.4485251940502493
