split,index,timestamp,sigma_min,sigma_median,sigma_mean,sigma_max,count_below_1e-6,count_below_1e-5,count_below_1e-4
train,0,2018-02-14 01:30:00+00:00,0.010623163543641567,0.5258883833885193,1.1530317068099976,12.33652114868164,0,0,0
train,1,2018-02-14 01:31:00+00:00,0.0020575986709445715,0.46868038177490234,0.7512874603271484,8.041827201843262,0,0,0
train,2,2018-02-14 01:32:00+00:00,0.0028959440533071756,0.513441801071167,0.8915835022926331,9.881012916564941,0,0,0
train,3,2018-02-14 01:33:00+00:00,0.005435263272374868,0.5249260663986206,0.9253073930740356,9.97875690460205,0,0,0
train,4,2018-02-14 01:34:00+00:00,0.0035411189310252666,0.48617422580718994,0.7496665716171265,7.783547401428223,0,0,0
train,5,2018-02-14 01:35:00+00:00,0.00559177016839385,0.49992644786834717,1.1466728448867798,13.659218788146973,0,0,0
train,6,2018-02-14 01:36:00+00:00,0.0036760899238288403,0.499891996383667,0.8196823000907898,8.784781455993652,0,0,0
train,7,2018-02-14 01:37:00+00:00,0.008008169941604137,0.5494850873947144,0.9942559599876404,10.386107444763184,0,0,0
train,8,2018-02-14 01:38:00+00:00,0.0012986090732738376,0.42221879959106445,0.6761289834976196,7.060009002685547,0,0,0
train,9,2018-02-14 01:39:00+00:00,0.003660965943709016,0.521462619304657,1.0314090251922607,11.846564292907715,0,0,0
train,10,2018-02-14 01:40:00+00:00,0.00107318174559623,0.41623353958129883,0.7138144373893738,7.8545379638671875,0,0,0
train,11,2018-02-14 01:41:00+00:00,0.0026385888922959566,0.47958678007125854,0.8421127796173096,9.378214836120605,0,0,0
train,12,2018-02-14 01:42:00+00:00,0.003177889157086611,0.4684896171092987,0.6605134606361389,6.128566741943359,0,0,0
train,13,2018-02-14 01:43:00+00:00,0.03330778330564499,0.5673426389694214,1.137188196182251,10.674741744995117,0,0,0
train,14,2018-02-14 01:44:00+00:00,0.008955809287726879,0.510670006275177,0.7144343852996826,6.496889114379883,0,0,0
train,15,2018-02-14 01:45:00+00:00,0.010778739117085934,0.542923092842102,1.2118923664093018,12.895236015319824,0,0,0
train,16,2018-02-14 01:46:00+00:00,0.004797218833118677,0.4981919527053833,0.73699551820755,7.300593852996826,0,0,0
train,17,2018-02-14 01:47:00+00:00,0.007601081859320402,0.539309024810791,1.1179310083389282,12.53648567199707,0,0,0
train,18,2018-02-14 01:48:00+00:00,0.004811328370124102,0.5178207159042358,1.0563359260559082,12.547861099243164,0,0,0
train,19,2018-02-14 01:49:00+00:00,0.008471215143799782,0.5041326284408569,1.1000261306762695,11.90088176727295,0,0,0
train,20,2018-02-14 01:50:00+00:00,0.004057298880070448,0.491312175989151,0.7547366619110107,7.901397228240967,0,0,0
train,21,2018-02-14 01:51:00+00:00,0.0011762348003685474,0.42611077427864075,0.7564641833305359,8.48786449432373,0,0,0
train,22,2018-02-14 01:52:00+00:00,0.0025710442569106817,0.48587310314178467,0.9278439879417419,11.051284790039062,0,0,0
train,23,2018-02-14 01:53:00+00:00,0.003743166336789727,0.49987077713012695,0.981019139289856,11.199776649475098,0,0,0
train,24,2018-02-14 01:54:00+00:00,0.0027779974043369293,0.48956048488616943,0.9269964098930359,11.113118171691895,0,0,0
train,25,2018-02-14 01:55:00+00:00,0.0028406891506165266,0.5004088878631592,0.9087637066841125,10.272161483764648,0,0,0
train,26,2018-02-14 01:56:00+00:00,0.002898573409765959,0.4427346885204315,0.693456768989563,7.05547571182251,0,0,0
train,27,2018-02-14 01:57:00+00:00,0.005432487931102514,0.5329611301422119,1.0949031114578247,12.309477806091309,0,0,0
train,28,2018-02-14 01:58:00+00:00,0.005831069778650999,0.5168188810348511,1.134232521057129,12.776813507080078,0,0,0
train,29,2018-02-14 01:59:00+00:00,0.0067686038091778755,0.5132217407226562,1.4009110927581787,16.884366989135742,0,0,0
train,30,2018-02-14 02:00:00+00:00,0.012118319980800152,0.530044436454773,1.2718207836151123,14.692530632019043,0,0,0
train,31,2018-02-14 02:01:00+00:00,0.012831209227442741,0.5116265416145325,1.590895652770996,18.971824645996094,0,0,0
train,32,2018-02-14 02:02:00+00:00,0.02267034724354744,0.6037992238998413,1.9366235733032227,20.516082763671875,0,0,0
train,33,2018-02-14 02:03:00+00:00,0.02128184400498867,0.6264083385467529,2.0221734046936035,21.23570442199707,0,0,0
train,34,2018-02-14 02:04:00+00:00,0.02051251195371151,0.6296771764755249,2.035059690475464,21.3356990814209,0,0,0
train,35,2018-02-14 02:05:00+00:00,0.02011868543922901,0.6310951113700867,2.039443254470825,21.379182815551758,0,0,0
train,36,2018-02-14 02:06:00+00:00,0.020031867548823357,0.6313470005989075,2.0402369499206543,21.38786506652832,0,0,0
train,37,2018-02-14 02:07:00+00:00,0.019997313618659973,0.6315155029296875,2.0407354831695557,21.393112182617188,0,0,0
train,38,2018-02-14 02:08:00+00:00,0.019990792497992516,0.6315059661865234,2.0406854152679443,21.392847061157227,0,0,0
train,39,2018-02-14 02:09:00+00:00,0.019989101216197014,0.6315604448318481,2.040792942047119,21.394060134887695,0,0,0
train,40,2018-02-14 02:10:00+00:00,0.01997647061944008,0.6308879852294922,2.0397582054138184,21.386137008666992,0,0,0
train,41,2018-02-14 02:11:00+00:00,0.019979065284132957,0.6309448480606079,2.039760112762451,21.385929107666016,0,0,0
train,42,2018-02-14 02:12:00+00:00,0.020002402365207672,0.6317944526672363,2.040860891342163,21.39521026611328,0,0,0
train,43,2018-02-14 02:13:00+00:00,0.02000664919614792,0.6317540407180786,2.040605306625366,21.392690658569336,0,0,0
train,44,2018-02-14 02:14:00+00:00,0.020119374617934227,0.6320005059242249,2.0347483158111572,21.315773010253906,0,0,0
train,45,2018-02-14 02:15:00+00:00,0.02000650390982628,0.6320488452911377,2.0412518978118896,21.39800453186035,0,0,0
train,46,2018-02-14 02:16:00+00:00,0.020016808062791824,0.632038414478302,2.0409650802612305,21.396394729614258,0,0,0
train,47,2018-02-14 02:17:00+00:00,0.020008817315101624,0.6321386098861694,2.041398048400879,21.39967155456543,0,0,0
train,48,2018-02-14 02:18:00+00:00,0.020007509738206863,0.6323134303092957,2.04179310798645,21.402807235717773,0,0,0
train,49,2018-02-14 02:19:00+00:00,0.020002951845526695,0.6322153806686401,2.0417799949645996,21.401479721069336,0,0,0
train,50,2018-02-14 02:20:00+00:00,0.02002386748790741,0.6318108439445496,2.040764570236206,21.39327621459961,0,0,0
train,51,2018-02-14 02:21:00+00:00,0.020075559616088867,0.6321841478347778,2.0399320125579834,21.386756896972656,0,0,0
train,52,2018-02-14 02:22:00+00:00,0.020099380984902382,0.6315829753875732,2.0385262966156006,21.372798919677734,0,0,0
train,53,2018-02-14 02:23:00+00:00,0.020182833075523376,0.6311205625534058,2.0360164642333984,21.34352684020996,0,0,0
train,54,2018-02-14 02:24:00+00:00,0.020295990630984306,0.6301209330558777,2.0320029258728027,21.30260467529297,0,0,0
train,55,2018-02-14 02:25:00+00:00,0.020466551184654236,0.6297400593757629,2.0253078937530518,21.220760345458984,0,0,0
train,56,2018-02-14 02:26:00+00:00,0.02079838700592518,0.6256324052810669,2.0108087062835693,21.02899169921875,0,0,0
train,57,2018-02-14 02:27:00+00:00,0.021195324137806892,0.6240842342376709,1.9998650550842285,20.85910987854004,0,0,0
train,58,2018-02-14 02:28:00+00:00,0.022279558703303337,0.6166274547576904,1.9743014574050903,20.473535537719727,0,0,0
train,59,2018-02-14 02:29:00+00:00,0.0227725300937891,0.6041799783706665,1.933445692062378,20.028833389282227,0,0,0
train,60,2018-02-14 02:30:00+00:00,0.0237423088401556,0.6023423671722412,1.9118386507034302,19.767284393310547,0,0,0
train,61,2018-02-14 02:31:00+00:00,0.026624292135238647,0.5974529981613159,1.8200472593307495,18.701379776000977,0,0,0
train,62,2018-02-14 02:32:00+00:00,0.026576923206448555,0.596433162689209,1.8187233209609985,18.69247817993164,0,0,0
train,63,2018-02-14 02:33:00+00:00,0.026579277589917183,0.5964192152023315,1.8187611103057861,18.69304656982422,0,0,0
train,64,2018-02-14 02:34:00+00:00,0.02658025547862053,0.5964162349700928,1.8187545537948608,18.692955017089844,0,0,0
train,65,2018-02-14 02:35:00+00:00,0.02657799981534481,0.5964432954788208,1.8187220096588135,18.692291259765625,0,0,0
train,66,2018-02-14 02:36:00+00:00,0.026580311357975006,0.5964187383651733,1.8187586069107056,18.693008422851562,0,0,0
train,67,2018-02-14 02:37:00+00:00,0.02658008597791195,0.5964269638061523,1.8187496662139893,18.69280433654785,0,0,0
train,68,2018-02-14 02:38:00+00:00,0.02658003196120262,0.5964334011077881,1.8187439441680908,18.692689895629883,0,0,0
train,69,2018-02-14 02:39:00+00:00,0.02657977305352688,0.5964305400848389,1.81870698928833,18.692333221435547,0,0,0
train,70,2018-02-14 02:40:00+00:00,0.026582689955830574,0.5964688062667847,1.818618655204773,18.69082260131836,0,0,0
train,71,2018-02-14 02:41:00+00:00,0.02658131904900074,0.5964270830154419,1.8187475204467773,18.692781448364258,0,0,0
train,72,2018-02-14 02:42:00+00:00,0.026579750701785088,0.596432626247406,1.8187364339828491,18.692623138427734,0,0,0
train,73,2018-02-14 02:43:00+00:00,0.026579352095723152,0.5964412689208984,1.8187366724014282,18.692567825317383,0,0,0
train,74,2018-02-14 02:44:00+00:00,0.026583462953567505,0.5964124202728271,1.8186893463134766,18.692054748535156,0,0,0
train,75,2018-02-14 02:45:00+00:00,0.026580745354294777,0.5964223742485046,1.8187613487243652,18.693012237548828,0,0,0
train,76,2018-02-14 02:46:00+00:00,0.02657538279891014,0.5964496731758118,1.818703055381775,18.69206428527832,0,0,0
train,77,2018-02-14 02:47:00+00:00,0.026579750701785088,0.5964200496673584,1.8187692165374756,18.693105697631836,0,0,0
train,78,2018-02-14 02:48:00+00:00,0.02657867781817913,0.5964654684066772,1.818691611289978,18.69185447692871,0,0,0
train,79,2018-02-14 02:49:00+00:00,0.02658054046332836,0.5964174866676331,1.8187631368637085,18.69304847717285,0,0,0
train,80,2018-02-14 02:50:00+00:00,0.02657928876578808,0.5964270830154419,1.8187490701675415,18.692787170410156,0,0,0
train,81,2018-02-14 02:51:00+00:00,0.026579177007079124,0.5964305996894836,1.8187284469604492,18.6925048828125,0,0,0
train,82,2018-02-14 02:52:00+00:00,0.026580810546875,0.5964151620864868,1.8187637329101562,18.693099975585938,0,0,0
train,83,2018-02-14 02:53:00+00:00,0.026579737663269043,0.5964239835739136,1.818748116493225,18.69279670715332,0,0,0
train,84,2018-02-14 02:54:00+00:00,0.026579881086945534,0.596433699131012,1.818748116493225,18.69278907775879,0,0,0
train,85,2018-02-14 02:55:00+00:00,0.026578722521662712,0.5964319109916687,1.8187562227249146,18.692901611328125,0,0,0
train,86,2018-02-14 02:56:00+00:00,0.02657925896346569,0.5964372754096985,1.8187440633773804,18.692720413208008,0,0,0
train,87,2018-02-14 02:57:00+00:00,0.026580210775136948,0.596429169178009,1.8187412023544312,18.692691802978516,0,0,0
train,88,2018-02-14 02:58:00+00:00,0.026580428704619408,0.5964169502258301,1.8187599182128906,18.693010330200195,0,0,0
train,89,2018-02-14 02:59:00+00:00,0.026577617973089218,0.5964407920837402,1.8186657428741455,18.691877365112305,0,0,0
train,90,2018-02-14 03:00:00+00:00,0.02657902054488659,0.5964337587356567,1.8187484741210938,18.692779541015625,0,0,0
train,91,2018-02-14 03:01:00+00:00,0.02657761424779892,0.5964363813400269,1.818751573562622,18.69284439086914,0,0,0
train,92,2018-02-14 03:02:00+00:00,0.026580702513456345,0.5964312553405762,1.8187285661697388,18.692514419555664,0,0,0
train,93,2018-02-14 03:03:00+00:00,0.026581544429063797,0.596426784992218,1.8187416791915894,18.692760467529297,0,0,0
train,94,2018-02-14 03:04:00+00:00,0.026581095531582832,0.5964155793190002,1.81876802444458,18.693134307861328,0,0,0
train,95,2018-02-14 03:05:00+00:00,0.02658138796687126,0.5964285135269165,1.8187377452850342,18.692684173583984,0,0,0
train,96,2018-02-14 03:06:00+00:00,0.02657955139875412,0.5964152812957764,1.8187860250473022,18.69338607788086,0,0,0
train,97,2018-02-14 03:07:00+00:00,0.026575351133942604,0.5964450836181641,1.8187342882156372,18.692495346069336,0,0,0
train,98,2018-02-14 03:08:00+00:00,0.026581844314932823,0.596419095993042,1.8187413215637207,18.692726135253906,0,0,0
train,99,2018-02-14 03:09:00+00:00,0.026576759293675423,0.5964471101760864,1.8187134265899658,18.692182540893555,0,0,0
train,100,2018-02-14 03:10:00+00:00,0.026580940932035446,0.5964184999465942,1.8187451362609863,18.69279670715332,0,0,0
train,101,2018-02-14 03:11:00+00:00,0.026578130200505257,0.5964217185974121,1.8187689781188965,18.693103790283203,0,0,0
train,102,2018-02-14 03:12:00+00:00,0.026580890640616417,0.5964187979698181,1.8187577724456787,18.69297981262207,0,0,0
train,103,2018-02-14 03:13:00+00:00,0.026580335572361946,0.5964232087135315,1.81875479221344,18.692914962768555,0,0,0
train,104,2018-02-14 03:14:00+00:00,0.026580603793263435,0.5964179635047913,1.8187652826309204,18.693099975585938,0,0,0
train,105,2018-02-14 03:15:00+00:00,0.02658034674823284,0.5964356660842896,1.8187260627746582,18.692461013793945,0,0,0
train,106,2018-02-14 03:16:00+00:00,0.026581518352031708,0.5964196920394897,1.8187395334243774,18.692716598510742,0,0,0
train,107,2018-02-14 03:17:00+00:00,0.026580940932035446,0.5964275002479553,1.8187384605407715,18.692642211914062,0,0,0
train,108,2018-02-14 03:18:00+00:00,0.026578379794955254,0.5964100360870361,1.8187450170516968,18.692840576171875,0,0,0
train,109,2018-02-14 03:19:00+00:00,0.02658012881875038,0.5964218378067017,1.8187637329101562,18.693038940429688,0,0,0
train,110,2018-02-14 03:20:00+00:00,0.02658158726990223,0.5964131355285645,1.818697214126587,18.692163467407227,0,0,0
train,111,2018-02-14 03:21:00+00:00,0.026579855009913445,0.5964211821556091,1.818734884262085,18.69264793395996,0,0,0
train,112,2018-02-14 03:22:00+00:00,0.026582784950733185,0.5964255928993225,1.8182406425476074,18.688461303710938,0,0,0
train,113,2018-02-14 03:23:00+00:00,0.02657725289463997,0.5964502096176147,1.8187255859375,18.69235610961914,0,0,0
train,114,2018-02-14 03:24:00+00:00,0.026582373306155205,0.5964123010635376,1.8187003135681152,18.692251205444336,0,0,0
train,115,2018-02-14 03:25:00+00:00,0.026580845937132835,0.5964157581329346,1.8187655210494995,18.69307518005371,0,0,0
train,116,2018-02-14 03:26:00+00:00,0.026578018441796303,0.5964300632476807,1.8187451362609863,18.69271469116211,0,0,0
train,117,2018-02-14 03:27:00+00:00,0.02658005990087986,0.5964264869689941,1.8187623023986816,18.692989349365234,0,0,0
train,118,2018-02-14 03:28:00+00:00,0.026578808203339577,0.5964218378067017,1.8187514543533325,18.69289207458496,0,0,0
train,119,2018-02-14 03:29:00+00:00,0.02658018097281456,0.5964450836181641,1.8187240362167358,18.692407608032227,0,0,0
train,120,2018-02-14 03:30:00+00:00,0.026580585166811943,0.5964149832725525,1.8187426328659058,18.692819595336914,0,0,0
train,121,2018-02-14 03:31:00+00:00,0.026577681303024292,0.5964474678039551,1.8187285661697388,18.692399978637695,0,0,0
train,122,2018-02-14 03:32:00+00:00,0.02657834067940712,0.5964254140853882,1.8187519311904907,18.692895889282227,0,0,0
train,123,2018-02-14 03:33:00+00:00,0.026428883895277977,0.5958374738693237,1.8128297328948975,18.607194900512695,0,0,0
train,124,2018-02-14 03:34:00+00:00,0.00859047845005989,0.4976300597190857,0.807461142539978,7.641560077667236,0,0,0
train,125,2018-02-14 03:35:00+00:00,0.018250977620482445,0.5588573217391968,1.1549683809280396,12.151872634887695,0,0,0
train,126,2018-02-14 03:36:00+00:00,0.015278257429599762,0.5507498979568481,1.2667802572250366,13.702445030212402,0,0,0
train,127,2018-02-14 03:37:00+00:00,0.01746261492371559,0.5551742315292358,1.2284648418426514,13.139781951904297,0,0,0
train,128,2018-02-14 03:38:00+00:00,0.018646609038114548,0.5351992249488831,1.423080563545227,15.5931396484375,0,0,0
train,129,2018-02-14 03:39:00+00:00,0.014113598503172398,0.5358240604400635,1.34541916847229,15.118785858154297,0,0,0
train,130,2018-02-14 03:40:00+00:00,0.04628966376185417,0.5896981954574585,1.5089746713638306,15.517230033874512,0,0,0
train,131,2018-02-14 03:41:00+00:00,0.028039878234267235,0.5682557225227356,1.6371816396713257,17.192665100097656,0,0,0
train,132,2018-02-14 03:42:00+00:00,0.017625419422984123,0.523888349533081,1.50437331199646,16.649904251098633,0,0,0
train,133,2018-02-14 03:43:00+00:00,0.014251947402954102,0.5779922008514404,1.3024084568023682,14.115718841552734,0,0,0
train,134,2018-02-14 03:44:00+00:00,0.02600357122719288,0.5883406400680542,1.4020940065383911,15.169448852539062,0,0,0
train,135,2018-02-14 03:45:00+00:00,0.023964304476976395,0.5893648862838745,1.6984245777130127,17.694786071777344,0,0,0
train,136,2018-02-14 03:46:00+00:00,0.01853756420314312,0.5999969244003296,1.6522730588912964,17.910306930541992,0,0,0
train,137,2018-02-14 03:47:00+00:00,0.016854800283908844,0.590422511100769,1.777284860610962,18.722309112548828,0,0,0
train,138,2018-02-14 03:48:00+00:00,0.004099082667380571,0.4819648861885071,1.05922269821167,12.061467170715332,0,0,0
train,139,2018-02-14 03:49:00+00:00,0.01884392276406288,0.5317031145095825,1.6463888883590698,18.637678146362305,0,0,0
train,140,2018-02-14 03:50:00+00:00,0.017310412600636482,0.5507912635803223,1.4949177503585815,17.063825607299805,0,0,0
train,141,2018-02-14 03:51:00+00:00,0.019983487203717232,0.5469022989273071,1.930267333984375,21.381893157958984,0,0,0
train,142,2018-02-14 03:52:00+00:00,0.024235296994447708,0.5448179244995117,1.8928303718566895,20.947649002075195,0,0,0
train,143,2018-02-14 03:53:00+00:00,0.01996905915439129,0.5276826620101929,1.5303728580474854,17.128841400146484,0,0,0
train,144,2018-02-14 03:54:00+00:00,0.029817821457982063,0.5518275499343872,1.7826591730117798,19.404970169067383,0,0,0
train,145,2018-02-14 03:55:00+00:00,0.023587524890899658,0.4890853762626648,1.3985668420791626,15.558051109313965,0,0,0
train,146,2018-02-14 03:56:00+00:00,0.02780226804316044,0.5646076202392578,1.3548697233200073,14.888591766357422,0,0,0
train,147,2018-02-14 03:57:00+00:00,0.013495358638465405,0.5033071041107178,1.348163366317749,14.790337562561035,0,0,0
train,148,2018-02-14 03:58:00+00:00,0.015147985890507698,0.5456721782684326,1.39979887008667,16.330608367919922,0,0,0
train,149,2018-02-14 03:59:00+00:00,0.00986278336495161,0.4953775107860565,1.2134960889816284,13.00596809387207,0,0,0
train,150,2018-02-14 04:00:00+00:00,0.017059318721294403,0.5115669965744019,1.3764450550079346,15.796342849731445,0,0,0
train,151,2018-02-14 04:01:00+00:00,0.011648481711745262,0.5109769105911255,1.3142768144607544,14.979741096496582,0,0,0
train,152,2018-02-14 04:02:00+00:00,0.01808467134833336,0.5635085701942444,1.5005767345428467,17.093149185180664,0,0,0
train,153,2018-02-14 04:03:00+00:00,0.02090422995388508,0.5155016183853149,1.5292946100234985,17.246049880981445,0,0,0
train,154,2018-02-14 04:04:00+00:00,0.003191850846633315,0.5110783576965332,0.9682953953742981,11.062644958496094,0,0,0
train,155,2018-02-14 04:05:00+00:00,0.015195569023489952,0.5211405754089355,1.540419101715088,17.704151153564453,0,0,0
train,156,2018-02-14 04:06:00+00:00,0.016835710033774376,0.5383513569831848,1.5846188068389893,17.864337921142578,0,0,0
train,157,2018-02-14 04:07:00+00:00,0.01966526359319687,0.5107012391090393,1.5335580110549927,17.047340393066406,0,0,0
train,158,2018-02-14 04:08:00+00:00,0.004538839217275381,0.44566383957862854,1.1140727996826172,13.090313911437988,0,0,0
train,159,2018-02-14 04:09:00+00:00,0.0016653495840728283,0.4251505732536316,0.8127565383911133,9.222715377807617,0,0,0
train,160,2018-02-14 04:10:00+00:00,0.007909434847533703,0.494424045085907,1.1497596502304077,13.287841796875,0,0,0
train,161,2018-02-14 04:11:00+00:00,0.012114377692341805,0.5214294791221619,1.5030863285064697,17.270343780517578,0,0,0
train,162,2018-02-14 04:12:00+00:00,0.04912159964442253,0.5403155088424683,1.7204315662384033,18.07992935180664,0,0,0
train,163,2018-02-14 04:13:00+00:00,0.03252439945936203,0.6654807925224304,2.17988920211792,23.30681800842285,0,0,0
train,164,2018-02-14 04:14:00+00:00,0.03289308398962021,0.5600169897079468,1.7937766313552856,18.744916915893555,0,0,0
train,165,2018-02-14 04:15:00+00:00,0.03729051724076271,0.5361738801002502,1.6851370334625244,17.505292892456055,0,0,0
train,166,2018-02-14 04:16:00+00:00,0.04299916326999664,0.5786121487617493,1.8513517379760742,20.162033081054688,0,0,0
train,167,2018-02-14 04:17:00+00:00,0.017980879172682762,0.5158696174621582,1.1784263849258423,11.801508903503418,0,0,0
train,168,2018-02-14 04:18:00+00:00,0.01834011636674404,0.5103718042373657,1.6128287315368652,17.52207374572754,0,0,0
train,169,2018-02-14 04:19:00+00:00,0.009287582710385323,0.4919413924217224,1.092419147491455,12.014632225036621,0,0,0
train,170,2018-02-14 04:20:00+00:00,0.01252869050949812,0.5212027430534363,1.5173523426055908,17.276878356933594,0,0,0
train,171,2018-02-14 04:21:00+00:00,0.009438096545636654,0.5056631565093994,1.1130706071853638,12.505257606506348,0,0,0
train,172,2018-02-14 04:22:00+00:00,0.01141405664384365,0.5348883867263794,1.500699758529663,16.933364868164062,0,0,0
train,173,2018-02-14 04:23:00+00:00,0.00866289809346199,0.5327246189117432,1.0177357196807861,11.792829513549805,0,0,0
train,174,2018-02-14 04:24:00+00:00,0.013659872114658356,0.5129896402359009,1.4311628341674805,16.185272216796875,0,0,0
train,175,2018-02-14 04:25:00+00:00,0.006991442758589983,0.5178905725479126,0.8628511428833008,9.411928176879883,0,0,0
train,176,2018-02-14 04:26:00+00:00,0.018582802265882492,0.5382578372955322,1.378535270690918,15.555379867553711,0,0,0
train,177,2018-02-14 04:27:00+00:00,0.009181605651974678,0.5195426940917969,1.1281064748764038,11.632990837097168,0,0,0
train,178,2018-02-14 04:28:00+00:00,0.006184068042784929,0.5102121829986572,1.0813289880752563,11.14714527130127,0,0,0
train,179,2018-02-14 04:29:00+00:00,0.016043411567807198,0.48345768451690674,1.4193695783615112,15.978392601013184,0,0,0
train,180,2018-02-14 04:30:00+00:00,0.005518097896128893,0.5285433530807495,1.207077145576477,13.364628791809082,0,0,0
train,181,2018-02-14 04:31:00+00:00,0.016971826553344727,0.5588216185569763,1.152443528175354,12.053744316101074,0,0,0
train,182,2018-02-14 04:32:00+00:00,0.015603533014655113,0.5336769819259644,1.5431689023971558,17.29033660888672,0,0,0
train,183,2018-02-14 04:33:00+00:00,0.020828338339924812,0.5210684537887573,1.4455927610397339,15.966552734375,0,0,0
train,184,2018-02-14 04:34:00+00:00,0.007484388537704945,0.5347157716751099,1.2306220531463623,13.327812194824219,0,0,0
train,185,2018-02-14 04:35:00+00:00,0.018565760925412178,0.5704917907714844,1.4178028106689453,15.213014602661133,0,0,0
train,186,2018-02-14 04:36:00+00:00,0.013169084675610065,0.5443572998046875,1.2476156949996948,13.698328018188477,0,0,0
train,187,2018-02-14 04:37:00+00:00,0.006617328617721796,0.5932055711746216,1.0962961912155151,11.40823745727539,0,0,0
train,188,2018-02-14 04:38:00+00:00,0.012931603007018566,0.6025075912475586,1.1220653057098389,11.518392562866211,0,0,0
train,189,2018-02-14 04:39:00+00:00,0.004229412879794836,0.5321009159088135,0.9418981671333313,10.351576805114746,0,0,0
train,190,2018-02-14 04:40:00+00:00,0.018980994820594788,0.5915994048118591,1.1357463598251343,12.261068344116211,0,0,0
train,191,2018-02-14 04:41:00+00:00,0.025114819407463074,0.5932989716529846,1.099098563194275,11.360434532165527,0,0,0
train,192,2018-02-14 04:42:00+00:00,0.03389409929513931,0.5963135957717896,0.9894653558731079,9.88792896270752,0,0,0
train,193,2018-02-14 04:43:00+00:00,0.03166252747178078,0.564242422580719,1.2999002933502197,14.19968032836914,0,0,0
train,194,2018-02-14 04:44:00+00:00,0.0025795672554522753,0.4617917835712433,0.879492998123169,10.352632522583008,0,0,0
train,195,2018-02-14 04:45:00+00:00,0.01248981337994337,0.4939440190792084,1.315840721130371,15.242608070373535,0,0,0
train,196,2018-02-14 04:46:00+00:00,0.01793265901505947,0.48433220386505127,1.195534586906433,12.924838066101074,0,0,0
train,197,2018-02-14 04:47:00+00:00,0.022922107949852943,0.49523282051086426,1.4601492881774902,16.458322525024414,0,0,0
train,198,2018-02-14 04:48:00+00:00,0.03076021373271942,0.5155847668647766,1.639721393585205,18.35519790649414,0,0,0
train,199,2018-02-14 04:49:00+00:00,0.017964528873562813,0.5247344970703125,1.4523251056671143,16.17832374572754,0,0,0
train,200,2018-02-14 04:50:00+00:00,0.022518347948789597,0.49606484174728394,1.6676154136657715,18.719532012939453,0,0,0
train,201,2018-02-14 04:51:00+00:00,0.004606923554092646,0.473097562789917,1.0822731256484985,12.715280532836914,0,0,0
train,202,2018-02-14 04:52:00+00:00,0.011025412939488888,0.47741812467575073,1.2891576290130615,15.20423698425293,0,0,0
train,203,2018-02-14 04:53:00+00:00,0.01064668595790863,0.4762797951698303,1.3870888948440552,16.111339569091797,0,0,0
train,204,2018-02-14 04:54:00+00:00,0.015481033362448215,0.5341576337814331,1.3853121995925903,15.354728698730469,0,0,0
train,205,2018-02-14 04:55:00+00:00,0.013558095321059227,0.5080534219741821,1.2387402057647705,12.94233512878418,0,0,0
train,206,2018-02-14 04:56:00+00:00,0.0018157870508730412,0.46384280920028687,0.8436530828475952,9.353460311889648,0,0,0
train,207,2018-02-14 04:57:00+00:00,0.006762451957911253,0.46533772349357605,1.2761905193328857,14.95401382446289,0,0,0
train,208,2018-02-14 04:58:00+00:00,0.008831888437271118,0.4943625330924988,1.2239675521850586,13.833856582641602,0,0,0
train,209,2018-02-14 04:59:00+00:00,0.022573059424757957,0.4864727854728699,1.468572735786438,16.237960815429688,0,0,0
train,210,2018-02-14 05:00:00+00:00,0.017522120848298073,0.5012147426605225,1.325613260269165,14.814142227172852,0,0,0
train,211,2018-02-14 05:01:00+00:00,0.02976479008793831,0.5686774849891663,1.7652121782302856,18.753568649291992,0,0,0
train,212,2018-02-14 05:02:00+00:00,0.03686189278960228,0.6506394743919373,1.952815055847168,19.496599197387695,0,0,0
train,213,2018-02-14 05:03:00+00:00,0.05112089589238167,0.5388760566711426,1.7137242555618286,17.663286209106445,0,0,0
train,214,2018-02-14 05:04:00+00:00,0.044501036405563354,0.5680297613143921,1.6215825080871582,16.898515701293945,0,0,0
train,215,2018-02-14 05:05:00+00:00,0.0635857954621315,0.6349780559539795,1.701357126235962,16.566865921020508,0,0,0
train,216,2018-02-14 05:06:00+00:00,0.04559141397476196,0.5724393129348755,1.801336407661438,18.772422790527344,0,0,0
train,217,2018-02-14 05:07:00+00:00,0.026632491499185562,0.5390998125076294,1.6810672283172607,17.84908103942871,0,0,0
train,218,2018-02-14 05:08:00+00:00,0.024814985692501068,0.5338634848594666,1.987828016281128,22.1143798828125,0,0,0
train,219,2018-02-14 05:09:00+00:00,0.020027177408337593,0.5224416851997375,1.6419477462768555,17.579540252685547,0,0,0
train,220,2018-02-14 05:10:00+00:00,0.02431635744869709,0.5189281702041626,1.6492115259170532,18.194181442260742,0,0,0
train,221,2018-02-14 05:11:00+00:00,0.015217345207929611,0.5065714120864868,1.5970895290374756,17.926515579223633,0,0,0
train,222,2018-02-14 05:12:00+00:00,0.022045960649847984,0.4959007501602173,1.7769205570220947,20.134347915649414,0,0,0
train,223,2018-02-14 05:13:00+00:00,0.03137506917119026,0.5445675849914551,1.7980941534042358,20.087196350097656,0,0,0
train,224,2018-02-14 05:14:00+00:00,0.03833618760108948,0.6090474128723145,2.0946996212005615,22.874839782714844,0,0,0
train,225,2018-02-14 05:15:00+00:00,0.021697496995329857,0.5526671409606934,1.6736071109771729,17.910978317260742,0,0,0
train,226,2018-02-14 05:16:00+00:00,0.02152160555124283,0.5365071296691895,1.6672537326812744,17.894248962402344,0,0,0
train,227,2018-02-14 05:17:00+00:00,0.008059975691139698,0.45818522572517395,1.2424664497375488,14.264713287353516,0,0,0
train,228,2018-02-14 05:18:00+00:00,0.02069954201579094,0.5158843994140625,1.4839950799942017,16.642580032348633,0,0,0
train,229,2018-02-14 05:19:00+00:00,0.028196563944220543,0.533432126045227,1.3243958950042725,14.589028358459473,0,0,0
train,230,2018-02-14 05:20:00+00:00,0.017706172540783882,0.5307113528251648,1.5324431657791138,17.212858200073242,0,0,0
train,231,2018-02-14 05:21:00+00:00,0.02047879807651043,0.4655124545097351,1.7087956666946411,19.766775131225586,0,0,0
train,232,2018-02-14 05:22:00+00:00,0.002918161451816559,0.4359424412250519,1.1204285621643066,13.67503547668457,0,0,0
train,233,2018-02-14 05:23:00+00:00,0.0016379618318751454,0.43526512384414673,0.9148737192153931,10.833611488342285,0,0,0
train,234,2018-02-14 05:24:00+00:00,0.006726698484271765,0.47555720806121826,1.39548659324646,16.94809913635254,0,0,0
train,235,2018-02-14 05:25:00+00:00,0.01582745835185051,0.4702661633491516,1.6142011880874634,18.80893898010254,0,0,0
train,236,2018-02-14 05:26:00+00:00,0.019283991307020187,0.4742293953895569,1.8013672828674316,21.35235595703125,0,0,0
train,237,2018-02-14 05:27:00+00:00,0.00805352907627821,0.5191762447357178,1.3612457513809204,16.018136978149414,0,0,0
train,238,2018-02-14 05:28:00+00:00,0.04166371375322342,0.6195133924484253,1.823606014251709,18.966686248779297,0,0,0
train,239,2018-02-14 05:29:00+00:00,0.026803018525242805,0.6721343994140625,2.1405673027038574,22.41501808166504,0,0,0
train,240,2018-02-14 05:30:00+00:00,0.0334184467792511,0.7913784980773926,2.4087953567504883,24.605998992919922,0,0,0
train,241,2018-02-14 08:28:00+00:00,0.06993412226438522,0.7798744440078735,1.82315194606781,16.783977508544922,0,0,0
train,242,2018-02-14 08:58:00+00:00,0.004372859373688698,0.5317590236663818,0.6519896984100342,4.328670024871826,0,0,0
train,243,2018-02-14 08:59:00+00:00,0.002594602759927511,0.57281494140625,1.0237401723861694,10.568803787231445,0,0,0
train,244,2018-02-14 09:00:00+00:00,0.0037665655836462975,0.5759804248809814,0.9494216442108154,9.692346572875977,0,0,0
train,245,2018-02-14 09:01:00+00:00,0.006339274812489748,0.567261815071106,1.222378134727478,13.47822380065918,0,0,0
train,246,2018-02-14 09:02:00+00:00,0.0030583394691348076,0.5740886330604553,1.2561373710632324,13.995369911193848,0,0,0
train,247,2018-02-14 09:03:00+00:00,0.011769892647862434,0.5663797855377197,1.1932947635650635,12.62471866607666,0,0,0
train,248,2018-02-14 09:04:00+00:00,0.015650935471057892,0.5943852663040161,1.2641582489013672,12.970754623413086,0,0,0
train,249,2018-02-14 09:05:00+00:00,0.005767921917140484,0.5305968523025513,0.6584038138389587,5.430428504943848,0,0,0
train,250,2018-02-14 09:06:00+00:00,0.003652790328487754,0.493438720703125,0.6262544989585876,5.191889762878418,0,0,0
train,251,2018-02-14 09:07:00+00:00,0.0014175695832818747,0.44158586859703064,0.5781949162483215,4.517372131347656,0,0,0
train,252,2018-02-14 09:08:00+00:00,0.002479557180777192,0.5166940689086914,0.8729368448257446,9.480692863464355,0,0,0
train,253,2018-02-14 09:09:00+00:00,0.0017627334455028176,0.45155271887779236,0.6786207556724548,6.758221626281738,0,0,0
train,254,2018-02-14 09:10:00+00:00,0.0009895515395328403,0.44494161009788513,0.6063503623008728,5.135529518127441,0,0,0
train,255,2018-02-14 09:11:00+00:00,0.001677285647019744,0.45250123739242554,0.5816485285758972,4.507449626922607,0,0,0
train,256,2018-02-14 09:12:00+00:00,0.0015383209101855755,0.4344574809074402,0.611020565032959,5.126479625701904,0,0,0
train,257,2018-02-14 09:13:00+00:00,0.0015025581233203411,0.4460867643356323,0.6889889240264893,6.662158489227295,0,0,0
train,258,2018-02-14 09:14:00+00:00,0.0011068190215155482,0.43181273341178894,0.6917226910591125,6.982635974884033,0,0,0
train,259,2018-02-14 09:15:00+00:00,0.001794267911463976,0.46167048811912537,0.8362559080123901,9.050726890563965,0,0,0
train,260,2018-02-14 09:16:00+00:00,0.0013346602208912373,0.44076240062713623,0.651357114315033,5.943088054656982,0,0,0
train,261,2018-02-14 09:17:00+00:00,0.0009085763595066965,0.4115440249443054,0.6312411427497864,5.855048656463623,0,0,0
train,262,2018-02-14 09:18:00+00:00,0.001675215782597661,0.4605477452278137,0.7698543071746826,8.04766845703125,0,0,0
train,263,2018-02-14 09:19:00+00:00,0.00172186188865453,0.4791499972343445,0.6968768835067749,6.698016166687012,0,0,0
train,264,2018-02-14 09:20:00+00:00,0.0010214155772700906,0.42938268184661865,0.6107189059257507,5.231337547302246,0,0,0
train,265,2018-02-14 09:21:00+00:00,0.0032690803054720163,0.5039799213409424,0.7410638928413391,7.005189418792725,0,0,0
train,266,2018-02-14 09:22:00+00:00,0.0024292042944580317,0.486025333404541,0.7473029494285583,7.4418768882751465,0,0,0
train,267,2018-02-14 09:23:00+00:00,0.002534018363803625,0.5113747715950012,0.7148885726928711,6.347873210906982,0,0,0
train,268,2018-02-14 09:24:00+00:00,0.0022745230235159397,0.4966142177581787,0.699171245098114,6.254220962524414,0,0,0
train,269,2018-02-14 09:25:00+00:00,0.0011155713582411408,0.48024001717567444,0.6624673008918762,5.6726884841918945,0,0,0
train,270,2018-02-14 09:26:00+00:00,0.001406636438332498,0.5101302862167358,0.6758794784545898,5.438364028930664,0,0,0
train,271,2018-02-14 09:27:00+00:00,0.0026119749527424574,0.567212700843811,0.9153029918670654,8.840075492858887,0,0,0
train,272,2018-02-14 09:28:00+00:00,0.0026840311475098133,0.5114517211914062,0.7452700734138489,6.6965107917785645,0,0,0
train,273,2018-02-14 09:29:00+00:00,0.003123682690784335,0.522168755531311,0.74920254945755,6.752204418182373,0,0,0
train,274,2018-02-14 09:30:00+00:00,0.006903818342834711,0.533306360244751,0.9522944092750549,9.424117088317871,0,0,0
train,275,2018-02-14 09:31:00+00:00,0.0020397512707859278,0.48176801204681396,0.6376595497131348,5.725822925567627,0,0,0
train,276,2018-02-14 09:32:00+00:00,0.002818690612912178,0.4973919689655304,0.7227674126625061,7.165091037750244,0,0,0
train,277,2018-02-14 09:33:00+00:00,0.0018243949161842465,0.46890223026275635,0.6021877527236938,4.830879211425781,0,0,0
train,278,2018-02-14 09:34:00+00:00,0.001661193440668285,0.48559272289276123,0.6894936561584473,6.278752326965332,0,0,0
train,279,2018-02-14 09:35:00+00:00,0.000865960493683815,0.39907824993133545,0.6334726214408875,6.14814567565918,0,0,0
train,280,2018-02-14 09:36:00+00:00,0.0012383577413856983,0.4330068826675415,0.8691266179084778,10.299043655395508,0,0,0
train,281,2018-02-14 09:37:00+00:00,0.0009896550327539444,0.42522674798965454,0.6746426224708557,6.718698024749756,0,0,0
train,282,2018-02-14 09:38:00+00:00,0.00565891619771719,0.5373173952102661,0.8470929265022278,8.510122299194336,0,0,0
train,283,2018-02-14 09:39:00+00:00,0.0032127234153449535,0.49464261531829834,0.8061681389808655,8.027460098266602,0,0,0
train,284,2018-02-14 09:40:00+00:00,0.004210605751723051,0.5460582375526428,1.166446328163147,13.359508514404297,0,0,0
train,285,2018-02-14 09:41:00+00:00,0.0033027606550604105,0.5191084146499634,1.0923863649368286,12.55211067199707,0,0,0
train,286,2018-02-14 09:42:00+00:00,0.002096161711961031,0.5217609405517578,0.9829692244529724,10.867449760437012,0,0,0
train,287,2018-02-14 09:43:00+00:00,0.005050502251833677,0.5320733189582825,0.9824556112289429,10.49264907836914,0,0,0
train,288,2018-02-14 09:44:00+00:00,0.007868284359574318,0.5517512559890747,1.1480358839035034,12.433939933776855,0,0,0
train,289,2018-02-14 09:45:00+00:00,0.009374690242111683,0.5580810308456421,1.0467638969421387,10.426213264465332,0,0,0
train,290,2018-02-14 09:46:00+00:00,0.001618893351405859,0.4677393436431885,0.7621557712554932,8.011329650878906,0,0,0
train,291,2018-02-14 09:47:00+00:00,0.004869567696005106,0.5100592374801636,0.8293981552124023,8.396353721618652,0,0,0
train,292,2018-02-14 09:48:00+00:00,0.0023338578175753355,0.44820472598075867,0.6300625205039978,5.641414642333984,0,0,0
train,293,2018-02-14 09:49:00+00:00,0.004712353460490704,0.491894006729126,0.7886585593223572,7.751591682434082,0,0,0
train,294,2018-02-14 09:50:00+00:00,0.005137419328093529,0.5051495432853699,0.7802848815917969,7.360754489898682,0,0,0
train,295,2018-02-14 09:51:00+00:00,0.002079164143651724,0.4738372564315796,0.6264601945877075,4.746382713317871,0,0,0
train,296,2018-02-14 09:52:00+00:00,0.0026621182914823294,0.4811922311782837,0.5968769192695618,4.150066375732422,0,0,0
train,297,2018-02-14 09:53:00+00:00,0.0017805936513468623,0.46200457215309143,0.6535410284996033,5.219960689544678,0,0,0
train,298,2018-02-14 09:54:00+00:00,0.0028511653654277325,0.5117357969284058,1.1019070148468018,11.975276947021484,0,0,0
train,299,2018-02-14 09:55:00+00:00,0.0020673361141234636,0.47729063034057617,0.8959236145019531,9.995190620422363,0,0,0
train,300,2018-02-14 09:56:00+00:00,0.0011120238341391087,0.42307931184768677,0.7446211576461792,8.130536079406738,0,0,0
train,301,2018-02-14 09:57:00+00:00,0.000921665399800986,0.4248638153076172,0.605789065361023,5.313969612121582,0,0,0
train,302,2018-02-14 09:58:00+00:00,0.0008500569383613765,0.4218071699142456,0.6134892106056213,5.3929266929626465,0,0,0
train,303,2018-02-14 09:59:00+00:00,0.001042307005263865,0.4322317838668823,0.6741425395011902,6.683525562286377,0,0,0
train,304,2018-02-14 10:00:00+00:00,0.0022513701114803553,0.49603837728500366,0.8364804983139038,9.130962371826172,0,0,0
train,305,2018-02-14 10:01:00+00:00,0.0008757908944971859,0.40883833169937134,0.6123731732368469,5.604705333709717,0,0,0
train,306,2018-02-14 10:02:00+00:00,0.0013823140179738402,0.4234060049057007,0.7315780520439148,7.845034599304199,0,0,0
train,307,2018-02-14 10:03:00+00:00,0.0007304730825126171,0.4159550964832306,0.6979819536209106,7.330158233642578,0,0,0
train,308,2018-02-14 10:04:00+00:00,0.0012067049974575639,0.43213194608688354,0.6459080576896667,6.148108005523682,0,0,0
train,309,2018-02-14 10:05:00+00:00,0.001634167623706162,0.4494783878326416,0.6992216110229492,6.972209930419922,0,0,0
train,310,2018-02-14 10:06:00+00:00,0.002117319032549858,0.46569302678108215,0.7455194592475891,7.543657302856445,0,0,0
train,311,2018-02-14 10:07:00+00:00,0.0016019579488784075,0.42283016443252563,0.6527370810508728,6.104307651519775,0,0,0
train,312,2018-02-14 10:08:00+00:00,0.001599075156264007,0.45665252208709717,0.8618048429489136,9.795406341552734,0,0,0
train,313,2018-02-14 10:09:00+00:00,0.0018879245035350323,0.5166173577308655,0.827054500579834,8.719882011413574,0,0,0
train,314,2018-02-14 10:10:00+00:00,0.002480708761140704,0.4854973554611206,0.8285070061683655,9.013238906860352,0,0,0
train,315,2018-02-14 10:11:00+00:00,0.00218666042201221,0.4640997350215912,0.6683790683746338,6.273651599884033,0,0,0
train,316,2018-02-14 10:12:00+00:00,0.003243533428758383,0.48484745621681213,0.693787693977356,6.5284624099731445,0,0,0
train,317,2018-02-14 10:13:00+00:00,0.0014118303079158068,0.4348263740539551,0.6037812829017639,5.251896858215332,0,0,0
train,318,2018-02-14 10:14:00+00:00,0.0016451386036351323,0.42340517044067383,0.6015437841415405,5.140477180480957,0,0,0
train,319,2018-02-14 10:15:00+00:00,0.002841613255441189,0.45626741647720337,0.7052292227745056,6.855256080627441,0,0,0
train,320,2018-02-14 10:16:00+00:00,0.003511799033731222,0.464031457901001,0.6416088342666626,5.578874588012695,0,0,0
train,321,2018-02-14 10:17:00+00:00,0.002846210030838847,0.4625982940196991,0.7632932066917419,7.764318466186523,0,0,0
train,322,2018-02-14 10:18:00+00:00,0.005054398439824581,0.4985526204109192,0.720628023147583,6.58906888961792,0,0,0
train,323,2018-02-14 10:19:00+00:00,0.0019590910524129868,0.4363973140716553,0.5935330986976624,4.8272705078125,0,0,0
train,324,2018-02-14 10:20:00+00:00,0.0019449961837381124,0.4432612657546997,0.7566337585449219,8.033201217651367,0,0,0
train,325,2018-02-14 10:21:00+00:00,0.0020862447563558817,0.44752126932144165,0.7063426971435547,7.185160160064697,0,0,0
train,326,2018-02-14 10:22:00+00:00,0.0023602484725415707,0.500675618648529,0.9944442510604858,11.194524765014648,0,0,0
train,327,2018-02-14 10:23:00+00:00,0.0047469898127019405,0.5288070440292358,1.0796749591827393,11.866976737976074,0,0,0
train,328,2018-02-14 10:24:00+00:00,0.007059379015117884,0.5484774112701416,0.944028377532959,9.354632377624512,0,0,0
train,329,2018-02-14 10:25:00+00:00,0.010660075582563877,0.5768439173698425,1.054932713508606,10.082902908325195,0,0,0
train,330,2018-02-14 10:26:00+00:00,0.005462029483169317,0.5099021196365356,0.7533977627754211,6.931605339050293,0,0,0
train,331,2018-02-14 10:27:00+00:00,0.0013515979517251253,0.45959144830703735,0.6924449801445007,6.7132487297058105,0,0,0
train,332,2018-02-14 10:28:00+00:00,0.0007472122670151293,0.4105771481990814,0.6093462705612183,5.457536220550537,0,0,0
train,333,2018-02-14 10:29:00+00:00,0.000647227861918509,0.40674465894699097,0.6319440007209778,5.938878536224365,0,0,0
train,334,2018-02-14 10:30:00+00:00,0.002613391727209091,0.5038678646087646,0.9311608672142029,10.435758590698242,0,0,0
train,335,2018-02-14 10:31:00+00:00,0.0011939113028347492,0.46199291944503784,0.7289989590644836,7.267485618591309,0,0,0
train,336,2018-02-14 10:32:00+00:00,0.0012805862352252007,0.4391089677810669,0.6901590824127197,6.877208709716797,0,0,0
train,337,2018-02-14 10:33:00+00:00,0.0010714925592765212,0.45284444093704224,0.6937423944473267,6.710687160491943,0,0,0
train,338,2018-02-14 10:34:00+00:00,0.0015737868379801512,0.3990558683872223,0.8573417663574219,10.195859909057617,0,0,0
train,339,2018-02-14 10:35:00+00:00,0.0019462957279756665,0.3998056650161743,0.8509877920150757,10.129972457885742,0,0,0
train,340,2018-02-14 10:36:00+00:00,0.0028781092260032892,0.3879902958869934,0.8516194224357605,10.166694641113281,0,0,0
train,341,2018-02-14 10:37:00+00:00,0.0029784757643938065,0.3839969336986542,0.8398284912109375,9.894786834716797,0,0,0
train,342,2018-02-14 10:38:00+00:00,0.003043496748432517,0.3756023943424225,0.8471290469169617,10.039679527282715,0,0,0
train,343,2018-02-14 10:39:00+00:00,0.002971033565700054,0.3587801456451416,0.8627104163169861,10.3936128616333,0,0,0
train,344,2018-02-14 10:40:00+00:00,0.0025984954554587603,0.37714502215385437,0.8184298872947693,9.622782707214355,0,0,0
train,345,2018-02-14 10:41:00+00:00,0.002594084944576025,0.3624509572982788,0.7860223650932312,9.135607719421387,0,0,0
train,346,2018-02-14 10:42:00+00:00,0.00322172325104475,0.3709757924079895,0.8778440952301025,10.36585521697998,0,0,0
train,347,2018-02-14 10:43:00+00:00,0.003982300870120525,0.37529367208480835,0.8627145886421204,10.147554397583008,0,0,0
train,348,2018-02-14 10:44:00+00:00,0.004162786062806845,0.3759647011756897,0.8216566443443298,9.510695457458496,0,0,0
train,349,2018-02-14 10:45:00+00:00,0.002840478904545307,0.36131373047828674,0.7598836421966553,8.85550594329834,0,0,0
train,350,2018-02-14 10:46:00+00:00,0.002685296582058072,0.36159956455230713,0.7391976714134216,8.47750186920166,0,0,0
train,351,2018-02-14 10:47:00+00:00,0.0027443382423371077,0.35779011249542236,0.7586195468902588,8.775099754333496,0,0,0
train,352,2018-02-14 10:48:00+00:00,0.0026645143516361713,0.3513026237487793,0.7974056005477905,9.314627647399902,0,0,0
train,353,2018-02-14 10:49:00+00:00,0.003980730660259724,0.36877816915512085,0.8689143657684326,10.006390571594238,0,0,0
train,354,2018-02-14 10:50:00+00:00,0.003362170420587063,0.3722313344478607,0.7711895108222961,8.719537734985352,0,0,0
train,355,2018-02-14 10:51:00+00:00,0.0033377851359546185,0.38270270824432373,0.7756240963935852,8.627623558044434,0,0,0
train,356,2018-02-14 10:52:00+00:00,0.0029322784394025803,0.383341908454895,0.737480103969574,8.407544136047363,0,0,0
train,357,2018-02-14 10:53:00+00:00,0.0037930523976683617,0.36496177315711975,0.7649620175361633,8.504159927368164,0,0,0
train,358,2018-02-14 10:54:00+00:00,0.0035197779070585966,0.381467342376709,0.7582920789718628,8.346240997314453,0,0,0
train,359,2018-02-14 10:55:00+00:00,0.0026030223816633224,0.387667179107666,0.7496203184127808,8.575173377990723,0,0,0
train,360,2018-02-14 10:56:00+00:00,0.0043103345669806,0.37140512466430664,0.7976557016372681,9.097176551818848,0,0,0
train,361,2018-02-14 10:57:00+00:00,0.004108023829758167,0.3729909658432007,0.7826234698295593,8.80945110321045,0,0,0
train,362,2018-02-14 10:58:00+00:00,0.0024546163622289896,0.36441147327423096,0.753533661365509,8.687649726867676,0,0,0
train,363,2018-02-14 10:59:00+00:00,0.0031597353518009186,0.36098313331604004,0.6871938705444336,7.456153392791748,0,0,0
train,364,2018-02-14 11:00:00+00:00,0.002446501050144434,0.3568761944770813,0.7034362554550171,7.8452467918396,0,0,0
train,365,2018-02-14 11:01:00+00:00,0.002640373772010207,0.35263359546661377,0.731655478477478,8.262165069580078,0,0,0
train,366,2018-02-14 11:02:00+00:00,0.003560316050425172,0.3617625832557678,0.7560647130012512,8.45680046081543,0,0,0
train,367,2018-02-14 11:03:00+00:00,0.00274349981918931,0.3691015839576721,0.726212203502655,8.221773147583008,0,0,0
train,368,2018-02-14 11:04:00+00:00,0.0026526772417128086,0.35883963108062744,0.7037640810012817,7.951555252075195,0,0,0
train,369,2018-02-14 11:05:00+00:00,0.003909005783498287,0.37785273790359497,0.7537788152694702,8.335830688476562,0,0,0
train,370,2018-02-14 11:06:00+00:00,0.0040169511921703815,0.3670428395271301,0.7296267151832581,7.907601356506348,0,0,0
train,371,2018-02-14 11:07:00+00:00,0.0043822708539664745,0.3781982660293579,0.7372807860374451,7.927976131439209,0,0,0
train,372,2018-02-14 11:08:00+00:00,0.0041307262144982815,0.3681168556213379,0.7405620813369751,8.140729904174805,0,0,0
train,373,2018-02-14 11:09:00+00:00,0.0029461802914738655,0.37754857540130615,0.704727828502655,7.830212593078613,0,0,0
train,374,2018-02-14 11:10:00+00:00,0.002784784184768796,0.3652839660644531,0.6938525438308716,7.755311489105225,0,0,0
train,375,2018-02-14 11:11:00+00:00,0.002337666926905513,0.37237876653671265,0.7362418174743652,8.435554504394531,0,0,0
train,376,2018-02-14 11:12:00+00:00,0.004650237504392862,0.3713136613368988,0.802462100982666,9.034759521484375,0,0,0
train,377,2018-02-14 11:13:00+00:00,0.0026717083528637886,0.37024685740470886,0.7219546437263489,8.132905006408691,0,0,0
train,378,2018-02-14 11:14:00+00:00,0.004224935080856085,0.3720547556877136,0.7955356240272522,8.823702812194824,0,0,0
train,379,2018-02-14 11:15:00+00:00,0.0047894977033138275,0.39018720388412476,0.8526254296302795,9.942166328430176,0,0,0
train,380,2018-02-14 11:16:00+00:00,0.0050774263218045235,0.3818715810775757,0.8318067789077759,9.337091445922852,0,0,0
train,381,2018-02-14 11:17:00+00:00,0.004759541247040033,0.3790251612663269,0.7801539897918701,8.638362884521484,0,0,0
train,382,2018-02-14 11:18:00+00:00,0.0048456452786922455,0.383341908454895,0.7359327673912048,7.892127513885498,0,0,0
train,383,2018-02-14 11:19:00+00:00,0.004639048594981432,0.36682260036468506,0.7570228576660156,8.352346420288086,0,0,0
train,384,2018-02-14 11:20:00+00:00,0.0032427613623440266,0.3538963496685028,0.7527928948402405,8.677399635314941,0,0,0
train,385,2018-02-14 11:21:00+00:00,0.004624234978109598,0.36196035146713257,0.7466239929199219,8.256321907043457,0,0,0
train,386,2018-02-14 11:22:00+00:00,0.005016353912651539,0.3779239058494568,0.7872493267059326,8.540436744689941,0,0,0
train,387,2018-02-14 11:23:00+00:00,0.0031699014361947775,0.36443936824798584,0.7309420108795166,8.254791259765625,0,0,0
train,388,2018-02-14 11:24:00+00:00,0.0033527370542287827,0.3599746823310852,0.746209442615509,8.432432174682617,0,0,0
train,389,2018-02-14 11:25:00+00:00,0.004196218680590391,0.3620765507221222,0.7735083699226379,8.59298038482666,0,0,0
train,390,2018-02-14 11:26:00+00:00,0.004087367095053196,0.3747257888317108,0.7479297518730164,8.142417907714844,0,0,0
train,391,2018-02-14 11:27:00+00:00,0.0032277004793286324,0.3612896203994751,0.7706077694892883,8.870682716369629,0,0,0
train,392,2018-02-14 11:28:00+00:00,0.004676149692386389,0.3711640238761902,0.7631052136421204,8.381040573120117,0,0,0
train,393,2018-02-14 11:29:00+00:00,0.004626883193850517,0.36849233508110046,0.7685386538505554,8.454231262207031,0,0,0
train,394,2018-02-14 11:30:00+00:00,0.003962220624089241,0.36309897899627686,0.7731935977935791,8.905765533447266,0,0,0
train,395,2018-02-14 11:31:00+00:00,0.0052332463674247265,0.37915897369384766,0.8044638633728027,9.166221618652344,0,0,0
train,396,2018-02-14 11:32:00+00:00,0.004702750593423843,0.37203550338745117,0.7479895353317261,8.286696434020996,0,0,0
train,397,2018-02-14 11:33:00+00:00,0.004738938994705677,0.36918506026268005,0.7443429231643677,8.181593894958496,0,0,0
train,398,2018-02-14 11:34:00+00:00,0.0034159235656261444,0.36617782711982727,0.6991131901741028,7.7472381591796875,0,0,0
train,399,2018-02-14 11:35:00+00:00,0.0025602327659726143,0.3641384541988373,0.7091416120529175,7.9398603439331055,0,0,0
train,400,2018-02-14 11:36:00+00:00,0.0037161686923354864,0.36568164825439453,0.7801286578178406,8.823033332824707,0,0,0
train,401,2018-02-14 11:37:00+00:00,0.0027432984206825495,0.37148141860961914,0.7215962409973145,8.153026580810547,0,0,0
train,402,2018-02-14 11:38:00+00:00,0.0030371169559657574,0.35676246881484985,0.7846511602401733,8.788628578186035,0,0,0
train,403,2018-02-14 11:39:00+00:00,0.0031164027750492096,0.3673407733440399,0.7213152647018433,8.136627197265625,0,0,0
train,404,2018-02-14 11:40:00+00:00,0.00265504140406847,0.38055890798568726,0.7084203362464905,7.856613636016846,0,0,0
train,405,2018-02-14 11:41:00+00:00,0.003999610897153616,0.3643644452095032,0.7379238605499268,8.063844680786133,0,0,0
train,406,2018-02-14 11:42:00+00:00,0.0032909761648625135,0.360317587852478,0.685259222984314,7.393538475036621,0,0,0
train,407,2018-02-14 11:43:00+00:00,0.002814076840877533,0.356055349111557,0.6987306475639343,7.833093166351318,0,0,0
train,408,2018-02-14 11:44:00+00:00,0.0033461395651102066,0.3582206964492798,0.7269559502601624,7.96497106552124,0,0,0
train,409,2018-02-14 11:45:00+00:00,0.004129487089812756,0.3641471266746521,0.7219748497009277,7.8336381912231445,0,0,0
train,410,2018-02-14 11:46:00+00:00,0.004164348356425762,0.37277156114578247,0.7539851665496826,8.206199645996094,0,0,0
train,411,2018-02-14 11:47:00+00:00,0.003663466777652502,0.3575855493545532,0.7258214950561523,8.041093826293945,0,0,0
train,412,2018-02-14 11:48:00+00:00,0.003945559728890657,0.36435431241989136,0.7127841711044312,7.6557393074035645,0,0,0
train,413,2018-02-14 11:49:00+00:00,0.0034260398242622614,0.36518585681915283,0.7516288757324219,8.274543762207031,0,0,0
train,414,2018-02-14 11:50:00+00:00,0.003360779257491231,0.35961633920669556,0.7122635841369629,7.991791725158691,0,0,0
train,415,2018-02-14 11:51:00+00:00,0.005358511116355658,0.3863270878791809,0.8127335906028748,9.255163192749023,0,0,0
train,416,2018-02-14 11:52:00+00:00,0.004987582564353943,0.37676477432250977,0.833174467086792,9.386739730834961,0,0,0
train,417,2018-02-14 11:53:00+00:00,0.004931865260004997,0.36625462770462036,0.7834444046020508,8.72919750213623,0,0,0
train,418,2018-02-14 11:54:00+00:00,0.004620745312422514,0.3872642517089844,0.7707641124725342,8.487980842590332,0,0,0
train,419,2018-02-14 11:55:00+00:00,0.004721591714769602,0.37320417165756226,0.7370051741600037,8.097884178161621,0,0,0
train,420,2018-02-14 11:56:00+00:00,0.0053574880585074425,0.370283305644989,0.7600524425506592,8.379546165466309,0,0,0
train,421,2018-02-14 11:57:00+00:00,0.0070268744602799416,0.37844404578208923,0.7494582533836365,8.103765487670898,0,0,0
train,422,2018-02-14 11:58:00+00:00,0.004756235517561436,0.3782278001308441,0.7510176301002502,8.238533020019531,0,0,0
train,423,2018-02-14 11:59:00+00:00,0.005349163431674242,0.37106800079345703,0.7832174301147461,8.602470397949219,0,0,0
train,424,2018-02-14 12:00:00+00:00,0.004917963407933712,0.3814537525177002,0.7118383049964905,7.578427791595459,0,0,0
train,425,2018-02-14 12:01:00+00:00,0.004247147589921951,0.37320035696029663,0.7214090824127197,7.831263542175293,0,0,0
train,426,2018-02-14 12:02:00+00:00,0.0029647764749825,0.3631347715854645,0.7247896194458008,8.181675910949707,0,0,0
train,427,2018-02-14 12:03:00+00:00,0.003306285012513399,0.3609984517097473,0.7574401497840881,8.741436958312988,0,0,0
train,428,2018-02-14 12:04:00+00:00,0.004209929145872593,0.36738336086273193,0.8064846396446228,9.087406158447266,0,0,0
train,429,2018-02-14 12:05:00+00:00,0.004558858927339315,0.3643392324447632,0.7818471789360046,8.792975425720215,0,0,0
train,430,2018-02-14 12:06:00+00:00,0.0045167128555476665,0.3811107277870178,0.8136688470840454,9.481593132019043,0,0,0
train,431,2018-02-14 12:07:00+00:00,0.003200031351298094,0.36622244119644165,0.7350702881813049,8.346684455871582,0,0,0
train,432,2018-02-14 12:08:00+00:00,0.003298077266663313,0.3843637704849243,0.7557514309883118,8.571066856384277,0,0,0
train,433,2018-02-14 12:09:00+00:00,0.0044355434365570545,0.381439745426178,0.8122206330299377,9.374361991882324,0,0,0
train,434,2018-02-14 12:10:00+00:00,0.004551952704787254,0.3875352144241333,0.8182526230812073,9.222434997558594,0,0,0
train,435,2018-02-14 12:11:00+00:00,0.0040010325610637665,0.4337092638015747,0.9977946281433105,12.0386962890625,0,0,0
train,436,2018-02-14 12:12:00+00:00,0.00491395452991128,0.46347957849502563,0.8405764698982239,9.075017929077148,0,0,0
train,437,2018-02-14 12:13:00+00:00,0.004727886524051428,0.447080135345459,0.9850144982337952,11.182123184204102,0,0,0
train,438,2018-02-14 12:14:00+00:00,0.0026409728452563286,0.46575161814689636,1.3695356845855713,16.634414672851562,0,0,0
train,439,2018-02-14 12:15:00+00:00,0.005294265691190958,0.5030519366264343,1.3884353637695312,16.28277587890625,0,0,0
train,440,2018-02-14 12:16:00+00:00,0.004632412921637297,0.48708513379096985,1.711675763130188,20.729700088500977,0,0,0
train,441,2018-02-14 12:17:00+00:00,0.06417994201183319,0.5726845264434814,0.849410355091095,6.14463996887207,0,0,0
train,442,2018-02-14 12:18:00+00:00,0.0056227147579193115,0.50394606590271,0.8243396878242493,8.421370506286621,0,0,0
train,443,2018-02-14 12:19:00+00:00,0.0047319196164608,0.5087412595748901,0.9357437491416931,10.416275978088379,0,0,0
train,444,2018-02-14 12:20:00+00:00,0.0015774788334965706,0.42975789308547974,0.6613525748252869,6.613080978393555,0,0,0
train,445,2018-02-14 12:21:00+00:00,0.0008433043258264661,0.4189719557762146,0.6510931849479675,6.606743812561035,0,0,0
train,446,2018-02-14 12:22:00+00:00,0.0014627448981627822,0.4535166025161743,0.6761895418167114,6.55305290222168,0,0,0
train,447,2018-02-14 12:23:00+00:00,0.001654498279094696,0.47325757145881653,0.7893141508102417,8.544649124145508,0,0,0
train,448,2018-02-14 12:24:00+00:00,0.0019005034118890762,0.4865456223487854,0.7319398522377014,7.377303123474121,0,0,0
train,449,2018-02-14 12:25:00+00:00,0.002725953236222267,0.5308340787887573,0.8227328062057495,8.310261726379395,0,0,0
train,450,2018-02-14 12:26:00+00:00,0.0007370055536739528,0.43525299429893494,0.6489564776420593,6.216323375701904,0,0,0
train,451,2018-02-14 12:27:00+00:00,0.001995422877371311,0.4932662844657898,0.8365468978881836,9.160152435302734,0,0,0
train,452,2018-02-14 12:28:00+00:00,0.0014694862766191363,0.44857919216156006,0.6559120416641235,6.332253932952881,0,0,0
train,453,2018-02-14 12:29:00+00:00,0.0019491767743602395,0.45159512758255005,0.6986792683601379,7.0354132652282715,0,0,0
train,454,2018-02-14 12:30:00+00:00,0.0019876544829458,0.43954193592071533,0.614284873008728,5.310770511627197,0,0,0
train,455,2018-02-14 12:31:00+00:00,0.0013559841318055987,0.42570167779922485,0.7021611928939819,7.224450588226318,0,0,0
train,456,2018-02-14 12:32:00+00:00,0.00167527433950454,0.4411919116973877,0.6550641059875488,6.292452812194824,0,0,0
train,457,2018-02-14 12:33:00+00:00,0.0016518193297088146,0.43720948696136475,0.6689072847366333,6.429073810577393,0,0,0
train,458,2018-02-14 12:34:00+00:00,0.0013417722657322884,0.4241377115249634,0.6357646584510803,6.016936779022217,0,0,0
train,459,2018-02-14 12:35:00+00:00,0.0015064476756379008,0.4592052102088928,0.904995322227478,10.597626686096191,0,0,0
train,460,2018-02-14 12:36:00+00:00,0.001883534830994904,0.42825546860694885,0.7049064636230469,7.380124568939209,0,0,0
train,461,2018-02-14 12:37:00+00:00,0.0008767395629547536,0.3988426625728607,0.7789736390113831,9.040369033813477,0,0,0
train,462,2018-02-14 12:38:00+00:00,0.0020126330200582743,0.4281492531299591,0.6840546131134033,7.142913341522217,0,0,0
train,463,2018-02-14 12:39:00+00:00,0.0025892669800668955,0.4960588216781616,0.9967178106307983,11.641741752624512,0,0,0
train,464,2018-02-14 12:40:00+00:00,0.0035588929895311594,0.4936900734901428,1.0808725357055664,12.918742179870605,0,0,0
train,465,2018-02-14 12:41:00+00:00,0.004333676770329475,0.5103700160980225,1.1500073671340942,13.336895942687988,0,0,0
train,466,2018-02-14 12:42:00+00:00,0.002994709415361285,0.49143409729003906,0.9035932421684265,10.284782409667969,0,0,0
train,467,2018-02-14 12:43:00+00:00,0.003479811828583479,0.5259374380111694,1.0932220220565796,12.433680534362793,0,0,0
train,468,2018-02-14 12:44:00+00:00,0.003072110703215003,0.5039763450622559,0.9956247210502625,11.412760734558105,0,0,0
train,469,2018-02-14 12:45:00+00:00,0.004431936424225569,0.516358494758606,1.2400459051132202,14.701284408569336,0,0,0
train,470,2018-02-14 12:46:00+00:00,0.003867683233693242,0.5087345838546753,1.0453667640686035,11.817046165466309,0,0,0
train,471,2018-02-14 12:47:00+00:00,0.009584082290530205,0.5712720155715942,1.1777780055999756,12.83920669555664,0,0,0
train,472,2018-02-14 12:48:00+00:00,0.010084721259772778,0.5542283058166504,1.1408913135528564,12.338445663452148,0,0,0
train,473,2018-02-14 12:49:00+00:00,0.011153891682624817,0.5458270311355591,1.457017421722412,16.252918243408203,0,0,0
train,474,2018-02-14 12:50:00+00:00,0.012566713616251945,0.5715680122375488,1.2030173540115356,12.620158195495605,0,0,0
train,475,2018-02-14 12:51:00+00:00,0.006432999856770039,0.5562005043029785,1.044580340385437,11.392158508300781,0,0,0
train,476,2018-02-14 12:52:00+00:00,0.00352537096478045,0.564827561378479,0.9509344696998596,9.816716194152832,0,0,0
train,477,2018-02-14 12:53:00+00:00,0.00341916736215353,0.5142784118652344,0.8981743454933167,9.916768074035645,0,0,0
train,478,2018-02-14 12:54:00+00:00,0.009516979567706585,0.5458494424819946,1.2123169898986816,13.304245948791504,0,0,0
train,479,2018-02-14 12:55:00+00:00,0.008845136500895023,0.5256482362747192,1.1704572439193726,12.456849098205566,0,0,0
train,480,2018-02-14 12:56:00+00:00,0.008687322959303856,0.5494866371154785,1.1877816915512085,12.84224796295166,0,0,0
train,481,2018-02-14 12:57:00+00:00,0.013601401820778847,0.5450389385223389,1.1321384906768799,12.135146141052246,0,0,0
train,482,2018-02-14 12:58:00+00:00,0.0216081440448761,0.5472314357757568,1.3803895711898804,14.767367362976074,0,0,0
train,483,2018-02-14 12:59:00+00:00,0.03291963040828705,0.5659606456756592,1.4109584093093872,14.01414680480957,0,0,0
train,484,2018-02-21 01:55:00+00:00,0.023577487096190453,0.5469396114349365,1.2266489267349243,11.502094268798828,0,0,0
train,485,2018-02-21 02:25:00+00:00,0.024726662784814835,0.6911219954490662,2.15407133102417,22.26904296875,0,0,0
train,486,2018-02-21 02:26:00+00:00,0.023772185668349266,0.6615176200866699,2.0694472789764404,21.360877990722656,0,0,0
train,487,2018-02-21 02:27:00+00:00,0.02327800914645195,0.6447440385818481,2.0094385147094727,20.70050811767578,0,0,0
train,488,2018-02-21 02:28:00+00:00,0.02325652912259102,0.6451152563095093,2.0074803829193115,20.678083419799805,0,0,0
train,489,2018-02-21 02:29:00+00:00,0.023258613422513008,0.6451326012611389,2.0074126720428467,20.677024841308594,0,0,0
train,490,2018-02-21 02:30:00+00:00,0.023267583921551704,0.6451740264892578,2.00734281539917,20.675344467163086,0,0,0
train,491,2018-02-21 02:31:00+00:00,0.023272482678294182,0.6451877951622009,2.007277727127075,20.674116134643555,0,0,0
train,492,2018-02-21 02:32:00+00:00,0.025263572111725807,0.688599705696106,2.0579376220703125,20.819894790649414,0,0,0
train,493,2018-02-21 02:33:00+00:00,0.02504572458565235,0.6877123117446899,2.058809280395508,20.840221405029297,0,0,0
train,494,2018-02-21 08:32:00+00:00,0.025465717539191246,0.6867716908454895,2.0510244369506836,20.709369659423828,0,0,0
train,495,2018-02-21 09:02:00+00:00,0.04665423929691315,0.8999819159507751,3.0304174423217773,32.214813232421875,0,0,0
train,496,2018-02-21 09:03:00+00:00,0.0429672971367836,0.9249444007873535,2.959146022796631,31.038970947265625,0,0,0
train,497,2018-02-21 09:04:00+00:00,0.045267798006534576,0.898221492767334,2.956084728240967,31.434907913208008,0,0,0
train,498,2018-02-21 09:05:00+00:00,0.06318730115890503,0.9397684931755066,2.806565999984741,28.19083595275879,0,0,0
train,499,2018-02-21 09:06:00+00:00,0.046383876353502274,0.8953306674957275,3.0338733196258545,32.57314682006836,0,0,0
train,500,2018-02-21 09:07:00+00:00,0.04581667110323906,0.8910926580429077,3.0372259616851807,32.68327331542969,0,0,0
train,501,2018-02-21 09:08:00+00:00,0.06161995604634285,0.9403641223907471,2.7909116744995117,28.158226013183594,0,0,0
train,502,2018-02-21 09:09:00+00:00,0.05035611614584923,0.9487371444702148,2.8592066764831543,28.742305755615234,0,0,0
train,503,2018-02-21 09:10:00+00:00,0.03913497552275658,0.8607308864593506,2.252716302871704,22.043668746948242,0,0,0
train,504,2018-02-21 09:11:00+00:00,0.06606810539960861,0.9063055515289307,2.684583902359009,26.91714096069336,0,0,0
train,505,2018-02-21 09:12:00+00:00,0.045681919902563095,0.9780924916267395,3.0101540088653564,29.954322814941406,0,0,0
train,506,2018-02-21 09:13:00+00:00,0.0457894541323185,0.9813469648361206,3.036438226699829,30.333091735839844,0,0,0
train,507,2018-02-21 09:14:00+00:00,0.056524716317653656,0.930578351020813,2.7959084510803223,28.484493255615234,0,0,0
train,508,2018-02-21 09:15:00+00:00,0.04453668370842934,0.9155056476593018,2.997102975845337,31.926471710205078,0,0,0
train,509,2018-02-21 09:16:00+00:00,0.053825706243515015,0.8982125520706177,2.740964412689209,27.535799026489258,0,0,0
train,510,2018-02-21 09:17:00+00:00,0.0414450541138649,0.8908109068870544,3.105402708053589,33.62241744995117,0,0,0
train,511,2018-02-21 09:18:00+00:00,0.04388176649808884,0.9254492521286011,2.9947991371154785,31.456573486328125,0,0,0
train,512,2018-02-21 09:19:00+00:00,0.0570497065782547,0.9350379705429077,2.805424690246582,28.57465934753418,0,0,0
train,513,2018-02-21 09:21:00+00:00,0.04847465828061104,0.9641017913818359,2.9827284812927246,30.195148468017578,0,0,0
train,514,2018-02-21 09:51:00+00:00,0.03943837806582451,0.9113238453865051,3.0490407943725586,32.86802673339844,0,0,0
train,515,2018-02-21 09:52:00+00:00,0.04024951532483101,0.8940953016281128,2.980213165283203,31.642595291137695,0,0,0
train,516,2018-02-21 09:53:00+00:00,0.05359851196408272,0.9138890504837036,2.9095346927642822,29.95342254638672,0,0,0
train,517,2018-02-21 09:54:00+00:00,0.04675503820180893,0.848251223564148,2.1972079277038574,21.685382843017578,0,0,0
train,518,2018-02-21 09:55:00+00:00,0.03923597186803818,0.862642765045166,2.903071403503418,31.005657196044922,0,0,0
train,519,2018-02-21 09:56:00+00:00,0.05574721097946167,0.9155209064483643,2.8627936840057373,29.328792572021484,0,0,0
train,520,2018-02-21 09:57:00+00:00,0.03940196335315704,0.8929678201675415,3.1307380199432373,34.05507278442383,0,0,0
train,521,2018-02-21 09:58:00+00:00,0.045166775584220886,0.9263613224029541,2.9246044158935547,30.029699325561523,0,0,0
train,522,2018-02-21 09:59:00+00:00,0.056144583970308304,0.9194381833076477,2.8456411361694336,29.093482971191406,0,0,0
train,523,2018-02-21 10:00:00+00:00,0.042917001992464066,0.9150754809379578,2.9557044506073,30.99009895324707,0,0,0
train,524,2018-02-21 10:01:00+00:00,0.05580230429768562,0.913460910320282,2.887763500213623,29.586021423339844,0,0,0
train,525,2018-02-21 10:02:00+00:00,0.04480656608939171,0.9316098690032959,2.9241600036621094,29.993419647216797,0,0,0
train,526,2018-02-21 10:03:00+00:00,0.044523272663354874,0.9352117776870728,2.9322948455810547,30.071224212646484,0,0,0
train,527,2018-02-21 10:04:00+00:00,0.04630450904369354,0.9149004817008972,3.0796587467193604,32.805572509765625,0,0,0
train,528,2018-02-21 10:05:00+00:00,0.038239650428295135,0.8592485189437866,2.2257816791534424,21.962604522705078,0,0,0
train,529,2018-02-21 10:06:00+00:00,0.04112536460161209,0.9074150323867798,2.878986120223999,29.575374603271484,0,0,0
train,530,2018-02-21 10:07:00+00:00,0.05229239538311958,0.8906986713409424,2.752847194671631,27.774614334106445,0,0,0
train,531,2018-02-21 10:08:00+00:00,0.039283864200115204,0.8934013843536377,3.138157844543457,34.0623779296875,0,0,0
train,532,2018-02-21 10:09:00+00:00,0.10303649306297302,1.020270824432373,3.13849139213562,34.00864028930664,0,0,0
train,533,2018-02-21 10:10:00+00:00,0.08253692090511322,0.9902898073196411,3.3307785987854004,37.222476959228516,0,0,0
train,534,2018-02-21 10:11:00+00:00,0.08985933661460876,1.0158543586730957,3.313947916030884,36.3028678894043,0,0,0
train,535,2018-02-21 10:12:00+00:00,0.08022382855415344,0.9920650124549866,3.3632752895355225,37.65303421020508,0,0,0
train,536,2018-02-21 10:13:00+00:00,0.08909089118242264,1.014357089996338,3.320772886276245,36.40188217163086,0,0,0
train,537,2018-02-21 10:14:00+00:00,0.08006135374307632,0.9917995929718018,3.364888906478882,37.67686080932617,0,0,0
train,538,2018-02-21 10:15:00+00:00,0.08525896817445755,1.0041143894195557,3.3633453845977783,37.19813919067383,0,0,0
train,539,2018-02-21 10:16:00+00:00,0.08008087426424026,0.9930837154388428,3.367250680923462,37.69798278808594,0,0,0
train,540,2018-02-21 10:17:00+00:00,0.08280298858880997,0.9887743592262268,3.3327982425689697,37.22394943237305,0,0,0
train,541,2018-02-21 10:18:00+00:00,0.08526351302862167,1.0042637586593628,3.363663673400879,37.20087432861328,0,0,0
train,542,2018-02-21 10:19:00+00:00,0.08946027606725693,0.9781453609466553,3.2050297260284424,35.609474182128906,0,0,0
train,543,2018-02-21 10:20:00+00:00,0.08908912539482117,1.014440655708313,3.320796012878418,36.40193176269531,0,0,0
train,544,2018-02-21 10:21:00+00:00,0.06815274804830551,0.9057978391647339,3.1824734210968018,36.7143669128418,0,0,0
train,545,2018-02-21 10:22:00+00:00,0.0890914648771286,1.0144565105438232,3.3207740783691406,36.401573181152344,0,0,0
train,546,2018-02-21 10:23:00+00:00,0.06842409074306488,0.902924656867981,3.1687726974487305,36.58324432373047,0,0,0
train,547,2018-02-21 10:24:00+00:00,0.09073299914598465,1.0239298343658447,3.3078179359436035,36.19534683227539,0,0,0
train,548,2018-02-21 10:25:00+00:00,0.06911389529705048,0.897301435470581,3.1579055786132812,36.397010803222656,0,0,0
train,549,2018-02-21 10:26:00+00:00,0.09499437361955643,1.0167546272277832,3.2794668674468994,35.507652282714844,0,0,0
train,550,2018-02-21 10:27:00+00:00,0.0711517333984375,0.880290150642395,3.144235372543335,36.39643096923828,0,0,0
train,551,2018-02-21 10:28:00+00:00,0.09520939737558365,1.0082168579101562,3.2646188735961914,35.370628356933594,0,0,0
train,552,2018-02-21 10:29:00+00:00,0.07097860425710678,0.8796679973602295,3.1416232585906982,36.36893081665039,0,0,0
train,553,2018-02-21 10:30:00+00:00,0.09497614204883575,1.0135021209716797,3.2750985622406006,35.46446228027344,0,0,0
train,554,2018-02-21 10:31:00+00:00,0.07033679634332657,0.877362072467804,3.1319222450256348,36.26675033569336,0,0,0
train,555,2018-02-21 10:32:00+00:00,0.09478749334812164,1.012930154800415,3.2652690410614014,35.362247467041016,0,0,0
train,556,2018-02-21 10:33:00+00:00,0.07015752047300339,0.8765482902526855,3.128474712371826,36.229122161865234,0,0,0
train,557,2018-02-21 10:34:00+00:00,0.09070230275392532,1.017669677734375,3.2939629554748535,36.04781723022461,0,0,0
train,558,2018-02-21 10:35:00+00:00,0.0713321715593338,0.8925223350524902,3.100003957748413,35.49732208251953,0,0,0
train,559,2018-02-21 10:36:00+00:00,0.09956417977809906,1.0122721195220947,3.2211787700653076,34.90821075439453,0,0,0
train,560,2018-02-21 10:37:00+00:00,0.08481364697217941,0.8603620529174805,2.8654093742370605,32.5045280456543,0,0,0
train,561,2018-02-21 10:38:00+00:00,0.23002855479717255,0.9429699182510376,2.224991798400879,21.583072662353516,0,0,0
train,562,2018-02-21 10:39:00+00:00,0.18026098608970642,0.8344714045524597,2.1498847007751465,22.343111038208008,0,0,0
train,563,2018-02-21 10:40:00+00:00,0.22972209751605988,0.9439250230789185,2.2270350456237793,21.602087020874023,0,0,0
train,564,2018-02-21 10:41:00+00:00,0.1802077740430832,0.8345510959625244,2.150157928466797,22.345752716064453,0,0,0
train,565,2018-02-21 10:42:00+00:00,0.22407738864421844,0.932398796081543,2.271120071411133,22.39638900756836,0,0,0
train,566,2018-02-21 10:43:00+00:00,0.16738222539424896,0.7901327610015869,2.1479952335357666,23.08399200439453,0,0,0
train,567,2018-02-22 01:00:00+00:00,0.2186884880065918,0.8944275975227356,2.219698190689087,22.123594284057617,0,0,0
train,568,2018-02-22 01:30:00+00:00,0.0008824766846373677,0.4031696617603302,0.6274328827857971,5.514528751373291,0,0,0
train,569,2018-02-22 01:31:00+00:00,0.0009520445019006729,0.4221600890159607,0.6575838923454285,6.0130157470703125,0,0,0
train,570,2018-02-22 01:32:00+00:00,0.0008271385449916124,0.4246501326560974,0.6165886521339417,5.112997055053711,0,0,0
train,571,2018-02-22 01:33:00+00:00,0.0012468660715967417,0.42785319685935974,0.7290258407592773,6.797356605529785,0,0,0
train,572,2018-02-22 01:34:00+00:00,0.0010273647494614124,0.4289071559906006,0.6559062004089355,5.778724193572998,0,0,0
train,573,2018-02-22 01:35:00+00:00,0.002114753006026149,0.5561568737030029,1.119704246520996,12.536303520202637,0,0,0
train,574,2018-02-22 01:36:00+00:00,0.0016884655924513936,0.4525600075721741,0.6063618063926697,5.031550407409668,0,0,0
train,575,2018-02-22 01:37:00+00:00,0.002100774087011814,0.4659881591796875,0.6228641271591187,5.319877624511719,0,0,0
train,576,2018-02-22 01:38:00+00:00,0.0013645101571455598,0.44652795791625977,0.5933566689491272,4.670961856842041,0,0,0
train,577,2018-02-22 01:39:00+00:00,0.0009247694979421794,0.42085492610931396,0.5984539985656738,4.842306137084961,0,0,0
train,578,2018-02-22 01:40:00+00:00,0.0008796595502644777,0.42450088262557983,0.5979527235031128,4.788310527801514,0,0,0
train,579,2018-02-22 01:41:00+00:00,0.000894728465937078,0.4196937680244446,0.6713799834251404,6.247305393218994,0,0,0
train,580,2018-02-22 01:42:00+00:00,0.0008597926935181022,0.40354210138320923,0.6123965978622437,5.252967357635498,0,0,0
train,581,2018-02-22 01:43:00+00:00,0.0009482174064032733,0.40299999713897705,0.6760926842689514,6.4177069664001465,0,0,0
train,582,2018-02-22 01:44:00+00:00,0.0015549662057310343,0.41798317432403564,0.6634476184844971,6.043989658355713,0,0,0
train,583,2018-02-22 01:45:00+00:00,0.0009306343854404986,0.4233561158180237,0.6510062217712402,5.598115921020508,0,0,0
train,584,2018-02-22 01:46:00+00:00,0.0010550998849794269,0.4310009479522705,0.652947187423706,5.720909118652344,0,0,0
train,585,2018-02-22 01:47:00+00:00,0.000955291441641748,0.4378499984741211,0.6175611019134521,4.890602111816406,0,0,0
train,586,2018-02-22 01:48:00+00:00,0.0008947383612394333,0.4095802903175354,0.6408411264419556,5.648403167724609,0,0,0
train,587,2018-02-22 01:49:00+00:00,0.0010298351990059018,0.42381685972213745,0.6152480840682983,4.912986755371094,0,0,0
train,588,2018-02-22 01:50:00+00:00,0.0009467393974773586,0.4190393090248108,0.6036131978034973,4.799564361572266,0,0,0
train,589,2018-02-22 01:51:00+00:00,0.0008314676815643907,0.4027150869369507,0.6190457940101624,5.397286415100098,0,0,0
train,590,2018-02-22 01:52:00+00:00,0.0008680118480697274,0.405767560005188,0.6226440072059631,5.388389587402344,0,0,0
train,591,2018-02-22 01:53:00+00:00,0.0008106932509690523,0.4147320091724396,0.6169214248657227,5.249585151672363,0,0,0
train,592,2018-02-22 01:54:00+00:00,0.0008511696942150593,0.4210987985134125,0.6060945391654968,4.919278144836426,0,0,0
train,593,2018-02-22 01:55:00+00:00,0.0007764346664771438,0.4136364459991455,0.6073217391967773,4.980774879455566,0,0,0
train,594,2018-02-22 01:56:00+00:00,0.0009311686153523624,0.4263696074485779,0.6015068292617798,4.685895919799805,0,0,0
train,595,2018-02-22 01:57:00+00:00,0.0008663279004395008,0.41642919182777405,0.5969409942626953,4.668490886688232,0,0,0
train,596,2018-02-22 01:58:00+00:00,0.00087493791943416,0.3981659412384033,0.6085649728775024,5.020519256591797,0,0,0
train,597,2018-02-22 01:59:00+00:00,0.0008089511538855731,0.3966876268386841,0.6458908319473267,5.782723426818848,0,0,0
train,598,2018-02-22 02:00:00+00:00,0.0007981639937497675,0.42280662059783936,0.6092661023139954,4.838447093963623,0,0,0
train,599,2018-02-22 02:01:00+00:00,0.0010245217708870769,0.4253271222114563,0.6322298049926758,5.153951644897461,0,0,0
train,600,2018-02-22 02:02:00+00:00,0.0011382416123524308,0.41288894414901733,0.6720526218414307,6.138769149780273,0,0,0
train,601,2018-02-22 02:03:00+00:00,0.008912431076169014,0.6027053594589233,1.1384947299957275,9.24201488494873,0,0,0
train,602,2018-02-22 02:04:00+00:00,0.002976375399157405,0.5137389302253723,0.666423499584198,5.478085041046143,0,0,0
train,603,2018-02-22 02:05:00+00:00,0.001776568591594696,0.45164626836776733,0.617978036403656,5.135833740234375,0,0,0
train,604,2018-02-22 02:06:00+00:00,0.0017321991035714746,0.45711198449134827,0.6168776154518127,5.1692070960998535,0,0,0
train,605,2018-02-22 02:07:00+00:00,0.0015043114544823766,0.45193591713905334,0.6510788202285767,5.909451961517334,0,0,0
train,606,2018-02-22 02:08:00+00:00,0.001835281727835536,0.4585114121437073,0.6663017272949219,6.178502082824707,0,0,0
train,607,2018-02-22 02:09:00+00:00,0.0023794553708285093,0.4881020188331604,0.6938320398330688,6.533002853393555,0,0,0
train,608,2018-02-22 02:10:00+00:00,0.0014956181403249502,0.43750762939453125,0.5992805361747742,4.883079528808594,0,0,0
train,609,2018-02-22 02:11:00+00:00,0.002275017322972417,0.45978260040283203,0.7591665387153625,7.848320960998535,0,0,0
train,610,2018-02-22 02:12:00+00:00,0.0020341365598142147,0.44518351554870605,0.6481710076332092,6.038602828979492,0,0,0
train,611,2018-02-22 02:13:00+00:00,0.0025542948860675097,0.48232001066207886,0.7302442789077759,7.3291826248168945,0,0,0
train,612,2018-02-22 02:14:00+00:00,0.0013912463327869773,0.4387650489807129,0.6011505126953125,5.12174654006958,0,0,0
train,613,2018-02-22 02:15:00+00:00,0.0017596578691154718,0.4356936812400818,0.6605138778686523,6.349660873413086,0,0,0
train,614,2018-02-22 02:16:00+00:00,0.0016136900521814823,0.4387860894203186,0.6284112930297852,5.71148157119751,0,0,0
train,615,2018-02-22 02:17:00+00:00,0.0013714582892134786,0.43208521604537964,0.649601399898529,6.172023773193359,0,0,0
train,616,2018-02-22 02:18:00+00:00,0.0015680025098845363,0.4413410425186157,0.6401612758636475,5.810344219207764,0,0,0
train,617,2018-02-22 02:19:00+00:00,0.001455923542380333,0.44514918327331543,0.6040326952934265,5.012325763702393,0,0,0
train,618,2018-02-22 02:20:00+00:00,0.001321854768320918,0.4371923506259918,0.6219661831855774,5.354430675506592,0,0,0
train,619,2018-02-22 02:21:00+00:00,0.0011164835887029767,0.425784707069397,0.6083109974861145,5.11700963973999,0,0,0
train,620,2018-02-22 02:22:00+00:00,0.0010584999108687043,0.40768760442733765,0.6683282256126404,6.558094501495361,0,0,0
train,621,2018-02-22 02:23:00+00:00,0.0010505146346986294,0.4005371034145355,0.6350520849227905,5.962826251983643,0,0,0
train,622,2018-02-22 02:24:00+00:00,0.0011594915995374322,0.41672998666763306,0.6106822490692139,5.195425510406494,0,0,0
train,623,2018-02-22 02:25:00+00:00,0.0010418669553473592,0.3945605158805847,0.6090825796127319,5.3669586181640625,0,0,0
train,624,2018-02-22 02:26:00+00:00,0.0009402100113220513,0.3970624804496765,0.6010028123855591,5.22328519821167,0,0,0
train,625,2018-02-22 02:27:00+00:00,0.0011123123113065958,0.405991792678833,0.5916538834571838,4.899811267852783,0,0,0
train,626,2018-02-22 02:28:00+00:00,0.0010089394636452198,0.41022616624832153,0.6022401452064514,5.1923441886901855,0,0,0
train,627,2018-02-22 02:29:00+00:00,0.0010883327340707183,0.4088239073753357,0.5981482267379761,4.998234272003174,0,0,0
train,628,2018-02-22 02:30:00+00:00,0.0009446123149245977,0.4041178226470947,0.5993381142616272,5.0853471755981445,0,0,0
train,629,2018-02-22 02:31:00+00:00,0.001407292322255671,0.4290892481803894,0.6472733020782471,5.98169469833374,0,0,0
train,630,2018-02-22 02:32:00+00:00,0.0014749860856682062,0.430286705493927,0.632331907749176,5.835447788238525,0,0,0
train,631,2018-02-22 02:33:00+00:00,0.001597304129973054,0.4135522246360779,0.6197322010993958,5.595418930053711,0,0,0
train,632,2018-02-22 02:34:00+00:00,0.0015946496278047562,0.4259238839149475,0.6895043253898621,6.607013702392578,0,0,0
train,633,2018-02-22 02:35:00+00:00,0.0015401766868308187,0.44403475522994995,0.7566373348236084,7.750514984130859,0,0,0
train,634,2018-02-22 02:36:00+00:00,0.0024864838924258947,0.529297411441803,1.1265156269073486,12.772612571716309,0,0,0
train,635,2018-02-22 02:37:00+00:00,0.0035917337518185377,0.533165693283081,0.9195492267608643,9.694214820861816,0,0,0
train,636,2018-02-22 02:38:00+00:00,0.005787906236946583,0.5535942316055298,0.8858564496040344,8.77487850189209,0,0,0
train,637,2018-02-22 02:39:00+00:00,0.0033429020550101995,0.49229517579078674,0.6276946663856506,5.21848201751709,0,0,0
train,638,2018-02-22 02:40:00+00:00,0.005154288839548826,0.531667947769165,0.8124047517776489,7.951093673706055,0,0,0
train,639,2018-02-22 02:41:00+00:00,0.006378477904945612,0.5369008779525757,0.8448503017425537,8.11431884765625,0,0,0
train,640,2018-02-22 02:42:00+00:00,0.005499558057636023,0.5286718010902405,0.7230975031852722,6.360766887664795,0,0,0
train,641,2018-02-22 02:43:00+00:00,0.007479661609977484,0.5219869613647461,0.600247859954834,4.2776336669921875,0,0,0
train,642,2018-02-22 02:44:00+00:00,0.0032172095961868763,0.46718472242355347,0.5989607572555542,4.694684982299805,0,0,0
train,643,2018-02-22 02:45:00+00:00,0.0038714383263140917,0.467631459236145,0.5968619585037231,4.675271511077881,0,0,0
train,644,2018-02-22 02:46:00+00:00,0.0015639050398021936,0.4253248870372772,0.5956959128379822,4.953877925872803,0,0,0
train,645,2018-02-22 02:47:00+00:00,0.0022861212491989136,0.46876728534698486,0.7126287221908569,7.080319404602051,0,0,0
train,646,2018-02-22 02:48:00+00:00,0.0013092939043417573,0.423941969871521,0.6194067597389221,5.499284267425537,0,0,0
train,647,2018-02-22 02:49:00+00:00,0.0027546414639800787,0.5297226905822754,0.8912407159805298,9.584671974182129,0,0,0
train,648,2018-02-22 02:50:00+00:00,0.0014060961548238993,0.43394705653190613,0.6136109232902527,5.503005504608154,0,0,0
train,649,2018-02-22 02:51:00+00:00,0.002165628597140312,0.49376189708709717,0.8472111225128174,9.259441375732422,0,0,0
train,650,2018-02-22 02:52:00+00:00,0.0024260058999061584,0.4676320552825928,0.7063344717025757,6.951204776763916,0,0,0
train,651,2018-02-22 02:53:00+00:00,0.0013252792414277792,0.4171333909034729,0.6255800724029541,5.705350875854492,0,0,0
train,652,2018-02-22 02:54:00+00:00,0.001492754090577364,0.4128870666027069,0.6282476186752319,5.8452534675598145,0,0,0
train,653,2018-02-22 02:55:00+00:00,0.0011372440494596958,0.3812774419784546,0.5964779257774353,5.272941589355469,0,0,0
train,654,2018-02-22 02:56:00+00:00,0.0011623792815953493,0.3861258625984192,0.6296888589859009,5.906911849975586,0,0,0
train,655,2018-02-22 02:57:00+00:00,0.0012953148689121008,0.39672738313674927,0.6035920977592468,5.0425310134887695,0,0,0
train,656,2018-02-22 02:58:00+00:00,0.0009481486631557345,0.3780287504196167,0.630061149597168,5.800184726715088,0,0,0
train,657,2018-02-22 02:59:00+00:00,0.0013379029696807265,0.4325644373893738,0.8164120316505432,9.162650108337402,0,0,0
train,658,2018-02-22 03:00:00+00:00,0.0018171044066548347,0.4430588483810425,0.9958680272102356,11.754444122314453,0,0,0
train,659,2018-02-22 03:01:00+00:00,0.002271011471748352,0.4700896739959717,0.8489883542060852,9.307409286499023,0,0,0
train,660,2018-02-22 03:02:00+00:00,0.0013388536171987653,0.403438925743103,0.6451972723007202,6.385663986206055,0,0,0
train,661,2018-02-22 03:03:00+00:00,0.002137902192771435,0.45914244651794434,0.9877682328224182,11.746282577514648,0,0,0
train,662,2018-02-22 03:04:00+00:00,0.0024399978574365377,0.4642675220966339,0.855796754360199,9.3971586227417,0,0,0
train,663,2018-02-22 03:05:00+00:00,0.0035461990628391504,0.5002430081367493,0.9488235116004944,10.577141761779785,0,0,0
train,664,2018-02-22 03:06:00+00:00,0.0028632020112127066,0.4959152936935425,0.7194361686706543,6.805258274078369,0,0,0
train,665,2018-02-22 03:07:00+00:00,0.005708515644073486,0.5463683605194092,0.9557307958602905,9.751479148864746,0,0,0
train,666,2018-02-22 03:08:00+00:00,0.007270560134202242,0.5729621648788452,0.9137434959411621,8.744882583618164,0,0,0
train,667,2018-02-22 03:09:00+00:00,0.007953852415084839,0.5660864114761353,0.9540607929229736,9.43517780303955,0,0,0
train,668,2018-02-22 03:10:00+00:00,0.007078605704009533,0.5559197068214417,0.8847302794456482,8.616456985473633,0,0,0
train,669,2018-02-22 03:11:00+00:00,0.008834264241158962,0.5531221628189087,0.8189424872398376,7.588518142700195,0,0,0
train,670,2018-02-22 03:12:00+00:00,0.006884007714688778,0.5186800956726074,0.6782997846603394,5.713491439819336,0,0,0
train,671,2018-02-22 03:13:00+00:00,0.0036714563611894846,0.47281354665756226,0.6142619252204895,4.9979658126831055,0,0,0
train,672,2018-02-22 03:14:00+00:00,0.0018442899454385042,0.4320383071899414,0.6615298390388489,6.308187961578369,0,0,0
train,673,2018-02-22 03:15:00+00:00,0.0017683310434222221,0.42306023836135864,0.6156420707702637,5.416891098022461,0,0,0
train,674,2018-02-22 03:16:00+00:00,0.002322989981621504,0.45410585403442383,0.7771702408790588,8.135869979858398,0,0,0
train,675,2018-02-22 03:17:00+00:00,0.001231285510584712,0.40920963883399963,0.6269421577453613,5.817235946655273,0,0,0
train,676,2018-02-22 03:18:00+00:00,0.002121977275237441,0.44550013542175293,0.7975319623947144,8.746023178100586,0,0,0
train,677,2018-02-22 03:19:00+00:00,0.003469184273853898,0.5056648850440979,0.8977811336517334,9.820877075195312,0,0,0
train,678,2018-02-22 03:20:00+00:00,0.003908309619873762,0.5185164213180542,0.8952712416648865,9.573555946350098,0,0,0
train,679,2018-02-22 03:21:00+00:00,0.0038987682200968266,0.5371429920196533,0.9451825618743896,10.009795188903809,0,0,0
train,680,2018-02-22 03:22:00+00:00,0.0035276152193546295,0.48851680755615234,0.6801116466522217,6.114203453063965,0,0,0
train,681,2018-02-22 03:23:00+00:00,0.005792058538645506,0.5236871242523193,0.7843829989433289,7.4976396560668945,0,0,0
train,682,2018-02-22 03:24:00+00:00,0.004824334755539894,0.5190441012382507,0.8035598397254944,7.744415283203125,0,0,0
train,683,2018-02-22 03:25:00+00:00,0.002900183666497469,0.47522062063217163,0.8695327043533325,9.25928020477295,0,0,0
train,684,2018-02-22 03:26:00+00:00,0.004181042779237032,0.46712327003479004,0.77237868309021,7.4962382316589355,0,0,0
train,685,2018-02-22 03:27:00+00:00,0.004768209997564554,0.5280718803405762,1.0546613931655884,11.15834903717041,0,0,0
train,686,2018-02-22 03:28:00+00:00,0.002369388472288847,0.4336176812648773,0.6711106896400452,6.526559352874756,0,0,0
train,687,2018-02-22 03:29:00+00:00,0.0034344501327723265,0.482584685087204,0.6798433661460876,6.325001239776611,0,0,0
train,688,2018-02-22 03:30:00+00:00,0.0065824007615447044,0.5338289737701416,0.8663272857666016,8.696645736694336,0,0,0
train,689,2018-02-22 03:31:00+00:00,0.0039325617253780365,0.46474796533584595,0.6432712078094482,5.5946736335754395,0,0,0
train,690,2018-02-22 03:32:00+00:00,0.005591384135186672,0.506920337677002,0.931942343711853,9.969703674316406,0,0,0
train,691,2018-02-22 03:33:00+00:00,0.006888138595968485,0.5221472382545471,0.8641728758811951,8.810686111450195,0,0,0
train,692,2018-02-22 03:34:00+00:00,0.006796933710575104,0.5161190032958984,0.7779765129089355,7.625144004821777,0,0,0
train,693,2018-02-22 03:35:00+00:00,0.003980377689003944,0.47371017932891846,0.6013504266738892,4.6471967697143555,0,0,0
train,694,2018-02-22 03:36:00+00:00,0.002767144236713648,0.44578832387924194,0.6652765870094299,6.020495891571045,0,0,0
train,695,2018-02-22 03:37:00+00:00,0.0023859560023993254,0.44333764910697937,0.6729578375816345,6.1436543464660645,0,0,0
train,696,2018-02-22 03:38:00+00:00,0.0029516147915273905,0.461302250623703,0.8676072955131531,9.252321243286133,0,0,0
train,697,2018-02-22 03:39:00+00:00,0.0032560534309595823,0.4734771251678467,0.7174177765846252,6.870734214782715,0,0,0
train,698,2018-02-22 03:40:00+00:00,0.0012821806594729424,0.40822461247444153,0.6232019662857056,5.614282131195068,0,0,0
train,699,2018-02-22 03:41:00+00:00,0.0030738655477762222,0.4552273750305176,0.8108782768249512,8.730607032775879,0,0,0
train,700,2018-02-22 03:42:00+00:00,0.003909134306013584,0.5119593143463135,0.9099034070968628,9.787812232971191,0,0,0
train,701,2018-02-22 03:43:00+00:00,0.003993689548224211,0.5134925842285156,0.9203752875328064,9.99985122680664,0,0,0
train,702,2018-02-22 03:44:00+00:00,0.007801468018442392,0.5451986789703369,0.9261042475700378,9.21608829498291,0,0,0
train,703,2018-02-22 03:45:00+00:00,0.007957356050610542,0.5405110120773315,0.7910358905792236,7.339424133300781,0,0,0
train,704,2018-02-22 03:46:00+00:00,0.0104351956397295,0.5515885353088379,0.9566416144371033,9.256065368652344,0,0,0
train,705,2018-02-22 03:47:00+00:00,0.0068970900028944016,0.5045517683029175,0.6338117718696594,5.273157119750977,0,0,0
train,706,2018-02-22 03:48:00+00:00,0.008966128341853619,0.5156703591346741,0.7368366122245789,6.711545467376709,0,0,0
train,707,2018-02-22 03:49:00+00:00,0.004807168152183294,0.4907170534133911,0.6008740663528442,4.6645989418029785,0,0,0
train,708,2018-02-22 03:50:00+00:00,0.005812567193061113,0.4931820034980774,0.7794725894927979,7.392931938171387,0,0,0
train,709,2018-02-22 03:51:00+00:00,0.005527595989406109,0.49284207820892334,0.7117024064064026,6.440410614013672,0,0,0
train,710,2018-02-22 03:52:00+00:00,0.004775277338922024,0.4905499815940857,0.8693613409996033,8.962660789489746,0,0,0
train,711,2018-02-22 03:53:00+00:00,0.002427541883662343,0.4465181231498718,0.5980386734008789,4.839893817901611,0,0,0
train,712,2018-02-22 03:54:00+00:00,0.0037549349945038557,0.4782487154006958,0.7651937007904053,7.358227729797363,0,0,0
train,713,2018-02-22 03:55:00+00:00,0.003388768993318081,0.5085147619247437,1.051640510559082,11.355451583862305,0,0,0
train,714,2018-02-22 03:56:00+00:00,0.01115147490054369,0.5685107111930847,1.138205885887146,11.391660690307617,0,0,0
train,715,2018-02-22 03:57:00+00:00,0.010836289264261723,0.537757158279419,1.0619031190872192,10.582413673400879,0,0,0
train,716,2018-02-22 03:58:00+00:00,0.005214535165578127,0.5122851133346558,0.7136708498001099,6.556355953216553,0,0,0
train,717,2018-02-22 03:59:00+00:00,0.012739457190036774,0.5817644000053406,1.4794716835021973,14.799134254455566,0,0,0
train,718,2018-02-22 04:00:00+00:00,0.0024989894591271877,0.4633433222770691,0.6323907971382141,5.500762939453125,0,0,0
train,719,2018-02-22 04:01:00+00:00,0.0016145991394296288,0.42691272497177124,0.6468403339385986,6.206579685211182,0,0,0
train,720,2018-02-22 04:02:00+00:00,0.0012722084065899253,0.4234392046928406,0.6043010354042053,5.148193836212158,0,0,0
train,721,2018-02-22 04:03:00+00:00,0.001491785398684442,0.42038774490356445,0.679839551448822,6.698647975921631,0,0,0
train,722,2018-02-22 04:04:00+00:00,0.0011276925215497613,0.419464111328125,0.6293537020683289,5.525642395019531,0,0,0
train,723,2018-02-22 04:05:00+00:00,0.000939094228670001,0.42092809081077576,0.6584373712539673,6.036727428436279,0,0,0
train,724,2018-02-22 04:06:00+00:00,0.000900317681953311,0.41140133142471313,0.6138607263565063,5.205430030822754,0,0,0
train,725,2018-02-22 04:07:00+00:00,0.001359890797175467,0.44443726539611816,0.6327376961708069,5.179521560668945,0,0,0
train,726,2018-02-22 04:08:00+00:00,0.0010596276260912418,0.4037110209465027,0.6374508738517761,5.782894134521484,0,0,0
train,727,2018-02-22 04:09:00+00:00,0.0012079620501026511,0.4308774471282959,0.6513602137565613,5.553262233734131,0,0,0
train,728,2018-02-22 04:10:00+00:00,0.0010255379602313042,0.3829534947872162,0.6666613221168518,6.501688003540039,0,0,0
train,729,2018-02-22 04:11:00+00:00,0.0014227613573893905,0.41596174240112305,0.7005798816680908,7.026350975036621,0,0,0
train,730,2018-02-22 04:12:00+00:00,0.0010116476332768798,0.400566428899765,0.6167413592338562,5.446849346160889,0,0,0
train,731,2018-02-22 04:13:00+00:00,0.0013462493661791086,0.4120790362358093,0.6791852116584778,6.738524436950684,0,0,0
train,732,2018-02-22 04:14:00+00:00,0.00104378757532686,0.41868841648101807,0.6146184802055359,5.280336380004883,0,0,0
train,733,2018-02-22 04:15:00+00:00,0.0017442299285903573,0.4283358156681061,0.6123884320259094,5.325348854064941,0,0,0
train,734,2018-02-22 04:16:00+00:00,0.0010821986943483353,0.43574702739715576,0.6048741340637207,4.815507888793945,0,0,0
train,735,2018-02-22 04:17:00+00:00,0.001323794131167233,0.42602449655532837,0.6522036194801331,5.944918632507324,0,0,0
train,736,2018-02-22 04:18:00+00:00,0.0010992611059919,0.4316632151603699,0.6284833550453186,5.373539924621582,0,0,0
train,737,2018-02-22 04:19:00+00:00,0.0010303365997970104,0.4220236539840698,0.644508421421051,5.570572853088379,0,0,0
train,738,2018-02-22 04:20:00+00:00,0.001025149947963655,0.4279120862483978,0.6424105167388916,5.582895278930664,0,0,0
train,739,2018-02-22 04:21:00+00:00,0.0016805196646600962,0.43810006976127625,0.8326172232627869,9.099955558776855,0,0,0
train,740,2018-02-22 04:22:00+00:00,0.0011720474576577544,0.39217931032180786,0.6680678129196167,6.607616424560547,0,0,0
train,741,2018-02-22 04:23:00+00:00,0.003259065793827176,0.45615798234939575,0.5762597322463989,4.390438556671143,0,0,0
train,742,2018-02-22 04:24:00+00:00,0.0022444948554039,0.44214847683906555,0.5869303941726685,4.637366771697998,0,0,0
train,743,2018-02-22 04:25:00+00:00,0.002427243860438466,0.4545690417289734,0.6393930315971375,5.707483768463135,0,0,0
train,744,2018-02-22 04:26:00+00:00,0.002988180611282587,0.49681469798088074,0.6025077700614929,4.63214635848999,0,0,0
train,745,2018-02-22 04:27:00+00:00,0.0019555676262825727,0.4515394866466522,0.5856426954269409,4.512700080871582,0,0,0
train,746,2018-02-22 04:28:00+00:00,0.0030059118289500475,0.4796251058578491,0.7071610689163208,6.624847412109375,0,0,0
train,747,2018-02-22 04:29:00+00:00,0.002116648480296135,0.4627637267112732,0.6299481987953186,5.321302890777588,0,0,0
train,748,2018-02-22 04:30:00+00:00,0.0012875657994300127,0.4320865571498871,0.6200138926506042,5.225586414337158,0,0,0
train,749,2018-02-22 04:31:00+00:00,0.003233444644138217,0.4691533148288727,0.6008492112159729,4.543137550354004,0,0,0
train,750,2018-02-22 04:32:00+00:00,0.002078757621347904,0.4838264584541321,0.7098970413208008,6.5883660316467285,0,0,0
train,751,2018-02-22 04:33:00+00:00,0.0017095796065405011,0.4292961359024048,0.7066571712493896,6.798652172088623,0,0,0
train,752,2018-02-22 04:34:00+00:00,0.0013839949388056993,0.4228341579437256,0.6819540858268738,6.366360664367676,0,0,0
train,753,2018-02-22 04:35:00+00:00,0.001997674349695444,0.4613445997238159,0.8169267177581787,8.828506469726562,0,0,0
train,754,2018-02-22 04:36:00+00:00,0.0017332049319520593,0.47501686215400696,0.7584767937660217,7.589027404785156,0,0,0
train,755,2018-02-22 04:37:00+00:00,0.0022943629883229733,0.5098581910133362,0.7857879400253296,7.65541410446167,0,0,0
train,756,2018-02-22 04:38:00+00:00,0.002689995337277651,0.49560868740081787,0.7550342082977295,7.163033485412598,0,0,0
train,757,2018-02-22 04:39:00+00:00,0.0016908923862501979,0.43153682351112366,0.6088487505912781,5.056578636169434,0,0,0
train,758,2018-02-22 04:40:00+00:00,0.0021488370839506388,0.4909084439277649,0.7244309186935425,6.822505950927734,0,0,0
train,759,2018-02-22 04:41:00+00:00,0.002803463488817215,0.506016731262207,0.7300898432731628,6.749999523162842,0,0,0
train,760,2018-02-22 04:42:00+00:00,0.0030563385225832462,0.5037862062454224,0.6516430377960205,5.397249698638916,0,0,0
train,761,2018-02-22 04:43:00+00:00,0.0031712083145976067,0.48554354906082153,0.590145468711853,4.34190034866333,0,0,0
train,762,2018-02-22 04:44:00+00:00,0.002668861299753189,0.49804407358169556,0.6451019048690796,5.236776828765869,0,0,0
train,763,2018-02-22 04:45:00+00:00,0.0020320306066423655,0.4769619107246399,0.6851101517677307,6.214920520782471,0,0,0
train,764,2018-02-22 04:46:00+00:00,0.002268838929012418,0.49588051438331604,0.6504524350166321,5.492712020874023,0,0,0
train,765,2018-02-22 04:47:00+00:00,0.002684788079932332,0.49809718132019043,0.6213963031768799,4.759007453918457,0,0,0
train,766,2018-02-22 04:48:00+00:00,0.00303005613386631,0.504187822341919,0.644669771194458,5.123481273651123,0,0,0
train,767,2018-02-22 04:49:00+00:00,0.0034305586013942957,0.5195902585983276,0.7649974822998047,7.078924655914307,0,0,0
train,768,2018-02-22 04:50:00+00:00,0.001957252388820052,0.4626973271369934,0.63701993227005,5.423982620239258,0,0,0
train,769,2018-02-22 04:51:00+00:00,0.0032182130962610245,0.48913681507110596,0.6238141655921936,5.0059967041015625,0,0,0
train,770,2018-02-22 04:52:00+00:00,0.003417912870645523,0.518598735332489,0.6588859558105469,5.202658176422119,0,0,0
train,771,2018-02-22 04:53:00+00:00,0.004186320584267378,0.5637062191963196,0.9837684035301208,9.969060897827148,0,0,0
train,772,2018-02-22 04:54:00+00:00,0.004601893946528435,0.5194075107574463,0.6629927158355713,5.318401336669922,0,0,0
train,773,2018-02-22 04:55:00+00:00,0.00897425040602684,0.5720970034599304,0.8202890753746033,7.126718997955322,0,0,0
train,774,2018-02-22 04:56:00+00:00,0.00965074822306633,0.590116560459137,0.7795891165733337,6.30949592590332,0,0,0
train,775,2018-02-22 04:57:00+00:00,0.009821335785090923,0.5695620775222778,0.701012909412384,5.1164631843566895,0,0,0
train,776,2018-02-22 04:58:00+00:00,0.004735018592327833,0.5023260116577148,0.6116719245910645,4.358127593994141,0,0,0
train,777,2018-02-22 04:59:00+00:00,0.006906289141625166,0.5355469584465027,0.6901072263717651,5.320432662963867,0,0,0
train,778,2018-02-22 05:00:00+00:00,0.006992726121097803,0.5348551273345947,0.653682291507721,4.936727046966553,0,0,0
train,779,2018-02-22 05:01:00+00:00,0.002538089407607913,0.4621918201446533,0.6047902703285217,4.687358856201172,0,0,0
train,780,2018-02-22 05:02:00+00:00,0.0047006793320178986,0.5189095735549927,0.6468773484230042,5.1826324462890625,0,0,0
train,781,2018-02-22 05:03:00+00:00,0.0045633623376488686,0.526236355304718,0.7358916997909546,6.684875011444092,0,0,0
train,782,2018-02-22 05:04:00+00:00,0.006259001325815916,0.5208897590637207,0.6758074164390564,5.55192232131958,0,0,0
train,783,2018-02-22 05:05:00+00:00,0.006945437286049128,0.5053126811981201,0.6072485446929932,4.154277324676514,0,0,0
train,784,2018-02-22 05:06:00+00:00,0.009106187149882317,0.5276578664779663,0.6521421670913696,4.825713634490967,0,0,0
train,785,2018-02-22 05:07:00+00:00,0.008138224482536316,0.5373585224151611,0.6364069581031799,4.388779163360596,0,0,0
train,786,2018-02-22 05:08:00+00:00,0.008465592749416828,0.5479118824005127,0.6871366500854492,5.022339820861816,0,0,0
train,787,2018-02-22 05:09:00+00:00,0.009449906647205353,0.533187985420227,0.6001760959625244,3.67722749710083,0,0,0
train,788,2018-02-22 05:10:00+00:00,0.0036916781682521105,0.491167813539505,0.6170326471328735,4.493064880371094,0,0,0
train,789,2018-02-22 05:11:00+00:00,0.005701197311282158,0.5235030651092529,0.6351033449172974,4.7337260246276855,0,0,0
train,790,2018-02-22 05:12:00+00:00,0.0016955957980826497,0.4462215006351471,0.6016279458999634,4.863167762756348,0,0,0
train,791,2018-02-22 05:13:00+00:00,0.0026098836679011583,0.4738015830516815,0.6232544183731079,5.2502923011779785,0,0,0
train,792,2018-02-22 05:14:00+00:00,0.0014843622921034694,0.4316543638706207,0.5968605875968933,4.8284077644348145,0,0,0
train,793,2018-02-22 05:15:00+00:00,0.0015373795758932829,0.43133020401000977,0.6704230904579163,6.360445022583008,0,0,0
train,794,2018-02-22 05:16:00+00:00,0.0014097096864134073,0.4123225510120392,0.605008602142334,5.058106422424316,0,0,0
train,795,2018-02-22 05:17:00+00:00,0.0018486457411199808,0.42543840408325195,0.6343136429786682,5.522389888763428,0,0,0
train,796,2018-02-22 05:18:00+00:00,0.0017678001895546913,0.4282974600791931,0.6090599894523621,4.934250354766846,0,0,0
train,797,2018-02-22 05:19:00+00:00,0.001809904002584517,0.441836416721344,0.6167320609092712,5.113061904907227,0,0,0
train,798,2018-02-22 05:20:00+00:00,0.001737185288220644,0.46726638078689575,0.6740494966506958,6.079684257507324,0,0,0
train,799,2018-02-22 05:21:00+00:00,0.005887008737772703,0.5968199372291565,0.9846513867378235,9.229122161865234,0,0,0
train,800,2018-02-22 05:22:00+00:00,0.002880658023059368,0.47892776131629944,0.6374874114990234,5.162919044494629,0,0,0
train,801,2018-02-22 05:23:00+00:00,0.004027665592730045,0.504714846611023,0.6180070638656616,4.751175403594971,0,0,0
train,802,2018-02-22 05:24:00+00:00,0.0059558129869401455,0.5472137331962585,0.7221720218658447,5.787943363189697,0,0,0
train,803,2018-02-22 05:25:00+00:00,0.003004802158102393,0.4916597008705139,0.6379806399345398,5.069154739379883,0,0,0
train,804,2018-02-22 05:26:00+00:00,0.004626609850674868,0.5388250946998596,0.7624817490577698,6.534779071807861,0,0,0
train,805,2018-02-22 05:27:00+00:00,0.007457326631993055,0.5505921840667725,0.683797299861908,5.002891540527344,0,0,0
train,806,2018-02-22 05:28:00+00:00,0.00587950786575675,0.5015608072280884,0.5929056406021118,3.8236255645751953,0,0,0
train,807,2018-02-22 05:29:00+00:00,0.00504275131970644,0.5736721754074097,0.7508110404014587,5.794052600860596,0,0,0
train,808,2018-02-22 05:30:00+00:00,0.02228889800608158,0.7060167789459229,1.5955091714859009,13.924253463745117,0,0,0
train,809,2018-02-22 08:22:00+00:00,0.0342816524207592,0.76179039478302,1.5553016662597656,13.051164627075195,0,0,0
train,810,2018-02-22 08:52:00+00:00,0.0037247228901833296,0.5733376741409302,0.8586723208427429,7.788846015930176,0,0,0
train,811,2018-02-22 08:53:00+00:00,0.002738196635618806,0.5003407001495361,0.6170126795768738,4.892244338989258,0,0,0
train,812,2018-02-22 08:54:00+00:00,0.003590857842937112,0.5007734894752502,0.5903775691986084,4.085139751434326,0,0,0
train,813,2018-02-22 08:55:00+00:00,0.003917246591299772,0.49706506729125977,0.5806373357772827,3.8394968509674072,0,0,0
train,814,2018-02-22 08:56:00+00:00,0.004636973608285189,0.568842351436615,0.7943471670150757,6.703296184539795,0,0,0
train,815,2018-02-22 08:57:00+00:00,0.005023261997848749,0.5074942111968994,0.5986908674240112,4.009213447570801,0,0,0
train,816,2018-02-22 08:58:00+00:00,0.005660565569996834,0.5361912250518799,0.7225749492645264,5.89470911026001,0,0,0
train,817,2018-02-22 08:59:00+00:00,0.004958979785442352,0.5403757691383362,0.6365074515342712,4.5081868171691895,0,0,0
train,818,2018-02-22 09:00:00+00:00,0.004063473083078861,0.5066138505935669,0.6085667610168457,4.088008880615234,0,0,0
train,819,2018-02-22 09:01:00+00:00,0.0058355433866381645,0.5370986461639404,0.6660904884338379,4.879549980163574,0,0,0
train,820,2018-02-22 09:02:00+00:00,0.007871040143072605,0.5576329231262207,0.6857471466064453,4.665597438812256,0,0,0
train,821,2018-02-22 09:03:00+00:00,0.006714465096592903,0.5355298519134521,0.6399149894714355,4.152853965759277,0,0,0
train,822,2018-02-22 09:04:00+00:00,0.008253641426563263,0.5449596047401428,0.7380374073982239,5.9369306564331055,0,0,0
train,823,2018-02-22 09:05:00+00:00,0.0040294099599123,0.5027977228164673,0.6684772968292236,5.692625999450684,0,0,0
train,824,2018-02-22 09:06:00+00:00,0.0013769004726782441,0.41436767578125,0.632742166519165,5.386476039886475,0,0,0
train,825,2018-02-22 09:07:00+00:00,0.0018505011685192585,0.4584028720855713,0.7391669154167175,7.345911026000977,0,0,0
train,826,2018-02-22 09:08:00+00:00,0.001168450922705233,0.4259074032306671,0.6148105263710022,5.143757343292236,0,0,0
train,827,2018-02-22 09:09:00+00:00,0.0013627078151330352,0.4260919988155365,0.6150585412979126,5.089127063751221,0,0,0
train,828,2018-02-22 09:10:00+00:00,0.0010935916798189282,0.4043882489204407,0.6051783561706543,5.0793585777282715,0,0,0
train,829,2018-02-22 09:11:00+00:00,0.0011763517977669835,0.40919122099876404,0.6188998818397522,5.250526428222656,0,0,0
train,830,2018-02-22 09:12:00+00:00,0.0009758449159562588,0.3983602225780487,0.5961792469024658,4.987550258636475,0,0,0
train,831,2018-02-22 09:13:00+00:00,0.0013176585780456662,0.40091729164123535,0.6243769526481628,5.55323600769043,0,0,0
train,832,2018-02-22 09:14:00+00:00,0.0011689425446093082,0.41507023572921753,0.5911482572555542,4.797835826873779,0,0,0
train,833,2018-02-22 09:15:00+00:00,0.001884528319351375,0.4425756335258484,0.6548218131065369,6.222108840942383,0,0,0
train,834,2018-02-22 09:16:00+00:00,0.0013417539885267615,0.42872828245162964,0.607693612575531,5.075200080871582,0,0,0
train,835,2018-02-22 09:17:00+00:00,0.002153626875951886,0.45046061277389526,0.5760317444801331,4.060174942016602,0,0,0
train,836,2018-02-22 09:18:00+00:00,0.0011862124083563685,0.4321534037590027,0.5962563157081604,4.610408306121826,0,0,0
train,837,2018-02-22 09:19:00+00:00,0.0015716289635747671,0.489300400018692,0.8146939873695374,8.40346622467041,0,0,0
train,838,2018-02-22 09:20:00+00:00,0.0017299959436058998,0.4651380479335785,0.6694265007972717,5.8381242752075195,0,0,0
train,839,2018-02-22 09:21:00+00:00,0.003614187240600586,0.5281437635421753,0.744680643081665,6.689143180847168,0,0,0
train,840,2018-02-22 09:22:00+00:00,0.0026217508129775524,0.4891887903213501,0.5892553329467773,4.069553375244141,0,0,0
train,841,2018-02-22 09:23:00+00:00,0.0034073409624397755,0.5786832571029663,1.0191547870635986,10.306987762451172,0,0,0
train,842,2018-02-22 09:24:00+00:00,0.0025774992536753416,0.4891359210014343,0.6155886054039001,4.932010650634766,0,0,0
train,843,2018-02-22 09:25:00+00:00,0.002089638728648424,0.4777670204639435,0.6950341463088989,6.6131157875061035,0,0,0
train,844,2018-02-22 09:26:00+00:00,0.0025264674331992865,0.4895345866680145,0.6448070406913757,5.426518440246582,0,0,0
train,845,2018-02-22 09:27:00+00:00,0.0037826523184776306,0.5004859566688538,0.6546363234519958,5.4168877601623535,0,0,0
train,846,2018-02-22 09:28:00+00:00,0.005606749560683966,0.5321542024612427,0.6418679356575012,4.802703380584717,0,0,0
train,847,2018-02-22 09:29:00+00:00,0.004936194978654385,0.5386379957199097,0.6929951310157776,5.465831756591797,0,0,0
train,848,2018-02-22 09:30:00+00:00,0.004601403139531612,0.49823808670043945,0.6069237589836121,4.352473735809326,0,0,0
train,849,2018-02-22 09:31:00+00:00,0.0018972005927935243,0.4344778060913086,0.5798918604850769,4.187863349914551,0,0,0
train,850,2018-02-22 09:32:00+00:00,0.0027922799345105886,0.49514245986938477,0.6633948087692261,5.667068958282471,0,0,0
train,851,2018-02-22 09:33:00+00:00,0.001227953820489347,0.4165340065956116,0.6304509043693542,5.513356685638428,0,0,0
train,852,2018-02-22 09:34:00+00:00,0.001549054286442697,0.43993380665779114,0.6356480717658997,5.4570088386535645,0,0,0
train,853,2018-02-22 09:35:00+00:00,0.0014715488068759441,0.428505539894104,0.5966483354568481,4.740013122558594,0,0,0
train,854,2018-02-22 09:36:00+00:00,0.001486412133090198,0.43181103467941284,0.5954678058624268,4.618156433105469,0,0,0
train,855,2018-02-22 09:37:00+00:00,0.0012817024253308773,0.4269876182079315,0.5824261903762817,4.354345321655273,0,0,0
train,856,2018-02-22 09:38:00+00:00,0.0011519549880176783,0.41747528314590454,0.5902644395828247,4.632257461547852,0,0,0
train,857,2018-02-22 09:39:00+00:00,0.0013984092511236668,0.42166993021965027,0.5905929207801819,4.545753002166748,0,0,0
train,858,2018-02-22 09:40:00+00:00,0.0013389191590249538,0.43994516134262085,0.596747875213623,4.493077754974365,0,0,0
train,859,2018-02-22 09:41:00+00:00,0.0013120053336024284,0.428768515586853,0.5743977427482605,4.142605304718018,0,0,0
train,860,2018-02-22 09:42:00+00:00,0.0013314179377630353,0.41755160689353943,0.5995105504989624,4.7773919105529785,0,0,0
train,861,2018-02-22 09:43:00+00:00,0.0010360140586271882,0.410971462726593,0.6040471196174622,4.835583209991455,0,0,0
train,862,2018-02-22 09:44:00+00:00,0.0011547250906005502,0.43006962537765503,0.5960396528244019,4.434380531311035,0,0,0
train,863,2018-02-22 09:45:00+00:00,0.0010973978787660599,0.4300556182861328,0.5949680805206299,4.541409015655518,0,0,0
train,864,2018-02-22 09:46:00+00:00,0.0010074763558804989,0.416881799697876,0.5836495757102966,4.378775596618652,0,0,0
train,865,2018-02-22 09:47:00+00:00,0.0010932740988209844,0.43036729097366333,0.5936181545257568,4.257663249969482,0,0,0
train,866,2018-02-22 09:48:00+00:00,0.0013570809969678521,0.4270802140235901,0.6443952918052673,5.683623790740967,0,0,0
train,867,2018-02-22 09:49:00+00:00,0.0017747411038726568,0.4526604413986206,0.6210950613021851,5.008650302886963,0,0,0
train,868,2018-02-22 09:50:00+00:00,0.0031033791601657867,0.5833677649497986,0.96103835105896,9.341611862182617,0,0,0
train,869,2018-02-22 09:51:00+00:00,0.0038396278396248817,0.5387662053108215,0.7645407915115356,6.811650276184082,0,0,0
train,870,2018-02-22 09:52:00+00:00,0.004727399908006191,0.530929446220398,0.659305214881897,4.867839813232422,0,0,0
train,871,2018-02-22 09:53:00+00:00,0.001821295591071248,0.4631243348121643,0.5936669707298279,4.4864821434021,0,0,0
train,872,2018-02-22 09:54:00+00:00,0.00242984457872808,0.4835604429244995,0.623021125793457,4.865616321563721,0,0,0
train,873,2018-02-22 09:55:00+00:00,0.0025614225305616856,0.5139144659042358,0.7157735824584961,6.217079162597656,0,0,0
train,874,2018-02-22 09:56:00+00:00,0.0027128232177346945,0.5357224941253662,0.8267389535903931,7.969797611236572,0,0,0
train,875,2018-02-22 09:57:00+00:00,0.003976472187787294,0.5008783340454102,0.6036792993545532,4.21793794631958,0,0,0
train,876,2018-02-22 09:58:00+00:00,0.0024664357770234346,0.4562065899372101,0.5874099731445312,4.257112979888916,0,0,0
train,877,2018-02-22 09:59:00+00:00,0.0034618161153048277,0.5206985473632812,0.7255369424819946,6.357106685638428,0,0,0
train,878,2018-02-22 10:00:00+00:00,0.0028280902188271284,0.4982259273529053,0.6944196820259094,6.1186089515686035,0,0,0
train,879,2018-02-22 10:01:00+00:00,0.002640261547639966,0.4834853410720825,0.6618074774742126,5.772739887237549,0,0,0
train,880,2018-02-22 10:02:00+00:00,0.003996394108980894,0.524870753288269,0.6327084898948669,4.612034320831299,0,0,0
train,881,2018-02-22 10:03:00+00:00,0.0022778483107686043,0.4524151682853699,0.6041082143783569,4.861149787902832,0,0,0
train,882,2018-02-22 10:04:00+00:00,0.0027787869330495596,0.49177417159080505,0.658237099647522,5.664393901824951,0,0,0
train,883,2018-02-22 10:05:00+00:00,0.0022619604133069515,0.464647114276886,0.6374044418334961,5.299474239349365,0,0,0
train,884,2018-02-22 10:06:00+00:00,0.0027567013166844845,0.4699110984802246,0.5919380784034729,4.5038933753967285,0,0,0
train,885,2018-02-22 10:07:00+00:00,0.0028536543250083923,0.48693013191223145,0.5832386016845703,4.066700458526611,0,0,0
train,886,2018-02-22 10:08:00+00:00,0.004514383152127266,0.5246487259864807,0.6287655234336853,4.489654064178467,0,0,0
train,887,2018-02-22 10:09:00+00:00,0.004821899347007275,0.5241585373878479,0.6126859784126282,4.173460960388184,0,0,0
train,888,2018-02-22 10:10:00+00:00,0.003229505615308881,0.4965471029281616,0.612707793712616,4.38831090927124,0,0,0
train,889,2018-02-22 10:11:00+00:00,0.0028794310055673122,0.4604993462562561,0.5979669690132141,4.618072509765625,0,0,0
train,890,2018-02-22 10:12:00+00:00,0.004348136950284243,0.4910922050476074,0.5753471851348877,3.763744831085205,0,0,0
train,891,2018-02-22 10:13:00+00:00,0.00305643561296165,0.49025681614875793,0.6342980265617371,4.998878002166748,0,0,0
train,892,2018-02-22 10:14:00+00:00,0.0058446950279176235,0.5045517683029175,0.5799184441566467,3.9389424324035645,0,0,0
train,893,2018-02-22 10:15:00+00:00,0.007648968603461981,0.5669780969619751,0.741852879524231,5.810020923614502,0,0,0
train,894,2018-02-22 10:16:00+00:00,0.0118936225771904,0.5944812893867493,0.8343143463134766,6.528409957885742,0,0,0
train,895,2018-02-22 10:17:00+00:00,0.022683313116431236,0.6172994375228882,1.139432668685913,9.556694030761719,0,0,0
train,896,2018-02-22 10:18:00+00:00,0.011945128440856934,0.5682404041290283,0.6550008058547974,4.349292755126953,0,0,0
train,897,2018-02-22 10:19:00+00:00,0.010847844183444977,0.6026592254638672,1.0624207258224487,9.130088806152344,0,0,0
train,898,2018-02-22 10:20:00+00:00,0.007359298411756754,0.5158820152282715,0.6116946935653687,4.176444053649902,0,0,0
train,899,2018-02-22 10:21:00+00:00,0.005291938781738281,0.5164679288864136,0.6336324214935303,4.78770112991333,0,0,0
train,900,2018-02-22 10:22:00+00:00,0.009963209740817547,0.5781872272491455,0.8004703521728516,6.51228141784668,0,0,0
train,901,2018-02-22 10:23:00+00:00,0.0022004302591085434,0.4500100016593933,0.6029196381568909,4.719759941101074,0,0,0
train,902,2018-02-22 10:24:00+00:00,0.001926952158100903,0.4521307349205017,0.6073854565620422,4.792027950286865,0,0,0
train,903,2018-02-22 10:25:00+00:00,0.0010888976976275444,0.4109443426132202,0.6020569205284119,4.995686054229736,0,0,0
train,904,2018-02-22 10:26:00+00:00,0.001107883406803012,0.4179829955101013,0.6854578852653503,6.870621204376221,0,0,0
train,905,2018-02-22 10:27:00+00:00,0.0011709913378581405,0.4185450077056885,0.6451429724693298,5.905271530151367,0,0,0
train,906,2018-02-22 10:28:00+00:00,0.00177341781090945,0.45123720169067383,0.6686034798622131,6.298524856567383,0,0,0
train,907,2018-02-22 10:29:00+00:00,0.0015425021992996335,0.4489600658416748,0.6173990368843079,5.024200916290283,0,0,0
train,908,2018-02-22 10:30:00+00:00,0.0018696211045607924,0.47440141439437866,0.6331827640533447,5.280366897583008,0,0,0
train,909,2018-02-22 10:31:00+00:00,0.0017619667341932654,0.4572981894016266,0.6248281002044678,5.119488716125488,0,0,0
train,910,2018-02-22 10:32:00+00:00,0.0017229464137926698,0.4642685353755951,0.6256570816040039,5.142181873321533,0,0,0
train,911,2018-02-22 10:33:00+00:00,0.0019557056948542595,0.4584762454032898,0.6282631754875183,5.054245471954346,0,0,0
train,912,2018-02-22 10:34:00+00:00,0.0014847534475848079,0.44310855865478516,0.598853349685669,4.708132743835449,0,0,0
train,913,2018-02-22 10:35:00+00:00,0.0016776156844571233,0.448768675327301,0.6178653240203857,5.003695011138916,0,0,0
train,914,2018-02-22 10:36:00+00:00,0.0018083041068166494,0.45753735303878784,0.6169183850288391,4.974503993988037,0,0,0
train,915,2018-02-22 10:37:00+00:00,0.0016804481856524944,0.44723784923553467,0.6179783940315247,4.974654197692871,0,0,0
train,916,2018-02-22 10:38:00+00:00,0.001567621249705553,0.43628695607185364,0.6248549818992615,5.268451690673828,0,0,0
train,917,2018-02-22 10:39:00+00:00,0.0012494759866967797,0.41774097084999084,0.6051250696182251,4.8914384841918945,0,0,0
train,918,2018-02-22 10:40:00+00:00,0.001098643522709608,0.4020203948020935,0.622695803642273,5.322746753692627,0,0,0
train,919,2018-02-22 10:41:00+00:00,0.0009231518488377333,0.39751356840133667,0.6621529459953308,6.194481372833252,0,0,0
train,920,2018-02-22 10:42:00+00:00,0.000901313906069845,0.40841636061668396,0.6253308057785034,5.536169052124023,0,0,0
train,921,2018-02-22 10:43:00+00:00,0.0010252473875880241,0.4081767201423645,0.6552863121032715,6.2361602783203125,0,0,0
train,922,2018-02-22 10:44:00+00:00,0.0009647303377278149,0.422142893075943,0.632433295249939,5.541214942932129,0,0,0
train,923,2018-02-22 10:45:00+00:00,0.0021136333234608173,0.45621731877326965,0.597281813621521,4.639124870300293,0,0,0
train,924,2018-02-22 10:46:00+00:00,0.0022805335465818644,0.47307345271110535,0.6161396503448486,4.79853630065918,0,0,0
train,925,2018-02-22 10:47:00+00:00,0.0020566980820149183,0.4534550905227661,0.6358723640441895,5.319762229919434,0,0,0
train,926,2018-02-22 10:48:00+00:00,0.0019237276865169406,0.4703552722930908,0.6528190970420837,5.579666614532471,0,0,0
train,927,2018-02-22 10:49:00+00:00,0.0020043007098138332,0.47013574838638306,0.6307917833328247,5.135787010192871,0,0,0
train,928,2018-02-22 10:50:00+00:00,0.0012699660146608949,0.42322760820388794,0.6357516646385193,5.669404029846191,0,0,0
train,929,2018-02-22 10:51:00+00:00,0.0018280893564224243,0.484043687582016,0.6658927202224731,5.946338176727295,0,0,0
train,930,2018-02-22 10:52:00+00:00,0.002194393891841173,0.4307743310928345,0.6081061363220215,4.8295512199401855,0,0,0
train,931,2018-02-22 10:53:00+00:00,0.002615149598568678,0.4706382751464844,0.6639057993888855,5.959866523742676,0,0,0
train,932,2018-02-22 10:54:00+00:00,0.0012041182490065694,0.41839683055877686,0.6163445711135864,5.292490005493164,0,0,0
train,933,2018-02-22 10:55:00+00:00,0.0013752762461081147,0.4330539107322693,0.6400635242462158,5.5376691818237305,0,0,0
train,934,2018-02-22 10:56:00+00:00,0.0010480881901457906,0.4148626923561096,0.6190440058708191,5.369079113006592,0,0,0
train,935,2018-02-22 10:57:00+00:00,0.0012555115390568972,0.4354872405529022,0.650416910648346,5.9529337882995605,0,0,0
train,936,2018-02-22 10:58:00+00:00,0.002758780959993601,0.4613056182861328,0.7309712171554565,6.783197402954102,0,0,0
train,937,2018-02-22 10:59:00+00:00,0.0012795155635103583,0.4259386658668518,0.6869439482688904,6.356398582458496,0,0,0
train,938,2018-02-22 11:00:00+00:00,0.0011448703007772565,0.4082832336425781,0.6685154438018799,6.369083404541016,0,0,0
train,939,2018-02-22 11:01:00+00:00,0.004701999481767416,0.5074025988578796,0.8524933457374573,7.8085832595825195,0,0,0
train,940,2018-02-22 11:02:00+00:00,0.0015200634952634573,0.4452219009399414,0.6837027668952942,5.8843913078308105,0,0,0
train,941,2018-02-22 11:03:00+00:00,0.002544145565479994,0.4857812523841858,0.7112436294555664,6.062038898468018,0,0,0
train,942,2018-02-22 11:04:00+00:00,0.0016989998985081911,0.43121135234832764,0.6878127455711365,6.205246925354004,0,0,0
train,943,2018-02-22 11:05:00+00:00,0.0017377446638420224,0.4441290497779846,0.6341091394424438,5.111681938171387,0,0,0
train,944,2018-02-22 11:06:00+00:00,0.0014775082236155868,0.4396049380302429,0.6292809844017029,5.035464763641357,0,0,0
train,945,2018-02-22 11:07:00+00:00,0.0018366390140727162,0.4363666772842407,0.6197012662887573,4.788491249084473,0,0,0
train,946,2018-02-22 11:08:00+00:00,0.0009845175081864,0.40949195623397827,0.6420212984085083,5.533472061157227,0,0,0
train,947,2018-02-22 11:09:00+00:00,0.0014256899012252688,0.41034966707229614,0.6422811150550842,5.676028251647949,0,0,0
train,948,2018-02-22 11:10:00+00:00,0.0009834186639636755,0.41116923093795776,0.6154504418373108,5.175222396850586,0,0,0
train,949,2018-02-22 11:11:00+00:00,0.001399146975018084,0.4318158030509949,0.6080015897750854,4.807797908782959,0,0,0
train,950,2018-02-22 11:12:00+00:00,0.0012363506248220801,0.4324820935726166,0.6155619025230408,4.77853536605835,0,0,0
train,951,2018-02-22 11:13:00+00:00,0.0018258332274854183,0.4519607424736023,0.656307578086853,5.722010612487793,0,0,0
train,952,2018-02-22 11:14:00+00:00,0.001951684826053679,0.45750999450683594,0.5880391597747803,4.314582824707031,0,0,0
train,953,2018-02-22 11:15:00+00:00,0.0021558543667197227,0.4618934392929077,0.6077693700790405,4.622091293334961,0,0,0
train,954,2018-02-22 11:16:00+00:00,0.0021536110434681177,0.4565282166004181,0.5980211496353149,4.465799808502197,0,0,0
train,955,2018-02-22 11:17:00+00:00,0.0014056082582101226,0.41698306798934937,0.6290598511695862,5.348707675933838,0,0,0
train,956,2018-02-22 11:18:00+00:00,0.0013478484470397234,0.426780104637146,0.5941346883773804,4.630359172821045,0,0,0
train,957,2018-02-22 11:19:00+00:00,0.0012006907491013408,0.4205138087272644,0.6248217821121216,5.307459831237793,0,0,0
train,958,2018-02-22 11:20:00+00:00,0.001420710003003478,0.43115919828414917,0.6448729634284973,5.778692722320557,0,0,0
train,959,2018-02-22 11:21:00+00:00,0.00141254928894341,0.4328261911869049,0.6572357416152954,5.915258407592773,0,0,0
train,960,2018-02-22 11:22:00+00:00,0.0009850205387920141,0.4004133343696594,0.631877601146698,5.529672622680664,0,0,0
train,961,2018-02-22 11:23:00+00:00,0.001269324915483594,0.4272013306617737,0.6029220819473267,4.813138008117676,0,0,0
train,962,2018-02-22 11:24:00+00:00,0.0014023211551830173,0.44200289249420166,0.6284540295600891,5.233480930328369,0,0,0
train,963,2018-02-22 11:25:00+00:00,0.001142018474638462,0.43293941020965576,0.6301279664039612,5.368454933166504,0,0,0
train,964,2018-02-22 11:26:00+00:00,0.00140110042411834,0.4325210154056549,0.6445557475090027,5.579070091247559,0,0,0
train,965,2018-02-22 11:27:00+00:00,0.0015781696420162916,0.4514145851135254,0.6735315918922424,6.066767692565918,0,0,0
train,966,2018-02-22 11:28:00+00:00,0.0012572997948154807,0.44087305665016174,0.6255786418914795,5.166964530944824,0,0,0
train,967,2018-02-22 11:29:00+00:00,0.001333975000306964,0.446469247341156,0.6348894834518433,5.458010673522949,0,0,0
train,968,2018-02-22 11:30:00+00:00,0.0011384726967662573,0.41742396354675293,0.6171422004699707,5.232129096984863,0,0,0
train,969,2018-02-22 11:31:00+00:00,0.0011787294642999768,0.4285481572151184,0.6241251230239868,5.275233268737793,0,0,0
train,970,2018-02-22 11:32:00+00:00,0.001152021693997085,0.4189133644104004,0.6298458576202393,5.3904900550842285,0,0,0
train,971,2018-02-22 11:33:00+00:00,0.0012049590004608035,0.4094642400741577,0.6309096813201904,5.4248833656311035,0,0,0
train,972,2018-02-22 11:34:00+00:00,0.001096832798793912,0.41651058197021484,0.6392198204994202,5.577824115753174,0,0,0
train,973,2018-02-22 11:35:00+00:00,0.0009725544368848205,0.4060813784599304,0.6463627815246582,5.596381664276123,0,0,0
train,974,2018-02-22 11:36:00+00:00,0.0010502849472686648,0.4054848551750183,0.6247652769088745,5.376958847045898,0,0,0
train,975,2018-02-22 11:37:00+00:00,0.0009949165396392345,0.4294777512550354,0.6063878536224365,4.822566032409668,0,0,0
train,976,2018-02-22 11:38:00+00:00,0.0013240489643067122,0.43191295862197876,0.6071557402610779,4.872643947601318,0,0,0
train,977,2018-02-22 11:39:00+00:00,0.001040388597175479,0.42414695024490356,0.6041429042816162,4.870131492614746,0,0,0
train,978,2018-02-22 11:40:00+00:00,0.0008656531572341919,0.4057183861732483,0.6152006387710571,5.146980285644531,0,0,0
train,979,2018-02-22 11:41:00+00:00,0.000830247940029949,0.4173884987831116,0.6267589926719666,5.461096286773682,0,0,0
train,980,2018-02-22 11:42:00+00:00,0.001494907308369875,0.49648988246917725,0.6625214219093323,5.687167167663574,0,0,0
train,981,2018-02-22 11:43:00+00:00,0.0022170047741383314,0.47969305515289307,0.6130515933036804,4.819150924682617,0,0,0
train,982,2018-02-22 11:44:00+00:00,0.002208155347034335,0.5022143721580505,0.6289729475975037,4.803973197937012,0,0,0
train,983,2018-02-22 11:45:00+00:00,0.002682686550542712,0.5205144882202148,0.6515761613845825,4.950776100158691,0,0,0
train,984,2018-02-22 11:46:00+00:00,0.0016592612955719233,0.4594215750694275,0.5963131189346313,4.3544921875,0,0,0
train,985,2018-02-22 11:47:00+00:00,0.0016113795572891831,0.47070804238319397,0.6870756149291992,6.183130264282227,0,0,0
train,986,2018-02-22 11:48:00+00:00,0.0011781748617067933,0.43034669756889343,0.6298158168792725,5.298924446105957,0,0,0
train,987,2018-02-22 11:49:00+00:00,0.0008817940833978355,0.40713435411453247,0.6279869675636292,5.40118932723999,0,0,0
train,988,2018-02-22 11:50:00+00:00,0.0011192763922736049,0.4291306138038635,0.6041375994682312,4.78303861618042,0,0,0
train,989,2018-02-22 11:51:00+00:00,0.001049252925440669,0.41167300939559937,0.6091355085372925,5.140206336975098,0,0,0
train,990,2018-02-22 11:52:00+00:00,0.0008889989694580436,0.4050756096839905,0.5990209579467773,4.995189666748047,0,0,0
train,991,2018-02-22 11:53:00+00:00,0.001030237297527492,0.4131323993206024,0.6184753775596619,5.13688325881958,0,0,0
train,992,2018-02-22 11:54:00+00:00,0.0011127095203846693,0.41414642333984375,0.5994283556938171,4.972328186035156,0,0,0
train,993,2018-02-22 11:55:00+00:00,0.0009278186480514705,0.4078126549720764,0.6158833503723145,5.17571496963501,0,0,0
train,994,2018-02-22 11:56:00+00:00,0.0008274373831227422,0.413272500038147,0.5990341305732727,4.870322227478027,0,0,0
train,995,2018-02-22 11:57:00+00:00,0.001058546593412757,0.4065651297569275,0.5838972330093384,4.484311580657959,0,0,0
train,996,2018-02-22 11:58:00+00:00,0.0008066581794992089,0.41004908084869385,0.5968651175498962,4.753909587860107,0,0,0
train,997,2018-02-22 11:59:00+00:00,0.0009307016734965146,0.41556113958358765,0.5929583311080933,4.466158390045166,0,0,0
train,998,2018-02-22 12:00:00+00:00,0.0010410943068563938,0.4170433282852173,0.5902708172798157,4.471693992614746,0,0,0
train,999,2018-02-22 12:01:00+00:00,0.0008862850372679532,0.4164475202560425,0.5941266417503357,4.557798862457275,0,0,0
train,1000,2018-02-22 12:02:00+00:00,0.0008010686142370105,0.40497028827667236,0.6114766597747803,4.984881401062012,0,0,0
train,1001,2018-02-22 12:03:00+00:00,0.000929300847928971,0.40555208921432495,0.5893316268920898,4.633915901184082,0,0,0
train,1002,2018-02-22 12:04:00+00:00,0.0008853620965965092,0.42524564266204834,0.5918033123016357,4.478759765625,0,0,0
train,1003,2018-02-22 12:05:00+00:00,0.0012478233547881246,0.42382460832595825,0.5717329978942871,4.044769763946533,0,0,0
train,1004,2018-02-22 12:06:00+00:00,0.0008767692488618195,0.41171300411224365,0.5921462774276733,4.602785110473633,0,0,0
train,1005,2018-02-22 12:07:00+00:00,0.0009596842573955655,0.4146631062030792,0.5898175835609436,4.542145252227783,0,0,0
train,1006,2018-02-22 12:08:00+00:00,0.0010059253545477986,0.41089940071105957,0.5828002691268921,4.328183174133301,0,0,0
train,1007,2018-02-22 12:09:00+00:00,0.0010242926655337214,0.4336263835430145,0.6015680432319641,4.6029133796691895,0,0,0
train,1008,2018-02-22 12:10:00+00:00,0.001836435403674841,0.4980536699295044,0.8287926912307739,7.929255485534668,0,0,0
train,1009,2018-02-22 12:11:00+00:00,0.001803992665372789,0.4697082042694092,0.6314226984977722,5.291693210601807,0,0,0
train,1010,2018-02-22 12:12:00+00:00,0.0014137746766209602,0.43554842472076416,0.5956125855445862,4.515098571777344,0,0,0
train,1011,2018-02-22 12:13:00+00:00,0.0019258132670074701,0.45698559284210205,0.5939202308654785,4.22913122177124,0,0,0
train,1012,2018-02-22 12:14:00+00:00,0.002223104238510132,0.47141242027282715,0.6221991181373596,4.74701452255249,0,0,0
train,1013,2018-02-22 12:15:00+00:00,0.001970097655430436,0.4649646282196045,0.5932579636573792,4.102242469787598,0,0,0
train,1014,2018-02-22 12:16:00+00:00,0.001878927694633603,0.4493730366230011,0.5913820266723633,4.267322063446045,0,0,0
train,1015,2018-02-22 12:17:00+00:00,0.0016828762600198388,0.4443204998970032,0.6085259318351746,4.638481616973877,0,0,0
train,1016,2018-02-22 12:18:00+00:00,0.0019569932483136654,0.44700390100479126,0.5995468497276306,4.407820224761963,0,0,0
train,1017,2018-02-22 12:19:00+00:00,0.0014802988152951002,0.43928390741348267,0.5983770489692688,4.484860420227051,0,0,0
train,1018,2018-02-22 12:20:00+00:00,0.0009821727871894836,0.4271084666252136,0.6026021242141724,4.688751220703125,0,0,0
train,1019,2018-02-22 12:21:00+00:00,0.001123855821788311,0.4207572937011719,0.6219685077667236,5.194094181060791,0,0,0
train,1020,2018-02-22 12:22:00+00:00,0.0011148271150887012,0.4258805513381958,0.63172447681427,5.220550060272217,0,0,0
train,1021,2018-02-22 12:23:00+00:00,0.0014919586246833205,0.4416668713092804,0.64936363697052,5.55507230758667,0,0,0
train,1022,2018-02-22 12:24:00+00:00,0.0013055118033662438,0.4292027950286865,0.6384179592132568,5.45414400100708,0,0,0
train,1023,2018-02-22 12:25:00+00:00,0.0012371089542284608,0.4113990068435669,0.6700395941734314,6.11844539642334,0,0,0
train,1024,2018-02-22 12:26:00+00:00,0.0015058855060487986,0.41999995708465576,0.6602178812026978,5.7755537033081055,0,0,0
train,1025,2018-02-22 12:27:00+00:00,0.001553281326778233,0.41814321279525757,0.6833609342575073,6.334461212158203,0,0,0
train,1026,2018-02-22 12:28:00+00:00,0.0011636324925348163,0.4244336783885956,0.6190901398658752,5.0797929763793945,0,0,0
train,1027,2018-02-22 12:29:00+00:00,0.0013738026609644294,0.4180339574813843,0.6579757928848267,5.944030284881592,0,0,0
train,1028,2018-02-22 12:30:00+00:00,0.0010944146197289228,0.4174160361289978,0.6161781549453735,5.158475875854492,0,0,0
train,1029,2018-02-22 12:31:00+00:00,0.0016334864776581526,0.4281562566757202,0.6075591444969177,4.781378269195557,0,0,0
train,1030,2018-02-22 12:32:00+00:00,0.0011740177869796753,0.3988017439842224,0.6149415969848633,5.145532608032227,0,0,0
train,1031,2018-02-22 12:33:00+00:00,0.0012947500217705965,0.4169456660747528,0.6195284724235535,5.031060695648193,0,0,0
train,1032,2018-02-22 12:34:00+00:00,0.0010446516098454595,0.400144100189209,0.6249102354049683,5.351954936981201,0,0,0
train,1033,2018-02-22 12:35:00+00:00,0.0012809762265533209,0.4246641993522644,0.6086404919624329,4.780411720275879,0,0,0
train,1034,2018-02-22 12:36:00+00:00,0.00098792789503932,0.38664865493774414,0.6424606442451477,5.814924240112305,0,0,0
train,1035,2018-02-22 12:37:00+00:00,0.0012327226577326655,0.42746615409851074,0.7934569716453552,8.341811180114746,0,0,0
train,1036,2018-02-22 12:38:00+00:00,0.0019305790774524212,0.4897833466529846,0.9834203720092773,10.866033554077148,0,0,0
train,1037,2018-02-22 12:39:00+00:00,0.0023425600957125425,0.45760300755500793,0.7274320721626282,7.024516582489014,0,0,0
train,1038,2018-02-22 12:40:00+00:00,0.003076225519180298,0.4846264719963074,0.6524016261100769,5.471987247467041,0,0,0
train,1039,2018-02-22 12:41:00+00:00,0.0036784738767892122,0.5774804353713989,1.2361512184143066,13.005569458007812,0,0,0
train,1040,2018-02-22 12:42:00+00:00,0.003804876236245036,0.5502094030380249,1.0986833572387695,11.680261611938477,0,0,0
train,1041,2018-02-22 12:43:00+00:00,0.004991455469280481,0.5418802499771118,1.023930311203003,10.891915321350098,0,0,0
train,1042,2018-02-22 12:44:00+00:00,0.0037712473422288895,0.5187398195266724,0.7866475582122803,7.720190048217773,0,0,0
train,1043,2018-02-22 12:45:00+00:00,0.0028755716048181057,0.4716598689556122,0.6563234925270081,5.87721061706543,0,0,0
train,1044,2018-02-22 12:46:00+00:00,0.0030611720867455006,0.44236117601394653,0.5931974053382874,4.762519836425781,0,0,0
train,1045,2018-02-22 12:47:00+00:00,0.0018985882634297013,0.44042617082595825,0.7419357895851135,7.419836044311523,0,0,0
train,1046,2018-02-22 12:48:00+00:00,0.0023671919479966164,0.44995689392089844,0.7367134094238281,7.440217018127441,0,0,0
train,1047,2018-02-22 12:49:00+00:00,0.0019010790856555104,0.44777676463127136,0.8586292266845703,9.482519149780273,0,0,0
train,1048,2018-02-22 12:50:00+00:00,0.003270550165325403,0.5047736763954163,0.9846023321151733,10.930280685424805,0,0,0
train,1049,2018-02-22 12:51:00+00:00,0.004069413058459759,0.526086688041687,0.9061446785926819,9.442703247070312,0,0,0
train,1050,2018-02-22 12:52:00+00:00,0.008305896073579788,0.5567247271537781,0.9577676057815552,9.395211219787598,0,0,0
train,1051,2018-02-22 12:53:00+00:00,0.004936565645039082,0.5056688189506531,0.8223989009857178,8.453842163085938,0,0,0
train,1052,2018-02-22 12:54:00+00:00,0.007869125343859196,0.5599024295806885,1.1338804960250854,11.89861011505127,0,0,0
train,1053,2018-02-22 12:55:00+00:00,0.005273186136037111,0.529052734375,0.8992382287979126,9.149843215942383,0,0,0
train,1054,2018-02-22 12:56:00+00:00,0.00227977242320776,0.4613879323005676,0.6375349164009094,5.582788944244385,0,0,0
train,1055,2018-02-22 12:57:00+00:00,0.0015612379647791386,0.443797767162323,0.6313695907592773,5.477463722229004,0,0,0
train,1056,2018-02-22 12:58:00+00:00,0.001572142238728702,0.4279722571372986,0.6231540441513062,5.184730529785156,0,0,0
train,1057,2018-02-22 12:59:00+00:00,0.0011027547297999263,0.4118311107158661,0.6293983459472656,5.3987884521484375,0,0,0
train,1058,2018-02-28 01:00:00+00:00,0.0012392380740493536,0.4317370057106018,0.6523357033729553,5.759039402008057,0,0,0
train,1059,2018-02-28 01:30:00+00:00,0.011037927120923996,0.46805620193481445,1.6635627746582031,19.517566680908203,0,0,0
train,1060,2018-02-28 01:31:00+00:00,0.008065281435847282,0.49559736251831055,1.4867454767227173,17.548606872558594,0,0,0
train,1061,2018-02-28 01:32:00+00:00,0.00838154274970293,0.48138999938964844,1.6858655214309692,19.89080810546875,0,0,0
train,1062,2018-02-28 01:33:00+00:00,0.007508005015552044,0.46321094036102295,1.888875126838684,22.89453125,0,0,0
train,1063,2018-02-28 01:34:00+00:00,0.006400412879884243,0.4952179491519928,1.6360290050506592,19.77914047241211,0,0,0
train,1064,2018-02-28 01:35:00+00:00,0.011873937211930752,0.46909940242767334,1.9049516916275024,22.731502532958984,0,0,0
train,1065,2018-02-28 01:36:00+00:00,0.012089807540178299,0.47567883133888245,1.974421501159668,23.670873641967773,0,0,0
train,1066,2018-02-28 01:37:00+00:00,0.011067657731473446,0.4677402973175049,1.9542001485824585,23.796737670898438,0,0,0
train,1067,2018-02-28 01:38:00+00:00,0.010658778250217438,0.47444361448287964,1.582324504852295,18.848745346069336,0,0,0
train,1068,2018-02-28 01:39:00+00:00,0.012061664834618568,0.46762293577194214,1.6538933515548706,19.60205841064453,0,0,0
train,1069,2018-02-28 01:40:00+00:00,0.011703725904226303,0.47806620597839355,1.7265369892120361,20.462804794311523,0,0,0
train,1070,2018-02-28 01:41:00+00:00,0.008528579957783222,0.5527617335319519,1.2678807973861694,14.331127166748047,0,0,0
train,1071,2018-02-28 01:42:00+00:00,0.01114533469080925,0.4758138656616211,1.0754857063293457,11.188053131103516,0,0,0
train,1072,2018-02-28 01:43:00+00:00,0.010701092891395092,0.5934205055236816,1.2559013366699219,13.806926727294922,0,0,0
train,1073,2018-02-28 01:44:00+00:00,0.00834736879914999,0.48860597610473633,1.211413025856018,12.92880630493164,0,0,0
train,1074,2018-02-28 01:45:00+00:00,0.010654862970113754,0.5366007089614868,1.7690688371658325,19.954587936401367,0,0,0
train,1075,2018-02-28 01:46:00+00:00,0.015893634408712387,0.5781574249267578,1.6360005140304565,17.992847442626953,0,0,0
train,1076,2018-02-28 01:47:00+00:00,0.014936190098524094,0.5747542381286621,1.8575611114501953,20.862085342407227,0,0,0
train,1077,2018-02-28 01:48:00+00:00,0.009987852536141872,0.5652099847793579,1.8076719045639038,20.585308074951172,0,0,0
train,1078,2018-02-28 01:49:00+00:00,0.007596208713948727,0.5144292116165161,1.1522233486175537,11.983993530273438,0,0,0
train,1079,2018-02-28 01:50:00+00:00,0.01911509409546852,0.5864888429641724,1.494417667388916,16.27037239074707,0,0,0
train,1080,2018-02-28 01:51:00+00:00,0.014644216746091843,0.5761167407035828,1.7921239137649536,19.83181381225586,0,0,0
train,1081,2018-02-28 01:52:00+00:00,0.015695305541157722,0.5873525738716125,1.3892208337783813,15.433951377868652,0,0,0
train,1082,2018-02-28 01:53:00+00:00,0.017902404069900513,0.5702043771743774,1.5989795923233032,17.500112533569336,0,0,0
train,1083,2018-02-28 01:54:00+00:00,0.009905245155096054,0.5584105253219604,1.7129205465316772,19.540321350097656,0,0,0
train,1084,2018-02-28 01:55:00+00:00,0.010429020039737225,0.55435711145401,1.794946551322937,20.477109909057617,0,0,0
train,1085,2018-02-28 01:56:00+00:00,0.016794340685009956,0.5649548172950745,1.982184648513794,22.08539390563965,0,0,0
train,1086,2018-02-28 01:57:00+00:00,0.010135473683476448,0.5735673904418945,1.8953369855880737,21.40498161315918,0,0,0
train,1087,2018-02-28 01:58:00+00:00,0.011160335503518581,0.5901557803153992,1.4357093572616577,16.005340576171875,0,0,0
train,1088,2018-02-28 01:59:00+00:00,0.01719350554049015,0.5256353616714478,2.2065963745117188,26.56104850769043,0,0,0
train,1089,2018-02-28 02:00:00+00:00,0.020988911390304565,0.6088392734527588,1.4337245225906372,15.686842918395996,0,0,0
train,1090,2018-02-28 02:01:00+00:00,0.015662329271435738,0.5080205202102661,1.9718973636627197,23.003812789916992,0,0,0
train,1091,2018-02-28 02:02:00+00:00,0.017988767474889755,0.49677056074142456,1.7952790260314941,20.8232364654541,0,0,0
train,1092,2018-02-28 02:03:00+00:00,0.01551393698900938,0.5128095149993896,1.8190271854400635,21.260921478271484,0,0,0
train,1093,2018-02-28 02:04:00+00:00,0.011575483717024326,0.5293875932693481,1.882569432258606,21.73801040649414,0,0,0
train,1094,2018-02-28 02:05:00+00:00,0.007674001157283783,0.5274989008903503,1.9046775102615356,22.57097816467285,0,0,0
train,1095,2018-02-28 02:06:00+00:00,0.013919414952397346,0.5480282306671143,1.9980450868606567,22.388248443603516,0,0,0
train,1096,2018-02-28 02:07:00+00:00,0.009515473619103432,0.5275932550430298,1.3123817443847656,14.40652847290039,0,0,0
train,1097,2018-02-28 02:08:00+00:00,0.010527066886425018,0.5521401762962341,1.6053874492645264,17.92717933654785,0,0,0
train,1098,2018-02-28 02:09:00+00:00,0.012744201347231865,0.5454434752464294,1.9218627214431763,22.510120391845703,0,0,0
train,1099,2018-02-28 02:10:00+00:00,0.011366380378603935,0.5564460754394531,1.5435571670532227,17.533451080322266,0,0,0
train,1100,2018-02-28 02:11:00+00:00,0.007677204441279173,0.513943612575531,1.2803772687911987,14.271641731262207,0,0,0
train,1101,2018-02-28 02:12:00+00:00,0.014612346887588501,0.5104753971099854,1.6805305480957031,19.582658767700195,0,0,0
train,1102,2018-02-28 02:13:00+00:00,0.014070485718548298,0.5248931050300598,1.6710313558578491,19.676061630249023,0,0,0
train,1103,2018-02-28 02:14:00+00:00,0.012651080265641212,0.5038940906524658,1.796083927154541,21.41486358642578,0,0,0
train,1104,2018-02-28 02:15:00+00:00,0.011921131983399391,0.5010244250297546,1.7534524202346802,20.989397048950195,0,0,0
train,1105,2018-02-28 02:16:00+00:00,0.009427971206605434,0.4714755415916443,1.800148844718933,21.991426467895508,0,0,0
train,1106,2018-02-28 02:17:00+00:00,0.012007961049675941,0.45951101183891296,2.0167698860168457,24.429948806762695,0,0,0
train,1107,2018-02-28 02:18:00+00:00,0.014105060137808323,0.5205508470535278,1.896730661392212,22.137889862060547,0,0,0
train,1108,2018-02-28 02:19:00+00:00,0.013676624745130539,0.5515036582946777,1.9759091138839722,22.920682907104492,0,0,0
train,1109,2018-02-28 02:20:00+00:00,0.014477222226560116,0.5372116565704346,1.9976692199707031,23.611013412475586,0,0,0
train,1110,2018-02-28 02:21:00+00:00,0.015788955613970757,0.4912182092666626,2.1649773120880127,26.192310333251953,0,0,0
train,1111,2018-02-28 02:22:00+00:00,0.014350342564284801,0.5426191091537476,2.019101142883301,23.181516647338867,0,0,0
train,1112,2018-02-28 02:23:00+00:00,0.012532343156635761,0.5653925538063049,1.9312553405761719,22.14308738708496,0,0,0
train,1113,2018-02-28 02:24:00+00:00,0.01070321537554264,0.5515154004096985,1.2473922967910767,12.98691177368164,0,0,0
train,1114,2018-02-28 02:25:00+00:00,0.009689215570688248,0.5757215023040771,1.6874595880508423,18.990398406982422,0,0,0
train,1115,2018-02-28 02:26:00+00:00,0.007715960498899221,0.5744039416313171,1.7800759077072144,20.452993392944336,0,0,0
train,1116,2018-02-28 02:27:00+00:00,0.011898968368768692,0.5810084342956543,1.9314550161361694,22.258407592773438,0,0,0
train,1117,2018-02-28 02:28:00+00:00,0.011928475461900234,0.5932202339172363,1.946476936340332,22.00670623779297,0,0,0
train,1118,2018-02-28 02:29:00+00:00,0.008437705226242542,0.5625405311584473,1.7125438451766968,19.320472717285156,0,0,0
train,1119,2018-02-28 02:30:00+00:00,0.00659613823518157,0.5414537191390991,1.5245288610458374,17.082616806030273,0,0,0
train,1120,2018-02-28 02:31:00+00:00,0.006988102570176125,0.5346490144729614,1.5005606412887573,17.172748565673828,0,0,0
train,1121,2018-02-28 02:32:00+00:00,0.007191081997007132,0.536579430103302,1.5486427545547485,17.719511032104492,0,0,0
train,1122,2018-02-28 02:33:00+00:00,0.011810431256890297,0.5515865087509155,1.5649374723434448,16.894533157348633,0,0,0
train,1123,2018-02-28 02:34:00+00:00,0.005866379477083683,0.5032366514205933,1.2524726390838623,13.689949989318848,0,0,0
train,1124,2018-02-28 02:35:00+00:00,0.009325635619461536,0.5416087508201599,1.5547881126403809,17.244903564453125,0,0,0
train,1125,2018-02-28 02:36:00+00:00,0.008087757974863052,0.5087332129478455,1.1994197368621826,12.938921928405762,0,0,0
train,1126,2018-02-28 02:37:00+00:00,0.012297460809350014,0.5607839822769165,1.6179298162460327,18.053373336791992,0,0,0
train,1127,2018-02-28 02:38:00+00:00,0.010210173204541206,0.5284034013748169,1.0694990158081055,10.589334487915039,0,0,0
train,1128,2018-02-28 02:39:00+00:00,0.016746601089835167,0.5525575876235962,1.751527190208435,19.11678123474121,0,0,0
train,1129,2018-02-28 02:40:00+00:00,0.012724953703582287,0.522201657295227,1.473218321800232,16.326507568359375,0,0,0
train,1130,2018-02-28 02:41:00+00:00,0.008474384434521198,0.5536887645721436,1.3700658082962036,15.59386157989502,0,0,0
train,1131,2018-02-28 02:42:00+00:00,0.010246268473565578,0.5366305112838745,1.6888811588287354,19.99997329711914,0,0,0
train,1132,2018-02-28 02:43:00+00:00,0.010648926720023155,0.4759829640388489,1.8934508562088013,22.93592071533203,0,0,0
train,1133,2018-02-28 02:44:00+00:00,0.01116193551570177,0.4758642613887787,1.8392351865768433,22.243515014648438,0,0,0
train,1134,2018-02-28 02:45:00+00:00,0.012940737418830395,0.47962525486946106,1.8463447093963623,22.182458877563477,0,0,0
train,1135,2018-02-28 02:46:00+00:00,0.011745316907763481,0.48785775899887085,1.9264225959777832,23.464862823486328,0,0,0
train,1136,2018-02-28 02:47:00+00:00,0.013555966317653656,0.46016204357147217,2.1782774925231934,27.036174774169922,0,0,0
train,1137,2018-02-28 02:48:00+00:00,0.010442008264362812,0.4434661269187927,2.003901720046997,24.787763595581055,0,0,0
train,1138,2018-02-28 02:49:00+00:00,0.010030110366642475,0.45916110277175903,1.8450034856796265,22.796245574951172,0,0,0
train,1139,2018-02-28 02:50:00+00:00,0.013853936456143856,0.45238393545150757,2.2098684310913086,27.662860870361328,0,0,0
train,1140,2018-02-28 02:51:00+00:00,0.012342726811766624,0.4403304159641266,2.2620859146118164,28.61183738708496,0,0,0
train,1141,2018-02-28 02:52:00+00:00,0.01280994527041912,0.45194709300994873,2.0182065963745117,24.775178909301758,0,0,0
train,1142,2018-02-28 02:53:00+00:00,0.01539833564311266,0.46131110191345215,2.0043320655822754,24.340200424194336,0,0,0
train,1143,2018-02-28 02:54:00+00:00,0.01738707907497883,0.4764065742492676,1.9639854431152344,23.556198120117188,0,0,0
train,1144,2018-02-28 02:55:00+00:00,0.014069003984332085,0.4448769986629486,2.204096794128418,27.536962509155273,0,0,0
train,1145,2018-02-28 02:56:00+00:00,0.014219064265489578,0.4559932053089142,2.175109624862671,26.991544723510742,0,0,0
train,1146,2018-02-28 02:57:00+00:00,0.014181597158312798,0.4491115212440491,2.0605812072753906,25.3085994720459,0,0,0
train,1147,2018-02-28 02:58:00+00:00,0.01197682786732912,0.49016815423965454,1.5865273475646973,18.775144577026367,0,0,0
train,1148,2018-02-28 02:59:00+00:00,0.01557706668972969,0.46459633111953735,2.066957712173462,24.864213943481445,0,0,0
train,1149,2018-02-28 03:00:00+00:00,0.01610071212053299,0.48436492681503296,2.0182838439941406,24.15060043334961,0,0,0
train,1150,2018-02-28 03:01:00+00:00,0.022094298154115677,0.48188817501068115,1.9205518960952759,22.725435256958008,0,0,0
train,1151,2018-02-28 03:02:00+00:00,0.011605167761445045,0.4501173496246338,2.13523268699646,26.406021118164062,0,0,0
train,1152,2018-02-28 03:03:00+00:00,0.01638919860124588,0.4599785804748535,2.0577635765075684,24.96977424621582,0,0,0
train,1153,2018-02-28 03:04:00+00:00,0.016616908833384514,0.4521156847476959,2.1829581260681152,27.182388305664062,0,0,0
train,1154,2018-02-28 03:05:00+00:00,0.017707837745547295,0.45923542976379395,2.2244651317596436,27.610193252563477,0,0,0
train,1155,2018-02-28 03:06:00+00:00,0.016464803367853165,0.47762805223464966,2.0975379943847656,25.773265838623047,0,0,0
train,1156,2018-02-28 03:07:00+00:00,0.012979896739125252,0.43765756487846375,1.9690346717834473,24.21031951904297,0,0,0
train,1157,2018-02-28 03:08:00+00:00,0.015433668158948421,0.4595707952976227,2.156174898147583,26.936656951904297,0,0,0
train,1158,2018-02-28 03:09:00+00:00,0.01395517960190773,0.4572776257991791,2.531039237976074,32.6683464050293,0,0,0
train,1159,2018-02-28 03:10:00+00:00,0.018802186474204063,0.6146266460418701,1.3201007843017578,14.311358451843262,0,0,0
train,1160,2018-02-28 03:11:00+00:00,0.024482928216457367,0.48581695556640625,2.0330421924591064,24.385412216186523,0,0,0
train,1161,2018-02-28 03:12:00+00:00,0.017658287659287453,0.4850841164588928,1.8290436267852783,21.61875343322754,0,0,0
train,1162,2018-02-28 03:13:00+00:00,0.018311941996216774,0.4927849769592285,1.8889553546905518,22.4475154876709,0,0,0
train,1163,2018-02-28 03:14:00+00:00,0.01581384800374508,0.47200602293014526,2.2794644832611084,28.339548110961914,0,0,0
train,1164,2018-02-28 03:15:00+00:00,0.013295757584273815,0.4537752866744995,2.01792573928833,24.652292251586914,0,0,0
train,1165,2018-02-28 03:16:00+00:00,0.014377612620592117,0.4506106376647949,2.1790385246276855,27.13123893737793,0,0,0
train,1166,2018-02-28 03:17:00+00:00,0.01909557916224003,0.45812681317329407,2.165426731109619,26.967369079589844,0,0,0
train,1167,2018-02-28 03:18:00+00:00,0.016591260209679604,0.47331127524375916,2.2015864849090576,27.363176345825195,0,0,0
train,1168,2018-02-28 03:19:00+00:00,0.016201123595237732,0.47002696990966797,1.8958022594451904,22.4731502532959,0,0,0
train,1169,2018-02-28 03:20:00+00:00,0.012404436245560646,0.4637141525745392,1.8388876914978027,21.98225212097168,0,0,0
train,1170,2018-02-28 03:21:00+00:00,0.010611600242555141,0.45436763763427734,1.5958409309387207,18.95637321472168,0,0,0
train,1171,2018-02-28 03:22:00+00:00,0.011726572178304195,0.4481339454650879,2.1196725368499756,26.003198623657227,0,0,0
train,1172,2018-02-28 03:23:00+00:00,0.010229786857962608,0.47151559591293335,2.0317015647888184,24.85978126525879,0,0,0
train,1173,2018-02-28 03:24:00+00:00,0.009885439649224281,0.46357330679893494,1.9932091236114502,24.49502944946289,0,0,0
train,1174,2018-02-28 03:25:00+00:00,0.011868764646351337,0.4581727385520935,2.112762928009033,25.95244026184082,0,0,0
train,1175,2018-02-28 03:26:00+00:00,0.011963503435254097,0.45270127058029175,2.0281155109405518,24.81638526916504,0,0,0
train,1176,2018-02-28 03:27:00+00:00,0.013075952418148518,0.4545344114303589,2.2023415565490723,27.475690841674805,0,0,0
train,1177,2018-02-28 03:28:00+00:00,0.012075051665306091,0.4790825843811035,1.896858811378479,22.922077178955078,0,0,0
train,1178,2018-02-28 03:29:00+00:00,0.012544791214168072,0.4556732475757599,1.8682434558868408,22.682096481323242,0,0,0
train,1179,2018-02-28 03:30:00+00:00,0.011397079564630985,0.4712071120738983,1.986128807067871,24.30907440185547,0,0,0
train,1180,2018-02-28 03:31:00+00:00,0.01221543364226818,0.45939356088638306,2.105475425720215,25.760234832763672,0,0,0
train,1181,2018-02-28 03:32:00+00:00,0.013051975518465042,0.45453768968582153,2.1067190170288086,25.984766006469727,0,0,0
train,1182,2018-02-28 03:33:00+00:00,0.015303576365113258,0.45006686449050903,2.3143093585968018,29.1420955657959,0,0,0
train,1183,2018-02-28 03:34:00+00:00,0.025396522134542465,0.47835689783096313,1.7768248319625854,20.735919952392578,0,0,0
train,1184,2018-02-28 03:35:00+00:00,0.01731058955192566,0.4790653884410858,1.9277883768081665,23.02449607849121,0,0,0
train,1185,2018-02-28 03:36:00+00:00,0.0161470714956522,0.457374632358551,2.265188694000244,28.19899559020996,0,0,0
train,1186,2018-02-28 03:37:00+00:00,0.01257236860692501,0.46007484197616577,2.2428715229034424,28.066986083984375,0,0,0
train,1187,2018-02-28 03:38:00+00:00,0.014491699635982513,0.4609975814819336,2.085261344909668,25.552804946899414,0,0,0
train,1188,2018-02-28 03:39:00+00:00,0.01261545717716217,0.47302940487861633,1.9581166505813599,23.784860610961914,0,0,0
train,1189,2018-02-28 03:40:00+00:00,0.016758812591433525,0.4511541426181793,2.101134777069092,25.546098709106445,0,0,0
train,1190,2018-02-28 03:41:00+00:00,0.007999669760465622,0.48615676164627075,1.5371941328048706,18.850536346435547,0,0,0
train,1191,2018-02-28 03:42:00+00:00,0.014686821028590202,0.4719226658344269,1.8889800310134888,22.745338439941406,0,0,0
train,1192,2018-02-28 03:43:00+00:00,0.008283601142466068,0.5141734480857849,1.5565485954284668,18.85756492614746,0,0,0
train,1193,2018-02-28 03:44:00+00:00,0.005939412396401167,0.4949544668197632,1.52780020236969,18.67435073852539,0,0,0
train,1194,2018-02-28 03:45:00+00:00,0.0040131742134690285,0.4773516058921814,1.3928874731063843,16.947477340698242,0,0,0
train,1195,2018-02-28 03:46:00+00:00,0.0035993142519146204,0.4604891836643219,1.201102375984192,14.33969497680664,0,0,0
train,1196,2018-02-28 03:47:00+00:00,0.00844722893089056,0.5033484101295471,1.6128681898117065,19.10416603088379,0,0,0
train,1197,2018-02-28 03:48:00+00:00,0.007488620933145285,0.5136499404907227,1.502637267112732,17.882890701293945,0,0,0
train,1198,2018-02-28 03:49:00+00:00,0.010887847281992435,0.5283377170562744,1.5283043384552002,17.83623695373535,0,0,0
train,1199,2018-02-28 03:50:00+00:00,0.008521626703441143,0.496829628944397,1.169407606124878,13.070528030395508,0,0,0
train,1200,2018-02-28 03:51:00+00:00,0.01591852679848671,0.5130566358566284,1.2867672443389893,14.111072540283203,0,0,0
train,1201,2018-02-28 03:52:00+00:00,0.01777968928217888,0.5164718627929688,1.5733646154403687,17.743331909179688,0,0,0
train,1202,2018-02-28 03:53:00+00:00,0.015175135806202888,0.5187889337539673,1.5977448225021362,18.18651008605957,0,0,0
train,1203,2018-02-28 03:54:00+00:00,0.01218586228787899,0.5142509937286377,1.5850086212158203,18.292186737060547,0,0,0
train,1204,2018-02-28 03:55:00+00:00,0.014165177941322327,0.504723072052002,1.69503653049469,19.663782119750977,0,0,0
train,1205,2018-02-28 03:56:00+00:00,0.0188165083527565,0.5921833515167236,1.3327583074569702,14.4518461227417,0,0,0
train,1206,2018-02-28 03:57:00+00:00,0.01651133969426155,0.4959394335746765,1.5470973253250122,17.48438262939453,0,0,0
train,1207,2018-02-28 03:58:00+00:00,0.008530172519385815,0.4575541317462921,1.4840409755706787,17.606603622436523,0,0,0
train,1208,2018-02-28 03:59:00+00:00,0.014291595667600632,0.4976259768009186,1.7355540990829468,20.17063331604004,0,0,0
train,1209,2018-02-28 04:00:00+00:00,0.012314120307564735,0.49129718542099,1.7454557418823242,20.705047607421875,0,0,0
train,1210,2018-02-28 04:01:00+00:00,0.012621775269508362,0.4863165318965912,1.6284812688827515,18.8863582611084,0,0,0
train,1211,2018-02-28 04:02:00+00:00,0.01419714093208313,0.5074120759963989,1.6102440357208252,18.64381980895996,0,0,0
train,1212,2018-02-28 04:03:00+00:00,0.010917296633124352,0.4636083245277405,1.8629674911499023,22.268537521362305,0,0,0
train,1213,2018-02-28 04:04:00+00:00,0.013872813433408737,0.47909262776374817,1.9739662408828735,23.581167221069336,0,0,0
train,1214,2018-02-28 04:05:00+00:00,0.009420376271009445,0.4675932824611664,1.6261709928512573,19.29964256286621,0,0,0
train,1215,2018-02-28 04:06:00+00:00,0.013760129921138287,0.47945404052734375,2.025846481323242,24.299734115600586,0,0,0
train,1216,2018-02-28 04:07:00+00:00,0.013022652827203274,0.4708997905254364,1.9691513776779175,23.79644203186035,0,0,0
train,1217,2018-02-28 04:08:00+00:00,0.011317131109535694,0.4605899453163147,1.7617436647415161,21.05817222595215,0,0,0
train,1218,2018-02-28 04:09:00+00:00,0.00997855793684721,0.46378543972969055,1.648677110671997,19.50525665283203,0,0,0
train,1219,2018-02-28 04:10:00+00:00,0.012289468199014664,0.4581044316291809,2.016860008239746,24.380884170532227,0,0,0
train,1220,2018-02-28 04:11:00+00:00,0.0077213929034769535,0.4694839119911194,1.8090438842773438,22.154647827148438,0,0,0
train,1221,2018-02-28 04:12:00+00:00,0.01220382284373045,0.4661925137042999,2.0097618103027344,24.405067443847656,0,0,0
train,1222,2018-02-28 04:13:00+00:00,0.011159926652908325,0.46258920431137085,1.94783353805542,23.86362075805664,0,0,0
train,1223,2018-02-28 04:14:00+00:00,0.011372695676982403,0.4645182490348816,1.667011022567749,19.87323570251465,0,0,0
train,1224,2018-02-28 04:15:00+00:00,0.014501882717013359,0.47353535890579224,1.7696861028671265,21.013492584228516,0,0,0
train,1225,2018-02-28 04:16:00+00:00,0.012499946169555187,0.4797593057155609,2.050112724304199,24.66460418701172,0,0,0
train,1226,2018-02-28 04:17:00+00:00,0.011020217090845108,0.474698930978775,1.8439024686813354,22.283639907836914,0,0,0
train,1227,2018-02-28 04:18:00+00:00,0.012032890692353249,0.4576513171195984,2.001020669937134,24.32683753967285,0,0,0
train,1228,2018-02-28 04:19:00+00:00,0.012670125812292099,0.4766286313533783,1.8371965885162354,22.18909454345703,0,0,0
train,1229,2018-02-28 04:20:00+00:00,0.013388209976255894,0.4561096429824829,1.9315131902694702,23.230669021606445,0,0,0
train,1230,2018-02-28 04:21:00+00:00,0.016838930547237396,0.47986289858818054,2.006627082824707,24.10631561279297,0,0,0
train,1231,2018-02-28 04:22:00+00:00,0.013745562173426151,0.4697299599647522,1.9558240175247192,23.563098907470703,0,0,0
train,1232,2018-02-28 04:23:00+00:00,0.009857415221631527,0.4947623610496521,1.7387464046478271,21.1401309967041,0,0,0
train,1233,2018-02-28 04:24:00+00:00,0.012035029008984566,0.4614627957344055,1.9893826246261597,24.227432250976562,0,0,0
train,1234,2018-02-28 04:25:00+00:00,0.013850543648004532,0.45508861541748047,2.1344776153564453,26.371091842651367,0,0,0
train,1235,2018-02-28 04:26:00+00:00,0.013853689655661583,0.46261030435562134,2.0632240772247314,25.18568229675293,0,0,0
train,1236,2018-02-28 04:27:00+00:00,0.013911386951804161,0.45404472947120667,2.159400701522827,26.70862579345703,0,0,0
train,1237,2018-02-28 04:28:00+00:00,0.01594202034175396,0.47297367453575134,1.9179837703704834,23.085372924804688,0,0,0
train,1238,2018-02-28 04:29:00+00:00,0.013761074282228947,0.48669755458831787,1.8428338766098022,22.213359832763672,0,0,0
train,1239,2018-02-28 04:30:00+00:00,0.010804490186274052,0.4713757634162903,1.97977876663208,24.402036666870117,0,0,0
train,1240,2018-02-28 04:31:00+00:00,0.0145853441208601,0.4563749134540558,2.079084634780884,25.305421829223633,0,0,0
train,1241,2018-02-28 04:32:00+00:00,0.011479374021291733,0.4950103163719177,1.7829952239990234,21.6182918548584,0,0,0
train,1242,2018-02-28 04:33:00+00:00,0.01274181716144085,0.4497317969799042,2.059880495071411,25.216350555419922,0,0,0
train,1243,2018-02-28 04:34:00+00:00,0.011131562292575836,0.4612636864185333,2.0973434448242188,25.853580474853516,0,0,0
train,1244,2018-02-28 04:35:00+00:00,0.008899952284991741,0.4814259111881256,1.7117377519607544,20.92859649658203,0,0,0
train,1245,2018-02-28 04:36:00+00:00,0.011922432109713554,0.4679803252220154,1.951421856880188,23.550025939941406,0,0,0
train,1246,2018-02-28 04:37:00+00:00,0.008508840575814247,0.4642840623855591,1.761938214302063,21.69611930847168,0,0,0
train,1247,2018-02-28 04:38:00+00:00,0.008465259335935116,0.46218883991241455,1.7591753005981445,21.401124954223633,0,0,0
train,1248,2018-02-28 04:39:00+00:00,0.011106021702289581,0.476950466632843,1.9557479619979858,23.594640731811523,0,0,0
train,1249,2018-02-28 04:40:00+00:00,0.009090462699532509,0.4599635601043701,2.023118019104004,24.9709529876709,0,0,0
train,1250,2018-02-28 04:41:00+00:00,0.008048797026276588,0.48184457421302795,1.7557027339935303,21.393014907836914,0,0,0
train,1251,2018-02-28 04:42:00+00:00,0.010228541679680347,0.46162083745002747,1.8841683864593506,22.82244873046875,0,0,0
train,1252,2018-02-28 04:43:00+00:00,0.010456717573106289,0.481149822473526,2.0165436267852783,24.803081512451172,0,0,0
train,1253,2018-02-28 04:44:00+00:00,0.014106924645602703,0.4518709182739258,2.0978965759277344,25.491561889648438,0,0,0
train,1254,2018-02-28 04:45:00+00:00,0.012711639516055584,0.45058673620224,2.0204625129699707,24.525354385375977,0,0,0
train,1255,2018-02-28 04:46:00+00:00,0.012173507362604141,0.46566641330718994,1.910710334777832,23.213064193725586,0,0,0
train,1256,2018-02-28 04:47:00+00:00,0.013476680032908916,0.4527058005332947,1.8347856998443604,21.824474334716797,0,0,0
train,1257,2018-02-28 04:48:00+00:00,0.01234437432140112,0.4650288224220276,1.8589556217193604,22.301773071289062,0,0,0
train,1258,2018-02-28 04:49:00+00:00,0.012101196683943272,0.4747518301010132,2.0293662548065186,24.664430618286133,0,0,0
train,1259,2018-02-28 04:50:00+00:00,0.00910260807722807,0.47294196486473083,1.7878183126449585,21.84644889831543,0,0,0
train,1260,2018-02-28 04:51:00+00:00,0.011023210361599922,0.4620721638202667,1.85708749294281,22.41971778869629,0,0,0
train,1261,2018-02-28 04:52:00+00:00,0.012604034505784512,0.4745241105556488,2.079338550567627,25.25730323791504,0,0,0
train,1262,2018-02-28 04:53:00+00:00,0.011614902876317501,0.47518637776374817,2.0318963527679443,24.75411605834961,0,0,0
train,1263,2018-02-28 04:54:00+00:00,0.009813251905143261,0.4601171612739563,1.659867763519287,19.961589813232422,0,0,0
train,1264,2018-02-28 04:55:00+00:00,0.009907626546919346,0.46133559942245483,1.8190220594406128,22.04152488708496,0,0,0
train,1265,2018-02-28 04:56:00+00:00,0.007414490450173616,0.4663638472557068,1.7338807582855225,21.108919143676758,0,0,0
train,1266,2018-02-28 04:57:00+00:00,0.007855626754462719,0.4672037959098816,1.5137265920639038,17.94430160522461,0,0,0
train,1267,2018-02-28 04:58:00+00:00,0.009126494638621807,0.4687996804714203,1.832219123840332,22.02062225341797,0,0,0
train,1268,2018-02-28 04:59:00+00:00,0.005278395023196936,0.4835149943828583,1.443768858909607,17.505929946899414,0,0,0
train,1269,2018-02-28 05:00:00+00:00,0.009973356500267982,0.49757108092308044,1.9095172882080078,23.244869232177734,0,0,0
train,1270,2018-02-28 05:01:00+00:00,0.011988469399511814,0.4871905446052551,2.0517141819000244,24.64415740966797,0,0,0
train,1271,2018-02-28 05:02:00+00:00,0.011446714401245117,0.4591471552848816,1.997133493423462,24.34054183959961,0,0,0
train,1272,2018-02-28 05:03:00+00:00,0.01153908297419548,0.4607470631599426,2.2070581912994385,27.42369270324707,0,0,0
train,1273,2018-02-28 05:04:00+00:00,0.014781969599425793,0.47389623522758484,2.1545822620391846,26.449901580810547,0,0,0
train,1274,2018-02-28 05:05:00+00:00,0.013709754683077335,0.44665417075157166,2.338824987411499,29.512826919555664,0,0,0
train,1275,2018-02-28 05:06:00+00:00,0.01546891313046217,0.45845866203308105,2.2034943103790283,27.317041397094727,0,0,0
train,1276,2018-02-28 05:07:00+00:00,0.01363907940685749,0.45230305194854736,2.1277828216552734,26.380613327026367,0,0,0
train,1277,2018-02-28 05:08:00+00:00,0.019147634506225586,0.46437162160873413,2.1119017601013184,25.8013858795166,0,0,0
train,1278,2018-02-28 05:09:00+00:00,0.01749401167035103,0.4675375819206238,2.0382120609283447,24.662137985229492,0,0,0
train,1279,2018-02-28 05:10:00+00:00,0.018121425062417984,0.4742569029331207,2.1960952281951904,26.70176124572754,0,0,0
train,1280,2018-02-28 05:11:00+00:00,0.01568780466914177,0.4540150761604309,2.089968681335449,25.508607864379883,0,0,0
train,1281,2018-02-28 05:12:00+00:00,0.020407231524586678,0.47344183921813965,2.0816490650177,25.04105567932129,0,0,0
train,1282,2018-02-28 05:13:00+00:00,0.021483678370714188,0.4894672632217407,1.9436471462249756,22.987802505493164,0,0,0
train,1283,2018-02-28 05:14:00+00:00,0.016654733568429947,0.48184627294540405,2.085376262664795,25.328685760498047,0,0,0
train,1284,2018-02-28 05:15:00+00:00,0.015463401563465595,0.48480454087257385,2.0640110969543457,24.825681686401367,0,0,0
train,1285,2018-02-28 05:16:00+00:00,0.013980653136968613,0.47513920068740845,2.1301519870758057,26.008256912231445,0,0,0
train,1286,2018-02-28 05:17:00+00:00,0.014614998362958431,0.45795854926109314,1.9820659160614014,24.041471481323242,0,0,0
train,1287,2018-02-28 05:18:00+00:00,0.016842596232891083,0.46006324887275696,2.2761356830596924,28.111896514892578,0,0,0
train,1288,2018-02-28 05:19:00+00:00,0.01511233951896429,0.4632108211517334,2.135796546936035,25.913230895996094,0,0,0
train,1289,2018-02-28 05:20:00+00:00,0.021277915686368942,0.46631234884262085,2.0803592205047607,25.129302978515625,0,0,0
train,1290,2018-02-28 05:21:00+00:00,0.019112978130578995,0.4938129782676697,2.137918710708618,25.574613571166992,0,0,0
train,1291,2018-02-28 05:22:00+00:00,0.019327731803059578,0.4718850255012512,2.107943534851074,25.42470359802246,0,0,0
train,1292,2018-02-28 05:23:00+00:00,0.02208668179810047,0.4867449402809143,1.9701271057128906,23.02089500427246,0,0,0
train,1293,2018-02-28 05:24:00+00:00,0.022754210978746414,0.4768579602241516,1.899339199066162,22.149065017700195,0,0,0
train,1294,2018-02-28 05:25:00+00:00,0.01604427956044674,0.4685681462287903,2.02777361869812,24.464906692504883,0,0,0
train,1295,2018-02-28 05:26:00+00:00,0.019513525068759918,0.4871485233306885,2.045389175415039,23.902280807495117,0,0,0
train,1296,2018-02-28 05:27:00+00:00,0.021537745371460915,0.5052558183670044,1.9275975227355957,21.917537689208984,0,0,0
train,1297,2018-02-28 05:28:00+00:00,0.023854956030845642,0.5408452749252319,1.9828296899795532,22.183195114135742,0,0,0
train,1298,2018-02-28 05:29:00+00:00,0.022742774337530136,0.5139895677566528,1.7908658981323242,19.621625900268555,0,0,0
train,1299,2018-02-28 05:30:00+00:00,0.03104395978152752,0.6060268878936768,2.147108554840088,23.69427490234375,0,0,0
train,1300,2018-02-28 05:31:00+00:00,0.06615728884935379,0.6592088937759399,1.4756083488464355,12.054072380065918,0,0,0
train,1301,2018-02-28 05:32:00+00:00,0.06787768006324768,0.6550123691558838,1.7168103456497192,16.220848083496094,0,0,0
train,1302,2018-02-28 05:33:00+00:00,0.06575465947389603,0.633228063583374,1.832321047782898,19.446243286132812,0,0,0
train,1303,2018-02-28 05:34:00+00:00,0.056464340537786484,0.7796769142150879,2.2516520023345947,23.515317916870117,0,0,0
train,1304,2018-02-28 05:35:00+00:00,0.10125631093978882,0.7933107614517212,2.060011148452759,20.64954948425293,0,0,0
train,1305,2018-02-28 05:36:00+00:00,0.04453737661242485,0.7183421850204468,2.159680128097534,23.191913604736328,0,0,0
train,1306,2018-02-28 05:37:00+00:00,0.03652053326368332,0.6246834993362427,1.6469011306762695,17.492908477783203,0,0,0
train,1307,2018-02-28 05:38:00+00:00,0.028706809505820274,0.6010713577270508,1.7515536546707153,19.362388610839844,0,0,0
train,1308,2018-02-28 05:39:00+00:00,0.036483339965343475,0.6021224856376648,2.085144281387329,23.90373420715332,0,0,0
train,1309,2018-02-28 05:40:00+00:00,0.035412613302469254,0.6433324813842773,1.9147741794586182,20.332355499267578,0,0,0
train,1310,2018-02-28 05:41:00+00:00,0.04101915657520294,0.6293166875839233,2.0529656410217285,22.72075843811035,0,0,0
train,1311,2018-02-28 05:42:00+00:00,0.05969715490937233,0.6458868980407715,1.7309004068374634,17.833681106567383,0,0,0
train,1312,2018-02-28 05:43:00+00:00,0.0805748999118805,0.7852877378463745,1.9419087171554565,19.440265655517578,0,0,0
train,1313,2018-02-28 05:44:00+00:00,0.037870004773139954,0.7271466255187988,1.8760700225830078,17.987104415893555,0,0,0
train,1314,2018-02-28 05:45:00+00:00,0.05046335235238075,0.6930290460586548,2.0656821727752686,22.143232345581055,0,0,0
train,1315,2018-02-28 05:46:00+00:00,0.1121799498796463,0.7931486368179321,1.9547327756881714,19.185876846313477,0,0,0
train,1316,2018-02-28 05:47:00+00:00,0.11234152317047119,0.7939738035202026,1.8076189756393433,16.87361717224121,0,0,0
train,1317,2018-02-28 05:48:00+00:00,0.04467089846730232,0.6995645761489868,1.9655166864395142,20.80759048461914,0,0,0
train,1318,2018-02-28 05:49:00+00:00,0.04303066059947014,0.7481757998466492,2.133424997329712,22.376346588134766,0,0,0
train,1319,2018-02-28 05:50:00+00:00,0.04290197789669037,0.7753151655197144,2.2017102241516113,22.39985466003418,0,0,0
train,1320,2018-02-28 08:21:00+00:00,0.0680767297744751,0.8302539587020874,1.8770442008972168,17.576305389404297,0,0,0
train,1321,2018-02-28 08:51:00+00:00,0.010588813573122025,0.4751487374305725,1.7443513870239258,20.545955657958984,0,0,0
train,1322,2018-02-28 08:52:00+00:00,0.019795099273324013,0.5197960734367371,2.043325662612915,23.98379135131836,0,0,0
train,1323,2018-02-28 08:53:00+00:00,0.01977132447063923,0.5064982175827026,1.7126396894454956,19.395002365112305,0,0,0
train,1324,2018-02-28 08:54:00+00:00,0.008866689167916775,0.474737286567688,1.4302197694778442,16.75619125366211,0,0,0
train,1325,2018-02-28 08:55:00+00:00,0.007841111160814762,0.4660351574420929,1.4359785318374634,16.753755569458008,0,0,0
train,1326,2018-02-28 08:56:00+00:00,0.005373427178710699,0.45812153816223145,1.189084529876709,13.686532974243164,0,0,0
train,1327,2018-02-28 08:57:00+00:00,0.009714385494589806,0.4628125727176666,1.8931742906570435,22.687759399414062,0,0,0
train,1328,2018-02-28 08:58:00+00:00,0.0069113788194954395,0.4548785984516144,1.7372703552246094,21.141145706176758,0,0,0
train,1329,2018-02-28 08:59:00+00:00,0.00642711715772748,0.45709866285324097,1.7633826732635498,21.825960159301758,0,0,0
train,1330,2018-02-28 09:00:00+00:00,0.0076246801763772964,0.4528452157974243,1.7788711786270142,21.71247673034668,0,0,0
train,1331,2018-02-28 09:01:00+00:00,0.007117617875337601,0.468243807554245,1.6560256481170654,20.239208221435547,0,0,0
train,1332,2018-02-28 09:02:00+00:00,0.012167414650321007,0.45054736733436584,1.95852792263031,23.728513717651367,0,0,0
train,1333,2018-02-28 09:03:00+00:00,0.012360087595880032,0.4598756730556488,2.0175986289978027,24.558670043945312,0,0,0
train,1334,2018-02-28 09:04:00+00:00,0.008959745056927204,0.4415077269077301,1.9142924547195435,23.56732749938965,0,0,0
train,1335,2018-02-28 09:05:00+00:00,0.010883979499340057,0.4617249369621277,2.021074056625366,24.6223201751709,0,0,0
train,1336,2018-02-28 09:06:00+00:00,0.011855344288051128,0.4444103240966797,2.031737804412842,24.743450164794922,0,0,0
train,1337,2018-02-28 09:07:00+00:00,0.01454105880111456,0.46695882081985474,1.889811396598816,22.54789161682129,0,0,0
train,1338,2018-02-28 09:08:00+00:00,0.009224487468600273,0.4655206799507141,1.5507534742355347,18.55103874206543,0,0,0
train,1339,2018-02-28 09:09:00+00:00,0.00905192643404007,0.448988139629364,1.7430158853530884,21.03072166442871,0,0,0
train,1340,2018-02-28 09:10:00+00:00,0.00928663183003664,0.45970237255096436,1.9236276149749756,23.734405517578125,0,0,0
train,1341,2018-02-28 09:11:00+00:00,0.0076123932376503944,0.4894578158855438,1.3610875606536865,16.041404724121094,0,0,0
train,1342,2018-02-28 09:12:00+00:00,0.009528182446956635,0.4712560176849365,1.5799463987350464,18.754844665527344,0,0,0
train,1343,2018-02-28 09:13:00+00:00,0.007757089100778103,0.5028285980224609,1.220615267753601,13.783485412597656,0,0,0
train,1344,2018-02-28 09:14:00+00:00,0.012042844668030739,0.5253819227218628,0.9450809955596924,9.16174030303955,0,0,0
train,1345,2018-02-28 09:15:00+00:00,0.023038994520902634,0.549078106880188,0.7828781604766846,6.275076866149902,0,0,0
train,1346,2018-02-28 09:16:00+00:00,0.024319056421518326,0.5475530624389648,0.6675534844398499,4.3801493644714355,0,0,0
train,1347,2018-02-28 09:17:00+00:00,0.024845093488693237,0.5273814797401428,0.7513131499290466,5.695022106170654,0,0,0
train,1348,2018-02-28 09:18:00+00:00,0.013852601870894432,0.49406689405441284,0.6724381446838379,5.060731410980225,0,0,0
train,1349,2018-02-28 09:19:00+00:00,0.02813519351184368,0.5333641767501831,0.669223964214325,4.386150360107422,0,0,0
train,1350,2018-02-28 09:20:00+00:00,0.028761930763721466,0.562156081199646,0.6429253816604614,3.8108296394348145,0,0,0
train,1351,2018-02-28 09:21:00+00:00,0.0664583295583725,0.5979363918304443,0.5959214568138123,2.415095329284668,0,0,0
train,1352,2018-02-28 09:22:00+00:00,0.040848322212696075,0.5469682812690735,0.7279999852180481,5.017688751220703,0,0,0
train,1353,2018-02-28 09:23:00+00:00,0.029282141476869583,0.5287458896636963,1.1211438179016113,10.775620460510254,0,0,0
train,1354,2018-02-28 09:24:00+00:00,0.01447097584605217,0.5148706436157227,1.6843459606170654,18.928022384643555,0,0,0
train,1355,2018-02-28 09:25:00+00:00,0.016315454617142677,0.4963553547859192,1.7251369953155518,19.734617233276367,0,0,0
train,1356,2018-02-28 09:26:00+00:00,0.013964775949716568,0.477180540561676,1.992380976676941,23.772775650024414,0,0,0
train,1357,2018-02-28 09:27:00+00:00,0.012706578709185123,0.4761648178100586,1.6866735219955444,19.861129760742188,0,0,0
train,1358,2018-02-28 09:28:00+00:00,0.009104921482503414,0.4889500141143799,1.2563306093215942,14.124496459960938,0,0,0
train,1359,2018-02-28 09:29:00+00:00,0.011373278684914112,0.4734240174293518,1.849665880203247,22.232797622680664,0,0,0
train,1360,2018-02-28 09:30:00+00:00,0.00926427636295557,0.45393285155296326,2.0935885906219482,25.688459396362305,0,0,0
train,1361,2018-02-28 09:31:00+00:00,0.009385653771460056,0.46973803639411926,1.770673155784607,21.233430862426758,0,0,0
train,1362,2018-02-28 09:32:00+00:00,0.01146004255861044,0.4766371250152588,1.9988375902175903,24.469247817993164,0,0,0
train,1363,2018-02-28 09:33:00+00:00,0.010887560434639454,0.4630669355392456,2.0309181213378906,24.892457962036133,0,0,0
train,1364,2018-02-28 09:34:00+00:00,0.008453276008367538,0.4475095868110657,2.073970317840576,25.609033584594727,0,0,0
train,1365,2018-02-28 09:35:00+00:00,0.007653395179659128,0.4564061760902405,1.75718355178833,21.572856903076172,0,0,0
train,1366,2018-02-28 09:36:00+00:00,0.010405023582279682,0.4448336064815521,1.7786312103271484,21.328205108642578,0,0,0
train,1367,2018-02-28 09:37:00+00:00,0.010118265636265278,0.45391491055488586,1.7908793687820435,21.539344787597656,0,0,0
train,1368,2018-02-28 09:38:00+00:00,0.009962250478565693,0.4569172263145447,2.163008689880371,26.417387008666992,0,0,0
train,1369,2018-02-28 09:39:00+00:00,0.008372979238629341,0.47453030943870544,1.5803568363189697,18.806779861450195,0,0,0
train,1370,2018-02-28 09:40:00+00:00,0.0059938691556453705,0.47466179728507996,1.3837193250656128,16.396034240722656,0,0,0
train,1371,2018-02-28 09:41:00+00:00,0.0056805722415447235,0.4811491370201111,1.4243916273117065,16.92864990234375,0,0,0
train,1372,2018-02-28 09:42:00+00:00,0.006311820819973946,0.48157262802124023,1.7572460174560547,21.43317985534668,0,0,0
train,1373,2018-02-28 09:43:00+00:00,0.0047399429604411125,0.4707392156124115,1.5793484449386597,19.231840133666992,0,0,0
train,1374,2018-02-28 09:44:00+00:00,0.006948769558221102,0.4756726622581482,1.8226057291030884,22.023426055908203,0,0,0
train,1375,2018-02-28 09:45:00+00:00,0.006046918220818043,0.47286713123321533,1.7217130661010742,20.94422149658203,0,0,0
train,1376,2018-02-28 09:46:00+00:00,0.006492214743047953,0.465523898601532,1.7499109506607056,21.066999435424805,0,0,0
train,1377,2018-02-28 09:47:00+00:00,0.006749716587364674,0.45738106966018677,1.7490348815917969,21.329734802246094,0,0,0
train,1378,2018-02-28 09:48:00+00:00,0.008028124459087849,0.4651123285293579,1.8356726169586182,22.34612464904785,0,0,0
train,1379,2018-02-28 09:49:00+00:00,0.008370877243578434,0.4560657739639282,1.6205469369888306,19.597919464111328,0,0,0
train,1380,2018-02-28 09:50:00+00:00,0.006140527315437794,0.4747892916202545,1.5107017755508423,18.24262809753418,0,0,0
train,1381,2018-02-28 09:51:00+00:00,0.0056424932554364204,0.48336756229400635,1.611762285232544,19.71718406677246,0,0,0
train,1382,2018-02-28 09:52:00+00:00,0.004705766681581736,0.48170435428619385,1.3480304479599,15.944504737854004,0,0,0
train,1383,2018-02-28 09:53:00+00:00,0.005400794092565775,0.48430848121643066,1.3906855583190918,16.45061492919922,0,0,0
train,1384,2018-02-28 09:54:00+00:00,0.0056560407392680645,0.471177875995636,1.5365564823150635,18.779802322387695,0,0,0
train,1385,2018-02-28 09:55:00+00:00,0.0074853007681667805,0.4686906337738037,1.714978575706482,20.918107986450195,0,0,0
train,1386,2018-02-28 09:56:00+00:00,0.009318635798990726,0.4704587459564209,1.960009217262268,23.96591567993164,0,0,0
train,1387,2018-02-28 09:57:00+00:00,0.011350743472576141,0.4605376124382019,1.8507477045059204,22.086872100830078,0,0,0
train,1388,2018-02-28 09:58:00+00:00,0.007451589684933424,0.4737343192100525,1.4296770095825195,16.870641708374023,0,0,0
train,1389,2018-02-28 09:59:00+00:00,0.005249389912933111,0.464554101228714,1.3992011547088623,16.709012985229492,0,0,0
train,1390,2018-02-28 10:00:00+00:00,0.008382401429116726,0.46306413412094116,1.6603660583496094,19.712358474731445,0,0,0
train,1391,2018-02-28 10:01:00+00:00,0.006446602288633585,0.4729747176170349,1.8197227716445923,21.96113395690918,0,0,0
train,1392,2018-02-28 10:02:00+00:00,0.005839542951434851,0.47269439697265625,1.549956202507019,18.664011001586914,0,0,0
train,1393,2018-02-28 10:03:00+00:00,0.007856673561036587,0.4752776026725769,1.521195888519287,17.94656753540039,0,0,0
train,1394,2018-02-28 10:04:00+00:00,0.0066707502119243145,0.48838895559310913,1.6886322498321533,20.39514923095703,0,0,0
train,1395,2018-02-28 10:05:00+00:00,0.008303896524012089,0.46785348653793335,1.9826909303665161,24.2075252532959,0,0,0
train,1396,2018-02-28 10:06:00+00:00,0.0123641612008214,0.482241690158844,1.571219801902771,17.6772403717041,0,0,0
train,1397,2018-02-28 10:07:00+00:00,0.0063882688991725445,0.4795410633087158,1.5481475591659546,18.64217185974121,0,0,0
train,1398,2018-02-28 10:08:00+00:00,0.009719802998006344,0.4657217562198639,1.404697060585022,15.604345321655273,0,0,0
train,1399,2018-02-28 10:09:00+00:00,0.007410182151943445,0.4858948290348053,1.5879510641098022,19.177234649658203,0,0,0
train,1400,2018-02-28 10:10:00+00:00,0.006801689974963665,0.46468281745910645,1.3813902139663696,15.853078842163086,0,0,0
train,1401,2018-02-28 10:11:00+00:00,0.010259120725095272,0.46819061040878296,1.881016492843628,22.7010498046875,0,0,0
train,1402,2018-02-28 10:12:00+00:00,0.00824025459587574,0.4722791910171509,1.587569236755371,18.611637115478516,0,0,0
train,1403,2018-02-28 10:13:00+00:00,0.00786297582089901,0.5069295167922974,1.7297513484954834,21.011869430541992,0,0,0
train,1404,2018-02-28 10:14:00+00:00,0.005973409861326218,0.4843437671661377,1.7209243774414062,20.87737464904785,0,0,0
train,1405,2018-02-28 10:15:00+00:00,0.007512972224503756,0.5010093450546265,1.7087360620498657,20.65011978149414,0,0,0
train,1406,2018-02-28 10:16:00+00:00,0.008700159378349781,0.49655163288116455,1.7897732257843018,21.494998931884766,0,0,0
train,1407,2018-02-28 10:17:00+00:00,0.019189022481441498,0.5169086456298828,1.6889585256576538,18.77166175842285,0,0,0
train,1408,2018-02-28 10:18:00+00:00,0.010889704339206219,0.49677056074142456,1.4877692461013794,17.134483337402344,0,0,0
train,1409,2018-02-28 10:19:00+00:00,0.018025511875748634,0.488071084022522,1.746376633644104,19.953369140625,0,0,0
train,1410,2018-02-28 10:20:00+00:00,0.010256309993565083,0.45814478397369385,1.6615805625915527,19.777708053588867,0,0,0
train,1411,2018-02-28 10:21:00+00:00,0.010988065972924232,0.45807433128356934,1.9391647577285767,23.476207733154297,0,0,0
train,1412,2018-02-28 10:22:00+00:00,0.012720839120447636,0.4662650227546692,1.9198681116104126,23.201065063476562,0,0,0
train,1413,2018-02-28 10:23:00+00:00,0.011084753088653088,0.45451855659484863,1.9706779718399048,24.13864517211914,0,0,0
train,1414,2018-02-28 10:24:00+00:00,0.012170611880719662,0.46049612760543823,2.1007485389709473,25.708131790161133,0,0,0
train,1415,2018-02-28 10:25:00+00:00,0.007657644804567099,0.5135989785194397,1.4559494256973267,17.20934295654297,0,0,0
train,1416,2018-02-28 10:26:00+00:00,0.00936210434883833,0.47016745805740356,2.0047483444213867,24.586214065551758,0,0,0
train,1417,2018-02-28 10:27:00+00:00,0.008312292397022247,0.4623771905899048,2.0750930309295654,25.739683151245117,0,0,0
train,1418,2018-02-28 10:28:00+00:00,0.007340742740780115,0.48472142219543457,1.7422590255737305,21.376493453979492,0,0,0
train,1419,2018-02-28 10:29:00+00:00,0.0076879165135324,0.4868781566619873,1.4678398370742798,17.37757110595703,0,0,0
train,1420,2018-02-28 10:30:00+00:00,0.00411618035286665,0.45588767528533936,1.0609010457992554,12.227346420288086,0,0,0
train,1421,2018-02-28 10:31:00+00:00,0.008175374008715153,0.4555399417877197,1.717246413230896,20.366010665893555,0,0,0
train,1422,2018-02-28 10:32:00+00:00,0.007645577657967806,0.4739508032798767,1.850791573524475,22.18789291381836,0,0,0
train,1423,2018-02-28 10:33:00+00:00,0.012332456186413765,0.4755733907222748,1.2376524209976196,12.791831970214844,0,0,0
train,1424,2018-02-28 10:34:00+00:00,0.004627972841262817,0.4502812623977661,0.7891120314598083,8.666440963745117,0,0,0
train,1425,2018-02-28 10:35:00+00:00,0.0031517059542238712,0.4512178301811218,1.0661168098449707,12.555907249450684,0,0,0
train,1426,2018-02-28 10:36:00+00:00,0.009214162826538086,0.4903886914253235,1.6721206903457642,19.831317901611328,0,0,0
train,1427,2018-02-28 10:37:00+00:00,0.008022365160286427,0.4760923981666565,1.738517165184021,20.872962951660156,0,0,0
train,1428,2018-02-28 10:38:00+00:00,0.010471254587173462,0.48391228914260864,1.872353434562683,22.50400733947754,0,0,0
train,1429,2018-02-28 10:39:00+00:00,0.01214052177965641,0.48541003465652466,1.3723640441894531,15.413772583007812,0,0,0
train,1430,2018-02-28 10:40:00+00:00,0.007802996784448624,0.5148001909255981,1.3696962594985962,16.073959350585938,0,0,0
train,1431,2018-02-28 10:41:00+00:00,0.011625182814896107,0.5126298666000366,1.4742743968963623,16.560768127441406,0,0,0
train,1432,2018-02-28 10:42:00+00:00,0.007126871030777693,0.4955300986766815,1.3371731042861938,15.497597694396973,0,0,0
train,1433,2018-02-28 10:43:00+00:00,0.015076503157615662,0.5195372700691223,1.2213292121887207,13.150964736938477,0,0,0
train,1434,2018-02-28 10:44:00+00:00,0.0130017613992095,0.498485803604126,1.4278171062469482,15.556905746459961,0,0,0
train,1435,2018-02-28 10:45:00+00:00,0.009842202998697758,0.49544116854667664,1.5428727865219116,17.598875045776367,0,0,0
train,1436,2018-02-28 10:46:00+00:00,0.013922183774411678,0.4933924078941345,1.4089857339859009,15.357135772705078,0,0,0
train,1437,2018-02-28 10:47:00+00:00,0.0065429662354290485,0.49859189987182617,1.3309780359268188,14.69372844696045,0,0,0
train,1438,2018-02-28 10:48:00+00:00,0.0063367486000061035,0.46806830167770386,1.0784729719161987,11.53471565246582,0,0,0
train,1439,2018-02-28 10:49:00+00:00,0.005515545606613159,0.512039065361023,1.6365282535552979,18.747116088867188,0,0,0
train,1440,2018-02-28 10:50:00+00:00,0.007428623270243406,0.5319031476974487,1.8636763095855713,21.357023239135742,0,0,0
train,1441,2018-02-28 10:51:00+00:00,0.007387946825474501,0.5374229550361633,1.238245964050293,13.652148246765137,0,0,0
train,1442,2018-02-28 10:52:00+00:00,0.010256960988044739,0.5574287176132202,1.663655400276184,18.35546112060547,0,0,0
train,1443,2018-02-28 10:53:00+00:00,0.010782569646835327,0.5400584936141968,1.775926113128662,20.233379364013672,0,0,0
train,1444,2018-02-28 10:54:00+00:00,0.005494812503457069,0.5088608264923096,1.639866828918457,19.133094787597656,0,0,0
train,1445,2018-02-28 10:55:00+00:00,0.005503472872078419,0.5202226042747498,1.5790849924087524,18.236242294311523,0,0,0
train,1446,2018-02-28 10:56:00+00:00,0.007603954523801804,0.567764163017273,1.9621384143829346,23.02631187438965,0,0,0
train,1447,2018-02-28 10:57:00+00:00,0.007749611511826515,0.5440182089805603,1.779084324836731,20.439794540405273,0,0,0
train,1448,2018-02-28 10:58:00+00:00,0.006325489841401577,0.5233029127120972,1.6193393468856812,18.608461380004883,0,0,0
train,1449,2018-02-28 10:59:00+00:00,0.009054736234247684,0.5402970910072327,1.939839482307434,23.026376724243164,0,0,0
train,1450,2018-02-28 11:00:00+00:00,0.008160240016877651,0.5644339323043823,2.021369457244873,23.71384620666504,0,0,0
train,1451,2018-02-28 11:01:00+00:00,0.008102518506348133,0.5156263113021851,1.3646204471588135,15.261919021606445,0,0,0
train,1452,2018-02-28 11:02:00+00:00,0.017477229237556458,0.5797989368438721,1.6734174489974976,18.07546615600586,0,0,0
train,1453,2018-02-28 11:03:00+00:00,0.013261709362268448,0.5714038610458374,1.7248039245605469,18.978435516357422,0,0,0
train,1454,2018-02-28 11:04:00+00:00,0.008113304153084755,0.5237740278244019,1.2437477111816406,13.128974914550781,0,0,0
train,1455,2018-02-28 11:05:00+00:00,0.010035672225058079,0.5411406755447388,1.5295077562332153,17.054880142211914,0,0,0
train,1456,2018-02-28 11:06:00+00:00,0.010395901277661324,0.5313599109649658,1.0919668674468994,10.920774459838867,0,0,0
train,1457,2018-02-28 11:07:00+00:00,0.013236948288977146,0.5754125118255615,1.6882944107055664,18.764501571655273,0,0,0
train,1458,2018-02-28 11:08:00+00:00,0.010589340701699257,0.553228497505188,1.5191280841827393,17.0788516998291,0,0,0
train,1459,2018-02-28 11:09:00+00:00,0.014151145704090595,0.5264410972595215,1.8461583852767944,21.467464447021484,0,0,0
train,1460,2018-02-28 11:10:00+00:00,0.011433525010943413,0.560725748538971,1.7936134338378906,20.724063873291016,0,0,0
train,1461,2018-02-28 11:11:00+00:00,0.007897314615547657,0.5246132612228394,1.3007534742355347,14.083433151245117,0,0,0
train,1462,2018-02-28 11:12:00+00:00,0.008570714853703976,0.5415040254592896,1.4744027853012085,16.138473510742188,0,0,0
train,1463,2018-02-28 11:13:00+00:00,0.010728094726800919,0.5057557821273804,0.9728278517723083,8.987008094787598,0,0,0
train,1464,2018-02-28 11:14:00+00:00,0.013452762737870216,0.5278205275535583,1.1903858184814453,12.085234642028809,0,0,0
train,1465,2018-02-28 11:15:00+00:00,0.011564395390450954,0.561530590057373,1.5522611141204834,16.797075271606445,0,0,0
train,1466,2018-02-28 11:16:00+00:00,0.0070780981332063675,0.4829379618167877,1.1276201009750366,11.834207534790039,0,0,0
train,1467,2018-02-28 11:17:00+00:00,0.006282826419919729,0.5012486577033997,1.1550910472869873,12.150229454040527,0,0,0
train,1468,2018-02-28 11:18:00+00:00,0.00787313375622034,0.548363447189331,1.5872362852096558,17.752187728881836,0,0,0
train,1469,2018-02-28 11:19:00+00:00,0.005829343106597662,0.5448449850082397,1.6712183952331543,19.051851272583008,0,0,0
train,1470,2018-02-28 11:20:00+00:00,0.005921656731516123,0.5376044511795044,1.6556928157806396,19.359434127807617,0,0,0
train,1471,2018-02-28 11:21:00+00:00,0.007306606974452734,0.5303298234939575,1.6087865829467773,18.63662338256836,0,0,0
train,1472,2018-02-28 11:22:00+00:00,0.003287115367129445,0.4581531286239624,1.0412380695343018,11.70862102508545,0,0,0
train,1473,2018-02-28 11:23:00+00:00,0.0047893887385725975,0.5203338265419006,1.6291723251342773,18.979703903198242,0,0,0
train,1474,2018-02-28 11:24:00+00:00,0.006245606113225222,0.49633824825286865,1.2697887420654297,13.988836288452148,0,0,0
train,1475,2018-02-28 11:25:00+00:00,0.007947640493512154,0.5425359010696411,1.5683379173278809,17.526813507080078,0,0,0
train,1476,2018-02-28 11:26:00+00:00,0.005809224210679531,0.5193824768066406,1.4189702272415161,16.185556411743164,0,0,0
train,1477,2018-02-28 11:27:00+00:00,0.012356985360383987,0.580875039100647,1.8125237226486206,20.194732666015625,0,0,0
train,1478,2018-02-28 11:28:00+00:00,0.008704802952706814,0.5285899043083191,1.2781859636306763,13.8441743850708,0,0,0
train,1479,2018-02-28 11:29:00+00:00,0.010573212057352066,0.5458455085754395,1.5525805950164795,17.450437545776367,0,0,0
train,1480,2018-02-28 11:30:00+00:00,0.010367240756750107,0.526277482509613,1.0840576887130737,10.850953102111816,0,0,0
train,1481,2018-02-28 11:31:00+00:00,0.012614798732101917,0.5635943412780762,1.4430480003356934,15.692151069641113,0,0,0
train,1482,2018-02-28 11:32:00+00:00,0.008463396690785885,0.5490092039108276,1.6387842893600464,19.07022476196289,0,0,0
train,1483,2018-02-28 11:33:00+00:00,0.010789797641336918,0.5158127546310425,1.9309262037277222,23.25864601135254,0,0,0
train,1484,2018-02-28 11:34:00+00:00,0.009493179619312286,0.5118286609649658,1.8648779392242432,22.654932022094727,0,0,0
train,1485,2018-02-28 11:35:00+00:00,0.010200862772762775,0.47550565004348755,1.95713472366333,23.670063018798828,0,0,0
train,1486,2018-02-28 11:36:00+00:00,0.013155205175280571,0.4910471737384796,1.8580057621002197,22.13762092590332,0,0,0
train,1487,2018-02-28 11:37:00+00:00,0.013705836609005928,0.45757532119750977,2.011385440826416,24.324790954589844,0,0,0
train,1488,2018-02-28 11:38:00+00:00,0.011674309149384499,0.4850732088088989,1.7735404968261719,21.084413528442383,0,0,0
train,1489,2018-02-28 11:39:00+00:00,0.007451645564287901,0.4752083122730255,1.575351357460022,18.844331741333008,0,0,0
train,1490,2018-02-28 11:40:00+00:00,0.009545114822685719,0.49614351987838745,1.515836238861084,17.72789192199707,0,0,0
train,1491,2018-02-28 11:41:00+00:00,0.007870457135140896,0.4742682874202728,1.6687602996826172,19.99203109741211,0,0,0
train,1492,2018-02-28 11:42:00+00:00,0.0038483235985040665,0.4687993824481964,1.28421950340271,15.389582633972168,0,0,0
train,1493,2018-02-28 11:43:00+00:00,0.00724231731146574,0.4816831350326538,1.5404698848724365,18.3076171875,0,0,0
train,1494,2018-02-28 11:44:00+00:00,0.005909769795835018,0.45601627230644226,1.5193430185317993,18.403146743774414,0,0,0
train,1495,2018-02-28 11:45:00+00:00,0.006406719796359539,0.47268015146255493,1.4597488641738892,17.298583984375,0,0,0
train,1496,2018-02-28 11:46:00+00:00,0.0069928900338709354,0.48890233039855957,1.618453025817871,19.366207122802734,0,0,0
train,1497,2018-02-28 11:47:00+00:00,0.010371440090239048,0.461936354637146,2.0502593517303467,25.11951446533203,0,0,0
train,1498,2018-02-28 11:48:00+00:00,0.0096285967156291,0.45827412605285645,1.9650355577468872,24.016929626464844,0,0,0
train,1499,2018-02-28 11:49:00+00:00,0.012162324041128159,0.46057772636413574,2.0432255268096924,24.803443908691406,0,0,0
train,1500,2018-02-28 11:50:00+00:00,0.010248806327581406,0.4620201587677002,1.7947778701782227,21.74201202392578,0,0,0
train,1501,2018-02-28 11:51:00+00:00,0.010490248911082745,0.45671483874320984,1.9137991666793823,23.341814041137695,0,0,0
train,1502,2018-02-28 11:52:00+00:00,0.019653944298624992,0.5262806415557861,1.8190479278564453,20.54130744934082,0,0,0
train,1503,2018-02-28 11:53:00+00:00,0.007590484339743853,0.4749389588832855,1.678578495979309,20.32591438293457,0,0,0
train,1504,2018-02-28 11:54:00+00:00,0.00719386525452137,0.4899066686630249,1.728994607925415,20.852191925048828,0,0,0
train,1505,2018-02-28 11:55:00+00:00,0.008871747180819511,0.4760039150714874,1.6383172273635864,19.310714721679688,0,0,0
train,1506,2018-02-28 11:56:00+00:00,0.006688102148473263,0.541111171245575,1.5672377347946167,18.264236450195312,0,0,0
train,1507,2018-02-28 11:57:00+00:00,0.014371617697179317,0.5705046057701111,1.7653837203979492,19.87661361694336,0,0,0
train,1508,2018-02-28 11:58:00+00:00,0.013180146925151348,0.565986156463623,1.7979650497436523,20.128101348876953,0,0,0
train,1509,2018-02-28 11:59:00+00:00,0.013920214027166367,0.5651307106018066,1.861906886100769,20.8282470703125,0,0,0
train,1510,2018-02-28 12:00:00+00:00,0.009094202890992165,0.5392885804176331,1.1683006286621094,11.83569622039795,0,0,0
train,1511,2018-02-28 12:01:00+00:00,0.009976228699088097,0.5531069040298462,1.559206247329712,17.311023712158203,0,0,0
train,1512,2018-02-28 12:02:00+00:00,0.009834468364715576,0.5567697286605835,1.6781672239303589,18.823593139648438,0,0,0
train,1513,2018-02-28 12:03:00+00:00,0.009617727249860764,0.546127200126648,1.71223783493042,19.547632217407227,0,0,0
train,1514,2018-02-28 12:04:00+00:00,0.010703773237764835,0.5803929567337036,1.8905457258224487,21.500680923461914,0,0,0
train,1515,2018-02-28 12:05:00+00:00,0.009974874556064606,0.5599158406257629,1.703319787979126,19.14458656311035,0,0,0
train,1516,2018-02-28 12:06:00+00:00,0.012540386989712715,0.5741846561431885,1.887582540512085,21.722702026367188,0,0,0
train,1517,2018-02-28 12:07:00+00:00,0.012167740613222122,0.5351537466049194,1.8154232501983643,21.16701889038086,0,0,0
train,1518,2018-02-28 12:08:00+00:00,0.010179674252867699,0.5035310387611389,1.8987326622009277,22.809600830078125,0,0,0
train,1519,2018-02-28 12:09:00+00:00,0.016924729570746422,0.5428029298782349,1.8540005683898926,20.5120849609375,0,0,0
train,1520,2018-02-28 12:10:00+00:00,0.01710445247590542,0.5129786729812622,1.7463032007217407,19.771011352539062,0,0,0
train,1521,2018-02-28 12:11:00+00:00,0.014667058363556862,0.5149842500686646,1.6999472379684448,19.631656646728516,0,0,0
train,1522,2018-02-28 12:12:00+00:00,0.016881592571735382,0.497778058052063,0.8991364240646362,8.837690353393555,0,0,0
train,1523,2018-02-28 12:13:00+00:00,0.013345149345695972,0.5144666433334351,1.3771599531173706,15.415787696838379,0,0,0
train,1524,2018-02-28 12:14:00+00:00,0.014527862891554832,0.5009471774101257,1.5762313604354858,18.329853057861328,0,0,0
train,1525,2018-02-28 12:15:00+00:00,0.01679297350347042,0.4760589599609375,1.4545449018478394,16.38552474975586,0,0,0
train,1526,2018-02-28 12:16:00+00:00,0.01732371188700199,0.49451833963394165,1.5416991710662842,17.51869010925293,0,0,0
train,1527,2018-02-28 12:17:00+00:00,0.01678146980702877,0.4812765419483185,1.5463045835494995,17.64542579650879,0,0,0
train,1528,2018-02-28 12:18:00+00:00,0.013578948564827442,0.4746808409690857,1.736924648284912,20.48401641845703,0,0,0
train,1529,2018-02-28 12:19:00+00:00,0.01181907206773758,0.4427412748336792,1.8206849098205566,21.775039672851562,0,0,0
train,1530,2018-02-28 12:20:00+00:00,0.015890339389443398,0.47958284616470337,1.847812294960022,21.675439834594727,0,0,0
train,1531,2018-02-28 12:21:00+00:00,0.012014730833470821,0.4793581962585449,2.094956874847412,25.083385467529297,0,0,0
train,1532,2018-02-28 12:22:00+00:00,0.012759470380842686,0.48562610149383545,1.9664031267166138,23.544525146484375,0,0,0
train,1533,2018-02-28 12:23:00+00:00,0.014111016876995564,0.4821028709411621,2.0911197662353516,25.070423126220703,0,0,0
train,1534,2018-02-28 12:24:00+00:00,0.01650121994316578,0.48365676403045654,1.9963011741638184,23.51230812072754,0,0,0
train,1535,2018-02-28 12:25:00+00:00,0.015231574885547161,0.4890676736831665,1.9294915199279785,22.92749786376953,0,0,0
train,1536,2018-02-28 12:26:00+00:00,0.014953489415347576,0.4848892092704773,1.865852952003479,22.184635162353516,0,0,0
train,1537,2018-02-28 12:27:00+00:00,0.017613841220736504,0.47871488332748413,1.8116344213485718,21.022443771362305,0,0,0
train,1538,2018-02-28 12:28:00+00:00,0.015167147852480412,0.4932093918323517,1.4530189037322998,16.61284637451172,0,0,0
train,1539,2018-02-28 12:29:00+00:00,0.009145943447947502,0.47921139001846313,1.4591500759124756,17.064767837524414,0,0,0
train,1540,2018-02-28 12:30:00+00:00,0.011903113685548306,0.482724130153656,1.9089604616165161,22.474538803100586,0,0,0
train,1541,2018-02-28 12:31:00+00:00,0.008008811622858047,0.46040117740631104,1.9907809495925903,24.183547973632812,0,0,0
train,1542,2018-02-28 12:32:00+00:00,0.010416567325592041,0.46245095133781433,1.9080870151519775,22.883440017700195,0,0,0
train,1543,2018-02-28 12:33:00+00:00,0.01420845277607441,0.4860551357269287,2.0004630088806152,23.58884048461914,0,0,0
train,1544,2018-02-28 12:34:00+00:00,0.014058015309274197,0.48537155985832214,1.8990851640701294,22.314376831054688,0,0,0
train,1545,2018-02-28 12:35:00+00:00,0.014682305976748466,0.49347159266471863,1.9883058071136475,23.240612030029297,0,0,0
train,1546,2018-02-28 12:36:00+00:00,0.02114206925034523,0.507217288017273,1.7496137619018555,19.79412078857422,0,0,0
train,1547,2018-02-28 12:37:00+00:00,0.01977936178445816,0.5026865005493164,1.9111487865447998,21.88272476196289,0,0,0
train,1548,2018-02-28 12:38:00+00:00,0.016438564285635948,0.5090872049331665,2.0049545764923096,23.235490798950195,0,0,0
train,1549,2018-02-28 12:39:00+00:00,0.013424810953438282,0.5095235109329224,1.8132199048995972,21.017274856567383,0,0,0
train,1550,2018-02-28 12:40:00+00:00,0.020920081064105034,0.4920358657836914,1.2800604104995728,13.339639663696289,0,0,0
train,1551,2018-02-28 12:41:00+00:00,0.015783343464136124,0.532483696937561,1.610004186630249,17.930875778198242,0,0,0
train,1552,2018-02-28 12:42:00+00:00,0.01120440661907196,0.5032112002372742,1.48751962184906,16.808279037475586,0,0,0
train,1553,2018-02-28 12:43:00+00:00,0.01783360168337822,0.5168245434761047,1.7167319059371948,19.21233558654785,0,0,0
train,1554,2018-02-28 12:44:00+00:00,0.01864933967590332,0.5054657459259033,1.5782972574234009,17.697467803955078,0,0,0
train,1555,2018-02-28 12:45:00+00:00,0.0118952551856637,0.5006117820739746,2.0245461463928223,23.821136474609375,0,0,0
train,1556,2018-02-28 12:46:00+00:00,0.00883665680885315,0.4711070954799652,1.0315896272659302,12.049539566040039,0,0,0
train,1557,2018-02-28 12:47:00+00:00,0.011080872267484665,0.4891921877861023,1.7141978740692139,20.45903968811035,0,0,0
train,1558,2018-02-28 12:48:00+00:00,0.010308720171451569,0.47923678159713745,1.72713303565979,20.88364601135254,0,0,0
train,1559,2018-02-28 12:49:00+00:00,0.011360510252416134,0.47626233100891113,1.7427804470062256,20.8565673828125,0,0,0
train,1560,2018-02-28 12:50:00+00:00,0.012854786589741707,0.4998084306716919,1.6956077814102173,19.915578842163086,0,0,0
train,1561,2018-02-28 12:51:00+00:00,0.014037547633051872,0.4767047166824341,1.873207449913025,22.322673797607422,0,0,0
train,1562,2018-02-28 12:52:00+00:00,0.014314554631710052,0.4795180559158325,1.9188984632492065,22.96873664855957,0,0,0
train,1563,2018-02-28 12:53:00+00:00,0.012925701215863228,0.48204541206359863,2.0154950618743896,24.219642639160156,0,0,0
train,1564,2018-02-28 12:54:00+00:00,0.01270068995654583,0.4721950888633728,1.97294282913208,23.590408325195312,0,0,0
train,1565,2018-02-28 12:55:00+00:00,0.015663757920265198,0.4778599143028259,1.9565074443817139,23.328271865844727,0,0,0
train,1566,2018-02-28 12:56:00+00:00,0.0160842128098011,0.4864853620529175,1.634601354598999,19.25750160217285,0,0,0
train,1567,2018-02-28 12:57:00+00:00,0.016545254737138748,0.4804062843322754,1.8617162704467773,21.757749557495117,0,0,0
train,1568,2018-02-28 12:58:00+00:00,0.01939399354159832,0.4928014576435089,1.7848625183105469,20.83692169189453,0,0,0
train,1569,2018-02-28 12:59:00+00:00,0.018352288752794266,0.4864303469657898,1.7346880435943604,20.296659469604492,0,0,0
train,1570,2018-03-01 01:00:00+00:00,0.025673076510429382,0.5102735757827759,1.8447949886322021,21.15334701538086,0,0,0
train,1571,2018-03-01 01:30:00+00:00,0.017981693148612976,0.48498421907424927,1.9094427824020386,22.88986587524414,0,0,0
train,1572,2018-03-01 01:31:00+00:00,0.017447633668780327,0.4695393443107605,1.9175996780395508,22.805191040039062,0,0,0
train,1573,2018-03-01 01:32:00+00:00,0.018000565469264984,0.47430723905563354,2.073542594909668,25.041200637817383,0,0,0
train,1574,2018-03-01 01:33:00+00:00,0.02059030905365944,0.4919787645339966,2.182576894760132,26.42499351501465,0,0,0
train,1575,2018-03-01 01:34:00+00:00,0.01596958562731743,0.4460698962211609,1.984681248664856,24.079971313476562,0,0,0
train,1576,2018-03-01 01:35:00+00:00,0.01758532039821148,0.47083455324172974,1.9667519330978394,23.71880340576172,0,0,0
train,1577,2018-03-01 01:36:00+00:00,0.0281574334949255,0.4894373416900635,1.8199838399887085,20.794849395751953,0,0,0
train,1578,2018-03-01 01:37:00+00:00,0.027313537895679474,0.48696213960647583,1.8959661722183228,21.889863967895508,0,0,0
train,1579,2018-03-01 01:38:00+00:00,0.01828465797007084,0.47903287410736084,1.727476716041565,20.416242599487305,0,0,0
train,1580,2018-03-01 01:39:00+00:00,0.020286479964852333,0.4832935333251953,1.7957618236541748,21.21527862548828,0,0,0
train,1581,2018-03-01 01:40:00+00:00,0.013776869513094425,0.45921528339385986,2.0380592346191406,24.708168029785156,0,0,0
train,1582,2018-03-01 01:41:00+00:00,0.01302405446767807,0.4628061056137085,2.086367130279541,25.472986221313477,0,0,0
train,1583,2018-03-01 01:42:00+00:00,0.018051113933324814,0.48150184750556946,1.835343360900879,21.15232276916504,0,0,0
train,1584,2018-03-01 01:43:00+00:00,0.008341233246028423,0.5139369964599609,1.2367043495178223,14.779655456542969,0,0,0
train,1585,2018-03-01 01:44:00+00:00,0.010070651769638062,0.4875790476799011,1.885346531867981,22.92150115966797,0,0,0
train,1586,2018-03-01 01:45:00+00:00,0.011808494105935097,0.4822186827659607,1.8195303678512573,22.062902450561523,0,0,0
train,1587,2018-03-01 01:46:00+00:00,0.011493259109556675,0.45535144209861755,1.8827968835830688,22.773975372314453,0,0,0
train,1588,2018-03-01 01:47:00+00:00,0.01034262403845787,0.43209367990493774,1.9677554368972778,23.924747467041016,0,0,0
train,1589,2018-03-01 01:48:00+00:00,0.012125766836106777,0.4536404609680176,2.068138599395752,25.18376922607422,0,0,0
train,1590,2018-03-01 01:49:00+00:00,0.011392050422728062,0.4586729407310486,2.0671215057373047,25.244047164916992,0,0,0
train,1591,2018-03-01 01:50:00+00:00,0.017617367208003998,0.4773827791213989,1.839004635810852,21.882835388183594,0,0,0
train,1592,2018-03-01 01:51:00+00:00,0.014618605375289917,0.45417219400405884,1.9825904369354248,23.998435974121094,0,0,0
train,1593,2018-03-01 01:52:00+00:00,0.01226037461310625,0.48276516795158386,1.89595365524292,23.0694637298584,0,0,0
train,1594,2018-03-01 01:53:00+00:00,0.015156134963035583,0.46067196130752563,2.039146661758423,24.74258041381836,0,0,0
train,1595,2018-03-01 01:54:00+00:00,0.014611384831368923,0.46789681911468506,2.080841541290283,25.562402725219727,0,0,0
train,1596,2018-03-01 01:55:00+00:00,0.014413714408874512,0.46867072582244873,2.144780158996582,26.063020706176758,0,0,0
train,1597,2018-03-01 01:56:00+00:00,0.015173474326729774,0.470324844121933,2.0502126216888428,25.010583877563477,0,0,0
train,1598,2018-03-01 01:57:00+00:00,0.01479220949113369,0.4666815996170044,2.1338279247283936,25.99176597595215,0,0,0
train,1599,2018-03-01 01:58:00+00:00,0.0192257072776556,0.480019748210907,1.7004592418670654,20.08393669128418,0,0,0
train,1600,2018-03-01 01:59:00+00:00,0.018976861611008644,0.48130935430526733,1.7704001665115356,20.8857479095459,0,0,0
train,1601,2018-03-01 02:00:00+00:00,0.019426897168159485,0.4661797881126404,2.0883142948150635,25.22409439086914,0,0,0
train,1602,2018-03-01 02:01:00+00:00,0.01770108938217163,0.51207435131073,1.9938712120056152,23.582273483276367,0,0,0
train,1603,2018-03-01 02:02:00+00:00,0.018748192116618156,0.4781925082206726,1.830193281173706,21.34689712524414,0,0,0
train,1604,2018-03-01 02:03:00+00:00,0.019758673384785652,0.48877230286598206,1.9329851865768433,22.627138137817383,0,0,0
train,1605,2018-03-01 02:04:00+00:00,0.025776037946343422,0.4892522990703583,1.9497404098510742,22.892610549926758,0,0,0
train,1606,2018-03-01 02:05:00+00:00,0.021865274757146835,0.470913290977478,2.0738861560821533,24.922222137451172,0,0,0
train,1607,2018-03-01 02:06:00+00:00,0.024272656068205833,0.48489218950271606,2.0060417652130127,23.79711151123047,0,0,0
train,1608,2018-03-01 02:07:00+00:00,0.016120554879307747,0.4600059688091278,2.1602492332458496,26.33663558959961,0,0,0
train,1609,2018-03-01 02:08:00+00:00,0.021725643426179886,0.480345219373703,1.89742112159729,22.42118263244629,0,0,0
train,1610,2018-03-01 02:09:00+00:00,0.01798974722623825,0.4679243564605713,1.9777079820632935,23.6904354095459,0,0,0
train,1611,2018-03-01 02:10:00+00:00,0.018007628619670868,0.4817810654640198,1.991254210472107,23.78726577758789,0,0,0
train,1612,2018-03-01 02:11:00+00:00,0.013655082322657108,0.47730937600135803,1.9215826988220215,23.49529266357422,0,0,0
train,1613,2018-03-01 02:12:00+00:00,0.015241754241287708,0.4626244902610779,1.9681638479232788,23.622779846191406,0,0,0
train,1614,2018-03-01 02:13:00+00:00,0.01708199456334114,0.4672509431838989,1.9799089431762695,23.77427864074707,0,0,0
train,1615,2018-03-01 02:14:00+00:00,0.016371970996260643,0.4635654091835022,1.9261330366134644,22.76190757751465,0,0,0
train,1616,2018-03-01 02:15:00+00:00,0.014747454784810543,0.5207548141479492,1.5085680484771729,17.492326736450195,0,0,0
train,1617,2018-03-01 02:16:00+00:00,0.03128008544445038,0.5185517072677612,1.4698309898376465,15.539068222045898,0,0,0
train,1618,2018-03-01 02:17:00+00:00,0.0164796095341444,0.5553325414657593,1.5632294416427612,16.999082565307617,0,0,0
train,1619,2018-03-01 02:18:00+00:00,0.017511418089270592,0.5014721155166626,1.6296961307525635,17.957141876220703,0,0,0
train,1620,2018-03-01 02:19:00+00:00,0.009661722928285599,0.48740726709365845,1.7413997650146484,20.42535400390625,0,0,0
train,1621,2018-03-01 02:20:00+00:00,0.01455778256058693,0.49428874254226685,1.8998218774795532,22.388418197631836,0,0,0
train,1622,2018-03-01 02:21:00+00:00,0.01627282053232193,0.4862818717956543,2.01594877243042,24.121309280395508,0,0,0
train,1623,2018-03-01 02:22:00+00:00,0.01556283701211214,0.4747621715068817,1.8070483207702637,21.228612899780273,0,0,0
train,1624,2018-03-01 02:23:00+00:00,0.01625652052462101,0.4742383062839508,1.993945598602295,23.819618225097656,0,0,0
train,1625,2018-03-01 02:24:00+00:00,0.01413876935839653,0.45223861932754517,1.8885185718536377,22.577922821044922,0,0,0
train,1626,2018-03-01 02:25:00+00:00,0.013321486301720142,0.45091867446899414,2.1910483837127686,27.022417068481445,0,0,0
train,1627,2018-03-01 02:26:00+00:00,0.02224179543554783,0.48975670337677,1.6962414979934692,19.433298110961914,0,0,0
train,1628,2018-03-01 02:27:00+00:00,0.02015671133995056,0.5447157621383667,1.849566102027893,20.962968826293945,0,0,0
train,1629,2018-03-01 02:28:00+00:00,0.015215928666293621,0.5987371206283569,1.3681929111480713,15.199869155883789,0,0,0
train,1630,2018-03-01 02:29:00+00:00,0.01525882538408041,0.543420135974884,1.4149739742279053,15.73760986328125,0,0,0
train,1631,2018-03-01 02:30:00+00:00,0.011285491287708282,0.5663057565689087,1.1991136074066162,13.1957426071167,0,0,0
train,1632,2018-03-01 02:31:00+00:00,0.009709171950817108,0.5429222583770752,1.287097692489624,14.10706901550293,0,0,0
train,1633,2018-03-01 02:32:00+00:00,0.00858648493885994,0.48916757106781006,1.0897623300552368,12.062019348144531,0,0,0
train,1634,2018-03-01 02:33:00+00:00,0.013611560687422752,0.582901120185852,1.6532620191574097,18.07156753540039,0,0,0
train,1635,2018-03-01 02:34:00+00:00,0.0074679432436823845,0.557598352432251,1.6059988737106323,17.889123916625977,0,0,0
train,1636,2018-03-01 02:35:00+00:00,0.011369606480002403,0.5806127786636353,1.7627137899398804,19.59640884399414,0,0,0
train,1637,2018-03-01 02:36:00+00:00,0.010656234808266163,0.5397809147834778,1.8942550420761108,21.615066528320312,0,0,0
train,1638,2018-03-01 02:37:00+00:00,0.0146524952724576,0.566145658493042,1.759299874305725,20.087160110473633,0,0,0
train,1639,2018-03-01 02:38:00+00:00,0.0092795230448246,0.5350944995880127,1.3359980583190918,15.059473037719727,0,0,0
train,1640,2018-03-01 02:39:00+00:00,0.01767938770353794,0.576330304145813,1.6771372556686401,18.29697036743164,0,0,0
train,1641,2018-03-01 02:40:00+00:00,0.016352219507098198,0.5728305578231812,1.8196430206298828,20.224611282348633,0,0,0
train,1642,2018-03-01 02:41:00+00:00,0.011041568592190742,0.54200279712677,1.2681857347488403,13.688300132751465,0,0,0
train,1643,2018-03-01 02:42:00+00:00,0.014609893783926964,0.5693965554237366,1.6228954792022705,17.927005767822266,0,0,0
train,1644,2018-03-01 02:43:00+00:00,0.009872294031083584,0.5282608270645142,1.08990478515625,10.982147216796875,0,0,0
train,1645,2018-03-01 02:44:00+00:00,0.014906544238328934,0.5205305814743042,1.5743285417556763,18.02276611328125,0,0,0
train,1646,2018-03-01 02:45:00+00:00,0.016290638595819473,0.49288663268089294,1.6702733039855957,19.408477783203125,0,0,0
train,1647,2018-03-01 02:46:00+00:00,0.019120406359434128,0.5217552781105042,1.8415292501449585,20.10227394104004,0,0,0
train,1648,2018-03-01 02:47:00+00:00,0.014022349379956722,0.5553524494171143,1.7793701887130737,20.094087600708008,0,0,0
train,1649,2018-03-01 02:48:00+00:00,0.018042979761958122,0.5275137424468994,1.9687803983688354,22.940975189208984,0,0,0
train,1650,2018-03-01 02:49:00+00:00,0.016420669853687286,0.5005114674568176,2.008765697479248,23.889638900756836,0,0,0
train,1651,2018-03-01 02:50:00+00:00,0.01577242650091648,0.4906686246395111,1.9631867408752441,23.776811599731445,0,0,0
train,1652,2018-03-01 02:51:00+00:00,0.014559891074895859,0.47851479053497314,2.2076213359832764,26.772005081176758,0,0,0
train,1653,2018-03-01 02:52:00+00:00,0.01510775089263916,0.4668321907520294,2.093653917312622,25.35330581665039,0,0,0
train,1654,2018-03-01 02:53:00+00:00,0.015472622588276863,0.4645725190639496,2.0003647804260254,24.119060516357422,0,0,0
train,1655,2018-03-01 02:54:00+00:00,0.017965735867619514,0.46652740240097046,1.8518728017807007,22.114601135253906,0,0,0
train,1656,2018-03-01 02:55:00+00:00,0.01897631771862507,0.4682677984237671,1.942939043045044,22.958972930908203,0,0,0
train,1657,2018-03-01 02:56:00+00:00,0.01907338947057724,0.475038081407547,2.094017505645752,25.149953842163086,0,0,0
train,1658,2018-03-01 02:57:00+00:00,0.01833152398467064,0.4749053716659546,2.1979057788848877,26.578779220581055,0,0,0
train,1659,2018-03-01 02:58:00+00:00,0.019114883616566658,0.4701734185218811,2.0512099266052246,24.37409782409668,0,0,0
train,1660,2018-03-01 02:59:00+00:00,0.022903159260749817,0.47346004843711853,1.9306836128234863,22.53265380859375,0,0,0
train,1661,2018-03-01 03:00:00+00:00,0.019227586686611176,0.47019562125205994,1.972394347190857,23.40448760986328,0,0,0
train,1662,2018-03-01 03:01:00+00:00,0.02011691778898239,0.4683360755443573,2.0174202919006348,23.870981216430664,0,0,0
train,1663,2018-03-01 03:02:00+00:00,0.020577002316713333,0.4724487066268921,1.967501163482666,23.479284286499023,0,0,0
train,1664,2018-03-01 03:03:00+00:00,0.017090965062379837,0.46899479627609253,2.132354736328125,25.76523780822754,0,0,0
train,1665,2018-03-01 03:04:00+00:00,0.013938884250819683,0.4648340940475464,2.0385735034942627,24.88042640686035,0,0,0
train,1666,2018-03-01 03:05:00+00:00,0.01343567855656147,0.4521678686141968,2.306025981903076,28.834856033325195,0,0,0
train,1667,2018-03-01 03:06:00+00:00,0.012678849510848522,0.45603978633880615,2.1264736652374268,26.682092666625977,0,0,0
train,1668,2018-03-01 03:07:00+00:00,0.014791076071560383,0.4594060778617859,2.0953879356384277,25.64915657043457,0,0,0
train,1669,2018-03-01 03:08:00+00:00,0.021365435793995857,0.4727681279182434,1.958052635192871,23.272239685058594,0,0,0
train,1670,2018-03-01 03:09:00+00:00,0.018457729369401932,0.47499483823776245,1.9661600589752197,23.45357894897461,0,0,0
train,1671,2018-03-01 03:10:00+00:00,0.016988221555948257,0.4802917540073395,1.9699585437774658,23.701560974121094,0,0,0
train,1672,2018-03-01 03:11:00+00:00,0.012433772906661034,0.45824873447418213,1.9354281425476074,23.614925384521484,0,0,0
train,1673,2018-03-01 03:12:00+00:00,0.011290600523352623,0.46881040930747986,2.034175395965576,25.282712936401367,0,0,0
train,1674,2018-03-01 03:13:00+00:00,0.010506836697459221,0.45087409019470215,1.7569688558578491,21.752363204956055,0,0,0
train,1675,2018-03-01 03:14:00+00:00,0.012131080962717533,0.45792627334594727,1.724747657775879,20.769702911376953,0,0,0
train,1676,2018-03-01 03:15:00+00:00,0.017636563628911972,0.469520628452301,1.9463614225387573,23.411630630493164,0,0,0
train,1677,2018-03-01 03:16:00+00:00,0.013373835012316704,0.4551590383052826,1.8979642391204834,22.858600616455078,0,0,0
train,1678,2018-03-01 03:17:00+00:00,0.009246919304132462,0.4464030861854553,1.8344128131866455,22.755094528198242,0,0,0
train,1679,2018-03-01 03:18:00+00:00,0.011499695479869843,0.4520620107650757,1.966670274734497,24.117183685302734,0,0,0
train,1680,2018-03-01 03:19:00+00:00,0.01057357992976904,0.47085076570510864,1.9009169340133667,23.122480392456055,0,0,0
train,1681,2018-03-01 03:20:00+00:00,0.012126491405069828,0.4453413486480713,2.129382610321045,26.229215621948242,0,0,0
train,1682,2018-03-01 03:21:00+00:00,0.011368040926754475,0.468397319316864,1.9817566871643066,23.582904815673828,0,0,0
train,1683,2018-03-01 03:22:00+00:00,0.010342682711780071,0.48581600189208984,1.9157068729400635,23.243587493896484,0,0,0
train,1684,2018-03-01 03:23:00+00:00,0.0080940006300807,0.4964151978492737,1.888209581375122,23.483030319213867,0,0,0
train,1685,2018-03-01 03:24:00+00:00,0.01224572118371725,0.44555139541625977,2.1637089252471924,26.76930046081543,0,0,0
train,1686,2018-03-01 03:25:00+00:00,0.00960325263440609,0.5200717449188232,1.9008972644805908,22.909751892089844,0,0,0
validation,0,2018-03-01 08:46:00+00:00,0.013698847033083439,0.4639458656311035,1.8881601095199585,22.97212791442871,0,0,0
validation,1,2018-03-01 08:47:00+00:00,0.01616681180894375,0.4682018756866455,2.0226409435272217,24.825319290161133,0,0,0
validation,2,2018-03-01 08:48:00+00:00,0.013215433806180954,0.4566877484321594,1.9628193378448486,24.18448829650879,0,0,0
validation,3,2018-03-01 08:49:00+00:00,0.0177544467151165,0.47687214612960815,1.9433799982070923,23.56501579284668,0,0,0
validation,4,2018-03-01 08:50:00+00:00,0.01613159477710724,0.44794517755508423,2.113187551498413,26.287811279296875,0,0,0
validation,5,2018-03-01 08:51:00+00:00,0.013974318280816078,0.46342408657073975,1.8740586042404175,22.906078338623047,0,0,0
validation,6,2018-03-01 08:52:00+00:00,0.013673140667378902,0.45957469940185547,2.0210464000701904,24.790468215942383,0,0,0
validation,7,2018-03-01 08:53:00+00:00,0.011867900379002094,0.4583187699317932,2.1292810440063477,26.55122947692871,0,0,0
validation,8,2018-03-01 08:54:00+00:00,0.011713202111423016,0.45114752650260925,2.0440175533294678,25.45406150817871,0,0,0
validation,9,2018-03-01 08:55:00+00:00,0.012696200050413609,0.45882081985473633,2.105396270751953,26.115421295166016,0,0,0
validation,10,2018-03-01 08:56:00+00:00,0.017449988052248955,0.4461933970451355,2.0884552001953125,25.97827911376953,0,0,0
validation,11,2018-03-01 08:57:00+00:00,0.017052752897143364,0.44638967514038086,2.087352991104126,25.910619735717773,0,0,0
validation,12,2018-03-01 08:58:00+00:00,0.01224333792924881,0.4602968394756317,1.6699838638305664,20.199846267700195,0,0,0
validation,13,2018-03-01 08:59:00+00:00,0.021398164331912994,0.46841439604759216,1.9589790105819702,23.729434967041016,0,0,0
validation,14,2018-03-01 09:00:00+00:00,0.01615970768034458,0.4636029303073883,2.1502745151519775,26.83693504333496,0,0,0
validation,15,2018-03-01 09:01:00+00:00,0.013490968383848667,0.45807427167892456,2.296405076980591,29.253190994262695,0,0,0
validation,16,2018-03-01 09:02:00+00:00,0.014075256884098053,0.4658862352371216,2.1431784629821777,26.799148559570312,0,0,0
validation,17,2018-03-01 09:03:00+00:00,0.01641472615301609,0.454873263835907,2.114602565765381,26.18587303161621,0,0,0
validation,18,2018-03-01 09:04:00+00:00,0.016968142241239548,0.44728460907936096,2.2061779499053955,27.723705291748047,0,0,0
validation,19,2018-03-01 09:05:00+00:00,0.014002110809087753,0.45481523871421814,2.27740478515625,28.980079650878906,0,0,0
validation,20,2018-03-01 09:06:00+00:00,0.01449953019618988,0.4516523480415344,2.274744749069214,29.135650634765625,0,0,0
validation,21,2018-03-01 09:07:00+00:00,0.017266158014535904,0.45222505927085876,2.3571624755859375,30.006473541259766,0,0,0
validation,22,2018-03-01 09:08:00+00:00,0.01734568551182747,0.4587012529373169,2.1640892028808594,27.170513153076172,0,0,0
validation,23,2018-03-01 09:09:00+00:00,0.01520044170320034,0.44928741455078125,2.0903801918029785,26.092300415039062,0,0,0
validation,24,2018-03-01 09:10:00+00:00,0.015516497194766998,0.4526430368423462,2.140631675720215,26.838808059692383,0,0,0
validation,25,2018-03-01 09:11:00+00:00,0.014202728867530823,0.45061713457107544,2.2181103229522705,28.096542358398438,0,0,0
validation,26,2018-03-01 09:12:00+00:00,0.014780697412788868,0.44736558198928833,2.2480316162109375,28.685564041137695,0,0,0
validation,27,2018-03-01 09:13:00+00:00,0.012023200280964375,0.42887359857559204,2.129728317260742,26.896657943725586,0,0,0
validation,28,2018-03-01 09:14:00+00:00,0.011863070540130138,0.43873924016952515,1.9055430889129639,23.36069679260254,0,0,0
validation,29,2018-03-01 09:15:00+00:00,0.015330753289163113,0.451155424118042,1.9658043384552002,24.03710174560547,0,0,0
validation,30,2018-03-01 09:16:00+00:00,0.01754123903810978,0.45824134349823,1.970368504524231,24.098669052124023,0,0,0
validation,31,2018-03-01 09:17:00+00:00,0.011171067133545876,0.43935275077819824,1.8904383182525635,23.076242446899414,0,0,0
validation,32,2018-03-01 09:18:00+00:00,0.012586248107254505,0.4474450945854187,2.181028366088867,27.217391967773438,0,0,0
validation,33,2018-03-01 09:19:00+00:00,0.00973881222307682,0.43587470054626465,2.0568063259124756,25.70107650756836,0,0,0
validation,34,2018-03-01 09:20:00+00:00,0.009955710731446743,0.4417232275009155,2.1402688026428223,26.923728942871094,0,0,0
validation,35,2018-03-01 09:21:00+00:00,0.012386628426611423,0.44106829166412354,2.178971529006958,27.604089736938477,0,0,0
validation,36,2018-03-01 09:22:00+00:00,0.014764986000955105,0.4495111107826233,2.2084829807281494,27.89654541015625,0,0,0
validation,37,2018-03-01 09:23:00+00:00,0.012676489539444447,0.4439772367477417,2.089839220046997,26.148147583007812,0,0,0
validation,38,2018-03-01 09:24:00+00:00,0.013426919467747211,0.461611807346344,2.020103931427002,24.813243865966797,0,0,0
validation,39,2018-03-01 09:25:00+00:00,0.015122290700674057,0.44964799284935,2.1802525520324707,27.328489303588867,0,0,0
validation,40,2018-03-01 09:26:00+00:00,0.014945806935429573,0.45278993248939514,2.144339084625244,26.641916275024414,0,0,0
validation,41,2018-03-01 09:27:00+00:00,0.013874489814043045,0.4485846161842346,2.2145705223083496,27.731250762939453,0,0,0
validation,42,2018-03-01 09:28:00+00:00,0.011600249446928501,0.45368853211402893,2.024864673614502,25.14938735961914,0,0,0
validation,43,2018-03-01 09:29:00+00:00,0.014463615603744984,0.4557393193244934,2.113468647003174,26.067127227783203,0,0,0
validation,44,2018-03-01 09:30:00+00:00,0.015228080563247204,0.44849109649658203,2.2016448974609375,27.693714141845703,0,0,0
validation,45,2018-03-01 09:31:00+00:00,0.017631052061915398,0.4569638669490814,2.049283266067505,25.129379272460938,0,0,0
validation,46,2018-03-01 09:32:00+00:00,0.014300004579126835,0.448478639125824,2.058774471282959,25.476791381835938,0,0,0
validation,47,2018-03-01 09:33:00+00:00,0.015914306044578552,0.4558504819869995,2.128143548965454,26.439910888671875,0,0,0
validation,48,2018-03-01 09:34:00+00:00,0.012564539909362793,0.4682246446609497,2.005239725112915,24.52780532836914,0,0,0
validation,49,2018-03-01 09:35:00+00:00,0.013515124097466469,0.444463849067688,2.2161173820495605,27.821683883666992,0,0,0
validation,50,2018-03-01 09:36:00+00:00,0.013552213087677956,0.4610211253166199,2.112621784210205,26.231277465820312,0,0,0
validation,51,2018-03-01 09:37:00+00:00,0.013347095809876919,0.4708959460258484,1.9586446285247803,24.010496139526367,0,0,0
validation,52,2018-03-01 09:38:00+00:00,0.011479200795292854,0.45796599984169006,1.8037556409835815,22.005393981933594,0,0,0
validation,53,2018-03-01 09:39:00+00:00,0.015312262810766697,0.45307809114456177,1.9425404071807861,23.51871109008789,0,0,0
validation,54,2018-03-01 09:40:00+00:00,0.01259326096624136,0.45575159788131714,1.8770439624786377,22.937294006347656,0,0,0
validation,55,2018-03-01 09:41:00+00:00,0.008348574861884117,0.4602574110031128,1.7752704620361328,22.00018882751465,0,0,0
validation,56,2018-03-01 09:42:00+00:00,0.00846383348107338,0.4837927520275116,1.6482138633728027,20.18791961669922,0,0,0
validation,57,2018-03-01 09:43:00+00:00,0.014685613103210926,0.4666892886161804,1.7516647577285767,20.974246978759766,0,0,0
validation,58,2018-03-01 09:44:00+00:00,0.006980258040130138,0.47389984130859375,1.470892071723938,17.749826431274414,0,0,0
validation,59,2018-03-01 09:45:00+00:00,0.008117388002574444,0.46861302852630615,1.6281261444091797,19.673629760742188,0,0,0
validation,60,2018-03-01 09:46:00+00:00,0.010865777730941772,0.47644782066345215,1.9199451208114624,23.688440322875977,0,0,0
validation,61,2018-03-01 09:47:00+00:00,0.008726704865694046,0.47073686122894287,1.9058778285980225,23.8769474029541,0,0,0
validation,62,2018-03-01 09:48:00+00:00,0.008802558295428753,0.467298299074173,1.8236165046691895,22.766420364379883,0,0,0
validation,63,2018-03-01 09:49:00+00:00,0.011046006344258785,0.46089354157447815,1.958636999130249,24.31534767150879,0,0,0
validation,64,2018-03-01 09:50:00+00:00,0.024380913004279137,0.5069289207458496,1.161055088043213,11.423646926879883,0,0,0
validation,65,2018-03-01 09:51:00+00:00,0.012026415206491947,0.5117388963699341,1.5968091487884521,18.69818878173828,0,0,0
validation,66,2018-03-01 09:52:00+00:00,0.017453547567129135,0.49875375628471375,0.8861260414123535,7.759109020233154,0,0,0
validation,67,2018-03-01 09:53:00+00:00,0.009055824019014835,0.5233319997787476,1.5314544439315796,17.69819450378418,0,0,0
validation,68,2018-03-01 09:54:00+00:00,0.01027690526098013,0.4977831542491913,1.1512104272842407,11.921331405639648,0,0,0
validation,69,2018-03-01 09:55:00+00:00,0.010680591687560081,0.5092450380325317,1.5422310829162598,17.795238494873047,0,0,0
validation,70,2018-03-01 09:56:00+00:00,0.00825774297118187,0.49643391370773315,1.751273274421692,21.016016006469727,0,0,0
validation,71,2018-03-01 09:57:00+00:00,0.008269423618912697,0.4737940728664398,1.7073132991790771,20.740150451660156,0,0,0
validation,72,2018-03-01 09:58:00+00:00,0.007359453942626715,0.4658036231994629,1.4321609735488892,16.59532356262207,0,0,0
validation,73,2018-03-01 09:59:00+00:00,0.0029311501421034336,0.4064578413963318,0.7195035219192505,8.130202293395996,0,0,0
validation,74,2018-03-01 10:00:00+00:00,0.0037457835860550404,0.44083863496780396,1.2479883432388306,14.949682235717773,0,0,0
validation,75,2018-03-01 10:01:00+00:00,0.005836391821503639,0.4784952402114868,1.7143936157226562,21.174772262573242,0,0,0
validation,76,2018-03-01 10:02:00+00:00,0.01008972991257906,0.4642464220523834,1.9179705381393433,23.623319625854492,0,0,0
validation,77,2018-03-01 10:03:00+00:00,0.009701286442577839,0.47725772857666016,2.012575149536133,25.1079044342041,0,0,0
validation,78,2018-03-01 10:04:00+00:00,0.0311659574508667,0.6241846084594727,1.2981183528900146,13.047540664672852,0,0,0
validation,79,2018-03-01 10:05:00+00:00,0.013536560349166393,0.5375549793243408,1.4692554473876953,17.059284210205078,0,0,0
validation,80,2018-03-01 10:06:00+00:00,0.015652649104595184,0.5027045011520386,1.7504560947418213,20.71841049194336,0,0,0
validation,81,2018-03-01 10:07:00+00:00,0.0163032878190279,0.48440712690353394,1.92356538772583,23.16747283935547,0,0,0
validation,82,2018-03-01 10:08:00+00:00,0.015392212197184563,0.46902573108673096,1.7148698568344116,20.521665573120117,0,0,0
validation,83,2018-03-01 10:09:00+00:00,0.017395660281181335,0.4770936965942383,1.983370304107666,23.84258270263672,0,0,0
validation,84,2018-03-01 10:10:00+00:00,0.019380470737814903,0.5836423635482788,1.3337949514389038,14.65166187286377,0,0,0
validation,85,2018-03-01 10:11:00+00:00,0.01712782122194767,0.5216877460479736,1.807758092880249,20.738452911376953,0,0,0
validation,86,2018-03-01 10:12:00+00:00,0.01542266458272934,0.49718642234802246,1.926067590713501,22.18927001953125,0,0,0
validation,87,2018-03-01 10:13:00+00:00,0.012277642264962196,0.5658528804779053,1.7640280723571777,20.12196159362793,0,0,0
validation,88,2018-03-01 10:14:00+00:00,0.007877898402512074,0.5380851626396179,1.6857850551605225,19.339561462402344,0,0,0
validation,89,2018-03-01 10:15:00+00:00,0.008005976676940918,0.5317069292068481,1.4481738805770874,16.47075653076172,0,0,0
validation,90,2018-03-01 10:16:00+00:00,0.00821905117481947,0.5321546792984009,1.6419247388839722,18.776920318603516,0,0,0
validation,91,2018-03-01 10:17:00+00:00,0.01225756760686636,0.5622864961624146,1.8733340501785278,21.370580673217773,0,0,0
validation,92,2018-03-01 10:18:00+00:00,0.017891796305775642,0.5686481595039368,1.959087610244751,22.030746459960938,0,0,0
validation,93,2018-03-01 10:19:00+00:00,0.01300607156008482,0.56977379322052,1.8558752536773682,21.051828384399414,0,0,0
validation,94,2018-03-01 10:20:00+00:00,0.016132473945617676,0.5803889632225037,1.9260023832321167,21.459266662597656,0,0,0
validation,95,2018-03-01 10:21:00+00:00,0.014148144982755184,0.5379867553710938,1.9875338077545166,23.12643814086914,0,0,0
validation,96,2018-03-01 10:22:00+00:00,0.017371125519275665,0.5544604659080505,2.082697868347168,23.69373893737793,0,0,0
validation,97,2018-03-01 10:23:00+00:00,0.008970139548182487,0.5588626861572266,1.4466460943222046,16.709991455078125,0,0,0
validation,98,2018-03-01 10:24:00+00:00,0.01978909783065319,0.5545822381973267,1.921072244644165,21.59453010559082,0,0,0
validation,99,2018-03-01 10:25:00+00:00,0.008927513845264912,0.5536960363388062,1.3526731729507446,15.244756698608398,0,0,0
validation,100,2018-03-01 10:26:00+00:00,0.011477205902338028,0.5486316084861755,1.5298086404800415,16.99359893798828,0,0,0
validation,101,2018-03-01 10:27:00+00:00,0.012385510839521885,0.5744901895523071,1.7015368938446045,19.052339553833008,0,0,0
validation,102,2018-03-01 10:28:00+00:00,0.010452128946781158,0.5314490795135498,1.0593434572219849,10.587630271911621,0,0,0
validation,103,2018-03-01 10:29:00+00:00,0.013425656594336033,0.5970873832702637,1.5699727535247803,16.765565872192383,0,0,0
validation,104,2018-03-01 10:30:00+00:00,0.014146455563604832,0.5870541930198669,1.7425864934921265,19.16286849975586,0,0,0
validation,105,2018-03-01 10:31:00+00:00,0.012070455588400364,0.5262923240661621,1.9954564571380615,23.480600357055664,0,0,0
validation,106,2018-03-01 10:32:00+00:00,0.012784784659743309,0.5157914161682129,1.9813168048858643,23.812044143676758,0,0,0
validation,107,2018-03-01 10:33:00+00:00,0.0199256781488657,0.5222103595733643,1.840497374534607,21.14266014099121,0,0,0
validation,108,2018-03-01 10:34:00+00:00,0.014825510792434216,0.49943217635154724,2.0269432067871094,24.431894302368164,0,0,0
validation,109,2018-03-01 10:35:00+00:00,0.0178506001830101,0.506900429725647,1.5076346397399902,16.830242156982422,0,0,0
validation,110,2018-03-01 10:36:00+00:00,0.016912735998630524,0.48643970489501953,2.0264508724212646,24.2705020904541,0,0,0
validation,111,2018-03-01 10:37:00+00:00,0.029141919687390327,0.5076810717582703,1.8832725286483765,21.74077606201172,0,0,0
validation,112,2018-03-01 10:38:00+00:00,0.01728612557053566,0.557176947593689,2.0234203338623047,23.138408660888672,0,0,0
validation,113,2018-03-01 10:39:00+00:00,0.020937509834766388,0.5397948026657104,2.096205711364746,24.712940216064453,0,0,0
validation,114,2018-03-01 10:40:00+00:00,0.02146272175014019,0.558765172958374,2.287339925765991,27.121152877807617,0,0,0
validation,115,2018-03-01 10:41:00+00:00,0.01677628792822361,0.5499637126922607,1.40484619140625,15.088017463684082,0,0,0
validation,116,2018-03-01 10:42:00+00:00,0.029105661436915398,0.573451042175293,1.7075389623641968,18.099597930908203,0,0,0
validation,117,2018-03-01 10:43:00+00:00,0.025425797328352928,0.5652641654014587,1.969507098197937,21.288549423217773,0,0,0
validation,118,2018-03-01 10:44:00+00:00,0.024804778397083282,0.5583137273788452,1.985556960105896,21.72926139831543,0,0,0
validation,119,2018-03-01 10:45:00+00:00,0.019315039739012718,0.5595966577529907,1.9036210775375366,21.043771743774414,0,0,0
validation,120,2018-03-01 10:46:00+00:00,0.014190788380801678,0.5359379053115845,2.075645923614502,24.164575576782227,0,0,0
validation,121,2018-03-01 10:47:00+00:00,0.016492590308189392,0.5709244012832642,1.9611834287643433,22.452272415161133,0,0,0
validation,122,2018-03-01 10:48:00+00:00,0.010888471268117428,0.5632106065750122,1.4821714162826538,16.972166061401367,0,0,0
validation,123,2018-03-01 10:49:00+00:00,0.017329329624772072,0.572507917881012,1.8359904289245605,20.514440536499023,0,0,0
validation,124,2018-03-01 10:50:00+00:00,0.010529346764087677,0.5727851390838623,1.3529000282287598,15.141050338745117,0,0,0
validation,125,2018-03-01 10:51:00+00:00,0.020418532192707062,0.5732036828994751,1.7674157619476318,19.450180053710938,0,0,0
validation,126,2018-03-01 10:52:00+00:00,0.01471675094217062,0.5714204907417297,1.29989492893219,14.046630859375,0,0,0
validation,127,2018-03-01 10:53:00+00:00,0.012030702084302902,0.5496663451194763,1.151548981666565,11.968853950500488,0,0,0
validation,128,2018-03-01 10:54:00+00:00,0.01953350007534027,0.5150631070137024,1.7744140625,20.28801727294922,0,0,0
validation,129,2018-03-01 10:55:00+00:00,0.018281130120158195,0.5627977848052979,1.722708821296692,18.9283504486084,0,0,0
validation,130,2018-03-01 10:56:00+00:00,0.017121413722634315,0.5690679550170898,1.8156590461730957,20.419105529785156,0,0,0
validation,131,2018-03-01 10:57:00+00:00,0.016145484521985054,0.5069178342819214,2.1025922298431396,24.788137435913086,0,0,0
validation,132,2018-03-01 10:58:00+00:00,0.013924926519393921,0.477035790681839,2.0207207202911377,24.32288932800293,0,0,0
validation,133,2018-03-01 10:59:00+00:00,0.01160336285829544,0.45896387100219727,1.9018250703811646,23.24793243408203,0,0,0
validation,134,2018-03-01 11:00:00+00:00,0.019435394555330276,0.4641633629798889,2.071772575378418,24.922489166259766,0,0,0
validation,135,2018-03-01 11:01:00+00:00,0.016820333898067474,0.46296700835227966,2.075773239135742,25.03880500793457,0,0,0
validation,136,2018-03-01 11:02:00+00:00,0.01805710420012474,0.46419793367385864,1.819503903388977,21.686832427978516,0,0,0
validation,137,2018-03-01 11:03:00+00:00,0.019720202311873436,0.46915215253829956,1.8721004724502563,22.077123641967773,0,0,0
validation,138,2018-03-01 11:04:00+00:00,0.01877731829881668,0.4686151146888733,1.9545257091522217,23.425142288208008,0,0,0
validation,139,2018-03-01 11:05:00+00:00,0.01543215848505497,0.4613566994667053,2.1256484985351562,25.825782775878906,0,0,0
validation,140,2018-03-01 11:06:00+00:00,0.01764519512653351,0.45587870478630066,2.0990355014801025,25.6314640045166,0,0,0
validation,141,2018-03-01 11:07:00+00:00,0.017467161640524864,0.4635210633277893,1.9751945734024048,23.847246170043945,0,0,0
validation,142,2018-03-01 11:08:00+00:00,0.016043510288000107,0.452504426240921,2.1436667442321777,26.140256881713867,0,0,0
validation,143,2018-03-01 11:09:00+00:00,0.016032591462135315,0.47548574209213257,1.975758671760559,23.738731384277344,0,0,0
validation,144,2018-03-01 11:10:00+00:00,0.01395291555672884,0.4693615436553955,1.9420090913772583,23.514789581298828,0,0,0
validation,145,2018-03-01 11:11:00+00:00,0.01889767311513424,0.4904336929321289,1.7920342683792114,21.306243896484375,0,0,0
validation,146,2018-03-01 11:12:00+00:00,0.01985509693622589,0.45598313212394714,1.9522368907928467,23.30206298828125,0,0,0
validation,147,2018-03-01 11:13:00+00:00,0.015523537993431091,0.49573129415512085,1.7950003147125244,21.59439468383789,0,0,0
validation,148,2018-03-01 11:14:00+00:00,0.015171797946095467,0.4607050120830536,2.095656633377075,25.703027725219727,0,0,0
validation,149,2018-03-01 11:15:00+00:00,0.013705462217330933,0.44557809829711914,2.1353392601013184,26.339113235473633,0,0,0
validation,150,2018-03-01 11:16:00+00:00,0.013388889841735363,0.4805178642272949,1.9822368621826172,24.45330047607422,0,0,0
validation,151,2018-03-01 11:17:00+00:00,0.016942525282502174,0.45126962661743164,2.0999646186828613,25.74533462524414,0,0,0
validation,152,2018-03-01 11:18:00+00:00,0.014465316198766232,0.451260507106781,2.1770291328430176,27.160133361816406,0,0,0
validation,153,2018-03-01 11:19:00+00:00,0.0196811743080616,0.466718852519989,1.9566782712936401,23.513669967651367,0,0,0
validation,154,2018-03-01 11:20:00+00:00,0.020771263167262077,0.45755115151405334,1.9764779806137085,23.723241806030273,0,0,0
validation,155,2018-03-01 11:21:00+00:00,0.016615962609648705,0.44569963216781616,1.901810646057129,23.130605697631836,0,0,0
validation,156,2018-03-01 11:22:00+00:00,0.017718585208058357,0.4508766531944275,2.201155424118042,27.442306518554688,0,0,0
validation,157,2018-03-01 11:23:00+00:00,0.020709877833724022,0.4775296151638031,1.8742833137512207,22.277915954589844,0,0,0
validation,158,2018-03-01 11:24:00+00:00,0.022076215595006943,0.4659767150878906,2.039552927017212,24.591936111450195,0,0,0
validation,159,2018-03-01 11:25:00+00:00,0.02396724373102188,0.4673711061477661,2.0385451316833496,24.463069915771484,0,0,0
validation,160,2018-03-01 11:26:00+00:00,0.01528803538531065,0.45151466131210327,1.6285507678985596,19.86665916442871,0,0,0
validation,161,2018-03-01 11:27:00+00:00,0.020379988476634026,0.4673883318901062,1.9084644317626953,22.649011611938477,0,0,0
validation,162,2018-03-01 11:28:00+00:00,0.02314443327486515,0.4799308776855469,1.6245570182800293,18.765981674194336,0,0,0
validation,163,2018-03-01 11:29:00+00:00,0.019017579033970833,0.46421313285827637,1.5962908267974854,18.569726943969727,0,0,0
validation,164,2018-03-01 11:30:00+00:00,0.017213033512234688,0.4670041799545288,1.642603874206543,19.19395637512207,0,0,0
validation,165,2018-03-01 11:31:00+00:00,0.016845960170030594,0.47536158561706543,1.7604926824569702,20.839792251586914,0,0,0
validation,166,2018-03-01 11:32:00+00:00,0.013545842841267586,0.46349847316741943,1.9586071968078613,23.98063850402832,0,0,0
validation,167,2018-03-01 11:33:00+00:00,0.013021373189985752,0.46692216396331787,1.705549716949463,20.67120361328125,0,0,0
validation,168,2018-03-01 11:34:00+00:00,0.01702032797038555,0.46942615509033203,1.8198862075805664,21.73111915588379,0,0,0
validation,169,2018-03-01 11:35:00+00:00,0.0202532596886158,0.4796527326107025,1.9611350297927856,23.516311645507812,0,0,0
validation,170,2018-03-01 11:36:00+00:00,0.020578112453222275,0.47571882605552673,2.024533748626709,24.362457275390625,0,0,0
validation,171,2018-03-01 11:37:00+00:00,0.016040915623307228,0.4726996123790741,1.9414230585098267,23.577119827270508,0,0,0
validation,172,2018-03-01 11:38:00+00:00,0.01978209987282753,0.4760064482688904,2.075263261795044,25.095937728881836,0,0,0
validation,173,2018-03-01 11:39:00+00:00,0.017539557069540024,0.45971161127090454,1.8757203817367554,22.616477966308594,0,0,0
validation,174,2018-03-01 11:40:00+00:00,0.00567632308229804,0.4327104985713959,1.3024619817733765,16.92122459411621,0,0,0
validation,175,2018-03-01 11:41:00+00:00,0.012451397255063057,0.4368085265159607,1.7122715711593628,21.15067481994629,0,0,0
validation,176,2018-03-01 11:42:00+00:00,0.017828917130827904,0.45172250270843506,2.056818723678589,25.104339599609375,0,0,0
validation,177,2018-03-01 11:43:00+00:00,0.015253015793859959,0.4622679352760315,1.8564684391021729,22.757051467895508,0,0,0
validation,178,2018-03-01 11:44:00+00:00,0.01748720556497574,0.4573708772659302,2.1030216217041016,25.65406608581543,0,0,0
validation,179,2018-03-01 11:45:00+00:00,0.023821430280804634,0.4536394476890564,1.9702831506729126,23.549930572509766,0,0,0
validation,180,2018-03-01 11:46:00+00:00,0.021212631836533546,0.45510515570640564,2.019705295562744,24.300661087036133,0,0,0
validation,181,2018-03-01 11:47:00+00:00,0.022273583337664604,0.46206188201904297,1.9940869808197021,23.87322235107422,0,0,0
validation,182,2018-03-01 11:48:00+00:00,0.01809561997652054,0.46630412340164185,2.204705238342285,27.409212112426758,0,0,0
validation,183,2018-03-01 11:49:00+00:00,0.02127118408679962,0.48450618982315063,2.2257981300354004,27.4111385345459,0,0,0
validation,184,2018-03-01 11:50:00+00:00,0.020569100975990295,0.45670241117477417,2.067906618118286,25.16273307800293,0,0,0
validation,185,2018-03-01 11:51:00+00:00,0.024434665217995644,0.4757935404777527,2.0529263019561768,24.719045639038086,0,0,0
validation,186,2018-03-01 11:52:00+00:00,0.023274580016732216,0.48553311824798584,1.9567978382110596,23.368412017822266,0,0,0
validation,187,2018-03-01 11:53:00+00:00,0.01915517821907997,0.48002225160598755,1.8073222637176514,21.269386291503906,0,0,0
validation,188,2018-03-01 11:54:00+00:00,0.08394891768693924,0.6078159809112549,0.8013647198677063,4.777708053588867,0,0,0
validation,189,2018-03-01 11:55:00+00:00,0.040613505989313126,0.5436627864837646,1.1101592779159546,11.299599647521973,0,0,0
validation,190,2018-03-01 11:56:00+00:00,0.013853761367499828,0.49348774552345276,1.1741067171096802,13.759906768798828,0,0,0
validation,191,2018-03-01 11:57:00+00:00,0.02150907553732395,0.5005673170089722,1.5732232332229614,18.40154266357422,0,0,0
validation,192,2018-03-01 11:58:00+00:00,0.016791939735412598,0.482353150844574,1.8500211238861084,22.11202621459961,0,0,0
validation,193,2018-03-01 11:59:00+00:00,0.01711132563650608,0.47799479961395264,1.8637049198150635,22.346290588378906,0,0,0
validation,194,2018-03-01 12:00:00+00:00,0.018412040546536446,0.47103744745254517,1.8920247554779053,22.78896713256836,0,0,0
validation,195,2018-03-01 12:01:00+00:00,0.01629159040749073,0.4654981791973114,1.9801205396652222,24.222890853881836,0,0,0
validation,196,2018-03-01 12:02:00+00:00,0.005775271449238062,0.4527003765106201,1.2318028211593628,15.568194389343262,0,0,0
validation,197,2018-03-01 12:03:00+00:00,0.008659915067255497,0.4254452586174011,1.5720611810684204,19.0913143157959,0,0,0
validation,198,2018-03-01 12:04:00+00:00,0.01535634696483612,0.4740270972251892,1.9277088642120361,23.31483268737793,0,0,0
validation,199,2018-03-01 12:05:00+00:00,0.015785185620188713,0.4751807451248169,2.0944647789001465,25.644540786743164,0,0,0
validation,200,2018-03-01 12:06:00+00:00,0.018343882635235786,0.46856772899627686,2.0038540363311768,24.310279846191406,0,0,0
validation,201,2018-03-01 12:07:00+00:00,0.018560657277703285,0.47162961959838867,2.0191075801849365,24.53730583190918,0,0,0
validation,202,2018-03-01 12:08:00+00:00,0.019064947962760925,0.4815683960914612,1.9479924440383911,23.345863342285156,0,0,0
validation,203,2018-03-01 12:09:00+00:00,0.02282094582915306,0.4990580677986145,2.034672975540161,24.109304428100586,0,0,0
validation,204,2018-03-01 12:10:00+00:00,0.02537921443581581,0.4842994213104248,1.7599245309829712,20.414316177368164,0,0,0
validation,205,2018-03-01 12:11:00+00:00,0.022920452058315277,0.46732914447784424,1.9359089136123657,22.969989776611328,0,0,0
validation,206,2018-03-01 12:12:00+00:00,0.018318625167012215,0.4819985032081604,2.041102170944214,24.38290786743164,0,0,0
validation,207,2018-03-01 12:13:00+00:00,0.01606566831469536,0.47550758719444275,1.9568067789077759,23.181427001953125,0,0,0
validation,208,2018-03-01 12:14:00+00:00,0.022454679012298584,0.494681179523468,2.0286664962768555,23.623945236206055,0,0,0
validation,209,2018-03-01 12:15:00+00:00,0.025504644960165024,0.4978347420692444,1.90966796875,22.097307205200195,0,0,0
validation,210,2018-03-01 12:16:00+00:00,0.02986852452158928,0.5162686109542847,1.6274023056030273,17.513307571411133,0,0,0
validation,211,2018-03-01 12:17:00+00:00,0.030592510476708412,0.4971158504486084,1.720955491065979,19.28143882751465,0,0,0
validation,212,2018-03-01 12:18:00+00:00,0.027286168187856674,0.4926173686981201,1.8017581701278687,20.590179443359375,0,0,0
validation,213,2018-03-01 12:19:00+00:00,0.02268858440220356,0.4717015326023102,1.7145627737045288,19.88450813293457,0,0,0
validation,214,2018-03-01 12:20:00+00:00,0.02317586913704872,0.4703923761844635,1.825272560119629,21.424026489257812,0,0,0
validation,215,2018-03-01 12:21:00+00:00,0.02589230053126812,0.4826904535293579,1.789866328239441,20.78322410583496,0,0,0
validation,216,2018-03-01 12:22:00+00:00,0.027064966037869453,0.4868062734603882,1.8503745794296265,21.377185821533203,0,0,0
validation,217,2018-03-01 12:23:00+00:00,0.02698405273258686,0.5059117674827576,1.6154078245162964,17.78679847717285,0,0,0
validation,218,2018-03-01 12:24:00+00:00,0.03228982910513878,0.5204652547836304,1.6248342990875244,17.593395233154297,0,0,0
validation,219,2018-03-01 12:25:00+00:00,0.03343048691749573,0.5361077189445496,1.4372656345367432,15.120142936706543,0,0,0
validation,220,2018-03-01 12:26:00+00:00,0.04785000905394554,0.5437518954277039,1.4938350915908813,15.02895450592041,0,0,0
validation,221,2018-03-01 12:27:00+00:00,0.04776865616440773,0.5507391095161438,1.4516841173171997,14.34178638458252,0,0,0
validation,222,2018-03-01 12:28:00+00:00,0.05515880137681961,0.5649360418319702,1.4502242803573608,14.292437553405762,0,0,0
validation,223,2018-03-01 12:29:00+00:00,0.04597189649939537,0.5463662147521973,1.46290922164917,14.877766609191895,0,0,0
validation,224,2018-03-01 12:30:00+00:00,0.04045593738555908,0.5390642881393433,1.4674739837646484,15.008785247802734,0,0,0
validation,225,2018-03-01 12:31:00+00:00,0.04757542908191681,0.5365536212921143,1.5172984600067139,15.95060920715332,0,0,0
validation,226,2018-03-01 12:32:00+00:00,0.0414721742272377,0.5482194423675537,1.5539863109588623,16.214588165283203,0,0,0
validation,227,2018-03-01 12:33:00+00:00,0.056145600974559784,0.5733609199523926,1.576379656791687,16.04831886291504,0,0,0
validation,228,2018-03-01 12:34:00+00:00,0.0562862828373909,0.5708211660385132,1.492539882659912,14.899718284606934,0,0,0
validation,229,2018-03-01 12:35:00+00:00,0.061642345041036606,0.5679175853729248,1.4491961002349854,14.182064056396484,0,0,0
validation,230,2018-03-01 12:36:00+00:00,0.07019142061471939,0.6065810322761536,1.5252219438552856,14.79247760772705,0,0,0
validation,231,2018-03-01 12:37:00+00:00,0.08587625622749329,0.5810328722000122,1.3150180578231812,11.957439422607422,0,0,0
validation,232,2018-03-01 12:38:00+00:00,0.07849615812301636,0.5816314220428467,1.226035714149475,10.865604400634766,0,0,0
validation,233,2018-03-01 12:39:00+00:00,0.05942142754793167,0.5804300904273987,1.5308371782302856,15.203203201293945,0,0,0
validation,234,2018-03-01 12:40:00+00:00,0.061670269817113876,0.59410560131073,1.5802762508392334,15.950231552124023,0,0,0
validation,235,2018-03-01 12:41:00+00:00,0.07848729193210602,0.6295667886734009,1.577048897743225,15.406553268432617,0,0,0
validation,236,2018-03-01 12:42:00+00:00,0.060476891696453094,0.5871388912200928,1.3809705972671509,12.874455451965332,0,0,0
validation,237,2018-03-01 12:43:00+00:00,0.07419605553150177,0.5789794325828552,1.2710829973220825,11.442831993103027,0,0,0
validation,238,2018-03-01 12:44:00+00:00,0.08102770149707794,0.6166861653327942,1.4486273527145386,13.607999801635742,0,0,0
validation,239,2018-03-01 12:45:00+00:00,0.06698295474052429,0.601043164730072,1.487269639968872,14.190357208251953,0,0,0
validation,240,2018-03-01 12:46:00+00:00,0.08774928003549576,0.5881824493408203,1.1947344541549683,10.408580780029297,0,0,0
validation,241,2018-03-01 12:47:00+00:00,0.07483761757612228,0.5943129062652588,1.5316739082336426,15.177760124206543,0,0,0
validation,242,2018-03-01 12:48:00+00:00,0.10357563942670822,0.6526415348052979,1.5686064958572388,15.154441833496094,0,0,0
validation,243,2018-03-01 12:49:00+00:00,0.1048506498336792,0.6060930490493774,1.40610933303833,13.000433921813965,0,0,0
validation,244,2018-03-01 12:50:00+00:00,0.08278858661651611,0.6272699236869812,1.5283238887786865,14.769085884094238,0,0,0
validation,245,2018-03-01 12:51:00+00:00,0.08821592479944229,0.5840789079666138,1.2886736392974854,11.784933090209961,0,0,0
validation,246,2018-03-01 12:52:00+00:00,0.09497948735952377,0.6193370223045349,1.5364686250686646,15.015904426574707,0,0,0
validation,247,2018-03-01 12:53:00+00:00,0.09652724862098694,0.61458820104599,1.4694714546203613,14.149011611938477,0,0,0
validation,248,2018-03-01 12:54:00+00:00,0.07656708359718323,0.6153675317764282,1.5754529237747192,15.821199417114258,0,0,0
validation,249,2018-03-01 12:55:00+00:00,0.10355070978403091,0.6026859879493713,1.4035873413085938,13.437597274780273,0,0,0
validation,250,2018-03-01 12:56:00+00:00,0.05111972242593765,0.5758277773857117,1.1158658266067505,9.880447387695312,0,0,0
validation,251,2018-03-01 12:57:00+00:00,0.08625602722167969,0.5636444091796875,1.2281548976898193,11.162740707397461,0,0,0
validation,252,2018-03-01 12:58:00+00:00,0.0649796575307846,0.5534543991088867,1.4877369403839111,15.21239185333252,0,0,0
validation,253,2018-03-01 12:59:00+00:00,0.0645366981625557,0.5519346594810486,1.5050768852233887,15.513066291809082,0,0,0
validation,254,2018-03-02 01:00:00+00:00,0.06978952884674072,0.6016788482666016,1.598766803741455,16.25779914855957,0,0,0
test,0,2018-03-02 04:05:00+00:00,0.008239648304879665,0.5729668140411377,0.6481062173843384,4.217471122741699,0,0,0
test,1,2018-03-02 04:06:00+00:00,0.009873754344880581,0.5589196085929871,0.6223751306533813,3.7681643962860107,0,0,0
test,2,2018-03-02 04:07:00+00:00,0.011830166913568974,0.5475258827209473,0.6463263630867004,4.186073303222656,0,0,0
test,3,2018-03-02 04:08:00+00:00,0.013643563725054264,0.5578279495239258,0.6250119805335999,3.703333854675293,0,0,0
test,4,2018-03-02 04:09:00+00:00,0.013856105506420135,0.5826023817062378,0.6555589437484741,3.9987025260925293,0,0,0
test,5,2018-03-02 04:10:00+00:00,0.009898059070110321,0.5744739770889282,0.7529399394989014,5.791862487792969,0,0,0
test,6,2018-03-02 04:11:00+00:00,0.01441726554185152,0.5827980041503906,0.6677513718605042,4.318929195404053,0,0,0
test,7,2018-03-02 04:12:00+00:00,0.021068554371595383,0.587334156036377,0.694279134273529,4.441773414611816,0,0,0
test,8,2018-03-02 04:13:00+00:00,0.005437372252345085,0.5178280472755432,0.6235383749008179,4.516995906829834,0,0,0
test,9,2018-03-02 04:14:00+00:00,0.005810742266476154,0.5235666036605835,0.6302918791770935,4.6715240478515625,0,0,0
test,10,2018-03-02 04:15:00+00:00,0.005991544108837843,0.5319490432739258,0.6904704570770264,5.439093589782715,0,0,0
test,11,2018-03-02 04:16:00+00:00,0.003343019401654601,0.4974181652069092,0.6417596340179443,4.861910343170166,0,0,0
test,12,2018-03-02 04:17:00+00:00,0.0032008327543735504,0.4818156361579895,0.6225792169570923,4.643532752990723,0,0,0
test,13,2018-03-02 04:18:00+00:00,0.007592484354972839,0.519616961479187,0.634066104888916,4.334696292877197,0,0,0
test,14,2018-03-02 04:19:00+00:00,0.0057466281577944756,0.5095474720001221,0.647212564945221,4.960113525390625,0,0,0
test,15,2018-03-02 04:20:00+00:00,0.005944428499788046,0.5354819893836975,0.6384229063987732,4.620436191558838,0,0,0
test,16,2018-03-02 04:21:00+00:00,0.011391740292310715,0.5829545259475708,0.7704492807388306,5.857079029083252,0,0,0
test,17,2018-03-02 04:22:00+00:00,0.09986279159784317,0.636927604675293,0.5676115155220032,1.5419256687164307,0,0,0
test,18,2018-03-02 04:23:00+00:00,0.016613611951470375,0.536745011806488,0.5883474946022034,2.9373254776000977,0,0,0
test,19,2018-03-02 04:24:00+00:00,0.024776479229331017,0.6152462959289551,0.6855376958847046,4.2824625968933105,0,0,0
test,20,2018-03-02 04:25:00+00:00,0.006938145030289888,0.5299526453018188,0.6169570684432983,4.174768924713135,0,0,0
test,21,2018-03-02 04:26:00+00:00,0.009221074171364307,0.5539264678955078,0.6256502866744995,4.163439750671387,0,0,0
test,22,2018-03-02 04:27:00+00:00,0.01490116212517023,0.5765617489814758,0.6938207745552063,4.877835750579834,0,0,0
test,23,2018-03-02 04:28:00+00:00,0.011745598167181015,0.5446710586547852,0.6143547296524048,3.638812303543091,0,0,0
test,24,2018-03-02 04:29:00+00:00,0.014775201678276062,0.602994978427887,0.8008781671524048,5.938187599182129,0,0,0
test,25,2018-03-02 04:30:00+00:00,0.015741320326924324,0.5770307779312134,0.7164565920829773,5.070441246032715,0,0,0
test,26,2018-03-02 04:31:00+00:00,0.011676219291985035,0.5500134229660034,0.6243112683296204,3.8982086181640625,0,0,0
test,27,2018-03-02 04:32:00+00:00,0.013597053475677967,0.5610340237617493,0.6170222759246826,3.4428694248199463,0,0,0
test,28,2018-03-02 04:33:00+00:00,0.020534060895442963,0.5907224416732788,0.6183375716209412,3.065511465072632,0,0,0
test,29,2018-03-02 04:34:00+00:00,0.01816251128911972,0.5830693244934082,0.6226106286048889,3.3216934204101562,0,0,0
test,30,2018-03-02 04:35:00+00:00,0.01886550523340702,0.5917718410491943,0.6046773791313171,2.9810686111450195,0,0,0
test,31,2018-03-02 04:36:00+00:00,0.023297594860196114,0.6110233664512634,0.6862807869911194,3.8650946617126465,0,0,0
test,32,2018-03-02 04:37:00+00:00,0.03457390516996384,0.627403736114502,0.645351767539978,2.9133822917938232,0,0,0
test,33,2018-03-02 04:38:00+00:00,0.027539225295186043,0.6120222806930542,0.6416935920715332,3.0466127395629883,0,0,0
test,34,2018-03-02 04:39:00+00:00,0.030292972922325134,0.6203832030296326,0.7599878311157227,4.390416145324707,0,0,0
test,35,2018-03-02 04:40:00+00:00,0.0390324629843235,0.6241370439529419,0.6540731191635132,2.9228227138519287,0,0,0
test,36,2018-03-02 04:41:00+00:00,0.049053121358156204,0.6246612071990967,0.6838173866271973,3.1513607501983643,0,0,0
test,37,2018-03-02 04:42:00+00:00,0.07946412265300751,0.6488105058670044,0.7626404166221619,3.608292579650879,0,0,0
test,38,2018-03-02 04:43:00+00:00,0.0906849354505539,0.6351277828216553,0.6980982422828674,2.7330667972564697,0,0,0
test,39,2018-03-02 04:44:00+00:00,0.03006448596715927,0.5803661942481995,0.6247196197509766,3.1046831607818604,0,0,0
test,40,2018-03-02 04:45:00+00:00,0.03705551475286484,0.5956592559814453,0.5918803215026855,2.2410151958465576,0,0,0
test,41,2018-03-02 04:46:00+00:00,0.03829571232199669,0.6125273108482361,0.6541462540626526,3.11830997467041,0,0,0
test,42,2018-03-02 04:47:00+00:00,0.022614648565649986,0.5973603129386902,0.6409957408905029,3.4425997734069824,0,0,0
test,43,2018-03-02 04:48:00+00:00,0.042790137231349945,0.6133853793144226,0.63959139585495,2.666332960128784,0,0,0
test,44,2018-03-02 04:49:00+00:00,0.048932574689388275,0.6287950277328491,0.6619492769241333,2.859255075454712,0,0,0
test,45,2018-03-02 04:50:00+00:00,0.05577061325311661,0.6103172302246094,0.6065962910652161,2.074277400970459,0,0,0
test,46,2018-03-02 04:51:00+00:00,0.06171591952443123,0.6121240854263306,0.6037943959236145,1.9894365072250366,0,0,0
test,47,2018-03-02 04:52:00+00:00,0.0356331467628479,0.5989687442779541,0.7003102898597717,3.840252637863159,0,0,0
test,48,2018-03-02 04:53:00+00:00,0.043230701237916946,0.6117334365844727,0.6753576397895813,3.4423892498016357,0,0,0
test,49,2018-03-02 04:54:00+00:00,0.015394014306366444,0.5587130784988403,0.7278045415878296,5.062863349914551,0,0,0
test,50,2018-03-02 04:55:00+00:00,0.0202107485383749,0.5853108167648315,0.6592474579811096,3.656583547592163,0,0,0
test,51,2018-03-02 04:56:00+00:00,0.025909559801220894,0.5801360607147217,0.6004095673561096,2.661468505859375,0,0,0
test,52,2018-03-02 04:57:00+00:00,0.037181392312049866,0.6099948287010193,0.6166136860847473,2.549569845199585,0,0,0
test,53,2018-03-02 04:58:00+00:00,0.01619156077504158,0.5531774759292603,0.6531668305397034,4.059137344360352,0,0,0
test,54,2018-03-02 04:59:00+00:00,0.009187932126224041,0.5286726951599121,0.6660351753234863,4.7576375007629395,0,0,0
test,55,2018-03-02 05:00:00+00:00,0.0064825634472072124,0.5696821212768555,0.8304570913314819,7.205461025238037,0,0,0
test,56,2018-03-02 05:01:00+00:00,0.006519639398902655,0.5086764693260193,0.706206202507019,6.0918755531311035,0,0,0
test,57,2018-03-02 05:02:00+00:00,0.007899576798081398,0.5309476852416992,0.6329877972602844,4.363320350646973,0,0,0
test,58,2018-03-02 05:03:00+00:00,0.007554860785603523,0.562649130821228,0.6753488183021545,4.629426002502441,0,0,0
test,59,2018-03-02 05:04:00+00:00,0.005436296109110117,0.5373104810714722,0.7880743741989136,6.776355266571045,0,0,0
test,60,2018-03-02 05:05:00+00:00,0.003706062212586403,0.5063347816467285,0.6396926641464233,4.74648380279541,0,0,0
test,61,2018-03-02 05:06:00+00:00,0.007201635278761387,0.5532585382461548,0.6762752532958984,4.707920074462891,0,0,0
test,62,2018-03-02 05:07:00+00:00,0.009177847765386105,0.5578327178955078,0.6524959802627563,4.056894302368164,0,0,0
test,63,2018-03-02 05:08:00+00:00,0.006372401490807533,0.5435131192207336,0.686271607875824,4.898199081420898,0,0,0
test,64,2018-03-02 05:09:00+00:00,0.007491159252822399,0.5579967498779297,0.6705033779144287,4.398715972900391,0,0,0
test,65,2018-03-02 05:10:00+00:00,0.04349139332771301,0.6366750597953796,0.5879453420639038,1.9725104570388794,0,0,0
test,66,2018-03-02 05:11:00+00:00,0.014364011585712433,0.5745042562484741,0.6660990715026855,3.8367457389831543,0,0,0
test,67,2018-03-02 05:12:00+00:00,0.007513384334743023,0.5233354568481445,0.6637637615203857,4.536786079406738,0,0,0
test,68,2018-03-02 05:13:00+00:00,0.008053582161664963,0.5448143482208252,0.6370640397071838,4.030846118927002,0,0,0
test,69,2018-03-02 05:14:00+00:00,0.003171458374708891,0.5057744979858398,0.6338739395141602,4.689845085144043,0,0,0
test,70,2018-03-02 05:15:00+00:00,0.004048988688737154,0.5346221327781677,0.6589249968528748,4.801411151885986,0,0,0
test,71,2018-03-02 05:16:00+00:00,0.004122507758438587,0.520233690738678,0.6573708653450012,4.606834888458252,0,0,0
test,72,2018-03-02 05:17:00+00:00,0.011995533481240273,0.6247271299362183,1.0184506177902222,8.579177856445312,0,0,0
test,73,2018-03-02 05:18:00+00:00,0.0073809451423585415,0.5579501390457153,0.636055052280426,4.106903553009033,0,0,0
test,74,2018-03-02 05:19:00+00:00,0.01074863038957119,0.5688812732696533,0.7051827311515808,4.823573112487793,0,0,0
test,75,2018-03-02 05:20:00+00:00,0.004688167944550514,0.5307677984237671,0.6792208552360535,4.785578727722168,0,0,0
test,76,2018-03-02 05:21:00+00:00,0.006800120230764151,0.553046464920044,0.6670621037483215,4.731945037841797,0,0,0
test,77,2018-03-02 05:22:00+00:00,0.0037910263054072857,0.5133466720581055,0.6661949753761292,4.940203666687012,0,0,0
test,78,2018-03-02 05:23:00+00:00,0.0026558495592325926,0.5053694248199463,0.6811245083808899,5.458901405334473,0,0,0
test,79,2018-03-02 05:24:00+00:00,0.0023607166949659586,0.49648767709732056,0.6856733560562134,5.664262771606445,0,0,0
test,80,2018-03-02 05:25:00+00:00,0.0038009900599718094,0.5100096464157104,0.6366574168205261,4.701959609985352,0,0,0
test,81,2018-03-02 05:26:00+00:00,0.0031755762174725533,0.5029718279838562,0.670006513595581,5.061063289642334,0,0,0
test,82,2018-03-02 05:27:00+00:00,0.0046904017217457294,0.529196560382843,0.629425585269928,4.30620813369751,0,0,0
test,83,2018-03-02 05:28:00+00:00,0.0032712204847484827,0.5075283050537109,0.6256677508354187,4.413344860076904,0,0,0
test,84,2018-03-02 05:29:00+00:00,0.043810464441776276,0.5638459920883179,0.546777606010437,1.9915333986282349,0,0,0
test,85,2018-03-02 05:30:00+00:00,0.046451929956674576,0.6408130526542664,0.9299307465553284,6.255888938903809,0,0,0
test,86,2018-03-02 08:46:00+00:00,0.07747536897659302,0.7300530672073364,1.0764416456222534,6.630198001861572,0,0,0
test,87,2018-03-02 09:16:00+00:00,0.006041763350367546,0.5078873634338379,0.7279863953590393,5.583271026611328,0,0,0
test,88,2018-03-02 09:17:00+00:00,0.004734271205961704,0.5094002485275269,0.5866122841835022,3.8611977100372314,0,0,0
test,89,2018-03-02 09:18:00+00:00,0.006238543428480625,0.48961377143859863,0.6618781685829163,5.408195495605469,0,0,0
test,90,2018-03-02 09:19:00+00:00,0.002407722407951951,0.4255487322807312,0.5781524181365967,4.286029815673828,0,0,0
test,91,2018-03-02 09:20:00+00:00,0.002570838201791048,0.47392117977142334,0.872229278087616,9.37468433380127,0,0,0
test,92,2018-03-02 09:21:00+00:00,0.002330334624275565,0.4487074017524719,0.7300857305526733,7.1368889808654785,0,0,0
test,93,2018-03-02 09:22:00+00:00,0.0018445417517796159,0.4375028610229492,0.6513233184814453,5.498782634735107,0,0,0
test,94,2018-03-02 09:23:00+00:00,0.003181039821356535,0.46286287903785706,0.8692246079444885,9.349218368530273,0,0,0
test,95,2018-03-02 09:24:00+00:00,0.002125262748450041,0.4581926465034485,0.8869516253471375,9.473852157592773,0,0,0
test,96,2018-03-02 09:25:00+00:00,0.0027531550731509924,0.479755699634552,0.9668866991996765,10.305996894836426,0,0,0
test,97,2018-03-02 09:26:00+00:00,0.002827694173902273,0.4692875146865845,0.7675130367279053,7.3582892417907715,0,0,0
test,98,2018-03-02 09:27:00+00:00,0.0029044041875749826,0.49592024087905884,1.0474376678466797,11.617311477661133,0,0,0
test,99,2018-03-02 09:28:00+00:00,0.002281141234561801,0.417547345161438,0.6805391311645508,6.281229496002197,0,0,0
test,100,2018-03-02 09:29:00+00:00,0.0024908329360187054,0.4524630904197693,0.986064612865448,10.911521911621094,0,0,0
test,101,2018-03-02 09:30:00+00:00,0.0022356875706464052,0.46274301409721375,1.077092170715332,12.301148414611816,0,0,0
test,102,2018-03-02 09:31:00+00:00,0.001991865923628211,0.479305624961853,1.2105828523635864,13.976187705993652,0,0,0
test,103,2018-03-02 09:32:00+00:00,0.0019583613611757755,0.40792572498321533,0.7475778460502625,7.539336204528809,0,0,0
test,104,2018-03-02 09:33:00+00:00,0.00191719108261168,0.4551445245742798,0.806393027305603,8.162753105163574,0,0,0
test,105,2018-03-02 09:34:00+00:00,0.002913890639320016,0.4539736807346344,0.8072656989097595,8.409650802612305,0,0,0
test,106,2018-03-02 09:35:00+00:00,0.0013841253239661455,0.4308830499649048,0.7145684957504272,6.635932922363281,0,0,0
test,107,2018-03-02 09:36:00+00:00,0.0015047512715682387,0.4780266284942627,0.9569966197013855,10.239218711853027,0,0,0
test,108,2018-03-02 09:37:00+00:00,0.0011395239271223545,0.4481600522994995,0.765302300453186,7.452972412109375,0,0,0
test,109,2018-03-02 09:38:00+00:00,0.003067855490371585,0.4600875973701477,0.8340786099433899,8.44127082824707,0,0,0
test,110,2018-03-02 09:39:00+00:00,0.0024688816629350185,0.42518508434295654,0.7562090754508972,7.424454212188721,0,0,0
test,111,2018-03-02 09:40:00+00:00,0.0016559661598876119,0.514015793800354,1.0436748266220093,11.359580039978027,0,0,0
test,112,2018-03-02 09:41:00+00:00,0.0010181448888033628,0.43926697969436646,0.6939271688461304,6.28092098236084,0,0,0
test,113,2018-03-02 09:42:00+00:00,0.0011603679740801454,0.42564886808395386,0.6577569246292114,5.87905740737915,0,0,0
test,114,2018-03-02 09:43:00+00:00,0.0067904950119555,0.46594828367233276,0.7269514799118042,6.453537464141846,0,0,0
test,115,2018-03-02 09:44:00+00:00,0.0023472628090530634,0.46600887179374695,0.8586471080780029,9.022497177124023,0,0,0
test,116,2018-03-02 09:45:00+00:00,0.006491194013506174,0.4772939682006836,0.7355294227600098,6.549627780914307,0,0,0
test,117,2018-03-02 09:46:00+00:00,0.003154543461278081,0.43655216693878174,0.7118833661079407,7.0785136222839355,0,0,0
test,118,2018-03-02 09:47:00+00:00,0.001889384351670742,0.4788040816783905,0.7702631950378418,7.689361572265625,0,0,0
test,119,2018-03-02 09:48:00+00:00,0.001361390110105276,0.4345278739929199,0.8318645358085632,8.8611421585083,0,0,0
test,120,2018-03-02 09:49:00+00:00,0.0014512853231281042,0.45243754982948303,0.8064082264900208,8.200172424316406,0,0,0
test,121,2018-03-02 09:50:00+00:00,0.0021054085809737444,0.44869890809059143,0.7356098890304565,7.195139408111572,0,0,0
test,122,2018-03-02 09:51:00+00:00,0.0024672101717442274,0.46102434396743774,0.8591875433921814,8.424895286560059,0,0,0
test,123,2018-03-02 09:52:00+00:00,0.004685461986809969,0.4501391053199768,0.6860983967781067,6.0402326583862305,0,0,0
test,124,2018-03-02 09:53:00+00:00,0.0019415372516959906,0.4377615451812744,0.7585342526435852,7.712331771850586,0,0,0
test,125,2018-03-02 09:54:00+00:00,0.002646941924467683,0.4433979392051697,0.8130243420600891,8.503768920898438,0,0,0
test,126,2018-03-02 09:55:00+00:00,0.001395077328197658,0.4530189633369446,0.6846097111701965,6.118429660797119,0,0,0
test,127,2018-03-02 09:56:00+00:00,0.0024629838299006224,0.46320563554763794,0.7697104215621948,8.014867782592773,0,0,0
test,128,2018-03-02 09:57:00+00:00,0.0021293852478265762,0.48228687047958374,0.9229229688644409,10.338521003723145,0,0,0
test,129,2018-03-02 09:58:00+00:00,0.0034892160911113024,0.465160071849823,0.7774643301963806,7.923717975616455,0,0,0
test,130,2018-03-02 09:59:00+00:00,0.002474807668477297,0.49210602045059204,0.8063719272613525,8.079867362976074,0,0,0
test,131,2018-03-02 10:00:00+00:00,0.0018454912351444364,0.45814549922943115,0.7536510825157166,7.580632209777832,0,0,0
test,132,2018-03-02 10:01:00+00:00,0.0036389974411576986,0.4212619364261627,0.6226240396499634,5.517518997192383,0,0,0
test,133,2018-03-02 10:02:00+00:00,0.0015251277945935726,0.4593241810798645,0.6307016611099243,5.35770845413208,0,0,0
test,134,2018-03-02 10:03:00+00:00,0.002863034838810563,0.4593154788017273,0.6723373532295227,6.151771068572998,0,0,0
test,135,2018-03-02 10:04:00+00:00,0.0015050899237394333,0.426416277885437,0.7465057969093323,7.903964042663574,0,0,0
test,136,2018-03-02 10:05:00+00:00,0.0017619208665564656,0.48984378576278687,0.9586431980133057,10.643789291381836,0,0,0
test,137,2018-03-02 10:06:00+00:00,0.002101827645674348,0.5036089420318604,1.084062099456787,12.608595848083496,0,0,0
test,138,2018-03-02 10:07:00+00:00,0.002037452533841133,0.4817809760570526,0.8952921628952026,10.044902801513672,0,0,0
test,139,2018-03-02 10:08:00+00:00,0.0012908318312838674,0.44159793853759766,0.8355641961097717,9.372200965881348,0,0,0
test,140,2018-03-02 10:09:00+00:00,0.0015874718083068728,0.4357069730758667,0.6653260588645935,5.963801860809326,0,0,0
test,141,2018-03-02 10:10:00+00:00,0.0020269255619496107,0.4508572220802307,0.9707578420639038,11.113110542297363,0,0,0
test,142,2018-03-02 10:11:00+00:00,0.0017066036816686392,0.4521682858467102,0.8882760405540466,9.884957313537598,0,0,0
test,143,2018-03-02 10:12:00+00:00,0.0011514773359522223,0.46849358081817627,1.1462842226028442,13.870388984680176,0,0,0
test,144,2018-03-02 10:13:00+00:00,0.0024967407807707787,0.49399662017822266,0.9497516751289368,10.331304550170898,0,0,0
test,145,2018-03-02 10:14:00+00:00,0.0033431381452828646,0.5242329835891724,1.0650421380996704,12.077396392822266,0,0,0
test,146,2018-03-02 10:15:00+00:00,0.002454373985528946,0.46988606452941895,0.8926342129707336,9.907471656799316,0,0,0
test,147,2018-03-02 10:16:00+00:00,0.003379521192982793,0.47433698177337646,1.0471296310424805,11.958871841430664,0,0,0
test,148,2018-03-02 10:17:00+00:00,0.0020354415755718946,0.45768940448760986,0.8256314396858215,8.934647560119629,0,0,0
test,149,2018-03-02 10:18:00+00:00,0.002057230332866311,0.4429018497467041,0.7394305467605591,7.0649614334106445,0,0,0
test,150,2018-03-02 10:19:00+00:00,0.0020863772369921207,0.4645160138607025,0.9145671129226685,10.315704345703125,0,0,0
test,151,2018-03-02 10:20:00+00:00,0.0014662938192486763,0.4512726068496704,0.8807652592658997,10.122552871704102,0,0,0
test,152,2018-03-02 10:21:00+00:00,0.0015685062389820814,0.46274906396865845,0.9645423293113708,11.164056777954102,0,0,0
test,153,2018-03-02 10:22:00+00:00,0.0011565095046535134,0.430876225233078,0.6452322006225586,5.703178882598877,0,0,0
test,154,2018-03-02 10:23:00+00:00,0.00268226838670671,0.501457929611206,0.9002124667167664,9.496101379394531,0,0,0
test,155,2018-03-02 10:24:00+00:00,0.002705478575080633,0.4707912802696228,0.9026319980621338,9.745462417602539,0,0,0
test,156,2018-03-02 10:25:00+00:00,0.003311032662168145,0.4585804343223572,0.8616287708282471,8.59681224822998,0,0,0
test,157,2018-03-02 10:26:00+00:00,0.0014882213436067104,0.4585505723953247,0.6999134421348572,6.459053993225098,0,0,0
test,158,2018-03-02 10:27:00+00:00,0.0011986269382759929,0.40863358974456787,0.7146908640861511,7.091812610626221,0,0,0
test,159,2018-03-02 10:28:00+00:00,0.0016703068977221847,0.4357650578022003,0.8134253025054932,8.906167030334473,0,0,0
test,160,2018-03-02 10:29:00+00:00,0.0010529628489166498,0.41491207480430603,0.6499233841896057,5.839136123657227,0,0,0
test,161,2018-03-02 10:30:00+00:00,0.0015376158989965916,0.42318835854530334,0.746503472328186,7.580513954162598,0,0,0
test,162,2018-03-02 10:31:00+00:00,0.0012725676642730832,0.40081787109375,0.6432701349258423,5.564573764801025,0,0,0
test,163,2018-03-02 10:32:00+00:00,0.001408813870511949,0.4450005292892456,1.0187370777130127,11.541030883789062,0,0,0
test,164,2018-03-02 10:33:00+00:00,0.0011365170357748866,0.4176635146141052,0.8008625507354736,8.328024864196777,0,0,0
test,165,2018-03-02 10:34:00+00:00,0.0015357497613877058,0.4713578224182129,1.118146300315857,13.137163162231445,0,0,0
test,166,2018-03-02 10:35:00+00:00,0.0009289495064876974,0.43600302934646606,0.716794490814209,6.469613552093506,0,0,0
test,167,2018-03-02 10:36:00+00:00,0.0012179010082036257,0.44125181436538696,0.782780110836029,7.4872918128967285,0,0,0
test,168,2018-03-02 10:37:00+00:00,0.0011958726681768894,0.41109544038772583,0.6677098870277405,6.18947696685791,0,0,0
test,169,2018-03-02 10:38:00+00:00,0.0014172561932355165,0.42121177911758423,0.6621391177177429,6.00937557220459,0,0,0
test,170,2018-03-02 10:39:00+00:00,0.0014881162205711007,0.4479488432407379,0.6368444561958313,5.387035369873047,0,0,0
test,171,2018-03-02 10:40:00+00:00,0.0010516764596104622,0.4608417749404907,0.7602988481521606,7.449849605560303,0,0,0
test,172,2018-03-02 10:41:00+00:00,0.0013554258039221168,0.4660501480102539,0.8046892881393433,8.413286209106445,0,0,0
test,173,2018-03-02 10:42:00+00:00,0.0012795442016795278,0.457521915435791,0.7313738465309143,7.097245216369629,0,0,0
test,174,2018-03-02 10:43:00+00:00,0.0025600616354495287,0.4581972658634186,0.7437931299209595,6.994340896606445,0,0,0
test,175,2018-03-02 10:44:00+00:00,0.0018387500895187259,0.49473726749420166,0.7927608489990234,7.737873077392578,0,0,0
test,176,2018-03-02 10:45:00+00:00,0.001333765801973641,0.48273593187332153,0.8980978727340698,9.532196044921875,0,0,0
test,177,2018-03-02 10:46:00+00:00,0.0028869318775832653,0.4739339053630829,0.6832382082939148,6.329172134399414,0,0,0
test,178,2018-03-02 10:47:00+00:00,0.0030197561718523502,0.5068572163581848,0.6737772226333618,5.206153392791748,0,0,0
test,179,2018-03-02 10:48:00+00:00,0.005267007276415825,0.5329419374465942,0.6135149002075195,4.026398181915283,0,0,0
test,180,2018-03-02 10:49:00+00:00,0.002701353747397661,0.5104537010192871,0.6553669571876526,4.774829387664795,0,0,0
test,181,2018-03-02 10:50:00+00:00,0.002906930400058627,0.5122232437133789,0.6791784763336182,5.690483093261719,0,0,0
test,182,2018-03-02 10:51:00+00:00,0.0030078785493969917,0.5376746654510498,0.745598554611206,6.275734901428223,0,0,0
test,183,2018-03-02 10:52:00+00:00,0.002405218780040741,0.49992161989212036,0.784976601600647,7.4449920654296875,0,0,0
test,184,2018-03-02 10:53:00+00:00,0.0030148234218358994,0.5051251649856567,0.6819455623626709,5.2920026779174805,0,0,0
test,185,2018-03-02 10:54:00+00:00,0.0022385430056601763,0.49231356382369995,0.7267312407493591,6.436886310577393,0,0,0
test,186,2018-03-02 10:55:00+00:00,0.0024554214905947447,0.48228833079338074,0.7449363470077515,6.8671793937683105,0,0,0
test,187,2018-03-02 10:56:00+00:00,0.0014995397068560123,0.45587727427482605,0.6522901058197021,5.124521255493164,0,0,0
test,188,2018-03-02 10:57:00+00:00,0.001421070657670498,0.43440669775009155,0.701982855796814,6.203697204589844,0,0,0
test,189,2018-03-02 10:58:00+00:00,0.0010570392478257418,0.42327314615249634,0.7134473323822021,6.4061455726623535,0,0,0
test,190,2018-03-02 10:59:00+00:00,0.0010767560452222824,0.42677435278892517,0.8573934435844421,9.035795211791992,0,0,0
test,191,2018-03-02 11:00:00+00:00,0.0008917275699786842,0.4000610411167145,0.7559803128242493,7.487679481506348,0,0,0
test,192,2018-03-02 11:01:00+00:00,0.0012875964166596532,0.47375941276550293,1.063280701637268,12.184026718139648,0,0,0
test,193,2018-03-02 11:02:00+00:00,0.0011407126439735293,0.41724303364753723,0.6764837503433228,5.945117950439453,0,0,0
test,194,2018-03-02 11:03:00+00:00,0.0012370299082249403,0.4040846824645996,0.6957757472991943,6.317937850952148,0,0,0
test,195,2018-03-02 11:04:00+00:00,0.000875282974448055,0.42099782824516296,0.8561885356903076,9.209604263305664,0,0,0
test,196,2018-03-02 11:05:00+00:00,0.000667390413582325,0.4056141972541809,0.8414914011955261,9.146735191345215,0,0,0
test,197,2018-03-02 11:06:00+00:00,0.0007871802663430572,0.4011871814727783,0.7282418608665466,6.945565700531006,0,0,0
test,198,2018-03-02 11:07:00+00:00,0.0009204221423715353,0.44760626554489136,0.6932058334350586,6.194974899291992,0,0,0
test,199,2018-03-02 11:08:00+00:00,0.0011220969026908278,0.4439055025577545,0.6737335920333862,5.761335372924805,0,0,0
test,200,2018-03-02 11:09:00+00:00,0.0016755596734583378,0.49120622873306274,0.6812673211097717,5.704058647155762,0,0,0
test,201,2018-03-02 11:10:00+00:00,0.0025330192875117064,0.4874708950519562,0.8286579847335815,8.732747077941895,0,0,0
test,202,2018-03-02 11:11:00+00:00,0.002622540108859539,0.5048342943191528,0.6821298003196716,5.670128345489502,0,0,0
test,203,2018-03-02 11:12:00+00:00,0.0026926412247121334,0.49761852622032166,0.6574634909629822,5.2894287109375,0,0,0
test,204,2018-03-02 11:13:00+00:00,0.0036193663254380226,0.49849724769592285,0.682831883430481,5.94839334487915,0,0,0
test,205,2018-03-02 11:14:00+00:00,0.0037746508605778217,0.4923555850982666,0.6286873817443848,4.588989734649658,0,0,0
test,206,2018-03-02 11:15:00+00:00,0.004526023752987385,0.46130889654159546,0.6505486965179443,5.573889255523682,0,0,0
test,207,2018-03-02 11:16:00+00:00,0.0027519261930137873,0.475492388010025,0.5774906277656555,3.7043612003326416,0,0,0
test,208,2018-03-02 11:17:00+00:00,0.0038007714319974184,0.47573304176330566,0.6470955610275269,4.806445598602295,0,0,0
test,209,2018-03-02 11:18:00+00:00,0.0026928954757750034,0.4647340774536133,0.5981894135475159,4.227016448974609,0,0,0
test,210,2018-03-02 11:19:00+00:00,0.0033610151149332523,0.4775400459766388,0.646476686000824,4.850526809692383,0,0,0
test,211,2018-03-02 11:20:00+00:00,0.0023837643675506115,0.48954135179519653,0.5712781548500061,3.6590514183044434,0,0,0
test,212,2018-03-02 11:21:00+00:00,0.005143854767084122,0.4735732674598694,0.5768596529960632,3.5825657844543457,0,0,0
test,213,2018-03-02 11:22:00+00:00,0.0032220054417848587,0.48958271741867065,0.6137390732765198,4.260669231414795,0,0,0
test,214,2018-03-02 11:23:00+00:00,0.003845646744593978,0.48017388582229614,0.6355983018875122,4.6390838623046875,0,0,0
test,215,2018-03-02 11:24:00+00:00,0.0030512993689626455,0.45715582370758057,0.6220572590827942,4.627015590667725,0,0,0
test,216,2018-03-02 11:25:00+00:00,0.0032232082448899746,0.4830206632614136,0.6682571172714233,5.043116569519043,0,0,0
test,217,2018-03-02 11:26:00+00:00,0.002346926601603627,0.46369606256484985,0.6146400570869446,4.65310001373291,0,0,0
test,218,2018-03-02 11:27:00+00:00,0.0020360779017210007,0.45635226368904114,0.6076558828353882,4.542236804962158,0,0,0
test,219,2018-03-02 11:28:00+00:00,0.001925540971569717,0.45676863193511963,0.6090953350067139,4.514592170715332,0,0,0
test,220,2018-03-02 11:29:00+00:00,0.001659971778281033,0.4665350914001465,0.5916227698326111,4.147299766540527,0,0,0
test,221,2018-03-02 11:30:00+00:00,0.001589747960679233,0.4388045072555542,0.6357844471931458,4.761557579040527,0,0,0
test,222,2018-03-02 11:31:00+00:00,0.0020115163642913103,0.4796833395957947,0.8150172233581543,7.575170516967773,0,0,0
test,223,2018-03-02 11:32:00+00:00,0.0013876050943508744,0.4785352349281311,0.7244755029678345,6.040366172790527,0,0,0
test,224,2018-03-02 11:33:00+00:00,0.0032804326619952917,0.5003594756126404,0.6744866371154785,5.21462869644165,0,0,0
test,225,2018-03-02 11:34:00+00:00,0.002835750114172697,0.4807494580745697,0.6484075784683228,4.802607536315918,0,0,0
test,226,2018-03-02 11:35:00+00:00,0.0028386213816702366,0.48173952102661133,0.5894073843955994,3.8284387588500977,0,0,0
test,227,2018-03-02 11:36:00+00:00,0.003097808687016368,0.47164690494537354,0.5991938710212708,4.016380786895752,0,0,0
test,228,2018-03-02 11:37:00+00:00,0.0029439087957143784,0.4551517367362976,0.6555213928222656,5.34915018081665,0,0,0
test,229,2018-03-02 11:38:00+00:00,0.003369491547346115,0.4910258650779724,0.6110933423042297,4.429813385009766,0,0,0
test,230,2018-03-02 11:39:00+00:00,0.0037349665071815252,0.4741668701171875,0.6711905598640442,5.715869426727295,0,0,0
test,231,2018-03-02 11:40:00+00:00,0.004263945855200291,0.5249872207641602,0.8835325837135315,8.95384407043457,0,0,0
test,232,2018-03-02 11:41:00+00:00,0.00189479801338166,0.4500422477722168,0.6874102354049683,6.310145378112793,0,0,0
test,233,2018-03-02 11:42:00+00:00,0.003133733756840229,0.5228945016860962,0.9538781642913818,10.350811004638672,0,0,0
test,234,2018-03-02 11:43:00+00:00,0.0013711716746911407,0.45495525002479553,0.6153655648231506,4.836382865905762,0,0,0
test,235,2018-03-02 11:44:00+00:00,0.0028610227163881063,0.4721202850341797,0.7127645015716553,6.667288303375244,0,0,0
test,236,2018-03-02 11:45:00+00:00,0.00138470355886966,0.45162302255630493,0.6283859014511108,5.272539138793945,0,0,0
test,237,2018-03-02 11:46:00+00:00,0.0016926138196140528,0.47092366218566895,0.7557825446128845,7.223613739013672,0,0,0
test,238,2018-03-02 11:47:00+00:00,0.0012088584480807185,0.41082149744033813,0.6501041054725647,5.856665134429932,0,0,0
test,239,2018-03-02 11:48:00+00:00,0.002014512661844492,0.4471234381198883,0.7258197069168091,6.8256096839904785,0,0,0
test,240,2018-03-02 11:49:00+00:00,0.0013013752177357674,0.4304099678993225,0.6885064840316772,6.67238187789917,0,0,0
test,241,2018-03-02 11:50:00+00:00,0.0013699111295863986,0.414199560880661,0.724849283695221,7.082279682159424,0,0,0
test,242,2018-03-02 11:51:00+00:00,0.001033729175105691,0.4450412094593048,0.7641754746437073,7.93151330947876,0,0,0
test,243,2018-03-02 11:52:00+00:00,0.001400752691552043,0.4231035113334656,0.6960026621818542,6.225146293640137,0,0,0
test,244,2018-03-02 11:53:00+00:00,0.0011079886462539434,0.4031926393508911,0.7367702722549438,7.275088787078857,0,0,0
test,245,2018-03-02 11:54:00+00:00,0.001491974457167089,0.4229566752910614,0.8266308307647705,8.660468101501465,0,0,0
test,246,2018-03-02 11:55:00+00:00,0.0010696237441152334,0.41330161690711975,0.9070442914962769,10.135184288024902,0,0,0
test,247,2018-03-02 11:56:00+00:00,0.0012023375602439046,0.4078015387058258,0.6845810413360596,6.2238311767578125,0,0,0
test,248,2018-03-02 11:57:00+00:00,0.001033968641422689,0.4071921706199646,0.6619074940681458,5.816738128662109,0,0,0
test,249,2018-03-02 11:58:00+00:00,0.0009031363297253847,0.40775662660598755,0.7263312935829163,7.33461856842041,0,0,0
test,250,2018-03-02 11:59:00+00:00,0.0007933310116641223,0.40457484126091003,0.7075767517089844,7.115835189819336,0,0,0
test,251,2018-03-02 12:00:00+00:00,0.0008491526241414249,0.4221765697002411,0.6603174209594727,5.928030490875244,0,0,0
test,252,2018-03-02 12:01:00+00:00,0.0009222808876074851,0.42436230182647705,0.6652740240097046,6.178727149963379,0,0,0
test,253,2018-03-02 12:02:00+00:00,0.0013506368268281221,0.45823487639427185,0.6058841943740845,4.507274150848389,0,0,0
test,254,2018-03-02 12:03:00+00:00,0.0010766638442873955,0.44238603115081787,0.5906102061271667,4.311601161956787,0,0,0
test,255,2018-03-02 12:04:00+00:00,0.0009060117299668491,0.4261247515678406,0.7396088242530823,7.307361602783203,0,0,0
test,256,2018-03-02 12:05:00+00:00,0.0010120205115526915,0.42827802896499634,0.6551116704940796,5.530648708343506,0,0,0
test,257,2018-03-02 12:06:00+00:00,0.001731707016006112,0.4484615623950958,0.7461631894111633,7.152355670928955,0,0,0
test,258,2018-03-02 12:07:00+00:00,0.0015878807753324509,0.45791876316070557,0.8879520297050476,9.556927680969238,0,0,0
test,259,2018-03-02 12:08:00+00:00,0.004023725166916847,0.5311297178268433,0.741647481918335,6.5395941734313965,0,0,0
test,260,2018-03-02 12:09:00+00:00,0.004026023205369711,0.4814082682132721,0.7225978970527649,6.577229022979736,0,0,0
test,261,2018-03-02 12:10:00+00:00,0.0032268681097775698,0.44185271859169006,0.6616086959838867,5.541914463043213,0,0,0
test,262,2018-03-02 12:11:00+00:00,0.002254476537927985,0.46400919556617737,0.6817125678062439,6.099292278289795,0,0,0
test,263,2018-03-02 12:12:00+00:00,0.0014547411119565368,0.43432608246803284,0.792402982711792,8.200316429138184,0,0,0
test,264,2018-03-02 12:13:00+00:00,0.0026449498254805803,0.47220054268836975,0.8700438141822815,9.013503074645996,0,0,0
test,265,2018-03-02 12:14:00+00:00,0.0022002102341502905,0.4645422101020813,0.8081725239753723,8.270296096801758,0,0,0
test,266,2018-03-02 12:15:00+00:00,0.0011663063196465373,0.43053507804870605,0.6969659924507141,6.632209300994873,0,0,0
test,267,2018-03-02 12:16:00+00:00,0.0026248153299093246,0.4879677891731262,1.0524866580963135,12.280253410339355,0,0,0
test,268,2018-03-02 12:17:00+00:00,0.0038048250135034323,0.47874701023101807,0.7230825424194336,6.814436435699463,0,0,0
test,269,2018-03-02 12:18:00+00:00,0.00508153298869729,0.5217679142951965,1.04366934299469,11.35671615600586,0,0,0
test,270,2018-03-02 12:19:00+00:00,0.0023358792532235384,0.48178520798683167,0.7842573523521423,7.439916610717773,0,0,0
test,271,2018-03-02 12:20:00+00:00,0.0021869796328246593,0.46421319246292114,0.7690771222114563,7.253391265869141,0,0,0
test,272,2018-03-02 12:21:00+00:00,0.0023990587797015905,0.459942102432251,0.9024625420570374,9.50405216217041,0,0,0
test,273,2018-03-02 12:22:00+00:00,0.001908383914269507,0.46612513065338135,1.096505045890808,12.863723754882812,0,0,0
test,274,2018-03-02 12:23:00+00:00,0.0023198050912469625,0.46538978815078735,0.8128206729888916,7.980221271514893,0,0,0
test,275,2018-03-02 12:24:00+00:00,0.002405685605481267,0.4521852731704712,0.8170847296714783,8.260380744934082,0,0,0
test,276,2018-03-02 12:25:00+00:00,0.0017482866533100605,0.452950119972229,0.6296970844268799,5.0969061851501465,0,0,0
test,277,2018-03-02 12:26:00+00:00,0.0014302378986030817,0.4373149275779724,0.6379765272140503,5.434666156768799,0,0,0
test,278,2018-03-02 12:27:00+00:00,0.001304531586356461,0.4477052688598633,0.6144505143165588,4.9677205085754395,0,0,0
test,279,2018-03-02 12:28:00+00:00,0.0013263541040942073,0.4625258445739746,0.5834072232246399,3.9710891246795654,0,0,0
test,280,2018-03-02 12:29:00+00:00,0.0013385602505877614,0.4393235445022583,0.5966672897338867,4.640964031219482,0,0,0
test,281,2018-03-02 12:30:00+00:00,0.0010904816444963217,0.4451885223388672,0.5806018114089966,4.00699520111084,0,0,0
test,282,2018-03-02 12:31:00+00:00,0.000981815974228084,0.42926323413848877,0.6169297099113464,4.941013813018799,0,0,0
test,283,2018-03-02 12:32:00+00:00,0.0010562380775809288,0.41923248767852783,0.6190635561943054,5.003118515014648,0,0,0
test,284,2018-03-02 12:33:00+00:00,0.001024288241751492,0.4115145206451416,0.6327606439590454,5.20045280456543,0,0,0
test,285,2018-03-02 12:34:00+00:00,0.0021224734373390675,0.47220107913017273,0.7266330122947693,6.679226875305176,0,0,0
test,286,2018-03-02 12:35:00+00:00,0.0020953137427568436,0.49297526478767395,0.7601181268692017,7.259389877319336,0,0,0
test,287,2018-03-02 12:36:00+00:00,0.002754787914454937,0.5072532296180725,0.6613916158676147,5.447350025177002,0,0,0
test,288,2018-03-02 12:37:00+00:00,0.0031667824368923903,0.4954828917980194,0.6272405385971069,4.9121270179748535,0,0,0
test,289,2018-03-02 12:38:00+00:00,0.003119630040600896,0.46748191118240356,0.6233786344528198,4.652270317077637,0,0,0
test,290,2018-03-02 12:39:00+00:00,0.004122582264244556,0.53379225730896,0.6665855646133423,4.898558139801025,0,0,0
test,291,2018-03-02 12:40:00+00:00,0.0041982014663517475,0.5310614109039307,0.6867045760154724,5.4336724281311035,0,0,0
test,292,2018-03-02 12:41:00+00:00,0.004663742147386074,0.5150613784790039,0.6538487076759338,5.170652866363525,0,0,0
test,293,2018-03-02 12:42:00+00:00,0.0050037093460559845,0.5375230312347412,0.6732499599456787,5.229134559631348,0,0,0
test,294,2018-03-02 12:43:00+00:00,0.006707342341542244,0.5446436405181885,0.7628962397575378,6.868526458740234,0,0,0
test,295,2018-03-02 12:44:00+00:00,0.005521134007722139,0.5505523681640625,0.7695474028587341,6.68377685546875,0,0,0
test,296,2018-03-02 12:45:00+00:00,0.008573168888688087,0.560536801815033,0.8276216983795166,7.604879856109619,0,0,0
test,297,2018-03-02 12:46:00+00:00,0.009000704623758793,0.5348774194717407,0.6546003222465515,4.825322151184082,0,0,0
test,298,2018-03-02 12:47:00+00:00,0.012660962529480457,0.522717297077179,0.5772964358329773,3.383321523666382,0,0,0
test,299,2018-03-02 12:48:00+00:00,0.014405380934476852,0.5586317777633667,0.686156153678894,4.733907699584961,0,0,0
test,300,2018-03-02 12:49:00+00:00,0.013476558960974216,0.551247239112854,0.6804690957069397,4.802138805389404,0,0,0
test,301,2018-03-02 12:50:00+00:00,0.009964890778064728,0.5361616611480713,0.5719281435012817,3.0506505966186523,0,0,0
test,302,2018-03-02 12:51:00+00:00,0.02069203555583954,0.5929930210113525,0.5776466131210327,2.711087942123413,0,0,0
test,303,2018-03-02 12:52:00+00:00,0.02923772856593132,0.6142800450325012,0.6693271398544312,3.9319357872009277,0,0,0
test,304,2018-03-02 12:53:00+00:00,0.016913197934627533,0.5699235200881958,0.5811812877655029,2.873325824737549,0,0,0
test,305,2018-03-02 12:54:00+00:00,0.02452150359749794,0.5858983993530273,0.6134807467460632,3.17383074760437,0,0,0
test,306,2018-03-02 12:55:00+00:00,0.04962905868887901,0.6171253323554993,0.5593042373657227,1.8129831552505493,0,0,0
test,307,2018-03-02 12:56:00+00:00,0.039203181862831116,0.608947217464447,0.5461931824684143,1.8511275053024292,0,0,0
test,308,2018-03-02 12:57:00+00:00,0.04691499099135399,0.620337188243866,0.5372756719589233,1.741834044456482,0,0,0
test,309,2018-03-02 12:58:00+00:00,0.022427842020988464,0.5845339298248291,0.5771961808204651,2.5944180488586426,0,0,0
test,310,2018-03-02 12:59:00+00:00,0.008909490890800953,0.5127443671226501,0.57072514295578,3.3182079792022705,0,0,0
