split,index,timestamp,sigma_min,sigma_median,sigma_mean,sigma_max,count_below_1e-6,count_below_1e-5,count_below_1e-4
train,0,2018-02-14 01:30:00+00:00,0.015236495062708855,0.5400576591491699,1.2722220420837402,10.271066665649414,0,0,0
train,1,2018-02-14 01:31:00+00:00,0.011258960701525211,0.5239468812942505,1.2408167123794556,10.332588195800781,0,0,0
train,2,2018-02-14 01:32:00+00:00,0.01359601877629757,0.5395104289054871,1.2725266218185425,10.343709945678711,0,0,0
train,3,2018-02-14 01:33:00+00:00,0.011457753367722034,0.5420701503753662,1.144011378288269,9.447342872619629,0,0,0
train,4,2018-02-14 01:34:00+00:00,0.007929557003080845,0.47257840633392334,0.9587277770042419,7.494280815124512,0,0,0
train,5,2018-02-14 01:35:00+00:00,0.011011974886059761,0.5192864537239075,1.2507447004318237,10.355672836303711,0,0,0
train,6,2018-02-14 01:36:00+00:00,0.011274146847426891,0.489530086517334,0.9800825715065002,7.512467384338379,0,0,0
train,7,2018-02-14 01:37:00+00:00,0.011135183274745941,0.4746726453304291,0.9979368448257446,7.598259925842285,0,0,0
train,8,2018-02-14 01:38:00+00:00,0.009707982651889324,0.4681210517883301,0.8955472111701965,6.772946357727051,0,0,0
train,9,2018-02-14 01:39:00+00:00,0.010189238004386425,0.49071305990219116,1.214178204536438,10.525395393371582,0,0,0
train,10,2018-02-14 01:40:00+00:00,0.011733110062777996,0.47049680352211,1.0274301767349243,8.506710052490234,0,0,0
train,11,2018-02-14 01:41:00+00:00,0.010611769743263721,0.47766900062561035,1.0998438596725464,9.030855178833008,0,0,0
train,12,2018-02-14 01:42:00+00:00,0.012076199054718018,0.4598410129547119,0.8399146795272827,6.156843185424805,0,0,0
train,13,2018-02-14 01:43:00+00:00,0.029974017292261124,0.5894457101821899,0.8489238023757935,4.610651016235352,0,0,0
train,14,2018-02-14 01:44:00+00:00,0.016242127865552902,0.5048271417617798,0.8023396730422974,5.006086349487305,0,0,0
train,15,2018-02-14 01:45:00+00:00,0.020611785352230072,0.5575713515281677,1.253142237663269,9.38304615020752,0,0,0
train,16,2018-02-14 01:46:00+00:00,0.015290781855583191,0.4938419461250305,0.8962165713310242,6.195937633514404,0,0,0
train,17,2018-02-14 01:47:00+00:00,0.01204676739871502,0.5208656787872314,1.1958670616149902,9.567638397216797,0,0,0
train,18,2018-02-14 01:48:00+00:00,0.013118303380906582,0.5156211853027344,1.0174556970596313,7.69246768951416,0,0,0
train,19,2018-02-14 01:49:00+00:00,0.010014274157583714,0.4785776436328888,1.0985428094863892,8.981560707092285,0,0,0
train,20,2018-02-14 01:50:00+00:00,0.009320002049207687,0.4414060413837433,0.8657845854759216,6.433577537536621,0,0,0
train,21,2018-02-14 01:51:00+00:00,0.009762553498148918,0.49343734979629517,1.1674647331237793,9.878525733947754,0,0,0
train,22,2018-02-14 01:52:00+00:00,0.01472264714539051,0.5562902688980103,1.232851505279541,10.102627754211426,0,0,0
train,23,2018-02-14 01:53:00+00:00,0.010788332670927048,0.5322084426879883,1.3402066230773926,11.68297290802002,0,0,0
train,24,2018-02-14 01:54:00+00:00,0.01480258908122778,0.5231330394744873,1.1513348817825317,9.835258483886719,0,0,0
train,25,2018-02-14 01:55:00+00:00,0.008020912297070026,0.47596535086631775,1.170947790145874,10.16254997253418,0,0,0
train,26,2018-02-14 01:56:00+00:00,0.008813468739390373,0.4424322247505188,0.9071211814880371,7.157599925994873,0,0,0
train,27,2018-02-14 01:57:00+00:00,0.008082626387476921,0.4657338559627533,1.1249350309371948,9.702064514160156,0,0,0
train,28,2018-02-14 01:58:00+00:00,0.009080294519662857,0.47526758909225464,1.1083430051803589,9.526368141174316,0,0,0
train,29,2018-02-14 01:59:00+00:00,0.007446108385920525,0.47816574573516846,1.4090627431869507,12.862256050109863,0,0,0
train,30,2018-02-14 02:00:00+00:00,0.009784596972167492,0.536552906036377,1.4011787176132202,11.800268173217773,0,0,0
train,31,2018-02-14 02:01:00+00:00,0.007780841086059809,0.5266331434249878,1.5834060907363892,13.98416805267334,0,0,0
train,32,2018-02-14 02:02:00+00:00,0.011414437554776669,0.4770762026309967,1.3835148811340332,13.180476188659668,0,0,0
train,33,2018-02-14 02:03:00+00:00,0.012894892133772373,0.4618964195251465,1.3273580074310303,12.602885246276855,0,0,0
train,34,2018-02-14 02:04:00+00:00,0.014398433268070221,0.4577418863773346,1.1981580257415771,11.333890914916992,0,0,0
train,35,2018-02-14 02:05:00+00:00,0.014833779074251652,0.43747276067733765,1.1761558055877686,11.284092903137207,0,0,0
train,36,2018-02-14 02:06:00+00:00,0.014696359634399414,0.4341285526752472,1.1583305597305298,11.139647483825684,0,0,0
train,37,2018-02-14 02:07:00+00:00,0.015260274522006512,0.4342195987701416,1.1510086059570312,11.059783935546875,0,0,0
train,38,2018-02-14 02:08:00+00:00,0.013694209977984428,0.4220908582210541,1.136574387550354,10.975786209106445,0,0,0
train,39,2018-02-14 02:09:00+00:00,0.013361196964979172,0.41744041442871094,1.1203957796096802,10.8134126663208,0,0,0
train,40,2018-02-14 02:10:00+00:00,0.0160075593739748,0.46557193994522095,1.1904748678207397,11.173880577087402,0,0,0
train,41,2018-02-14 02:11:00+00:00,0.0162107702344656,0.49415844678878784,1.254287838935852,11.521286964416504,0,0,0
train,42,2018-02-14 02:12:00+00:00,0.015191111713647842,0.44682806730270386,1.1709504127502441,11.194055557250977,0,0,0
train,43,2018-02-14 02:13:00+00:00,0.015244949609041214,0.4335848093032837,1.160275936126709,11.151713371276855,0,0,0
train,44,2018-02-14 02:14:00+00:00,0.0197983980178833,0.47677528858184814,1.2252187728881836,11.09598445892334,0,0,0
train,45,2018-02-14 02:15:00+00:00,0.0162407997995615,0.4527893364429474,1.175331473350525,11.082090377807617,0,0,0
train,46,2018-02-14 02:16:00+00:00,0.017517296597361565,0.44410693645477295,1.1501636505126953,10.752821922302246,0,0,0
train,47,2018-02-14 02:17:00+00:00,0.017618410289287567,0.4228407144546509,1.1247961521148682,10.445198059082031,0,0,0
train,48,2018-02-14 02:18:00+00:00,0.01945316046476364,0.4528154730796814,1.1227538585662842,10.279170036315918,0,0,0
train,49,2018-02-14 02:19:00+00:00,0.019129253923892975,0.45233094692230225,1.125723123550415,10.33156967163086,0,0,0
train,50,2018-02-14 02:20:00+00:00,0.020445633679628372,0.451499342918396,1.0961897373199463,9.947164535522461,0,0,0
train,51,2018-02-14 02:21:00+00:00,0.019357338547706604,0.44782501459121704,1.1177566051483154,10.257798194885254,0,0,0
train,52,2018-02-14 02:22:00+00:00,0.019519589841365814,0.4198881983757019,1.0635254383087158,9.70028305053711,0,0,0
train,53,2018-02-14 02:23:00+00:00,0.016013331711292267,0.4161653518676758,1.111822247505188,10.366706848144531,0,0,0
train,54,2018-02-14 02:24:00+00:00,0.014701439999043941,0.3986860513687134,1.0753810405731201,10.053777694702148,0,0,0
train,55,2018-02-14 02:25:00+00:00,0.019579211249947548,0.4256485104560852,1.0959056615829468,10.080408096313477,0,0,0
train,56,2018-02-14 02:26:00+00:00,0.014629730954766273,0.39624178409576416,1.0672870874404907,10.003437995910645,0,0,0
train,57,2018-02-14 02:27:00+00:00,0.018122293055057526,0.40936410427093506,1.06950044631958,9.864327430725098,0,0,0
train,58,2018-02-14 02:28:00+00:00,0.01719001494348049,0.396978497505188,1.0449113845825195,9.65573501586914,0,0,0
train,59,2018-02-14 02:29:00+00:00,0.016931451857089996,0.3891148865222931,1.0247974395751953,9.46120834350586,0,0,0
train,60,2018-02-14 02:30:00+00:00,0.01315375231206417,0.3617449998855591,1.008862018585205,9.490151405334473,0,0,0
train,61,2018-02-14 02:31:00+00:00,0.014448296278715134,0.36212921142578125,0.9923325777053833,9.24863338470459,0,0,0
train,62,2018-02-14 02:32:00+00:00,0.012606488540768623,0.3594755232334137,0.9830257892608643,9.265321731567383,0,0,0
train,63,2018-02-14 02:33:00+00:00,0.014221103861927986,0.36275172233581543,0.9997310638427734,9.350844383239746,0,0,0
train,64,2018-02-14 02:34:00+00:00,0.015726054087281227,0.3814152181148529,1.001070261001587,9.259398460388184,0,0,0
train,65,2018-02-14 02:35:00+00:00,0.017097273841500282,0.38842251896858215,1.0191277265548706,9.426998138427734,0,0,0
train,66,2018-02-14 02:36:00+00:00,0.016260890290141106,0.38502204418182373,1.0039522647857666,9.264999389648438,0,0,0
train,67,2018-02-14 02:37:00+00:00,0.0164999570697546,0.3856782615184784,1.0136595964431763,9.377509117126465,0,0,0
train,68,2018-02-14 02:38:00+00:00,0.01667218655347824,0.38743454217910767,1.0225235223770142,9.46899127960205,0,0,0
train,69,2018-02-14 02:39:00+00:00,0.016159366816282272,0.3837850093841553,1.0074740648269653,9.297530174255371,0,0,0
train,70,2018-02-14 02:40:00+00:00,0.02132357470691204,0.4540708661079407,1.0602551698684692,9.339010238647461,0,0,0
train,71,2018-02-14 02:41:00+00:00,0.017255140468478203,0.38865891098976135,1.0138444900512695,9.347530364990234,0,0,0
train,72,2018-02-14 02:42:00+00:00,0.018961302936077118,0.3944609463214874,1.0312564373016357,9.514369010925293,0,0,0
train,73,2018-02-14 02:43:00+00:00,0.01782524585723877,0.39147013425827026,1.0237815380096436,9.444878578186035,0,0,0
train,74,2018-02-14 02:44:00+00:00,0.01785668171942234,0.3856065273284912,0.9852409362792969,8.958844184875488,0,0,0
train,75,2018-02-14 02:45:00+00:00,0.016763312742114067,0.38721027970314026,1.018353819847107,9.418495178222656,0,0,0
train,76,2018-02-14 02:46:00+00:00,0.01657865196466446,0.38808542490005493,1.0386074781417847,9.643022537231445,0,0,0
train,77,2018-02-14 02:47:00+00:00,0.015315906144678593,0.3798699378967285,1.007020115852356,9.3698091506958,0,0,0
train,78,2018-02-14 02:48:00+00:00,0.0190542284399271,0.3997606039047241,1.048077940940857,9.652629852294922,0,0,0
train,79,2018-02-14 02:49:00+00:00,0.0169522762298584,0.3891953229904175,1.0146427154541016,9.353650093078613,0,0,0
train,80,2018-02-14 02:50:00+00:00,0.017831774428486824,0.39206603169441223,1.0271342992782593,9.473783493041992,0,0,0
train,81,2018-02-14 02:51:00+00:00,0.012642595916986465,0.3672678470611572,1.0098168849945068,9.504144668579102,0,0,0
train,82,2018-02-14 02:52:00+00:00,0.01703631319105625,0.38740676641464233,1.0053110122680664,9.256083488464355,0,0,0
train,83,2018-02-14 02:53:00+00:00,0.017332466319203377,0.3902193009853363,1.0307787656784058,9.534233093261719,0,0,0
train,84,2018-02-14 02:54:00+00:00,0.017622627317905426,0.3904420733451843,1.0123051404953003,9.322266578674316,0,0,0
train,85,2018-02-14 02:55:00+00:00,0.017219029366970062,0.3913680911064148,1.0058186054229736,9.27248764038086,0,0,0
train,86,2018-02-14 02:56:00+00:00,0.017229359596967697,0.39056140184402466,1.0179857015609741,9.37852954864502,0,0,0
train,87,2018-02-14 02:57:00+00:00,0.017428118735551834,0.3904081881046295,1.0270825624465942,9.49679946899414,0,0,0
train,88,2018-02-14 02:58:00+00:00,0.01728568598628044,0.39040809869766235,1.0131934881210327,9.328207969665527,0,0,0
train,89,2018-02-14 02:59:00+00:00,0.018261225894093513,0.39395028352737427,1.0100312232971191,9.233314514160156,0,0,0
train,90,2018-02-14 03:00:00+00:00,0.01747075654566288,0.3904840052127838,1.023082971572876,9.44288158416748,0,0,0
train,91,2018-02-14 03:01:00+00:00,0.018995899707078934,0.393795907497406,1.0298324823379517,9.496190071105957,0,0,0
train,92,2018-02-14 03:02:00+00:00,0.01784134842455387,0.39045393466949463,1.022831916809082,9.429885864257812,0,0,0
train,93,2018-02-14 03:03:00+00:00,0.016682501882314682,0.38481947779655457,1.0093976259231567,9.283870697021484,0,0,0
train,94,2018-02-14 03:04:00+00:00,0.015935761854052544,0.3814997971057892,1.0010573863983154,9.238033294677734,0,0,0
train,95,2018-02-14 03:05:00+00:00,0.01689680479466915,0.3870120048522949,1.017096996307373,9.40238094329834,0,0,0
train,96,2018-02-14 03:06:00+00:00,0.018161656334996223,0.3952715992927551,1.007360577583313,9.220320701599121,0,0,0
train,97,2018-02-14 03:07:00+00:00,0.017939141020178795,0.39161309599876404,1.0643175840377808,9.91119384765625,0,0,0
train,98,2018-02-14 03:08:00+00:00,0.017205040901899338,0.38803666830062866,1.0105278491973877,9.310545921325684,0,0,0
train,99,2018-02-14 03:09:00+00:00,0.016507310792803764,0.3901548385620117,1.0507408380508423,9.804287910461426,0,0,0
train,100,2018-02-14 03:10:00+00:00,0.01728365570306778,0.39203697443008423,1.024503231048584,9.423532485961914,0,0,0
train,101,2018-02-14 03:11:00+00:00,0.015589066781103611,0.3805347681045532,1.0056675672531128,9.36229133605957,0,0,0
train,102,2018-02-14 03:12:00+00:00,0.016791917383670807,0.38784247636795044,1.0118173360824585,9.317279815673828,0,0,0
train,103,2018-02-14 03:13:00+00:00,0.016543986275792122,0.3857876658439636,1.01448392868042,9.372421264648438,0,0,0
train,104,2018-02-14 03:14:00+00:00,0.017857395112514496,0.39161217212677,1.012864351272583,9.3074951171875,0,0,0
train,105,2018-02-14 03:15:00+00:00,0.018624378368258476,0.3977164626121521,1.0427056550979614,9.604483604431152,0,0,0
train,106,2018-02-14 03:16:00+00:00,0.017272885888814926,0.3891998529434204,1.01748526096344,9.383270263671875,0,0,0
train,107,2018-02-14 03:17:00+00:00,0.014688458293676376,0.3815730810165405,1.0116122961044312,9.459911346435547,0,0,0
train,108,2018-02-14 03:18:00+00:00,0.012849952094256878,0.354650616645813,0.9642319679260254,9.047208786010742,0,0,0
train,109,2018-02-14 03:19:00+00:00,0.01657811552286148,0.38853752613067627,1.0170420408248901,9.418478965759277,0,0,0
train,110,2018-02-14 03:20:00+00:00,0.015678899362683296,0.37520134449005127,0.9922052621841431,9.16679573059082,0,0,0
train,111,2018-02-14 03:21:00+00:00,0.01671624928712845,0.38821887969970703,1.0119943618774414,9.373946189880371,0,0,0
train,112,2018-02-14 03:22:00+00:00,0.016227560117840767,0.3831622004508972,1.0097801685333252,9.352347373962402,0,0,0
train,113,2018-02-14 03:23:00+00:00,0.017632784321904182,0.392015278339386,1.0077134370803833,9.296528816223145,0,0,0
train,114,2018-02-14 03:24:00+00:00,0.015699610114097595,0.38038432598114014,0.998192548751831,9.227794647216797,0,0,0
train,115,2018-02-14 03:25:00+00:00,0.016293473541736603,0.3837447762489319,1.001619577407837,9.228381156921387,0,0,0
train,116,2018-02-14 03:26:00+00:00,0.01573379710316658,0.382741242647171,1.0093401670455933,9.361766815185547,0,0,0
train,117,2018-02-14 03:27:00+00:00,0.016421517357230186,0.38670629262924194,1.0123564004898071,9.37028980255127,0,0,0
train,118,2018-02-14 03:28:00+00:00,0.01703120581805706,0.39067745208740234,1.0128211975097656,9.365324020385742,0,0,0
train,119,2018-02-14 03:29:00+00:00,0.018857162445783615,0.3944814205169678,1.0279550552368164,9.463250160217285,0,0,0
train,120,2018-02-14 03:30:00+00:00,0.016416439786553383,0.3841957151889801,1.0016885995864868,9.23284912109375,0,0,0
train,121,2018-02-14 03:31:00+00:00,0.017848728224635124,0.3916414976119995,1.027186393737793,9.499654769897461,0,0,0
train,122,2018-02-14 03:32:00+00:00,0.013107934035360813,0.3563341498374939,0.9934277534484863,9.33397388458252,0,0,0
train,123,2018-02-14 03:33:00+00:00,0.015084357932209969,0.3716851472854614,0.9965143799781799,9.289104461669922,0,0,0
train,124,2018-02-14 03:34:00+00:00,0.03652690351009369,0.4326167702674866,0.8050718903541565,6.397364139556885,0,0,0
train,125,2018-02-14 03:35:00+00:00,0.02568829245865345,0.4816776514053345,1.057909607887268,8.97327995300293,0,0,0
train,126,2018-02-14 03:36:00+00:00,0.04970669001340866,0.5967745780944824,0.8723096251487732,4.8560919761657715,0,0,0
train,127,2018-02-14 03:37:00+00:00,0.03800620511174202,0.5651870965957642,1.0418028831481934,7.183420658111572,0,0,0
train,128,2018-02-14 03:38:00+00:00,0.020454509183764458,0.5503184795379639,1.2401043176651,9.844470977783203,0,0,0
train,129,2018-02-14 03:39:00+00:00,0.01684832200407982,0.538021445274353,1.1411457061767578,9.448271751403809,0,0,0
train,130,2018-02-14 03:40:00+00:00,0.03624185547232628,0.6182141304016113,1.01814603805542,6.4757914543151855,0,0,0
train,131,2018-02-14 03:41:00+00:00,0.018439659848809242,0.5643882751464844,1.5136444568634033,12.30131721496582,0,0,0
train,132,2018-02-14 03:42:00+00:00,0.016483668237924576,0.5599449872970581,1.5947685241699219,13.192501068115234,0,0,0
train,133,2018-02-14 03:43:00+00:00,0.020502541214227676,0.5773260593414307,1.6371476650238037,13.515897750854492,0,0,0
train,134,2018-02-14 03:44:00+00:00,0.040044333785772324,0.6492313742637634,1.319767713546753,8.607987403869629,0,0,0
train,135,2018-02-14 03:45:00+00:00,0.036692291498184204,0.7531524896621704,1.7510138750076294,12.347508430480957,0,0,0
train,136,2018-02-14 03:46:00+00:00,0.0449538454413414,0.762999415397644,1.518376111984253,9.767415046691895,0,0,0
train,137,2018-02-14 03:47:00+00:00,0.03485000878572464,0.7756271362304688,1.7815431356430054,12.532602310180664,0,0,0
train,138,2018-02-14 03:48:00+00:00,0.026809753850102425,0.6819132566452026,1.7707549333572388,13.594574928283691,0,0,0
train,139,2018-02-14 03:49:00+00:00,0.031047483906149864,0.6588414907455444,1.759856104850769,13.472283363342285,0,0,0
train,140,2018-02-14 03:50:00+00:00,0.028944948688149452,0.6399307250976562,1.6733105182647705,12.954740524291992,0,0,0
train,141,2018-02-14 03:51:00+00:00,0.03518207371234894,0.6658741235733032,1.7329696416854858,13.16195011138916,0,0,0
train,142,2018-02-14 03:52:00+00:00,0.02529534138739109,0.6719421148300171,1.8190081119537354,14.045318603515625,0,0,0
train,143,2018-02-14 03:53:00+00:00,0.029960997402668,0.6679287552833557,1.7169333696365356,13.158610343933105,0,0,0
train,144,2018-02-14 03:54:00+00:00,0.019158445298671722,0.6696949005126953,1.9658206701278687,15.481575012207031,0,0,0
train,145,2018-02-14 03:55:00+00:00,0.020568715408444405,0.6092844009399414,1.5448033809661865,12.241884231567383,0,0,0
train,146,2018-02-14 03:56:00+00:00,0.0200860146433115,0.597831130027771,1.632206678390503,13.2179594039917,0,0,0
train,147,2018-02-14 03:57:00+00:00,0.013203914277255535,0.571452260017395,1.7419135570526123,15.14534854888916,0,0,0
train,148,2018-02-14 03:58:00+00:00,0.011486433446407318,0.5634354948997498,1.9026846885681152,16.727481842041016,0,0,0
train,149,2018-02-14 03:59:00+00:00,0.01216088980436325,0.5607677102088928,1.5522490739822388,13.735610961914062,0,0,0
train,150,2018-02-14 04:00:00+00:00,0.012667547911405563,0.5750191807746887,1.8329001665115356,16.058822631835938,0,0,0
train,151,2018-02-14 04:01:00+00:00,0.013502498157322407,0.5369779467582703,1.7552971839904785,15.574444770812988,0,0,0
train,152,2018-02-14 04:02:00+00:00,0.02029280737042427,0.5864989757537842,1.675944209098816,13.912208557128906,0,0,0
train,153,2018-02-14 04:03:00+00:00,0.024052148684859276,0.6184308528900146,1.7959669828414917,14.314050674438477,0,0,0
train,154,2018-02-14 04:04:00+00:00,0.026401104405522346,0.5993998646736145,1.6454524993896484,13.533245086669922,0,0,0
train,155,2018-02-14 04:05:00+00:00,0.025114795193076134,0.5998988151550293,1.7992773056030273,14.855205535888672,0,0,0
train,156,2018-02-14 04:06:00+00:00,0.03698160499334335,0.6551058292388916,1.4616355895996094,10.401756286621094,0,0,0
train,157,2018-02-14 04:07:00+00:00,0.01935696229338646,0.6099012494087219,1.6728267669677734,13.462873458862305,0,0,0
train,158,2018-02-14 04:08:00+00:00,0.01886291801929474,0.6440432667732239,1.9344269037246704,15.85290241241455,0,0,0
train,159,2018-02-14 04:09:00+00:00,0.027627719566226006,0.6023666858673096,1.482731819152832,11.712711334228516,0,0,0
train,160,2018-02-14 04:10:00+00:00,0.016887236386537552,0.5703381896018982,1.6496062278747559,13.96840763092041,0,0,0
train,161,2018-02-14 04:11:00+00:00,0.016388297080993652,0.5983796119689941,1.8574516773223877,15.796546936035156,0,0,0
train,162,2018-02-14 04:12:00+00:00,0.039906881749629974,0.6691110134124756,1.4776016473770142,10.244669914245605,0,0,0
train,163,2018-02-14 04:13:00+00:00,0.036627016961574554,0.7409851551055908,1.7715884447097778,12.766206741333008,0,0,0
train,164,2018-02-14 04:14:00+00:00,0.028671732172369957,0.6399412751197815,1.6970518827438354,13.240026473999023,0,0,0
train,165,2018-02-14 04:15:00+00:00,0.02504834346473217,0.6361902356147766,1.669682264328003,13.093546867370605,0,0,0
train,166,2018-02-14 04:16:00+00:00,0.020283622667193413,0.6193674206733704,1.8312621116638184,14.88852310180664,0,0,0
train,167,2018-02-14 04:17:00+00:00,0.015541874803602695,0.5664920806884766,1.156583547592163,8.97648811340332,0,0,0
train,168,2018-02-14 04:18:00+00:00,0.024147581309080124,0.6334452629089355,1.7065508365631104,13.632187843322754,0,0,0
train,169,2018-02-14 04:19:00+00:00,0.016735881567001343,0.5666484832763672,1.2396693229675293,9.703751564025879,0,0,0
train,170,2018-02-14 04:20:00+00:00,0.029225118458271027,0.576348066329956,1.4190609455108643,11.487462043762207,0,0,0
train,171,2018-02-14 04:21:00+00:00,0.03278746083378792,0.5865561366081238,1.2454910278320312,9.17119312286377,0,0,0
train,172,2018-02-14 04:22:00+00:00,0.03295696899294853,0.5948317050933838,1.5304160118103027,12.150041580200195,0,0,0
train,173,2018-02-14 04:23:00+00:00,0.030402695760130882,0.595626950263977,1.153470754623413,8.349651336669922,0,0,0
train,174,2018-02-14 04:24:00+00:00,0.02888001687824726,0.571674644947052,1.3592126369476318,10.761940956115723,0,0,0
train,175,2018-02-14 04:25:00+00:00,0.025621429085731506,0.5433522462844849,0.9387612342834473,6.827630996704102,0,0,0
train,176,2018-02-14 04:26:00+00:00,0.028908101841807365,0.5917511582374573,1.4254075288772583,11.22200870513916,0,0,0
train,177,2018-02-14 04:27:00+00:00,0.014110228046774864,0.537200927734375,1.067337989807129,8.24317741394043,0,0,0
train,178,2018-02-14 04:28:00+00:00,0.008969441056251526,0.49257925152778625,1.2523083686828613,10.98652172088623,0,0,0
train,179,2018-02-14 04:29:00+00:00,0.012894303537905216,0.5448731184005737,1.6780756711959839,14.609145164489746,0,0,0
train,180,2018-02-14 04:30:00+00:00,0.01643332466483116,0.5797479152679443,1.7774369716644287,14.863785743713379,0,0,0
train,181,2018-02-14 04:31:00+00:00,0.013435987755656242,0.5635020732879639,1.7511199712753296,14.906339645385742,0,0,0
train,182,2018-02-14 04:32:00+00:00,0.024390464648604393,0.6090945601463318,1.5533220767974854,12.141172409057617,0,0,0
train,183,2018-02-14 04:33:00+00:00,0.01786373183131218,0.6114066243171692,1.759905457496643,14.26257038116455,0,0,0
train,184,2018-02-14 04:34:00+00:00,0.025519007816910744,0.6028883457183838,1.7527191638946533,14.181164741516113,0,0,0
train,185,2018-02-14 04:35:00+00:00,0.028360839933156967,0.6353236436843872,1.7994701862335205,13.992908477783203,0,0,0
train,186,2018-02-14 04:36:00+00:00,0.019578121602535248,0.6210353970527649,1.867605447769165,15.182174682617188,0,0,0
train,187,2018-02-14 04:37:00+00:00,0.016895659267902374,0.6073033809661865,1.895490050315857,15.407772064208984,0,0,0
train,188,2018-02-14 04:38:00+00:00,0.021558629348874092,0.6102001070976257,1.8015506267547607,14.437554359436035,0,0,0
train,189,2018-02-14 04:39:00+00:00,0.02741280570626259,0.6105139255523682,1.7769501209259033,14.12431812286377,0,0,0
train,190,2018-02-14 04:40:00+00:00,0.03865775093436241,0.6436206102371216,1.6823632717132568,12.642210960388184,0,0,0
train,191,2018-02-14 04:41:00+00:00,0.034226469695568085,0.6175395250320435,1.5143423080444336,11.453003883361816,0,0,0
train,192,2018-02-14 04:42:00+00:00,0.024320024996995926,0.5873408317565918,1.4055103063583374,11.234345436096191,0,0,0
train,193,2018-02-14 04:43:00+00:00,0.020521271973848343,0.5702575445175171,1.6990290880203247,13.955394744873047,0,0,0
train,194,2018-02-14 04:44:00+00:00,0.018339138478040695,0.5705180168151855,1.6857402324676514,14.149871826171875,0,0,0
train,195,2018-02-14 04:45:00+00:00,0.02009102702140808,0.5698817372322083,1.7509289979934692,14.545918464660645,0,0,0
train,196,2018-02-14 04:46:00+00:00,0.0189200472086668,0.5929532647132874,1.754570722579956,14.615585327148438,0,0,0
train,197,2018-02-14 04:47:00+00:00,0.016941595822572708,0.576208233833313,1.777591347694397,15.088717460632324,0,0,0
train,198,2018-02-14 04:48:00+00:00,0.018400412052869797,0.5938960909843445,1.8298954963684082,15.23140811920166,0,0,0
train,199,2018-02-14 04:49:00+00:00,0.0168671403080225,0.5906951427459717,1.6908295154571533,14.167121887207031,0,0,0
train,200,2018-02-14 04:50:00+00:00,0.023056872189044952,0.6294891238212585,1.8477574586868286,15.02858829498291,0,0,0
train,201,2018-02-14 04:51:00+00:00,0.02156548760831356,0.6143958568572998,1.8205727338790894,14.937460899353027,0,0,0
train,202,2018-02-14 04:52:00+00:00,0.019581064581871033,0.5825456976890564,1.6894652843475342,14.201931953430176,0,0,0
train,203,2018-02-14 04:53:00+00:00,0.02148137427866459,0.6015763878822327,1.8271021842956543,14.938742637634277,0,0,0
train,204,2018-02-14 04:54:00+00:00,0.020624810829758644,0.5884028077125549,1.6606180667877197,13.651885986328125,0,0,0
train,205,2018-02-14 04:55:00+00:00,0.014269507490098476,0.5781893730163574,1.586891770362854,13.150934219360352,0,0,0
train,206,2018-02-14 04:56:00+00:00,0.01407356932759285,0.5648194551467896,1.6657204627990723,13.950628280639648,0,0,0
train,207,2018-02-14 04:57:00+00:00,0.014078949578106403,0.5500532388687134,1.7993029356002808,15.508966445922852,0,0,0
train,208,2018-02-14 04:58:00+00:00,0.014360688626766205,0.549392580986023,1.8040640354156494,15.832274436950684,0,0,0
train,209,2018-02-14 04:59:00+00:00,0.02078958787024021,0.5767611265182495,1.610819697380066,13.298813819885254,0,0,0
train,210,2018-02-14 05:00:00+00:00,0.018458541482686996,0.5904655456542969,1.63431978225708,13.051379203796387,0,0,0
train,211,2018-02-14 05:01:00+00:00,0.03537518158555031,0.6332322955131531,1.3582595586776733,9.23361587524414,0,0,0
train,212,2018-02-14 05:02:00+00:00,0.046707745641469955,0.7030379176139832,1.4020718336105347,8.938446998596191,0,0,0
train,213,2018-02-14 05:03:00+00:00,0.03864973038434982,0.6848114728927612,1.2645655870437622,7.671560287475586,0,0,0
train,214,2018-02-14 05:04:00+00:00,0.042334847152233124,0.7033534049987793,1.4823569059371948,9.909280776977539,0,0,0
train,215,2018-02-14 05:05:00+00:00,0.05173386633396149,0.7392728328704834,1.3139504194259644,7.908490180969238,0,0,0
train,216,2018-02-14 05:06:00+00:00,0.03671099990606308,0.7355765104293823,1.7614916563034058,12.616602897644043,0,0,0
train,217,2018-02-14 05:07:00+00:00,0.031446512788534164,0.6663855314254761,1.7986721992492676,13.774639129638672,0,0,0
train,218,2018-02-14 05:08:00+00:00,0.02521427907049656,0.6556600332260132,1.9421812295913696,15.524008750915527,0,0,0
train,219,2018-02-14 05:09:00+00:00,0.03165159747004509,0.615358829498291,1.6770106554031372,13.404741287231445,0,0,0
train,220,2018-02-14 05:10:00+00:00,0.030558239668607712,0.5913184285163879,1.5986268520355225,13.012102127075195,0,0,0
train,221,2018-02-14 05:11:00+00:00,0.02063777670264244,0.5695093870162964,1.7852027416229248,15.316933631896973,0,0,0
train,222,2018-02-14 05:12:00+00:00,0.018533773720264435,0.5737483501434326,1.8027321100234985,15.199273109436035,0,0,0
train,223,2018-02-14 05:13:00+00:00,0.017855331301689148,0.5708016157150269,1.8388590812683105,15.545930862426758,0,0,0
train,224,2018-02-14 05:14:00+00:00,0.02791738510131836,0.6847919225692749,1.8844243288040161,14.693547248840332,0,0,0
train,225,2018-02-14 05:15:00+00:00,0.02400253713130951,0.6856694221496582,1.9632296562194824,15.3212251663208,0,0,0
train,226,2018-02-14 05:16:00+00:00,0.021599484607577324,0.6746640205383301,2.009835720062256,15.769609451293945,0,0,0
train,227,2018-02-14 05:17:00+00:00,0.02222595550119877,0.6579437851905823,1.933104395866394,15.311113357543945,0,0,0
train,228,2018-02-14 05:18:00+00:00,0.024764934554696083,0.6112329959869385,1.7468087673187256,14.191073417663574,0,0,0
train,229,2018-02-14 05:19:00+00:00,0.021178152412176132,0.5876239538192749,1.55453622341156,12.739803314208984,0,0,0
train,230,2018-02-14 05:20:00+00:00,0.016495784744620323,0.5760358572006226,1.6482006311416626,13.89953899383545,0,0,0
train,231,2018-02-14 05:21:00+00:00,0.0141540402546525,0.5591861009597778,1.7979949712753296,15.564265251159668,0,0,0
train,232,2018-02-14 05:22:00+00:00,0.011324165388941765,0.5584570169448853,1.797969102859497,16.015520095825195,0,0,0
train,233,2018-02-14 05:23:00+00:00,0.017365099862217903,0.5846197009086609,1.6400980949401855,14.002030372619629,0,0,0
train,234,2018-02-14 05:24:00+00:00,0.015206782147288322,0.5707003474235535,1.9003939628601074,16.398679733276367,0,0,0
train,235,2018-02-14 05:25:00+00:00,0.013087557628750801,0.5527248978614807,1.7651803493499756,15.526093482971191,0,0,0
train,236,2018-02-14 05:26:00+00:00,0.012542244046926498,0.5476503372192383,1.8800749778747559,16.43028450012207,0,0,0
train,237,2018-02-14 05:27:00+00:00,0.02447938360273838,0.6370437741279602,1.8198208808898926,14.583244323730469,0,0,0
train,238,2018-02-14 05:28:00+00:00,0.029605064541101456,0.6700050830841064,1.5810604095458984,11.427963256835938,0,0,0
train,239,2018-02-14 05:29:00+00:00,0.027200650423765182,0.6654615998268127,1.741628885269165,13.15125846862793,0,0,0
train,240,2018-02-14 05:30:00+00:00,0.06985495984554291,0.7711277604103088,1.5777722597122192,10.5013427734375,0,0,0
train,241,2018-02-14 08:28:00+00:00,0.10560284554958344,0.7947881817817688,1.2264606952667236,6.964761734008789,0,0,0
train,242,2018-02-14 08:58:00+00:00,0.018961098045110703,0.4643929600715637,0.631554365158081,3.5086669921875,0,0,0
train,243,2018-02-14 08:59:00+00:00,0.02416759915649891,0.5099755525588989,0.7583646774291992,4.6078410148620605,0,0,0
train,244,2018-02-14 09:00:00+00:00,0.041692376136779785,0.5728182792663574,0.7055644989013672,3.380833864212036,0,0,0
train,245,2018-02-14 09:01:00+00:00,0.04809129610657692,0.5901176929473877,1.118010401725769,7.828769207000732,0,0,0
train,246,2018-02-14 09:02:00+00:00,0.03532731905579567,0.6079497337341309,1.286526083946228,8.95944595336914,0,0,0
train,247,2018-02-14 09:03:00+00:00,0.027296343818306923,0.6229039430618286,1.5121538639068604,10.767491340637207,0,0,0
train,248,2018-02-14 09:04:00+00:00,0.025068731978535652,0.6367214918136597,1.355265498161316,9.035324096679688,0,0,0
train,249,2018-02-14 09:05:00+00:00,0.022398462519049644,0.6080931425094604,0.8933136463165283,5.0741167068481445,0,0,0
train,250,2018-02-14 09:06:00+00:00,0.024417800828814507,0.5643776655197144,0.7566577792167664,4.0910468101501465,0,0,0
train,251,2018-02-14 09:07:00+00:00,0.019657183438539505,0.5086126327514648,0.713077187538147,4.065487861633301,0,0,0
train,252,2018-02-14 09:08:00+00:00,0.01109016127884388,0.46828755736351013,0.8224037885665894,5.62492036819458,0,0,0
train,253,2018-02-14 09:09:00+00:00,0.016853706911206245,0.4731277525424957,0.7245430946350098,4.404152870178223,0,0,0
train,254,2018-02-14 09:10:00+00:00,0.015352903865277767,0.4482131004333496,0.6598389744758606,3.798584461212158,0,0,0
train,255,2018-02-14 09:11:00+00:00,0.012247142381966114,0.4553973376750946,0.6949020624160767,4.151987552642822,0,0,0
train,256,2018-02-14 09:12:00+00:00,0.007172060199081898,0.415716290473938,0.7359999418258667,4.843542098999023,0,0,0
train,257,2018-02-14 09:13:00+00:00,0.006372747477144003,0.4134519100189209,0.8072400093078613,5.839962005615234,0,0,0
train,258,2018-02-14 09:14:00+00:00,0.005956633947789669,0.4119497537612915,0.7914068698883057,5.651106357574463,0,0,0
train,259,2018-02-14 09:15:00+00:00,0.009014870040118694,0.4729936420917511,1.0238224267959595,8.054912567138672,0,0,0
train,260,2018-02-14 09:16:00+00:00,0.011858799494802952,0.501508891582489,0.8993366360664368,6.282173156738281,0,0,0
train,261,2018-02-14 09:17:00+00:00,0.013927957974374294,0.47862526774406433,0.8456299304962158,5.805202960968018,0,0,0
train,262,2018-02-14 09:18:00+00:00,0.01498060766607523,0.48692721128463745,0.8097270131111145,5.290894031524658,0,0,0
train,263,2018-02-14 09:19:00+00:00,0.01416416559368372,0.4881792366504669,0.7898775339126587,4.964818000793457,0,0,0
train,264,2018-02-14 09:20:00+00:00,0.01203802227973938,0.48276424407958984,0.7419928312301636,4.452251434326172,0,0,0
train,265,2018-02-14 09:21:00+00:00,0.012590265832841396,0.49367305636405945,0.7997591495513916,5.107734203338623,0,0,0
train,266,2018-02-14 09:22:00+00:00,0.008495243266224861,0.41923052072525024,0.7283452153205872,4.741693019866943,0,0,0
train,267,2018-02-14 09:23:00+00:00,0.007844108156859875,0.41962242126464844,0.7232022881507874,4.8038434982299805,0,0,0
train,268,2018-02-14 09:24:00+00:00,0.009447603486478329,0.4347635805606842,0.6900395750999451,4.192102432250977,0,0,0
train,269,2018-02-14 09:25:00+00:00,0.006421396508812904,0.42744797468185425,0.7046101093292236,4.381015777587891,0,0,0
train,270,2018-02-14 09:26:00+00:00,0.006603057961910963,0.40918081998825073,0.6774242520332336,4.200158596038818,0,0,0
train,271,2018-02-14 09:27:00+00:00,0.02141224779188633,0.49890661239624023,0.791377604007721,4.972447872161865,0,0,0
train,272,2018-02-14 09:28:00+00:00,0.011772925034165382,0.49771153926849365,0.894037127494812,5.997856140136719,0,0,0
train,273,2018-02-14 09:29:00+00:00,0.012583928182721138,0.5180231928825378,0.8928897380828857,5.88653564453125,0,0,0
train,274,2018-02-14 09:30:00+00:00,0.013344692066311836,0.551987886428833,0.9904952645301819,6.784510612487793,0,0,0
train,275,2018-02-14 09:31:00+00:00,0.018983229994773865,0.5142331123352051,0.7023692727088928,3.857106924057007,0,0,0
train,276,2018-02-14 09:32:00+00:00,0.016786865890026093,0.5323027968406677,0.8987244367599487,6.008693695068359,0,0,0
train,277,2018-02-14 09:33:00+00:00,0.013590803369879723,0.5154405236244202,0.7905187606811523,4.881219387054443,0,0,0
train,278,2018-02-14 09:34:00+00:00,0.010982244275510311,0.5169234871864319,0.9032946825027466,6.19546365737915,0,0,0
train,279,2018-02-14 09:35:00+00:00,0.0073355017229914665,0.4312560260295868,0.7843277454376221,5.328022003173828,0,0,0
train,280,2018-02-14 09:36:00+00:00,0.007026565261185169,0.4533144235610962,0.9681041836738586,7.363559722900391,0,0,0
train,281,2018-02-14 09:37:00+00:00,0.008353790268301964,0.4441883862018585,0.7929555177688599,5.485880374908447,0,0,0
train,282,2018-02-14 09:38:00+00:00,0.010838459245860577,0.4814527928829193,0.8641486167907715,5.973855972290039,0,0,0
train,283,2018-02-14 09:39:00+00:00,0.010120709426701069,0.45970630645751953,0.8394450545310974,5.807961940765381,0,0,0
train,284,2018-02-14 09:40:00+00:00,0.007787881884723902,0.46213334798812866,1.0447078943252563,8.337920188903809,0,0,0
train,285,2018-02-14 09:41:00+00:00,0.012092922814190388,0.4814453721046448,1.0684503316879272,8.408907890319824,0,0,0
train,286,2018-02-14 09:42:00+00:00,0.011845061555504799,0.46655207872390747,1.0197303295135498,7.8659257888793945,0,0,0
train,287,2018-02-14 09:43:00+00:00,0.016429726034402847,0.5123701691627502,1.024825096130371,7.496564865112305,0,0,0
train,288,2018-02-14 09:44:00+00:00,0.013657855801284313,0.5177855491638184,1.1090619564056396,8.372427940368652,0,0,0
train,289,2018-02-14 09:45:00+00:00,0.019944943487644196,0.5590208768844604,1.0247831344604492,6.975253105163574,0,0,0
train,290,2018-02-14 09:46:00+00:00,0.0191737562417984,0.5570205450057983,1.015976071357727,6.877718925476074,0,0,0
train,291,2018-02-14 09:47:00+00:00,0.013915377669036388,0.543900728225708,1.0165191888809204,6.940552234649658,0,0,0
train,292,2018-02-14 09:48:00+00:00,0.014810762368142605,0.5413393974304199,0.9874023795127869,6.868969917297363,0,0,0
train,293,2018-02-14 09:49:00+00:00,0.019414657726883888,0.5163203477859497,0.9171491265296936,6.292431831359863,0,0,0
train,294,2018-02-14 09:50:00+00:00,0.018754011020064354,0.501051664352417,0.9211471080780029,6.43241548538208,0,0,0
train,295,2018-02-14 09:51:00+00:00,0.01161210797727108,0.4947516918182373,0.8149877190589905,5.271579742431641,0,0,0
train,296,2018-02-14 09:52:00+00:00,0.011632527224719524,0.5199978351593018,0.8984622955322266,5.9543914794921875,0,0,0
train,297,2018-02-14 09:53:00+00:00,0.00921440590173006,0.46431249380111694,0.7856757044792175,5.230501174926758,0,0,0
train,298,2018-02-14 09:54:00+00:00,0.013044294901192188,0.5126304626464844,1.0636588335037231,8.195250511169434,0,0,0
train,299,2018-02-14 09:55:00+00:00,0.009780681692063808,0.48559510707855225,1.0148515701293945,7.812655448913574,0,0,0
train,300,2018-02-14 09:56:00+00:00,0.0167703740298748,0.5062085390090942,1.0244864225387573,7.868528366088867,0,0,0
train,301,2018-02-14 09:57:00+00:00,0.015403729863464832,0.4774198830127716,0.7781941294670105,5.112557411193848,0,0,0
train,302,2018-02-14 09:58:00+00:00,0.012637682259082794,0.45953476428985596,0.807308554649353,5.5381340980529785,0,0,0
train,303,2018-02-14 09:59:00+00:00,0.012266894802451134,0.43176376819610596,0.7055537104606628,4.494425296783447,0,0,0
train,304,2018-02-14 10:00:00+00:00,0.010312991216778755,0.4933730363845825,0.9272612929344177,6.740565299987793,0,0,0
train,305,2018-02-14 10:01:00+00:00,0.009957758709788322,0.48519575595855713,0.8750507831573486,6.104897499084473,0,0,0
train,306,2018-02-14 10:02:00+00:00,0.011378737166523933,0.49109476804733276,0.9854190349578857,7.3674774169921875,0,0,0
train,307,2018-02-14 10:03:00+00:00,0.011182654649019241,0.4865168333053589,0.9608997702598572,7.330369472503662,0,0,0
train,308,2018-02-14 10:04:00+00:00,0.009515633806586266,0.49165472388267517,0.9441243410110474,6.919299125671387,0,0,0
train,309,2018-02-14 10:05:00+00:00,0.01012939028441906,0.5057265758514404,0.9547920227050781,6.949337959289551,0,0,0
train,310,2018-02-14 10:06:00+00:00,0.012174302712082863,0.49328339099884033,0.9557627439498901,7.043830394744873,0,0,0
train,311,2018-02-14 10:07:00+00:00,0.008556259796023369,0.42319172620773315,0.7754868865013123,5.394168376922607,0,0,0
train,312,2018-02-14 10:08:00+00:00,0.00888510886579752,0.4355705976486206,0.9137746095657349,7.023955821990967,0,0,0
train,313,2018-02-14 10:09:00+00:00,0.012611247599124908,0.419913649559021,0.6891853213310242,4.447504043579102,0,0,0
train,314,2018-02-14 10:10:00+00:00,0.012594842351973057,0.44833511114120483,0.8484273552894592,6.100729465484619,0,0,0
train,315,2018-02-14 10:11:00+00:00,0.013053203001618385,0.4294808506965637,0.6883928179740906,4.403946399688721,0,0,0
train,316,2018-02-14 10:12:00+00:00,0.019045067951083183,0.48230797052383423,0.7621326446533203,4.805930137634277,0,0,0
train,317,2018-02-14 10:13:00+00:00,0.01464297715574503,0.45593252778053284,0.6590956449508667,3.8117566108703613,0,0,0
train,318,2018-02-14 10:14:00+00:00,0.01130362506955862,0.47544676065444946,0.7991292476654053,5.396820068359375,0,0,0
train,319,2018-02-14 10:15:00+00:00,0.012851094827055931,0.47354865074157715,0.8325295448303223,5.9692277908325195,0,0,0
train,320,2018-02-14 10:16:00+00:00,0.01150332111865282,0.4619212746620178,0.8061470985412598,5.575338363647461,0,0,0
train,321,2018-02-14 10:17:00+00:00,0.012242135591804981,0.4734288156032562,0.9184795022010803,6.889366626739502,0,0,0
train,322,2018-02-14 10:18:00+00:00,0.013461481779813766,0.49266135692596436,0.9318333268165588,6.7408270835876465,0,0,0
train,323,2018-02-14 10:19:00+00:00,0.013298165053129196,0.48128074407577515,0.7875127196311951,5.182127952575684,0,0,0
train,324,2018-02-14 10:20:00+00:00,0.011406575329601765,0.48578566312789917,0.9529922604560852,7.107883453369141,0,0,0
train,325,2018-02-14 10:21:00+00:00,0.012904061004519463,0.4643474817276001,0.7798328399658203,5.334210395812988,0,0,0
train,326,2018-02-14 10:22:00+00:00,0.01938571222126484,0.4952361583709717,0.9226384162902832,6.761870384216309,0,0,0
train,327,2018-02-14 10:23:00+00:00,0.03417569026350975,0.5326533317565918,0.7921697497367859,4.667653560638428,0,0,0
train,328,2018-02-14 10:24:00+00:00,0.02520512044429779,0.5613232254981995,0.6817192435264587,3.1154348850250244,0,0,0
train,329,2018-02-14 10:25:00+00:00,0.025089064612984657,0.5748528242111206,0.8363123536109924,4.838397026062012,0,0,0
train,330,2018-02-14 10:26:00+00:00,0.01871407777070999,0.5372864007949829,0.9487895369529724,6.510056495666504,0,0,0
train,331,2018-02-14 10:27:00+00:00,0.018114570528268814,0.5392992496490479,0.9785945415496826,6.756396770477295,0,0,0
train,332,2018-02-14 10:28:00+00:00,0.010947827249765396,0.49938008189201355,0.8949549794197083,6.2001423835754395,0,0,0
train,333,2018-02-14 10:29:00+00:00,0.008224427700042725,0.46763890981674194,0.8545559048652649,6.084763526916504,0,0,0
train,334,2018-02-14 10:30:00+00:00,0.010825224220752716,0.45865416526794434,0.9367793202400208,7.061540126800537,0,0,0
train,335,2018-02-14 10:31:00+00:00,0.00658596633002162,0.4636874794960022,0.9617757797241211,7.364089488983154,0,0,0
train,336,2018-02-14 10:32:00+00:00,0.007568007800728083,0.4797590970993042,1.0039291381835938,7.593109607696533,0,0,0
train,337,2018-02-14 10:33:00+00:00,0.006840271409600973,0.44597145915031433,0.8496513366699219,6.070117473602295,0,0,0
train,338,2018-02-14 10:34:00+00:00,0.007712423801422119,0.3909575343132019,1.0491080284118652,9.706389427185059,0,0,0
train,339,2018-02-14 10:35:00+00:00,0.009006600826978683,0.4029645025730133,1.1377302408218384,10.952024459838867,0,0,0
train,340,2018-02-14 10:36:00+00:00,0.009218944236636162,0.4103853106498718,1.2165099382400513,11.861390113830566,0,0,0
train,341,2018-02-14 10:37:00+00:00,0.009076223708689213,0.41226422786712646,1.2416744232177734,12.167757034301758,0,0,0
train,342,2018-02-14 10:38:00+00:00,0.009065522812306881,0.41309988498687744,1.2524747848510742,12.3023042678833,0,0,0
train,343,2018-02-14 10:39:00+00:00,0.009096337482333183,0.41531991958618164,1.2683625221252441,12.431706428527832,0,0,0
train,344,2018-02-14 10:40:00+00:00,0.008657533675432205,0.4180251359939575,1.2756179571151733,12.568305969238281,0,0,0
train,345,2018-02-14 10:41:00+00:00,0.009343943558633327,0.4221333861351013,1.2816853523254395,12.537099838256836,0,0,0
train,346,2018-02-14 10:42:00+00:00,0.008524171076714993,0.42007702589035034,1.293472409248352,12.778862953186035,0,0,0
train,347,2018-02-14 10:43:00+00:00,0.00922196265310049,0.4285808801651001,1.2859617471694946,12.554410934448242,0,0,0
train,348,2018-02-14 10:44:00+00:00,0.009353895671665668,0.422397255897522,1.2818989753723145,12.522278785705566,0,0,0
train,349,2018-02-14 10:45:00+00:00,0.009426381438970566,0.4184718728065491,1.26951265335083,12.389506340026855,0,0,0
train,350,2018-02-14 10:46:00+00:00,0.009204132482409477,0.41777199506759644,1.2869367599487305,12.628307342529297,0,0,0
train,351,2018-02-14 10:47:00+00:00,0.009198687970638275,0.41648203134536743,1.2806841135025024,12.53702449798584,0,0,0
train,352,2018-02-14 10:48:00+00:00,0.00914398580789566,0.41944703459739685,1.2847596406936646,12.57775592803955,0,0,0
train,353,2018-02-14 10:49:00+00:00,0.008932292461395264,0.4201759099960327,1.2826242446899414,12.5922269821167,0,0,0
train,354,2018-02-14 10:50:00+00:00,0.008804736658930779,0.41101518273353577,1.2527191638946533,12.30576229095459,0,0,0
train,355,2018-02-14 10:51:00+00:00,0.008638568222522736,0.4132661521434784,1.2625398635864258,12.395252227783203,0,0,0
train,356,2018-02-14 10:52:00+00:00,0.008764375001192093,0.41149473190307617,1.2533650398254395,12.320762634277344,0,0,0
train,357,2018-02-14 10:53:00+00:00,0.00919291190803051,0.41623300313949585,1.2795659303665161,12.539588928222656,0,0,0
train,358,2018-02-14 10:54:00+00:00,0.008892657235264778,0.4171808660030365,1.2699180841445923,12.449198722839355,0,0,0
train,359,2018-02-14 10:55:00+00:00,0.007911782711744308,0.40697771310806274,1.2802379131317139,12.675113677978516,0,0,0
train,360,2018-02-14 10:56:00+00:00,0.009029355831444263,0.41500794887542725,1.2817614078521729,12.594411849975586,0,0,0
train,361,2018-02-14 10:57:00+00:00,0.009128136560320854,0.4190416932106018,1.2691075801849365,12.423514366149902,0,0,0
train,362,2018-02-14 10:58:00+00:00,0.008512670174241066,0.42129960656166077,1.294675588607788,12.798674583435059,0,0,0
train,363,2018-02-14 10:59:00+00:00,0.007989288307726383,0.416864275932312,1.304834246635437,12.913468360900879,0,0,0
train,364,2018-02-14 11:00:00+00:00,0.008420129306614399,0.4104921817779541,1.2724558115005493,12.555610656738281,0,0,0
train,365,2018-02-14 11:01:00+00:00,0.008701899088919163,0.41169822216033936,1.2716639041900635,12.52013874053955,0,0,0
train,366,2018-02-14 11:02:00+00:00,0.00931201409548521,0.4207947850227356,1.270302176475525,12.412535667419434,0,0,0
train,367,2018-02-14 11:03:00+00:00,0.009219438768923283,0.42090892791748047,1.2633205652236938,12.392175674438477,0,0,0
train,368,2018-02-14 11:04:00+00:00,0.009173165075480938,0.4159542918205261,1.2633808851242065,12.402887344360352,0,0,0
train,369,2018-02-14 11:05:00+00:00,0.009152688086032867,0.4126508831977844,1.2561049461364746,12.34333610534668,0,0,0
train,370,2018-02-14 11:06:00+00:00,0.009675673209130764,0.420376181602478,1.263775110244751,12.337711334228516,0,0,0
train,371,2018-02-14 11:07:00+00:00,0.009433877654373646,0.4206029772758484,1.266090750694275,12.367352485656738,0,0,0
train,372,2018-02-14 11:08:00+00:00,0.009358178824186325,0.41848164796829224,1.263579249382019,12.39121150970459,0,0,0
train,373,2018-02-14 11:09:00+00:00,0.009702201932668686,0.4210919141769409,1.2628384828567505,12.330713272094727,0,0,0
train,374,2018-02-14 11:10:00+00:00,0.009184378199279308,0.41204482316970825,1.2574000358581543,12.380409240722656,0,0,0
train,375,2018-02-14 11:11:00+00:00,0.008561501279473305,0.4138268828392029,1.270357370376587,12.52631664276123,0,0,0
train,376,2018-02-14 11:12:00+00:00,0.008872651495039463,0.4125223159790039,1.2776697874069214,12.571102142333984,0,0,0
train,377,2018-02-14 11:13:00+00:00,0.009120934642851353,0.41768717765808105,1.2733733654022217,12.488263130187988,0,0,0
train,378,2018-02-14 11:14:00+00:00,0.009420027025043964,0.42209672927856445,1.2664716243743896,12.393119812011719,0,0,0
train,379,2018-02-14 11:15:00+00:00,0.009755338542163372,0.4211392402648926,1.2953410148620605,12.715331077575684,0,0,0
train,380,2018-02-14 11:16:00+00:00,0.009660294279456139,0.42658472061157227,1.2846009731292725,12.555130958557129,0,0,0
train,381,2018-02-14 11:17:00+00:00,0.009758693166077137,0.42347097396850586,1.2713550329208374,12.42548656463623,0,0,0
train,382,2018-02-14 11:18:00+00:00,0.009431101381778717,0.42366456985473633,1.2756328582763672,12.469366073608398,0,0,0
train,383,2018-02-14 11:19:00+00:00,0.009558254852890968,0.423566997051239,1.2745118141174316,12.45649242401123,0,0,0
train,384,2018-02-14 11:20:00+00:00,0.00945016834884882,0.41872453689575195,1.277799367904663,12.500903129577637,0,0,0
train,385,2018-02-14 11:21:00+00:00,0.00951465591788292,0.42179179191589355,1.2801525592803955,12.519157409667969,0,0,0
train,386,2018-02-14 11:22:00+00:00,0.009485755115747452,0.43290653824806213,1.30349862575531,12.772982597351074,0,0,0
train,387,2018-02-14 11:23:00+00:00,0.009438987821340561,0.41904571652412415,1.2652356624603271,12.396392822265625,0,0,0
train,388,2018-02-14 11:24:00+00:00,0.009601922705769539,0.4237510561943054,1.2760711908340454,12.48115348815918,0,0,0
train,389,2018-02-14 11:25:00+00:00,0.0095725879073143,0.4229198098182678,1.2785173654556274,12.509718894958496,0,0,0
train,390,2018-02-14 11:26:00+00:00,0.009528213180601597,0.4252537488937378,1.2865711450576782,12.611332893371582,0,0,0
train,391,2018-02-14 11:27:00+00:00,0.008541388437151909,0.42201244831085205,1.2951608896255493,12.79949951171875,0,0,0
train,392,2018-02-14 11:28:00+00:00,0.009592186659574509,0.42524391412734985,1.281700849533081,12.529927253723145,0,0,0
train,393,2018-02-14 11:29:00+00:00,0.009284443221986294,0.4200892448425293,1.290812373161316,12.673803329467773,0,0,0
train,394,2018-02-14 11:30:00+00:00,0.009458009153604507,0.4194812476634979,1.2836027145385742,12.570974349975586,0,0,0
train,395,2018-02-14 11:31:00+00:00,0.009650127030909061,0.42875683307647705,1.3014048337936401,12.7153902053833,0,0,0
train,396,2018-02-14 11:32:00+00:00,0.009531834162771702,0.4202089309692383,1.2752670049667358,12.484468460083008,0,0,0
train,397,2018-02-14 11:33:00+00:00,0.00982646644115448,0.4299622178077698,1.2883045673370361,12.575811386108398,0,0,0
train,398,2018-02-14 11:34:00+00:00,0.00970196072012186,0.4291980266571045,1.2909656763076782,12.617290496826172,0,0,0
train,399,2018-02-14 11:35:00+00:00,0.009472663514316082,0.4222222566604614,1.2863612174987793,12.593361854553223,0,0,0
train,400,2018-02-14 11:36:00+00:00,0.008743773214519024,0.42409080266952515,1.2799721956253052,12.590156555175781,0,0,0
train,401,2018-02-14 11:37:00+00:00,0.009649311192333698,0.42361462116241455,1.2610198259353638,12.308462142944336,0,0,0
train,402,2018-02-14 11:38:00+00:00,0.00971031654626131,0.4312279224395752,1.2756255865097046,12.402303695678711,0,0,0
train,403,2018-02-14 11:39:00+00:00,0.009635512717068195,0.42327022552490234,1.2673794031143188,12.371892929077148,0,0,0
train,404,2018-02-14 11:40:00+00:00,0.009385591372847557,0.422437846660614,1.2674480676651,12.399542808532715,0,0,0
train,405,2018-02-14 11:41:00+00:00,0.009433763101696968,0.42063605785369873,1.2632027864456177,12.382094383239746,0,0,0
train,406,2018-02-14 11:42:00+00:00,0.009219729341566563,0.4140046238899231,1.261252999305725,12.373453140258789,0,0,0
train,407,2018-02-14 11:43:00+00:00,0.009677868336439133,0.4203234314918518,1.262774109840393,12.32324504852295,0,0,0
train,408,2018-02-14 11:44:00+00:00,0.009562581777572632,0.41833728551864624,1.2606843709945679,12.337663650512695,0,0,0
train,409,2018-02-14 11:45:00+00:00,0.009806773625314236,0.42841827869415283,1.2687643766403198,12.353317260742188,0,0,0
train,410,2018-02-14 11:46:00+00:00,0.009591772221028805,0.42353391647338867,1.261775255203247,12.314913749694824,0,0,0
train,411,2018-02-14 11:47:00+00:00,0.009691799990832806,0.4229496717453003,1.2610281705856323,12.298323631286621,0,0,0
train,412,2018-02-14 11:48:00+00:00,0.00931637454777956,0.4203631281852722,1.264109492301941,12.379998207092285,0,0,0
train,413,2018-02-14 11:49:00+00:00,0.00909128226339817,0.42542022466659546,1.2889996767044067,12.662114143371582,0,0,0
train,414,2018-02-14 11:50:00+00:00,0.009347784332931042,0.41696596145629883,1.2673773765563965,12.41950511932373,0,0,0
train,415,2018-02-14 11:51:00+00:00,0.009225639514625072,0.4205630421638489,1.289633870124817,12.63732624053955,0,0,0
train,416,2018-02-14 11:52:00+00:00,0.00932987965643406,0.4181419909000397,1.2743871212005615,12.494607925415039,0,0,0
train,417,2018-02-14 11:53:00+00:00,0.009448064491152763,0.4201810956001282,1.2777715921401978,12.516471862792969,0,0,0
train,418,2018-02-14 11:54:00+00:00,0.00960154365748167,0.4205619692802429,1.2696202993392944,12.409280776977539,0,0,0
train,419,2018-02-14 11:55:00+00:00,0.009528991766273975,0.41860559582710266,1.2741594314575195,12.475015640258789,0,0,0
train,420,2018-02-14 11:56:00+00:00,0.009550657123327255,0.42342090606689453,1.2859479188919067,12.570941925048828,0,0,0
train,421,2018-02-14 11:57:00+00:00,0.01096805464476347,0.43875473737716675,1.3065623044967651,12.721453666687012,0,0,0
train,422,2018-02-14 11:58:00+00:00,0.00950290821492672,0.41862934827804565,1.2686318159103394,12.431198120117188,0,0,0
train,423,2018-02-14 11:59:00+00:00,0.0094693498685956,0.4285182058811188,1.3019719123840332,12.760324478149414,0,0,0
train,424,2018-02-14 12:00:00+00:00,0.009560884907841682,0.4223002791404724,1.2760670185089111,12.474593162536621,0,0,0
train,425,2018-02-14 12:01:00+00:00,0.009429192170500755,0.4212285280227661,1.2718911170959473,12.445745468139648,0,0,0
train,426,2018-02-14 12:02:00+00:00,0.009154053404927254,0.4217238426208496,1.3024022579193115,12.834784507751465,0,0,0
train,427,2018-02-14 12:03:00+00:00,0.009211641736328602,0.41598978638648987,1.2772526741027832,12.537220001220703,0,0,0
train,428,2018-02-14 12:04:00+00:00,0.009562169201672077,0.4234386086463928,1.281362771987915,12.554924011230469,0,0,0
train,429,2018-02-14 12:05:00+00:00,0.00934325996786356,0.42534762620925903,1.2959064245224,12.67434310913086,0,0,0
train,430,2018-02-14 12:06:00+00:00,0.00937654823064804,0.4189102053642273,1.2822753190994263,12.54662799835205,0,0,0
train,431,2018-02-14 12:07:00+00:00,0.009671956300735474,0.4215114712715149,1.2791633605957031,12.535603523254395,0,0,0
train,432,2018-02-14 12:08:00+00:00,0.008413896895945072,0.4188365936279297,1.2826118469238281,12.661916732788086,0,0,0
train,433,2018-02-14 12:09:00+00:00,0.009292476810514927,0.416682630777359,1.2817550897598267,12.58989143371582,0,0,0
train,434,2018-02-14 12:10:00+00:00,0.010027049109339714,0.4328979253768921,1.285569667816162,12.488558769226074,0,0,0
train,435,2018-02-14 12:11:00+00:00,0.009479543194174767,0.422433465719223,1.2846664190292358,12.55749225616455,0,0,0
train,436,2018-02-14 12:12:00+00:00,0.01760830357670784,0.49256813526153564,1.075180172920227,9.009963035583496,0,0,0
train,437,2018-02-14 12:13:00+00:00,0.013329555280506611,0.5224459767341614,1.3026437759399414,11.404864311218262,0,0,0
train,438,2018-02-14 12:14:00+00:00,0.0077556343749165535,0.4927770495414734,1.5115357637405396,14.026161193847656,0,0,0
train,439,2018-02-14 12:15:00+00:00,0.011601033620536327,0.5246151685714722,1.4449107646942139,13.00826358795166,0,0,0
train,440,2018-02-14 12:16:00+00:00,0.00870467722415924,0.5342242121696472,1.6844985485076904,15.337807655334473,0,0,0
train,441,2018-02-14 12:17:00+00:00,0.032567426562309265,0.5036012530326843,0.6730749607086182,3.7876970767974854,0,0,0
train,442,2018-02-14 12:18:00+00:00,0.03902444615960121,0.5790103673934937,1.073612093925476,7.644576549530029,0,0,0
train,443,2018-02-14 12:19:00+00:00,0.017003599554300308,0.5478100776672363,1.0233055353164673,7.9744110107421875,0,0,0
train,444,2018-02-14 12:20:00+00:00,0.014694459736347198,0.5089513659477234,0.9146056771278381,6.8197712898254395,0,0,0
train,445,2018-02-14 12:21:00+00:00,0.010015444830060005,0.4587283134460449,0.8624338507652283,6.406735897064209,0,0,0
train,446,2018-02-14 12:22:00+00:00,0.010729309171438217,0.43453681468963623,0.6763813495635986,4.110299110412598,0,0,0
train,447,2018-02-14 12:23:00+00:00,0.01078888401389122,0.4172971546649933,0.6989256739616394,4.809579372406006,0,0,0
train,448,2018-02-14 12:24:00+00:00,0.012038401328027248,0.4312954545021057,0.677459716796875,4.38055944442749,0,0,0
train,449,2018-02-14 12:25:00+00:00,0.007719974033534527,0.385581910610199,0.685386598110199,4.6415934562683105,0,0,0
train,450,2018-02-14 12:26:00+00:00,0.011233801953494549,0.41209396719932556,0.6795521974563599,4.595418930053711,0,0,0
train,451,2018-02-14 12:27:00+00:00,0.012191804125905037,0.4512958526611328,0.8333719372749329,6.115848064422607,0,0,0
train,452,2018-02-14 12:28:00+00:00,0.007780844811350107,0.38886159658432007,0.6812738180160522,4.474325180053711,0,0,0
train,453,2018-02-14 12:29:00+00:00,0.009733823128044605,0.4406622648239136,0.7566407918930054,4.955074310302734,0,0,0
train,454,2018-02-14 12:30:00+00:00,0.008085622452199459,0.40344688296318054,0.6846181154251099,4.334447383880615,0,0,0
train,455,2018-02-14 12:31:00+00:00,0.0053059933707118034,0.38008004426956177,0.7403026223182678,5.332122325897217,0,0,0
train,456,2018-02-14 12:32:00+00:00,0.007463901303708553,0.385537326335907,0.6776610016822815,4.584969997406006,0,0,0
train,457,2018-02-14 12:33:00+00:00,0.007776668295264244,0.3898993730545044,0.7166871428489685,4.986531734466553,0,0,0
train,458,2018-02-14 12:34:00+00:00,0.010859212838113308,0.42027419805526733,0.667025089263916,4.167608737945557,0,0,0
train,459,2018-02-14 12:35:00+00:00,0.009293545968830585,0.42020678520202637,0.941457211971283,7.707662105560303,0,0,0
train,460,2018-02-14 12:36:00+00:00,0.009610931389033794,0.39634203910827637,0.7040721774101257,4.991898536682129,0,0,0
train,461,2018-02-14 12:37:00+00:00,0.013848505914211273,0.45302194356918335,1.0667253732681274,9.082038879394531,0,0,0
train,462,2018-02-14 12:38:00+00:00,0.013259340077638626,0.40833333134651184,0.7162809371948242,5.0744218826293945,0,0,0
train,463,2018-02-14 12:39:00+00:00,0.011738224886357784,0.4418432116508484,0.9752302765846252,8.020564079284668,0,0,0
train,464,2018-02-14 12:40:00+00:00,0.016634546220302582,0.48409712314605713,0.9746314883232117,7.8024115562438965,0,0,0
train,465,2018-02-14 12:41:00+00:00,0.014182043261826038,0.483845055103302,1.0915976762771606,9.073808670043945,0,0,0
train,466,2018-02-14 12:42:00+00:00,0.014180750586092472,0.4472985863685608,0.8466424345970154,6.567651271820068,0,0,0
train,467,2018-02-14 12:43:00+00:00,0.008527850732207298,0.4416220188140869,1.025758981704712,8.43420696258545,0,0,0
train,468,2018-02-14 12:44:00+00:00,0.009593348950147629,0.4462202787399292,0.9521699547767639,7.572264671325684,0,0,0
train,469,2018-02-14 12:45:00+00:00,0.009924502111971378,0.5013233423233032,1.1333682537078857,9.188334465026855,0,0,0
train,470,2018-02-14 12:46:00+00:00,0.012176059186458588,0.49764204025268555,1.1065375804901123,8.753982543945312,0,0,0
train,471,2018-02-14 12:47:00+00:00,0.01713666506111622,0.5475637316703796,1.1588337421417236,8.633206367492676,0,0,0
train,472,2018-02-14 12:48:00+00:00,0.015230322256684303,0.5098302364349365,1.0549513101577759,8.058492660522461,0,0,0
train,473,2018-02-14 12:49:00+00:00,0.01982126198709011,0.5281496644020081,1.1621721982955933,8.980278968811035,0,0,0
train,474,2018-02-14 12:50:00+00:00,0.0187761839479208,0.5295674800872803,1.0968303680419922,8.414912223815918,0,0,0
train,475,2018-02-14 12:51:00+00:00,0.01747240126132965,0.5199439525604248,1.0951954126358032,8.65192985534668,0,0,0
train,476,2018-02-14 12:52:00+00:00,0.013958191499114037,0.5203531980514526,1.1441256999969482,9.061553001403809,0,0,0
train,477,2018-02-14 12:53:00+00:00,0.009436151012778282,0.49596288800239563,1.2459797859191895,10.454286575317383,0,0,0
train,478,2018-02-14 12:54:00+00:00,0.012834491208195686,0.5388807058334351,1.3499202728271484,11.091806411743164,0,0,0
train,479,2018-02-14 12:55:00+00:00,0.010550999082624912,0.5412962436676025,1.5284367799758911,12.821824073791504,0,0,0
train,480,2018-02-14 12:56:00+00:00,0.01465075183659792,0.5595769882202148,1.439146637916565,11.718552589416504,0,0,0
train,481,2018-02-14 12:57:00+00:00,0.014634236693382263,0.5602931976318359,1.530490517616272,12.259952545166016,0,0,0
train,482,2018-02-14 12:58:00+00:00,0.017650827765464783,0.5969806909561157,1.5836718082427979,12.548567771911621,0,0,0
train,483,2018-02-14 12:59:00+00:00,0.01565646193921566,0.5935848355293274,1.575467824935913,12.249468803405762,0,0,0
train,484,2018-02-21 01:55:00+00:00,0.027945490553975105,0.6033961772918701,1.275834560394287,9.137734413146973,0,0,0
train,485,2018-02-21 02:25:00+00:00,0.026278341189026833,0.6880780458450317,1.1382594108581543,5.789144039154053,0,0,0
train,486,2018-02-21 02:26:00+00:00,0.02869916521012783,0.6781072616577148,1.0465298891067505,5.0243144035339355,0,0,0
train,487,2018-02-21 02:27:00+00:00,0.026379335671663284,0.6887702345848083,1.1381561756134033,5.784972667694092,0,0,0
train,488,2018-02-21 02:28:00+00:00,0.02627122588455677,0.688379168510437,1.1382485628128052,5.787411689758301,0,0,0
train,489,2018-02-21 02:29:00+00:00,0.02657517045736313,0.6929829716682434,1.1393405199050903,5.759945392608643,0,0,0
train,490,2018-02-21 02:30:00+00:00,0.026703665032982826,0.6924228668212891,1.1396745443344116,5.763416290283203,0,0,0
train,491,2018-02-21 02:31:00+00:00,0.026730230078101158,0.6922577619552612,1.1404253244400024,5.787176609039307,0,0,0
train,492,2018-02-21 02:32:00+00:00,0.10250052809715271,0.8650574684143066,1.4201855659484863,7.877993106842041,0,0,0
train,493,2018-02-21 02:33:00+00:00,0.08767123520374298,0.8852843642234802,1.5056945085525513,8.587604522705078,0,0,0
train,494,2018-02-21 08:32:00+00:00,0.07777810841798782,0.8917612433433533,1.6316323280334473,9.824372291564941,0,0,0
train,495,2018-02-21 09:02:00+00:00,0.036525171250104904,0.8926720023155212,1.931045413017273,12.667869567871094,0,0,0
train,496,2018-02-21 09:03:00+00:00,0.044334400445222855,0.9500514268875122,1.888094425201416,11.99655532836914,0,0,0
train,497,2018-02-21 09:04:00+00:00,0.03433681279420853,0.9568697214126587,1.9593241214752197,12.72491455078125,0,0,0
train,498,2018-02-21 09:05:00+00:00,0.040004752576351166,0.9266892075538635,1.872965693473816,11.994223594665527,0,0,0
train,499,2018-02-21 09:06:00+00:00,0.03588605672121048,0.9506956338882446,2.024264097213745,13.312442779541016,0,0,0
train,500,2018-02-21 09:07:00+00:00,0.033792123198509216,0.9366022348403931,2.0466065406799316,13.656364440917969,0,0,0
train,501,2018-02-21 09:08:00+00:00,0.04217787832021713,0.9380861520767212,1.8421943187713623,11.683988571166992,0,0,0
train,502,2018-02-21 09:09:00+00:00,0.050037648528814316,0.9333111047744751,1.8179230690002441,11.287151336669922,0,0,0
train,503,2018-02-21 09:10:00+00:00,0.08279145509004593,0.9252297878265381,1.6608575582504272,9.862284660339355,0,0,0
train,504,2018-02-21 09:11:00+00:00,0.04976072907447815,0.8967836499214172,1.7619202136993408,11.068900108337402,0,0,0
train,505,2018-02-21 09:12:00+00:00,0.04206930473446846,0.9772129654884338,1.9462804794311523,12.341809272766113,0,0,0
train,506,2018-02-21 09:13:00+00:00,0.04139278456568718,0.9790533781051636,1.9534199237823486,12.40771198272705,0,0,0
train,507,2018-02-21 09:14:00+00:00,0.04188922047615051,0.8963524103164673,1.7958039045333862,11.347362518310547,0,0,0
train,508,2018-02-21 09:15:00+00:00,0.039800625294446945,0.9715605974197388,1.951363205909729,12.56369686126709,0,0,0
train,509,2018-02-21 09:16:00+00:00,0.056351806968450546,0.8961864709854126,1.6916711330413818,10.61668586730957,0,0,0
train,510,2018-02-21 09:17:00+00:00,0.0342164970934391,0.921904981136322,2.0746803283691406,13.918013572692871,0,0,0
train,511,2018-02-21 09:18:00+00:00,0.042341846972703934,0.9554466605186462,1.937334656715393,12.526644706726074,0,0,0
train,512,2018-02-21 09:19:00+00:00,0.04558750241994858,0.9196697473526001,1.7649266719818115,11.162090301513672,0,0,0
train,513,2018-02-21 09:21:00+00:00,0.04836290329694748,0.9688910841941833,1.8759844303131104,11.734236717224121,0,0,0
train,514,2018-02-21 09:51:00+00:00,0.03896380588412285,0.9059423208236694,1.8384685516357422,12.11379623413086,0,0,0
train,515,2018-02-21 09:52:00+00:00,0.038272175937891006,0.951067328453064,1.9020367860794067,12.364715576171875,0,0,0
train,516,2018-02-21 09:53:00+00:00,0.041247960180044174,0.8891382217407227,1.840523600578308,11.996615409851074,0,0,0
train,517,2018-02-21 09:54:00+00:00,0.06874747574329376,0.9502819776535034,1.8042190074920654,10.962661743164062,0,0,0
train,518,2018-02-21 09:55:00+00:00,0.04324043542146683,0.9036819934844971,1.8728649616241455,12.442666053771973,0,0,0
train,519,2018-02-21 09:56:00+00:00,0.04813666269183159,0.9171839952468872,1.7916584014892578,11.417739868164062,0,0,0
train,520,2018-02-21 09:57:00+00:00,0.0357171893119812,0.9189015626907349,2.0775558948516846,14.016263008117676,0,0,0
train,521,2018-02-21 09:58:00+00:00,0.04911527410149574,0.9103507995605469,1.8277428150177002,11.746411323547363,0,0,0
train,522,2018-02-21 09:59:00+00:00,0.04860133305191994,0.8849741220474243,1.7276265621185303,10.922934532165527,0,0,0
train,523,2018-02-21 10:00:00+00:00,0.04471825063228607,0.9448206424713135,1.894329309463501,12.239178657531738,0,0,0
train,524,2018-02-21 10:01:00+00:00,0.046654779464006424,0.9183624982833862,1.8121906518936157,11.622175216674805,0,0,0
train,525,2018-02-21 10:02:00+00:00,0.04905547946691513,0.9109337329864502,1.8210151195526123,11.662579536437988,0,0,0
train,526,2018-02-21 10:03:00+00:00,0.04889470338821411,0.9100304841995239,1.8216195106506348,11.677209854125977,0,0,0
train,527,2018-02-21 10:04:00+00:00,0.043036870658397675,0.8677005767822266,1.8245491981506348,11.8799409866333,0,0,0
train,528,2018-02-21 10:05:00+00:00,0.06857140362262726,0.9506875872612,1.8054001331329346,10.974963188171387,0,0,0
train,529,2018-02-21 10:06:00+00:00,0.05340692400932312,0.9063395261764526,1.7789150476455688,11.247777938842773,0,0,0
train,530,2018-02-21 10:07:00+00:00,0.0608963668346405,0.8914958238601685,1.6589338779449463,10.364496231079102,0,0,0
train,531,2018-02-21 10:08:00+00:00,0.035600077360868454,0.9261635541915894,2.0791361331939697,13.993643760681152,0,0,0
train,532,2018-02-21 10:09:00+00:00,0.016803326085209846,0.8110986948013306,2.374302864074707,17.84263038635254,0,0,0
train,533,2018-02-21 10:10:00+00:00,0.014331039041280746,0.810090184211731,2.469120979309082,18.84893035888672,0,0,0
train,534,2018-02-21 10:11:00+00:00,0.01449714507907629,0.8151575326919556,2.465430736541748,18.79269790649414,0,0,0
train,535,2018-02-21 10:12:00+00:00,0.015265577472746372,0.7774441242218018,2.4889180660247803,19.334802627563477,0,0,0
train,536,2018-02-21 10:13:00+00:00,0.016651248559355736,0.7605716586112976,2.4776971340179443,19.371706008911133,0,0,0
train,537,2018-02-21 10:14:00+00:00,0.01665443554520607,0.7464643716812134,2.4961960315704346,19.69231605529785,0,0,0
train,538,2018-02-21 10:15:00+00:00,0.016695454716682434,0.7460591793060303,2.4964394569396973,19.70378303527832,0,0,0
train,539,2018-02-21 10:16:00+00:00,0.016701113432645798,0.7460033893585205,2.4964730739593506,19.705360412597656,0,0,0
train,540,2018-02-21 10:17:00+00:00,0.016701899468898773,0.7459957599639893,2.4964776039123535,19.705575942993164,0,0,0
train,541,2018-02-21 10:18:00+00:00,0.016701992601156235,0.7459948062896729,2.496478319168091,19.705604553222656,0,0,0
train,542,2018-02-21 10:19:00+00:00,0.01659437268972397,0.7457979321479797,2.5010080337524414,19.770933151245117,0,0,0
train,543,2018-02-21 10:20:00+00:00,0.017024841159582138,0.7492414712905884,2.4795408248901367,19.45985221862793,0,0,0
train,544,2018-02-21 10:21:00+00:00,0.016922954469919205,0.7362819910049438,2.477900505065918,19.61323356628418,0,0,0
train,545,2018-02-21 10:22:00+00:00,0.01785755529999733,0.7470165491104126,2.4016799926757812,18.712928771972656,0,0,0
train,546,2018-02-21 10:23:00+00:00,0.016922954469919205,0.7362820506095886,2.477900266647339,19.61323356628418,0,0,0
train,547,2018-02-21 10:24:00+00:00,0.017857521772384644,0.7470165491104126,2.4016799926757812,18.712947845458984,0,0,0
train,548,2018-02-21 10:25:00+00:00,0.016922906041145325,0.7362809181213379,2.477900505065918,19.613245010375977,0,0,0
train,549,2018-02-21 10:26:00+00:00,0.0178575050085783,0.7470165491104126,2.4016799926757812,18.71294593811035,0,0,0
train,550,2018-02-21 10:27:00+00:00,0.01633322797715664,0.7369242906570435,2.4947149753570557,19.760290145874023,0,0,0
train,551,2018-02-21 10:28:00+00:00,0.01785752922296524,0.747016429901123,2.401679515838623,18.712942123413086,0,0,0
train,552,2018-02-21 10:29:00+00:00,0.01633329875767231,0.736926257610321,2.4947152137756348,19.760276794433594,0,0,0
train,553,2018-02-21 10:30:00+00:00,0.01785758137702942,0.7470165491104126,2.401679754257202,18.712913513183594,0,0,0
train,554,2018-02-21 10:31:00+00:00,0.016334034502506256,0.736946702003479,2.4947149753570557,19.76009750366211,0,0,0
train,555,2018-02-21 10:32:00+00:00,0.01785852760076523,0.747017502784729,2.4016709327697754,18.712627410888672,0,0,0
train,556,2018-02-21 10:33:00+00:00,0.016338197514414787,0.7369632720947266,2.494633674621582,19.7590274810791,0,0,0
train,557,2018-02-21 10:34:00+00:00,0.017889518290758133,0.747037410736084,2.4011523723602295,18.704877853393555,0,0,0
train,558,2018-02-21 10:35:00+00:00,0.016455024480819702,0.7370074987411499,2.4912214279174805,19.724563598632812,0,0,0
train,559,2018-02-21 10:36:00+00:00,0.01876363344490528,0.7452161312103271,2.3771393299102783,18.465133666992188,0,0,0
train,560,2018-02-21 10:37:00+00:00,0.023783912882208824,0.7359076142311096,2.296586751937866,17.80048179626465,0,0,0
train,561,2018-02-21 10:38:00+00:00,0.07241088151931763,0.7182266712188721,1.6132755279541016,10.884320259094238,0,0,0
train,562,2018-02-21 10:39:00+00:00,0.07282256335020065,0.704330563545227,1.6163513660430908,11.057753562927246,0,0,0
train,563,2018-02-21 10:40:00+00:00,0.07227104157209396,0.7211520671844482,1.6304560899734497,11.127795219421387,0,0,0
train,564,2018-02-21 10:41:00+00:00,0.07282256335020065,0.704330563545227,1.6163513660430908,11.057753562927246,0,0,0
train,565,2018-02-21 10:42:00+00:00,0.07227104157209396,0.7211520671844482,1.6304560899734497,11.127795219421387,0,0,0
train,566,2018-02-21 10:43:00+00:00,0.07103044539690018,0.7022367715835571,1.6319218873977661,11.205039024353027,0,0,0
train,567,2018-02-22 01:00:00+00:00,0.07227104157209396,0.7211520671844482,1.6304560899734497,11.127795219421387,0,0,0
train,568,2018-02-22 01:30:00+00:00,0.008640725165605545,0.4317159056663513,0.6521908640861511,3.793410301208496,0,0,0
train,569,2018-02-22 01:31:00+00:00,0.008374656550586224,0.437053382396698,0.6719331741333008,3.998624324798584,0,0,0
train,570,2018-02-22 01:32:00+00:00,0.00909174419939518,0.4387666583061218,0.6493881940841675,3.7077841758728027,0,0,0
train,571,2018-02-22 01:33:00+00:00,0.009065905585885048,0.43235117197036743,0.6905505657196045,4.251254558563232,0,0,0
train,572,2018-02-22 01:34:00+00:00,0.01187206245958805,0.4492340087890625,0.627476155757904,3.378246545791626,0,0,0
train,573,2018-02-22 01:35:00+00:00,0.04498777166008949,0.5552287101745605,0.768977701663971,4.112076282501221,0,0,0
train,574,2018-02-22 01:36:00+00:00,0.035360872745513916,0.5362725257873535,0.6201151013374329,2.6710097789764404,0,0,0
train,575,2018-02-22 01:37:00+00:00,0.02941885031759739,0.5248799920082092,0.6489214301109314,3.128314256668091,0,0,0
train,576,2018-02-22 01:38:00+00:00,0.021344242617487907,0.4960300922393799,0.605414628982544,2.801248550415039,0,0,0
train,577,2018-02-22 01:39:00+00:00,0.012685109861195087,0.4740174412727356,0.6289186477661133,3.2216317653656006,0,0,0
train,578,2018-02-22 01:40:00+00:00,0.012559318915009499,0.46670860052108765,0.638752281665802,3.409609317779541,0,0,0
train,579,2018-02-22 01:41:00+00:00,0.009122348390519619,0.44004493951797485,0.7259405255317688,4.575466632843018,0,0,0
train,580,2018-02-22 01:42:00+00:00,0.011264640837907791,0.4429011344909668,0.6117890477180481,3.1960625648498535,0,0,0
train,581,2018-02-22 01:43:00+00:00,0.010217716917395592,0.45355111360549927,0.6923466324806213,4.218417644500732,0,0,0
train,582,2018-02-22 01:44:00+00:00,0.00841123703867197,0.5174198150634766,0.7805607318878174,4.745272636413574,0,0,0
train,583,2018-02-22 01:45:00+00:00,0.009191267192363739,0.4552006423473358,0.6706565618515015,3.859861135482788,0,0,0
train,584,2018-02-22 01:46:00+00:00,0.014714259654283524,0.4761558175086975,0.6734797954559326,3.824152946472168,0,0,0
train,585,2018-02-22 01:47:00+00:00,0.008974874392151833,0.4477596879005432,0.6417397260665894,3.5232882499694824,0,0,0
train,586,2018-02-22 01:48:00+00:00,0.008323360234498978,0.4401383399963379,0.66398024559021,3.8451061248779297,0,0,0
train,587,2018-02-22 01:49:00+00:00,0.012151357717812061,0.48342522978782654,0.6680203080177307,3.700477123260498,0,0,0
train,588,2018-02-22 01:50:00+00:00,0.009906291961669922,0.4467683434486389,0.6304341554641724,3.4101028442382812,0,0,0
train,589,2018-02-22 01:51:00+00:00,0.010392028838396072,0.45586925745010376,0.6566027402877808,3.664198875427246,0,0,0
train,590,2018-02-22 01:52:00+00:00,0.0070569319650530815,0.4302598834037781,0.6690519452095032,3.905705213546753,0,0,0
train,591,2018-02-22 01:53:00+00:00,0.009999161586165428,0.4549363851547241,0.6659249663352966,3.75516414642334,0,0,0
train,592,2018-02-22 01:54:00+00:00,0.009771425276994705,0.44729822874069214,0.6771742105484009,3.930056571960449,0,0,0
train,593,2018-02-22 01:55:00+00:00,0.008131835609674454,0.44512492418289185,0.7355573773384094,4.635282516479492,0,0,0
train,594,2018-02-22 01:56:00+00:00,0.0075694196857512,0.4419129192829132,0.6725392937660217,3.8195056915283203,0,0,0
train,595,2018-02-22 01:57:00+00:00,0.008067192509770393,0.4463931620121002,0.6876658201217651,4.040600776672363,0,0,0
train,596,2018-02-22 01:58:00+00:00,0.0066810352727770805,0.4424801766872406,0.7178165912628174,4.464321136474609,0,0,0
train,597,2018-02-22 01:59:00+00:00,0.005417805165052414,0.42891401052474976,0.7260330319404602,4.65438175201416,0,0,0
train,598,2018-02-22 02:00:00+00:00,0.008150074630975723,0.43669477105140686,0.7158483266830444,4.454940319061279,0,0,0
train,599,2018-02-22 02:01:00+00:00,0.00771742220968008,0.4456789195537567,0.700189471244812,4.333189964294434,0,0,0
train,600,2018-02-22 02:02:00+00:00,0.008375320583581924,0.4494403004646301,0.7339027523994446,4.750130653381348,0,0,0
train,601,2018-02-22 02:03:00+00:00,0.1629868596792221,0.6544239521026611,0.8225893378257751,3.5879247188568115,0,0,0
train,602,2018-02-22 02:04:00+00:00,0.03497003763914108,0.5735871195793152,0.795714259147644,4.473606109619141,0,0,0
train,603,2018-02-22 02:05:00+00:00,0.019248859956860542,0.538109540939331,0.7296010255813599,3.97389554977417,0,0,0
train,604,2018-02-22 02:06:00+00:00,0.017486128956079483,0.5003503561019897,0.688679039478302,3.7037417888641357,0,0,0
train,605,2018-02-22 02:07:00+00:00,0.012693741358816624,0.4856247901916504,0.679376482963562,3.6652817726135254,0,0,0
train,606,2018-02-22 02:08:00+00:00,0.017758803442120552,0.4890727400779724,0.6342495083808899,3.13934063911438,0,0,0
train,607,2018-02-22 02:09:00+00:00,0.02218017168343067,0.5121464729309082,0.6307423114776611,2.9148101806640625,0,0,0
train,608,2018-02-22 02:10:00+00:00,0.01776042953133583,0.4944537878036499,0.6282806992530823,3.062284469604492,0,0,0
train,609,2018-02-22 02:11:00+00:00,0.02952318824827671,0.5902515649795532,0.7865955233573914,4.380243301391602,0,0,0
train,610,2018-02-22 02:12:00+00:00,0.034832488745450974,0.5377610921859741,0.6567216515541077,3.162973403930664,0,0,0
train,611,2018-02-22 02:13:00+00:00,0.05084696784615517,0.5777562856674194,0.6977783441543579,3.3209500312805176,0,0,0
train,612,2018-02-22 02:14:00+00:00,0.023670345544815063,0.5068163871765137,0.6611492037773132,3.2933552265167236,0,0,0
train,613,2018-02-22 02:15:00+00:00,0.029523305594921112,0.5291509628295898,0.6791082620620728,3.508784770965576,0,0,0
train,614,2018-02-22 02:16:00+00:00,0.020221419632434845,0.5083705186843872,0.6609059572219849,3.3512933254241943,0,0,0
train,615,2018-02-22 02:17:00+00:00,0.01975557766854763,0.5031481385231018,0.6877636909484863,3.6991045475006104,0,0,0
train,616,2018-02-22 02:18:00+00:00,0.028244713321328163,0.5032862424850464,0.6102211475372314,2.7645576000213623,0,0,0
train,617,2018-02-22 02:19:00+00:00,0.016076290979981422,0.49217063188552856,0.6254019737243652,3.001694917678833,0,0,0
train,618,2018-02-22 02:20:00+00:00,0.015174872241914272,0.4856451153755188,0.624828577041626,3.0989596843719482,0,0,0
train,619,2018-02-22 02:21:00+00:00,0.013579383492469788,0.4810909628868103,0.6425994634628296,3.3497016429901123,0,0,0
train,620,2018-02-22 02:22:00+00:00,0.011952424421906471,0.4690511226654053,0.6811765432357788,3.862497091293335,0,0,0
train,621,2018-02-22 02:23:00+00:00,0.013672015629708767,0.5101482272148132,0.6833954453468323,3.709688186645508,0,0,0
train,622,2018-02-22 02:24:00+00:00,0.012412923388183117,0.47885388135910034,0.6774299740791321,3.7687690258026123,0,0,0
train,623,2018-02-22 02:25:00+00:00,0.01643946021795273,0.48458656668663025,0.6463263630867004,3.3863110542297363,0,0,0
train,624,2018-02-22 02:26:00+00:00,0.01611528918147087,0.48154976963996887,0.6538110971450806,3.4625627994537354,0,0,0
train,625,2018-02-22 02:27:00+00:00,0.01641443371772766,0.48486584424972534,0.6146154403686523,3.036181688308716,0,0,0
train,626,2018-02-22 02:28:00+00:00,0.015836874023079872,0.49859482049942017,0.6712343096733093,3.6300649642944336,0,0,0
train,627,2018-02-22 02:29:00+00:00,0.016622774302959442,0.4964933395385742,0.6575118899345398,3.399902105331421,0,0,0
train,628,2018-02-22 02:30:00+00:00,0.012843634933233261,0.47828808426856995,0.6214084029197693,3.1616063117980957,0,0,0
train,629,2018-02-22 02:31:00+00:00,0.02653341181576252,0.5018344521522522,0.6063443422317505,2.7861709594726562,0,0,0
train,630,2018-02-22 02:32:00+00:00,0.019865138456225395,0.4909689426422119,0.6584215760231018,3.4166665077209473,0,0,0
train,631,2018-02-22 02:33:00+00:00,0.01268400065600872,0.505540132522583,0.6743929982185364,3.5864827632904053,0,0,0
train,632,2018-02-22 02:34:00+00:00,0.015548129566013813,0.49277371168136597,0.6991026997566223,3.945817232131958,0,0,0
train,633,2018-02-22 02:35:00+00:00,0.014811249449849129,0.4782361686229706,0.6801246404647827,3.825901746749878,0,0,0
train,634,2018-02-22 02:36:00+00:00,0.06538280099630356,0.6186518669128418,0.9827119708061218,5.71090030670166,0,0,0
train,635,2018-02-22 02:37:00+00:00,0.054796215146780014,0.55930095911026,0.7236492037773132,3.4691214561462402,0,0,0
train,636,2018-02-22 02:38:00+00:00,0.07171575725078583,0.568737268447876,0.65569007396698,2.447934150695801,0,0,0
train,637,2018-02-22 02:39:00+00:00,0.04383039101958275,0.5697130560874939,0.6657067537307739,2.807844638824463,0,0,0
train,638,2018-02-22 02:40:00+00:00,0.05987830087542534,0.576064944267273,0.7214311957359314,3.3162219524383545,0,0,0
train,639,2018-02-22 02:41:00+00:00,0.08604208379983902,0.6139111518859863,0.7585557699203491,3.312246322631836,0,0,0
train,640,2018-02-22 02:42:00+00:00,0.07475658506155014,0.5621561408042908,0.6068953275680542,2.030409574508667,0,0,0
train,641,2018-02-22 02:43:00+00:00,0.0721183568239212,0.5683467388153076,0.6048431992530823,2.001084566116333,0,0,0
train,642,2018-02-22 02:44:00+00:00,0.047692280262708664,0.516021728515625,0.5297333598136902,1.7317662239074707,0,0,0
train,643,2018-02-22 02:45:00+00:00,0.05229799821972847,0.5448465347290039,0.5820261240005493,2.082520008087158,0,0,0
train,644,2018-02-22 02:46:00+00:00,0.020846951752901077,0.486774742603302,0.5955057740211487,2.7356550693511963,0,0,0
train,645,2018-02-22 02:47:00+00:00,0.053489770740270615,0.5425946712493896,0.6999762058258057,3.54732346534729,0,0,0
train,646,2018-02-22 02:48:00+00:00,0.02798713743686676,0.4897017776966095,0.6278731822967529,3.108241558074951,0,0,0
train,647,2018-02-22 02:49:00+00:00,0.0876307561993599,0.6138994693756104,0.8137763738632202,4.0885162353515625,0,0,0
train,648,2018-02-22 02:50:00+00:00,0.043413255363702774,0.5317585468292236,0.6012321710586548,2.527036190032959,0,0,0
train,649,2018-02-22 02:51:00+00:00,0.05580677464604378,0.5629627704620361,0.7140905261039734,3.429459810256958,0,0,0
train,650,2018-02-22 02:52:00+00:00,0.07206923514604568,0.5628594160079956,0.5756527781486511,1.7895891666412354,0,0,0
train,651,2018-02-22 02:53:00+00:00,0.03191288560628891,0.5282331109046936,0.6017261147499084,2.5564846992492676,0,0,0
train,652,2018-02-22 02:54:00+00:00,0.03583962097764015,0.5038755536079407,0.5486487150192261,2.025651693344116,0,0,0
train,653,2018-02-22 02:55:00+00:00,0.02187066525220871,0.4953916072845459,0.6115336418151855,2.870073080062866,0,0,0
train,654,2018-02-22 02:56:00+00:00,0.022286944091320038,0.4881945252418518,0.5772403478622437,2.5705316066741943,0,0,0
train,655,2018-02-22 02:57:00+00:00,0.013912217691540718,0.486042857170105,0.6616501212120056,3.5764801502227783,0,0,0
train,656,2018-02-22 02:58:00+00:00,0.016015032306313515,0.4680268168449402,0.6126832365989685,3.215772867202759,0,0,0
train,657,2018-02-22 02:59:00+00:00,0.03234672546386719,0.5436899662017822,0.7320169806480408,4.0458083152771,0,0,0
train,658,2018-02-22 03:00:00+00:00,0.03830418735742569,0.5738018155097961,0.8148986101150513,4.756704330444336,0,0,0
train,659,2018-02-22 03:01:00+00:00,0.0404546745121479,0.5326722860336304,0.6699064373970032,3.248507022857666,0,0,0
train,660,2018-02-22 03:02:00+00:00,0.03255259990692139,0.5094174146652222,0.5537042617797852,2.130740165710449,0,0,0
train,661,2018-02-22 03:03:00+00:00,0.057041510939598083,0.5851632356643677,0.8868627548217773,5.078134536743164,0,0,0
train,662,2018-02-22 03:04:00+00:00,0.04586133360862732,0.5333080291748047,0.7056992053985596,3.674360752105713,0,0,0
train,663,2018-02-22 03:05:00+00:00,0.06677599996328354,0.548068642616272,0.6652553081512451,2.8851187229156494,0,0,0
train,664,2018-02-22 03:06:00+00:00,0.07823090255260468,0.5641962289810181,0.6349472403526306,2.5804901123046875,0,0,0
train,665,2018-02-22 03:07:00+00:00,0.0967850312590599,0.5774523019790649,0.6770584583282471,2.6137852668762207,0,0,0
train,666,2018-02-22 03:08:00+00:00,0.1089383214712143,0.5869914293289185,0.6244769096374512,1.8579869270324707,0,0,0
train,667,2018-02-22 03:09:00+00:00,0.13960562646389008,0.600453794002533,0.6271068453788757,1.6817409992218018,0,0,0
train,668,2018-02-22 03:10:00+00:00,0.12474793940782547,0.6021215915679932,0.6307710409164429,1.7077745199203491,0,0,0
train,669,2018-02-22 03:11:00+00:00,0.12444020062685013,0.5972354412078857,0.6107394695281982,1.5855149030685425,0,0,0
train,670,2018-02-22 03:12:00+00:00,0.08760945498943329,0.5777981877326965,0.5884580016136169,1.737512469291687,0,0,0
train,671,2018-02-22 03:13:00+00:00,0.03183227777481079,0.5273723006248474,0.6236754059791565,2.731029987335205,0,0,0
train,672,2018-02-22 03:14:00+00:00,0.018533939495682716,0.4605797529220581,0.6008994579315186,2.9246621131896973,0,0,0
train,673,2018-02-22 03:15:00+00:00,0.02086855284869671,0.48874273896217346,0.6369678378105164,3.204643726348877,0,0,0
train,674,2018-02-22 03:16:00+00:00,0.031099755316972733,0.49369487166404724,0.6519083976745605,3.421566963195801,0,0,0
train,675,2018-02-22 03:17:00+00:00,0.02207941934466362,0.4601573944091797,0.6125719547271729,3.104461908340454,0,0,0
train,676,2018-02-22 03:18:00+00:00,0.053915783762931824,0.5388693809509277,0.7508779168128967,4.184449672698975,0,0,0
train,677,2018-02-22 03:19:00+00:00,0.06376934051513672,0.5371499061584473,0.6745375394821167,3.232238531112671,0,0,0
train,678,2018-02-22 03:20:00+00:00,0.07347982376813889,0.5385724306106567,0.5841763615608215,2.0528595447540283,0,0,0
train,679,2018-02-22 03:21:00+00:00,0.07122751325368881,0.5732617974281311,0.6973287463188171,3.3675894737243652,0,0,0
train,680,2018-02-22 03:22:00+00:00,0.04464034363627434,0.5567836761474609,0.686385452747345,3.351026773452759,0,0,0
train,681,2018-02-22 03:23:00+00:00,0.06693783402442932,0.5646113157272339,0.6811639070510864,3.0219554901123047,0,0,0
train,682,2018-02-22 03:24:00+00:00,0.06069056689739227,0.5573574304580688,0.6814119219779968,3.1167550086975098,0,0,0
train,683,2018-02-22 03:25:00+00:00,0.048232875764369965,0.5345576405525208,0.711694061756134,3.6784021854400635,0,0,0
train,684,2018-02-22 03:26:00+00:00,0.05165615677833557,0.5842073559761047,0.7951308488845825,4.27450704574585,0,0,0
train,685,2018-02-22 03:27:00+00:00,0.08609042316675186,0.5918058156967163,0.7534182667732239,3.512186050415039,0,0,0
train,686,2018-02-22 03:28:00+00:00,0.051157355308532715,0.5551222562789917,0.6613386273384094,3.0081067085266113,0,0,0
train,687,2018-02-22 03:29:00+00:00,0.055758751928806305,0.5523227453231812,0.6231346130371094,2.505481004714966,0,0,0
train,688,2018-02-22 03:30:00+00:00,0.07528889924287796,0.5602536797523499,0.5963760614395142,2.0384111404418945,0,0,0
train,689,2018-02-22 03:31:00+00:00,0.039506275206804276,0.5270134210586548,0.5879825353622437,2.339794635772705,0,0,0
train,690,2018-02-22 03:32:00+00:00,0.06151866167783737,0.5637012720108032,0.7275316715240479,3.4809730052948,0,0,0
train,691,2018-02-22 03:33:00+00:00,0.08183657377958298,0.558996319770813,0.6742891669273376,2.8749172687530518,0,0,0
train,692,2018-02-22 03:34:00+00:00,0.052143022418022156,0.5328644514083862,0.6064207553863525,2.4197542667388916,0,0,0
train,693,2018-02-22 03:35:00+00:00,0.0315437912940979,0.5345627069473267,0.617504894733429,2.6904726028442383,0,0,0
train,694,2018-02-22 03:36:00+00:00,0.024713696911931038,0.48210734128952026,0.5850991606712341,2.6036319732666016,0,0,0
train,695,2018-02-22 03:37:00+00:00,0.02091568149626255,0.4780077040195465,0.6230655908584595,3.090904474258423,0,0,0
train,696,2018-02-22 03:38:00+00:00,0.03108014538884163,0.4962834119796753,0.666140615940094,3.503509521484375,0,0,0
train,697,2018-02-22 03:39:00+00:00,0.040752653032541275,0.5345905423164368,0.6410125494003296,2.909210681915283,0,0,0
train,698,2018-02-22 03:40:00+00:00,0.01802077703177929,0.47037017345428467,0.604978084564209,3.0018677711486816,0,0,0
train,699,2018-02-22 03:41:00+00:00,0.04370664432644844,0.5318760871887207,0.6793124079704285,3.4117531776428223,0,0,0
train,700,2018-02-22 03:42:00+00:00,0.07463487237691879,0.5543045997619629,0.6603773832321167,2.73945689201355,0,0,0
train,701,2018-02-22 03:43:00+00:00,0.07887516915798187,0.5595672130584717,0.638688862323761,2.500382423400879,0,0,0
train,702,2018-02-22 03:44:00+00:00,0.11315722018480301,0.5780948400497437,0.6265811920166016,1.9504331350326538,0,0,0
train,703,2018-02-22 03:45:00+00:00,0.09071879833936691,0.5709813237190247,0.5998783707618713,1.814688801765442,0,0,0
train,704,2018-02-22 03:46:00+00:00,0.11635709553956985,0.6056762933731079,0.6868977546691895,2.456294059753418,0,0,0
train,705,2018-02-22 03:47:00+00:00,0.06350745260715485,0.54682457447052,0.560005784034729,1.7145757675170898,0,0,0
train,706,2018-02-22 03:48:00+00:00,0.0779452845454216,0.5713970065116882,0.6352645754814148,2.3418281078338623,0,0,0
train,707,2018-02-22 03:49:00+00:00,0.03232882544398308,0.5299402475357056,0.6252702474594116,2.721226453781128,0,0,0
train,708,2018-02-22 03:50:00+00:00,0.03869333490729332,0.5655874013900757,0.7471783757209778,3.936876058578491,0,0,0
train,709,2018-02-22 03:51:00+00:00,0.03735799714922905,0.5346802473068237,0.6451979875564575,2.9656710624694824,0,0,0
train,710,2018-02-22 03:52:00+00:00,0.048650164157152176,0.5345634818077087,0.6457417011260986,2.972127676010132,0,0,0
train,711,2018-02-22 03:53:00+00:00,0.02934560924768448,0.5358834266662598,0.6800445318222046,3.4029324054718018,0,0,0
train,712,2018-02-22 03:54:00+00:00,0.028148265555500984,0.5011208653450012,0.612392246723175,2.8449976444244385,0,0,0
train,713,2018-02-22 03:55:00+00:00,0.05324742570519447,0.5417784452438354,0.7286195755004883,3.7896595001220703,0,0,0
train,714,2018-02-22 03:56:00+00:00,0.059478577226400375,0.589867889881134,0.6684607863426208,2.6273272037506104,0,0,0
train,715,2018-02-22 03:57:00+00:00,0.1122792661190033,0.6375781297683716,0.9100063443183899,4.605731010437012,0,0,0
train,716,2018-02-22 03:58:00+00:00,0.06092851981520653,0.5636062622070312,0.6538918614387512,2.7315480709075928,0,0,0
train,717,2018-02-22 03:59:00+00:00,0.12382181733846664,0.6669113636016846,1.0488288402557373,5.773873329162598,0,0,0
train,718,2018-02-22 04:00:00+00:00,0.04224549978971481,0.5746761560440063,0.7419300079345703,3.828803062438965,0,0,0
train,719,2018-02-22 04:01:00+00:00,0.038347501307725906,0.5314729809761047,0.6287343502044678,2.908541440963745,0,0,0
train,720,2018-02-22 04:02:00+00:00,0.026010021567344666,0.5230680704116821,0.6560971140861511,3.1898984909057617,0,0,0
train,721,2018-02-22 04:03:00+00:00,0.02503569982945919,0.5054847002029419,0.7201252579689026,4.052115440368652,0,0,0
train,722,2018-02-22 04:04:00+00:00,0.016647376120090485,0.47958505153656006,0.6645202040672302,3.6944055557250977,0,0,0
train,723,2018-02-22 04:05:00+00:00,0.01528138853609562,0.45591455698013306,0.6572973132133484,3.756369113922119,0,0,0
train,724,2018-02-22 04:06:00+00:00,0.014854437671601772,0.45652979612350464,0.6338285207748413,3.418248414993286,0,0,0
train,725,2018-02-22 04:07:00+00:00,0.01444379985332489,0.4772289991378784,0.6771730184555054,3.8056225776672363,0,0,0
train,726,2018-02-22 04:08:00+00:00,0.017376873642206192,0.46368134021759033,0.6128572225570679,3.14370059967041,0,0,0
train,727,2018-02-22 04:09:00+00:00,0.013508549891412258,0.45876187086105347,0.6630059480667114,3.7358930110931396,0,0,0
train,728,2018-02-22 04:10:00+00:00,0.015556911006569862,0.4393642544746399,0.6667582988739014,3.9511547088623047,0,0,0
train,729,2018-02-22 04:11:00+00:00,0.019528858363628387,0.49626314640045166,0.7261887192726135,4.19096565246582,0,0,0
train,730,2018-02-22 04:12:00+00:00,0.021656233817338943,0.4725005030632019,0.5968722105026245,2.9104151725769043,0,0,0
train,731,2018-02-22 04:13:00+00:00,0.022580184042453766,0.5077187418937683,0.6918038725852966,3.7700374126434326,0,0,0
train,732,2018-02-22 04:14:00+00:00,0.019401708617806435,0.45875632762908936,0.5640382766723633,2.529958963394165,0,0,0
train,733,2018-02-22 04:15:00+00:00,0.03204556182026863,0.49481576681137085,0.6359767317771912,3.291031837463379,0,0,0
train,734,2018-02-22 04:16:00+00:00,0.015133627690374851,0.4687001705169678,0.6327558159828186,3.2846946716308594,0,0,0
train,735,2018-02-22 04:17:00+00:00,0.013589078560471535,0.4699684977531433,0.6726220846176147,3.6712653636932373,0,0,0
train,736,2018-02-22 04:18:00+00:00,0.017309434711933136,0.4888916313648224,0.6446351408958435,3.386582612991333,0,0,0
train,737,2018-02-22 04:19:00+00:00,0.014860067516565323,0.47262337803840637,0.654937207698822,3.6728782653808594,0,0,0
train,738,2018-02-22 04:20:00+00:00,0.019282560795545578,0.49630123376846313,0.6903055310249329,4.000264644622803,0,0,0
train,739,2018-02-22 04:21:00+00:00,0.02198130637407303,0.48052406311035156,0.7827212810516357,5.037192344665527,0,0,0
train,740,2018-02-22 04:22:00+00:00,0.014199530705809593,0.48495593667030334,0.6995150446891785,4.060812473297119,0,0,0
train,741,2018-02-22 04:23:00+00:00,0.0508878119289875,0.5029621124267578,0.6645204424858093,3.606553316116333,0,0,0
train,742,2018-02-22 04:24:00+00:00,0.03142453730106354,0.502306342124939,0.6243112683296204,2.9971110820770264,0,0,0
train,743,2018-02-22 04:25:00+00:00,0.04511067271232605,0.5246267914772034,0.5879039764404297,2.3416662216186523,0,0,0
train,744,2018-02-22 04:26:00+00:00,0.04431468993425369,0.5454057455062866,0.5986889600753784,2.2926080226898193,0,0,0
train,745,2018-02-22 04:27:00+00:00,0.020718060433864594,0.506166934967041,0.602723240852356,2.6020569801330566,0,0,0
train,746,2018-02-22 04:28:00+00:00,0.034368593245744705,0.5004399418830872,0.5875630974769592,2.4877052307128906,0,0,0
train,747,2018-02-22 04:29:00+00:00,0.02470213547348976,0.5149183869361877,0.6333114504814148,2.9043264389038086,0,0,0
train,748,2018-02-22 04:30:00+00:00,0.015848910436034203,0.5079401731491089,0.6446190476417542,3.2192189693450928,0,0,0
train,749,2018-02-22 04:31:00+00:00,0.02619343250989914,0.5006072521209717,0.5490034818649292,1.9880857467651367,0,0,0
train,750,2018-02-22 04:32:00+00:00,0.021840939298272133,0.4836185872554779,0.5896052718162537,2.6421830654144287,0,0,0
train,751,2018-02-22 04:33:00+00:00,0.012420681305229664,0.47525104880332947,0.6682263612747192,3.7180027961730957,0,0,0
train,752,2018-02-22 04:34:00+00:00,0.013410989195108414,0.45891156792640686,0.6576577425003052,3.70886492729187,0,0,0
train,753,2018-02-22 04:35:00+00:00,0.04365477338433266,0.531623125076294,0.7148786783218384,3.8464951515197754,0,0,0
train,754,2018-02-22 04:36:00+00:00,0.030980920419096947,0.5259327292442322,0.640783965587616,3.038107395172119,0,0,0
train,755,2018-02-22 04:37:00+00:00,0.06532661616802216,0.550406813621521,0.5878559350967407,2.099607467651367,0,0,0
train,756,2018-02-22 04:38:00+00:00,0.05669320002198219,0.5632765293121338,0.6515575051307678,2.663238286972046,0,0,0
train,757,2018-02-22 04:39:00+00:00,0.03753843158483505,0.5288212299346924,0.5693103075027466,2.1505839824676514,0,0,0
train,758,2018-02-22 04:40:00+00:00,0.04153990000486374,0.5474690794944763,0.6512233018875122,2.832612991333008,0,0,0
train,759,2018-02-22 04:41:00+00:00,0.0613136813044548,0.554381251335144,0.5885733366012573,1.905566930770874,0,0,0
train,760,2018-02-22 04:42:00+00:00,0.05673231557011604,0.5648306608200073,0.5855602622032166,1.8023669719696045,0,0,0
train,761,2018-02-22 04:43:00+00:00,0.02471344731748104,0.5502408146858215,0.6482523083686829,2.7672152519226074,0,0,0
train,762,2018-02-22 04:44:00+00:00,0.02531701885163784,0.5249898433685303,0.6290777921676636,2.665980577468872,0,0,0
train,763,2018-02-22 04:45:00+00:00,0.022895483300089836,0.5271881818771362,0.6767759919166565,3.3508100509643555,0,0,0
train,764,2018-02-22 04:46:00+00:00,0.028900817036628723,0.5216045379638672,0.606106698513031,2.4429712295532227,0,0,0
train,765,2018-02-22 04:47:00+00:00,0.03440527990460396,0.5482900142669678,0.6193559169769287,2.4212841987609863,0,0,0
train,766,2018-02-22 04:48:00+00:00,0.04266458377242088,0.54606693983078,0.5934329628944397,2.091085195541382,0,0,0
train,767,2018-02-22 04:49:00+00:00,0.05505622923374176,0.548516035079956,0.6084232926368713,2.2414510250091553,0,0,0
train,768,2018-02-22 04:50:00+00:00,0.03392251580953598,0.5313177108764648,0.611826479434967,2.578423500061035,0,0,0
train,769,2018-02-22 04:51:00+00:00,0.04589579254388809,0.5340487957000732,0.5660305619239807,1.9595524072647095,0,0,0
train,770,2018-02-22 04:52:00+00:00,0.06729397177696228,0.5645051002502441,0.5823788642883301,1.9347480535507202,0,0,0
train,771,2018-02-22 04:53:00+00:00,0.08482683449983597,0.5927188396453857,0.755608320236206,3.492652654647827,0,0,0
train,772,2018-02-22 04:54:00+00:00,0.07111182808876038,0.5857520699501038,0.6456841826438904,2.2197072505950928,0,0,0
train,773,2018-02-22 04:55:00+00:00,0.0782657116651535,0.5821873545646667,0.689744770526886,2.5534894466400146,0,0,0
train,774,2018-02-22 04:56:00+00:00,0.0997021272778511,0.5902758836746216,0.6604700684547424,2.145390033721924,0,0,0
train,775,2018-02-22 04:57:00+00:00,0.09144721925258636,0.5975942611694336,0.6242496371269226,1.726055383682251,0,0,0
train,776,2018-02-22 04:58:00+00:00,0.09275958687067032,0.5913044214248657,0.5612437725067139,1.4417288303375244,0,0,0
train,777,2018-02-22 04:59:00+00:00,0.10238312929868698,0.599931001663208,0.6400682926177979,1.9198148250579834,0,0,0
train,778,2018-02-22 05:00:00+00:00,0.08031274378299713,0.5842639803886414,0.6078678965568542,1.7642093896865845,0,0,0
train,779,2018-02-22 05:01:00+00:00,0.03540872409939766,0.5410957336425781,0.5753360390663147,2.068181037902832,0,0,0
train,780,2018-02-22 05:02:00+00:00,0.06981530040502548,0.5686115026473999,0.6243350505828857,2.115450143814087,0,0,0
train,781,2018-02-22 05:03:00+00:00,0.085622139275074,0.5808299779891968,0.6366033554077148,2.074026346206665,0,0,0
train,782,2018-02-22 05:04:00+00:00,0.09819044917821884,0.5889885425567627,0.6069939136505127,1.6745662689208984,0,0,0
train,783,2018-02-22 05:05:00+00:00,0.0669846460223198,0.587077260017395,0.638481080532074,2.2633426189422607,0,0,0
train,784,2018-02-22 05:06:00+00:00,0.06660914421081543,0.5699564218521118,0.6125931739807129,2.130013942718506,0,0,0
train,785,2018-02-22 05:07:00+00:00,0.06025359407067299,0.5645089149475098,0.6056550145149231,2.0223944187164307,0,0,0
train,786,2018-02-22 05:08:00+00:00,0.06526448577642441,0.570798397064209,0.6157239675521851,2.054478645324707,0,0,0
train,787,2018-02-22 05:09:00+00:00,0.06494777649641037,0.5780751705169678,0.5919064879417419,1.7858015298843384,0,0,0
train,788,2018-02-22 05:10:00+00:00,0.03882867842912674,0.5291562080383301,0.5527120232582092,1.8368080854415894,0,0,0
train,789,2018-02-22 05:11:00+00:00,0.06483184546232224,0.5612490177154541,0.6050456166267395,2.0508041381835938,0,0,0
train,790,2018-02-22 05:12:00+00:00,0.017501026391983032,0.4972255825996399,0.6190764904022217,2.845968008041382,0,0,0
train,791,2018-02-22 05:13:00+00:00,0.01998702622950077,0.5224403142929077,0.6571611166000366,3.093090057373047,0,0,0
train,792,2018-02-22 05:14:00+00:00,0.019770847633481026,0.4849247336387634,0.5750547647476196,2.450871706008911,0,0,0
train,793,2018-02-22 05:15:00+00:00,0.014753217808902264,0.5025851130485535,0.7160575985908508,4.139894485473633,0,0,0
train,794,2018-02-22 05:16:00+00:00,0.02515350468456745,0.4960018992424011,0.5888836979866028,2.588144302368164,0,0,0
train,795,2018-02-22 05:17:00+00:00,0.01910429261624813,0.5115139484405518,0.6712637543678284,3.477951765060425,0,0,0
train,796,2018-02-22 05:18:00+00:00,0.02940289117395878,0.4999065697193146,0.5564019083976746,2.213949680328369,0,0,0
train,797,2018-02-22 05:19:00+00:00,0.018598899245262146,0.5090985298156738,0.6492866277694702,3.2609894275665283,0,0,0
train,798,2018-02-22 05:20:00+00:00,0.025146014988422394,0.5134627819061279,0.5976942181587219,2.655637502670288,0,0,0
train,799,2018-02-22 05:21:00+00:00,0.08638814091682434,0.5859059691429138,0.7270052433013916,3.24562931060791,0,0,0
train,800,2018-02-22 05:22:00+00:00,0.05458685755729675,0.5713891386985779,0.6246534585952759,2.369903326034546,0,0,0
train,801,2018-02-22 05:23:00+00:00,0.052014946937561035,0.575818657875061,0.6656847596168518,2.755795955657959,0,0,0
train,802,2018-02-22 05:24:00+00:00,0.06168486922979355,0.5666272640228271,0.6354939341545105,2.2517452239990234,0,0,0
train,803,2018-02-22 05:25:00+00:00,0.035360753536224365,0.5588977336883545,0.6581558585166931,2.7509734630584717,0,0,0
train,804,2018-02-22 05:26:00+00:00,0.06766747683286667,0.5626314878463745,0.6254417896270752,2.1712875366210938,0,0,0
train,805,2018-02-22 05:27:00+00:00,0.08711747080087662,0.5959396958351135,0.6669506430625916,2.1313374042510986,0,0,0
train,806,2018-02-22 05:28:00+00:00,0.03877219185233116,0.5828124284744263,0.6431060433387756,2.417933940887451,0,0,0
train,807,2018-02-22 05:29:00+00:00,0.03288713097572327,0.5795826315879822,0.6668301224708557,2.6106817722320557,0,0,0
train,808,2018-02-22 05:30:00+00:00,0.16263243556022644,0.7734304070472717,1.0652916431427002,5.081264019012451,0,0,0
train,809,2018-02-22 08:22:00+00:00,0.17048881947994232,0.7913995385169983,0.964278519153595,3.9429194927215576,0,0,0
train,810,2018-02-22 08:52:00+00:00,0.08096054941415787,0.5592730045318604,0.65577632188797,2.685289144515991,0,0,0
train,811,2018-02-22 08:53:00+00:00,0.0348324328660965,0.5402060747146606,0.6413252353668213,2.7840123176574707,0,0,0
train,812,2018-02-22 08:54:00+00:00,0.03066394478082657,0.5310105085372925,0.6478911638259888,2.9886741638183594,0,0,0
train,813,2018-02-22 08:55:00+00:00,0.03275081515312195,0.5536524653434753,0.6384908556938171,2.6246156692504883,0,0,0
train,814,2018-02-22 08:56:00+00:00,0.06080370396375656,0.5692348480224609,0.6233202815055847,2.186014175415039,0,0,0
train,815,2018-02-22 08:57:00+00:00,0.039003558456897736,0.5830308198928833,0.6945084929466248,3.0687694549560547,0,0,0
train,816,2018-02-22 08:58:00+00:00,0.0470772385597229,0.5727081298828125,0.6327325701713562,2.2933130264282227,0,0,0
train,817,2018-02-22 08:59:00+00:00,0.03542126715183258,0.5692969560623169,0.6304369568824768,2.320089817047119,0,0,0
train,818,2018-02-22 09:00:00+00:00,0.029458533972501755,0.5601210594177246,0.6240407824516296,2.3736789226531982,0,0,0
train,819,2018-02-22 09:01:00+00:00,0.042282287031412125,0.5710141658782959,0.6198787689208984,2.205019235610962,0,0,0
train,820,2018-02-22 09:02:00+00:00,0.0438157320022583,0.5825483202934265,0.6484211087226868,2.409745454788208,0,0,0
train,821,2018-02-22 09:03:00+00:00,0.02740096114575863,0.5599148869514465,0.663950502872467,2.8932244777679443,0,0,0
train,822,2018-02-22 09:04:00+00:00,0.0207729022949934,0.6049873232841492,0.8824402689933777,4.88179349899292,0,0,0
train,823,2018-02-22 09:05:00+00:00,0.02176205813884735,0.5597919821739197,0.7406263947486877,3.9755516052246094,0,0,0
train,824,2018-02-22 09:06:00+00:00,0.012916328385472298,0.516693651676178,0.8497453331947327,5.58575439453125,0,0,0
train,825,2018-02-22 09:07:00+00:00,0.018948901444673538,0.508192777633667,0.8567145466804504,5.638636589050293,0,0,0
train,826,2018-02-22 09:08:00+00:00,0.015270781703293324,0.5025616884231567,0.7225457429885864,4.141252040863037,0,0,0
train,827,2018-02-22 09:09:00+00:00,0.017568515613675117,0.5136445164680481,0.6971384286880493,3.7564380168914795,0,0,0
train,828,2018-02-22 09:10:00+00:00,0.017129182815551758,0.5233786106109619,0.6952763199806213,3.677104949951172,0,0,0
train,829,2018-02-22 09:11:00+00:00,0.015107701532542706,0.5132625102996826,0.7401307821273804,4.334432125091553,0,0,0
train,830,2018-02-22 09:12:00+00:00,0.014764278195798397,0.4879835247993469,0.6390354037284851,3.2590720653533936,0,0,0
train,831,2018-02-22 09:13:00+00:00,0.016177454963326454,0.5190390944480896,0.6972923278808594,3.919867992401123,0,0,0
train,832,2018-02-22 09:14:00+00:00,0.02075616829097271,0.5066649913787842,0.6010056138038635,2.811265230178833,0,0,0
train,833,2018-02-22 09:15:00+00:00,0.025220712646842003,0.5109187960624695,0.6903565526008606,3.6645679473876953,0,0,0
train,834,2018-02-22 09:16:00+00:00,0.019874846562743187,0.4997580647468567,0.5845152139663696,2.613828182220459,0,0,0
train,835,2018-02-22 09:17:00+00:00,0.01592944748699665,0.5009043216705322,0.6702281832695007,3.449162006378174,0,0,0
train,836,2018-02-22 09:18:00+00:00,0.017894284799695015,0.4825364351272583,0.5836036801338196,2.644927501678467,0,0,0
train,837,2018-02-22 09:19:00+00:00,0.028140902519226074,0.541656494140625,0.8745059370994568,5.616865634918213,0,0,0
train,838,2018-02-22 09:20:00+00:00,0.023940106853842735,0.526005744934082,0.6515632271766663,3.0605154037475586,0,0,0
train,839,2018-02-22 09:21:00+00:00,0.03854908421635628,0.540170431137085,0.6367141008377075,2.7087888717651367,0,0,0
train,840,2018-02-22 09:22:00+00:00,0.022114677354693413,0.5210620164871216,0.637332022190094,3.0169272422790527,0,0,0
train,841,2018-02-22 09:23:00+00:00,0.06241472437977791,0.5544908046722412,0.7030230760574341,3.281832695007324,0,0,0
train,842,2018-02-22 09:24:00+00:00,0.02497767098248005,0.5533130764961243,0.7233293056488037,3.7004599571228027,0,0,0
train,843,2018-02-22 09:25:00+00:00,0.02977333404123783,0.5458134412765503,0.6932666301727295,3.4389841556549072,0,0,0
train,844,2018-02-22 09:26:00+00:00,0.029743723571300507,0.5395435094833374,0.6677591800689697,3.0634419918060303,0,0,0
train,845,2018-02-22 09:27:00+00:00,0.035879407078027725,0.5407232046127319,0.6271764636039734,2.554094076156616,0,0,0
train,846,2018-02-22 09:28:00+00:00,0.05702710524201393,0.571846067905426,0.6050545573234558,1.9926180839538574,0,0,0
train,847,2018-02-22 09:29:00+00:00,0.07143331319093704,0.5791863203048706,0.597251296043396,1.8226374387741089,0,0,0
train,848,2018-02-22 09:30:00+00:00,0.05882348492741585,0.5965445041656494,0.6585524082183838,2.477159261703491,0,0,0
train,849,2018-02-22 09:31:00+00:00,0.018272357061505318,0.5308589935302734,0.7166154980659485,3.8110129833221436,0,0,0
train,850,2018-02-22 09:32:00+00:00,0.021229349076747894,0.5326699018478394,0.6724709868431091,3.232907295227051,0,0,0
train,851,2018-02-22 09:33:00+00:00,0.013810995034873486,0.492098331451416,0.7509077787399292,4.632538795471191,0,0,0
train,852,2018-02-22 09:34:00+00:00,0.019487811252474785,0.5026002526283264,0.7169511318206787,4.092263698577881,0,0,0
train,853,2018-02-22 09:35:00+00:00,0.027910159900784492,0.5138767957687378,0.5958959460258484,2.6128110885620117,0,0,0
train,854,2018-02-22 09:36:00+00:00,0.025857890024781227,0.5202807188034058,0.6177874207496643,2.7934682369232178,0,0,0
train,855,2018-02-22 09:37:00+00:00,0.01992216520011425,0.5053918361663818,0.5993277430534363,2.7114064693450928,0,0,0
train,856,2018-02-22 09:38:00+00:00,0.015331394970417023,0.4954122006893158,0.6332783699035645,3.1780216693878174,0,0,0
train,857,2018-02-22 09:39:00+00:00,0.019977053627371788,0.4962814450263977,0.5868938565254211,2.666562080383301,0,0,0
train,858,2018-02-22 09:40:00+00:00,0.014818095602095127,0.49065232276916504,0.6225411295890808,2.9946091175079346,0,0,0
train,859,2018-02-22 09:41:00+00:00,0.019248470664024353,0.48248720169067383,0.5749960541725159,2.4880971908569336,0,0,0
train,860,2018-02-22 09:42:00+00:00,0.0204868596047163,0.506097674369812,0.5959102511405945,2.5834596157073975,0,0,0
train,861,2018-02-22 09:43:00+00:00,0.01731364242732525,0.5113061666488647,0.6298686861991882,3.060842990875244,0,0,0
train,862,2018-02-22 09:44:00+00:00,0.011933214031159878,0.47205203771591187,0.6343234777450562,3.2234292030334473,0,0,0
train,863,2018-02-22 09:45:00+00:00,0.013475817628204823,0.4833456873893738,0.6132529973983765,2.9438676834106445,0,0,0
train,864,2018-02-22 09:46:00+00:00,0.011154583655297756,0.45581480860710144,0.6275972723960876,3.3081893920898438,0,0,0
train,865,2018-02-22 09:47:00+00:00,0.00798686034977436,0.45086997747421265,0.6591914296150208,3.65975022315979,0,0,0
train,866,2018-02-22 09:48:00+00:00,0.012352832593023777,0.4867439270019531,0.6567777395248413,3.5682756900787354,0,0,0
train,867,2018-02-22 09:49:00+00:00,0.023041250184178352,0.5122143030166626,0.6714202165603638,3.520231246948242,0,0,0
train,868,2018-02-22 09:50:00+00:00,0.05479150637984276,0.5548707246780396,0.6827147603034973,3.1716713905334473,0,0,0
train,869,2018-02-22 09:51:00+00:00,0.04745231196284294,0.5548668503761292,0.6662387251853943,2.875821113586426,0,0,0
train,870,2018-02-22 09:52:00+00:00,0.05261862277984619,0.5690314769744873,0.6473104357719421,2.46760892868042,0,0,0
train,871,2018-02-22 09:53:00+00:00,0.03119148500263691,0.531455397605896,0.5876517295837402,2.272507905960083,0,0,0
train,872,2018-02-22 09:54:00+00:00,0.03191381320357323,0.5459553599357605,0.6413024663925171,2.7337803840637207,0,0,0
train,873,2018-02-22 09:55:00+00:00,0.04510093107819557,0.5707924365997314,0.7008907794952393,3.155168294906616,0,0,0
train,874,2018-02-22 09:56:00+00:00,0.05458460748195648,0.563666582107544,0.6388351321220398,2.3572471141815186,0,0,0
train,875,2018-02-22 09:57:00+00:00,0.058473169803619385,0.5818455219268799,0.6132645606994629,2.0811450481414795,0,0,0
train,876,2018-02-22 09:58:00+00:00,0.02130204625427723,0.5431402921676636,0.6614557504653931,3.040565013885498,0,0,0
train,877,2018-02-22 09:59:00+00:00,0.03877934813499451,0.5566184520721436,0.620682954788208,2.4157471656799316,0,0,0
train,878,2018-02-22 10:00:00+00:00,0.03118908405303955,0.538591742515564,0.6596709489822388,3.049919605255127,0,0,0
train,879,2018-02-22 10:01:00+00:00,0.028477832674980164,0.5271388292312622,0.6038681268692017,2.403635025024414,0,0,0
train,880,2018-02-22 10:02:00+00:00,0.04945235699415207,0.5646448135375977,0.6535233855247498,2.5797996520996094,0,0,0
train,881,2018-02-22 10:03:00+00:00,0.02123694308102131,0.5185408592224121,0.6192553043365479,2.7539613246917725,0,0,0
train,882,2018-02-22 10:04:00+00:00,0.027391402050852776,0.5366199612617493,0.64374840259552,2.815608024597168,0,0,0
train,883,2018-02-22 10:05:00+00:00,0.025500237941741943,0.499167799949646,0.5455819368362427,1.9472931623458862,0,0,0
train,884,2018-02-22 10:06:00+00:00,0.05353710427880287,0.5507209897041321,0.5824130773544312,2.016383409500122,0,0,0
train,885,2018-02-22 10:07:00+00:00,0.03079988993704319,0.532730221748352,0.5993698239326477,2.3185431957244873,0,0,0
train,886,2018-02-22 10:08:00+00:00,0.04989248886704445,0.5503339171409607,0.5905287265777588,2.114891767501831,0,0,0
train,887,2018-02-22 10:09:00+00:00,0.05607500299811363,0.5638014674186707,0.5912072062492371,1.895845651626587,0,0,0
train,888,2018-02-22 10:10:00+00:00,0.035836439579725266,0.5487655401229858,0.5982531309127808,2.1388022899627686,0,0,0
train,889,2018-02-22 10:11:00+00:00,0.01975417695939541,0.5182856917381287,0.6523837447166443,3.0144925117492676,0,0,0
train,890,2018-02-22 10:12:00+00:00,0.0309681985527277,0.5340933799743652,0.6090631484985352,2.38765287399292,0,0,0
train,891,2018-02-22 10:13:00+00:00,0.026205604895949364,0.5297755002975464,0.6582375764846802,3.0388906002044678,0,0,0
train,892,2018-02-22 10:14:00+00:00,0.06632258743047714,0.5374889373779297,0.5788483023643494,2.110905408859253,0,0,0
train,893,2018-02-22 10:15:00+00:00,0.10243438929319382,0.5749202370643616,0.6182448863983154,2.018217086791992,0,0,0
train,894,2018-02-22 10:16:00+00:00,0.0798196941614151,0.5489804744720459,0.5706945657730103,1.7593050003051758,0,0,0
train,895,2018-02-22 10:17:00+00:00,0.05594124272465706,0.5830377340316772,0.7486494183540344,3.382720470428467,0,0,0
train,896,2018-02-22 10:18:00+00:00,0.07615291327238083,0.5968559980392456,0.6747985482215881,2.405214309692383,0,0,0
train,897,2018-02-22 10:19:00+00:00,0.1417115479707718,0.6243256330490112,0.7528067827224731,2.745706796646118,0,0,0
train,898,2018-02-22 10:20:00+00:00,0.06191833317279816,0.6185218691825867,0.7025062441825867,2.7362685203552246,0,0,0
train,899,2018-02-22 10:21:00+00:00,0.0413772277534008,0.5766510963439941,0.6571378111839294,2.6236572265625,0,0,0
train,900,2018-02-22 10:22:00+00:00,0.030394507572054863,0.5422004461288452,0.6721228957176208,2.912726640701294,0,0,0
train,901,2018-02-22 10:23:00+00:00,0.030558418482542038,0.5516107082366943,0.6265150308609009,2.6500766277313232,0,0,0
train,902,2018-02-22 10:24:00+00:00,0.03710159659385681,0.5363694429397583,0.574100911617279,2.021547317504883,0,0,0
train,903,2018-02-22 10:25:00+00:00,0.016612675040960312,0.5085071325302124,0.6257025599479675,2.8985559940338135,0,0,0
train,904,2018-02-22 10:26:00+00:00,0.022375525906682014,0.5184668302536011,0.7757084965705872,4.686297416687012,0,0,0
train,905,2018-02-22 10:27:00+00:00,0.012816210277378559,0.4855589270591736,0.7387592792510986,4.545713424682617,0,0,0
train,906,2018-02-22 10:28:00+00:00,0.020858123898506165,0.5130857229232788,0.6500049233436584,3.2147727012634277,0,0,0
train,907,2018-02-22 10:29:00+00:00,0.02334996685385704,0.5313201546669006,0.6643909811973572,3.247645854949951,0,0,0
train,908,2018-02-22 10:30:00+00:00,0.021758532151579857,0.532584011554718,0.6735676527023315,3.2809274196624756,0,0,0
train,909,2018-02-22 10:31:00+00:00,0.017918800935149193,0.5198171138763428,0.6689838767051697,3.3282196521759033,0,0,0
train,910,2018-02-22 10:32:00+00:00,0.017476212233304977,0.5182079076766968,0.6567322611808777,3.1528093814849854,0,0,0
train,911,2018-02-22 10:33:00+00:00,0.025002112612128258,0.5267022848129272,0.6064745783805847,2.50285005569458,0,0,0
train,912,2018-02-22 10:34:00+00:00,0.015956152230501175,0.5017937421798706,0.6110952496528625,2.773391008377075,0,0,0
train,913,2018-02-22 10:35:00+00:00,0.018205750733613968,0.5171590447425842,0.6186442375183105,2.7973108291625977,0,0,0
train,914,2018-02-22 10:36:00+00:00,0.022326048463582993,0.519149661064148,0.6265074014663696,2.759145975112915,0,0,0
train,915,2018-02-22 10:37:00+00:00,0.018619505688548088,0.5123336315155029,0.6302509903907776,2.9686522483825684,0,0,0
train,916,2018-02-22 10:38:00+00:00,0.01076164934784174,0.47997087240219116,0.6564410924911499,3.352590560913086,0,0,0
train,917,2018-02-22 10:39:00+00:00,0.010756265372037888,0.4713245630264282,0.643058717250824,3.333953380584717,0,0,0
train,918,2018-02-22 10:40:00+00:00,0.00928663183003664,0.46689778566360474,0.6691669225692749,3.690197706222534,0,0,0
train,919,2018-02-22 10:41:00+00:00,0.008891692385077477,0.4416159391403198,0.7444518208503723,4.800887107849121,0,0,0
train,920,2018-02-22 10:42:00+00:00,0.00904597993940115,0.45056772232055664,0.6902092099189758,4.124204635620117,0,0,0
train,921,2018-02-22 10:43:00+00:00,0.010641993954777718,0.47712114453315735,0.6821243762969971,3.889549732208252,0,0,0
train,922,2018-02-22 10:44:00+00:00,0.019492153078317642,0.5054703950881958,0.6005635261535645,2.7607407569885254,0,0,0
train,923,2018-02-22 10:45:00+00:00,0.020021960139274597,0.5238640308380127,0.6505963802337646,3.2001163959503174,0,0,0
train,924,2018-02-22 10:46:00+00:00,0.024427739903330803,0.5179479122161865,0.6434968113899231,3.072376251220703,0,0,0
train,925,2018-02-22 10:47:00+00:00,0.016360316425561905,0.5165030360221863,0.6572480797767639,3.196035146713257,0,0,0
train,926,2018-02-22 10:48:00+00:00,0.013486751355230808,0.49517157673835754,0.6741442680358887,3.564438581466675,0,0,0
train,927,2018-02-22 10:49:00+00:00,0.01579846628010273,0.5085750818252563,0.6598497033119202,3.190599203109741,0,0,0
train,928,2018-02-22 10:50:00+00:00,0.01207113079726696,0.48975273966789246,0.6540921926498413,3.4147584438323975,0,0,0
train,929,2018-02-22 10:51:00+00:00,0.024102043360471725,0.5258141160011292,0.650468111038208,3.0644052028656006,0,0,0
train,930,2018-02-22 10:52:00+00:00,0.013165346346795559,0.5088026523590088,0.6811944246292114,3.461535692214966,0,0,0
train,931,2018-02-22 10:53:00+00:00,0.019143883138895035,0.5141574144363403,0.6582322120666504,3.2763826847076416,0,0,0
train,932,2018-02-22 10:54:00+00:00,0.012565568089485168,0.4835819602012634,0.6773056387901306,3.6748242378234863,0,0,0
train,933,2018-02-22 10:55:00+00:00,0.010404123924672604,0.47610196471214294,0.7219336032867432,4.281332015991211,0,0,0
train,934,2018-02-22 10:56:00+00:00,0.013003919273614883,0.4859693646430969,0.6995074152946472,3.8383994102478027,0,0,0
train,935,2018-02-22 10:57:00+00:00,0.011832395568490028,0.48434165120124817,0.7242630124092102,4.2312912940979,0,0,0
train,936,2018-02-22 10:58:00+00:00,0.014634167775511742,0.5875824689865112,0.8924114108085632,5.335361480712891,0,0,0
train,937,2018-02-22 10:59:00+00:00,0.008639545179903507,0.4845881462097168,0.7250617146492004,4.174368381500244,0,0,0
train,938,2018-02-22 11:00:00+00:00,0.009311257861554623,0.4932038486003876,0.7527459263801575,4.3966875076293945,0,0,0
train,939,2018-02-22 11:01:00+00:00,0.033779505640268326,0.5966494679450989,0.8781041502952576,4.990932941436768,0,0,0
train,940,2018-02-22 11:02:00+00:00,0.01432720571756363,0.4904988408088684,0.6955928802490234,3.7656610012054443,0,0,0
train,941,2018-02-22 11:03:00+00:00,0.020555710420012474,0.5047732591629028,0.6498273015022278,3.245304822921753,0,0,0
train,942,2018-02-22 11:04:00+00:00,0.011726940982043743,0.4941645860671997,0.6985535025596619,3.8708317279815674,0,0,0
train,943,2018-02-22 11:05:00+00:00,0.01311785914003849,0.4898173213005066,0.7077611088752747,3.9763967990875244,0,0,0
train,944,2018-02-22 11:06:00+00:00,0.012181172147393227,0.4831847548484802,0.6666396856307983,3.5399293899536133,0,0,0
train,945,2018-02-22 11:07:00+00:00,0.008548056706786156,0.4650208055973053,0.6976462602615356,3.9963176250457764,0,0,0
train,946,2018-02-22 11:08:00+00:00,0.00828567985445261,0.456739604473114,0.6792722940444946,3.9444127082824707,0,0,0
train,947,2018-02-22 11:09:00+00:00,0.0089890630915761,0.47990208864212036,0.6842147707939148,3.885371208190918,0,0,0
train,948,2018-02-22 11:10:00+00:00,0.010892488993704319,0.4795840084552765,0.6813290119171143,3.771906614303589,0,0,0
train,949,2018-02-22 11:11:00+00:00,0.013179434463381767,0.4858565926551819,0.6470215320587158,3.312295913696289,0,0,0
train,950,2018-02-22 11:12:00+00:00,0.012693370692431927,0.4720604419708252,0.6317826509475708,3.2014877796173096,0,0,0
train,951,2018-02-22 11:13:00+00:00,0.02144254930317402,0.5101560354232788,0.655918538570404,3.34633469581604,0,0,0
train,952,2018-02-22 11:14:00+00:00,0.02072674036026001,0.5139647722244263,0.6417346000671387,3.011220932006836,0,0,0
train,953,2018-02-22 11:15:00+00:00,0.014919493347406387,0.5024851560592651,0.6661235690116882,3.313856601715088,0,0,0
train,954,2018-02-22 11:16:00+00:00,0.01685369201004505,0.5095605850219727,0.6829044818878174,3.5326921939849854,0,0,0
train,955,2018-02-22 11:17:00+00:00,0.01587788201868534,0.5025067329406738,0.6488990783691406,3.3223581314086914,0,0,0
train,956,2018-02-22 11:18:00+00:00,0.011731798760592937,0.4776184558868408,0.6716493964195251,3.658223867416382,0,0,0
train,957,2018-02-22 11:19:00+00:00,0.007461917586624622,0.44387608766555786,0.6698748469352722,3.7339370250701904,0,0,0
train,958,2018-02-22 11:20:00+00:00,0.0119010666385293,0.49405181407928467,0.7256392240524292,4.214877128601074,0,0,0
train,959,2018-02-22 11:21:00+00:00,0.007400359958410263,0.4588114023208618,0.7268386483192444,4.396841049194336,0,0,0
train,960,2018-02-22 11:22:00+00:00,0.01300862804055214,0.47950661182403564,0.687652587890625,3.8720743656158447,0,0,0
train,961,2018-02-22 11:23:00+00:00,0.01180446520447731,0.49080365896224976,0.674231767654419,3.5989158153533936,0,0,0
train,962,2018-02-22 11:24:00+00:00,0.008481004275381565,0.4724116325378418,0.6730504631996155,3.621894598007202,0,0,0
train,963,2018-02-22 11:25:00+00:00,0.010675950907170773,0.4752459228038788,0.660272479057312,3.481527328491211,0,0,0
train,964,2018-02-22 11:26:00+00:00,0.011104095727205276,0.47793257236480713,0.6833884119987488,3.7417244911193848,0,0,0
train,965,2018-02-22 11:27:00+00:00,0.011896882206201553,0.4778096675872803,0.7514695525169373,4.544972896575928,0,0,0
train,966,2018-02-22 11:28:00+00:00,0.010391169227659702,0.47109296917915344,0.6595380902290344,3.5713932514190674,0,0,0
train,967,2018-02-22 11:29:00+00:00,0.013065838254988194,0.48989439010620117,0.6904072761535645,3.7736284732818604,0,0,0
train,968,2018-02-22 11:30:00+00:00,0.010369018651545048,0.47971683740615845,0.6380831599235535,3.2434797286987305,0,0,0
train,969,2018-02-22 11:31:00+00:00,0.011576088145375252,0.5058542490005493,0.7102894186973572,3.869363307952881,0,0,0
train,970,2018-02-22 11:32:00+00:00,0.007853520102798939,0.46772560477256775,0.6730533242225647,3.6479756832122803,0,0,0
train,971,2018-02-22 11:33:00+00:00,0.008297299966216087,0.46679025888442993,0.6763812303543091,3.713078737258911,0,0,0
train,972,2018-02-22 11:34:00+00:00,0.0075539187528193,0.44533586502075195,0.6862844228744507,4.123966217041016,0,0,0
train,973,2018-02-22 11:35:00+00:00,0.00710652582347393,0.43980294466018677,0.6870108842849731,4.259191513061523,0,0,0
train,974,2018-02-22 11:36:00+00:00,0.010954204946756363,0.464691162109375,0.6191831827163696,3.203584909439087,0,0,0
train,975,2018-02-22 11:37:00+00:00,0.012917584739625454,0.4795474410057068,0.632347047328949,3.225816011428833,0,0,0
train,976,2018-02-22 11:38:00+00:00,0.016808073967695236,0.5043356418609619,0.6305692791938782,3.0794880390167236,0,0,0
train,977,2018-02-22 11:39:00+00:00,0.012863237410783768,0.48063647747039795,0.6343436241149902,3.236490249633789,0,0,0
train,978,2018-02-22 11:40:00+00:00,0.010487375780940056,0.4610593914985657,0.6263282895088196,3.299956798553467,0,0,0
train,979,2018-02-22 11:41:00+00:00,0.015313277952373028,0.46694839000701904,0.5878417491912842,2.7836930751800537,0,0,0
train,980,2018-02-22 11:42:00+00:00,0.024389954283833504,0.4976201057434082,0.6245304942131042,2.946535587310791,0,0,0
train,981,2018-02-22 11:43:00+00:00,0.02244572713971138,0.5181680917739868,0.6421486139297485,2.9427828788757324,0,0,0
train,982,2018-02-22 11:44:00+00:00,0.02514914609491825,0.5292384624481201,0.6354914307594299,2.7604589462280273,0,0,0
train,983,2018-02-22 11:45:00+00:00,0.027202008292078972,0.5415728688240051,0.6314524412155151,2.60842227935791,0,0,0
train,984,2018-02-22 11:46:00+00:00,0.011997900903224945,0.5024867057800293,0.6703471541404724,3.3899145126342773,0,0,0
train,985,2018-02-22 11:47:00+00:00,0.011609979905188084,0.4900897741317749,0.6865347623825073,3.6667284965515137,0,0,0
train,986,2018-02-22 11:48:00+00:00,0.010117016732692719,0.4626033902168274,0.6513020992279053,3.579763174057007,0,0,0
train,987,2018-02-22 11:49:00+00:00,0.009011717513203621,0.4555932879447937,0.662907063961029,3.7988040447235107,0,0,0
train,988,2018-02-22 11:50:00+00:00,0.012323351576924324,0.47967082262039185,0.6386857628822327,3.328907012939453,0,0,0
train,989,2018-02-22 11:51:00+00:00,0.015455733984708786,0.4836235046386719,0.602597177028656,2.90177583694458,0,0,0
train,990,2018-02-22 11:52:00+00:00,0.012484770268201828,0.4646821618080139,0.6254937648773193,3.2293262481689453,0,0,0
train,991,2018-02-22 11:53:00+00:00,0.010351520031690598,0.4739264249801636,0.6537633538246155,3.5053369998931885,0,0,0
train,992,2018-02-22 11:54:00+00:00,0.009893061593174934,0.4583951234817505,0.6061599850654602,3.1132500171661377,0,0,0
train,993,2018-02-22 11:55:00+00:00,0.008390282280743122,0.4461814761161804,0.651832640171051,3.6657121181488037,0,0,0
train,994,2018-02-22 11:56:00+00:00,0.008443444967269897,0.4416605234146118,0.6445860266685486,3.6196048259735107,0,0,0
train,995,2018-02-22 11:57:00+00:00,0.012300564907491207,0.47370344400405884,0.6260947585105896,3.237384080886841,0,0,0
train,996,2018-02-22 11:58:00+00:00,0.009477495215833187,0.4448283314704895,0.6439632177352905,3.561978816986084,0,0,0
train,997,2018-02-22 11:59:00+00:00,0.00937759131193161,0.4562666416168213,0.6541833281517029,3.5071523189544678,0,0,0
train,998,2018-02-22 12:00:00+00:00,0.007600240875035524,0.45204395055770874,0.704619288444519,4.114264011383057,0,0,0
train,999,2018-02-22 12:01:00+00:00,0.007936682552099228,0.45018696784973145,0.6815620064735413,3.953028678894043,0,0,0
train,1000,2018-02-22 12:02:00+00:00,0.007807041052728891,0.4378995895385742,0.6924777626991272,4.298379421234131,0,0,0
train,1001,2018-02-22 12:03:00+00:00,0.014681076630949974,0.4642806649208069,0.6131083965301514,3.0577244758605957,0,0,0
train,1002,2018-02-22 12:04:00+00:00,0.012699466198682785,0.46176671981811523,0.621582567691803,3.1792478561401367,0,0,0
train,1003,2018-02-22 12:05:00+00:00,0.020747367292642593,0.5071161985397339,0.6029783487319946,2.7133965492248535,0,0,0
train,1004,2018-02-22 12:06:00+00:00,0.012374971061944962,0.47710120677948,0.5669428706169128,2.4150662422180176,0,0,0
train,1005,2018-02-22 12:07:00+00:00,0.01715981401503086,0.49350184202194214,0.6026005744934082,2.7827072143554688,0,0,0
train,1006,2018-02-22 12:08:00+00:00,0.012425266206264496,0.4654720425605774,0.5565510392189026,2.4297266006469727,0,0,0
train,1007,2018-02-22 12:09:00+00:00,0.014058265835046768,0.46989917755126953,0.5899274349212646,2.7598977088928223,0,0,0
train,1008,2018-02-22 12:10:00+00:00,0.022509777918457985,0.5246455669403076,0.7055048942565918,3.495529890060425,0,0,0
train,1009,2018-02-22 12:11:00+00:00,0.030509520322084427,0.5299870371818542,0.6427785158157349,2.910745620727539,0,0,0
train,1010,2018-02-22 12:12:00+00:00,0.019303273409605026,0.5032367706298828,0.6134041547775269,2.837524652481079,0,0,0
train,1011,2018-02-22 12:13:00+00:00,0.014359446242451668,0.4861568212509155,0.6441729068756104,3.186598062515259,0,0,0
train,1012,2018-02-22 12:14:00+00:00,0.018910827115178108,0.5121766924858093,0.7006844878196716,3.7950451374053955,0,0,0
train,1013,2018-02-22 12:15:00+00:00,0.012664546258747578,0.4815400242805481,0.6758926510810852,3.67168927192688,0,0,0
train,1014,2018-02-22 12:16:00+00:00,0.011416948400437832,0.4886537194252014,0.6908730268478394,3.8129465579986572,0,0,0
train,1015,2018-02-22 12:17:00+00:00,0.009851050563156605,0.49108022451400757,0.7362215518951416,4.176954746246338,0,0,0
train,1016,2018-02-22 12:18:00+00:00,0.01268269494175911,0.4949398636817932,0.7074893116950989,3.954976797103882,0,0,0
train,1017,2018-02-22 12:19:00+00:00,0.01129238959401846,0.47900307178497314,0.6781262755393982,3.805595874786377,0,0,0
train,1018,2018-02-22 12:20:00+00:00,0.007834495045244694,0.43759289383888245,0.6759732365608215,3.9982454776763916,0,0,0
train,1019,2018-02-22 12:21:00+00:00,0.007875153794884682,0.45190906524658203,0.712398111820221,4.321675777435303,0,0,0
train,1020,2018-02-22 12:22:00+00:00,0.007544147782027721,0.44406765699386597,0.6801803112030029,3.888576030731201,0,0,0
train,1021,2018-02-22 12:23:00+00:00,0.012544490396976471,0.5034726858139038,0.7215064167976379,4.077488899230957,0,0,0
train,1022,2018-02-22 12:24:00+00:00,0.011562047526240349,0.48672181367874146,0.7234460115432739,4.235302925109863,0,0,0
train,1023,2018-02-22 12:25:00+00:00,0.00847988948225975,0.481974720954895,0.7560932040214539,4.626779556274414,0,0,0
train,1024,2018-02-22 12:26:00+00:00,0.009793231263756752,0.4747994542121887,0.7287759184837341,4.152680397033691,0,0,0
train,1025,2018-02-22 12:27:00+00:00,0.008976108394563198,0.47153300046920776,0.7604580521583557,4.681694507598877,0,0,0
train,1026,2018-02-22 12:28:00+00:00,0.012222676537930965,0.48956209421157837,0.7206068634986877,4.136873722076416,0,0,0
train,1027,2018-02-22 12:29:00+00:00,0.01215154118835926,0.48460090160369873,0.7686313390731812,4.750285625457764,0,0,0
train,1028,2018-02-22 12:30:00+00:00,0.011710361577570438,0.46772778034210205,0.6593417525291443,3.5546369552612305,0,0,0
train,1029,2018-02-22 12:31:00+00:00,0.009840146638453007,0.4748085141181946,0.6903231739997864,3.885051727294922,0,0,0
train,1030,2018-02-22 12:32:00+00:00,0.006688387133181095,0.44473299384117126,0.6483862996101379,3.5876660346984863,0,0,0
train,1031,2018-02-22 12:33:00+00:00,0.006335511803627014,0.43694210052490234,0.6586443781852722,3.6734657287597656,0,0,0
train,1032,2018-02-22 12:34:00+00:00,0.008145423606038094,0.43180784583091736,0.6549952626228333,3.745757818222046,0,0,0
train,1033,2018-02-22 12:35:00+00:00,0.01009778119623661,0.4697476029396057,0.6602863073348999,3.6758430004119873,0,0,0
train,1034,2018-02-22 12:36:00+00:00,0.006598454434424639,0.4287187159061432,0.720757782459259,4.621308326721191,0,0,0
train,1035,2018-02-22 12:37:00+00:00,0.008699633181095123,0.4594997763633728,0.7834332585334778,5.205077171325684,0,0,0
train,1036,2018-02-22 12:38:00+00:00,0.027910059317946434,0.5189861059188843,0.7434244155883789,4.237159252166748,0,0,0
train,1037,2018-02-22 12:39:00+00:00,0.03079945780336857,0.540149986743927,0.6925478577613831,3.4813811779022217,0,0,0
train,1038,2018-02-22 12:40:00+00:00,0.039833277463912964,0.5618453025817871,0.6837981939315796,3.2284162044525146,0,0,0
train,1039,2018-02-22 12:41:00+00:00,0.10668319463729858,0.6049816608428955,0.8085722327232361,3.927011489868164,0,0,0
train,1040,2018-02-22 12:42:00+00:00,0.08397993445396423,0.6160720586776733,0.8989810943603516,4.432725429534912,0,0,0
train,1041,2018-02-22 12:43:00+00:00,0.08773600310087204,0.629369854927063,0.8843358159065247,4.320126056671143,0,0,0
train,1042,2018-02-22 12:44:00+00:00,0.06344041228294373,0.6032431125640869,0.7518128156661987,3.551456928253174,0,0,0
train,1043,2018-02-22 12:45:00+00:00,0.03565142676234245,0.5602310299873352,0.7344433069229126,3.7869389057159424,0,0,0
train,1044,2018-02-22 12:46:00+00:00,0.021967150270938873,0.5345170497894287,0.7080613374710083,3.6852385997772217,0,0,0
train,1045,2018-02-22 12:47:00+00:00,0.01737261936068535,0.4721396863460541,0.7530848383903503,4.625141143798828,0,0,0
train,1046,2018-02-22 12:48:00+00:00,0.024162253364920616,0.5039700269699097,0.6838622689247131,3.628178358078003,0,0,0
train,1047,2018-02-22 12:49:00+00:00,0.02002844773232937,0.498537540435791,0.7173550724983215,4.046091079711914,0,0,0
train,1048,2018-02-22 12:50:00+00:00,0.04597396403551102,0.5433411002159119,0.7160917520523071,3.5815224647521973,0,0,0
train,1049,2018-02-22 12:51:00+00:00,0.06146121397614479,0.542516827583313,0.6112278699874878,2.2900285720825195,0,0,0
train,1050,2018-02-22 12:52:00+00:00,0.08337976038455963,0.5890617370605469,0.7019886374473572,2.77433443069458,0,0,0
train,1051,2018-02-22 12:53:00+00:00,0.04847966507077217,0.5804827213287354,0.6908345222473145,3.040440559387207,0,0,0
train,1052,2018-02-22 12:54:00+00:00,0.10210948437452316,0.6149984002113342,0.7863581776618958,3.5437002182006836,0,0,0
train,1053,2018-02-22 12:55:00+00:00,0.06522434204816818,0.5634358525276184,0.6725462079048157,2.826021194458008,0,0,0
train,1054,2018-02-22 12:56:00+00:00,0.03229093924164772,0.5236017107963562,0.6067864298820496,2.6854183673858643,0,0,0
train,1055,2018-02-22 12:57:00+00:00,0.034059517085552216,0.5131009817123413,0.5606666803359985,2.1593940258026123,0,0,0
train,1056,2018-02-22 12:58:00+00:00,0.019827762618660927,0.501975417137146,0.6702878475189209,3.5736243724823,0,0,0
train,1057,2018-02-22 12:59:00+00:00,0.016733355820178986,0.4608031213283539,0.6186673641204834,3.2485382556915283,0,0,0
train,1058,2018-02-28 01:00:00+00:00,0.012389295734465122,0.4578576982021332,0.6957942247390747,4.091372489929199,0,0,0
train,1059,2018-02-28 01:30:00+00:00,0.017645932734012604,0.5111327171325684,1.4392200708389282,12.15136432647705,0,0,0
train,1060,2018-02-28 01:31:00+00:00,0.008558275178074837,0.48023200035095215,1.2333130836486816,10.169133186340332,0,0,0
train,1061,2018-02-28 01:32:00+00:00,0.01576307788491249,0.5147039890289307,1.4632643461227417,12.763020515441895,0,0,0
train,1062,2018-02-28 01:33:00+00:00,0.01302026491612196,0.5256712436676025,1.6886321306228638,15.088895797729492,0,0,0
train,1063,2018-02-28 01:34:00+00:00,0.01562393270432949,0.5330696105957031,1.4855139255523682,12.769451141357422,0,0,0
train,1064,2018-02-28 01:35:00+00:00,0.0162705946713686,0.5556327104568481,1.6667239665985107,14.518908500671387,0,0,0
train,1065,2018-02-28 01:36:00+00:00,0.012078208848834038,0.5337026119232178,1.8193261623382568,16.376001358032227,0,0,0
train,1066,2018-02-28 01:37:00+00:00,0.01455529872328043,0.5481814742088318,1.7208242416381836,15.192319869995117,0,0,0
train,1067,2018-02-28 01:38:00+00:00,0.014981241896748543,0.5349628925323486,1.5318795442581177,13.134444236755371,0,0,0
train,1068,2018-02-28 01:39:00+00:00,0.02172240987420082,0.5456092357635498,1.4673068523406982,12.522955894470215,0,0,0
train,1069,2018-02-28 01:40:00+00:00,0.020592914894223213,0.536126971244812,1.4291905164718628,11.998543739318848,0,0,0
train,1070,2018-02-28 01:41:00+00:00,0.016074182465672493,0.5881530046463013,1.2029823064804077,9.484848022460938,0,0,0
train,1071,2018-02-28 01:42:00+00:00,0.023914845660328865,0.5495247840881348,1.0466238260269165,7.692376136779785,0,0,0
train,1072,2018-02-28 01:43:00+00:00,0.009908418171107769,0.4994187355041504,0.9666975140571594,7.345530033111572,0,0,0
train,1073,2018-02-28 01:44:00+00:00,0.01847340539097786,0.5438255667686462,1.1253697872161865,8.642594337463379,0,0,0
train,1074,2018-02-28 01:45:00+00:00,0.01471693068742752,0.5598219633102417,1.5686060190200806,13.779775619506836,0,0,0
train,1075,2018-02-28 01:46:00+00:00,0.014362276531755924,0.5715317726135254,1.7508548498153687,15.603653907775879,0,0,0
train,1076,2018-02-28 01:47:00+00:00,0.011783034540712833,0.5509452223777771,1.9058847427368164,17.541582107543945,0,0,0
train,1077,2018-02-28 01:48:00+00:00,0.009858272038400173,0.5555033087730408,2.0197958946228027,18.566211700439453,0,0,0
train,1078,2018-02-28 01:49:00+00:00,0.011513843201100826,0.4831065833568573,1.112499475479126,9.680219650268555,0,0,0
train,1079,2018-02-28 01:50:00+00:00,0.015073980204761028,0.524015486240387,0.8806066513061523,6.206403732299805,0,0,0
train,1080,2018-02-28 01:51:00+00:00,0.010710550472140312,0.5573652982711792,1.4746304750442505,12.46152400970459,0,0,0
train,1081,2018-02-28 01:52:00+00:00,0.01656610332429409,0.5511952638626099,0.9191043376922607,6.611659049987793,0,0,0
train,1082,2018-02-28 01:53:00+00:00,0.021261999383568764,0.5459058284759521,1.3389853239059448,11.19052505493164,0,0,0
train,1083,2018-02-28 01:54:00+00:00,0.005400791764259338,0.49265366792678833,1.3590400218963623,11.832823753356934,0,0,0
train,1084,2018-02-28 01:55:00+00:00,0.011187179945409298,0.522357702255249,1.6513780355453491,15.04386043548584,0,0,0
train,1085,2018-02-28 01:56:00+00:00,0.010247165337204933,0.5462654829025269,1.9055168628692627,17.627513885498047,0,0,0
train,1086,2018-02-28 01:57:00+00:00,0.011183253489434719,0.5772418975830078,1.855602502822876,16.857818603515625,0,0,0
train,1087,2018-02-28 01:58:00+00:00,0.010533087886869907,0.6236979961395264,1.5331615209579468,12.787246704101562,0,0,0
train,1088,2018-02-28 01:59:00+00:00,0.008640632033348083,0.5720413327217102,1.8127188682556152,16.573484420776367,0,0,0
train,1089,2018-02-28 02:00:00+00:00,0.012746250256896019,0.5470170974731445,1.10430109500885,8.863919258117676,0,0,0
train,1090,2018-02-28 02:01:00+00:00,0.015959762036800385,0.560247540473938,1.581556797027588,13.960238456726074,0,0,0
train,1091,2018-02-28 02:02:00+00:00,0.013139678165316582,0.5721827745437622,1.4198224544525146,11.99855899810791,0,0,0
train,1092,2018-02-28 02:03:00+00:00,0.016830431297421455,0.5779621601104736,1.458401083946228,12.281249046325684,0,0,0
train,1093,2018-02-28 02:04:00+00:00,0.012383188121020794,0.5783743262290955,1.8931643962860107,17.096120834350586,0,0,0
train,1094,2018-02-28 02:05:00+00:00,0.009043125435709953,0.5700181722640991,1.9813451766967773,18.120342254638672,0,0,0
train,1095,2018-02-28 02:06:00+00:00,0.009780043736100197,0.5685628652572632,2.0355730056762695,18.65712547302246,0,0,0
train,1096,2018-02-28 02:07:00+00:00,0.01805565319955349,0.5406644344329834,1.3663150072097778,11.976630210876465,0,0,0
train,1097,2018-02-28 02:08:00+00:00,0.01782063953578472,0.5782281756401062,1.5454678535461426,13.301544189453125,0,0,0
train,1098,2018-02-28 02:09:00+00:00,0.01167316734790802,0.5570688843727112,1.4554470777511597,12.348835945129395,0,0,0
train,1099,2018-02-28 02:10:00+00:00,0.01805511862039566,0.5407655239105225,1.4370986223220825,12.1569242477417,0,0,0
train,1100,2018-02-28 02:11:00+00:00,0.020802214741706848,0.5337982177734375,1.2549488544464111,10.911850929260254,0,0,0
train,1101,2018-02-28 02:12:00+00:00,0.019495049491524696,0.5643625259399414,1.58933424949646,13.99445915222168,0,0,0
train,1102,2018-02-28 02:13:00+00:00,0.009752850979566574,0.5176391005516052,1.2855781316757202,10.771618843078613,0,0,0
train,1103,2018-02-28 02:14:00+00:00,0.014478991739451885,0.559449315071106,1.5458565950393677,13.5408353805542,0,0,0
train,1104,2018-02-28 02:15:00+00:00,0.015571114607155323,0.5525481104850769,1.5588829517364502,13.724339485168457,0,0,0
train,1105,2018-02-28 02:16:00+00:00,0.010456452146172523,0.5404890775680542,1.7189970016479492,15.458206176757812,0,0,0
train,1106,2018-02-28 02:17:00+00:00,0.012079748325049877,0.5477269291877747,1.853251338005066,16.59022331237793,0,0,0
train,1107,2018-02-28 02:18:00+00:00,0.007081159390509129,0.5381721258163452,1.5219323635101318,13.616165161132812,0,0,0
train,1108,2018-02-28 02:19:00+00:00,0.009614438749849796,0.5736881494522095,1.8665220737457275,16.884870529174805,0,0,0
train,1109,2018-02-28 02:20:00+00:00,0.009892021305859089,0.5526390671730042,1.912585973739624,17.35580062866211,0,0,0
train,1110,2018-02-28 02:21:00+00:00,0.0101547846570611,0.5448713898658752,1.9378725290298462,17.638301849365234,0,0,0
train,1111,2018-02-28 02:22:00+00:00,0.011705959215760231,0.5829604864120483,1.9552853107452393,17.58513641357422,0,0,0
train,1112,2018-02-28 02:23:00+00:00,0.009373224340379238,0.5724408626556396,2.012326240539551,18.241044998168945,0,0,0
train,1113,2018-02-28 02:24:00+00:00,0.011998104862868786,0.4656413793563843,1.065524697303772,9.070281028747559,0,0,0
train,1114,2018-02-28 02:25:00+00:00,0.016348062083125114,0.5688568949699402,1.5971614122390747,14.21480941772461,0,0,0
train,1115,2018-02-28 02:26:00+00:00,0.013128717429935932,0.5680745840072632,1.8583389520645142,16.82278823852539,0,0,0
train,1116,2018-02-28 02:27:00+00:00,0.012775844894349575,0.5549426078796387,1.9238213300704956,17.425939559936523,0,0,0
train,1117,2018-02-28 02:28:00+00:00,0.010677250102162361,0.5596312284469604,1.9560948610305786,17.808372497558594,0,0,0
train,1118,2018-02-28 02:29:00+00:00,0.013371898792684078,0.5961886644363403,1.7502315044403076,15.391949653625488,0,0,0
train,1119,2018-02-28 02:30:00+00:00,0.021423079073429108,0.5832782983779907,1.5624998807907104,13.46296501159668,0,0,0
train,1120,2018-02-28 02:31:00+00:00,0.02458074688911438,0.5885521769523621,1.4731605052947998,12.156393051147461,0,0,0
train,1121,2018-02-28 02:32:00+00:00,0.01762300916016102,0.5568685531616211,1.5703670978546143,13.4634428024292,0,0,0
train,1122,2018-02-28 02:33:00+00:00,0.0152623625472188,0.5485271215438843,1.56387197971344,14.014314651489258,0,0,0
train,1123,2018-02-28 02:34:00+00:00,0.015662217512726784,0.5446290969848633,1.4011093378067017,12.5178804397583,0,0,0
train,1124,2018-02-28 02:35:00+00:00,0.018062561750411987,0.5804486274719238,1.5416836738586426,13.573150634765625,0,0,0
train,1125,2018-02-28 02:36:00+00:00,0.016254104673862457,0.5002208352088928,1.1496655941009521,9.838006973266602,0,0,0
train,1126,2018-02-28 02:37:00+00:00,0.027422571554780006,0.5610877275466919,1.4556459188461304,12.723478317260742,0,0,0
train,1127,2018-02-28 02:38:00+00:00,0.020622199401259422,0.46505075693130493,0.9116519689559937,7.145772933959961,0,0,0
train,1128,2018-02-28 02:39:00+00:00,0.03209022060036659,0.5878979563713074,1.4866420030593872,12.648913383483887,0,0,0
train,1129,2018-02-28 02:40:00+00:00,0.039580244570970535,0.5917017459869385,1.2559934854507446,9.709043502807617,0,0,0
train,1130,2018-02-28 02:41:00+00:00,0.023069091141223907,0.552350640296936,1.1120095252990723,8.415865898132324,0,0,0
train,1131,2018-02-28 02:42:00+00:00,0.024676859378814697,0.5793217420578003,1.4937256574630737,12.55120849609375,0,0,0
train,1132,2018-02-28 02:43:00+00:00,0.018097594380378723,0.5635577440261841,1.6787775754928589,14.635831832885742,0,0,0
train,1133,2018-02-28 02:44:00+00:00,0.013818756677210331,0.560354471206665,1.7748034000396729,15.731709480285645,0,0,0
train,1134,2018-02-28 02:45:00+00:00,0.016447320580482483,0.5638786554336548,1.6189370155334473,14.155296325683594,0,0,0
train,1135,2018-02-28 02:46:00+00:00,0.012091944925487041,0.5529497861862183,1.7234318256378174,15.229084968566895,0,0,0
train,1136,2018-02-28 02:47:00+00:00,0.010068201459944248,0.5208239555358887,1.946361780166626,17.713998794555664,0,0,0
train,1137,2018-02-28 02:48:00+00:00,0.012051944620907307,0.537920355796814,1.7791297435760498,16.151935577392578,0,0,0
train,1138,2018-02-28 02:49:00+00:00,0.013681602664291859,0.5598480105400085,1.6457799673080444,14.439516067504883,0,0,0
train,1139,2018-02-28 02:50:00+00:00,0.009751193225383759,0.5277807116508484,2.0069923400878906,18.109725952148438,0,0,0
train,1140,2018-02-28 02:51:00+00:00,0.012193948030471802,0.5559707880020142,2.0345513820648193,18.340675354003906,0,0,0
train,1141,2018-02-28 02:52:00+00:00,0.013702736236155033,0.5420095920562744,1.9137146472930908,16.994674682617188,0,0,0
train,1142,2018-02-28 02:53:00+00:00,0.014760968275368214,0.5326439142227173,1.862777590751648,16.65155029296875,0,0,0
train,1143,2018-02-28 02:54:00+00:00,0.013607791624963284,0.5476821064949036,1.783241868019104,15.926410675048828,0,0,0
train,1144,2018-02-28 02:55:00+00:00,0.010739709250628948,0.5238546133041382,1.9186022281646729,17.636903762817383,0,0,0
train,1145,2018-02-28 02:56:00+00:00,0.008904448710381985,0.5169994831085205,1.9892058372497559,18.28960418701172,0,0,0
train,1146,2018-02-28 02:57:00+00:00,0.011106349527835846,0.5293819904327393,1.9081670045852661,17.35103416442871,0,0,0
train,1147,2018-02-28 02:58:00+00:00,0.009798587299883366,0.5917332172393799,1.5607404708862305,13.100273132324219,0,0,0
train,1148,2018-02-28 02:59:00+00:00,0.007076367735862732,0.5893001556396484,1.663278341293335,14.20574951171875,0,0,0
train,1149,2018-02-28 03:00:00+00:00,0.012154757045209408,0.5749620795249939,1.7537076473236084,15.394597053527832,0,0,0
train,1150,2018-02-28 03:01:00+00:00,0.0172000452876091,0.5589905381202698,1.5952332019805908,13.797264099121094,0,0,0
train,1151,2018-02-28 03:02:00+00:00,0.011644306592643261,0.5509157776832581,1.9597296714782715,17.283571243286133,0,0,0
train,1152,2018-02-28 03:03:00+00:00,0.012995827943086624,0.5486319065093994,1.8190902471542358,16.12119483947754,0,0,0
train,1153,2018-02-28 03:04:00+00:00,0.0129043348133564,0.5219729542732239,1.9551644325256348,17.444690704345703,0,0,0
train,1154,2018-02-28 03:05:00+00:00,0.008855629712343216,0.5162922143936157,2.0075948238372803,18.42601203918457,0,0,0
train,1155,2018-02-28 03:06:00+00:00,0.012613393366336823,0.5458601713180542,1.8040955066680908,16.13332176208496,0,0,0
train,1156,2018-02-28 03:07:00+00:00,0.011014505289494991,0.5577511787414551,1.8589937686920166,16.607786178588867,0,0,0
train,1157,2018-02-28 03:08:00+00:00,0.011016985401511192,0.5384269952774048,1.9294064044952393,17.476404190063477,0,0,0
train,1158,2018-02-28 03:09:00+00:00,0.007578278426080942,0.5436511635780334,2.2127342224121094,20.220752716064453,0,0,0
train,1159,2018-02-28 03:10:00+00:00,0.01854448951780796,0.5502804517745972,0.9941326379776001,7.321958065032959,0,0,0
train,1160,2018-02-28 03:11:00+00:00,0.019669359549880028,0.5993412733078003,1.6312237977981567,13.761055946350098,0,0,0
train,1161,2018-02-28 03:12:00+00:00,0.0120545057579875,0.5693163871765137,1.4046268463134766,11.71912670135498,0,0,0
train,1162,2018-02-28 03:13:00+00:00,0.016693484038114548,0.5879991054534912,1.4654147624969482,12.203300476074219,0,0,0
train,1163,2018-02-28 03:14:00+00:00,0.011245581321418285,0.556281566619873,1.937522530555725,17.2846622467041,0,0,0
train,1164,2018-02-28 03:15:00+00:00,0.012843858450651169,0.5792256593704224,1.7939878702163696,15.73814582824707,0,0,0
train,1165,2018-02-28 03:16:00+00:00,0.012105508707463741,0.5486443638801575,1.8342232704162598,16.308990478515625,0,0,0
train,1166,2018-02-28 03:17:00+00:00,0.016360577195882797,0.5484114289283752,1.909989356994629,16.790985107421875,0,0,0
train,1167,2018-02-28 03:18:00+00:00,0.013808157294988632,0.5280710458755493,1.8901970386505127,16.8716983795166,0,0,0
train,1168,2018-02-28 03:19:00+00:00,0.016088206321001053,0.5532169342041016,1.6781578063964844,14.577727317810059,0,0,0
train,1169,2018-02-28 03:20:00+00:00,0.016519691795110703,0.5398890972137451,1.5449657440185547,13.262175559997559,0,0,0
train,1170,2018-02-28 03:21:00+00:00,0.018504759296774864,0.5098316669464111,1.383328914642334,11.59245777130127,0,0,0
train,1171,2018-02-28 03:22:00+00:00,0.008911322802305222,0.5096474289894104,1.8054566383361816,16.51448631286621,0,0,0
train,1172,2018-02-28 03:23:00+00:00,0.011084930039942265,0.5315802097320557,1.829134225845337,16.744096755981445,0,0,0
train,1173,2018-02-28 03:24:00+00:00,0.010387348011136055,0.5440632104873657,1.8495354652404785,16.90003204345703,0,0,0
train,1174,2018-02-28 03:25:00+00:00,0.011218142695724964,0.5374221801757812,1.9122999906539917,17.30651092529297,0,0,0
train,1175,2018-02-28 03:26:00+00:00,0.011806949973106384,0.54630446434021,1.863069772720337,16.91677474975586,0,0,0
train,1176,2018-02-28 03:27:00+00:00,0.0079978471621871,0.5232058167457581,2.0114927291870117,18.7103214263916,0,0,0
train,1177,2018-02-28 03:28:00+00:00,0.014384528622031212,0.5678437948226929,1.7430895566940308,15.481471061706543,0,0,0
train,1178,2018-02-28 03:29:00+00:00,0.012445211410522461,0.5347180366516113,1.8001503944396973,16.387025833129883,0,0,0
train,1179,2018-02-28 03:30:00+00:00,0.009673723950982094,0.5401628017425537,1.917783260345459,17.535751342773438,0,0,0
train,1180,2018-02-28 03:31:00+00:00,0.009615238755941391,0.5252366065979004,1.9559365510940552,18.020479202270508,0,0,0
train,1181,2018-02-28 03:32:00+00:00,0.011622942052781582,0.5346227884292603,1.9699182510375977,17.73654556274414,0,0,0
train,1182,2018-02-28 03:33:00+00:00,0.008963976986706257,0.5175374746322632,2.0729079246520996,19.0496768951416,0,0,0
train,1183,2018-02-28 03:34:00+00:00,0.020674439147114754,0.5577378273010254,1.6148531436920166,14.268980026245117,0,0,0
train,1184,2018-02-28 03:35:00+00:00,0.01417259220033884,0.5419976115226746,1.7258448600769043,15.684049606323242,0,0,0
train,1185,2018-02-28 03:36:00+00:00,0.011174102313816547,0.5430378913879395,2.062343120574951,18.606021881103516,0,0,0
train,1186,2018-02-28 03:37:00+00:00,0.014709805138409138,0.5308481454849243,1.899094581604004,16.73007583618164,0,0,0
train,1187,2018-02-28 03:38:00+00:00,0.014770901761949062,0.5457539558410645,1.8619966506958008,16.585859298706055,0,0,0
train,1188,2018-02-28 03:39:00+00:00,0.01628837361931801,0.5629440546035767,1.8500648736953735,16.211639404296875,0,0,0
train,1189,2018-02-28 03:40:00+00:00,0.01332473661750555,0.5592416524887085,1.9234893321990967,17.13690757751465,0,0,0
train,1190,2018-02-28 03:41:00+00:00,0.024437787011265755,0.5216442942619324,1.384397268295288,11.968326568603516,0,0,0
train,1191,2018-02-28 03:42:00+00:00,0.020179973915219307,0.5357447266578674,1.734196424484253,15.405755996704102,0,0,0
train,1192,2018-02-28 03:43:00+00:00,0.02872285060584545,0.5637996792793274,1.4025211334228516,11.88025951385498,0,0,0
train,1193,2018-02-28 03:44:00+00:00,0.02876039408147335,0.5647144317626953,1.451531171798706,12.178391456604004,0,0,0
train,1194,2018-02-28 03:45:00+00:00,0.025249220430850983,0.5593262910842896,1.4534626007080078,12.137128829956055,0,0,0
train,1195,2018-02-28 03:46:00+00:00,0.026558637619018555,0.5576156377792358,1.3618488311767578,11.05369758605957,0,0,0
train,1196,2018-02-28 03:47:00+00:00,0.026787512004375458,0.568212628364563,1.5656496286392212,12.711740493774414,0,0,0
train,1197,2018-02-28 03:48:00+00:00,0.03843225911259651,0.574205756187439,1.4931111335754395,11.620378494262695,0,0,0
train,1198,2018-02-28 03:49:00+00:00,0.055994912981987,0.5841472148895264,1.3733693361282349,10.163986206054688,0,0,0
train,1199,2018-02-28 03:50:00+00:00,0.08867308497428894,0.5971198081970215,1.1284825801849365,7.306058406829834,0,0,0
train,1200,2018-02-28 03:51:00+00:00,0.08026858419179916,0.5998356342315674,1.1169257164001465,7.421158790588379,0,0,0
train,1201,2018-02-28 03:52:00+00:00,0.05955025553703308,0.6072108745574951,1.3549987077713013,9.803704261779785,0,0,0
train,1202,2018-02-28 03:53:00+00:00,0.033469147980213165,0.5718461275100708,1.394160509109497,11.219435691833496,0,0,0
train,1203,2018-02-28 03:54:00+00:00,0.02782289870083332,0.5301435589790344,1.2874045372009277,10.400374412536621,0,0,0
train,1204,2018-02-28 03:55:00+00:00,0.02285056747496128,0.5315026044845581,1.4143182039260864,11.867493629455566,0,0,0
train,1205,2018-02-28 03:56:00+00:00,0.02126131020486355,0.5449575185775757,0.8499165177345276,5.69321870803833,0,0,0
train,1206,2018-02-28 03:57:00+00:00,0.02851439081132412,0.5962156057357788,1.3114209175109863,10.078411102294922,0,0,0
train,1207,2018-02-28 03:58:00+00:00,0.03072352707386017,0.6108445525169373,1.4121806621551514,11.096319198608398,0,0,0
train,1208,2018-02-28 03:59:00+00:00,0.030522441491484642,0.5689626336097717,1.477871298789978,12.15786075592041,0,0,0
train,1209,2018-02-28 04:00:00+00:00,0.025791272521018982,0.5608153939247131,1.5048729181289673,12.567683219909668,0,0,0
train,1210,2018-02-28 04:01:00+00:00,0.026151811704039574,0.5508579015731812,1.413881540298462,11.598406791687012,0,0,0
train,1211,2018-02-28 04:02:00+00:00,0.027859173715114594,0.5727688074111938,1.3813650608062744,10.876080513000488,0,0,0
train,1212,2018-02-28 04:03:00+00:00,0.01658589579164982,0.5511214137077332,1.6250708103179932,14.09870433807373,0,0,0
train,1213,2018-02-28 04:04:00+00:00,0.016074741259217262,0.5583575963973999,1.7914435863494873,15.609159469604492,0,0,0
train,1214,2018-02-28 04:05:00+00:00,0.01723957620561123,0.5464529991149902,1.5045660734176636,13.021098136901855,0,0,0
train,1215,2018-02-28 04:06:00+00:00,0.01706847921013832,0.5569577217102051,1.8140761852264404,15.727388381958008,0,0,0
train,1216,2018-02-28 04:07:00+00:00,0.016521867364645004,0.5619228482246399,1.6821632385253906,14.597983360290527,0,0,0
train,1217,2018-02-28 04:08:00+00:00,0.015112134627997875,0.5504273772239685,1.740364670753479,15.213896751403809,0,0,0
train,1218,2018-02-28 04:09:00+00:00,0.022858453914523125,0.572067141532898,1.6320220232009888,13.77320671081543,0,0,0
train,1219,2018-02-28 04:10:00+00:00,0.015627209097146988,0.5245199203491211,1.8478745222091675,16.355363845825195,0,0,0
train,1220,2018-02-28 04:11:00+00:00,0.014435829594731331,0.5530300140380859,1.7266896963119507,15.3776273727417,0,0,0
train,1221,2018-02-28 04:12:00+00:00,0.013914153911173344,0.5405453443527222,1.8991779088974,16.864952087402344,0,0,0
train,1222,2018-02-28 04:13:00+00:00,0.01339495275169611,0.5570380687713623,1.9681817293167114,17.306257247924805,0,0,0
train,1223,2018-02-28 04:14:00+00:00,0.019444694742560387,0.5496197938919067,1.5290073156356812,13.03117561340332,0,0,0
train,1224,2018-02-28 04:15:00+00:00,0.017927544191479683,0.5524601936340332,1.5745446681976318,13.456242561340332,0,0,0
train,1225,2018-02-28 04:16:00+00:00,0.016368262469768524,0.5585308074951172,1.8235054016113281,15.771020889282227,0,0,0
train,1226,2018-02-28 04:17:00+00:00,0.015639204531908035,0.5581839084625244,1.6715182065963745,14.520586967468262,0,0,0
train,1227,2018-02-28 04:18:00+00:00,0.014933206140995026,0.5425213575363159,1.759082555770874,15.56141471862793,0,0,0
train,1228,2018-02-28 04:19:00+00:00,0.01855522021651268,0.5665769577026367,1.6106171607971191,13.717988967895508,0,0,0
train,1229,2018-02-28 04:20:00+00:00,0.013347823172807693,0.5441879034042358,1.6578844785690308,14.63315200805664,0,0,0
train,1230,2018-02-28 04:21:00+00:00,0.015130206011235714,0.5609700679779053,1.7455025911331177,15.15732192993164,0,0,0
train,1231,2018-02-28 04:22:00+00:00,0.014324390329420567,0.5485290288925171,1.6744532585144043,14.728262901306152,0,0,0
train,1232,2018-02-28 04:23:00+00:00,0.014912817627191544,0.5647231340408325,1.6121089458465576,13.767663955688477,0,0,0
train,1233,2018-02-28 04:24:00+00:00,0.010583551600575447,0.5367889404296875,1.8201382160186768,16.57777976989746,0,0,0
train,1234,2018-02-28 04:25:00+00:00,0.011282713152468204,0.5511361360549927,2.005784273147583,17.885671615600586,0,0,0
train,1235,2018-02-28 04:26:00+00:00,0.01148681715130806,0.5402967929840088,1.9370197057724,17.510454177856445,0,0,0
train,1236,2018-02-28 04:27:00+00:00,0.01215018704533577,0.5590835809707642,2.066807985305786,18.44042205810547,0,0,0
train,1237,2018-02-28 04:28:00+00:00,0.01486212108284235,0.5477660298347473,1.7906075716018677,15.992897033691406,0,0,0
train,1238,2018-02-28 04:29:00+00:00,0.014224260114133358,0.5622621774673462,1.7731138467788696,15.615497589111328,0,0,0
train,1239,2018-02-28 04:30:00+00:00,0.011176417581737041,0.5443540215492249,1.8266844749450684,16.5020809173584,0,0,0
train,1240,2018-02-28 04:31:00+00:00,0.008930321782827377,0.5339353084564209,1.9218815565109253,17.613811492919922,0,0,0
train,1241,2018-02-28 04:32:00+00:00,0.01083929929882288,0.5481093525886536,1.673032522201538,14.809914588928223,0,0,0
train,1242,2018-02-28 04:33:00+00:00,0.009028551168739796,0.5302939414978027,1.8722171783447266,17.234724044799805,0,0,0
train,1243,2018-02-28 04:34:00+00:00,0.009422088973224163,0.5361091494560242,1.9595556259155273,17.917213439941406,0,0,0
train,1244,2018-02-28 04:35:00+00:00,0.012970984913408756,0.5431622862815857,1.6882838010787964,15.131380081176758,0,0,0
train,1245,2018-02-28 04:36:00+00:00,0.011123551055788994,0.5445455312728882,1.8446482419967651,16.76495933532715,0,0,0
train,1246,2018-02-28 04:37:00+00:00,0.012591414153575897,0.537356436252594,1.7030085325241089,15.640700340270996,0,0,0
train,1247,2018-02-28 04:38:00+00:00,0.00965359527617693,0.5369471907615662,1.7393481731414795,15.704866409301758,0,0,0
train,1248,2018-02-28 04:39:00+00:00,0.013897992670536041,0.5381664037704468,1.8142573833465576,16.363372802734375,0,0,0
train,1249,2018-02-28 04:40:00+00:00,0.009042705409228802,0.5248717069625854,1.8969594240188599,17.460952758789062,0,0,0
train,1250,2018-02-28 04:41:00+00:00,0.013272006995975971,0.5550337433815002,1.791013479232788,16.02522087097168,0,0,0
train,1251,2018-02-28 04:42:00+00:00,0.012258443981409073,0.532929539680481,1.8077529668807983,16.36808204650879,0,0,0
train,1252,2018-02-28 04:43:00+00:00,0.01221160963177681,0.5476728081703186,1.8550409078598022,16.532487869262695,0,0,0
train,1253,2018-02-28 04:44:00+00:00,0.011448156088590622,0.5307036638259888,1.9147874116897583,17.197973251342773,0,0,0
train,1254,2018-02-28 04:45:00+00:00,0.010858844965696335,0.5342772006988525,1.9322160482406616,17.41500473022461,0,0,0
train,1255,2018-02-28 04:46:00+00:00,0.012654910795390606,0.5614551305770874,1.7288808822631836,15.222713470458984,0,0,0
train,1256,2018-02-28 04:47:00+00:00,0.01180906593799591,0.561974048614502,1.6684136390686035,14.786693572998047,0,0,0
train,1257,2018-02-28 04:48:00+00:00,0.013255911879241467,0.5573486089706421,1.6811859607696533,14.829742431640625,0,0,0
train,1258,2018-02-28 04:49:00+00:00,0.010065804235637188,0.5337011814117432,1.8552192449569702,16.9090576171875,0,0,0
train,1259,2018-02-28 04:50:00+00:00,0.014901197515428066,0.5472873449325562,1.6325914859771729,14.263481140136719,0,0,0
train,1260,2018-02-28 04:51:00+00:00,0.012117681093513966,0.531693160533905,1.6502808332443237,14.459752082824707,0,0,0
train,1261,2018-02-28 04:52:00+00:00,0.011208999902009964,0.5486658811569214,1.8104933500289917,16.101282119750977,0,0,0
train,1262,2018-02-28 04:53:00+00:00,0.0116328289732337,0.5475486516952515,1.8547391891479492,16.607641220092773,0,0,0
train,1263,2018-02-28 04:54:00+00:00,0.019611530005931854,0.5361032485961914,1.4308586120605469,12.114272117614746,0,0,0
train,1264,2018-02-28 04:55:00+00:00,0.015803970396518707,0.5356729626655579,1.6214220523834229,14.077258110046387,0,0,0
train,1265,2018-02-28 04:56:00+00:00,0.015787871554493904,0.5099292993545532,1.490286111831665,12.8788480758667,0,0,0
train,1266,2018-02-28 04:57:00+00:00,0.01682230271399021,0.5187200307846069,1.4599684476852417,12.28341293334961,0,0,0
train,1267,2018-02-28 04:58:00+00:00,0.012729831039905548,0.5469492077827454,1.6588056087493896,14.51157283782959,0,0,0
train,1268,2018-02-28 04:59:00+00:00,0.01581721566617489,0.5044325590133667,1.4061970710754395,11.944289207458496,0,0,0
train,1269,2018-02-28 05:00:00+00:00,0.012069916352629662,0.5330435037612915,1.7623413801193237,15.7424955368042,0,0,0
train,1270,2018-02-28 05:01:00+00:00,0.009871263988316059,0.5355397462844849,1.8723387718200684,17.053796768188477,0,0,0
train,1271,2018-02-28 05:02:00+00:00,0.010531237348914146,0.5395047664642334,1.9519412517547607,17.547819137573242,0,0,0
train,1272,2018-02-28 05:03:00+00:00,0.008648335933685303,0.5312525033950806,1.973800539970398,18.05529022216797,0,0,0
train,1273,2018-02-28 05:04:00+00:00,0.010746958665549755,0.5418041348457336,1.9965959787368774,18.058467864990234,0,0,0
train,1274,2018-02-28 05:05:00+00:00,0.009430489502847195,0.5456200242042542,2.1304733753204346,19.18558120727539,0,0,0
train,1275,2018-02-28 05:06:00+00:00,0.010948779992759228,0.557161808013916,2.144709825515747,19.03908920288086,0,0,0
train,1276,2018-02-28 05:07:00+00:00,0.009483925066888332,0.5320335030555725,2.047694206237793,18.48625946044922,0,0,0
train,1277,2018-02-28 05:08:00+00:00,0.01196206919848919,0.5395174622535706,2.083339214324951,18.57682228088379,0,0,0
train,1278,2018-02-28 05:09:00+00:00,0.010806150734424591,0.5412173271179199,1.9272822141647339,17.33783531188965,0,0,0
train,1279,2018-02-28 05:10:00+00:00,0.01155819557607174,0.5174694061279297,1.9504433870315552,17.70722198486328,0,0,0
train,1280,2018-02-28 05:11:00+00:00,0.010965694673359394,0.5335384607315063,1.909659504890442,17.258604049682617,0,0,0
train,1281,2018-02-28 05:12:00+00:00,0.015837574377655983,0.5359359979629517,1.9079294204711914,16.78805160522461,0,0,0
train,1282,2018-02-28 05:13:00+00:00,0.01628386229276657,0.5433536767959595,1.7250723838806152,15.414484977722168,0,0,0
train,1283,2018-02-28 05:14:00+00:00,0.01257329061627388,0.5322539806365967,1.9026011228561401,17.145444869995117,0,0,0
train,1284,2018-02-28 05:15:00+00:00,0.014554683119058609,0.5382832288742065,1.943869948387146,17.22834587097168,0,0,0
train,1285,2018-02-28 05:16:00+00:00,0.011774014681577682,0.5300191640853882,1.9712876081466675,17.639528274536133,0,0,0
train,1286,2018-02-28 05:17:00+00:00,0.013752472586929798,0.534002423286438,1.9613242149353027,17.44509506225586,0,0,0
train,1287,2018-02-28 05:18:00+00:00,0.012078333646059036,0.5395305156707764,2.01385235786438,17.944223403930664,0,0,0
train,1288,2018-02-28 05:19:00+00:00,0.012010280974209309,0.5517159700393677,2.0600717067718506,18.165790557861328,0,0,0
train,1289,2018-02-28 05:20:00+00:00,0.018952373415231705,0.5525148510932922,1.8964734077453613,16.342262268066406,0,0,0
train,1290,2018-02-28 05:21:00+00:00,0.019589433446526527,0.5937764644622803,2.028885841369629,16.823360443115234,0,0,0
train,1291,2018-02-28 05:22:00+00:00,0.027421461418271065,0.5940558314323425,1.8030999898910522,14.524311065673828,0,0,0
train,1292,2018-02-28 05:23:00+00:00,0.02875451184809208,0.6250815987586975,1.8397527933120728,14.324209213256836,0,0,0
train,1293,2018-02-28 05:24:00+00:00,0.0335201732814312,0.5714852213859558,1.6766542196273804,13.264890670776367,0,0,0
train,1294,2018-02-28 05:25:00+00:00,0.03309095278382301,0.6256154775619507,1.8335505723953247,14.004700660705566,0,0,0
train,1295,2018-02-28 05:26:00+00:00,0.05752452090382576,0.7802186012268066,1.654294729232788,10.93552017211914,0,0,0
train,1296,2018-02-28 05:27:00+00:00,0.05876627936959267,0.7786275148391724,1.5358529090881348,9.653971672058105,0,0,0
train,1297,2018-02-28 05:28:00+00:00,0.05899312347173691,0.8153648972511292,1.500560998916626,8.978462219238281,0,0,0
train,1298,2018-02-28 05:29:00+00:00,0.05449588969349861,0.6643614172935486,1.4488657712936401,9.342190742492676,0,0,0
train,1299,2018-02-28 05:30:00+00:00,0.028722090646624565,0.7160764932632446,1.7630326747894287,12.420855522155762,0,0,0
train,1300,2018-02-28 05:31:00+00:00,0.08410002291202545,0.5840961933135986,0.8653432726860046,5.445613861083984,0,0,0
train,1301,2018-02-28 05:32:00+00:00,0.11548006534576416,0.6767919063568115,1.2211644649505615,7.688397407531738,0,0,0
train,1302,2018-02-28 05:33:00+00:00,0.0575106218457222,0.7021869421005249,1.4196799993515015,8.971917152404785,0,0,0
train,1303,2018-02-28 05:34:00+00:00,0.05043322220444679,0.7175287008285522,1.5929354429244995,11.000978469848633,0,0,0
train,1304,2018-02-28 05:35:00+00:00,0.044287752360105515,0.7832553386688232,1.7444205284118652,11.91947078704834,0,0,0
train,1305,2018-02-28 05:36:00+00:00,0.043548766523599625,0.8049477934837341,1.7134146690368652,11.70938491821289,0,0,0
train,1306,2018-02-28 05:37:00+00:00,0.02370784990489483,0.5385913848876953,0.8926750421524048,5.9757399559021,0,0,0
train,1307,2018-02-28 05:38:00+00:00,0.023916352540254593,0.5357149839401245,0.8270651698112488,5.370134353637695,0,0,0
train,1308,2018-02-28 05:39:00+00:00,0.02930261567234993,0.6434844732284546,1.1809026002883911,7.578885555267334,0,0,0
train,1309,2018-02-28 05:40:00+00:00,0.06026460602879524,0.7098425626754761,1.2829653024673462,7.939263820648193,0,0,0
train,1310,2018-02-28 05:41:00+00:00,0.03127416595816612,0.7225164771080017,1.6898229122161865,11.568700790405273,0,0,0
train,1311,2018-02-28 05:42:00+00:00,0.06497953832149506,0.7430723905563354,1.3760970830917358,8.385787010192871,0,0,0
train,1312,2018-02-28 05:43:00+00:00,0.03975836932659149,0.917837381362915,1.921277403831482,12.445893287658691,0,0,0
train,1313,2018-02-28 05:44:00+00:00,0.06392690539360046,0.9472153782844543,1.7957801818847656,10.931230545043945,0,0,0
train,1314,2018-02-28 05:45:00+00:00,0.03644397482275963,0.8316446542739868,1.8375694751739502,12.401521682739258,0,0,0
train,1315,2018-02-28 05:46:00+00:00,0.04449664056301117,0.8539037704467773,1.804610252380371,11.658740043640137,0,0,0
train,1316,2018-02-28 05:47:00+00:00,0.048561941832304,0.8507530689239502,1.76284658908844,11.209951400756836,0,0,0
train,1317,2018-02-28 05:48:00+00:00,0.03816130384802818,0.900461733341217,1.7359530925750732,11.014453887939453,0,0,0
train,1318,2018-02-28 05:49:00+00:00,0.0534813292324543,0.8856366872787476,1.7997918128967285,11.320281028747559,0,0,0
train,1319,2018-02-28 05:50:00+00:00,0.06133824214339256,0.8635510206222534,1.6860657930374146,10.56855297088623,0,0,0
train,1320,2018-02-28 08:21:00+00:00,0.07522352784872055,0.8705415725708008,1.5062451362609863,8.858534812927246,0,0,0
train,1321,2018-02-28 08:51:00+00:00,0.01951458863914013,0.5251798629760742,1.443097472190857,12.052247047424316,0,0,0
train,1322,2018-02-28 08:52:00+00:00,0.04754075035452843,0.6587757468223572,1.463097333908081,9.753777503967285,0,0,0
train,1323,2018-02-28 08:53:00+00:00,0.03378128260374069,0.6138224601745605,1.4981154203414917,11.638120651245117,0,0,0
train,1324,2018-02-28 08:54:00+00:00,0.023049550130963326,0.5682759284973145,1.3882085084915161,10.941482543945312,0,0,0
train,1325,2018-02-28 08:55:00+00:00,0.023265046998858452,0.5791319608688354,1.3981208801269531,10.96738052368164,0,0,0
train,1326,2018-02-28 08:56:00+00:00,0.017968345433473587,0.5114331245422363,1.1807223558425903,9.279304504394531,0,0,0
train,1327,2018-02-28 08:57:00+00:00,0.012494711205363274,0.5515058040618896,1.7077033519744873,15.098625183105469,0,0,0
train,1328,2018-02-28 08:58:00+00:00,0.014016983099281788,0.5608807802200317,1.6585627794265747,14.469436645507812,0,0,0
train,1329,2018-02-28 08:59:00+00:00,0.01190197840332985,0.5328747034072876,1.6537643671035767,14.574193954467773,0,0,0
train,1330,2018-02-28 09:00:00+00:00,0.015155194327235222,0.5563554763793945,1.6211496591567993,13.967466354370117,0,0,0
train,1331,2018-02-28 09:01:00+00:00,0.014981298707425594,0.5287123918533325,1.481630802154541,12.53271770477295,0,0,0
train,1332,2018-02-28 09:02:00+00:00,0.015729492530226707,0.5488056540489197,1.6630587577819824,14.457549095153809,0,0,0
train,1333,2018-02-28 09:03:00+00:00,0.013145213946700096,0.5498508214950562,1.7630054950714111,15.509714126586914,0,0,0
train,1334,2018-02-28 09:04:00+00:00,0.01263387966901064,0.5357515811920166,1.7343074083328247,15.521647453308105,0,0,0
train,1335,2018-02-28 09:05:00+00:00,0.009233522228896618,0.5289808511734009,1.9155312776565552,17.613170623779297,0,0,0
train,1336,2018-02-28 09:06:00+00:00,0.010327620431780815,0.5383301973342896,1.8366975784301758,16.580230712890625,0,0,0
train,1337,2018-02-28 09:07:00+00:00,0.015470593236386776,0.5636709928512573,1.7315915822982788,14.946638107299805,0,0,0
train,1338,2018-02-28 09:08:00+00:00,0.017486630007624626,0.5213133692741394,1.356877088546753,11.1550874710083,0,0,0
train,1339,2018-02-28 09:09:00+00:00,0.015600760467350483,0.526441752910614,1.5212700366973877,13.096898078918457,0,0,0
train,1340,2018-02-28 09:10:00+00:00,0.013844592496752739,0.5399105548858643,1.7561495304107666,15.656900405883789,0,0,0
train,1341,2018-02-28 09:11:00+00:00,0.016903532668948174,0.5144362449645996,1.2780317068099976,10.417379379272461,0,0,0
train,1342,2018-02-28 09:12:00+00:00,0.015874868258833885,0.5113428831100464,1.391168475151062,11.880943298339844,0,0,0
train,1343,2018-02-28 09:13:00+00:00,0.03516746312379837,0.5133600831031799,1.1235986948013306,8.273326873779297,0,0,0
train,1344,2018-02-28 09:14:00+00:00,0.038102395832538605,0.5106903314590454,0.941559374332428,6.3886942863464355,0,0,0
train,1345,2018-02-28 09:15:00+00:00,0.059027642011642456,0.5543063879013062,0.9163838028907776,5.546872138977051,0,0,0
train,1346,2018-02-28 09:16:00+00:00,0.07119669765233994,0.5864056944847107,0.8910416960716248,4.80146598815918,0,0,0
train,1347,2018-02-28 09:17:00+00:00,0.07014038413763046,0.5539404153823853,0.7859503626823425,3.9061577320098877,0,0,0
train,1348,2018-02-28 09:18:00+00:00,0.05710887908935547,0.5549362301826477,0.8682135939598083,5.119658470153809,0,0,0
train,1349,2018-02-28 09:19:00+00:00,0.06419586390256882,0.5631433725357056,0.7431982159614563,3.444040298461914,0,0,0
train,1350,2018-02-28 09:20:00+00:00,0.07163993269205093,0.5901083946228027,0.6953040957450867,2.769646167755127,0,0,0
train,1351,2018-02-28 09:21:00+00:00,0.0950428694486618,0.6094996929168701,0.6664319038391113,2.173703908920288,0,0,0
train,1352,2018-02-28 09:22:00+00:00,0.10774095356464386,0.5908238887786865,0.7387468814849854,3.4534530639648438,0,0,0
train,1353,2018-02-28 09:23:00+00:00,0.06794827431440353,0.582123875617981,0.9820573329925537,6.78683614730835,0,0,0
train,1354,2018-02-28 09:24:00+00:00,0.025108566507697105,0.547134518623352,1.439373254776001,12.242822647094727,0,0,0
train,1355,2018-02-28 09:25:00+00:00,0.019665095955133438,0.5651485919952393,1.571164846420288,13.715678215026855,0,0,0
train,1356,2018-02-28 09:26:00+00:00,0.016473250463604927,0.5401588082313538,1.8837558031082153,16.592256546020508,0,0,0
train,1357,2018-02-28 09:27:00+00:00,0.017530648037791252,0.5529282093048096,1.5498679876327515,13.326364517211914,0,0,0
train,1358,2018-02-28 09:28:00+00:00,0.019335001707077026,0.5114884376525879,1.228392481803894,9.879183769226074,0,0,0
train,1359,2018-02-28 09:29:00+00:00,0.01483066938817501,0.5219661593437195,1.5820391178131104,13.930245399475098,0,0,0
train,1360,2018-02-28 09:30:00+00:00,0.011280719190835953,0.5279474258422852,1.9613150358200073,17.655162811279297,0,0,0
train,1361,2018-02-28 09:31:00+00:00,0.012973619624972343,0.5389274954795837,1.6477694511413574,14.661150932312012,0,0,0
train,1362,2018-02-28 09:32:00+00:00,0.015409814193844795,0.5518275499343872,1.8208690881729126,15.915035247802734,0,0,0
train,1363,2018-02-28 09:33:00+00:00,0.011642428115010262,0.5634557008743286,1.8615429401397705,16.503864288330078,0,0,0
train,1364,2018-02-28 09:34:00+00:00,0.010307054035365582,0.5427713394165039,1.9382953643798828,17.49803352355957,0,0,0
train,1365,2018-02-28 09:35:00+00:00,0.01476863119751215,0.5419296622276306,1.5731645822525024,13.577261924743652,0,0,0
train,1366,2018-02-28 09:36:00+00:00,0.014078876934945583,0.5585941076278687,1.7178430557250977,14.897541999816895,0,0,0
train,1367,2018-02-28 09:37:00+00:00,0.014135445468127728,0.5581504106521606,1.6337403059005737,14.255475997924805,0,0,0
train,1368,2018-02-28 09:38:00+00:00,0.008807389996945858,0.5333631038665771,2.020700693130493,18.41268539428711,0,0,0
train,1369,2018-02-28 09:39:00+00:00,0.01539270393550396,0.5404361486434937,1.477321982383728,12.421712875366211,0,0,0
train,1370,2018-02-28 09:40:00+00:00,0.016473544761538506,0.523201584815979,1.321510910987854,10.907856941223145,0,0,0
train,1371,2018-02-28 09:41:00+00:00,0.014741611666977406,0.5056966543197632,1.3339061737060547,11.330048561096191,0,0,0
train,1372,2018-02-28 09:42:00+00:00,0.010949186980724335,0.5322656631469727,1.6215600967407227,14.480324745178223,0,0,0
train,1373,2018-02-28 09:43:00+00:00,0.013673976063728333,0.5138692855834961,1.5149614810943604,13.15833854675293,0,0,0
train,1374,2018-02-28 09:44:00+00:00,0.010436641983687878,0.5233772993087769,1.7396868467330933,15.699771881103516,0,0,0
train,1375,2018-02-28 09:45:00+00:00,0.012320009060204029,0.5350179076194763,1.615164875984192,14.158023834228516,0,0,0
train,1376,2018-02-28 09:46:00+00:00,0.011772050522267818,0.522581934928894,1.661515235900879,14.815445899963379,0,0,0
train,1377,2018-02-28 09:47:00+00:00,0.014619637280702591,0.553638756275177,1.6441575288772583,14.337079048156738,0,0,0
train,1378,2018-02-28 09:48:00+00:00,0.01197657361626625,0.5333495736122131,1.667574405670166,14.746903419494629,0,0,0
train,1379,2018-02-28 09:49:00+00:00,0.014429084956645966,0.5471493005752563,1.5398229360580444,13.179698944091797,0,0,0
train,1380,2018-02-28 09:50:00+00:00,0.015790708363056183,0.5117141604423523,1.3483021259307861,11.336909294128418,0,0,0
train,1381,2018-02-28 09:51:00+00:00,0.012589703314006329,0.5156720876693726,1.5478090047836304,13.415116310119629,0,0,0
train,1382,2018-02-28 09:52:00+00:00,0.020038070157170296,0.5175529718399048,1.3269232511520386,10.7671480178833,0,0,0
train,1383,2018-02-28 09:53:00+00:00,0.01448078267276287,0.4842877984046936,1.2217146158218384,10.091423034667969,0,0,0
train,1384,2018-02-28 09:54:00+00:00,0.020520374178886414,0.5115938782691956,1.3081820011138916,10.75308609008789,0,0,0
train,1385,2018-02-28 09:55:00+00:00,0.014875025488436222,0.5224179029464722,1.528793215751648,13.249184608459473,0,0,0
train,1386,2018-02-28 09:56:00+00:00,0.009751646779477596,0.5316840410232544,1.8295886516571045,16.505399703979492,0,0,0
train,1387,2018-02-28 09:57:00+00:00,0.012206507846713066,0.5421825647354126,1.7186357975006104,15.069278717041016,0,0,0
train,1388,2018-02-28 09:58:00+00:00,0.017848560586571693,0.5289003849029541,1.3840198516845703,11.284296035766602,0,0,0
train,1389,2018-02-28 09:59:00+00:00,0.01746097207069397,0.49188876152038574,1.3342113494873047,11.051568031311035,0,0,0
train,1390,2018-02-28 10:00:00+00:00,0.015679767355322838,0.544797420501709,1.5722980499267578,13.270806312561035,0,0,0
train,1391,2018-02-28 10:01:00+00:00,0.01148608885705471,0.5176980495452881,1.6961121559143066,15.158440589904785,0,0,0
train,1392,2018-02-28 10:02:00+00:00,0.01374543271958828,0.5263115167617798,1.584484577178955,13.804213523864746,0,0,0
train,1393,2018-02-28 10:03:00+00:00,0.016314972192049026,0.5331571102142334,1.4652986526489258,12.49392318725586,0,0,0
train,1394,2018-02-28 10:04:00+00:00,0.01574070006608963,0.5407030582427979,1.5220943689346313,12.899612426757812,0,0,0
train,1395,2018-02-28 10:05:00+00:00,0.011151889339089394,0.5389211773872375,1.7853251695632935,15.928406715393066,0,0,0
train,1396,2018-02-28 10:06:00+00:00,0.017784059047698975,0.5295572876930237,1.3568779230117798,11.398131370544434,0,0,0
train,1397,2018-02-28 10:07:00+00:00,0.012529273517429829,0.5234949588775635,1.559834599494934,13.597342491149902,0,0,0
train,1398,2018-02-28 10:08:00+00:00,0.017632625997066498,0.5286898612976074,1.2138667106628418,9.837616920471191,0,0,0
train,1399,2018-02-28 10:09:00+00:00,0.014521484263241291,0.5372309684753418,1.509387493133545,13.216468811035156,0,0,0
train,1400,2018-02-28 10:10:00+00:00,0.010206925682723522,0.5025134086608887,1.254416823387146,10.376443862915039,0,0,0
train,1401,2018-02-28 10:11:00+00:00,0.01303028967231512,0.5428050756454468,1.7481223344802856,15.60653305053711,0,0,0
train,1402,2018-02-28 10:12:00+00:00,0.016705047339200974,0.5374886989593506,1.4816986322402954,12.794622421264648,0,0,0
train,1403,2018-02-28 10:13:00+00:00,0.012528466992080212,0.5381450653076172,1.7118172645568848,15.225578308105469,0,0,0
train,1404,2018-02-28 10:14:00+00:00,0.013444606214761734,0.5481166839599609,1.7342742681503296,15.427839279174805,0,0,0
train,1405,2018-02-28 10:15:00+00:00,0.013844872824847698,0.5614031553268433,1.7412968873977661,15.349588394165039,0,0,0
train,1406,2018-02-28 10:16:00+00:00,0.013458304107189178,0.5637121200561523,1.912007451057434,16.695045471191406,0,0,0
train,1407,2018-02-28 10:17:00+00:00,0.01420669537037611,0.5796194672584534,1.676692247390747,14.177488327026367,0,0,0
train,1408,2018-02-28 10:18:00+00:00,0.017234332859516144,0.5522987246513367,1.4849085807800293,12.543694496154785,0,0,0
train,1409,2018-02-28 10:19:00+00:00,0.019902009516954422,0.5739673376083374,1.5701385736465454,13.309630393981934,0,0,0
train,1410,2018-02-28 10:20:00+00:00,0.01724403165280819,0.5417191982269287,1.4888916015625,12.700920104980469,0,0,0
train,1411,2018-02-28 10:21:00+00:00,0.011286202818155289,0.5338388681411743,1.724848985671997,15.520964622497559,0,0,0
train,1412,2018-02-28 10:22:00+00:00,0.01200266182422638,0.5471808910369873,1.7209253311157227,15.229154586791992,0,0,0
train,1413,2018-02-28 10:23:00+00:00,0.011352925561368465,0.5479840040206909,1.7550467252731323,15.644952774047852,0,0,0
train,1414,2018-02-28 10:24:00+00:00,0.009682109579443932,0.5374716520309448,1.9371556043624878,17.59183692932129,0,0,0
train,1415,2018-02-28 10:25:00+00:00,0.017070677131414413,0.5215097665786743,1.359718918800354,11.204710960388184,0,0,0
train,1416,2018-02-28 10:26:00+00:00,0.007833011448383331,0.5039739608764648,1.8115267753601074,16.681861877441406,0,0,0
train,1417,2018-02-28 10:27:00+00:00,0.00855743233114481,0.5323522090911865,1.9437439441680908,17.853086471557617,0,0,0
train,1418,2018-02-28 10:28:00+00:00,0.010948358103632927,0.538745641708374,1.6990927457809448,15.34067440032959,0,0,0
train,1419,2018-02-28 10:29:00+00:00,0.018853100016713142,0.5359784364700317,1.4419395923614502,12.052249908447266,0,0,0
train,1420,2018-02-28 10:30:00+00:00,0.014349350705742836,0.49643588066101074,1.1529102325439453,9.088138580322266,0,0,0
train,1421,2018-02-28 10:31:00+00:00,0.009506456553936005,0.49961936473846436,1.6161487102508545,14.623953819274902,0,0,0
train,1422,2018-02-28 10:32:00+00:00,0.014263094402849674,0.5480782985687256,1.6826152801513672,15.011496543884277,0,0,0
train,1423,2018-02-28 10:33:00+00:00,0.024257993325591087,0.5730443000793457,1.2101669311523438,9.625740051269531,0,0,0
train,1424,2018-02-28 10:34:00+00:00,0.022422730922698975,0.4926280379295349,1.0572891235351562,8.144826889038086,0,0,0
train,1425,2018-02-28 10:35:00+00:00,0.015195625834167004,0.4959825277328491,1.3137439489364624,11.346782684326172,0,0,0
train,1426,2018-02-28 10:36:00+00:00,0.013003699481487274,0.5372087955474854,1.6530786752700806,14.994711875915527,0,0,0
train,1427,2018-02-28 10:37:00+00:00,0.014262142591178417,0.5275324583053589,1.5980145931243896,14.171375274658203,0,0,0
train,1428,2018-02-28 10:38:00+00:00,0.01231471635401249,0.536884069442749,1.6431132555007935,14.716458320617676,0,0,0
train,1429,2018-02-28 10:39:00+00:00,0.012018870562314987,0.5869442224502563,1.2996878623962402,10.600035667419434,0,0,0
train,1430,2018-02-28 10:40:00+00:00,0.012279674410820007,0.48041582107543945,1.1681751012802124,9.413809776306152,0,0,0
train,1431,2018-02-28 10:41:00+00:00,0.01346653327345848,0.5939196348190308,1.3295263051986694,10.841737747192383,0,0,0
train,1432,2018-02-28 10:42:00+00:00,0.01589522510766983,0.5083657503128052,1.1849960088729858,9.664558410644531,0,0,0
train,1433,2018-02-28 10:43:00+00:00,0.010021653026342392,0.5310498476028442,0.981465756893158,7.432938575744629,0,0,0
train,1434,2018-02-28 10:44:00+00:00,0.00970892608165741,0.557914674282074,1.2173457145690918,10.159577369689941,0,0,0
train,1435,2018-02-28 10:45:00+00:00,0.008171597495675087,0.5560611486434937,1.3793696165084839,11.94804573059082,0,0,0
train,1436,2018-02-28 10:46:00+00:00,0.012905511073768139,0.5342907905578613,1.1559373140335083,9.32562255859375,0,0,0
train,1437,2018-02-28 10:47:00+00:00,0.012659242376685143,0.5403255820274353,1.3630707263946533,11.603578567504883,0,0,0
train,1438,2018-02-28 10:48:00+00:00,0.011595016345381737,0.5122673511505127,1.1657094955444336,9.344319343566895,0,0,0
train,1439,2018-02-28 10:49:00+00:00,0.00849974900484085,0.5592736601829529,1.7353341579437256,15.990267753601074,0,0,0
train,1440,2018-02-28 10:50:00+00:00,0.008207722567021847,0.5749567747116089,1.8619333505630493,17.1754150390625,0,0,0
train,1441,2018-02-28 10:51:00+00:00,0.014680284075438976,0.6428710222244263,1.6027640104293823,13.077166557312012,0,0,0
train,1442,2018-02-28 10:52:00+00:00,0.009155008010566235,0.5670136213302612,1.7381696701049805,15.786653518676758,0,0,0
train,1443,2018-02-28 10:53:00+00:00,0.009039802476763725,0.5867643356323242,1.6880336999893188,14.666240692138672,0,0,0
train,1444,2018-02-28 10:54:00+00:00,0.010432357899844646,0.5525450706481934,1.5919495820999146,13.8740816116333,0,0,0
train,1445,2018-02-28 10:55:00+00:00,0.016154086217284203,0.5578336715698242,1.530766487121582,13.071160316467285,0,0,0
train,1446,2018-02-28 10:56:00+00:00,0.01006512250751257,0.5684719085693359,1.9744070768356323,18.084501266479492,0,0,0
train,1447,2018-02-28 10:57:00+00:00,0.013826191425323486,0.5876467227935791,1.7261000871658325,15.377449035644531,0,0,0
train,1448,2018-02-28 10:58:00+00:00,0.021886415779590607,0.5681905746459961,1.5798410177230835,13.69750690460205,0,0,0
train,1449,2018-02-28 10:59:00+00:00,0.015026917681097984,0.5584889054298401,1.7916713953018188,15.984332084655762,0,0,0
train,1450,2018-02-28 11:00:00+00:00,0.009803669527173042,0.5650591850280762,1.9977155923843384,18.367746353149414,0,0,0
train,1451,2018-02-28 11:01:00+00:00,0.015880152583122253,0.5284185409545898,1.4162017107009888,12.706889152526855,0,0,0
train,1452,2018-02-28 11:02:00+00:00,0.02147097699344158,0.5848488807678223,1.5950335264205933,14.125767707824707,0,0,0
train,1453,2018-02-28 11:03:00+00:00,0.016828421503305435,0.5879881978034973,1.6938518285751343,14.996903419494629,0,0,0
train,1454,2018-02-28 11:04:00+00:00,0.011961450800299644,0.4841890335083008,1.1623460054397583,10.105711936950684,0,0,0
train,1455,2018-02-28 11:05:00+00:00,0.02249925583600998,0.5490632057189941,1.2656548023223877,10.755871772766113,0,0,0
train,1456,2018-02-28 11:06:00+00:00,0.01595142111182213,0.46832555532455444,0.9597815275192261,7.685288906097412,0,0,0
train,1457,2018-02-28 11:07:00+00:00,0.018696369603276253,0.5715267658233643,1.5659552812576294,13.739297866821289,0,0,0
train,1458,2018-02-28 11:08:00+00:00,0.026269827038049698,0.5532469153404236,1.3395737409591675,11.079463958740234,0,0,0
train,1459,2018-02-28 11:09:00+00:00,0.02675924077630043,0.5683895349502563,1.5680252313613892,13.358001708984375,0,0,0
train,1460,2018-02-28 11:10:00+00:00,0.009809961542487144,0.5503627061843872,1.8758326768875122,16.91728401184082,0,0,0
train,1461,2018-02-28 11:11:00+00:00,0.018273498862981796,0.5652145147323608,1.3426826000213623,11.01522445678711,0,0,0
train,1462,2018-02-28 11:12:00+00:00,0.013830163516104221,0.5553626418113708,1.517443299293518,13.202317237854004,0,0,0
train,1463,2018-02-28 11:13:00+00:00,0.013329618610441685,0.47021758556365967,0.9815665483474731,7.908812522888184,0,0,0
train,1464,2018-02-28 11:14:00+00:00,0.025117216631770134,0.5607942342758179,1.177869200706482,9.496442794799805,0,0,0
train,1465,2018-02-28 11:15:00+00:00,0.023447129875421524,0.5504651069641113,1.4005097150802612,12.040200233459473,0,0,0
train,1466,2018-02-28 11:16:00+00:00,0.01588653028011322,0.5367751121520996,1.1599311828613281,9.36612319946289,0,0,0
train,1467,2018-02-28 11:17:00+00:00,0.018602045252919197,0.5501443147659302,1.1774574518203735,9.332132339477539,0,0,0
train,1468,2018-02-28 11:18:00+00:00,0.012256531044840813,0.5499112010002136,1.4932353496551514,13.173210144042969,0,0,0
train,1469,2018-02-28 11:19:00+00:00,0.01225435920059681,0.5526812076568604,1.5967942476272583,14.042078971862793,0,0,0
train,1470,2018-02-28 11:20:00+00:00,0.015826819464564323,0.535854697227478,1.5362422466278076,13.29479694366455,0,0,0
train,1471,2018-02-28 11:21:00+00:00,0.0247366800904274,0.5453068017959595,1.4157506227493286,11.77112865447998,0,0,0
train,1472,2018-02-28 11:22:00+00:00,0.020487692207098007,0.5125448703765869,1.1293718814849854,8.68869400024414,0,0,0
train,1473,2018-02-28 11:23:00+00:00,0.011032134294509888,0.5209478139877319,1.4967817068099976,13.45533561706543,0,0,0
train,1474,2018-02-28 11:24:00+00:00,0.010250646620988846,0.45083415508270264,1.0683079957962036,9.091398239135742,0,0,0
train,1475,2018-02-28 11:25:00+00:00,0.019356101751327515,0.5310808420181274,1.3740673065185547,11.915188789367676,0,0,0
train,1476,2018-02-28 11:26:00+00:00,0.020402221009135246,0.5076444149017334,1.1961978673934937,9.832816123962402,0,0,0
train,1477,2018-02-28 11:27:00+00:00,0.01623203605413437,0.52968430519104,1.5824527740478516,14.121800422668457,0,0,0
train,1478,2018-02-28 11:28:00+00:00,0.022577809169888496,0.5248950719833374,1.2647446393966675,10.84296989440918,0,0,0
train,1479,2018-02-28 11:29:00+00:00,0.02054518461227417,0.5569222569465637,1.455140233039856,12.681666374206543,0,0,0
train,1480,2018-02-28 11:30:00+00:00,0.018055424094200134,0.4789028763771057,0.9691072106361389,7.619006633758545,0,0,0
train,1481,2018-02-28 11:31:00+00:00,0.02456374280154705,0.5500217080116272,1.163233995437622,9.1861572265625,0,0,0
train,1482,2018-02-28 11:32:00+00:00,0.026974201202392578,0.5478476285934448,1.3416237831115723,11.017516136169434,0,0,0
train,1483,2018-02-28 11:33:00+00:00,0.01555472519248724,0.5471471548080444,1.670717716217041,14.537859916687012,0,0,0
train,1484,2018-02-28 11:34:00+00:00,0.016467668116092682,0.5589150190353394,1.6396965980529785,14.107209205627441,0,0,0
train,1485,2018-02-28 11:35:00+00:00,0.012954055331647396,0.5449947118759155,1.7040616273880005,14.901627540588379,0,0,0
train,1486,2018-02-28 11:36:00+00:00,0.015210958197712898,0.5450258255004883,1.6010953187942505,13.711368560791016,0,0,0
train,1487,2018-02-28 11:37:00+00:00,0.011828052811324596,0.5489382743835449,1.7003512382507324,14.820984840393066,0,0,0
train,1488,2018-02-28 11:38:00+00:00,0.015738198533654213,0.5371715426445007,1.4532002210617065,12.258700370788574,0,0,0
train,1489,2018-02-28 11:39:00+00:00,0.022004611790180206,0.5151326656341553,1.3156906366348267,10.780291557312012,0,0,0
train,1490,2018-02-28 11:40:00+00:00,0.019366277381777763,0.4956820607185364,1.1250888109207153,8.67807674407959,0,0,0
train,1491,2018-02-28 11:41:00+00:00,0.015923742204904556,0.48518574237823486,1.3588602542877197,11.668499946594238,0,0,0
train,1492,2018-02-28 11:42:00+00:00,0.012350707314908504,0.4644313454627991,1.173632264137268,9.555529594421387,0,0,0
train,1493,2018-02-28 11:43:00+00:00,0.016869932413101196,0.48055416345596313,1.2338346242904663,10.18856143951416,0,0,0
train,1494,2018-02-28 11:44:00+00:00,0.010240691713988781,0.49052780866622925,1.4306715726852417,12.292790412902832,0,0,0
train,1495,2018-02-28 11:45:00+00:00,0.015522940084338188,0.4845847487449646,1.260008454322815,10.505921363830566,0,0,0
train,1496,2018-02-28 11:46:00+00:00,0.014556496404111385,0.4963047504425049,1.3877822160720825,11.924628257751465,0,0,0
train,1497,2018-02-28 11:47:00+00:00,0.011581496335566044,0.5389776229858398,1.825920820236206,16.39010238647461,0,0,0
train,1498,2018-02-28 11:48:00+00:00,0.011943836696445942,0.5430984497070312,1.83303964138031,16.480594635009766,0,0,0
train,1499,2018-02-28 11:49:00+00:00,0.010837445966899395,0.5382435321807861,1.9217989444732666,17.290061950683594,0,0,0
train,1500,2018-02-28 11:50:00+00:00,0.012222561985254288,0.5377247333526611,1.6367766857147217,14.335708618164062,0,0,0
train,1501,2018-02-28 11:51:00+00:00,0.011845462955534458,0.5307912826538086,1.7074321508407593,15.169812202453613,0,0,0
train,1502,2018-02-28 11:52:00+00:00,0.012634254060685635,0.5646665096282959,1.5813541412353516,13.318808555603027,0,0,0
train,1503,2018-02-28 11:53:00+00:00,0.00900481641292572,0.505434513092041,1.5353705883026123,13.70580005645752,0,0,0
train,1504,2018-02-28 11:54:00+00:00,0.011968598701059818,0.5312408804893494,1.6797840595245361,15.21644115447998,0,0,0
train,1505,2018-02-28 11:55:00+00:00,0.014813283458352089,0.5130725502967834,1.501783847808838,13.14163589477539,0,0,0
train,1506,2018-02-28 11:56:00+00:00,0.0073890965431928635,0.5639652013778687,1.585811972618103,13.685975074768066,0,0,0
train,1507,2018-02-28 11:57:00+00:00,0.013876400887966156,0.5361515283584595,1.7050402164459229,15.404520034790039,0,0,0
train,1508,2018-02-28 11:58:00+00:00,0.00895791593939066,0.5535974502563477,1.89976167678833,17.38408088684082,0,0,0
train,1509,2018-02-28 11:59:00+00:00,0.009810670278966427,0.5594452023506165,1.9269353151321411,17.651350021362305,0,0,0
train,1510,2018-02-28 12:00:00+00:00,0.01245863363146782,0.4734905958175659,1.0655962228775024,9.042445182800293,0,0,0
train,1511,2018-02-28 12:01:00+00:00,0.018647992983460426,0.5497106313705444,1.4063801765441895,12.130462646484375,0,0,0
train,1512,2018-02-28 12:02:00+00:00,0.013386069796979427,0.5794776678085327,1.7478832006454468,15.683791160583496,0,0,0
train,1513,2018-02-28 12:03:00+00:00,0.014755603857338428,0.5807914137840271,1.737178087234497,15.43883991241455,0,0,0
train,1514,2018-02-28 12:04:00+00:00,0.012445890344679356,0.5657114386558533,1.8738739490509033,16.980918884277344,0,0,0
train,1515,2018-02-28 12:05:00+00:00,0.014078618958592415,0.5834556221961975,1.7922462224960327,15.869729042053223,0,0,0
train,1516,2018-02-28 12:06:00+00:00,0.01786588318645954,0.561538577079773,1.7398399114608765,15.183465003967285,0,0,0
train,1517,2018-02-28 12:07:00+00:00,0.021475302055478096,0.5603060722351074,1.782988429069519,15.494268417358398,0,0,0
train,1518,2018-02-28 12:08:00+00:00,0.013890284113585949,0.5548127889633179,1.9163811206817627,16.7789306640625,0,0,0
train,1519,2018-02-28 12:09:00+00:00,0.012631314806640148,0.5544126033782959,1.9355273246765137,17.490297317504883,0,0,0
train,1520,2018-02-28 12:10:00+00:00,0.025154273957014084,0.5794442892074585,1.6438151597976685,13.792665481567383,0,0,0
train,1521,2018-02-28 12:11:00+00:00,0.025083115324378014,0.5798492431640625,1.528989315032959,12.604549407958984,0,0,0
train,1522,2018-02-28 12:12:00+00:00,0.04267729073762894,0.4985271096229553,0.9524907469749451,7.020593643188477,0,0,0
train,1523,2018-02-28 12:13:00+00:00,0.04672281816601753,0.5642673969268799,1.2323421239852905,9.827081680297852,0,0,0
train,1524,2018-02-28 12:14:00+00:00,0.03504389524459839,0.5624426603317261,1.3896753787994385,11.258773803710938,0,0,0
train,1525,2018-02-28 12:15:00+00:00,0.04750094190239906,0.5449532270431519,1.1935510635375977,9.31952953338623,0,0,0
train,1526,2018-02-28 12:16:00+00:00,0.04236581176519394,0.5596625804901123,1.1958035230636597,9.167834281921387,0,0,0
train,1527,2018-02-28 12:17:00+00:00,0.04029679298400879,0.5685462951660156,1.2170575857162476,9.334098815917969,0,0,0
train,1528,2018-02-28 12:18:00+00:00,0.03455599769949913,0.5635106563568115,1.3150159120559692,10.646479606628418,0,0,0
train,1529,2018-02-28 12:19:00+00:00,0.02105460874736309,0.5443458557128906,1.5794812440872192,13.681467056274414,0,0,0
train,1530,2018-02-28 12:20:00+00:00,0.033380135893821716,0.5687860250473022,1.5032745599746704,12.37037181854248,0,0,0
train,1531,2018-02-28 12:21:00+00:00,0.024725062772631645,0.5584008097648621,1.6940734386444092,14.411138534545898,0,0,0
train,1532,2018-02-28 12:22:00+00:00,0.024681812152266502,0.5616357326507568,1.5903278589248657,13.588045120239258,0,0,0
train,1533,2018-02-28 12:23:00+00:00,0.025081591680645943,0.5450127124786377,1.6459498405456543,14.007767677307129,0,0,0
train,1534,2018-02-28 12:24:00+00:00,0.03276332467794418,0.5662487149238586,1.6289327144622803,13.149311065673828,0,0,0
train,1535,2018-02-28 12:25:00+00:00,0.02973318099975586,0.5750908851623535,1.5444029569625854,12.654379844665527,0,0,0
train,1536,2018-02-28 12:26:00+00:00,0.03098541684448719,0.5726028680801392,1.5087403059005737,12.501524925231934,0,0,0
train,1537,2018-02-28 12:27:00+00:00,0.032708797603845596,0.5559263229370117,1.4101628065109253,11.49719524383545,0,0,0
train,1538,2018-02-28 12:28:00+00:00,0.037837911397218704,0.5589108467102051,1.1321406364440918,8.502493858337402,0,0,0
train,1539,2018-02-28 12:29:00+00:00,0.033152025192976,0.5383149981498718,1.168076515197754,8.97467041015625,0,0,0
train,1540,2018-02-28 12:30:00+00:00,0.026695378124713898,0.5553573369979858,1.4918510913848877,12.49802017211914,0,0,0
train,1541,2018-02-28 12:31:00+00:00,0.015634087845683098,0.5452286601066589,1.7324254512786865,15.202322959899902,0,0,0
train,1542,2018-02-28 12:32:00+00:00,0.019127802923321724,0.5626850128173828,1.7080456018447876,14.649109840393066,0,0,0
train,1543,2018-02-28 12:33:00+00:00,0.025012757629156113,0.5585609674453735,1.6686503887176514,13.976962089538574,0,0,0
train,1544,2018-02-28 12:34:00+00:00,0.023823700845241547,0.566685676574707,1.563399314880371,13.097260475158691,0,0,0
train,1545,2018-02-28 12:35:00+00:00,0.02874593436717987,0.5612680912017822,1.52662992477417,12.81548023223877,0,0,0
train,1546,2018-02-28 12:36:00+00:00,0.03931330144405365,0.5923880338668823,1.4323123693466187,11.090618133544922,0,0,0
train,1547,2018-02-28 12:37:00+00:00,0.042851656675338745,0.5791563987731934,1.370449423789978,10.871209144592285,0,0,0
train,1548,2018-02-28 12:38:00+00:00,0.04023582115769386,0.5840357542037964,1.4566696882247925,11.209380149841309,0,0,0
train,1549,2018-02-28 12:39:00+00:00,0.024885768070816994,0.5949736833572388,1.2750812768936157,9.562235832214355,0,0,0
train,1550,2018-02-28 12:40:00+00:00,0.04929564893245697,0.6394847631454468,1.173143982887268,8.146119117736816,0,0,0
train,1551,2018-02-28 12:41:00+00:00,0.02400595135986805,0.5965766906738281,1.1833603382110596,8.914257049560547,0,0,0
train,1552,2018-02-28 12:42:00+00:00,0.029422692954540253,0.603208601474762,1.2721834182739258,9.702055931091309,0,0,0
train,1553,2018-02-28 12:43:00+00:00,0.04420921951532364,0.5941388607025146,1.4070446491241455,10.9803466796875,0,0,0
train,1554,2018-02-28 12:44:00+00:00,0.030780361965298653,0.5735931396484375,1.352766990661621,10.914607048034668,0,0,0
train,1555,2018-02-28 12:45:00+00:00,0.024430353194475174,0.5688471794128418,1.6586216688156128,14.101691246032715,0,0,0
train,1556,2018-02-28 12:46:00+00:00,0.05548189580440521,0.5746838450431824,1.0981955528259277,8.125673294067383,0,0,0
train,1557,2018-02-28 12:47:00+00:00,0.033747151494026184,0.5713707208633423,1.3604425191879272,11.159340858459473,0,0,0
train,1558,2018-02-28 12:48:00+00:00,0.029581554234027863,0.5706698298454285,1.44821035861969,12.02286434173584,0,0,0
train,1559,2018-02-28 12:49:00+00:00,0.03194368630647659,0.5623544454574585,1.3413699865341187,10.987077713012695,0,0,0
train,1560,2018-02-28 12:50:00+00:00,0.032558705657720566,0.5582217574119568,1.3155910968780518,10.649580955505371,0,0,0
train,1561,2018-02-28 12:51:00+00:00,0.0279962457716465,0.5732493996620178,1.5471831560134888,12.977383613586426,0,0,0
train,1562,2018-02-28 12:52:00+00:00,0.02271151728928089,0.5587157011032104,1.600418210029602,13.608752250671387,0,0,0
train,1563,2018-02-28 12:53:00+00:00,0.021245785057544708,0.5449672341346741,1.726455569267273,14.788712501525879,0,0,0
train,1564,2018-02-28 12:54:00+00:00,0.023511281237006187,0.5371219515800476,1.706822395324707,14.69194507598877,0,0,0
train,1565,2018-02-28 12:55:00+00:00,0.02413071133196354,0.5413166284561157,1.7280199527740479,14.68250846862793,0,0,0
train,1566,2018-02-28 12:56:00+00:00,0.039468180388212204,0.5636249780654907,1.2942429780960083,10.200652122497559,0,0,0
train,1567,2018-02-28 12:57:00+00:00,0.03670021519064903,0.5785710215568542,1.5869436264038086,12.535698890686035,0,0,0
train,1568,2018-02-28 12:58:00+00:00,0.03812214732170105,0.5942739248275757,1.463258981704712,11.653067588806152,0,0,0
train,1569,2018-02-28 12:59:00+00:00,0.026475369930267334,0.5466734170913696,1.4139461517333984,11.683368682861328,0,0,0
train,1570,2018-03-01 01:00:00+00:00,0.034037090837955475,0.5762126445770264,1.5980714559555054,12.438811302185059,0,0,0
train,1571,2018-03-01 01:30:00+00:00,0.018539853394031525,0.5641071796417236,1.6681629419326782,14.23685073852539,0,0,0
train,1572,2018-03-01 01:31:00+00:00,0.014736766926944256,0.5472650527954102,1.6511880159378052,14.430906295776367,0,0,0
train,1573,2018-03-01 01:32:00+00:00,0.015705300495028496,0.5449047684669495,1.8399468660354614,16.119182586669922,0,0,0
train,1574,2018-03-01 01:33:00+00:00,0.021315138787031174,0.5698699951171875,1.8981891870498657,15.71507740020752,0,0,0
train,1575,2018-03-01 01:34:00+00:00,0.0195352453738451,0.5425667762756348,1.82470703125,15.755023956298828,0,0,0
train,1576,2018-03-01 01:35:00+00:00,0.016766835004091263,0.5371325016021729,1.8411680459976196,16.08071517944336,0,0,0
train,1577,2018-03-01 01:36:00+00:00,0.02800726890563965,0.567787766456604,1.6296466588974,13.57249641418457,0,0,0
train,1578,2018-03-01 01:37:00+00:00,0.02687971480190754,0.5589947700500488,1.6472643613815308,13.53311538696289,0,0,0
train,1579,2018-03-01 01:38:00+00:00,0.027355391532182693,0.5789726972579956,1.5200759172439575,12.49887752532959,0,0,0
train,1580,2018-03-01 01:39:00+00:00,0.022863125428557396,0.5664523839950562,1.5023730993270874,12.501617431640625,0,0,0
train,1581,2018-03-01 01:40:00+00:00,0.011679072864353657,0.5379457473754883,1.7777165174484253,15.912592887878418,0,0,0
train,1582,2018-03-01 01:41:00+00:00,0.01102686207741499,0.5403501987457275,1.8253910541534424,16.502182006835938,0,0,0
train,1583,2018-03-01 01:42:00+00:00,0.02133900485932827,0.5766147375106812,1.6133308410644531,13.585466384887695,0,0,0
train,1584,2018-03-01 01:43:00+00:00,0.016238754615187645,0.5640262365341187,1.3269439935684204,10.716789245605469,0,0,0
train,1585,2018-03-01 01:44:00+00:00,0.011426219716668129,0.5419532060623169,1.7056782245635986,15.372687339782715,0,0,0
train,1586,2018-03-01 01:45:00+00:00,0.015441963449120522,0.5582411885261536,1.6403634548187256,14.434828758239746,0,0,0
train,1587,2018-03-01 01:46:00+00:00,0.012640384957194328,0.5437381267547607,1.7968183755874634,16.15791893005371,0,0,0
train,1588,2018-03-01 01:47:00+00:00,0.012115459889173508,0.5286927223205566,1.9484432935714722,17.458059310913086,0,0,0
train,1589,2018-03-01 01:48:00+00:00,0.009146003052592278,0.5239081382751465,2.0012881755828857,18.32978630065918,0,0,0
train,1590,2018-03-01 01:49:00+00:00,0.011707823723554611,0.5231790542602539,1.93808913230896,17.54068946838379,0,0,0
train,1591,2018-03-01 01:50:00+00:00,0.016280824318528175,0.5508555173873901,1.7135894298553467,15.137298583984375,0,0,0
train,1592,2018-03-01 01:51:00+00:00,0.0144165875390172,0.5373814702033997,1.8092846870422363,16.142118453979492,0,0,0
train,1593,2018-03-01 01:52:00+00:00,0.011131729930639267,0.5411325097084045,1.761186122894287,15.692366600036621,0,0,0
train,1594,2018-03-01 01:53:00+00:00,0.010659309104084969,0.5415740013122559,1.8310266733169556,16.62810707092285,0,0,0
train,1595,2018-03-01 01:54:00+00:00,0.00982795748859644,0.5362561941146851,1.890757441520691,17.14120101928711,0,0,0
train,1596,2018-03-01 01:55:00+00:00,0.010044798254966736,0.5320563912391663,1.9960877895355225,18.025596618652344,0,0,0
train,1597,2018-03-01 01:56:00+00:00,0.0131318848580122,0.5458873510360718,1.8394815921783447,16.457338333129883,0,0,0
train,1598,2018-03-01 01:57:00+00:00,0.012024030089378357,0.5346817970275879,1.9899396896362305,17.6385498046875,0,0,0
train,1599,2018-03-01 01:58:00+00:00,0.023769672960042953,0.5607647895812988,1.495381474494934,12.812983512878418,0,0,0
train,1600,2018-03-01 01:59:00+00:00,0.01937800459563732,0.5425125360488892,1.5013391971588135,12.870850563049316,0,0,0
train,1601,2018-03-01 02:00:00+00:00,0.014309770427644253,0.5341891646385193,1.8657662868499756,16.639270782470703,0,0,0
train,1602,2018-03-01 02:01:00+00:00,0.01399300992488861,0.5768654346466064,1.8091075420379639,15.256671905517578,0,0,0
train,1603,2018-03-01 02:02:00+00:00,0.016865713521838188,0.5544377565383911,1.6039286851882935,13.859800338745117,0,0,0
train,1604,2018-03-01 02:03:00+00:00,0.024657979607582092,0.5628575086593628,1.7275969982147217,14.382552146911621,0,0,0
train,1605,2018-03-01 02:04:00+00:00,0.02559024468064308,0.5523034930229187,1.7100715637207031,14.302616119384766,0,0,0
train,1606,2018-03-01 02:05:00+00:00,0.018664084374904633,0.5430464744567871,1.7956115007400513,15.545048713684082,0,0,0
train,1607,2018-03-01 02:06:00+00:00,0.018181392922997475,0.5448713302612305,1.8377569913864136,15.785717964172363,0,0,0
train,1608,2018-03-01 02:07:00+00:00,0.016711818054318428,0.542605996131897,1.9178845882415771,16.583919525146484,0,0,0
train,1609,2018-03-01 02:08:00+00:00,0.02243652194738388,0.5750216245651245,1.5961153507232666,13.45207691192627,0,0,0
train,1610,2018-03-01 02:09:00+00:00,0.020002469420433044,0.5654189586639404,1.69326651096344,14.444753646850586,0,0,0
train,1611,2018-03-01 02:10:00+00:00,0.018345024436712265,0.5485295653343201,1.7963508367538452,15.407346725463867,0,0,0
train,1612,2018-03-01 02:11:00+00:00,0.016135666519403458,0.5407114028930664,1.7922375202178955,15.78735065460205,0,0,0
train,1613,2018-03-01 02:12:00+00:00,0.01785273849964142,0.5480712652206421,1.7879582643508911,15.56047534942627,0,0,0
train,1614,2018-03-01 02:13:00+00:00,0.01663811318576336,0.545081615447998,1.8458080291748047,16.061935424804688,0,0,0
train,1615,2018-03-01 02:14:00+00:00,0.016249392181634903,0.5499780178070068,1.789098858833313,15.836433410644531,0,0,0
train,1616,2018-03-01 02:15:00+00:00,0.017135536298155785,0.600334882736206,1.3387364149093628,10.986865043640137,0,0,0
train,1617,2018-03-01 02:16:00+00:00,0.02790447697043419,0.58372962474823,1.1475235223770142,9.108586311340332,0,0,0
train,1618,2018-03-01 02:17:00+00:00,0.011736602522432804,0.563475489616394,1.308090090751648,10.773109436035156,0,0,0
train,1619,2018-03-01 02:18:00+00:00,0.0161681417375803,0.5965081453323364,1.3482284545898438,11.045852661132812,0,0,0
train,1620,2018-03-01 02:19:00+00:00,0.010015599429607391,0.5953269004821777,1.6460866928100586,13.94433879852295,0,0,0
train,1621,2018-03-01 02:20:00+00:00,0.01389172114431858,0.5720647573471069,1.733467698097229,15.003217697143555,0,0,0
train,1622,2018-03-01 02:21:00+00:00,0.013843565247952938,0.5574584007263184,1.8560924530029297,16.234180450439453,0,0,0
train,1623,2018-03-01 02:22:00+00:00,0.01600118726491928,0.5678886771202087,1.7095541954040527,14.74931526184082,0,0,0
train,1624,2018-03-01 02:23:00+00:00,0.013020246289670467,0.5567466020584106,1.8561060428619385,16.296762466430664,0,0,0
train,1625,2018-03-01 02:24:00+00:00,0.015031588263809681,0.5486571192741394,1.7247065305709839,15.223974227905273,0,0,0
train,1626,2018-03-01 02:25:00+00:00,0.008250242099165916,0.5313154458999634,2.1079726219177246,19.162527084350586,0,0,0
train,1627,2018-03-01 02:26:00+00:00,0.012158672325313091,0.5823426246643066,1.4693173170089722,12.26875114440918,0,0,0
train,1628,2018-03-01 02:27:00+00:00,0.014075937680900097,0.5540436506271362,1.812965750694275,16.303264617919922,0,0,0
train,1629,2018-03-01 02:28:00+00:00,0.012584324926137924,0.5437582731246948,1.067689299583435,8.511594772338867,0,0,0
train,1630,2018-03-01 02:29:00+00:00,0.01289578340947628,0.5542674660682678,1.373523235321045,11.52669620513916,0,0,0
train,1631,2018-03-01 02:30:00+00:00,0.019995760172605515,0.6234508156776428,1.1947219371795654,9.520895004272461,0,0,0
train,1632,2018-03-01 02:31:00+00:00,0.0191136933863163,0.5687310099601746,1.1841708421707153,9.588399887084961,0,0,0
train,1633,2018-03-01 02:32:00+00:00,0.01725689135491848,0.5812788009643555,1.1426794528961182,8.931336402893066,0,0,0
train,1634,2018-03-01 02:33:00+00:00,0.01614784635603428,0.5322543382644653,1.4926977157592773,13.288488388061523,0,0,0
train,1635,2018-03-01 02:34:00+00:00,0.006729363463819027,0.5107752084732056,1.3201632499694824,11.351947784423828,0,0,0
train,1636,2018-03-01 02:35:00+00:00,0.013156077824532986,0.5455402731895447,1.6500250101089478,14.76656723022461,0,0,0
train,1637,2018-03-01 02:36:00+00:00,0.009957590140402317,0.56895911693573,1.6702028512954712,15.122937202453613,0,0,0
train,1638,2018-03-01 02:37:00+00:00,0.018921177834272385,0.5619129538536072,1.5322657823562622,13.462136268615723,0,0,0
train,1639,2018-03-01 02:38:00+00:00,0.019687484949827194,0.5454731583595276,1.2251561880111694,10.176584243774414,0,0,0
train,1640,2018-03-01 02:39:00+00:00,0.02188299596309662,0.5586485266685486,1.6540803909301758,14.748125076293945,0,0,0
train,1641,2018-03-01 02:40:00+00:00,0.014142785221338272,0.5582014918327332,1.8913860321044922,17.110586166381836,0,0,0
train,1642,2018-03-01 02:41:00+00:00,0.02305654063820839,0.5383909940719604,1.302494764328003,11.200895309448242,0,0,0
train,1643,2018-03-01 02:42:00+00:00,0.02047836035490036,0.5675770044326782,1.6781282424926758,14.858006477355957,0,0,0
train,1644,2018-03-01 02:43:00+00:00,0.01554291881620884,0.4726013243198395,0.9847124218940735,8.09893798828125,0,0,0
train,1645,2018-03-01 02:44:00+00:00,0.027469733729958534,0.5335253477096558,1.356645107269287,11.37850284576416,0,0,0
train,1646,2018-03-01 02:45:00+00:00,0.022095803171396255,0.5084108114242554,1.3673080205917358,11.629064559936523,0,0,0
train,1647,2018-03-01 02:46:00+00:00,0.021534331142902374,0.5592873096466064,1.7462023496627808,15.334748268127441,0,0,0
train,1648,2018-03-01 02:47:00+00:00,0.0146631496027112,0.5619701147079468,1.8633980751037598,16.544214248657227,0,0,0
train,1649,2018-03-01 02:48:00+00:00,0.017419617623090744,0.55317223072052,1.8346004486083984,16.042552947998047,0,0,0
train,1650,2018-03-01 02:49:00+00:00,0.016404420137405396,0.5537171363830566,1.7678909301757812,15.418163299560547,0,0,0
train,1651,2018-03-01 02:50:00+00:00,0.021245382726192474,0.5801200270652771,1.6784988641738892,14.074195861816406,0,0,0
train,1652,2018-03-01 02:51:00+00:00,0.014754924923181534,0.5498572587966919,1.909459114074707,16.3978328704834,0,0,0
train,1653,2018-03-01 02:52:00+00:00,0.015611465089023113,0.5538018941879272,1.8502382040023804,15.78800106048584,0,0,0
train,1654,2018-03-01 02:53:00+00:00,0.018022319301962852,0.5570976734161377,1.8235783576965332,15.553483009338379,0,0,0
train,1655,2018-03-01 02:54:00+00:00,0.021389508619904518,0.5827234983444214,1.64334237575531,13.691316604614258,0,0,0
train,1656,2018-03-01 02:55:00+00:00,0.020181942731142044,0.5689711570739746,1.6534243822097778,13.974323272705078,0,0,0
train,1657,2018-03-01 02:56:00+00:00,0.018460208550095558,0.5401148200035095,1.7873836755752563,15.48797607421875,0,0,0
train,1658,2018-03-01 02:57:00+00:00,0.01908162236213684,0.5524592399597168,1.8684898614883423,15.92521858215332,0,0,0
train,1659,2018-03-01 02:58:00+00:00,0.019553815945982933,0.5579372048377991,1.717842936515808,14.590993881225586,0,0,0
train,1660,2018-03-01 02:59:00+00:00,0.02469545602798462,0.5778067111968994,1.583466649055481,13.11544418334961,0,0,0
train,1661,2018-03-01 03:00:00+00:00,0.01934877224266529,0.5718148946762085,1.658644676208496,14.233777046203613,0,0,0
train,1662,2018-03-01 03:01:00+00:00,0.02084803394973278,0.5610640645027161,1.7068108320236206,14.39441204071045,0,0,0
train,1663,2018-03-01 03:02:00+00:00,0.020806126296520233,0.5570039749145508,1.729067325592041,14.727287292480469,0,0,0
train,1664,2018-03-01 03:03:00+00:00,0.012801222503185272,0.5367813110351562,1.8972339630126953,16.942419052124023,0,0,0
train,1665,2018-03-01 03:04:00+00:00,0.015084472484886646,0.5471310615539551,1.9298062324523926,17.099571228027344,0,0,0
train,1666,2018-03-01 03:05:00+00:00,0.010230069980025291,0.5487048625946045,2.1639130115509033,19.407337188720703,0,0,0
train,1667,2018-03-01 03:06:00+00:00,0.01605512946844101,0.5316780805587769,1.9042792320251465,16.983428955078125,0,0,0
train,1668,2018-03-01 03:07:00+00:00,0.01623845472931862,0.5432695150375366,1.9192262887954712,16.87569808959961,0,0,0
train,1669,2018-03-01 03:08:00+00:00,0.0246971994638443,0.5672163367271423,1.7719224691390991,15.003100395202637,0,0,0
train,1670,2018-03-01 03:09:00+00:00,0.018931370228528976,0.5557129979133606,1.755524754524231,15.17062759399414,0,0,0
train,1671,2018-03-01 03:10:00+00:00,0.015183564275503159,0.5627492666244507,1.7796083688735962,15.513540267944336,0,0,0
train,1672,2018-03-01 03:11:00+00:00,0.01403695996850729,0.5471179485321045,1.7330021858215332,15.238374710083008,0,0,0
train,1673,2018-03-01 03:12:00+00:00,0.011471106670796871,0.5369068384170532,1.8834543228149414,16.8651180267334,0,0,0
train,1674,2018-03-01 03:13:00+00:00,0.01706623286008835,0.5461593866348267,1.6282198429107666,14.155770301818848,0,0,0
train,1675,2018-03-01 03:14:00+00:00,0.01726812869310379,0.5258744955062866,1.5270684957504272,13.128372192382812,0,0,0
train,1676,2018-03-01 03:15:00+00:00,0.013540309853851795,0.5569583177566528,1.6653571128845215,14.471428871154785,0,0,0
train,1677,2018-03-01 03:16:00+00:00,0.01321768295019865,0.561805248260498,1.6139718294143677,14.131683349609375,0,0,0
train,1678,2018-03-01 03:17:00+00:00,0.01085457019507885,0.5335229635238647,1.6730676889419556,14.779606819152832,0,0,0
train,1679,2018-03-01 03:18:00+00:00,0.009432142600417137,0.5223666429519653,1.7826963663101196,16.222869873046875,0,0,0
train,1680,2018-03-01 03:19:00+00:00,0.012817763723433018,0.5375442504882812,1.7992935180664062,16.197952270507812,0,0,0
train,1681,2018-03-01 03:20:00+00:00,0.009062794968485832,0.51564621925354,1.991310477256775,18.36261558532715,0,0,0
train,1682,2018-03-01 03:21:00+00:00,0.01119638979434967,0.5413674116134644,1.9217790365219116,17.666799545288086,0,0,0
train,1683,2018-03-01 03:22:00+00:00,0.01177640538662672,0.5375943183898926,1.8560858964920044,17.00977897644043,0,0,0
train,1684,2018-03-01 03:23:00+00:00,0.010466331616044044,0.5294562578201294,1.8288459777832031,16.94476890563965,0,0,0
train,1685,2018-03-01 03:24:00+00:00,0.010422349907457829,0.5299353003501892,2.0223851203918457,18.427181243896484,0,0,0
train,1686,2018-03-01 03:25:00+00:00,0.00841133575886488,0.5430217385292053,1.9912441968917847,18.309362411499023,0,0,0
validation,0,2018-03-01 08:46:00+00:00,0.02508922852575779,0.587645411491394,1.6196403503417969,13.332923889160156,0,0,0
validation,1,2018-03-01 08:47:00+00:00,0.03065900132060051,0.6064624786376953,1.825412392616272,14.45654582977295,0,0,0
validation,2,2018-03-01 08:48:00+00:00,0.024382399395108223,0.5525432229042053,1.641192078590393,14.086057662963867,0,0,0
validation,3,2018-03-01 08:49:00+00:00,0.02749856561422348,0.5798985362052917,1.5567378997802734,13.070611000061035,0,0,0
validation,4,2018-03-01 08:50:00+00:00,0.01875915378332138,0.5509141683578491,1.6848247051239014,14.680438041687012,0,0,0
validation,5,2018-03-01 08:51:00+00:00,0.024145469069480896,0.5689537525177002,1.5069904327392578,12.674328804016113,0,0,0
validation,6,2018-03-01 08:52:00+00:00,0.013509539887309074,0.5430421829223633,1.715423583984375,15.30318832397461,0,0,0
validation,7,2018-03-01 08:53:00+00:00,0.010831019841134548,0.5464434623718262,1.84292471408844,16.637693405151367,0,0,0
validation,8,2018-03-01 08:54:00+00:00,0.010610523633658886,0.5451946258544922,1.7994576692581177,16.170032501220703,0,0,0
validation,9,2018-03-01 08:55:00+00:00,0.008864800445735455,0.5289846658706665,1.797139286994934,16.25939178466797,0,0,0
validation,10,2018-03-01 08:56:00+00:00,0.011737622320652008,0.5403159260749817,1.941220760345459,17.053865432739258,0,0,0
validation,11,2018-03-01 08:57:00+00:00,0.011428571306169033,0.5552701950073242,1.854975700378418,16.46651840209961,0,0,0
validation,12,2018-03-01 08:58:00+00:00,0.02574046514928341,0.5642801523208618,1.5098495483398438,12.901284217834473,0,0,0
validation,13,2018-03-01 08:59:00+00:00,0.018729330971837044,0.5657146573066711,1.6878167390823364,14.453083992004395,0,0,0
validation,14,2018-03-01 09:00:00+00:00,0.013984630815684795,0.5439693927764893,1.793675422668457,15.968620300292969,0,0,0
validation,15,2018-03-01 09:01:00+00:00,0.012636998668313026,0.5199130177497864,1.9309509992599487,17.399168014526367,0,0,0
validation,16,2018-03-01 09:02:00+00:00,0.014116796664893627,0.53521329164505,1.8684767484664917,16.634042739868164,0,0,0
validation,17,2018-03-01 09:03:00+00:00,0.016656244173645973,0.5567336082458496,1.7906368970870972,15.609017372131348,0,0,0
validation,18,2018-03-01 09:04:00+00:00,0.016643086448311806,0.5355013608932495,1.8354047536849976,16.136831283569336,0,0,0
validation,19,2018-03-01 09:05:00+00:00,0.014817385002970695,0.5271989107131958,1.9191973209381104,17.10471534729004,0,0,0
validation,20,2018-03-01 09:06:00+00:00,0.016320716589689255,0.5385036468505859,1.9445761442184448,17.214826583862305,0,0,0
validation,21,2018-03-01 09:07:00+00:00,0.013183251954615116,0.5604415535926819,2.1155786514282227,18.717973709106445,0,0,0
validation,22,2018-03-01 09:08:00+00:00,0.018833504989743233,0.5426262617111206,1.807013750076294,15.729344367980957,0,0,0
validation,23,2018-03-01 09:09:00+00:00,0.02092610113322735,0.556008517742157,1.731806755065918,14.874281883239746,0,0,0
validation,24,2018-03-01 09:10:00+00:00,0.01526077650487423,0.5479738712310791,1.7789722681045532,15.504175186157227,0,0,0
validation,25,2018-03-01 09:11:00+00:00,0.012599218636751175,0.5446068048477173,1.827353835105896,16.33797836303711,0,0,0
validation,26,2018-03-01 09:12:00+00:00,0.012141919694840908,0.5308690071105957,1.8668230772018433,16.7637996673584,0,0,0
validation,27,2018-03-01 09:13:00+00:00,0.013773521408438683,0.5143948793411255,1.8697855472564697,16.925891876220703,0,0,0
validation,28,2018-03-01 09:14:00+00:00,0.015933148562908173,0.5677919387817383,1.7055742740631104,14.748498916625977,0,0,0
validation,29,2018-03-01 09:15:00+00:00,0.02551390416920185,0.5462112426757812,1.6739559173583984,14.24763298034668,0,0,0
validation,30,2018-03-01 09:16:00+00:00,0.022797279059886932,0.5524319410324097,1.5687284469604492,13.505595207214355,0,0,0
validation,31,2018-03-01 09:17:00+00:00,0.017604496330022812,0.5584999322891235,1.6371499300003052,14.235379219055176,0,0,0
validation,32,2018-03-01 09:18:00+00:00,0.013764167204499245,0.5203515291213989,1.9435893297195435,17.485933303833008,0,0,0
validation,33,2018-03-01 09:19:00+00:00,0.012421340681612492,0.5347603559494019,1.8307485580444336,16.576417922973633,0,0,0
validation,34,2018-03-01 09:20:00+00:00,0.010521109215915203,0.5138607025146484,1.9457473754882812,17.800838470458984,0,0,0
validation,35,2018-03-01 09:21:00+00:00,0.01155753806233406,0.5195056200027466,1.950905203819275,17.819276809692383,0,0,0
validation,36,2018-03-01 09:22:00+00:00,0.012737343087792397,0.5308865308761597,2.0113654136657715,18.1215877532959,0,0,0
validation,37,2018-03-01 09:23:00+00:00,0.015181279741227627,0.5250163078308105,1.8494226932525635,16.651283264160156,0,0,0
validation,38,2018-03-01 09:24:00+00:00,0.014403998851776123,0.5368755459785461,1.8422201871871948,16.480424880981445,0,0,0
validation,39,2018-03-01 09:25:00+00:00,0.01501837931573391,0.5350254774093628,1.9348242282867432,17.104801177978516,0,0,0
validation,40,2018-03-01 09:26:00+00:00,0.012737780809402466,0.5272538065910339,1.916814923286438,17.223047256469727,0,0,0
validation,41,2018-03-01 09:27:00+00:00,0.011516397818922997,0.5195313692092896,1.980218768119812,18.026084899902344,0,0,0
validation,42,2018-03-01 09:28:00+00:00,0.013856646604835987,0.5453229546546936,1.8262633085250854,16.284931182861328,0,0,0
validation,43,2018-03-01 09:29:00+00:00,0.013662620447576046,0.5460442304611206,1.9455187320709229,17.29026985168457,0,0,0
validation,44,2018-03-01 09:30:00+00:00,0.01197471097111702,0.5229907035827637,1.9885772466659546,17.978078842163086,0,0,0
validation,45,2018-03-01 09:31:00+00:00,0.01883111149072647,0.5486429929733276,1.9071413278579712,16.746965408325195,0,0,0
validation,46,2018-03-01 09:32:00+00:00,0.013939992524683475,0.5233270525932312,1.888001799583435,16.944841384887695,0,0,0
validation,47,2018-03-01 09:33:00+00:00,0.016162093728780746,0.5494637489318848,1.9545146226882935,17.226932525634766,0,0,0
validation,48,2018-03-01 09:34:00+00:00,0.01417391188442707,0.5259417295455933,1.8641166687011719,16.798290252685547,0,0,0
validation,49,2018-03-01 09:35:00+00:00,0.014289640821516514,0.5337697267532349,2.002760648727417,18.059955596923828,0,0,0
validation,50,2018-03-01 09:36:00+00:00,0.01446039229631424,0.5358594655990601,1.9406155347824097,17.41529655456543,0,0,0
validation,51,2018-03-01 09:37:00+00:00,0.01987769640982151,0.551566481590271,1.8217846155166626,15.737977027893066,0,0,0
validation,52,2018-03-01 09:38:00+00:00,0.021363550797104836,0.5655167102813721,1.6266506910324097,13.979275703430176,0,0,0
validation,53,2018-03-01 09:39:00+00:00,0.016184324398636818,0.5585290193557739,1.7403850555419922,15.088327407836914,0,0,0
validation,54,2018-03-01 09:40:00+00:00,0.014105916023254395,0.5503106117248535,1.7093147039413452,15.028573989868164,0,0,0
validation,55,2018-03-01 09:41:00+00:00,0.012555517256259918,0.5133486986160278,1.6323994398117065,14.263015747070312,0,0,0
validation,56,2018-03-01 09:42:00+00:00,0.014968576841056347,0.5169816017150879,1.5151938199996948,12.937715530395508,0,0,0
validation,57,2018-03-01 09:43:00+00:00,0.017930172383785248,0.5553619861602783,1.51776921749115,12.694205284118652,0,0,0
validation,58,2018-03-01 09:44:00+00:00,0.01865839771926403,0.5188694000244141,1.393907070159912,11.693078994750977,0,0,0
validation,59,2018-03-01 09:45:00+00:00,0.013101957738399506,0.5025609731674194,1.5015634298324585,13.003161430358887,0,0,0
validation,60,2018-03-01 09:46:00+00:00,0.011472286656498909,0.5416840314865112,1.7164719104766846,15.413352012634277,0,0,0
validation,61,2018-03-01 09:47:00+00:00,0.009700479917228222,0.5205029249191284,1.7602285146713257,16.261192321777344,0,0,0
validation,62,2018-03-01 09:48:00+00:00,0.009697902016341686,0.5355336666107178,1.7488300800323486,15.860818862915039,0,0,0
validation,63,2018-03-01 09:49:00+00:00,0.009200861677527428,0.5278342962265015,1.815310001373291,16.49287223815918,0,0,0
validation,64,2018-03-01 09:50:00+00:00,0.024576036259531975,0.5704198479652405,1.0854674577713013,8.146544456481934,0,0,0
validation,65,2018-03-01 09:51:00+00:00,0.019665367901325226,0.5602927207946777,1.6030348539352417,13.634801864624023,0,0,0
validation,66,2018-03-01 09:52:00+00:00,0.023692399263381958,0.5382499098777771,1.0360181331634521,7.518698215484619,0,0,0
validation,67,2018-03-01 09:53:00+00:00,0.016742262989282608,0.567430853843689,1.6727173328399658,14.284655570983887,0,0,0
validation,68,2018-03-01 09:54:00+00:00,0.02948211319744587,0.5965146422386169,1.247261643409729,9.763848304748535,0,0,0
validation,69,2018-03-01 09:55:00+00:00,0.018992887809872627,0.5613704919815063,1.6049273014068604,13.558384895324707,0,0,0
validation,70,2018-03-01 09:56:00+00:00,0.012761683203279972,0.5565361976623535,1.742336630821228,15.29879379272461,0,0,0
validation,71,2018-03-01 09:57:00+00:00,0.013901946134865284,0.5532549619674683,1.6907565593719482,14.874320030212402,0,0,0
validation,72,2018-03-01 09:58:00+00:00,0.020807689055800438,0.5631574988365173,1.4100100994110107,11.750702857971191,0,0,0
validation,73,2018-03-01 09:59:00+00:00,0.032782599329948425,0.5144038200378418,0.9615675210952759,6.644914150238037,0,0,0
validation,74,2018-03-01 10:00:00+00:00,0.016260746866464615,0.5301296710968018,1.378190517425537,11.885414123535156,0,0,0
validation,75,2018-03-01 10:01:00+00:00,0.010556003078818321,0.5446845293045044,1.7833731174468994,15.890897750854492,0,0,0
validation,76,2018-03-01 10:02:00+00:00,0.011243605054914951,0.5318750739097595,1.8454850912094116,16.775157928466797,0,0,0
validation,77,2018-03-01 10:03:00+00:00,0.01191518735140562,0.5184321403503418,1.9170682430267334,17.328514099121094,0,0,0
validation,78,2018-03-01 10:04:00+00:00,0.013806924223899841,0.4696636199951172,0.8665738701820374,6.283230304718018,0,0,0
validation,79,2018-03-01 10:05:00+00:00,0.01575634442269802,0.5347327589988708,1.1021766662597656,8.61795711517334,0,0,0
validation,80,2018-03-01 10:06:00+00:00,0.028016703203320503,0.6127158999443054,1.541873574256897,12.003040313720703,0,0,0
validation,81,2018-03-01 10:07:00+00:00,0.015394448302686214,0.588666558265686,1.8383680582046509,14.969874382019043,0,0,0
validation,82,2018-03-01 10:08:00+00:00,0.027346035465598106,0.6049282550811768,1.4428027868270874,11.43280029296875,0,0,0
validation,83,2018-03-01 10:09:00+00:00,0.01654239185154438,0.5777879953384399,1.7687580585479736,14.902344703674316,0,0,0
validation,84,2018-03-01 10:10:00+00:00,0.016628731042146683,0.515902042388916,0.9245738983154297,6.635287284851074,0,0,0
validation,85,2018-03-01 10:11:00+00:00,0.014490439556539059,0.5830421447753906,1.6434780359268188,14.342212677001953,0,0,0
validation,86,2018-03-01 10:12:00+00:00,0.01112996693700552,0.572152853012085,1.8953235149383545,17.057109832763672,0,0,0
validation,87,2018-03-01 10:13:00+00:00,0.008606716059148312,0.5786656141281128,1.9457099437713623,17.65056800842285,0,0,0
validation,88,2018-03-01 10:14:00+00:00,0.00989544577896595,0.5447980761528015,1.918866515159607,17.560930252075195,0,0,0
validation,89,2018-03-01 10:15:00+00:00,0.01342769619077444,0.5594326257705688,1.4954736232757568,12.760077476501465,0,0,0
validation,90,2018-03-01 10:16:00+00:00,0.015917418524622917,0.559100866317749,1.6939297914505005,14.953600883483887,0,0,0
validation,91,2018-03-01 10:17:00+00:00,0.009383886121213436,0.5406267642974854,2.0527143478393555,18.893428802490234,0,0,0
validation,92,2018-03-01 10:18:00+00:00,0.010217682458460331,0.5414820909500122,2.002194881439209,18.518346786499023,0,0,0
validation,93,2018-03-01 10:19:00+00:00,0.009710325859487057,0.553553581237793,1.9811835289001465,18.126644134521484,0,0,0
validation,94,2018-03-01 10:20:00+00:00,0.009841764345765114,0.5377570390701294,2.0277724266052246,18.76934051513672,0,0,0
validation,95,2018-03-01 10:21:00+00:00,0.010573743842542171,0.5586615800857544,1.9626367092132568,17.76514434814453,0,0,0
validation,96,2018-03-01 10:22:00+00:00,0.009804723784327507,0.5377299785614014,2.0536911487579346,18.91562843322754,0,0,0
validation,97,2018-03-01 10:23:00+00:00,0.017117761075496674,0.5462511777877808,1.4365735054016113,12.524136543273926,0,0,0
validation,98,2018-03-01 10:24:00+00:00,0.013378067873418331,0.5605234503746033,1.8631569147109985,16.612464904785156,0,0,0
validation,99,2018-03-01 10:25:00+00:00,0.01738954707980156,0.5342533588409424,1.3881511688232422,12.149595260620117,0,0,0
validation,100,2018-03-01 10:26:00+00:00,0.02863321639597416,0.5809243321418762,1.5308723449707031,13.30402946472168,0,0,0
validation,101,2018-03-01 10:27:00+00:00,0.01600906439125538,0.5728689432144165,1.7461915016174316,15.679017066955566,0,0,0
validation,102,2018-03-01 10:28:00+00:00,0.013805976137518883,0.46902942657470703,1.0273281335830688,8.596137046813965,0,0,0
validation,103,2018-03-01 10:29:00+00:00,0.018605289980769157,0.5676720142364502,1.6002795696258545,14.103124618530273,0,0,0
validation,104,2018-03-01 10:30:00+00:00,0.016341032460331917,0.5612362027168274,1.7805578708648682,16.138593673706055,0,0,0
validation,105,2018-03-01 10:31:00+00:00,0.00979723408818245,0.5422323942184448,1.9498682022094727,17.595317840576172,0,0,0
validation,106,2018-03-01 10:32:00+00:00,0.012216783128678799,0.5445712804794312,1.8861522674560547,16.96556854248047,0,0,0
validation,107,2018-03-01 10:33:00+00:00,0.013388650491833687,0.5913802981376648,1.4463269710540771,11.919787406921387,0,0,0
validation,108,2018-03-01 10:34:00+00:00,0.018919507041573524,0.5709919929504395,1.7435717582702637,14.738540649414062,0,0,0
validation,109,2018-03-01 10:35:00+00:00,0.015725690871477127,0.6103705167770386,1.373793125152588,11.289885520935059,0,0,0
validation,110,2018-03-01 10:36:00+00:00,0.016240471974015236,0.5870636701583862,1.709606409072876,14.87603759765625,0,0,0
validation,111,2018-03-01 10:37:00+00:00,0.009729709476232529,0.5857280492782593,1.474973201751709,12.615900039672852,0,0,0
validation,112,2018-03-01 10:38:00+00:00,0.012202405370771885,0.5532494187355042,1.8608051538467407,16.947755813598633,0,0,0
validation,113,2018-03-01 10:39:00+00:00,0.010394230484962463,0.5836077928543091,1.7967323064804077,16.34857940673828,0,0,0
validation,114,2018-03-01 10:40:00+00:00,0.017189472913742065,0.5607893466949463,1.8938908576965332,16.60149574279785,0,0,0
validation,115,2018-03-01 10:41:00+00:00,0.02024325355887413,0.6007145643234253,1.4346427917480469,11.645506858825684,0,0,0
validation,116,2018-03-01 10:42:00+00:00,0.01571212336421013,0.5615474581718445,1.7542632818222046,15.682158470153809,0,0,0
validation,117,2018-03-01 10:43:00+00:00,0.013155341148376465,0.5706133842468262,1.9539834260940552,17.682893753051758,0,0,0
validation,118,2018-03-01 10:44:00+00:00,0.014385157264769077,0.5567110776901245,1.9361493587493896,17.453441619873047,0,0,0
validation,119,2018-03-01 10:45:00+00:00,0.011292834766209126,0.5654234886169434,1.9019200801849365,17.19281768798828,0,0,0
validation,120,2018-03-01 10:46:00+00:00,0.013504973612725735,0.5620940923690796,2.018472194671631,17.875675201416016,0,0,0
validation,121,2018-03-01 10:47:00+00:00,0.009749315679073334,0.545325517654419,2.0227952003479004,18.4881649017334,0,0,0
validation,122,2018-03-01 10:48:00+00:00,0.02143232524394989,0.5751456022262573,1.4351484775543213,12.26435375213623,0,0,0
validation,123,2018-03-01 10:49:00+00:00,0.016382087022066116,0.568021297454834,1.8094350099563599,16.113666534423828,0,0,0
validation,124,2018-03-01 10:50:00+00:00,0.02846318669617176,0.5672830939292908,1.364512324333191,11.601588249206543,0,0,0
validation,125,2018-03-01 10:51:00+00:00,0.02108410932123661,0.5612603425979614,1.7164652347564697,15.208196640014648,0,0,0
validation,126,2018-03-01 10:52:00+00:00,0.038978978991508484,0.5650206804275513,1.230232834815979,10.154943466186523,0,0,0
validation,127,2018-03-01 10:53:00+00:00,0.04319040849804878,0.5627962350845337,1.1786404848098755,9.564530372619629,0,0,0
validation,128,2018-03-01 10:54:00+00:00,0.035649605095386505,0.5805854797363281,1.5856908559799194,13.184139251708984,0,0,0
validation,129,2018-03-01 10:55:00+00:00,0.026643693447113037,0.583869218826294,1.5630358457565308,13.477190017700195,0,0,0
validation,130,2018-03-01 10:56:00+00:00,0.016565339639782906,0.543278694152832,1.8250807523727417,16.54693031311035,0,0,0
validation,131,2018-03-01 10:57:00+00:00,0.01271132193505764,0.5409405827522278,2.0271830558776855,18.456256866455078,0,0,0
validation,132,2018-03-01 10:58:00+00:00,0.013536573387682438,0.5364353656768799,1.9416784048080444,17.546173095703125,0,0,0
validation,133,2018-03-01 10:59:00+00:00,0.012938273139297962,0.5491138100624084,1.8176225423812866,16.35133934020996,0,0,0
validation,134,2018-03-01 11:00:00+00:00,0.016008274629712105,0.5358997583389282,1.9652283191680908,17.451744079589844,0,0,0
validation,135,2018-03-01 11:01:00+00:00,0.014759357087314129,0.5330435037612915,1.9903743267059326,17.70681381225586,0,0,0
validation,136,2018-03-01 11:02:00+00:00,0.022762848064303398,0.5599299669265747,1.5955702066421509,13.66690444946289,0,0,0
validation,137,2018-03-01 11:03:00+00:00,0.0199816282838583,0.5492681860923767,1.588322401046753,13.729734420776367,0,0,0
validation,138,2018-03-01 11:04:00+00:00,0.016867797821760178,0.5503140687942505,1.6614681482315063,14.539399147033691,0,0,0
validation,139,2018-03-01 11:05:00+00:00,0.012001550756394863,0.5363057851791382,1.8502076864242554,16.615123748779297,0,0,0
validation,140,2018-03-01 11:06:00+00:00,0.01398999709635973,0.5267608165740967,1.8517062664031982,16.40167236328125,0,0,0
validation,141,2018-03-01 11:07:00+00:00,0.016560286283493042,0.5302215218544006,1.8414546251296997,16.183856964111328,0,0,0
validation,142,2018-03-01 11:08:00+00:00,0.01712295226752758,0.5282385349273682,1.9177056550979614,16.875690460205078,0,0,0
validation,143,2018-03-01 11:09:00+00:00,0.016713248565793037,0.5790017247200012,1.6589107513427734,14.146127700805664,0,0,0
validation,144,2018-03-01 11:10:00+00:00,0.017134780064225197,0.5657282471656799,1.7007280588150024,14.757779121398926,0,0,0
validation,145,2018-03-01 11:11:00+00:00,0.026080885902047157,0.5856941938400269,1.5305927991867065,12.430150032043457,0,0,0
validation,146,2018-03-01 11:12:00+00:00,0.021195339038968086,0.5632203817367554,1.7473113536834717,14.711541175842285,0,0,0
validation,147,2018-03-01 11:13:00+00:00,0.015604685060679913,0.5652337074279785,1.5702722072601318,13.226314544677734,0,0,0
validation,148,2018-03-01 11:14:00+00:00,0.012772535905241966,0.5368250608444214,1.9364179372787476,17.169557571411133,0,0,0
validation,149,2018-03-01 11:15:00+00:00,0.012378380633890629,0.5376412272453308,1.986387014389038,17.720252990722656,0,0,0
validation,150,2018-03-01 11:16:00+00:00,0.014906852506101131,0.555455207824707,1.8529083728790283,16.173904418945312,0,0,0
validation,151,2018-03-01 11:17:00+00:00,0.017204442992806435,0.5687350034713745,2.032134532928467,17.386423110961914,0,0,0
validation,152,2018-03-01 11:18:00+00:00,0.01811360754072666,0.6116576790809631,2.0914459228515625,17.342021942138672,0,0,0
validation,153,2018-03-01 11:19:00+00:00,0.023454463109374046,0.5679070353507996,1.8061928749084473,15.084308624267578,0,0,0
validation,154,2018-03-01 11:20:00+00:00,0.025683505460619926,0.6083366870880127,1.8666881322860718,15.08393383026123,0,0,0
validation,155,2018-03-01 11:21:00+00:00,0.02670988067984581,0.5732545852661133,1.5741990804672241,13.324423789978027,0,0,0
validation,156,2018-03-01 11:22:00+00:00,0.020957637578248978,0.6072133183479309,2.0054287910461426,16.46723747253418,0,0,0
validation,157,2018-03-01 11:23:00+00:00,0.024324331432580948,0.5864986181259155,1.6526669263839722,13.451735496520996,0,0,0
validation,158,2018-03-01 11:24:00+00:00,0.02820451743900776,0.6188656687736511,1.8339529037475586,14.282699584960938,0,0,0
validation,159,2018-03-01 11:25:00+00:00,0.02546492964029312,0.648550271987915,1.937326192855835,15.154683113098145,0,0,0
validation,160,2018-03-01 11:26:00+00:00,0.04004965350031853,0.6044479608535767,1.4316003322601318,11.38519287109375,0,0,0
validation,161,2018-03-01 11:27:00+00:00,0.02547205239534378,0.567520260810852,1.7542152404785156,14.43616008758545,0,0,0
validation,162,2018-03-01 11:28:00+00:00,0.03757689520716667,0.6185542345046997,1.4570703506469727,11.327713012695312,0,0,0
validation,163,2018-03-01 11:29:00+00:00,0.03572934865951538,0.6029239892959595,1.3548692464828491,10.392077445983887,0,0,0
validation,164,2018-03-01 11:30:00+00:00,0.02339540794491768,0.5543606281280518,1.3860834836959839,11.183908462524414,0,0,0
validation,165,2018-03-01 11:31:00+00:00,0.02528650499880314,0.5882337093353271,1.4833648204803467,11.725654602050781,0,0,0
validation,166,2018-03-01 11:32:00+00:00,0.014651309698820114,0.5466135740280151,1.6941653490066528,14.737496376037598,0,0,0
validation,167,2018-03-01 11:33:00+00:00,0.0209500752389431,0.5892201662063599,1.6142165660858154,13.314375877380371,0,0,0
validation,168,2018-03-01 11:34:00+00:00,0.01711934059858322,0.5639058351516724,1.5946458578109741,13.620211601257324,0,0,0
validation,169,2018-03-01 11:35:00+00:00,0.01779632642865181,0.5704225301742554,1.7308546304702759,14.580160140991211,0,0,0
validation,170,2018-03-01 11:36:00+00:00,0.018247785046696663,0.5774325132369995,1.7296743392944336,14.50118350982666,0,0,0
validation,171,2018-03-01 11:37:00+00:00,0.014105478301644325,0.5403389930725098,1.6576874256134033,14.418342590332031,0,0,0
validation,172,2018-03-01 11:38:00+00:00,0.013034897856414318,0.5565378665924072,1.748982548713684,15.228564262390137,0,0,0
validation,173,2018-03-01 11:39:00+00:00,0.013651564717292786,0.5734893083572388,1.7768571376800537,15.33421802520752,0,0,0
validation,174,2018-03-01 11:40:00+00:00,0.035646408796310425,0.5680921077728271,1.227878212928772,9.878093719482422,0,0,0
validation,175,2018-03-01 11:41:00+00:00,0.02447729930281639,0.5679532289505005,1.5021421909332275,12.915460586547852,0,0,0
validation,176,2018-03-01 11:42:00+00:00,0.022608617320656776,0.58254075050354,1.9118746519088745,16.124958038330078,0,0,0
validation,177,2018-03-01 11:43:00+00:00,0.01972842402756214,0.5576283931732178,1.8169939517974854,15.715604782104492,0,0,0
validation,178,2018-03-01 11:44:00+00:00,0.016613198444247246,0.5559602975845337,1.9615226984024048,16.900300979614258,0,0,0
validation,179,2018-03-01 11:45:00+00:00,0.02550324611365795,0.5698574781417847,1.7686688899993896,14.522927284240723,0,0,0
validation,180,2018-03-01 11:46:00+00:00,0.026301752775907516,0.6037946343421936,1.8451577425003052,14.681489944458008,0,0,0
validation,181,2018-03-01 11:47:00+00:00,0.031152263283729553,0.5844423770904541,1.6892931461334229,13.651223182678223,0,0,0
validation,182,2018-03-01 11:48:00+00:00,0.020262403413653374,0.6093031167984009,2.013695001602173,16.68887710571289,0,0,0
validation,183,2018-03-01 11:49:00+00:00,0.017818722873926163,0.5849052667617798,1.9831088781356812,16.80837059020996,0,0,0
validation,184,2018-03-01 11:50:00+00:00,0.017831968143582344,0.598179817199707,2.0638129711151123,17.42913246154785,0,0,0
validation,185,2018-03-01 11:51:00+00:00,0.022338394075632095,0.5814446806907654,1.8240748643875122,14.7623872756958,0,0,0
validation,186,2018-03-01 11:52:00+00:00,0.026042891666293144,0.5750516057014465,1.6382079124450684,13.364612579345703,0,0,0
validation,187,2018-03-01 11:53:00+00:00,0.02838650904595852,0.5953139066696167,1.5402711629867554,12.313736915588379,0,0,0
validation,188,2018-03-01 11:54:00+00:00,0.10255879908800125,0.5359787940979004,0.8297485709190369,5.387592792510986,0,0,0
validation,189,2018-03-01 11:55:00+00:00,0.07696589082479477,0.5910840034484863,1.179133415222168,8.541043281555176,0,0,0
validation,190,2018-03-01 11:56:00+00:00,0.07772189378738403,0.6153703927993774,1.1132779121398926,7.95743989944458,0,0,0
validation,191,2018-03-01 11:57:00+00:00,0.06683676689863205,0.5963000059127808,1.3034589290618896,9.758552551269531,0,0,0
validation,192,2018-03-01 11:58:00+00:00,0.03907031565904617,0.5929171442985535,1.625194787979126,12.629733085632324,0,0,0
validation,193,2018-03-01 11:59:00+00:00,0.039990443736314774,0.5892975330352783,1.5136011838912964,11.702367782592773,0,0,0
validation,194,2018-03-01 12:00:00+00:00,0.03471929579973221,0.6046379804611206,1.5886236429214478,12.335375785827637,0,0,0
validation,195,2018-03-01 12:01:00+00:00,0.031068965792655945,0.5750728845596313,1.6280039548873901,13.07019329071045,0,0,0
validation,196,2018-03-01 12:02:00+00:00,0.06587830930948257,0.5747066736221313,1.1095844507217407,8.074715614318848,0,0,0
validation,197,2018-03-01 12:03:00+00:00,0.03822141885757446,0.5893728733062744,1.3468880653381348,10.58381462097168,0,0,0
validation,198,2018-03-01 12:04:00+00:00,0.025646157562732697,0.5674316883087158,1.5832440853118896,13.126679420471191,0,0,0
validation,199,2018-03-01 12:05:00+00:00,0.021965904161334038,0.5698243975639343,1.8463613986968994,15.092744827270508,0,0,0
validation,200,2018-03-01 12:06:00+00:00,0.029044700786471367,0.5955866575241089,1.7882646322250366,13.857173919677734,0,0,0
validation,201,2018-03-01 12:07:00+00:00,0.024361496791243553,0.5784223675727844,1.7211172580718994,13.732871055603027,0,0,0
validation,202,2018-03-01 12:08:00+00:00,0.03636353462934494,0.6565783619880676,1.7344372272491455,12.715195655822754,0,0,0
validation,203,2018-03-01 12:09:00+00:00,0.04135330021381378,0.735637903213501,1.693873643875122,11.575027465820312,0,0,0
validation,204,2018-03-01 12:10:00+00:00,0.03518692031502724,0.5865039825439453,1.4119619131088257,10.414405822753906,0,0,0
validation,205,2018-03-01 12:11:00+00:00,0.03058595210313797,0.6095239520072937,1.7139943838119507,12.899818420410156,0,0,0
validation,206,2018-03-01 12:12:00+00:00,0.02948153391480446,0.646051287651062,1.869632363319397,14.25828742980957,0,0,0
validation,207,2018-03-01 12:13:00+00:00,0.03262081742286682,0.7106229066848755,1.8114537000656128,12.940549850463867,0,0,0
validation,208,2018-03-01 12:14:00+00:00,0.045520029962062836,0.8127040266990662,1.725334882736206,11.522622108459473,0,0,0
validation,209,2018-03-01 12:15:00+00:00,0.04064639285206795,0.685418426990509,1.6660420894622803,11.657792091369629,0,0,0
validation,210,2018-03-01 12:16:00+00:00,0.06611437350511551,0.6467869281768799,1.302505373954773,8.359917640686035,0,0,0
validation,211,2018-03-01 12:17:00+00:00,0.04585780203342438,0.7115480899810791,1.6969116926193237,11.794258117675781,0,0,0
validation,212,2018-03-01 12:18:00+00:00,0.04374326393008232,0.7848365306854248,1.7817710638046265,12.360633850097656,0,0,0
validation,213,2018-03-01 12:19:00+00:00,0.031201032921671867,0.6081399917602539,1.71821928024292,13.264296531677246,0,0,0
validation,214,2018-03-01 12:20:00+00:00,0.03204771503806114,0.6785898208618164,1.829695701599121,13.555112838745117,0,0,0
validation,215,2018-03-01 12:21:00+00:00,0.0340309664607048,0.6663913130760193,1.8189250230789185,13.538593292236328,0,0,0
validation,216,2018-03-01 12:22:00+00:00,0.03344838693737984,0.8236750364303589,1.8581411838531494,12.784997940063477,0,0,0
validation,217,2018-03-01 12:23:00+00:00,0.047867901623249054,0.7313036918640137,1.6391907930374146,11.126614570617676,0,0,0
validation,218,2018-03-01 12:24:00+00:00,0.05637460574507713,0.8180800080299377,1.506560206413269,9.221217155456543,0,0,0
validation,219,2018-03-01 12:25:00+00:00,0.047517791390419006,0.6756792068481445,1.3474488258361816,8.423689842224121,0,0,0
validation,220,2018-03-01 12:26:00+00:00,0.04962439462542534,0.7855921983718872,1.4348105192184448,8.358256340026855,0,0,0
validation,221,2018-03-01 12:27:00+00:00,0.050380244851112366,0.7396751642227173,1.2854114770889282,7.199305534362793,0,0,0
validation,222,2018-03-01 12:28:00+00:00,0.05278583988547325,0.638218879699707,1.1420260667800903,6.801041603088379,0,0,0
validation,223,2018-03-01 12:29:00+00:00,0.05602438002824783,0.6905485391616821,1.2147706747055054,6.989891529083252,0,0,0
validation,224,2018-03-01 12:30:00+00:00,0.05234882980585098,0.7011520862579346,1.406055212020874,8.762539863586426,0,0,0
validation,225,2018-03-01 12:31:00+00:00,0.04200884699821472,0.653882622718811,1.4743938446044922,9.906078338623047,0,0,0
validation,226,2018-03-01 12:32:00+00:00,0.047157492488622665,0.7645677328109741,1.5294643640518188,9.587636947631836,0,0,0
validation,227,2018-03-01 12:33:00+00:00,0.04960808530449867,0.7424332499504089,1.3591053485870361,7.953995227813721,0,0,0
validation,228,2018-03-01 12:34:00+00:00,0.05777363106608391,0.7598637938499451,1.3786849975585938,7.874914646148682,0,0,0
validation,229,2018-03-01 12:35:00+00:00,0.05911773070693016,0.7588458061218262,1.2725427150726318,6.961554527282715,0,0,0
validation,230,2018-03-01 12:36:00+00:00,0.0619082897901535,0.7257398366928101,1.2598965167999268,7.042452812194824,0,0,0
validation,231,2018-03-01 12:37:00+00:00,0.08202990889549255,0.667699933052063,1.019895076751709,5.149597644805908,0,0,0
validation,232,2018-03-01 12:38:00+00:00,0.10521440207958221,0.6760663986206055,1.0416581630706787,5.382645130157471,0,0,0
validation,233,2018-03-01 12:39:00+00:00,0.058480631560087204,0.6990002393722534,1.142200231552124,6.224465847015381,0,0,0
validation,234,2018-03-01 12:40:00+00:00,0.06672447174787521,0.7911363244056702,1.3400017023086548,7.414987564086914,0,0,0
validation,235,2018-03-01 12:41:00+00:00,0.06593657284975052,0.7284901142120361,1.2451938390731812,6.807803630828857,0,0,0
validation,236,2018-03-01 12:42:00+00:00,0.08847493678331375,0.7158980369567871,1.1726009845733643,6.349215507507324,0,0,0
validation,237,2018-03-01 12:43:00+00:00,0.08338023722171783,0.7020230293273926,1.174649715423584,6.62593412399292,0,0,0
validation,238,2018-03-01 12:44:00+00:00,0.0822770744562149,0.7634087204933167,1.1813244819641113,6.094396591186523,0,0,0
validation,239,2018-03-01 12:45:00+00:00,0.06239084526896477,0.7638625502586365,1.3059190511703491,7.252720355987549,0,0,0
validation,240,2018-03-01 12:46:00+00:00,0.09611062705516815,0.6907501220703125,1.076380968093872,5.577320098876953,0,0,0
validation,241,2018-03-01 12:47:00+00:00,0.059188783168792725,0.7465028762817383,1.3991094827651978,8.352784156799316,0,0,0
validation,242,2018-03-01 12:48:00+00:00,0.0661061480641365,0.7821217775344849,1.306323766708374,7.236593246459961,0,0,0
validation,243,2018-03-01 12:49:00+00:00,0.054145004600286484,0.725521445274353,1.2771596908569336,7.30398416519165,0,0,0
validation,244,2018-03-01 12:50:00+00:00,0.052620917558670044,0.7277048826217651,1.399599552154541,8.473176956176758,0,0,0
validation,245,2018-03-01 12:51:00+00:00,0.07399774342775345,0.6749667525291443,1.2084101438522339,7.010975360870361,0,0,0
validation,246,2018-03-01 12:52:00+00:00,0.06255409866571426,0.6951677799224854,1.339530110359192,8.152860641479492,0,0,0
validation,247,2018-03-01 12:53:00+00:00,0.06614328920841217,0.7216731309890747,1.2411162853240967,6.877330303192139,0,0,0
validation,248,2018-03-01 12:54:00+00:00,0.04996802657842636,0.7212470769882202,1.4026052951812744,8.589407920837402,0,0,0
validation,249,2018-03-01 12:55:00+00:00,0.06839994341135025,0.6770467162132263,1.2450668811798096,7.475586414337158,0,0,0
validation,250,2018-03-01 12:56:00+00:00,0.06355912238359451,0.6194561719894409,1.1293158531188965,6.926904201507568,0,0,0
validation,251,2018-03-01 12:57:00+00:00,0.08301138877868652,0.7014498710632324,1.1577062606811523,6.290872097015381,0,0,0
validation,252,2018-03-01 12:58:00+00:00,0.06549248844385147,0.7251540422439575,1.3399513959884644,8.014677047729492,0,0,0
validation,253,2018-03-01 12:59:00+00:00,0.05026453360915184,0.6889473795890808,1.3373353481292725,8.32948112487793,0,0,0
validation,254,2018-03-02 01:00:00+00:00,0.05790947005152702,0.7849306464195251,1.4471851587295532,8.706866264343262,0,0,0
test,0,2018-03-02 04:05:00+00:00,0.057348743081092834,0.5597794055938721,0.5441505312919617,1.574426531791687,0,0,0
test,1,2018-03-02 04:06:00+00:00,0.07576052099466324,0.5560623407363892,0.5310559272766113,1.4450193643569946,0,0,0
test,2,2018-03-02 04:07:00+00:00,0.09692776948213577,0.6068825125694275,0.6303520202636719,1.968721866607666,0,0,0
test,3,2018-03-02 04:08:00+00:00,0.07672838866710663,0.5806952714920044,0.5757977962493896,1.5677895545959473,0,0,0
test,4,2018-03-02 04:09:00+00:00,0.09429224580526352,0.5834887623786926,0.5599700212478638,1.4494425058364868,0,0,0
test,5,2018-03-02 04:10:00+00:00,0.09299641102552414,0.593330979347229,0.5907430052757263,1.4713127613067627,0,0,0
test,6,2018-03-02 04:11:00+00:00,0.09800419211387634,0.5937743186950684,0.5625564455986023,1.3875529766082764,0,0,0
test,7,2018-03-02 04:12:00+00:00,0.09785478562116623,0.5866181254386902,0.5555727481842041,1.396507978439331,0,0,0
test,8,2018-03-02 04:13:00+00:00,0.040296297520399094,0.5277903079986572,0.5761537551879883,2.1222221851348877,0,0,0
test,9,2018-03-02 04:14:00+00:00,0.03432613983750343,0.5341386795043945,0.5878959894180298,2.1814510822296143,0,0,0
test,10,2018-03-02 04:15:00+00:00,0.03249559551477432,0.5337885618209839,0.5781793594360352,1.9900305271148682,0,0,0
test,11,2018-03-02 04:16:00+00:00,0.023300303146243095,0.4999504089355469,0.5580793619155884,2.034234046936035,0,0,0
test,12,2018-03-02 04:17:00+00:00,0.02736949361860752,0.4902687072753906,0.5494052171707153,1.9855166673660278,0,0,0
test,13,2018-03-02 04:18:00+00:00,0.04927343502640724,0.5361875295639038,0.5585212111473083,1.7822474241256714,0,0,0
test,14,2018-03-02 04:19:00+00:00,0.04395828768610954,0.5476630926132202,0.5759533643722534,1.8303072452545166,0,0,0
test,15,2018-03-02 04:20:00+00:00,0.06962093710899353,0.5588555335998535,0.564447283744812,1.6424217224121094,0,0,0
test,16,2018-03-02 04:21:00+00:00,0.09514380991458893,0.5947152376174927,0.5787963271141052,1.529862642288208,0,0,0
test,17,2018-03-02 04:22:00+00:00,0.07501247525215149,0.5832436084747314,0.5703774690628052,1.5559993982315063,0,0,0
test,18,2018-03-02 04:23:00+00:00,0.04452040418982506,0.5274322628974915,0.517117440700531,1.7127853631973267,0,0,0
test,19,2018-03-02 04:24:00+00:00,0.07677137851715088,0.5475299954414368,0.5145065784454346,1.4777815341949463,0,0,0
test,20,2018-03-02 04:25:00+00:00,0.03697574511170387,0.5277401208877563,0.5415976643562317,1.7747106552124023,0,0,0
test,21,2018-03-02 04:26:00+00:00,0.06411877274513245,0.5540666580200195,0.5317294001579285,1.5280935764312744,0,0,0
test,22,2018-03-02 04:27:00+00:00,0.0693884864449501,0.5622490644454956,0.5410562753677368,1.540602445602417,0,0,0
test,23,2018-03-02 04:28:00+00:00,0.041035495698451996,0.5652151107788086,0.625921905040741,2.3735313415527344,0,0,0
test,24,2018-03-02 04:29:00+00:00,0.07659134268760681,0.5983736515045166,0.6872497200965881,2.6049187183380127,0,0,0
test,25,2018-03-02 04:30:00+00:00,0.07157966494560242,0.5878962874412537,0.6067095994949341,1.8750494718551636,0,0,0
test,26,2018-03-02 04:31:00+00:00,0.06997110694646835,0.5909736156463623,0.5989958047866821,1.8380714654922485,0,0,0
test,27,2018-03-02 04:32:00+00:00,0.050895534455776215,0.5525019764900208,0.568509578704834,1.7486501932144165,0,0,0
test,28,2018-03-02 04:33:00+00:00,0.07477452605962753,0.561161994934082,0.5363046526908875,1.4934583902359009,0,0,0
test,29,2018-03-02 04:34:00+00:00,0.06777065992355347,0.5812439322471619,0.5669965744018555,1.590775728225708,0,0,0
test,30,2018-03-02 04:35:00+00:00,0.08205070346593857,0.5815075039863586,0.5535088777542114,1.4441635608673096,0,0,0
test,31,2018-03-02 04:36:00+00:00,0.09452216327190399,0.5833402872085571,0.5671110153198242,1.4814329147338867,0,0,0
test,32,2018-03-02 04:37:00+00:00,0.11438413709402084,0.5903440713882446,0.5648295283317566,1.3713858127593994,0,0,0
test,33,2018-03-02 04:38:00+00:00,0.09498967230319977,0.5844207406044006,0.56776362657547,1.4596225023269653,0,0,0
test,34,2018-03-02 04:39:00+00:00,0.10628524422645569,0.5911262035369873,0.5649324059486389,1.3959375619888306,0,0,0
test,35,2018-03-02 04:40:00+00:00,0.1252550333738327,0.5994068384170532,0.5710515975952148,1.345604419708252,0,0,0
test,36,2018-03-02 04:41:00+00:00,0.13207581639289856,0.6002019643783569,0.5682531595230103,1.2792105674743652,0,0,0
test,37,2018-03-02 04:42:00+00:00,0.1509428173303604,0.6080032587051392,0.5766528844833374,1.249630093574524,0,0,0
test,38,2018-03-02 04:43:00+00:00,0.15228621661663055,0.6035596132278442,0.5696336627006531,1.2354656457901,0,0,0
test,39,2018-03-02 04:44:00+00:00,0.07104586064815521,0.5858469605445862,0.5661745667457581,1.5378016233444214,0,0,0
test,40,2018-03-02 04:45:00+00:00,0.08329751342535019,0.5841314792633057,0.5596811771392822,1.4895012378692627,0,0,0
test,41,2018-03-02 04:46:00+00:00,0.0805092453956604,0.5822858810424805,0.5552871823310852,1.5021992921829224,0,0,0
test,42,2018-03-02 04:47:00+00:00,0.08920557796955109,0.5757856369018555,0.5513602495193481,1.4637068510055542,0,0,0
test,43,2018-03-02 04:48:00+00:00,0.12032961845397949,0.5997960567474365,0.5616758465766907,1.30827796459198,0,0,0
test,44,2018-03-02 04:49:00+00:00,0.12527763843536377,0.605241060256958,0.5750195980072021,1.344756007194519,0,0,0
test,45,2018-03-02 04:50:00+00:00,0.0981924757361412,0.600233256816864,0.5772283673286438,1.417923092842102,0,0,0
test,46,2018-03-02 04:51:00+00:00,0.10138612240552902,0.5935845971107483,0.567560613155365,1.4179843664169312,0,0,0
test,47,2018-03-02 04:52:00+00:00,0.08989261835813522,0.6058732271194458,0.5824620127677917,1.3991503715515137,0,0,0
test,48,2018-03-02 04:53:00+00:00,0.08088214695453644,0.595824658870697,0.5757357478141785,1.494280457496643,0,0,0
test,49,2018-03-02 04:54:00+00:00,0.06558895111083984,0.5685490369796753,0.5769088864326477,1.6842128038406372,0,0,0
test,50,2018-03-02 04:55:00+00:00,0.08826231211423874,0.5968130826950073,0.5678239464759827,1.439874529838562,0,0,0
test,51,2018-03-02 04:56:00+00:00,0.09121451526880264,0.5967632532119751,0.5727224946022034,1.448811650276184,0,0,0
test,52,2018-03-02 04:57:00+00:00,0.10465677082538605,0.5925941467285156,0.5563201308250427,1.36300790309906,0,0,0
test,53,2018-03-02 04:58:00+00:00,0.08000664412975311,0.598054051399231,0.5869477987289429,1.4849330186843872,0,0,0
test,54,2018-03-02 04:59:00+00:00,0.05181003734469414,0.5859882831573486,0.6526355743408203,2.504244565963745,0,0,0
test,55,2018-03-02 05:00:00+00:00,0.0904710590839386,0.6050646305084229,0.681855320930481,2.3933489322662354,0,0,0
test,56,2018-03-02 05:01:00+00:00,0.10025233775377274,0.625390887260437,0.7280673980712891,2.647213935852051,0,0,0
test,57,2018-03-02 05:02:00+00:00,0.05093236640095711,0.5816417336463928,0.6740307807922363,2.7985105514526367,0,0,0
test,58,2018-03-02 05:03:00+00:00,0.051840875297784805,0.570885181427002,0.6103689074516296,2.002336025238037,0,0,0
test,59,2018-03-02 05:04:00+00:00,0.0414353646337986,0.5917295813560486,0.6872243881225586,2.7444024085998535,0,0,0
test,60,2018-03-02 05:05:00+00:00,0.03178303316235542,0.5548880696296692,0.6513808965682983,2.9250242710113525,0,0,0
test,61,2018-03-02 05:06:00+00:00,0.06171378120779991,0.5580307245254517,0.5634060502052307,1.6749366521835327,0,0,0
test,62,2018-03-02 05:07:00+00:00,0.05395650491118431,0.5697009563446045,0.5827386975288391,1.7514320611953735,0,0,0
test,63,2018-03-02 05:08:00+00:00,0.03362531587481499,0.5568627715110779,0.6199994683265686,2.2573511600494385,0,0,0
test,64,2018-03-02 05:09:00+00:00,0.04798130691051483,0.5649418234825134,0.58771812915802,1.799865961074829,0,0,0
test,65,2018-03-02 05:10:00+00:00,0.073344387114048,0.5640831589698792,0.544712245464325,1.5052690505981445,0,0,0
test,66,2018-03-02 05:11:00+00:00,0.05445266142487526,0.5492545962333679,0.5723314881324768,1.7478970289230347,0,0,0
test,67,2018-03-02 05:12:00+00:00,0.03231704235076904,0.5233632326126099,0.5904238224029541,2.3514745235443115,0,0,0
test,68,2018-03-02 05:13:00+00:00,0.039614927023649216,0.5437507629394531,0.5776872038841248,1.9638946056365967,0,0,0
test,69,2018-03-02 05:14:00+00:00,0.034297794103622437,0.5385301113128662,0.5923900008201599,2.3921399116516113,0,0,0
test,70,2018-03-02 05:15:00+00:00,0.027148084715008736,0.5227705240249634,0.6392122507095337,2.9135117530822754,0,0,0
test,71,2018-03-02 05:16:00+00:00,0.02098260447382927,0.4984590411186218,0.5736563801765442,2.22098708152771,0,0,0
test,72,2018-03-02 05:17:00+00:00,0.08805947005748749,0.5921896696090698,0.7145113348960876,2.9130940437316895,0,0,0
test,73,2018-03-02 05:18:00+00:00,0.04827297106385231,0.5815335512161255,0.6241508722305298,2.2413928508758545,0,0,0
test,74,2018-03-02 05:19:00+00:00,0.05657903850078583,0.5678657293319702,0.5738155841827393,1.7144440412521362,0,0,0
test,75,2018-03-02 05:20:00+00:00,0.04925856366753578,0.5388550758361816,0.5179210305213928,1.698392391204834,0,0,0
test,76,2018-03-02 05:21:00+00:00,0.06037656590342522,0.5564011335372925,0.5389560461044312,1.5942423343658447,0,0,0
test,77,2018-03-02 05:22:00+00:00,0.03930513560771942,0.5345702171325684,0.5442796349525452,1.749866008758545,0,0,0
test,78,2018-03-02 05:23:00+00:00,0.024821540340781212,0.5159645080566406,0.5848089456558228,2.2771432399749756,0,0,0
test,79,2018-03-02 05:24:00+00:00,0.029523583129048347,0.5027843117713928,0.5528088808059692,2.011521816253662,0,0,0
test,80,2018-03-02 05:25:00+00:00,0.026282239705324173,0.5106360912322998,0.5687068104743958,2.132690906524658,0,0,0
test,81,2018-03-02 05:26:00+00:00,0.039294175803661346,0.5321234464645386,0.536885678768158,1.7781782150268555,0,0,0
test,82,2018-03-02 05:27:00+00:00,0.03721833974123001,0.5372653007507324,0.5497691035270691,1.81205153465271,0,0,0
test,83,2018-03-02 05:28:00+00:00,0.030856236815452576,0.5297424793243408,0.5611661076545715,1.8899730443954468,0,0,0
test,84,2018-03-02 05:29:00+00:00,0.03615241497755051,0.5386494398117065,0.5939576625823975,2.181459426879883,0,0,0
test,85,2018-03-02 05:30:00+00:00,0.20014406740665436,0.7691125869750977,0.9957191944122314,4.50645112991333,0,0,0
test,86,2018-03-02 08:46:00+00:00,0.17703479528427124,0.776498556137085,0.9745476841926575,4.147570610046387,0,0,0
test,87,2018-03-02 09:16:00+00:00,0.027287907898426056,0.4894149899482727,0.678961992263794,3.462430477142334,0,0,0
test,88,2018-03-02 09:17:00+00:00,0.0390281118452549,0.513540506362915,0.5707343816757202,2.1554408073425293,0,0,0
test,89,2018-03-02 09:18:00+00:00,0.044580649584531784,0.5260592699050903,0.5684977769851685,2.0071873664855957,0,0,0
test,90,2018-03-02 09:19:00+00:00,0.02296275459229946,0.5200561285018921,0.6822923421859741,3.4792468547821045,0,0,0
test,91,2018-03-02 09:20:00+00:00,0.03786473721265793,0.4920293688774109,0.6932864785194397,3.784968376159668,0,0,0
test,92,2018-03-02 09:21:00+00:00,0.024268226698040962,0.4694415330886841,0.722553551197052,4.212284088134766,0,0,0
test,93,2018-03-02 09:22:00+00:00,0.021955454722046852,0.4741852283477783,0.6364712119102478,3.2795519828796387,0,0,0
test,94,2018-03-02 09:23:00+00:00,0.03203560411930084,0.4831971824169159,0.698828935623169,3.958361864089966,0,0,0
test,95,2018-03-02 09:24:00+00:00,0.021603185683488846,0.45266544818878174,0.744249165058136,4.601528644561768,0,0,0
test,96,2018-03-02 09:25:00+00:00,0.028367675840854645,0.45718973875045776,0.7116918563842773,4.139467239379883,0,0,0
test,97,2018-03-02 09:26:00+00:00,0.04044618830084801,0.5199397206306458,0.6813558340072632,3.422572135925293,0,0,0
test,98,2018-03-02 09:27:00+00:00,0.043387167155742645,0.5220797061920166,0.7031430602073669,3.5533785820007324,0,0,0
test,99,2018-03-02 09:28:00+00:00,0.019390134140849113,0.5199708938598633,0.774746835231781,4.425442695617676,0,0,0
test,100,2018-03-02 09:29:00+00:00,0.029054516926407814,0.5157088041305542,0.9140651226043701,6.024373531341553,0,0,0
test,101,2018-03-02 09:30:00+00:00,0.0268851388245821,0.4753713011741638,0.8338776230812073,5.315598964691162,0,0,0
test,102,2018-03-02 09:31:00+00:00,0.030222902074456215,0.4692932963371277,0.8534474968910217,5.633660316467285,0,0,0
test,103,2018-03-02 09:32:00+00:00,0.03302958980202675,0.5005002617835999,0.8025386333465576,5.182023048400879,0,0,0
test,104,2018-03-02 09:33:00+00:00,0.025702759623527527,0.4754554033279419,0.7563978433609009,4.685322284698486,0,0,0
test,105,2018-03-02 09:34:00+00:00,0.04557342454791069,0.5612562894821167,0.8599510788917542,5.413450717926025,0,0,0
test,106,2018-03-02 09:35:00+00:00,0.030510177835822105,0.5371553897857666,0.8320608735084534,5.168309211730957,0,0,0
test,107,2018-03-02 09:36:00+00:00,0.01737288199365139,0.467799574136734,0.8284459710121155,5.534090995788574,0,0,0
test,108,2018-03-02 09:37:00+00:00,0.017868872731924057,0.46053820848464966,0.7105811834335327,4.2730865478515625,0,0,0
test,109,2018-03-02 09:38:00+00:00,0.03741583600640297,0.5376054644584656,0.8567644953727722,5.685767650604248,0,0,0
test,110,2018-03-02 09:39:00+00:00,0.025421565398573875,0.53571617603302,0.8659191131591797,5.879087924957275,0,0,0
test,111,2018-03-02 09:40:00+00:00,0.039989762008190155,0.5425100326538086,0.8335354328155518,5.104905128479004,0,0,0
test,112,2018-03-02 09:41:00+00:00,0.019332734867930412,0.49274349212646484,0.7738730311393738,4.748269081115723,0,0,0
test,113,2018-03-02 09:42:00+00:00,0.019717702642083168,0.5178265571594238,0.8342791795730591,5.328442573547363,0,0,0
test,114,2018-03-02 09:43:00+00:00,0.06591702252626419,0.5525996685028076,0.725087583065033,3.78983998298645,0,0,0
test,115,2018-03-02 09:44:00+00:00,0.03366329148411751,0.53789222240448,0.8203706741333008,5.013201713562012,0,0,0
test,116,2018-03-02 09:45:00+00:00,0.08252012729644775,0.5774233341217041,0.7538391351699829,3.9158132076263428,0,0,0
test,117,2018-03-02 09:46:00+00:00,0.06105432286858559,0.5846506357192993,0.807377278804779,4.570298194885254,0,0,0
test,118,2018-03-02 09:47:00+00:00,0.04872893542051315,0.5628908276557922,0.7452151775360107,3.9173266887664795,0,0,0
test,119,2018-03-02 09:48:00+00:00,0.03429402410984039,0.5503649711608887,0.7631648778915405,4.315447807312012,0,0,0
test,120,2018-03-02 09:49:00+00:00,0.034193649888038635,0.5749580264091492,0.7538176774978638,3.9965457916259766,0,0,0
test,121,2018-03-02 09:50:00+00:00,0.07495727390050888,0.6022226810455322,0.7489871978759766,3.6207895278930664,0,0,0
test,122,2018-03-02 09:51:00+00:00,0.020728090777993202,0.5642710328102112,0.9227598309516907,5.678412914276123,0,0,0
test,123,2018-03-02 09:52:00+00:00,0.07360584288835526,0.5926966667175293,0.7328945398330688,3.507939338684082,0,0,0
test,124,2018-03-02 09:53:00+00:00,0.039886631071567535,0.5656472444534302,0.7950453758239746,4.507681369781494,0,0,0
test,125,2018-03-02 09:54:00+00:00,0.06534925103187561,0.56842041015625,0.7414475679397583,3.889577627182007,0,0,0
test,126,2018-03-02 09:55:00+00:00,0.017200972884893417,0.5203738808631897,0.7369626760482788,4.199636459350586,0,0,0
test,127,2018-03-02 09:56:00+00:00,0.036930982023477554,0.5621089935302734,0.6645863056182861,3.093458414077759,0,0,0
test,128,2018-03-02 09:57:00+00:00,0.026387492194771767,0.5405842661857605,0.6541889905929565,2.9263057708740234,0,0,0
test,129,2018-03-02 09:58:00+00:00,0.08692579716444016,0.5753680467605591,0.7483594417572021,3.8168745040893555,0,0,0
test,130,2018-03-02 09:59:00+00:00,0.05076964944601059,0.5596731901168823,0.6126826405525208,2.420262575149536,0,0,0
test,131,2018-03-02 10:00:00+00:00,0.020799310877919197,0.5164109468460083,0.7219247221946716,3.8180136680603027,0,0,0
test,132,2018-03-02 10:01:00+00:00,0.06888625025749207,0.60345458984375,0.7829868197441101,4.024141311645508,0,0,0
test,133,2018-03-02 10:02:00+00:00,0.038534507155418396,0.5522959232330322,0.6606554388999939,2.9847252368927,0,0,0
test,134,2018-03-02 10:03:00+00:00,0.0730462446808815,0.6057958602905273,0.7123612761497498,3.1465446949005127,0,0,0
test,135,2018-03-02 10:04:00+00:00,0.03374018892645836,0.5677983164787292,0.7328926920890808,3.883763551712036,0,0,0
test,136,2018-03-02 10:05:00+00:00,0.037190403789281845,0.5500622987747192,0.7710940837860107,4.360594272613525,0,0,0
test,137,2018-03-02 10:06:00+00:00,0.03357277065515518,0.5722010135650635,0.762092113494873,3.909456253051758,0,0,0
test,138,2018-03-02 10:07:00+00:00,0.05520176887512207,0.5830472111701965,0.6936654448509216,3.109314441680908,0,0,0
test,139,2018-03-02 10:08:00+00:00,0.02604876086115837,0.5509861707687378,0.7037535905838013,3.588109016418457,0,0,0
test,140,2018-03-02 10:09:00+00:00,0.021984253078699112,0.5395029783248901,0.7210409045219421,3.947848081588745,0,0,0
test,141,2018-03-02 10:10:00+00:00,0.019590888172388077,0.5394785404205322,0.8513461947441101,5.376284122467041,0,0,0
test,142,2018-03-02 10:11:00+00:00,0.031161734834313393,0.5512363314628601,0.8849518895149231,5.816640377044678,0,0,0
test,143,2018-03-02 10:12:00+00:00,0.029512813314795494,0.5330674052238464,0.8758833408355713,5.765014171600342,0,0,0
test,144,2018-03-02 10:13:00+00:00,0.058373212814331055,0.5843219757080078,0.7195586562156677,3.2444229125976562,0,0,0
test,145,2018-03-02 10:14:00+00:00,0.05658048018813133,0.5907976627349854,0.7272761464118958,3.0562384128570557,0,0,0
test,146,2018-03-02 10:15:00+00:00,0.04217381402850151,0.5966856479644775,0.7269514203071594,3.518569231033325,0,0,0
test,147,2018-03-02 10:16:00+00:00,0.07529901713132858,0.6065846681594849,0.6904064416885376,3.0793416500091553,0,0,0
test,148,2018-03-02 10:17:00+00:00,0.03573048859834671,0.5516339540481567,0.6856321096420288,3.5092885494232178,0,0,0
test,149,2018-03-02 10:18:00+00:00,0.023825423792004585,0.5257236957550049,0.683607280254364,3.634753465652466,0,0,0
test,150,2018-03-02 10:19:00+00:00,0.0319775715470314,0.5618981122970581,0.75914067029953,4.273008823394775,0,0,0
test,151,2018-03-02 10:20:00+00:00,0.034847524017095566,0.5469070076942444,0.7446838021278381,4.236177921295166,0,0,0
test,152,2018-03-02 10:21:00+00:00,0.03798540681600571,0.5622296333312988,0.790665864944458,4.461545944213867,0,0,0
test,153,2018-03-02 10:22:00+00:00,0.023345453664660454,0.5497266054153442,0.7591673135757446,4.240618705749512,0,0,0
test,154,2018-03-02 10:23:00+00:00,0.05520971864461899,0.5551954507827759,0.73372483253479,3.7337493896484375,0,0,0
test,155,2018-03-02 10:24:00+00:00,0.0675065666437149,0.5532292127609253,0.8179899454116821,4.859313488006592,0,0,0
test,156,2018-03-02 10:25:00+00:00,0.06706907600164413,0.6224002838134766,0.9200469255447388,5.82423734664917,0,0,0
test,157,2018-03-02 10:26:00+00:00,0.05185216665267944,0.5502175092697144,0.6667466759681702,3.1901004314422607,0,0,0
test,158,2018-03-02 10:27:00+00:00,0.03240824490785599,0.5424652099609375,0.8097982406616211,4.852115154266357,0,0,0
test,159,2018-03-02 10:28:00+00:00,0.051220670342445374,0.5906367301940918,0.8240100741386414,4.726991176605225,0,0,0
test,160,2018-03-02 10:29:00+00:00,0.02516363561153412,0.49355918169021606,0.7228118181228638,4.334218978881836,0,0,0
test,161,2018-03-02 10:30:00+00:00,0.03235362470149994,0.5135624408721924,0.737633466720581,4.477377414703369,0,0,0
test,162,2018-03-02 10:31:00+00:00,0.0313023217022419,0.5287617444992065,0.6722595691680908,3.6027979850769043,0,0,0
test,163,2018-03-02 10:32:00+00:00,0.030031925067305565,0.5322402715682983,0.8642235398292542,5.783542633056641,0,0,0
test,164,2018-03-02 10:33:00+00:00,0.023358846083283424,0.5159298777580261,0.7200701236724854,4.352545738220215,0,0,0
test,165,2018-03-02 10:34:00+00:00,0.03598744049668312,0.5295008420944214,0.8111803531646729,5.147434711456299,0,0,0
test,166,2018-03-02 10:35:00+00:00,0.018324637785553932,0.5039311647415161,0.747557520866394,4.498100757598877,0,0,0
test,167,2018-03-02 10:36:00+00:00,0.014372935518622398,0.48488762974739075,0.7693092823028564,4.885224342346191,0,0,0
test,168,2018-03-02 10:37:00+00:00,0.013058860786259174,0.5012599229812622,0.7631000876426697,4.556631565093994,0,0,0
test,169,2018-03-02 10:38:00+00:00,0.018642237409949303,0.4923471212387085,0.7761809229850769,4.638553619384766,0,0,0
test,170,2018-03-02 10:39:00+00:00,0.023552831262350082,0.4972839951515198,0.7022143602371216,3.8611114025115967,0,0,0
test,171,2018-03-02 10:40:00+00:00,0.023901714012026787,0.49679115414619446,0.7521647214889526,4.543361186981201,0,0,0
test,172,2018-03-02 10:41:00+00:00,0.013978044502437115,0.4846203923225403,0.8401313424110413,5.5477824211120605,0,0,0
test,173,2018-03-02 10:42:00+00:00,0.016751598566770554,0.5171005725860596,0.7852191925048828,4.794933795928955,0,0,0
test,174,2018-03-02 10:43:00+00:00,0.029913583770394325,0.58363938331604,0.8740342855453491,5.307056427001953,0,0,0
test,175,2018-03-02 10:44:00+00:00,0.029240988194942474,0.5737513899803162,0.8221482038497925,4.782258033752441,0,0,0
test,176,2018-03-02 10:45:00+00:00,0.021778734400868416,0.5240285396575928,0.8133649230003357,4.958065032958984,0,0,0
test,177,2018-03-02 10:46:00+00:00,0.04402651637792587,0.5201016664505005,0.6884490251541138,3.3296401500701904,0,0,0
test,178,2018-03-02 10:47:00+00:00,0.025975316762924194,0.5666805505752563,0.8871937990188599,4.913665294647217,0,0,0
test,179,2018-03-02 10:48:00+00:00,0.027335764840245247,0.5364300012588501,0.7101764678955078,3.507248878479004,0,0,0
test,180,2018-03-02 10:49:00+00:00,0.013722574338316917,0.5462619066238403,0.9333783984184265,5.744343280792236,0,0,0
test,181,2018-03-02 10:50:00+00:00,0.023659218102693558,0.5154294371604919,0.7448101043701172,4.156641006469727,0,0,0
test,182,2018-03-02 10:51:00+00:00,0.026524528861045837,0.5433530807495117,0.8723177313804626,5.394899845123291,0,0,0
test,183,2018-03-02 10:52:00+00:00,0.022700544446706772,0.533981442451477,0.906360924243927,5.730116367340088,0,0,0
test,184,2018-03-02 10:53:00+00:00,0.036339882761240005,0.5581685304641724,0.8252626657485962,4.712290287017822,0,0,0
test,185,2018-03-02 10:54:00+00:00,0.027150847017765045,0.5244923830032349,0.7699694633483887,4.401622772216797,0,0,0
test,186,2018-03-02 10:55:00+00:00,0.02297520637512207,0.5356014370918274,0.7422323226928711,4.026042938232422,0,0,0
test,187,2018-03-02 10:56:00+00:00,0.019848765805363655,0.4993785619735718,0.722746729850769,4.170237064361572,0,0,0
test,188,2018-03-02 10:57:00+00:00,0.01660909131169319,0.48323148488998413,0.7981734275817871,5.093925952911377,0,0,0
test,189,2018-03-02 10:58:00+00:00,0.015000525861978531,0.45188039541244507,0.8054999113082886,5.450990200042725,0,0,0
test,190,2018-03-02 10:59:00+00:00,0.010165638290345669,0.418429434299469,0.9042588472366333,6.85213565826416,0,0,0
test,191,2018-03-02 11:00:00+00:00,0.014926299452781677,0.43852293491363525,0.8317359685897827,5.909238338470459,0,0,0
test,192,2018-03-02 11:01:00+00:00,0.03370019793510437,0.5000873804092407,0.939906656742096,6.633367538452148,0,0,0
test,193,2018-03-02 11:02:00+00:00,0.02108636684715748,0.48812544345855713,0.7607344388961792,4.666329860687256,0,0,0
test,194,2018-03-02 11:03:00+00:00,0.015474972315132618,0.4830024242401123,0.8156576156616211,5.397201061248779,0,0,0
test,195,2018-03-02 11:04:00+00:00,0.015723511576652527,0.43796831369400024,0.8314757943153381,5.938904762268066,0,0,0
test,196,2018-03-02 11:05:00+00:00,0.013639765791594982,0.45555368065834045,0.8744638562202454,6.349216938018799,0,0,0
test,197,2018-03-02 11:06:00+00:00,0.014609907753765583,0.4436052441596985,0.7696948051452637,5.167724609375,0,0,0
test,198,2018-03-02 11:07:00+00:00,0.02416892535984516,0.4736485481262207,0.7221682667732239,4.459167003631592,0,0,0
test,199,2018-03-02 11:08:00+00:00,0.02243521809577942,0.46895381808280945,0.7462621331214905,4.834287166595459,0,0,0
test,200,2018-03-02 11:09:00+00:00,0.024330856278538704,0.5112059712409973,0.7535647749900818,4.4981255531311035,0,0,0
test,201,2018-03-02 11:10:00+00:00,0.04383007436990738,0.5416954159736633,0.787716269493103,4.664063930511475,0,0,0
test,202,2018-03-02 11:11:00+00:00,0.030160630121827126,0.5113091468811035,0.6987560391426086,3.897125482559204,0,0,0
test,203,2018-03-02 11:12:00+00:00,0.02227124013006687,0.5241166949272156,0.7582854628562927,4.457064151763916,0,0,0
test,204,2018-03-02 11:13:00+00:00,0.03605038672685623,0.5113143920898438,0.7025964260101318,3.9489517211914062,0,0,0
test,205,2018-03-02 11:14:00+00:00,0.025362681597471237,0.5127337574958801,0.7538740634918213,4.516119003295898,0,0,0
test,206,2018-03-02 11:15:00+00:00,0.029479842633008957,0.5865727066993713,0.9350680112838745,5.722931385040283,0,0,0
test,207,2018-03-02 11:16:00+00:00,0.0231290515512228,0.5563403367996216,0.8298775553703308,4.935381889343262,0,0,0
test,208,2018-03-02 11:17:00+00:00,0.023849202319979668,0.5808998942375183,0.8749297857284546,5.052131652832031,0,0,0
test,209,2018-03-02 11:18:00+00:00,0.02524157054722309,0.537643313407898,0.8271796107292175,5.2362213134765625,0,0,0
test,210,2018-03-02 11:19:00+00:00,0.020137103274464607,0.5104740262031555,0.7914170026779175,4.910034656524658,0,0,0
test,211,2018-03-02 11:20:00+00:00,0.020663125440478325,0.5239716172218323,0.7489383220672607,4.417255878448486,0,0,0
test,212,2018-03-02 11:21:00+00:00,0.023259105160832405,0.5512453317642212,0.8323455452919006,4.985731601715088,0,0,0
test,213,2018-03-02 11:22:00+00:00,0.023665303364396095,0.5320685505867004,0.8125045895576477,5.009693145751953,0,0,0
test,214,2018-03-02 11:23:00+00:00,0.01724337413907051,0.5203098654747009,0.8018401265144348,4.873493671417236,0,0,0
test,215,2018-03-02 11:24:00+00:00,0.019648879766464233,0.5203883647918701,0.8692198395729065,5.615914344787598,0,0,0
test,216,2018-03-02 11:25:00+00:00,0.03249979391694069,0.5780211687088013,0.9219362139701843,5.815829753875732,0,0,0
test,217,2018-03-02 11:26:00+00:00,0.028151102364063263,0.5789339542388916,0.9006373286247253,5.622622013092041,0,0,0
test,218,2018-03-02 11:27:00+00:00,0.03641394525766373,0.6031970381736755,0.9140102863311768,5.373180866241455,0,0,0
test,219,2018-03-02 11:28:00+00:00,0.035317160189151764,0.5812023878097534,0.8547064065933228,5.1062493324279785,0,0,0
test,220,2018-03-02 11:29:00+00:00,0.025192031636834145,0.6104308366775513,0.8684887886047363,5.026429653167725,0,0,0
test,221,2018-03-02 11:30:00+00:00,0.01605715975165367,0.5324995517730713,0.7701065540313721,4.7376885414123535,0,0,0
test,222,2018-03-02 11:31:00+00:00,0.030592719092965126,0.5821961164474487,0.8979505896568298,5.684769630432129,0,0,0
test,223,2018-03-02 11:32:00+00:00,0.017398228868842125,0.5216662883758545,0.8767613172531128,5.74665641784668,0,0,0
test,224,2018-03-02 11:33:00+00:00,0.02605273202061653,0.550743818283081,0.8051302433013916,4.802123069763184,0,0,0
test,225,2018-03-02 11:34:00+00:00,0.020462816581130028,0.5318396091461182,0.8169234991073608,5.120302677154541,0,0,0
test,226,2018-03-02 11:35:00+00:00,0.023537147790193558,0.533667266368866,0.7966391444206238,4.808642864227295,0,0,0
test,227,2018-03-02 11:36:00+00:00,0.017025530338287354,0.5155541896820068,0.7879499793052673,4.762115001678467,0,0,0
test,228,2018-03-02 11:37:00+00:00,0.02976830303668976,0.5226951837539673,0.7429596185684204,4.24235725402832,0,0,0
test,229,2018-03-02 11:38:00+00:00,0.03628105670213699,0.5331158638000488,0.6955301761627197,3.7837111949920654,0,0,0
test,230,2018-03-02 11:39:00+00:00,0.03418378904461861,0.5076532363891602,0.6754130721092224,3.6383090019226074,0,0,0
test,231,2018-03-02 11:40:00+00:00,0.064326710999012,0.5467486381530762,0.7344959378242493,3.9407236576080322,0,0,0
test,232,2018-03-02 11:41:00+00:00,0.039638422429561615,0.5336951613426208,0.6893805265426636,3.5668489933013916,0,0,0
test,233,2018-03-02 11:42:00+00:00,0.08030102401971817,0.5541623830795288,0.7419018745422363,3.835062026977539,0,0,0
test,234,2018-03-02 11:43:00+00:00,0.024552278220653534,0.5351855158805847,0.7535664439201355,4.3362836837768555,0,0,0
test,235,2018-03-02 11:44:00+00:00,0.04802994802594185,0.5430184602737427,0.7220508456230164,3.801741600036621,0,0,0
test,236,2018-03-02 11:45:00+00:00,0.02431059628725052,0.5095962285995483,0.7185596823692322,4.1774187088012695,0,0,0
test,237,2018-03-02 11:46:00+00:00,0.030320776626467705,0.47621768712997437,0.7110868096351624,4.34196138381958,0,0,0
test,238,2018-03-02 11:47:00+00:00,0.02617092989385128,0.5197882652282715,0.7206850647926331,4.158982276916504,0,0,0
test,239,2018-03-02 11:48:00+00:00,0.020277246832847595,0.466630220413208,0.7207043170928955,4.3507609367370605,0,0,0
test,240,2018-03-02 11:49:00+00:00,0.026463022455573082,0.47731301188468933,0.6956761479377747,4.079907417297363,0,0,0
test,241,2018-03-02 11:50:00+00:00,0.01952097751200199,0.49121391773223877,0.8242034316062927,5.536325931549072,0,0,0
test,242,2018-03-02 11:51:00+00:00,0.0263628289103508,0.4808017909526825,0.7140675187110901,4.341984748840332,0,0,0
test,243,2018-03-02 11:52:00+00:00,0.013731409795582294,0.483958899974823,0.725523829460144,4.497943878173828,0,0,0
test,244,2018-03-02 11:53:00+00:00,0.018585024401545525,0.4528956115245819,0.7342957258224487,4.764299392700195,0,0,0
test,245,2018-03-02 11:54:00+00:00,0.015412509441375732,0.4956408739089966,0.8479562997817993,5.965093612670898,0,0,0
test,246,2018-03-02 11:55:00+00:00,0.020133720710873604,0.46564364433288574,0.8740789294242859,6.358399868011475,0,0,0
test,247,2018-03-02 11:56:00+00:00,0.014120666310191154,0.45401304960250854,0.7880243062973022,5.321609020233154,0,0,0
test,248,2018-03-02 11:57:00+00:00,0.015389425680041313,0.4605708718299866,0.763380229473114,4.9859724044799805,0,0,0
test,249,2018-03-02 11:58:00+00:00,0.015805969014763832,0.42837125062942505,0.7453118562698364,4.924103736877441,0,0,0
test,250,2018-03-02 11:59:00+00:00,0.015501221641898155,0.4398840665817261,0.7255992889404297,4.71380090713501,0,0,0
test,251,2018-03-02 12:00:00+00:00,0.014590241014957428,0.45300382375717163,0.7176055312156677,4.503660678863525,0,0,0
test,252,2018-03-02 12:01:00+00:00,0.01917891390621662,0.4773644506931305,0.6961448788642883,4.154386520385742,0,0,0
test,253,2018-03-02 12:02:00+00:00,0.01784990169107914,0.4687687158584595,0.6978791356086731,4.162312984466553,0,0,0
test,254,2018-03-02 12:03:00+00:00,0.015374146401882172,0.4772917628288269,0.6955482959747314,4.147705078125,0,0,0
test,255,2018-03-02 12:04:00+00:00,0.01794484071433544,0.44578617811203003,0.7780195474624634,5.187349796295166,0,0,0
test,256,2018-03-02 12:05:00+00:00,0.015341012738645077,0.4434179961681366,0.7141254544258118,4.537980556488037,0,0,0
test,257,2018-03-02 12:06:00+00:00,0.03299644961953163,0.4828430414199829,0.746412456035614,4.640201091766357,0,0,0
test,258,2018-03-02 12:07:00+00:00,0.03460833057761192,0.53609699010849,0.9121972918510437,6.00420618057251,0,0,0
test,259,2018-03-02 12:08:00+00:00,0.054960884153842926,0.5297874212265015,0.665311336517334,3.0803959369659424,0,0,0
test,260,2018-03-02 12:09:00+00:00,0.04871968924999237,0.5652844309806824,0.7458273768424988,4.013525485992432,0,0,0
test,261,2018-03-02 12:10:00+00:00,0.04090157151222229,0.5640983581542969,0.8455629944801331,5.029282569885254,0,0,0
test,262,2018-03-02 12:11:00+00:00,0.03899591788649559,0.5612893104553223,0.8581157326698303,5.21116828918457,0,0,0
test,263,2018-03-02 12:12:00+00:00,0.027646103873848915,0.5314407348632812,0.9789742827415466,6.821397304534912,0,0,0
test,264,2018-03-02 12:13:00+00:00,0.023225421085953712,0.5488351583480835,1.0341395139694214,7.411090850830078,0,0,0
test,265,2018-03-02 12:14:00+00:00,0.03164435178041458,0.5164575576782227,0.8341460824012756,5.349456310272217,0,0,0
test,266,2018-03-02 12:15:00+00:00,0.02831406705081463,0.5087593793869019,0.7528970837593079,4.621497631072998,0,0,0
test,267,2018-03-02 12:16:00+00:00,0.04206668585538864,0.5607824325561523,0.9436495304107666,6.156391620635986,0,0,0
test,268,2018-03-02 12:17:00+00:00,0.0670686587691307,0.5513473749160767,0.6507832407951355,3.0451130867004395,0,0,0
test,269,2018-03-02 12:18:00+00:00,0.06207611784338951,0.5595245361328125,0.7122669816017151,3.687164068222046,0,0,0
test,270,2018-03-02 12:19:00+00:00,0.028834985569119453,0.509125292301178,0.6794641017913818,3.6682069301605225,0,0,0
test,271,2018-03-02 12:20:00+00:00,0.020000874996185303,0.4889310598373413,0.704843282699585,3.9938244819641113,0,0,0
test,272,2018-03-02 12:21:00+00:00,0.02424420230090618,0.49719440937042236,0.7730503678321838,4.79080057144165,0,0,0
test,273,2018-03-02 12:22:00+00:00,0.030909700319170952,0.5391834378242493,1.001394271850586,6.831168174743652,0,0,0
test,274,2018-03-02 12:23:00+00:00,0.026293136179447174,0.5012688636779785,0.793376624584198,4.868117332458496,0,0,0
test,275,2018-03-02 12:24:00+00:00,0.026799550279974937,0.5070825815200806,0.7745200395584106,4.583554267883301,0,0,0
test,276,2018-03-02 12:25:00+00:00,0.02515520341694355,0.4957975149154663,0.6775652766227722,3.68585467338562,0,0,0
test,277,2018-03-02 12:26:00+00:00,0.020207375288009644,0.4843529462814331,0.6916828751564026,3.9732778072357178,0,0,0
test,278,2018-03-02 12:27:00+00:00,0.02287299558520317,0.4940367043018341,0.697010338306427,3.9887869358062744,0,0,0
test,279,2018-03-02 12:28:00+00:00,0.01773272082209587,0.48936188220977783,0.709161102771759,4.0848002433776855,0,0,0
test,280,2018-03-02 12:29:00+00:00,0.02152172103524208,0.4921986758708954,0.7400425672531128,4.461162567138672,0,0,0
test,281,2018-03-02 12:30:00+00:00,0.013681557960808277,0.4672618508338928,0.7230334281921387,4.3394269943237305,0,0,0
test,282,2018-03-02 12:31:00+00:00,0.017264502122998238,0.45291048288345337,0.7542189955711365,4.846887588500977,0,0,0
test,283,2018-03-02 12:32:00+00:00,0.016003601253032684,0.4485223591327667,0.7321174740791321,4.582680702209473,0,0,0
test,284,2018-03-02 12:33:00+00:00,0.012858201749622822,0.4385523796081543,0.7388749122619629,4.717026710510254,0,0,0
test,285,2018-03-02 12:34:00+00:00,0.03302416950464249,0.47548356652259827,0.68697190284729,3.8856422901153564,0,0,0
test,286,2018-03-02 12:35:00+00:00,0.028781430795788765,0.5123375058174133,0.6730776429176331,3.4908716678619385,0,0,0
test,287,2018-03-02 12:36:00+00:00,0.03173183649778366,0.519541323184967,0.6508891582489014,3.220531940460205,0,0,0
test,288,2018-03-02 12:37:00+00:00,0.03696388378739357,0.5339012742042542,0.6773957014083862,3.409005641937256,0,0,0
test,289,2018-03-02 12:38:00+00:00,0.04430651664733887,0.5344861149787903,0.7428205013275146,4.187294960021973,0,0,0
test,290,2018-03-02 12:39:00+00:00,0.04881305620074272,0.5423855185508728,0.6758505702018738,3.2573280334472656,0,0,0
test,291,2018-03-02 12:40:00+00:00,0.06057148054242134,0.5551447868347168,0.6597011089324951,2.8975377082824707,0,0,0
test,292,2018-03-02 12:41:00+00:00,0.05928727239370346,0.5812739133834839,0.643075704574585,2.4847960472106934,0,0,0
test,293,2018-03-02 12:42:00+00:00,0.06208796799182892,0.5850253701210022,0.6114321351051331,2.065521001815796,0,0,0
test,294,2018-03-02 12:43:00+00:00,0.09173882752656937,0.5823143124580383,0.5889708995819092,1.697593092918396,0,0,0
test,295,2018-03-02 12:44:00+00:00,0.08461125940084457,0.5717576146125793,0.6669596433639526,2.801818609237671,0,0,0
test,296,2018-03-02 12:45:00+00:00,0.1026410162448883,0.5925850868225098,0.6750321388244629,2.573765277862549,0,0,0
test,297,2018-03-02 12:46:00+00:00,0.06710147112607956,0.577061116695404,0.7350717782974243,3.6096765995025635,0,0,0
test,298,2018-03-02 12:47:00+00:00,0.07717984169721603,0.583259105682373,0.634983479976654,2.4273934364318848,0,0,0
test,299,2018-03-02 12:48:00+00:00,0.07495378702878952,0.5935848951339722,0.6284221410751343,2.1373393535614014,0,0,0
test,300,2018-03-02 12:49:00+00:00,0.07282295823097229,0.5918353796005249,0.6654325723648071,2.528369903564453,0,0,0
test,301,2018-03-02 12:50:00+00:00,0.053433142602443695,0.5945399403572083,0.6969501376152039,3.138930559158325,0,0,0
test,302,2018-03-02 12:51:00+00:00,0.06589361280202866,0.567685604095459,0.5999580025672913,2.084052562713623,0,0,0
test,303,2018-03-02 12:52:00+00:00,0.10975218564271927,0.5735456943511963,0.5683209896087646,1.430978536605835,0,0,0
test,304,2018-03-02 12:53:00+00:00,0.053479548543691635,0.5788884162902832,0.6473773717880249,2.5245440006256104,0,0,0
test,305,2018-03-02 12:54:00+00:00,0.07786370813846588,0.5905109643936157,0.60960853099823,1.7617855072021484,0,0,0
test,306,2018-03-02 12:55:00+00:00,0.08896122872829437,0.5770367383956909,0.5711400508880615,1.5103551149368286,0,0,0
test,307,2018-03-02 12:56:00+00:00,0.06630965322256088,0.5825793743133545,0.5923859477043152,1.7027798891067505,0,0,0
test,308,2018-03-02 12:57:00+00:00,0.055311478674411774,0.5632796287536621,0.5799202919006348,1.753085732460022,0,0,0
test,309,2018-03-02 12:58:00+00:00,0.049429066479206085,0.5491722822189331,0.5919802784919739,1.8870775699615479,0,0,0
test,310,2018-03-02 12:59:00+00:00,0.034649427980184555,0.5621603727340698,0.7023293375968933,3.1819698810577393,0,0,0
