target,fold_id,feature,coefficient,absolute_coefficient
detection,0,bwd_iat_std_mean,1.7714923727283478,1.7714923727283478
detection,0,window_size_bwd_std,1.7462705318639231,1.7462705318639231
detection,0,bwd_seg_size_avg_max,1.70024953665406,1.70024953665406
detection,0,bwd_pkt_len_mean_max,1.7002495366539456,1.7002495366539456
detection,0,pkt_len_var_std,-1.697483345555281,1.697483345555281
detection,0,fwd_pkt_len_std_mean,1.685563064339897,1.685563064339897
detection,0,pkt_tcp_retrans_count,1.6223447007558311,1.6223447007558311
detection,0,pkt_len_var_max,-1.6083195841763254,1.6083195841763254
detection,0,byte_count_bwd_std,-1.5423675532576244,1.5423675532576244
detection,0,fwd_pkt_len_max_std,-1.5212566521714306,1.5212566521714306
detection,0,pkt_port_scan_seq_score,1.514041068498985,1.514041068498985
detection,0,pkt_len_var_mean,-1.4013536060558185,1.4013536060558185
detection,0,byte_count_fwd_max,1.3158371832258438,1.3158371832258438
detection,0,flow_iat_std_std,-1.3039938516102108,1.3039938516102108
detection,0,bytes_per_sec_mean,-1.2915402880504434,1.2915402880504434
detection,0,bwd_pkt_len_std_mean,-1.2852420961351374,1.2852420961351374
detection,0,bwd_pkt_len_std_max,1.1841857953762494,1.1841857953762494
detection,0,fwd_seg_size_min_mean,1.16561607247352,1.16561607247352
detection,0,bwd_pkt_len_std_std,1.1577084463949303,1.1577084463949303
detection,0,window_size_fwd_std,-1.106153794863719,1.106153794863719
detection,0,bytes_per_sec_max,1.086450561546681,1.086450561546681
detection,0,pkt_len_std_mean,-1.065101471961147,1.065101471961147
detection,0,bwd_iat_max_std,-1.0512453103367072,1.0512453103367072
detection,0,packet_count_bwd_std,1.032531529718298,1.032531529718298
detection,0,ack_flag_cnt_std,0.9930560255179766,0.9930560255179766
detection,0,pkt_len_min_std,0.9790894906079268,0.9790894906079268
detection,0,bwd_iat_min_max,0.9345789628274784,0.9345789628274784
detection,0,bwd_pkts_per_sec_mean,-0.9053619746990468,0.9053619746990468
detection,0,fwd_pkt_len_std_std,0.8885063883891273,0.8885063883891273
detection,0,pkt_payload_size_p95,-0.8735306718665673,0.8735306718665673
detection,0,packets_per_sec_mean,-0.8613650540123029,0.8613650540123029
detection,0,down_up_ratio_std,-0.8574147492571649,0.8574147492571649
detection,0,byte_count_bwd_max,-0.8515240436169145,0.8515240436169145
detection,0,byte_count_fwd_std,-0.8359991835474193,0.8359991835474193
detection,0,bwd_iat_min_std,-0.7930466484853619,0.7930466484853619
detection,0,bytes_per_sec_sum,-0.7797348431895635,0.7797348431895635
detection,0,pkt_len_max_std,-0.7792178260572373,0.7792178260572373
detection,0,pkt_frag_df_count,0.7758242501657596,0.7758242501657596
detection,0,ece_flag_cnt_std,0.7383663500154574,0.7383663500154574
detection,0,subflow_bwd_pkts_std,-0.7280139709677976,0.7280139709677976
detection,0,pkt_len_max_mean,-0.7248869328733306,0.7248869328733306
detection,0,bwd_iat_tot_mean,-0.7139188977892487,0.7139188977892487
detection,0,rst_flag_cnt_std,0.7129845548845665,0.7129845548845665
detection,0,bwd_pkt_len_min_mean,0.7026061808291282,0.7026061808291282
detection,0,fwd_iat_mean_std,-0.6954874892755525,0.6954874892755525
detection,0,ece_flag_cnt_sum,0.6916674036723003,0.6916674036723003
detection,0,rst_flag_cnt_sum,0.6907550370873831,0.6907550370873831
detection,0,window_size_bwd_sum,-0.690318593123311,0.690318593123311
detection,0,bwd_header_len_max,0.6856469796148063,0.6856469796148063
detection,0,active_max_sum,0.6696088205334869,0.6696088205334869
detection,0,bwd_iat_mean_std,0.6686351207843101,0.6686351207843101
detection,0,pkt_len_mean_max,-0.6647233089067105,0.6647233089067105
detection,0,subflow_bwd_byts_sum,-0.6462767371744396,0.6462767371744396
detection,0,pkt_payload_size_p75,-0.6420113728404345,0.6420113728404345
detection,0,active_mean_sum,-0.6389206430090374,0.6389206430090374
detection,0,active_std_sum,-0.6358178811170899,0.6358178811170899
detection,0,urg_flag_cnt_mean,-0.6345157288985686,0.6345157288985686
detection,0,pkt_len_mean_mean,-0.6209459581696976,0.6209459581696976
detection,0,subflow_bwd_byts_max,0.6141748178852948,0.6141748178852948
detection,0,bwd_iat_mean_sum,-0.6120596729706068,0.6120596729706068
detection,0,packet_count_bwd_mean,0.6113491716676477,0.6113491716676477
detection,0,duration_sec_std,0.6058509160641725,0.6058509160641725
detection,0,pkt_size_avg_mean,-0.5963023698398315,0.5963023698398315
detection,0,bwd_pkts_per_sec_std,0.5949877249575932,0.5949877249575932
detection,0,urg_flag_cnt_std,0.5912694648120387,0.5912694648120387
detection,0,subflow_bwd_byts_std,-0.5863371526102464,0.5863371526102464
detection,0,idle_min_std,-0.5826181685160382,0.5826181685160382
detection,0,flow_iat_max_std,-0.5558740908707495,0.5558740908707495
detection,0,fwd_pkts_per_sec_sum,0.5267155975922926,0.5267155975922926
detection,0,packets_per_sec_sum,-0.5042853040509574,0.5042853040509574
detection,0,fwd_pkts_per_sec_max,-0.4981265505446805,0.4981265505446805
detection,0,bwd_header_len_std,-0.491897780394942,0.491897780394942
detection,0,bwd_iat_mean_max,-0.4844755175640908,0.4844755175640908
detection,0,bwd_pkt_len_min_std,-0.4795882110669048,0.4795882110669048
detection,0,pkt_len_var_sum,0.4669901114805365,0.4669901114805365
detection,0,psh_flag_cnt_max,-0.4628978988569783,0.4628978988569783
detection,0,subflow_bwd_byts_mean,-0.4627084638213418,0.4627084638213418
detection,0,packet_count_fwd_mean,0.460883226318961,0.460883226318961
detection,0,fwd_iat_min_std,-0.4600009695110472,0.4600009695110472
detection,0,bwd_iat_mean_mean,0.4567225530863539,0.4567225530863539
detection,0,pkt_ttl_max,-0.455356650165842,0.455356650165842
detection,0,mask_has_packet_level_features,-0.455356650165842,0.455356650165842
detection,0,fwd_pkts_per_sec_std,0.4547978672753842,0.4547978672753842
detection,0,down_up_ratio_max,0.4512498908743005,0.4512498908743005
detection,0,active_max_std,0.4505681953039073,0.4505681953039073
detection,0,urg_flag_cnt_max,0.4447755673027805,0.4447755673027805
detection,0,psh_flag_cnt_std,-0.4435713903459254,0.4435713903459254
detection,0,pkt_len_max_max,0.4295942765126112,0.4295942765126112
detection,0,bwd_pkt_len_max_std,0.4271862073253483,0.4271862073253483
detection,0,ack_flag_cnt_max,-0.425175266861596,0.425175266861596
detection,0,fwd_pkt_len_max_max,0.4227058889815726,0.4227058889815726
detection,0,pkt_ttl_std,0.4156232470286609,0.4156232470286609
detection,0,pkt_ttl_mode,0.4115727040680803,0.4115727040680803
detection,0,unique_dst_ports_count,0.4094618502423675,0.4094618502423675
detection,0,idle_std_mean,0.4094128630770177,0.4094128630770177
detection,0,window_size_bwd_mean,-0.4039242788204526,0.4039242788204526
detection,0,flow_iat_std_sum,-0.4037606384909282,0.4037606384909282
detection,0,bwd_pkts_per_sec_sum,-0.4019763979697227,0.4019763979697227
detection,0,fwd_pkt_len_std_sum,0.3896539308791256,0.3896539308791256
detection,0,bwd_pkt_len_mean_sum,0.3798720915214289,0.3798720915214289
detection,0,bwd_seg_size_avg_sum,0.3798720915209747,0.3798720915209747
detection,0,duration_microsec_max,0.3787934270576945,0.3787934270576945
detection,0,ack_flag_cnt_sum,0.3749057240341902,0.3749057240341902
detection,0,idle_mean_std,-0.3747734373224651,0.3747734373224651
detection,0,fwd_seg_size_avg_sum,0.3738465131798819,0.3738465131798819
detection,0,fwd_pkt_len_mean_sum,0.3738465131798819,0.3738465131798819
detection,0,active_min_std,-0.370962140281162,0.370962140281162
detection,0,bwd_pkt_len_mean_mean,0.3698923193205206,0.3698923193205206
detection,0,bwd_seg_size_avg_mean,0.369892319316857,0.369892319316857
detection,0,bwd_iat_std_std,0.3679752697525366,0.3679752697525366
detection,0,fwd_iat_max_sum,0.3582695402611433,0.3582695402611433
detection,0,fwd_pkt_len_max_sum,0.3572599186320813,0.3572599186320813
detection,0,flow_iat_min_sum,0.3505498561882478,0.3505498561882478
detection,0,fwd_iat_std_sum,0.3497477765291667,0.3497477765291667
detection,0,active_mean_std,-0.3486009113462582,0.3486009113462582
detection,0,rst_flag_cnt_max,-0.3450146658318755,0.3450146658318755
detection,0,ece_flag_cnt_max,-0.3450146658318755,0.3450146658318755
detection,0,active_std_mean,-0.3399758051167938,0.3399758051167938
detection,0,fwd_seg_size_min_std,-0.3366697616513487,0.3366697616513487
detection,0,bwd_iat_tot_max,-0.3324179431579413,0.3324179431579413
detection,0,fwd_iat_std_max,0.3323879622585988,0.3323879622585988
detection,0,psh_flag_cnt_mean,0.3322163999754761,0.3322163999754761
detection,0,fwd_iat_min_sum,0.3274087945102816,0.3274087945102816
detection,0,fwd_iat_min_max,0.3257103270893133,0.3257103270893133
detection,0,window_size_bwd_max,0.3210209547861677,0.3210209547861677
detection,0,pkt_len_min_max,-0.3207565187461123,0.3207565187461123
detection,0,packet_count_fwd_sum,0.3150885265286103,0.3150885265286103
detection,0,duration_microsec_std,0.313460091949831,0.313460091949831
detection,0,pkt_len_mean_std,0.3106327048341296,0.3106327048341296
detection,0,byte_count_bwd_mean,-0.3103226811984644,0.3103226811984644
detection,0,fwd_iat_tot_std,0.3083101433217557,0.3083101433217557
detection,0,fwd_iat_max_max,-0.3007648610506515,0.3007648610506515
detection,0,fwd_act_data_pkts_std,0.3002891185436236,0.3002891185436236
detection,0,flow_iat_std_max,-0.2976526416161409,0.2976526416161409
detection,0,bytes_per_sec_std,0.2964112263110565,0.2964112263110565
detection,0,active_std_max,0.2958376997933896,0.2958376997933896
detection,0,flow_iat_mean_mean,0.2943135707288809,0.2943135707288809
detection,0,subflow_bwd_pkts_mean,-0.2919907519950299,0.2919907519950299
detection,0,flow_iat_mean_sum,0.2854817827908767,0.2854817827908767
detection,0,flow_iat_max_max,0.2836825561028504,0.2836825561028504
detection,0,flow_iat_mean_std,-0.2835242250448415,0.2835242250448415
detection,0,fwd_pkt_len_std_max,-0.2826697495399017,0.2826697495399017
detection,0,subflow_fwd_pkts_std,0.2819406133742816,0.2819406133742816
detection,0,fwd_header_len_max,0.2810388975552307,0.2810388975552307
detection,0,fwd_header_len_std,0.2791447844821679,0.2791447844821679
detection,0,pkt_len_std_std,0.2790599224090827,0.2790599224090827
detection,0,flow_iat_min_mean,0.2777096717843371,0.2777096717843371
detection,0,fwd_iat_mean_max,0.2773331099389884,0.2773331099389884
detection,0,fwd_header_len_mean,0.2743798380339518,0.2743798380339518
detection,0,fwd_act_data_pkts_mean,0.27313342713313,0.27313342713313
detection,0,subflow_fwd_pkts_mean,0.273129186887898,0.273129186887898
detection,0,bwd_pkt_len_mean_std,0.2723910294889405,0.2723910294889405
detection,0,bwd_seg_size_avg_std,0.2723910294716051,0.2723910294716051
detection,0,idle_max_mean,0.2618851246948891,0.2618851246948891
detection,0,fwd_header_len_sum,0.2596485377690626,0.2596485377690626
detection,0,bwd_iat_max_sum,-0.258897399525634,0.258897399525634
detection,0,pkt_len_mean_sum,0.2565785370907016,0.2565785370907016
detection,0,fwd_iat_std_mean,0.2545920487114094,0.2545920487114094
detection,0,fwd_iat_std_std,0.2473276348094907,0.2473276348094907
detection,0,packets_per_sec_std,0.2460228340639012,0.2460228340639012
detection,0,subflow_fwd_byts_mean,0.2451821490021996,0.2451821490021996
detection,0,pkt_size_avg_std,0.24460677301708,0.24460677301708
detection,0,pkt_len_max_sum,0.2422794457078665,0.2422794457078665
detection,0,flow_iat_std_mean,-0.2402776814183153,0.2402776814183153
detection,0,bwd_header_len_sum,0.239184896749059,0.239184896749059
detection,0,ack_flag_cnt_mean,0.2377693685894206,0.2377693685894206
detection,0,byte_count_bwd_sum,-0.2375891510685366,0.2375891510685366
detection,0,fwd_seg_size_min_sum,0.2362283409507324,0.2362283409507324
detection,0,fwd_seg_size_avg_mean,-0.2326528107875072,0.2326528107875072
detection,0,fwd_pkt_len_mean_mean,-0.2326528107875072,0.2326528107875072
detection,0,active_min_sum,0.2294829516615604,0.2294829516615604
detection,0,pkt_len_std_sum,0.2277998122981122,0.2277998122981122
detection,0,pkt_size_avg_sum,0.2243243032287403,0.2243243032287403
detection,0,idle_min_mean,-0.2216818565021401,0.2216818565021401
detection,0,flow_iat_max_sum,0.2167132140814402,0.2167132140814402
detection,0,subflow_fwd_byts_sum,0.2159377275935375,0.2159377275935375
detection,0,bwd_iat_max_mean,-0.2149483021297639,0.2149483021297639
detection,0,fwd_seg_size_min_min,-0.2126801054719939,0.2126801054719939
detection,0,fin_flag_cnt_std,0.2033818554065729,0.2033818554065729
detection,0,cwe_flag_cnt_max,0.2018606547772119,0.2018606547772119
detection,0,fwd_urg_flags_max,0.2018606547772119,0.2018606547772119
detection,0,subflow_fwd_pkts_sum,0.2014385261377623,0.2014385261377623
detection,0,fwd_act_data_pkts_max,0.1976769118617066,0.1976769118617066
detection,0,window_size_fwd_sum,0.1965421522092255,0.1965421522092255
detection,0,bwd_iat_tot_std,-0.1954133215496991,0.1954133215496991
detection,0,pkt_ttl_min,-0.1951611346334756,0.1951611346334756
detection,0,window_size_fwd_max,-0.1941264460961502,0.1941264460961502
detection,0,down_up_ratio_sum,0.1867910060687227,0.1867910060687227
detection,0,fwd_pkt_len_max_mean,0.1862326268111216,0.1862326268111216
detection,0,fwd_act_data_pkts_sum,0.1846329919698883,0.1846329919698883
detection,0,fwd_iat_mean_sum,0.1755821716614548,0.1755821716614548
detection,0,pkt_payload_size_p50,-0.1752685806844733,0.1752685806844733
detection,0,fwd_pkt_len_min_mean,-0.1719572194872569,0.1719572194872569
detection,0,cwe_flag_cnt_std,0.1715001276234496,0.1715001276234496
detection,0,fwd_urg_flags_std,0.1715001276234496,0.1715001276234496
detection,0,bwd_pkts_per_sec_max,-0.170244220311741,0.170244220311741
detection,0,urg_flag_cnt_sum,-0.168586434214955,0.168586434214955
detection,0,active_max_mean,-0.1684246940133525,0.1684246940133525
detection,0,bwd_iat_std_sum,0.1619070750860442,0.1619070750860442
detection,0,active_min_mean,0.1586631348901485,0.1586631348901485
detection,0,pkt_len_min_sum,-0.1584701756279175,0.1584701756279175
detection,0,subflow_fwd_byts_max,-0.1556569955300097,0.1556569955300097
detection,0,packet_count_bwd_sum,0.1541565472115084,0.1541565472115084
detection,0,active_max_max,0.1538033049436203,0.1538033049436203
detection,0,fwd_pkts_per_sec_mean,0.1510130577201207,0.1510130577201207
detection,0,active_std_std,-0.1501690480757266,0.1501690480757266
detection,0,bwd_pkt_len_max_max,-0.1491458217418723,0.1491458217418723
detection,0,fwd_pkt_len_min_sum,-0.1469489655610507,0.1469489655610507
detection,0,cwe_flag_cnt_mean,-0.1423529346229844,0.1423529346229844
detection,0,fwd_urg_flags_mean,-0.1423529346229844,0.1423529346229844
detection,0,bwd_pkt_len_min_sum,0.1413265966374933,0.1413265966374933
detection,0,active_min_max,0.1409217525219529,0.1409217525219529
detection,0,flow_iat_max_mean,-0.1406037530659935,0.1406037530659935
detection,0,subflow_bwd_pkts_max,0.1391839255538683,0.1391839255538683
detection,0,idle_max_sum,0.138981662223296,0.138981662223296
detection,0,bwd_header_len_mean,-0.1385030085138292,0.1385030085138292
detection,0,byte_count_fwd_mean,-0.1330321186123177,0.1330321186123177
detection,0,fwd_seg_size_min_max,-0.1324305794486352,0.1324305794486352
detection,0,byte_count_fwd_min,0.1310233603565326,0.1310233603565326
detection,0,syn_flag_cnt_mean,-0.1303066453336028,0.1303066453336028
detection,0,fwd_psh_flags_mean,-0.1303066453336028,0.1303066453336028
detection,0,packets_per_sec_min,-0.1268736542928951,0.1268736542928951
detection,0,syn_flag_cnt_std,-0.1264738619837772,0.1264738619837772
detection,0,fwd_psh_flags_std,-0.1264738619837772,0.1264738619837772
detection,0,window_size_fwd_mean,0.1255940147746179,0.1255940147746179
detection,0,rst_flag_cnt_mean,-0.1249778245175656,0.1249778245175656
detection,0,packet_count_fwd_std,-0.1237433521807434,0.1237433521807434
detection,0,psh_flag_cnt_sum,0.1231814267890583,0.1231814267890583
detection,0,pkt_len_std_max,0.1212707899024135,0.1212707899024135
detection,0,flow_iat_min_std,-0.1207384140368084,0.1207384140368084
detection,0,fwd_iat_min_mean,0.1199866447715906,0.1199866447715906
detection,0,idle_max_max,-0.1143425028105758,0.1143425028105758
detection,0,pkt_size_avg_max,0.1117650258756077,0.1117650258756077
detection,0,fwd_act_data_pkts_min,0.107071382576098,0.107071382576098
detection,0,fwd_psh_flags_sum,-0.1053466934551016,0.1053466934551016
detection,0,syn_flag_cnt_sum,-0.1053466934551016,0.1053466934551016
detection,0,down_up_ratio_mean,0.1038067285631896,0.1038067285631896
detection,0,fwd_iat_max_mean,0.1030383498067591,0.1030383498067591
detection,0,bwd_iat_min_min,-0.1016942832517886,0.1016942832517886
detection,0,fwd_iat_tot_max,0.101166681655826,0.101166681655826
detection,0,idle_mean_max,-0.1010000484456798,0.1010000484456798
detection,0,fwd_iat_tot_sum,-0.0986221607707009,0.0986221607707009
detection,0,fwd_psh_flags_max,0.09832514105257,0.09832514105257
detection,0,syn_flag_cnt_max,0.09832514105257,0.09832514105257
detection,0,byte_count_fwd_sum,-0.0940885722639322,0.0940885722639322
detection,0,duration_microsec_min,0.094041391323649,0.094041391323649
detection,0,packet_count_bwd_max,0.0924235845467317,0.0924235845467317
detection,0,fwd_iat_tot_min,0.0923063164468192,0.0923063164468192
detection,0,packet_count_bwd_min,-0.0920353459705162,0.0920353459705162
detection,0,fwd_iat_max_std,-0.0847068155955238,0.0847068155955238
detection,0,idle_min_max,-0.0842324761719376,0.0842324761719376
detection,0,flow_count,0.0831574672521934,0.0831574672521934
detection,0,ece_flag_cnt_mean,-0.0806552911177708,0.0806552911177708
detection,0,fwd_pkt_len_max_min,-0.0764861325992471,0.0764861325992471
detection,0,bwd_pkt_len_max_sum,0.0745385271533316,0.0745385271533316
detection,0,fwd_pkt_len_min_max,-0.0744833061732435,0.0744833061732435
detection,0,fwd_seg_size_avg_std,0.0738329056027676,0.0738329056027676
detection,0,fwd_pkt_len_mean_std,0.0738329056027676,0.0738329056027676
detection,0,idle_mean_mean,0.0726051027606648,0.0726051027606648
detection,0,duration_sec_min,0.0718977865112081,0.0718977865112081
detection,0,bwd_pkt_len_max_mean,0.0711536840805007,0.0711536840805007
detection,0,packet_count_fwd_min,0.0707320036672008,0.0707320036672008
detection,0,flow_iat_min_max,0.0697234414262345,0.0697234414262345
detection,0,idle_std_sum,0.068805589609427,0.068805589609427
detection,0,duration_sec_mean,0.0686215070071669,0.0686215070071669
detection,0,cwe_flag_cnt_sum,0.0651296208340991,0.0651296208340991
detection,0,fwd_urg_flags_sum,0.0651296208340991,0.0651296208340991
detection,0,fwd_iat_std_min,-0.0647356985728999,0.0647356985728999
detection,0,bwd_iat_mean_min,-0.0617862985543229,0.0617862985543229
detection,0,bwd_iat_std_max,-0.0613109747772255,0.0613109747772255
detection,0,duration_microsec_mean,0.06129798621272,0.06129798621272
detection,0,fin_flag_cnt_max,0.0605369315219004,0.0605369315219004
detection,0,flow_iat_std_min,-0.0584078413811677,0.0584078413811677
detection,0,flow_iat_mean_max,-0.0580976253286391,0.0580976253286391
detection,0,subflow_fwd_byts_std,0.0572721590743183,0.0572721590743183
detection,0,duration_sec_max,0.057168598096741,0.057168598096741
detection,0,active_mean_mean,-0.0568503514912199,0.0568503514912199
detection,0,bwd_pkt_len_mean_min,0.0538889248114658,0.0538889248114658
detection,0,bwd_seg_size_avg_min,0.0538889248114658,0.0538889248114658
detection,0,subflow_fwd_pkts_min,0.0526561847489427,0.0526561847489427
detection,0,idle_mean_sum,0.0519913321801639,0.0519913321801639
detection,0,byte_count_bwd_min,0.0517153918212711,0.0517153918212711
detection,0,bwd_pkt_len_std_sum,-0.0503431628496964,0.0503431628496964
detection,0,window_size_fwd_min,0.0469029507994831,0.0469029507994831
detection,0,idle_std_std,-0.0463904465084283,0.0463904465084283
detection,0,idle_std_max,-0.0457083357917693,0.0457083357917693
detection,0,subflow_fwd_byts_min,-0.0454088570774634,0.0454088570774634
detection,0,idle_std_min,-0.0448575714700811,0.0448575714700811
detection,0,idle_min_min,-0.0443458565692835,0.0443458565692835
detection,0,fin_flag_cnt_sum,-0.0441069569077881,0.0441069569077881
detection,0,pkt_len_std_min,0.0426087699574829,0.0426087699574829
detection,0,bwd_pkt_len_max_min,0.0407305602190397,0.0407305602190397
detection,0,unique_protocols_count,0.0392422903731753,0.0392422903731753
detection,0,pkt_len_var_min,0.0391980792029392,0.0391980792029392
detection,0,bwd_pkt_len_std_min,0.0390902763933847,0.0390902763933847
detection,0,subflow_bwd_byts_min,0.0384723667217129,0.0384723667217129
detection,0,subflow_fwd_pkts_max,0.0376273251350841,0.0376273251350841
detection,0,fwd_header_len_min,-0.0331772845018166,0.0331772845018166
detection,0,fwd_pkts_per_sec_min,0.0321412412621627,0.0321412412621627
detection,0,bwd_pkts_per_sec_min,0.032130584840347,0.032130584840347
detection,0,duration_microsec_sum,-0.0309327480253721,0.0309327480253721
detection,0,packets_per_sec_max,0.0308913798614799,0.0308913798614799
detection,0,active_std_min,0.0294008671930445,0.0294008671930445
detection,0,subflow_bwd_pkts_min,-0.0282453688632577,0.0282453688632577
detection,0,fwd_pkt_len_std_min,0.0275521019795441,0.0275521019795441
detection,0,window_size_bwd_min,0.0272182360862298,0.0272182360862298
detection,0,fwd_pkt_len_min_min,0.0255543585954986,0.0255543585954986
detection,0,fwd_pkt_len_min_std,-0.0253649824917347,0.0253649824917347
detection,0,bwd_iat_tot_sum,0.0250030400730646,0.0250030400730646
detection,0,pkt_len_min_min,0.0248228549837831,0.0248228549837831
detection,0,active_mean_max,-0.0243718671080593,0.0243718671080593
detection,0,pkt_payload_size_p25,-0.023630185944515,0.023630185944515
detection,0,flow_iat_min_min,0.02129313267215,0.02129313267215
detection,0,duration_sec_sum,0.0207625862335403,0.0207625862335403
detection,0,bwd_iat_max_max,-0.0203287543964091,0.0203287543964091
detection,0,fwd_seg_size_avg_max,0.0182362927469294,0.0182362927469294
detection,0,fwd_pkt_len_mean_max,0.0182362927469294,0.0182362927469294
detection,0,idle_mean_min,-0.0162381644501589,0.0162381644501589
detection,0,bwd_iat_max_min,-0.0157068864583708,0.0157068864583708
detection,0,flow_iat_mean_min,0.0150660173111609,0.0150660173111609
detection,0,active_min_min,-0.0144005719480469,0.0144005719480469
detection,0,down_up_ratio_min,-0.0140662999578406,0.0140662999578406
detection,0,bwd_iat_std_min,0.0132746517646673,0.0132746517646673
detection,0,bwd_iat_min_mean,0.0127989854251071,0.0127989854251071
detection,0,fwd_pkt_len_mean_min,-0.0122602184451657,0.0122602184451657
detection,0,fwd_seg_size_avg_min,-0.0122602184451657,0.0122602184451657
detection,0,active_max_min,0.0120853462796479,0.0120853462796479
detection,0,bwd_iat_tot_min,0.011570002199467,0.011570002199467
detection,0,syn_flag_cnt_min,-0.0110384344983222,0.0110384344983222
detection,0,fwd_psh_flags_min,-0.0110384344983222,0.0110384344983222
detection,0,ack_flag_cnt_min,-0.0110384344983222,0.0110384344983222
detection,0,fin_flag_cnt_mean,0.0104586067806268,0.0104586067806268
detection,0,fwd_iat_tot_mean,-0.0097038972795777,0.0097038972795777
detection,0,fwd_iat_min_min,0.0091723121804315,0.0091723121804315
detection,0,fwd_iat_mean_min,0.0088795570683712,0.0088795570683712
detection,0,packet_count_fwd_max,0.0080805198416514,0.0080805198416514
detection,0,bwd_header_len_min,0.0069889147875943,0.0069889147875943
detection,0,pkt_size_avg_min,-0.006969012756677,0.006969012756677
detection,0,pkt_len_min_mean,0.0057263498002365,0.0057263498002365
detection,0,idle_max_std,-0.0049298099632839,0.0049298099632839
detection,0,fwd_iat_mean_mean,-0.0047468596007465,0.0047468596007465
detection,0,bytes_per_sec_min,0.0046523829428178,0.0046523829428178
detection,0,bwd_iat_min_sum,0.0042664258293584,0.0042664258293584
detection,0,subflow_bwd_pkts_sum,0.0037987123945437,0.0037987123945437
detection,0,pkt_len_mean_min,0.0025528534604924,0.0025528534604924
detection,0,bwd_pkt_len_min_max,-0.0025360612347168,0.0025360612347168
detection,0,active_mean_min,0.0024279241791221,0.0024279241791221
detection,0,idle_min_sum,-0.0024084024221235,0.0024084024221235
detection,0,psh_flag_cnt_min,0.0015896018237698,0.0015896018237698
detection,0,pkt_len_max_min,0.0014292336012123,0.0014292336012123
detection,0,flow_iat_max_min,0.0011463539884706,0.0011463539884706
detection,0,fwd_iat_max_min,0.0009180978454621,0.0009180978454621
detection,0,idle_max_min,0.0005617766423564,0.0005617766423564
detection,0,bwd_urg_flags_min,0.0,0.0
detection,0,fwd_urg_flags_min,0.0,0.0
detection,0,urg_flag_cnt_min,0.0,0.0
detection,0,bwd_urg_flags_mean,0.0,0.0
detection,0,bwd_urg_flags_std,0.0,0.0
detection,0,mask_has_flow_timing_features,0.0,0.0
detection,0,mask_has_traffic_volume_features,0.0,0.0
detection,0,pkt_frag_mf_count,0.0,0.0
detection,0,mask_has_identity_auth,0.0,0.0
detection,0,mask_has_graph_topology,0.0,0.0
detection,0,mask_has_tcp_flags,0.0,0.0
detection,0,cwe_flag_cnt_min,0.0,0.0
detection,0,ece_flag_cnt_min,0.0,0.0
detection,0,fin_flag_cnt_min,0.0,0.0
detection,0,bwd_urg_flags_max,0.0,0.0
detection,0,rst_flag_cnt_min,0.0,0.0
detection,0,bwd_psh_flags_mean,0.0,0.0
detection,0,bwd_psh_flags_sum,0.0,0.0
detection,0,bwd_psh_flags_std,0.0,0.0
detection,0,bwd_psh_flags_max,0.0,0.0
detection,0,bwd_psh_flags_min,0.0,0.0
detection,0,bwd_urg_flags_sum,0.0,0.0
detection,0,bwd_blk_rate_avg_std,0.0,0.0
detection,0,bwd_blk_rate_avg_mean,0.0,0.0
detection,0,bwd_blk_rate_avg_max,0.0,0.0
detection,0,bwd_blk_rate_avg_min,0.0,0.0
detection,0,fwd_blk_rate_avg_max,0.0,0.0
detection,0,bwd_blk_rate_avg_sum,0.0,0.0
detection,0,fwd_byts_b_avg_mean,0.0,0.0
detection,0,fwd_byts_b_avg_std,0.0,0.0
detection,0,fwd_byts_b_avg_sum,0.0,0.0
detection,0,fwd_byts_b_avg_min,0.0,0.0
detection,0,fwd_byts_b_avg_max,0.0,0.0
detection,0,fwd_pkts_b_avg_mean,0.0,0.0
detection,0,fwd_pkts_b_avg_std,0.0,0.0
detection,0,bwd_byts_b_avg_mean,0.0,0.0
detection,0,fwd_pkts_b_avg_min,0.0,0.0
detection,0,fwd_pkts_b_avg_max,0.0,0.0
detection,0,fwd_blk_rate_avg_mean,0.0,0.0
detection,0,fwd_blk_rate_avg_std,0.0,0.0
detection,0,fwd_blk_rate_avg_sum,0.0,0.0
detection,0,fwd_blk_rate_avg_min,0.0,0.0
detection,0,bwd_pkts_b_avg_sum,0.0,0.0
detection,0,bwd_pkts_b_avg_min,0.0,0.0
detection,0,bwd_byts_b_avg_std,0.0,0.0
detection,0,bwd_byts_b_avg_sum,0.0,0.0
detection,0,bwd_byts_b_avg_min,0.0,0.0
detection,0,bwd_byts_b_avg_max,0.0,0.0
detection,0,bwd_pkts_b_avg_mean,0.0,0.0
detection,0,bwd_pkts_b_avg_std,0.0,0.0
detection,0,bwd_pkts_b_avg_max,0.0,0.0
detection,0,fwd_pkts_b_avg_sum,0.0,0.0
detection,0,bwd_pkt_len_min_min,0.0,0.0
detection,1,bwd_iat_std_mean,1.8098368334580373,1.8098368334580373
detection,1,bwd_seg_size_avg_max,1.7954703640985086,1.7954703640985086
detection,1,bwd_pkt_len_mean_max,1.7954703640983771,1.7954703640983771
detection,1,window_size_bwd_std,1.7727990383478875,1.7727990383478875
detection,1,pkt_len_var_std,-1.7564823719441325,1.7564823719441325
detection,1,pkt_len_var_max,-1.6665573139421777,1.6665573139421777
detection,1,fwd_pkt_len_std_mean,1.6127329694002102,1.6127329694002102
detection,1,pkt_tcp_retrans_count,1.6035333182646692,1.6035333182646692
detection,1,byte_count_bwd_std,-1.548497163736739,1.548497163736739
detection,1,pkt_port_scan_seq_score,1.496806269348354,1.496806269348354
detection,1,fwd_pkt_len_max_std,-1.4608517794715732,1.4608517794715732
detection,1,pkt_len_var_mean,-1.4252617206031928,1.4252617206031928
detection,1,flow_iat_std_std,-1.3394330811273956,1.3394330811273956
detection,1,bytes_per_sec_mean,-1.3321101579344166,1.3321101579344166
detection,1,byte_count_fwd_max,1.3166845415535178,1.3166845415535178
detection,1,fwd_seg_size_min_mean,1.2825827718732818,1.2825827718732818
detection,1,bwd_pkt_len_std_mean,-1.1937419880311115,1.1937419880311115
detection,1,bwd_pkt_len_std_max,1.181951898682097,1.181951898682097
detection,1,bytes_per_sec_max,1.0947753545894052,1.0947753545894052
detection,1,pkt_len_std_mean,-1.0690544310457677,1.0690544310457677
detection,1,bwd_iat_max_std,-1.0548924677551494,1.0548924677551494
detection,1,bwd_pkt_len_std_std,1.0515824217553678,1.0515824217553678
detection,1,ack_flag_cnt_std,1.036694716748707,1.036694716748707
detection,1,window_size_fwd_std,-1.0074362918039546,1.0074362918039546
detection,1,packet_count_bwd_std,0.9819846770685312,0.9819846770685312
detection,1,pkt_len_min_std,0.9641233162289652,0.9641233162289652
detection,1,bwd_pkts_per_sec_mean,-0.9493653258432144,0.9493653258432144
detection,1,fwd_pkt_len_std_std,0.9368691973534112,0.9368691973534112
detection,1,bwd_iat_min_max,0.9290815792679696,0.9290815792679696
detection,1,packets_per_sec_mean,-0.9044179153287568,0.9044179153287568
detection,1,byte_count_bwd_max,-0.8966636036446215,0.8966636036446215
detection,1,pkt_payload_size_p95,-0.8576371062945736,0.8576371062945736
detection,1,down_up_ratio_std,-0.8449724578323151,0.8449724578323151
detection,1,byte_count_fwd_std,-0.8242738170641204,0.8242738170641204
detection,1,ece_flag_cnt_std,0.8135823337352818,0.8135823337352818
detection,1,rst_flag_cnt_std,0.7879892108688034,0.7879892108688034
detection,1,pkt_frag_df_count,0.7731654115954117,0.7731654115954117
detection,1,subflow_bwd_pkts_std,-0.7627481914427596,0.7627481914427596
detection,1,pkt_len_max_std,-0.7564643479223178,0.7564643479223178
detection,1,bytes_per_sec_sum,-0.7551075749259172,0.7551075749259172
detection,1,window_size_bwd_sum,-0.7197833405008005,0.7197833405008005
detection,1,bwd_iat_min_std,-0.7102362458892117,0.7102362458892117
detection,1,active_max_sum,0.6887213214002669,0.6887213214002669
detection,1,fwd_iat_mean_std,-0.6800872927432563,0.6800872927432563
detection,1,bwd_header_len_max,0.6789789636283547,0.6789789636283547
detection,1,pkt_len_max_mean,-0.6716363407315081,0.6716363407315081
detection,1,active_std_sum,-0.6702356121084895,0.6702356121084895
detection,1,bwd_pkt_len_min_mean,0.6596834185959108,0.6596834185959108
detection,1,active_mean_sum,-0.6413256926086965,0.6413256926086965
detection,1,subflow_bwd_byts_max,0.6401728691576688,0.6401728691576688
detection,1,pkt_len_mean_max,-0.6326855214618967,0.6326855214618967
detection,1,bwd_pkts_per_sec_std,0.6326262519610238,0.6326262519610238
detection,1,pkt_payload_size_p75,-0.6291268173193156,0.6291268173193156
detection,1,pkt_len_mean_mean,-0.6223925010370868,0.6223925010370868
detection,1,pkt_size_avg_mean,-0.6036617419646256,0.6036617419646256
detection,1,idle_min_std,-0.5927809110583097,0.5927809110583097
detection,1,subflow_bwd_byts_sum,-0.5917314674762395,0.5917314674762395
detection,1,duration_sec_std,0.5914488620341136,0.5914488620341136
detection,1,psh_flag_cnt_std,-0.5869242244878942,0.5869242244878942
detection,1,bwd_iat_mean_sum,-0.5868197567329769,0.5868197567329769
detection,1,subflow_bwd_byts_std,-0.5863918809551624,0.5863918809551624
detection,1,bwd_iat_tot_mean,-0.5791527975593455,0.5791527975593455
detection,1,ece_flag_cnt_sum,0.5706896983761863,0.5706896983761863
detection,1,urg_flag_cnt_std,0.5698655901507269,0.5698655901507269
detection,1,rst_flag_cnt_sum,0.569762902729763,0.569762902729763
detection,1,bwd_iat_mean_std,0.5624666179737701,0.5624666179737701
detection,1,packet_count_bwd_mean,0.560887826504846,0.560887826504846
detection,1,flow_iat_max_std,-0.554668681288991,0.554668681288991
detection,1,urg_flag_cnt_mean,-0.5338745186369712,0.5338745186369712
detection,1,psh_flag_cnt_max,-0.5149657014322422,0.5149657014322422
detection,1,fwd_pkts_per_sec_sum,0.5060273814350036,0.5060273814350036
detection,1,bwd_header_len_std,-0.5023177214224577,0.5023177214224577
detection,1,bwd_pkt_len_min_std,-0.4911967872884246,0.4911967872884246
detection,1,fwd_pkts_per_sec_max,-0.489124014922478,0.489124014922478
detection,1,ack_flag_cnt_max,-0.4734675829119263,0.4734675829119263
detection,1,bwd_iat_mean_max,-0.4730961378965208,0.4730961378965208
detection,1,packets_per_sec_sum,-0.4713575280691537,0.4713575280691537
detection,1,down_up_ratio_max,0.464179231820293,0.464179231820293
detection,1,fwd_iat_min_std,-0.4628300126184934,0.4628300126184934
detection,1,subflow_bwd_byts_mean,-0.4515962461773585,0.4515962461773585
detection,1,fwd_pkts_per_sec_std,0.4488472584896414,0.4488472584896414
detection,1,pkt_len_max_max,0.4462165918790817,0.4462165918790817
detection,1,mask_has_packet_level_features,-0.4449381123571804,0.4449381123571804
detection,1,pkt_ttl_max,-0.4449381123571804,0.4449381123571804
detection,1,window_size_bwd_mean,-0.4435873691206796,0.4435873691206796
detection,1,active_min_std,-0.4357437881496214,0.4357437881496214
detection,1,pkt_len_var_sum,0.4350571052585893,0.4350571052585893
detection,1,unique_dst_ports_count,0.4338309028750999,0.4338309028750999
detection,1,flow_iat_std_sum,-0.4331089186236072,0.4331089186236072
detection,1,pkt_ttl_std,0.414161789416247,0.414161789416247
detection,1,pkt_ttl_mode,0.4101677292392061,0.4101677292392061
detection,1,bwd_pkts_per_sec_sum,-0.4095435258669509,0.4095435258669509
detection,1,bwd_iat_tot_max,-0.4050098115237477,0.4050098115237477
detection,1,idle_std_mean,0.404285951373113,0.404285951373113
detection,1,packet_count_fwd_mean,0.40189440060276,0.40189440060276
detection,1,active_max_std,0.4017061045565295,0.4017061045565295
detection,1,idle_mean_std,-0.3919651791325064,0.3919651791325064
detection,1,bwd_pkt_len_max_std,0.3904093669271572,0.3904093669271572
detection,1,bwd_iat_mean_mean,0.3888805821217737,0.3888805821217737
detection,1,fwd_pkt_len_max_max,0.3798642923610491,0.3798642923610491
detection,1,rst_flag_cnt_max,-0.3793555496047119,0.3793555496047119
detection,1,ece_flag_cnt_max,-0.3793555496047119,0.3793555496047119
detection,1,flow_iat_min_sum,0.3786842756803976,0.3786842756803976
detection,1,bwd_iat_std_std,0.3782858140142585,0.3782858140142585
detection,1,fwd_pkt_len_std_sum,0.3775901166122586,0.3775901166122586
detection,1,bytes_per_sec_std,0.374194804855367,0.374194804855367
detection,1,packet_count_fwd_sum,0.368875714004437,0.368875714004437
detection,1,urg_flag_cnt_max,0.363302626272274,0.363302626272274
detection,1,ack_flag_cnt_sum,0.3602081965406657,0.3602081965406657
detection,1,fwd_pkt_len_mean_sum,0.3597730374817833,0.3597730374817833
detection,1,fwd_seg_size_avg_sum,0.3597730374817833,0.3597730374817833
detection,1,bwd_pkt_len_mean_sum,0.3575465851298354,0.3575465851298354
detection,1,bwd_seg_size_avg_sum,0.357546585129339,0.357546585129339
detection,1,bwd_pkt_len_mean_mean,0.3516121149442894,0.3516121149442894
detection,1,bwd_seg_size_avg_mean,0.3516121149406834,0.3516121149406834
detection,1,fwd_iat_min_sum,0.3497580317981476,0.3497580317981476
detection,1,pkt_len_mean_std,0.3471670772698801,0.3471670772698801
detection,1,window_size_bwd_max,0.3433406301362403,0.3433406301362403
detection,1,fwd_pkt_len_max_sum,0.3401682745776274,0.3401682745776274
detection,1,fwd_iat_max_sum,0.3385657512908033,0.3385657512908033
detection,1,fwd_iat_min_max,0.3341582717662548,0.3341582717662548
detection,1,psh_flag_cnt_mean,0.3301132643036608,0.3301132643036608
detection,1,subflow_bwd_pkts_mean,-0.328588929003137,0.328588929003137
detection,1,fwd_iat_std_mean,0.32582328260163,0.32582328260163
detection,1,pkt_len_min_max,-0.3254183602419216,0.3254183602419216
detection,1,fwd_iat_std_max,0.3235742919341865,0.3235742919341865
detection,1,bwd_iat_max_sum,-0.3210219367506282,0.3210219367506282
detection,1,fwd_iat_std_std,0.3193871865919739,0.3193871865919739
detection,1,flow_iat_mean_sum,0.3162424479397442,0.3162424479397442
detection,1,fwd_iat_std_sum,0.3116637921308642,0.3116637921308642
detection,1,fwd_act_data_pkts_std,0.3107184640538957,0.3107184640538957
detection,1,active_std_mean,-0.3103257246892011,0.3103257246892011
detection,1,flow_iat_mean_std,-0.3068770136239823,0.3068770136239823
detection,1,fwd_pkt_len_std_max,-0.3022710242458813,0.3022710242458813
detection,1,urg_flag_cnt_sum,-0.2987991650999121,0.2987991650999121
detection,1,flow_iat_std_max,-0.2963902201981658,0.2963902201981658
detection,1,duration_microsec_max,0.2957186223214847,0.2957186223214847
detection,1,subflow_fwd_pkts_std,0.2932020746423874,0.2932020746423874
detection,1,fwd_header_len_std,0.2921912115085621,0.2921912115085621
detection,1,fwd_header_len_mean,0.2889990220047544,0.2889990220047544
detection,1,subflow_fwd_pkts_mean,0.2874084905557038,0.2874084905557038
detection,1,fwd_act_data_pkts_mean,0.287373701158269,0.287373701158269
detection,1,byte_count_fwd_mean,-0.2856472390077734,0.2856472390077734
detection,1,pkt_size_avg_std,0.2834536390372026,0.2834536390372026
detection,1,flow_iat_mean_mean,0.2830331539260132,0.2830331539260132
detection,1,fwd_iat_mean_max,0.2821929714536013,0.2821929714536013
detection,1,active_mean_std,-0.2808484440606044,0.2808484440606044
detection,1,pkt_len_std_std,0.2798102753988865,0.2798102753988865
detection,1,active_std_max,0.2772328177476637,0.2772328177476637
detection,1,fwd_header_len_max,0.276774365595642,0.276774365595642
detection,1,fwd_seg_size_avg_mean,-0.2744046555211419,0.2744046555211419
detection,1,fwd_pkt_len_mean_mean,-0.2744046555211419,0.2744046555211419
detection,1,flow_iat_max_max,0.272709112405899,0.272709112405899
detection,1,byte_count_bwd_mean,-0.2709760946742734,0.2709760946742734
detection,1,fwd_iat_tot_max,0.2698270390243958,0.2698270390243958
detection,1,fwd_iat_max_max,-0.2692523274196215,0.2692523274196215
detection,1,subflow_fwd_byts_mean,0.2674639779585454,0.2674639779585454
detection,1,ack_flag_cnt_mean,0.262286041874895,0.262286041874895
detection,1,fwd_header_len_sum,0.2622274754449699,0.2622274754449699
detection,1,fwd_seg_size_min_std,-0.2586321702069962,0.2586321702069962
detection,1,bwd_header_len_sum,0.2584497755883071,0.2584497755883071
detection,1,idle_max_mean,0.256021112289431,0.256021112289431
detection,1,flow_iat_min_mean,0.2546466499021856,0.2546466499021856
detection,1,fwd_iat_tot_std,0.2498324833623864,0.2498324833623864
detection,1,active_min_sum,0.246407508644767,0.246407508644767
detection,1,fwd_seg_size_min_min,-0.2415966036598374,0.2415966036598374
detection,1,pkt_len_mean_sum,0.2366767791386106,0.2366767791386106
detection,1,window_size_fwd_max,-0.2364219323163509,0.2364219323163509
detection,1,bwd_pkt_len_mean_std,0.2360667338821231,0.2360667338821231
detection,1,bwd_seg_size_avg_std,0.2360667338646342,0.2360667338646342
detection,1,duration_microsec_std,0.2303269240367807,0.2303269240367807
detection,1,idle_min_mean,-0.2267542786346397,0.2267542786346397
detection,1,fwd_seg_size_min_sum,0.2257105748926985,0.2257105748926985
detection,1,subflow_fwd_byts_sum,0.221999551144614,0.221999551144614
detection,1,pkt_len_max_sum,0.2217747635118035,0.2217747635118035
detection,1,fwd_pkts_per_sec_mean,0.216573094280338,0.216573094280338
detection,1,packet_count_bwd_sum,0.2109594287433976,0.2109594287433976
detection,1,pkt_len_std_sum,0.2107144108684892,0.2107144108684892
detection,1,down_up_ratio_mean,0.2083386966682487,0.2083386966682487
detection,1,pkt_size_avg_sum,0.2076771970984871,0.2076771970984871
detection,1,cwe_flag_cnt_max,0.2060781442835997,0.2060781442835997
detection,1,fwd_urg_flags_max,0.2060781442835997,0.2060781442835997
detection,1,fwd_act_data_pkts_max,0.204665685500171,0.204665685500171
detection,1,subflow_fwd_pkts_sum,0.20401184302688,0.20401184302688
detection,1,fwd_iat_mean_sum,0.203476394948148,0.203476394948148
detection,1,bwd_iat_max_mean,-0.1980800605503457,0.1980800605503457
detection,1,bwd_pkts_per_sec_max,-0.1921862945070027,0.1921862945070027
detection,1,bwd_pkt_len_min_sum,0.1912690615832494,0.1912690615832494
detection,1,window_size_fwd_sum,0.1907468308468546,0.1907468308468546
detection,1,pkt_ttl_min,-0.1882319186492546,0.1882319186492546
detection,1,fwd_act_data_pkts_sum,0.1869707154762869,0.1869707154762869
detection,1,flow_iat_max_sum,0.1869536935372069,0.1869536935372069
detection,1,flow_iat_std_mean,-0.1815014360836839,0.1815014360836839
detection,1,fwd_seg_size_min_max,-0.1782924519008764,0.1782924519008764
detection,1,byte_count_bwd_sum,-0.1765398781711827,0.1765398781711827
detection,1,down_up_ratio_sum,0.1760237480858403,0.1760237480858403
detection,1,bwd_iat_tot_std,-0.1697905407690852,0.1697905407690852
detection,1,bwd_pkt_len_max_max,-0.1695817697313868,0.1695817697313868
detection,1,pkt_payload_size_p50,-0.1686084009576091,0.1686084009576091
detection,1,fwd_pkt_len_min_mean,-0.1674627687632396,0.1674627687632396
detection,1,flow_iat_min_std,-0.1662493362011083,0.1662493362011083
detection,1,packets_per_sec_std,0.1655701700530787,0.1655701700530787
detection,1,fwd_psh_flags_sum,-0.1620246560370865,0.1620246560370865
detection,1,syn_flag_cnt_sum,-0.1620246560370865,0.1620246560370865
detection,1,active_min_mean,0.160119873183626,0.160119873183626
detection,1,active_max_mean,-0.1577788905021154,0.1577788905021154
detection,1,cwe_flag_cnt_std,0.1568407242496279,0.1568407242496279
detection,1,fwd_urg_flags_std,0.1568407242496279,0.1568407242496279
detection,1,byte_count_fwd_min,0.1555452816419196,0.1555452816419196
detection,1,fwd_pkt_len_max_mean,0.1548947433112364,0.1548947433112364
detection,1,pkt_len_std_max,0.1472979967926154,0.1472979967926154
detection,1,subflow_bwd_pkts_max,0.1427535180816479,0.1427535180816479
detection,1,fwd_urg_flags_mean,-0.1387328598725918,0.1387328598725918
detection,1,cwe_flag_cnt_mean,-0.1387328598725918,0.1387328598725918
detection,1,fin_flag_cnt_std,0.1379193526933729,0.1379193526933729
detection,1,duration_sec_sum,0.1376509089388752,0.1376509089388752
detection,1,subflow_fwd_byts_max,-0.1352579128499549,0.1352579128499549
detection,1,bwd_pkt_len_max_mean,0.1352301549958685,0.1352301549958685
detection,1,flow_iat_max_mean,-0.1314966321275552,0.1314966321275552
detection,1,fwd_act_data_pkts_min,0.1307593644543187,0.1307593644543187
detection,1,packet_count_fwd_std,-0.1295261479171523,0.1295261479171523
detection,1,packets_per_sec_min,-0.1290432308262002,0.1290432308262002
detection,1,bwd_header_len_mean,-0.1263179812603513,0.1263179812603513
detection,1,fwd_psh_flags_std,-0.1227202285965389,0.1227202285965389
detection,1,syn_flag_cnt_std,-0.1227202285965389,0.1227202285965389
detection,1,fwd_iat_min_mean,0.1224233911073009,0.1224233911073009
detection,1,bwd_iat_std_sum,0.1194788083026489,0.1194788083026489
detection,1,fwd_iat_max_mean,0.1170927994487943,0.1170927994487943
detection,1,bwd_iat_min_mean,-0.1169873404406083,0.1169873404406083
detection,1,psh_flag_cnt_sum,0.1095348134824873,0.1095348134824873
detection,1,idle_mean_max,-0.1062672282903752,0.1062672282903752
detection,1,byte_count_fwd_sum,-0.1057324943121444,0.1057324943121444
detection,1,pkt_len_min_sum,-0.101995302900665,0.101995302900665
detection,1,bwd_iat_min_min,-0.1013041632683584,0.1013041632683584
detection,1,subflow_fwd_byts_std,0.0986464003034866,0.0986464003034866
detection,1,idle_max_max,-0.0981659142692811,0.0981659142692811
detection,1,active_min_max,0.0977263614053788,0.0977263614053788
detection,1,idle_max_sum,0.0963879548702464,0.0963879548702464
detection,1,rst_flag_cnt_mean,-0.0924299657146082,0.0924299657146082
detection,1,fwd_pkt_len_min_sum,-0.0922907196655951,0.0922907196655951
detection,1,window_size_fwd_mean,0.091012234248599,0.091012234248599
detection,1,idle_min_max,-0.0892294490350535,0.0892294490350535
detection,1,active_std_std,-0.0835815785339552,0.0835815785339552
detection,1,duration_microsec_min,0.0832189141069296,0.0832189141069296
detection,1,fwd_iat_tot_min,0.0813199069777908,0.0813199069777908
detection,1,pkt_size_avg_max,0.0812972342074515,0.0812972342074515
detection,1,packet_count_bwd_max,0.0805162483532772,0.0805162483532772
detection,1,flow_count,0.080275197340829,0.080275197340829
detection,1,fwd_pkt_len_min_max,-0.0773622688646395,0.0773622688646395
detection,1,active_mean_max,0.07722494104965,0.07722494104965
detection,1,active_max_max,0.0764094223684131,0.0764094223684131
detection,1,fwd_pkt_len_max_min,-0.0746668275097554,0.0746668275097554
detection,1,fin_flag_cnt_max,0.0741413662460548,0.0741413662460548
detection,1,syn_flag_cnt_max,0.0740968176892518,0.0740968176892518
detection,1,fwd_psh_flags_max,0.0740968176892518,0.0740968176892518
detection,1,bwd_iat_min_sum,0.0721305868212712,0.0721305868212712
detection,1,idle_std_sum,0.0712142691593482,0.0712142691593482
detection,1,packet_count_fwd_min,0.0702330869971826,0.0702330869971826
detection,1,bwd_pkt_len_std_sum,-0.0701946705266457,0.0701946705266457
detection,1,fwd_pkt_len_mean_std,0.0690624774119126,0.0690624774119126
detection,1,fwd_seg_size_avg_std,0.0690624774119126,0.0690624774119126
detection,1,fwd_iat_std_min,-0.0689281001015039,0.0689281001015039
detection,1,bwd_iat_mean_min,-0.0685967164999824,0.0685967164999824
detection,1,fin_flag_cnt_sum,0.0684360842095003,0.0684360842095003
detection,1,fin_flag_cnt_mean,-0.0649757806199021,0.0649757806199021
detection,1,flow_iat_min_max,0.0647093371387048,0.0647093371387048
detection,1,syn_flag_cnt_mean,-0.0641430340847154,0.0641430340847154
detection,1,fwd_psh_flags_mean,-0.0641430340847154,0.0641430340847154
detection,1,duration_sec_mean,0.0637570027690334,0.0637570027690334
detection,1,flow_iat_std_min,-0.0629206277694924,0.0629206277694924
detection,1,flow_iat_mean_max,-0.062893095816147,0.062893095816147
detection,1,idle_mean_mean,0.0617371157061354,0.0617371157061354
detection,1,fwd_urg_flags_sum,0.0616426683178708,0.0616426683178708
detection,1,cwe_flag_cnt_sum,0.0616426683178708,0.0616426683178708
detection,1,packet_count_bwd_min,-0.0597565468032144,0.0597565468032144
detection,1,duration_sec_min,0.0583783600025991,0.0583783600025991
detection,1,packet_count_fwd_max,0.0571854992325557,0.0571854992325557
detection,1,idle_std_std,-0.0564825940547256,0.0564825940547256
detection,1,bwd_iat_std_max,-0.0533414874133286,0.0533414874133286
detection,1,subflow_fwd_pkts_max,0.0521126182368174,0.0521126182368174
detection,1,bwd_seg_size_avg_min,0.0517281420350061,0.0517281420350061
detection,1,bwd_pkt_len_mean_min,0.0517281420350061,0.0517281420350061
detection,1,idle_std_min,-0.0502616586565271,0.0502616586565271
detection,1,window_size_fwd_min,0.0491117925184843,0.0491117925184843
detection,1,subflow_fwd_byts_min,-0.0486620923660698,0.0486620923660698
detection,1,subflow_fwd_pkts_min,0.0481554168288939,0.0481554168288939
detection,1,idle_min_sum,-0.0481454037863369,0.0481454037863369
detection,1,active_mean_mean,-0.0479208865276848,0.0479208865276848
detection,1,ece_flag_cnt_mean,-0.0477404013118047,0.0477404013118047
detection,1,fwd_iat_tot_mean,-0.0458897886276162,0.0458897886276162
detection,1,byte_count_bwd_min,0.0453707885523742,0.0453707885523742
detection,1,bwd_pkt_len_max_sum,0.0444844494404581,0.0444844494404581
detection,1,fwd_iat_tot_sum,-0.0444608753440353,0.0444608753440353
detection,1,bwd_iat_max_max,-0.0425024782279337,0.0425024782279337
detection,1,idle_min_min,-0.0414880478916248,0.0414880478916248
detection,1,pkt_len_std_min,0.0382761777678823,0.0382761777678823
detection,1,fwd_header_len_min,-0.0380329002895998,0.0380329002895998
detection,1,fwd_pkt_len_min_std,-0.037554225920039,0.037554225920039
detection,1,bwd_pkt_len_max_min,0.0370784029818058,0.0370784029818058
detection,1,unique_protocols_count,0.0365057640209709,0.0365057640209709
detection,1,pkt_len_var_min,0.0359882420861665,0.0359882420861665
detection,1,bwd_pkt_len_std_min,0.035968769362695,0.035968769362695
detection,1,duration_sec_max,0.0346849771764251,0.0346849771764251
detection,1,subflow_bwd_byts_min,0.034664669953573,0.034664669953573
detection,1,fwd_pkts_per_sec_min,0.0341957375866189,0.0341957375866189
detection,1,bwd_pkts_per_sec_min,0.0341743219036803,0.0341743219036803
detection,1,idle_std_max,-0.0284003694889663,0.0284003694889663
detection,1,bwd_iat_max_min,-0.0282368965877968,0.0282368965877968
detection,1,ack_flag_cnt_min,-0.0277984236846727,0.0277984236846727
detection,1,fwd_psh_flags_min,-0.0277984236846727,0.0277984236846727
detection,1,syn_flag_cnt_min,-0.0277984236846727,0.0277984236846727
detection,1,pkt_len_min_min,0.0272476712711265,0.0272476712711265
detection,1,fwd_pkt_len_min_min,0.0261198423566608,0.0261198423566608
detection,1,fwd_iat_max_std,-0.0257234862930687,0.0257234862930687
detection,1,subflow_bwd_pkts_sum,0.0251763052686953,0.0251763052686953
detection,1,active_std_min,0.0247204267752027,0.0247204267752027
detection,1,duration_microsec_mean,0.0236418044646652,0.0236418044646652
detection,1,down_up_ratio_min,-0.0230409007144473,0.0230409007144473
detection,1,window_size_bwd_min,0.0230302353295967,0.0230302353295967
detection,1,active_min_min,-0.022527340180425,0.022527340180425
detection,1,fwd_pkt_len_std_min,0.0218823948953347,0.0218823948953347
detection,1,bytes_per_sec_min,0.0211379648902895,0.0211379648902895
detection,1,fwd_pkt_len_mean_max,0.0201460218903093,0.0201460218903093
detection,1,fwd_seg_size_avg_max,0.0201460218903093,0.0201460218903093
detection,1,bwd_iat_tot_sum,0.0193974149077079,0.0193974149077079
detection,1,pkt_payload_size_p25,-0.0190307108612329,0.0190307108612329
detection,1,subflow_bwd_pkts_min,-0.0186959275441139,0.0186959275441139
detection,1,flow_iat_min_min,0.0173186541178337,0.0173186541178337
detection,1,idle_mean_min,-0.0162801627665056,0.0162801627665056
detection,1,fwd_iat_mean_mean,0.0152262383556224,0.0152262383556224
detection,1,fwd_seg_size_avg_min,-0.0137936502986532,0.0137936502986532
detection,1,fwd_pkt_len_mean_min,-0.0137936502986532,0.0137936502986532
detection,1,duration_microsec_sum,0.0131854225777116,0.0131854225777116
detection,1,flow_iat_mean_min,0.0113830897202101,0.0113830897202101
detection,1,idle_mean_sum,0.0097692398294941,0.0097692398294941
detection,1,pkt_size_avg_min,-0.0063275559074701,0.0063275559074701
detection,1,active_max_min,0.0060341845958398,0.0060341845958398
detection,1,packets_per_sec_max,-0.0058312334958523,0.0058312334958523
detection,1,bwd_header_len_min,0.0055854069183495,0.0055854069183495
detection,1,fwd_iat_min_min,0.0053994741710606,0.0053994741710606
detection,1,fwd_iat_mean_min,0.0052465611921347,0.0052465611921347
detection,1,active_mean_min,-0.0044974179556592,0.0044974179556592
detection,1,pkt_len_mean_min,0.0044337841322642,0.0044337841322642
detection,1,bwd_iat_tot_min,0.0031522871460129,0.0031522871460129
detection,1,pkt_len_min_mean,0.0031165867245734,0.0031165867245734
detection,1,pkt_len_max_min,0.0029691958861489,0.0029691958861489
detection,1,idle_max_std,0.0027820645838776,0.0027820645838776
detection,1,bwd_iat_std_min,-0.0020183814813718,0.0020183814813718
detection,1,fwd_iat_max_min,-0.0018899104513079,0.0018899104513079
detection,1,flow_iat_max_min,-0.0015352720096114,0.0015352720096114
detection,1,idle_max_min,-0.0012580318720897,0.0012580318720897
detection,1,psh_flag_cnt_min,-0.0007319891249744,0.0007319891249744
detection,1,bwd_pkt_len_min_max,0.0006537284436978,0.0006537284436978
detection,1,urg_flag_cnt_min,0.0,0.0
detection,1,rst_flag_cnt_min,0.0,0.0
detection,1,fin_flag_cnt_min,0.0,0.0
detection,1,cwe_flag_cnt_min,0.0,0.0
detection,1,fwd_urg_flags_min,0.0,0.0
detection,1,mask_has_traffic_volume_features,0.0,0.0
detection,1,mask_has_identity_auth,0.0,0.0
detection,1,mask_has_tcp_flags,0.0,0.0
detection,1,mask_has_flow_timing_features,0.0,0.0
detection,1,pkt_frag_mf_count,0.0,0.0
detection,1,mask_has_graph_topology,0.0,0.0
detection,1,bwd_psh_flags_std,0.0,0.0
detection,1,bwd_psh_flags_mean,0.0,0.0
detection,1,bwd_psh_flags_max,0.0,0.0
detection,1,bwd_psh_flags_min,0.0,0.0
detection,1,bwd_psh_flags_sum,0.0,0.0
detection,1,bwd_urg_flags_min,0.0,0.0
detection,1,bwd_urg_flags_mean,0.0,0.0
detection,1,bwd_urg_flags_std,0.0,0.0
detection,1,bwd_urg_flags_sum,0.0,0.0
detection,1,bwd_urg_flags_max,0.0,0.0
detection,1,ece_flag_cnt_min,0.0,0.0
detection,1,bwd_pkts_b_avg_max,0.0,0.0
detection,1,bwd_blk_rate_avg_mean,0.0,0.0
detection,1,bwd_blk_rate_avg_max,0.0,0.0
detection,1,bwd_blk_rate_avg_std,0.0,0.0
detection,1,bwd_blk_rate_avg_sum,0.0,0.0
detection,1,bwd_blk_rate_avg_min,0.0,0.0
detection,1,bwd_byts_b_avg_mean,0.0,0.0
detection,1,fwd_byts_b_avg_mean,0.0,0.0
detection,1,fwd_byts_b_avg_std,0.0,0.0
detection,1,fwd_byts_b_avg_sum,0.0,0.0
detection,1,fwd_byts_b_avg_min,0.0,0.0
detection,1,fwd_byts_b_avg_max,0.0,0.0
detection,1,fwd_pkts_b_avg_mean,0.0,0.0
detection,1,fwd_blk_rate_avg_max,0.0,0.0
detection,1,fwd_pkts_b_avg_sum,0.0,0.0
detection,1,fwd_pkts_b_avg_min,0.0,0.0
detection,1,fwd_pkts_b_avg_max,0.0,0.0
detection,1,fwd_blk_rate_avg_mean,0.0,0.0
detection,1,fwd_blk_rate_avg_std,0.0,0.0
detection,1,fwd_blk_rate_avg_sum,0.0,0.0
detection,1,fwd_blk_rate_avg_min,0.0,0.0
detection,1,bwd_pkts_b_avg_sum,0.0,0.0
detection,1,bwd_pkts_b_avg_min,0.0,0.0
detection,1,bwd_byts_b_avg_std,0.0,0.0
detection,1,bwd_byts_b_avg_sum,0.0,0.0
detection,1,bwd_byts_b_avg_min,0.0,0.0
detection,1,bwd_byts_b_avg_max,0.0,0.0
detection,1,bwd_pkts_b_avg_mean,0.0,0.0
detection,1,bwd_pkts_b_avg_std,0.0,0.0
detection,1,fwd_pkts_b_avg_std,0.0,0.0
detection,1,bwd_pkt_len_min_min,0.0,0.0
detection,10,window_size_bwd_std,1.8865422147746864,1.8865422147746864
detection,10,fwd_pkt_len_std_mean,1.847242565136086,1.847242565136086
detection,10,byte_count_bwd_std,-1.736534486380502,1.736534486380502
detection,10,bwd_pkt_len_std_mean,-1.7151985482470988,1.7151985482470988
detection,10,fwd_pkt_len_max_std,-1.6155429278956874,1.6155429278956874
detection,10,pkt_tcp_retrans_count,1.471644967022849,1.471644967022849
detection,10,pkt_port_scan_seq_score,1.3712761777867943,1.3712761777867943
detection,10,bytes_per_sec_mean,-1.349137301055115,1.349137301055115
detection,10,byte_count_fwd_max,1.338374401690264,1.338374401690264
detection,10,bwd_iat_std_mean,1.3265324173574216,1.3265324173574216
detection,10,flow_iat_std_std,-1.2880959620646348,1.2880959620646348
detection,10,bytes_per_sec_max,1.2812616444374143,1.2812616444374143
detection,10,down_up_ratio_std,-1.211696752970674,1.211696752970674
detection,10,window_size_fwd_std,-1.16010422143395,1.16010422143395
detection,10,packet_count_bwd_std,1.1544975565913138,1.1544975565913138
detection,10,bwd_iat_max_std,-1.1341698967495153,1.1341698967495153
detection,10,pkt_len_std_mean,-1.0486890147600556,1.0486890147600556
detection,10,bwd_iat_mean_std,1.020591110225682,1.020591110225682
detection,10,bwd_iat_min_std,-1.018724088890847,1.018724088890847
detection,10,ack_flag_cnt_std,1.003531019389889,1.003531019389889
detection,10,bwd_seg_size_avg_max,1.0000532226345122,1.0000532226345122
detection,10,bwd_pkt_len_mean_max,1.0000532226343013,1.0000532226343013
detection,10,fwd_seg_size_min_mean,0.9775265037168636,0.9775265037168636
detection,10,bwd_pkts_per_sec_sum,-0.9460010441659764,0.9460010441659764
detection,10,pkt_len_min_std,0.9442030184841902,0.9442030184841902
detection,10,bytes_per_sec_sum,-0.9427606019577344,0.9427606019577344
detection,10,bwd_pkt_len_std_std,0.9343107180175758,0.9343107180175758
detection,10,urg_flag_cnt_mean,-0.9000405752290642,0.9000405752290642
detection,10,pkt_len_mean_max,-0.8659225331913167,0.8659225331913167
detection,10,bwd_iat_min_max,0.8632213991336622,0.8632213991336622
detection,10,bwd_pkt_len_min_mean,0.8252104585334896,0.8252104585334896
detection,10,subflow_bwd_byts_sum,-0.8238192452424562,0.8238192452424562
detection,10,urg_flag_cnt_max,0.8203349763172917,0.8203349763172917
detection,10,fwd_pkt_len_std_std,0.8150570661530236,0.8150570661530236
detection,10,bwd_pkt_len_std_max,0.8132254369223152,0.8132254369223152
detection,10,byte_count_bwd_max,-0.7770615011518455,0.7770615011518455
detection,10,pkt_payload_size_p95,-0.7653279929763794,0.7653279929763794
detection,10,active_max_sum,0.7391230292132329,0.7391230292132329
detection,10,bwd_iat_mean_sum,-0.724518722347476,0.724518722347476
detection,10,pkt_len_mean_mean,-0.7234285015502022,0.7234285015502022
detection,10,pkt_size_avg_mean,-0.708194391916198,0.708194391916198
detection,10,byte_count_fwd_std,-0.7041555808642204,0.7041555808642204
detection,10,bwd_pkt_len_max_std,0.6993898756246542,0.6993898756246542
detection,10,ece_flag_cnt_sum,0.6849759403613233,0.6849759403613233
detection,10,rst_flag_cnt_sum,0.6841592355343157,0.6841592355343157
detection,10,duration_sec_std,0.6793939199886874,0.6793939199886874
detection,10,window_size_bwd_sum,-0.6719676957318091,0.6719676957318091
detection,10,bwd_pkts_per_sec_std,0.671760519487971,0.671760519487971
detection,10,pkt_frag_df_count,0.6673521701099155,0.6673521701099155
detection,10,active_mean_sum,-0.667046121342013,0.667046121342013
detection,10,fwd_iat_mean_std,-0.6660443097824096,0.6660443097824096
detection,10,ece_flag_cnt_std,0.6638804897379026,0.6638804897379026
detection,10,window_size_bwd_mean,-0.6558139845680516,0.6558139845680516
detection,10,rst_flag_cnt_std,0.6404721924767098,0.6404721924767098
detection,10,subflow_bwd_pkts_std,-0.6378960532401563,0.6378960532401563
detection,10,byte_count_bwd_mean,-0.6314420338441763,0.6314420338441763
detection,10,pkt_len_max_mean,-0.628174010518985,0.628174010518985
detection,10,pkt_len_var_sum,0.6151588805516839,0.6151588805516839
detection,10,flow_iat_max_std,-0.6095814844278863,0.6095814844278863
detection,10,fwd_header_len_max,0.6031314939607825,0.6031314939607825
detection,10,urg_flag_cnt_std,0.6008164548492333,0.6008164548492333
detection,10,fwd_seg_size_min_std,-0.594678246065292,0.594678246065292
detection,10,bwd_header_len_max,0.5896125526002052,0.5896125526002052
detection,10,packet_count_bwd_mean,0.586430665081165,0.586430665081165
detection,10,pkt_len_std_std,0.5853575529848984,0.5853575529848984
detection,10,bwd_iat_tot_mean,-0.5824393255848606,0.5824393255848606
detection,10,active_std_sum,-0.5774307127482955,0.5774307127482955
detection,10,pkt_payload_size_p75,-0.5651182148026521,0.5651182148026521
detection,10,packet_count_fwd_mean,0.545082483038139,0.545082483038139
detection,10,bwd_iat_mean_mean,0.5427160000979722,0.5427160000979722
detection,10,bwd_pkt_len_mean_sum,0.5389447901947503,0.5389447901947503
detection,10,bwd_seg_size_avg_sum,0.5389447901942768,0.5389447901942768
detection,10,psh_flag_cnt_mean,0.5355378351478435,0.5355378351478435
detection,10,byte_count_bwd_sum,-0.5324002505071456,0.5324002505071456
detection,10,pkt_len_max_std,-0.5275467091800403,0.5275467091800403
detection,10,fwd_pkt_len_max_max,0.5271322476101318,0.5271322476101318
detection,10,bwd_iat_mean_max,-0.5076508669013854,0.5076508669013854
detection,10,down_up_ratio_max,0.4939430250804871,0.4939430250804871
detection,10,ack_flag_cnt_sum,0.4789716866397802,0.4789716866397802
detection,10,psh_flag_cnt_max,-0.4702812723095524,0.4702812723095524
detection,10,flow_iat_std_sum,-0.4693189055063066,0.4693189055063066
detection,10,subflow_bwd_byts_max,0.4563667721507738,0.4563667721507738
detection,10,active_std_mean,-0.4524793810985565,0.4524793810985565
detection,10,fwd_pkt_len_mean_sum,0.4261351834023651,0.4261351834023651
detection,10,fwd_seg_size_avg_sum,0.4261351834023651,0.4261351834023651
detection,10,idle_min_std,-0.4237834539959921,0.4237834539959921
detection,10,fwd_pkt_len_std_sum,0.4226862465677574,0.4226862465677574
detection,10,fwd_pkts_per_sec_max,-0.4160790334462365,0.4160790334462365
detection,10,fwd_iat_std_mean,0.4147335574126531,0.4147335574126531
detection,10,idle_max_mean,0.409914460113901,0.409914460113901
detection,10,active_max_std,0.40755666650749,0.40755666650749
detection,10,mask_has_packet_level_features,-0.4031832753001881,0.4031832753001881
detection,10,pkt_ttl_max,-0.4031832753001881,0.4031832753001881
detection,10,idle_std_mean,0.3996971761699425,0.3996971761699425
detection,10,fwd_iat_min_std,-0.3913173087761419,0.3913173087761419
detection,10,window_size_fwd_mean,0.3905964464488701,0.3905964464488701
detection,10,pkt_len_mean_sum,0.3899231040599589,0.3899231040599589
detection,10,fwd_pkt_len_max_sum,0.3870446580451043,0.3870446580451043
detection,10,window_size_bwd_max,0.3825315322155699,0.3825315322155699
detection,10,fwd_iat_std_sum,0.3730605483218892,0.3730605483218892
detection,10,fwd_iat_max_sum,0.3698667080736927,0.3698667080736927
detection,10,pkt_len_var_mean,-0.3655340776689684,0.3655340776689684
detection,10,pkt_ttl_std,0.3650081969968762,0.3650081969968762
detection,10,pkt_ttl_mode,0.3613745800766986,0.3613745800766986
detection,10,fwd_pkts_per_sec_sum,0.3501832236144259,0.3501832236144259
detection,10,pkt_size_avg_sum,0.3461075159146523,0.3461075159146523
detection,10,fwd_iat_std_std,0.3452460019950708,0.3452460019950708
detection,10,pkt_len_max_max,0.344324546926937,0.344324546926937
detection,10,down_up_ratio_mean,0.3434973536193139,0.3434973536193139
detection,10,fwd_iat_min_max,0.3430823736784018,0.3430823736784018
detection,10,down_up_ratio_sum,0.3377257857098769,0.3377257857098769
detection,10,pkt_size_avg_max,0.3367002778766569,0.3367002778766569
detection,10,active_min_std,-0.3279578492106852,0.3279578492106852
detection,10,packet_count_bwd_max,0.3249388612306955,0.3249388612306955
detection,10,fwd_header_len_std,0.3244604358303469,0.3244604358303469
detection,10,ack_flag_cnt_max,-0.3228591274214005,0.3228591274214005
detection,10,pkt_len_max_sum,0.3202548207527488,0.3202548207527488
detection,10,active_mean_std,-0.316172664007447,0.316172664007447
detection,10,cwe_flag_cnt_std,0.3146662042992356,0.3146662042992356
detection,10,fwd_urg_flags_std,0.3146662042992356,0.3146662042992356
detection,10,rst_flag_cnt_max,-0.3138405212604742,0.3138405212604742
detection,10,ece_flag_cnt_max,-0.3138405212604742,0.3138405212604742
detection,10,pkt_len_min_max,-0.310368399056967,0.310368399056967
detection,10,subflow_fwd_pkts_std,0.3061703471481516,0.3061703471481516
detection,10,pkt_len_std_sum,0.3045459106945801,0.3045459106945801
detection,10,flow_iat_min_sum,0.3043813913495886,0.3043813913495886
detection,10,fwd_pkts_per_sec_mean,0.3041474081988159,0.3041474081988159
detection,10,fwd_iat_mean_max,0.3020643645741188,0.3020643645741188
detection,10,fwd_act_data_pkts_std,0.2970105816452078,0.2970105816452078
detection,10,packets_per_sec_max,-0.2955757061760025,0.2955757061760025
detection,10,fwd_iat_tot_std,0.2897096120898269,0.2897096120898269
detection,10,fwd_iat_min_sum,0.2882508938742917,0.2882508938742917
detection,10,packets_per_sec_sum,-0.2874973638554228,0.2874973638554228
detection,10,fwd_iat_max_max,-0.2848228336851166,0.2848228336851166
detection,10,flow_iat_max_mean,-0.28459134172549,0.28459134172549
detection,10,active_std_max,0.274747688817941,0.274747688817941
detection,10,pkt_len_mean_std,0.2743083246924045,0.2743083246924045
detection,10,byte_count_fwd_sum,-0.2696973135365896,0.2696973135365896
detection,10,duration_sec_sum,-0.2687206765993712,0.2687206765993712
detection,10,active_std_std,-0.268412150576123,0.268412150576123
detection,10,duration_microsec_max,0.2665249585402349,0.2665249585402349
detection,10,bwd_pkt_len_min_std,-0.2661300121401411,0.2661300121401411
detection,10,fwd_header_len_mean,0.2643511603381382,0.2643511603381382
detection,10,fwd_seg_size_min_sum,0.2637686370310495,0.2637686370310495
detection,10,subflow_fwd_pkts_mean,0.2628455566049514,0.2628455566049514
detection,10,fwd_act_data_pkts_mean,0.2617384725934011,0.2617384725934011
detection,10,bwd_pkts_per_sec_mean,-0.2594816706679118,0.2594816706679118
detection,10,duration_microsec_std,0.2588183025653089,0.2588183025653089
detection,10,subflow_bwd_byts_mean,0.2578297138594648,0.2578297138594648
detection,10,idle_mean_mean,0.2556467528029245,0.2556467528029245
detection,10,active_max_mean,-0.2488467659840811,0.2488467659840811
detection,10,fwd_iat_std_max,0.2450847584710493,0.2450847584710493
detection,10,bwd_iat_std_std,0.242740405012976,0.242740405012976
detection,10,fwd_seg_size_avg_mean,-0.2421971828302842,0.2421971828302842
detection,10,fwd_pkt_len_mean_mean,-0.2421971828302842,0.2421971828302842
detection,10,bwd_iat_tot_max,-0.2416437168036846,0.2416437168036846
detection,10,idle_mean_std,-0.241465295375598,0.241465295375598
detection,10,packet_count_fwd_std,-0.2401747225679154,0.2401747225679154
detection,10,bwd_pkts_per_sec_max,-0.2371359905234045,0.2371359905234045
detection,10,flow_iat_std_max,-0.235260976073731,0.235260976073731
detection,10,subflow_fwd_pkts_max,0.2313352491523234,0.2313352491523234
detection,10,bwd_pkt_len_min_sum,0.2300089086376698,0.2300089086376698
detection,10,packets_per_sec_mean,-0.2299905212639261,0.2299905212639261
detection,10,flow_iat_mean_sum,0.2284244202803724,0.2284244202803724
detection,10,fwd_header_len_sum,0.2266892913059028,0.2266892913059028
detection,10,flow_iat_max_max,0.2243041812422739,0.2243041812422739
detection,10,bwd_pkt_len_mean_std,0.2239662731838619,0.2239662731838619
detection,10,bwd_seg_size_avg_std,0.223966273166607,0.223966273166607
detection,10,packet_count_bwd_min,-0.2237663094047887,0.2237663094047887
detection,10,flow_iat_std_mean,-0.2237180359421255,0.2237180359421255
detection,10,bwd_pkt_len_max_sum,0.221306304257893,0.221306304257893
detection,10,pkt_len_var_max,0.215474447755765,0.215474447755765
detection,10,bwd_header_len_std,-0.2108880572065998,0.2108880572065998
detection,10,fwd_pkt_len_std_max,-0.2107685497230087,0.2107685497230087
detection,10,bytes_per_sec_std,0.2106547746478855,0.2106547746478855
detection,10,subflow_fwd_byts_mean,0.2061038495381107,0.2061038495381107
detection,10,fwd_pkt_len_max_mean,0.2060180908792899,0.2060180908792899
detection,10,byte_count_fwd_min,0.2032666441856914,0.2032666441856914
detection,10,fwd_urg_flags_mean,-0.2015692543189094,0.2015692543189094
detection,10,cwe_flag_cnt_mean,-0.2015692543189094,0.2015692543189094
detection,10,active_max_max,0.1977082408136811,0.1977082408136811
detection,10,idle_max_sum,0.1913838824526144,0.1913838824526144
detection,10,subflow_fwd_byts_sum,0.1911761128896495,0.1911761128896495
detection,10,flow_iat_max_sum,0.1906518488019329,0.1906518488019329
detection,10,subflow_bwd_byts_std,-0.1862883421147032,0.1862883421147032
detection,10,subflow_bwd_pkts_sum,-0.1783076740831158,0.1783076740831158
detection,10,bwd_pkt_len_max_max,-0.1781812103779538,0.1781812103779538
detection,10,subflow_fwd_pkts_sum,0.1781693889127664,0.1781693889127664
detection,10,window_size_fwd_max,-0.1764977384078284,0.1764977384078284
detection,10,idle_max_max,-0.1764772135546004,0.1764772135546004
detection,10,pkt_ttl_min,-0.1761741738645487,0.1761741738645487
detection,10,unique_dst_ports_count,0.175958201303797,0.175958201303797
detection,10,fin_flag_cnt_max,0.1755038401215088,0.1755038401215088
detection,10,fwd_pkt_len_min_mean,-0.1723857974527589,0.1723857974527589
detection,10,bwd_iat_std_sum,0.171203990707149,0.171203990707149
detection,10,fwd_seg_size_min_min,-0.1694919048195232,0.1694919048195232
detection,10,fwd_pkt_len_min_sum,-0.1674206320749949,0.1674206320749949
detection,10,active_min_sum,0.1645918171029872,0.1645918171029872
detection,10,pkt_len_min_sum,-0.1633893591105794,0.1633893591105794
detection,10,subflow_fwd_byts_max,-0.1624587388402666,0.1624587388402666
detection,10,pkt_size_avg_std,0.1621243855565878,0.1621243855565878
detection,10,packets_per_sec_min,-0.159765428887998,0.159765428887998
detection,10,fwd_act_data_pkts_sum,0.1589472569250679,0.1589472569250679
detection,10,pkt_payload_size_p50,-0.1587442655906852,0.1587442655906852
detection,10,window_size_fwd_sum,0.1579577473121121,0.1579577473121121
detection,10,active_mean_mean,-0.1570091557847465,0.1570091557847465
detection,10,bwd_iat_max_sum,-0.1538715600319661,0.1538715600319661
detection,10,flow_count,0.1505991829339137,0.1505991829339137
detection,10,fwd_act_data_pkts_min,0.1455262967190216,0.1455262967190216
detection,10,fwd_iat_mean_mean,-0.1441205526849472,0.1441205526849472
detection,10,fwd_iat_max_std,-0.1440189091933982,0.1440189091933982
detection,10,fwd_seg_size_min_max,-0.1424564282444346,0.1424564282444346
detection,10,bwd_iat_max_mean,-0.1411655998179668,0.1411655998179668
detection,10,duration_sec_max,0.1394431560512913,0.1394431560512913
detection,10,subflow_bwd_pkts_mean,-0.1392111448426168,0.1392111448426168
detection,10,subflow_bwd_pkts_max,-0.136950508328511,0.136950508328511
detection,10,fwd_act_data_pkts_max,0.1367377536487012,0.1367377536487012
detection,10,flow_iat_mean_std,-0.1353262262112613,0.1353262262112613
detection,10,packet_count_fwd_min,0.1347600304901242,0.1347600304901242
detection,10,fwd_iat_mean_sum,0.1293031148230872,0.1293031148230872
detection,10,packet_count_fwd_sum,0.1280390144721053,0.1280390144721053
detection,10,flow_iat_mean_mean,0.1272420784091264,0.1272420784091264
detection,10,fwd_psh_flags_std,-0.1264550303302286,0.1264550303302286
detection,10,syn_flag_cnt_std,-0.1264550303302286,0.1264550303302286
detection,10,idle_std_std,0.1264009015446419,0.1264009015446419
detection,10,ack_flag_cnt_mean,0.1254868201868743,0.1254868201868743
detection,10,psh_flag_cnt_sum,0.1198929047029605,0.1198929047029605
detection,10,flow_iat_min_max,0.1177276037986814,0.1177276037986814
detection,10,bwd_iat_tot_std,-0.1172817855942405,0.1172817855942405
detection,10,fwd_iat_tot_sum,-0.1161150521586085,0.1161150521586085
detection,10,fwd_urg_flags_max,0.1131893963908114,0.1131893963908114
detection,10,cwe_flag_cnt_max,0.1131893963908114,0.1131893963908114
detection,10,fwd_pkts_per_sec_std,0.1101478907702696,0.1101478907702696
detection,10,idle_mean_sum,0.0996658184792802,0.0996658184792802
detection,10,duration_microsec_min,0.0926456693717525,0.0926456693717525
detection,10,fwd_iat_tot_min,0.091544317749312,0.091544317749312
detection,10,bwd_iat_min_min,-0.0882131191410704,0.0882131191410704
detection,10,active_mean_max,0.0871199978513446,0.0871199978513446
detection,10,idle_std_max,-0.0857850438614933,0.0857850438614933
detection,10,duration_microsec_sum,-0.0841849256116424,0.0841849256116424
detection,10,bwd_iat_tot_sum,-0.0837850500597326,0.0837850500597326
detection,10,duration_sec_min,0.0834546885237502,0.0834546885237502
detection,10,fwd_pkt_len_min_std,0.0829903456263556,0.0829903456263556
detection,10,fwd_iat_max_mean,0.082573818746376,0.082573818746376
detection,10,fwd_iat_min_mean,-0.0819045902754986,0.0819045902754986
detection,10,syn_flag_cnt_mean,-0.0813063272072293,0.0813063272072293
detection,10,fwd_psh_flags_mean,-0.0813063272072293,0.0813063272072293
detection,10,subflow_bwd_pkts_min,-0.0798278742107244,0.0798278742107244
detection,10,packet_count_fwd_max,-0.0776744447047963,0.0776744447047963
detection,10,syn_flag_cnt_sum,-0.0755475323652852,0.0755475323652852
detection,10,fwd_psh_flags_sum,-0.0755475323652852,0.0755475323652852
detection,10,fwd_iat_tot_mean,0.07519791790282,0.07519791790282
detection,10,active_min_mean,0.0714664905939429,0.0714664905939429
detection,10,flow_iat_min_mean,0.0704887237365694,0.0704887237365694
detection,10,duration_microsec_mean,0.0703142742152381,0.0703142742152381
detection,10,idle_mean_max,-0.0699607773757364,0.0699607773757364
detection,10,subflow_fwd_pkts_min,0.0694223663326623,0.0694223663326623
detection,10,duration_sec_mean,0.0689389764077284,0.0689389764077284
detection,10,fin_flag_cnt_mean,0.0633640177049739,0.0633640177049739
detection,10,subflow_fwd_byts_std,-0.0608566450300897,0.0608566450300897
detection,10,bwd_iat_min_sum,0.0608371919892029,0.0608371919892029
detection,10,flow_iat_min_std,0.0595125856055688,0.0595125856055688
detection,10,bwd_iat_min_mean,-0.05923654557658,0.05923654557658
detection,10,bytes_per_sec_min,0.0582292623998002,0.0582292623998002
detection,10,byte_count_bwd_min,0.0573081748988499,0.0573081748988499
detection,10,fwd_seg_size_avg_std,-0.0569335268305321,0.0569335268305321
detection,10,fwd_pkt_len_mean_std,-0.0569335268305321,0.0569335268305321
detection,10,bwd_pkt_len_mean_min,0.0559926682562444,0.0559926682562444
detection,10,bwd_seg_size_avg_min,0.0559926682562444,0.0559926682562444
detection,10,fin_flag_cnt_std,0.0548785929867142,0.0548785929867142
detection,10,syn_flag_cnt_max,0.054231973940909,0.054231973940909
detection,10,fwd_psh_flags_max,0.054231973940909,0.054231973940909
detection,10,rst_flag_cnt_mean,-0.0529300540349231,0.0529300540349231
detection,10,fwd_iat_std_min,-0.0521411789611802,0.0521411789611802
detection,10,pkt_len_std_min,0.0519711205942892,0.0519711205942892
detection,10,fwd_urg_flags_sum,0.0514569105594628,0.0514569105594628
detection,10,cwe_flag_cnt_sum,0.0514569105594628,0.0514569105594628
detection,10,bwd_pkt_len_max_min,0.0513437919062727,0.0513437919062727
detection,10,fwd_iat_tot_max,0.0510294913775516,0.0510294913775516
detection,10,subflow_bwd_byts_min,0.0505094820910293,0.0505094820910293
detection,10,idle_max_std,0.0501727210265126,0.0501727210265126
detection,10,idle_min_max,-0.049595067327984,0.049595067327984
detection,10,bwd_pkt_len_std_sum,0.0493605238159364,0.0493605238159364
detection,10,pkt_len_var_min,0.0490627667089385,0.0490627667089385
detection,10,bwd_header_len_sum,0.0474532873547932,0.0474532873547932
detection,10,bwd_pkt_len_std_min,0.0472136535022127,0.0472136535022127
detection,10,flow_iat_std_min,-0.0472104041029463,0.0472104041029463
detection,10,packet_count_bwd_sum,-0.0450745722637284,0.0450745722637284
detection,10,idle_min_sum,0.0448616530565821,0.0448616530565821
detection,10,bwd_pkt_len_max_mean,-0.0447243028675209,0.0447243028675209
detection,10,fwd_pkt_len_std_min,0.0436931909992771,0.0436931909992771
detection,10,window_size_bwd_min,0.0435896953094515,0.0435896953094515
detection,10,bwd_iat_mean_min,-0.0427129592815953,0.0427129592815953
detection,10,active_min_max,0.0426813416778746,0.0426813416778746
detection,10,idle_min_mean,-0.0400199550528457,0.0400199550528457
detection,10,idle_min_min,-0.0399394678359659,0.0399394678359659
detection,10,fwd_pkt_len_max_min,-0.0396203128271769,0.0396203128271769
detection,10,idle_std_sum,0.0380258148296194,0.0380258148296194
detection,10,unique_protocols_count,0.0369987368785606,0.0369987368785606
detection,10,idle_std_min,-0.0362902364744513,0.0362902364744513
detection,10,fwd_pkt_len_min_max,-0.0358861591553391,0.0358861591553391
detection,10,fwd_pkt_len_min_min,0.0341811470442826,0.0341811470442826
detection,10,pkt_len_min_min,0.0335529029734783,0.0335529029734783
detection,10,bwd_pkt_len_min_max,-0.0328383384855368,0.0328383384855368
detection,10,pkt_len_var_std,-0.0319209854099591,0.0319209854099591
detection,10,urg_flag_cnt_sum,0.0307171791795018,0.0307171791795018
detection,10,bwd_iat_tot_min,0.0292689995919558,0.0292689995919558
detection,10,bwd_iat_std_min,0.0292555717932851,0.0292555717932851
detection,10,bwd_iat_std_max,-0.0291946333842429,0.0291946333842429
detection,10,fin_flag_cnt_sum,0.0280056057605486,0.0280056057605486
detection,10,bwd_header_len_mean,-0.027637192449866,0.027637192449866
detection,10,byte_count_fwd_mean,-0.0256986943135704,0.0256986943135704
detection,10,pkt_payload_size_p25,-0.0254814561056434,0.0254814561056434
detection,10,fwd_seg_size_avg_max,0.0223660910631525,0.0223660910631525
detection,10,fwd_pkt_len_mean_max,0.0223660910631525,0.0223660910631525
detection,10,window_size_fwd_min,0.0220516897566763,0.0220516897566763
detection,10,active_std_min,0.0215868798014859,0.0215868798014859
detection,10,subflow_fwd_byts_min,-0.0197072681788737,0.0197072681788737
detection,10,pkt_len_mean_min,0.0192392597321635,0.0192392597321635
detection,10,pkt_len_max_min,0.0178955659240445,0.0178955659240445
detection,10,idle_mean_min,-0.0167953533607286,0.0167953533607286
detection,10,flow_iat_min_min,0.0140423967560562,0.0140423967560562
detection,10,down_up_ratio_min,-0.0132451291390111,0.0132451291390111
detection,10,ece_flag_cnt_mean,-0.0131620615967618,0.0131620615967618
detection,10,active_min_min,-0.0123867022954002,0.0123867022954002
detection,10,bwd_pkts_per_sec_min,0.0118941322827636,0.0118941322827636
detection,10,fwd_pkts_per_sec_min,0.0118890081890752,0.0118890081890752
detection,10,fwd_header_len_min,-0.0117516468687437,0.0117516468687437
detection,10,psh_flag_cnt_std,-0.0105833935423524,0.0105833935423524
detection,10,packets_per_sec_std,0.010495952673366,0.010495952673366
detection,10,flow_iat_mean_max,-0.0085605238369853,0.0085605238369853
detection,10,flow_iat_mean_min,0.008363802000659,0.008363802000659
detection,10,fwd_seg_size_avg_min,0.008196917567675,0.008196917567675
detection,10,fwd_pkt_len_mean_min,0.008196917567675,0.008196917567675
detection,10,pkt_size_avg_min,0.0081130023316076,0.0081130023316076
detection,10,active_max_min,0.0079809937687929,0.0079809937687929
detection,10,bwd_pkt_len_mean_mean,0.0076243686206209,0.0076243686206209
detection,10,bwd_seg_size_avg_mean,0.0076243686172415,0.0076243686172415
detection,10,bwd_header_len_min,-0.0072539340531225,0.0072539340531225
detection,10,bwd_iat_max_max,0.0066547234374958,0.0066547234374958
detection,10,fwd_psh_flags_min,-0.0059998443110031,0.0059998443110031
detection,10,syn_flag_cnt_min,-0.0059998443110031,0.0059998443110031
detection,10,ack_flag_cnt_min,-0.0059998443110031,0.0059998443110031
detection,10,pkt_len_std_max,0.005793621065157,0.005793621065157
detection,10,psh_flag_cnt_min,-0.0046942744068076,0.0046942744068076
detection,10,bwd_iat_max_min,0.0039813019609379,0.0039813019609379
detection,10,idle_max_min,-0.0030213321913263,0.0030213321913263
detection,10,fwd_iat_mean_min,0.0027930502281296,0.0027930502281296
detection,10,fwd_iat_max_min,-0.0022566439647013,0.0022566439647013
detection,10,flow_iat_max_min,-0.0022099261656976,0.0022099261656976
detection,10,fwd_iat_min_min,-0.0020163319609184,0.0020163319609184
detection,10,pkt_len_min_mean,0.000606718756625,0.000606718756625
detection,10,active_mean_min,0.0005046514219625,0.0005046514219625
detection,10,urg_flag_cnt_min,0.0,0.0
detection,10,fin_flag_cnt_min,0.0,0.0
detection,10,mask_has_tcp_flags,0.0,0.0
detection,10,cwe_flag_cnt_min,0.0,0.0
detection,10,rst_flag_cnt_min,0.0,0.0
detection,10,bwd_urg_flags_max,0.0,0.0
detection,10,pkt_frag_mf_count,0.0,0.0
detection,10,mask_has_graph_topology,0.0,0.0
detection,10,mask_has_traffic_volume_features,0.0,0.0
detection,10,mask_has_flow_timing_features,0.0,0.0
detection,10,bwd_urg_flags_min,0.0,0.0
detection,10,bwd_psh_flags_std,0.0,0.0
detection,10,bwd_psh_flags_mean,0.0,0.0
detection,10,fwd_urg_flags_min,0.0,0.0
detection,10,bwd_psh_flags_sum,0.0,0.0
detection,10,bwd_psh_flags_min,0.0,0.0
detection,10,bwd_psh_flags_max,0.0,0.0
detection,10,bwd_urg_flags_mean,0.0,0.0
detection,10,bwd_urg_flags_std,0.0,0.0
detection,10,bwd_urg_flags_sum,0.0,0.0
detection,10,mask_has_identity_auth,0.0,0.0
detection,10,ece_flag_cnt_min,0.0,0.0
detection,10,bwd_pkt_len_min_min,0.0,0.0
detection,10,bwd_blk_rate_avg_min,0.0,0.0
detection,10,bwd_blk_rate_avg_sum,0.0,0.0
detection,10,bwd_blk_rate_avg_std,0.0,0.0
detection,10,bwd_byts_b_avg_mean,0.0,0.0
detection,10,fwd_byts_b_avg_mean,0.0,0.0
detection,10,bwd_blk_rate_avg_max,0.0,0.0
detection,10,fwd_byts_b_avg_sum,0.0,0.0
detection,10,fwd_byts_b_avg_min,0.0,0.0
detection,10,fwd_byts_b_avg_max,0.0,0.0
detection,10,fwd_pkts_b_avg_mean,0.0,0.0
detection,10,fwd_pkts_b_avg_std,0.0,0.0
detection,10,fwd_pkts_b_avg_sum,0.0,0.0
detection,10,fwd_pkts_b_avg_min,0.0,0.0
detection,10,fwd_byts_b_avg_std,0.0,0.0
detection,10,fwd_blk_rate_avg_mean,0.0,0.0
detection,10,fwd_blk_rate_avg_std,0.0,0.0
detection,10,fwd_blk_rate_avg_sum,0.0,0.0
detection,10,fwd_blk_rate_avg_min,0.0,0.0
detection,10,fwd_blk_rate_avg_max,0.0,0.0
detection,10,bwd_pkts_b_avg_min,0.0,0.0
detection,10,bwd_byts_b_avg_std,0.0,0.0
detection,10,bwd_byts_b_avg_sum,0.0,0.0
detection,10,bwd_byts_b_avg_min,0.0,0.0
detection,10,bwd_byts_b_avg_max,0.0,0.0
detection,10,bwd_pkts_b_avg_mean,0.0,0.0
detection,10,bwd_pkts_b_avg_std,0.0,0.0
detection,10,bwd_pkts_b_avg_sum,0.0,0.0
detection,10,bwd_blk_rate_avg_mean,0.0,0.0
detection,10,bwd_pkts_b_avg_max,0.0,0.0
detection,10,fwd_pkts_b_avg_max,0.0,0.0
detection,11,window_size_bwd_std,1.890629912096773,1.890629912096773
detection,11,fwd_pkt_len_std_mean,1.849892872092081,1.849892872092081
detection,11,byte_count_bwd_std,-1.741556686572707,1.741556686572707
detection,11,bwd_pkt_len_std_mean,-1.7011486407153964,1.7011486407153964
detection,11,fwd_pkt_len_max_std,-1.6255610033987988,1.6255610033987988
detection,11,pkt_tcp_retrans_count,1.455514199375318,1.455514199375318
detection,11,pkt_port_scan_seq_score,1.3556472222108826,1.3556472222108826
detection,11,bytes_per_sec_mean,-1.3520286687846883,1.3520286687846883
detection,11,byte_count_fwd_max,1.3399237641323327,1.3399237641323327
detection,11,bwd_iat_std_mean,1.3112507225036096,1.3112507225036096
detection,11,flow_iat_std_std,-1.292548077711325,1.292548077711325
detection,11,bytes_per_sec_max,1.2801239076383242,1.2801239076383242
detection,11,down_up_ratio_std,-1.2092490161450422,1.2092490161450422
detection,11,window_size_fwd_std,-1.1603296476172569,1.1603296476172569
detection,11,packet_count_bwd_std,1.1527801253256251,1.1527801253256251
detection,11,bwd_iat_max_std,-1.134159035715802,1.134159035715802
detection,11,pkt_len_std_mean,-1.0418319562954346,1.0418319562954346
detection,11,ack_flag_cnt_std,0.9997610620473047,0.9997610620473047
detection,11,bwd_iat_mean_std,0.9967092249124768,0.9967092249124768
detection,11,bwd_seg_size_avg_max,0.9963336989114964,0.9963336989114964
detection,11,bwd_pkt_len_mean_max,0.9963336989112754,0.9963336989112754
detection,11,bwd_iat_min_std,-0.9936512590270604,0.9936512590270604
detection,11,fwd_seg_size_min_mean,0.9549435669944462,0.9549435669944462
detection,11,bwd_pkts_per_sec_sum,-0.950101264845308,0.950101264845308
detection,11,pkt_len_min_std,0.9389759085385307,0.9389759085385307
detection,11,bytes_per_sec_sum,-0.938436478252559,0.938436478252559
detection,11,bwd_pkt_len_std_std,0.9336841485257036,0.9336841485257036
detection,11,urg_flag_cnt_mean,-0.8875208138213978,0.8875208138213978
detection,11,bwd_iat_min_max,0.8789683062013821,0.8789683062013821
detection,11,pkt_len_mean_max,-0.8588748105074383,0.8588748105074383
detection,11,subflow_bwd_byts_sum,-0.8216912166259904,0.8216912166259904
detection,11,urg_flag_cnt_max,0.8197605760085781,0.8197605760085781
detection,11,bwd_pkt_len_min_mean,0.8197507528760707,0.8197507528760707
detection,11,fwd_pkt_len_std_std,0.8192165393803724,0.8192165393803724
detection,11,bwd_pkt_len_std_max,0.8145662581814065,0.8145662581814065
detection,11,byte_count_bwd_max,-0.7831215723945457,0.7831215723945457
detection,11,pkt_payload_size_p95,-0.7525910144549205,0.7525910144549205
detection,11,active_max_sum,0.7323503213154714,0.7323503213154714
detection,11,bwd_iat_mean_sum,-0.7260808562074287,0.7260808562074287
detection,11,pkt_len_mean_mean,-0.7204158023800538,0.7204158023800538
detection,11,pkt_size_avg_mean,-0.7060757391696894,0.7060757391696894
detection,11,byte_count_fwd_std,-0.699488501173846,0.699488501173846
detection,11,bwd_pkt_len_max_std,0.6978395300802845,0.6978395300802845
detection,11,bwd_pkts_per_sec_std,0.677675072479495,0.677675072479495
detection,11,ece_flag_cnt_sum,0.6764140171480181,0.6764140171480181
detection,11,rst_flag_cnt_sum,0.6755979328326485,0.6755979328326485
detection,11,duration_sec_std,0.6738915816524716,0.6738915816524716
detection,11,window_size_bwd_sum,-0.6702134345200099,0.6702134345200099
detection,11,active_mean_sum,-0.6670826018340441,0.6670826018340441
detection,11,ece_flag_cnt_std,0.6634221682841511,0.6634221682841511
detection,11,fwd_iat_mean_std,-0.6574135669538111,0.6574135669538111
detection,11,window_size_bwd_mean,-0.652759525897225,0.652759525897225
detection,11,pkt_frag_df_count,0.6486076800438519,0.6486076800438519
detection,11,rst_flag_cnt_std,0.6399403188459957,0.6399403188459957
detection,11,subflow_bwd_pkts_std,-0.637526994730471,0.637526994730471
detection,11,pkt_len_max_mean,-0.6357722105029286,0.6357722105029286
detection,11,byte_count_bwd_mean,-0.6232217479064317,0.6232217479064317
detection,11,pkt_len_var_sum,0.6139083694028671,0.6139083694028671
detection,11,flow_iat_max_std,-0.6082578996295767,0.6082578996295767
detection,11,fwd_header_len_max,0.6032365018943943,0.6032365018943943
detection,11,bwd_header_len_max,0.5922157836764851,0.5922157836764851
detection,11,urg_flag_cnt_std,0.5911413207865064,0.5911413207865064
detection,11,pkt_len_std_std,0.5854918396931655,0.5854918396931655
detection,11,fwd_seg_size_min_std,-0.5847539132128473,0.5847539132128473
detection,11,packet_count_bwd_mean,0.582593327864861,0.582593327864861
detection,11,active_std_sum,-0.5741757771597201,0.5741757771597201
detection,11,bwd_iat_tot_mean,-0.569722455702325,0.569722455702325
detection,11,pkt_payload_size_p75,-0.5578668075586516,0.5578668075586516
detection,11,bwd_iat_mean_mean,0.5572620568964702,0.5572620568964702
detection,11,packet_count_fwd_mean,0.5430608687382097,0.5430608687382097
detection,11,bwd_pkt_len_mean_sum,0.5352230069434235,0.5352230069434235
detection,11,bwd_seg_size_avg_sum,0.535223006942928,0.535223006942928
detection,11,pkt_len_max_std,-0.5318982027979051,0.5318982027979051
detection,11,fwd_pkt_len_max_max,0.5246295496787614,0.5246295496787614
detection,11,byte_count_bwd_sum,-0.5223310661498539,0.5223310661498539
detection,11,bwd_iat_mean_max,-0.5218692487205034,0.5218692487205034
detection,11,psh_flag_cnt_mean,0.5207823740894888,0.5207823740894888
detection,11,down_up_ratio_max,0.4978033337600284,0.4978033337600284
detection,11,ack_flag_cnt_sum,0.48355950924825,0.48355950924825
detection,11,psh_flag_cnt_max,-0.467116544349867,0.467116544349867
detection,11,active_std_mean,-0.4584058859771977,0.4584058859771977
detection,11,subflow_bwd_byts_max,0.4558535942472,0.4558535942472
detection,11,flow_iat_std_sum,-0.4551438400606195,0.4551438400606195
detection,11,idle_min_std,-0.4293111099921995,0.4293111099921995
detection,11,fwd_pkt_len_mean_sum,0.4256782547419984,0.4256782547419984
detection,11,fwd_seg_size_avg_sum,0.4256782547419984,0.4256782547419984
detection,11,fwd_pkt_len_std_sum,0.4222154645177234,0.4222154645177234
detection,11,fwd_pkts_per_sec_max,-0.4117404535823266,0.4117404535823266
detection,11,idle_max_mean,0.4077965564755931,0.4077965564755931
detection,11,fwd_iat_std_mean,0.4052420007837848,0.4052420007837848
detection,11,idle_std_mean,0.4012086666883218,0.4012086666883218
detection,11,mask_has_packet_level_features,-0.3999912977013102,0.3999912977013102
detection,11,pkt_ttl_max,-0.3999912977013102,0.3999912977013102
detection,11,active_max_std,0.3976747535716484,0.3976747535716484
detection,11,window_size_fwd_mean,0.3913278307546934,0.3913278307546934
detection,11,window_size_bwd_max,0.3890870967129326,0.3890870967129326
detection,11,pkt_len_mean_sum,0.3866271065756533,0.3866271065756533
detection,11,fwd_iat_min_std,-0.385684795553273,0.385684795553273
detection,11,fwd_pkt_len_max_sum,0.3848401229709914,0.3848401229709914
detection,11,fwd_iat_std_sum,0.372293874758288,0.372293874758288
detection,11,fwd_iat_max_sum,0.3722650042347708,0.3722650042347708
detection,11,fwd_pkts_per_sec_sum,0.3645910293651787,0.3645910293651787
detection,11,pkt_len_var_mean,-0.3602578580170015,0.3602578580170015
detection,11,pkt_ttl_std,0.3547473857422193,0.3547473857422193
detection,11,pkt_ttl_mode,0.3511537455960677,0.3511537455960677
detection,11,pkt_len_max_max,0.3481407707364219,0.3481407707364219
detection,11,fwd_iat_std_std,0.3453230688296968,0.3453230688296968
detection,11,pkt_size_avg_sum,0.3435682186204136,0.3435682186204136
detection,11,down_up_ratio_mean,0.3433737151604268,0.3433737151604268
detection,11,fwd_iat_min_max,0.3424305881210196,0.3424305881210196
detection,11,active_min_std,-0.3365747155233708,0.3365747155233708
detection,11,down_up_ratio_sum,0.3342900953341022,0.3342900953341022
detection,11,pkt_size_avg_max,0.3327972117500819,0.3327972117500819
detection,11,fwd_header_len_std,0.3213155893699308,0.3213155893699308
detection,11,packet_count_bwd_max,0.3213142476399719,0.3213142476399719
detection,11,ack_flag_cnt_max,-0.3197737426584889,0.3197737426584889
detection,11,pkt_len_max_sum,0.317733939046673,0.317733939046673
detection,11,rst_flag_cnt_max,-0.3146250389052796,0.3146250389052796
detection,11,ece_flag_cnt_max,-0.3146250389052796,0.3146250389052796
detection,11,fwd_pkts_per_sec_mean,0.312107713447989,0.312107713447989
detection,11,cwe_flag_cnt_std,0.3117450704817153,0.3117450704817153
detection,11,fwd_urg_flags_std,0.3117450704817153,0.3117450704817153
detection,11,pkt_len_min_max,-0.3069151723675079,0.3069151723675079
detection,11,pkt_len_std_sum,0.3039017406298979,0.3039017406298979
detection,11,fwd_iat_mean_max,0.3031282047238522,0.3031282047238522
detection,11,subflow_fwd_pkts_std,0.3027134125085641,0.3027134125085641
detection,11,packets_per_sec_max,-0.3013291844533076,0.3013291844533076
detection,11,flow_iat_min_sum,0.3011732408962302,0.3011732408962302
detection,11,fwd_act_data_pkts_std,0.2934755051598101,0.2934755051598101
detection,11,fwd_iat_tot_std,0.2900265985837427,0.2900265985837427
detection,11,active_mean_std,-0.2890732034441732,0.2890732034441732
detection,11,fwd_iat_max_max,-0.2869931624143483,0.2869931624143483
detection,11,fwd_iat_min_sum,0.2867887760935345,0.2867887760935345
detection,11,pkt_len_mean_std,0.2853810660618314,0.2853810660618314
detection,11,packets_per_sec_sum,-0.2852575886817715,0.2852575886817715
detection,11,flow_iat_max_mean,-0.2830254375622487,0.2830254375622487
detection,11,active_std_max,0.2745238160662199,0.2745238160662199
detection,11,bwd_pkt_len_min_std,-0.2720796446814197,0.2720796446814197
detection,11,bwd_pkts_per_sec_mean,-0.2687011574259333,0.2687011574259333
detection,11,active_std_std,-0.2673378550444749,0.2673378550444749
detection,11,byte_count_fwd_sum,-0.265920065475255,0.265920065475255
detection,11,fwd_seg_size_min_sum,0.2641944645311758,0.2641944645311758
detection,11,duration_microsec_max,0.2638655799642832,0.2638655799642832
detection,11,fwd_header_len_mean,0.2619934625820515,0.2619934625820515
detection,11,subflow_fwd_pkts_mean,0.2605246859520257,0.2605246859520257
detection,11,subflow_bwd_byts_mean,0.25947087433513,0.25947087433513
detection,11,fwd_act_data_pkts_mean,0.2594082803603207,0.2594082803603207
detection,11,duration_microsec_std,0.2588470806135369,0.2588470806135369
detection,11,bwd_iat_std_std,0.2548385379821374,0.2548385379821374
detection,11,duration_sec_sum,-0.2541910153947124,0.2541910153947124
detection,11,active_max_mean,-0.2540938348834154,0.2540938348834154
detection,11,idle_mean_mean,0.2537244075945429,0.2537244075945429
detection,11,fwd_iat_std_max,0.2474927915154306,0.2474927915154306
detection,11,idle_mean_std,-0.2465671783127125,0.2465671783127125
detection,11,fwd_pkt_len_mean_mean,-0.2433627866440401,0.2433627866440401
detection,11,fwd_seg_size_avg_mean,-0.2433627866440401,0.2433627866440401
detection,11,bwd_iat_tot_max,-0.2391691367952959,0.2391691367952959
detection,11,flow_iat_std_max,-0.2377673950792777,0.2377673950792777
detection,11,packets_per_sec_mean,-0.2374423450969361,0.2374423450969361
detection,11,bwd_pkts_per_sec_max,-0.2370390376750696,0.2370390376750696
detection,11,packet_count_fwd_std,-0.2293191029684487,0.2293191029684487
detection,11,subflow_fwd_pkts_max,0.228994222331939,0.228994222331939
detection,11,flow_iat_mean_sum,0.2259402312166999,0.2259402312166999
detection,11,fwd_header_len_sum,0.2255819919682481,0.2255819919682481
detection,11,flow_iat_max_max,0.2253972217587319,0.2253972217587319
detection,11,bwd_pkt_len_min_sum,0.2224667985272837,0.2224667985272837
detection,11,packet_count_bwd_min,-0.2210282064722555,0.2210282064722555
detection,11,fwd_pkt_len_std_max,-0.2208614315195882,0.2208614315195882
detection,11,bwd_pkt_len_mean_std,0.2202702996642014,0.2202702996642014
detection,11,bwd_seg_size_avg_std,0.2202702996470594,0.2202702996470594
detection,11,pkt_len_var_max,0.2199052529824673,0.2199052529824673
detection,11,bwd_pkt_len_max_sum,0.2172557388896061,0.2172557388896061
detection,11,flow_iat_std_mean,-0.217199335813854,0.217199335813854
detection,11,bwd_header_len_std,-0.2079605073079946,0.2079605073079946
detection,11,bytes_per_sec_std,0.2038669114173973,0.2038669114173973
detection,11,subflow_fwd_byts_mean,0.2034503055938203,0.2034503055938203
detection,11,fwd_pkt_len_max_mean,0.1997526812498466,0.1997526812498466
detection,11,byte_count_fwd_min,0.1991952112058733,0.1991952112058733
detection,11,cwe_flag_cnt_mean,-0.1991310924354853,0.1991310924354853
detection,11,fwd_urg_flags_mean,-0.1991310924354853,0.1991310924354853
detection,11,flow_iat_max_sum,0.1961285858576552,0.1961285858576552
detection,11,idle_max_sum,0.1942111451223413,0.1942111451223413
detection,11,window_size_fwd_max,-0.1920863309416645,0.1920863309416645
detection,11,subflow_fwd_byts_sum,0.1905746711715187,0.1905746711715187
detection,11,subflow_bwd_byts_std,-0.1888293818057263,0.1888293818057263
detection,11,idle_max_max,-0.1879742176547653,0.1879742176547653
detection,11,unique_dst_ports_count,0.1853348978200549,0.1853348978200549
detection,11,subflow_bwd_pkts_sum,-0.1846703486514904,0.1846703486514904
detection,11,bwd_iat_std_sum,0.1846187814260383,0.1846187814260383
detection,11,active_max_max,0.1842307725160316,0.1842307725160316
detection,11,fin_flag_cnt_max,0.1840695685930829,0.1840695685930829
detection,11,bwd_pkt_len_max_max,-0.1799345423289639,0.1799345423289639
detection,11,pkt_ttl_min,-0.177999546883474,0.177999546883474
detection,11,subflow_fwd_pkts_sum,0.1777142033336453,0.1777142033336453
detection,11,fwd_pkt_len_min_mean,-0.1719910997318902,0.1719910997318902
detection,11,bwd_iat_max_mean,-0.1658674115881259,0.1658674115881259
detection,11,fwd_pkt_len_min_sum,-0.1636180581235927,0.1636180581235927
detection,11,pkt_len_min_sum,-0.1626767827546712,0.1626767827546712
detection,11,active_min_sum,0.1626312660702828,0.1626312660702828
detection,11,subflow_fwd_byts_max,-0.1618632425902225,0.1618632425902225
detection,11,fwd_seg_size_min_min,-0.1614376914793673,0.1614376914793673
detection,11,pkt_payload_size_p50,-0.1609199500498666,0.1609199500498666
detection,11,window_size_fwd_sum,0.1587072067526453,0.1587072067526453
detection,11,fwd_act_data_pkts_sum,0.1584319374753064,0.1584319374753064
detection,11,active_mean_mean,-0.1554665327479347,0.1554665327479347
detection,11,pkt_size_avg_std,0.1550969197292576,0.1550969197292576
detection,11,packets_per_sec_min,-0.1547203229616457,0.1547203229616457
detection,11,flow_count,0.1514018835423072,0.1514018835423072
detection,11,fwd_iat_max_std,-0.1450124932284585,0.1450124932284585
detection,11,fwd_act_data_pkts_min,0.1446708268519854,0.1446708268519854
detection,11,fwd_iat_mean_mean,-0.143058407380414,0.143058407380414
detection,11,fwd_seg_size_min_max,-0.1416376876825228,0.1416376876825228
detection,11,subflow_bwd_pkts_mean,-0.1412696970499263,0.1412696970499263
detection,11,bwd_iat_max_sum,-0.1400200399365668,0.1400200399365668
detection,11,duration_sec_max,0.1378922791021606,0.1378922791021606
detection,11,packet_count_fwd_sum,0.1378877067494729,0.1378877067494729
detection,11,idle_std_std,0.1354493387858385,0.1354493387858385
detection,11,subflow_bwd_pkts_max,-0.1344784346926802,0.1344784346926802
detection,11,fwd_act_data_pkts_max,0.1336988187899906,0.1336988187899906
detection,11,packet_count_fwd_min,0.1333205655314635,0.1333205655314635
detection,11,flow_iat_mean_mean,0.1301136888043425,0.1301136888043425
detection,11,flow_iat_mean_std,-0.1292193119365508,0.1292193119365508
detection,11,fwd_iat_mean_sum,0.1262742710556678,0.1262742710556678
detection,11,ack_flag_cnt_mean,0.1257474940191136,0.1257474940191136
detection,11,fwd_psh_flags_std,-0.1254418421455006,0.1254418421455006
detection,11,syn_flag_cnt_std,-0.1254418421455006,0.1254418421455006
detection,11,fwd_iat_tot_sum,-0.1248423016924867,0.1248423016924867
detection,11,psh_flag_cnt_sum,0.1210440525475703,0.1210440525475703
detection,11,bwd_iat_tot_std,-0.1150676834680006,0.1150676834680006
detection,11,flow_iat_min_max,0.1142493370762596,0.1142493370762596
detection,11,fwd_urg_flags_max,0.113328419115847,0.113328419115847
detection,11,cwe_flag_cnt_max,0.113328419115847,0.113328419115847
detection,11,fwd_pkts_per_sec_std,0.1065376615148249,0.1065376615148249
detection,11,active_mean_max,0.1036094029545183,0.1036094029545183
detection,11,idle_mean_sum,0.1026350672816604,0.1026350672816604
detection,11,duration_microsec_min,0.0942943174349136,0.0942943174349136
detection,11,fwd_iat_tot_min,0.0931849051611733,0.0931849051611733
detection,11,duration_microsec_sum,-0.0910095983415468,0.0910095983415468
detection,11,bwd_iat_tot_sum,-0.0898115610334609,0.0898115610334609
detection,11,bwd_iat_min_min,-0.0890824631122328,0.0890824631122328
detection,11,idle_std_max,-0.0856727072204839,0.0856727072204839
detection,11,duration_sec_min,0.0852629558890183,0.0852629558890183
detection,11,packet_count_fwd_max,-0.0812567709146321,0.0812567709146321
detection,11,fwd_iat_min_mean,-0.0810490572656346,0.0810490572656346
detection,11,syn_flag_cnt_sum,-0.0802585437963896,0.0802585437963896
detection,11,fwd_psh_flags_sum,-0.0802585437963896,0.0802585437963896
detection,11,subflow_bwd_pkts_min,-0.0790792833398935,0.0790792833398935
detection,11,fwd_iat_tot_mean,0.0780525351292586,0.0780525351292586
detection,11,active_min_mean,0.0780524089926745,0.0780524089926745
detection,11,duration_microsec_mean,0.0776911991541822,0.0776911991541822
detection,11,syn_flag_cnt_mean,-0.0764989234247716,0.0764989234247716
detection,11,fwd_psh_flags_mean,-0.0764989234247716,0.0764989234247716
detection,11,fwd_iat_max_mean,0.0737939097222942,0.0737939097222942
detection,11,fwd_pkt_len_min_std,0.0730622297172036,0.0730622297172036
detection,11,duration_sec_mean,0.0713490436994967,0.0713490436994967
detection,11,flow_iat_min_mean,0.0710003184953516,0.0710003184953516
detection,11,subflow_fwd_pkts_min,0.0700905988530629,0.0700905988530629
detection,11,fin_flag_cnt_std,0.0647757977993522,0.0647757977993522
detection,11,subflow_fwd_byts_std,-0.0633635743313417,0.0633635743313417
detection,11,flow_iat_min_std,0.0632395854741082,0.0632395854741082
detection,11,idle_mean_max,-0.0600299149270733,0.0600299149270733
detection,11,fwd_pkt_len_mean_std,-0.0583168655859908,0.0583168655859908
detection,11,fwd_seg_size_avg_std,-0.0583168655859908,0.0583168655859908
detection,11,fin_flag_cnt_mean,0.0579124784950639,0.0579124784950639
detection,11,bwd_iat_min_mean,-0.0576353325421736,0.0576353325421736
detection,11,byte_count_bwd_min,0.056225519884247,0.056225519884247
detection,11,bwd_seg_size_avg_min,0.0549827208217908,0.0549827208217908
detection,11,bwd_pkt_len_mean_min,0.0549827208217908,0.0549827208217908
detection,11,bytes_per_sec_min,0.0538820777110454,0.0538820777110454
detection,11,fwd_iat_std_min,-0.0519855910518156,0.0519855910518156
detection,11,cwe_flag_cnt_sum,0.0518512601761149,0.0518512601761149
detection,11,fwd_urg_flags_sum,0.0518512601761149,0.0518512601761149
detection,11,bwd_pkt_len_max_mean,-0.0513423339292839,0.0513423339292839
detection,11,pkt_len_std_min,0.0510977837942143,0.0510977837942143
detection,11,bwd_iat_min_sum,0.050866538725788,0.050866538725788
detection,11,bwd_pkt_len_max_min,0.0504796214165372,0.0504796214165372
detection,11,fwd_psh_flags_max,0.0503364913456897,0.0503364913456897
detection,11,syn_flag_cnt_max,0.0503364913456897,0.0503364913456897
detection,11,bwd_pkt_len_std_sum,0.0499687181398447,0.0499687181398447
detection,11,subflow_bwd_byts_min,0.04961832715706,0.04961832715706
detection,11,pkt_len_var_min,0.0483712699181653,0.0483712699181653
detection,11,idle_min_sum,0.0474510494810351,0.0474510494810351
detection,11,flow_iat_std_min,-0.0473728710286616,0.0473728710286616
detection,11,bwd_pkt_len_std_min,0.0466884768573958,0.0466884768573958
detection,11,fwd_iat_tot_max,0.0465524580545871,0.0465524580545871
detection,11,idle_min_mean,-0.0452450636535101,0.0452450636535101
detection,11,idle_max_std,0.0447133383021708,0.0447133383021708
detection,11,bwd_iat_mean_min,-0.0439081758077992,0.0439081758077992
detection,11,fwd_pkt_len_std_min,0.0427539381304479,0.0427539381304479
detection,11,window_size_bwd_min,0.0426419529776944,0.0426419529776944
detection,11,rst_flag_cnt_mean,-0.0424809985915821,0.0424809985915821
detection,11,idle_min_max,-0.0407933866070894,0.0407933866070894
detection,11,fwd_pkt_len_max_min,-0.0386970037574246,0.0386970037574246
detection,11,packet_count_bwd_sum,-0.0373868524487448,0.0373868524487448
detection,11,idle_std_min,-0.0372027038234648,0.0372027038234648
detection,11,fwd_pkt_len_min_max,-0.0370103345991818,0.0370103345991818
detection,11,byte_count_fwd_mean,-0.0365709004077961,0.0365709004077961
detection,11,idle_std_sum,0.0364303786468297,0.0364303786468297
detection,11,idle_min_min,-0.0362948298544993,0.0362948298544993
detection,11,bwd_pkt_len_min_max,-0.0350103454331251,0.0350103454331251
detection,11,bwd_header_len_mean,-0.0342958088009981,0.0342958088009981
detection,11,bwd_header_len_sum,0.0342897173580666,0.0342897173580666
detection,11,unique_protocols_count,0.0339716425531438,0.0339716425531438
detection,11,active_min_max,0.0338668916406439,0.0338668916406439
detection,11,fwd_pkt_len_min_min,0.032406371777918,0.032406371777918
detection,11,pkt_len_min_min,0.0317653885178805,0.0317653885178805
detection,11,urg_flag_cnt_sum,0.0307111668293223,0.0307111668293223
detection,11,pkt_payload_size_p25,-0.0301640772518448,0.0301640772518448
detection,11,bwd_iat_std_min,0.0283034270913214,0.0283034270913214
detection,11,bwd_iat_tot_min,0.0282172129667487,0.0282172129667487
detection,11,pkt_len_var_std,-0.0268077730988592,0.0268077730988592
detection,11,bwd_iat_std_max,-0.0260115240946537,0.0260115240946537
detection,11,fin_flag_cnt_sum,0.0247196782300791,0.0247196782300791
detection,11,active_std_min,0.0225400587847996,0.0225400587847996
detection,11,fwd_seg_size_avg_max,0.0219070511102792,0.0219070511102792
detection,11,fwd_pkt_len_mean_max,0.0219070511102792,0.0219070511102792
detection,11,window_size_fwd_min,0.0200845426463758,0.0200845426463758
detection,11,subflow_fwd_byts_min,-0.019918491567307,0.019918491567307
detection,11,pkt_len_max_min,0.0186742773045742,0.0186742773045742
detection,11,pkt_len_mean_min,0.0185770783385562,0.0185770783385562
detection,11,down_up_ratio_min,-0.0149552336519709,0.0149552336519709
detection,11,idle_mean_min,-0.0147589655549759,0.0147589655549759
detection,11,flow_iat_min_min,0.01410359860348,0.01410359860348
detection,11,pkt_len_std_max,0.0133513307320261,0.0133513307320261
detection,11,active_min_min,-0.01269726164708,0.01269726164708
detection,11,psh_flag_cnt_std,-0.0124534887865285,0.0124534887865285
detection,11,bwd_pkts_per_sec_min,0.0118365832011335,0.0118365832011335
detection,11,fwd_pkts_per_sec_min,0.0118225295263254,0.0118225295263254
detection,11,fwd_header_len_min,-0.0098038032949951,0.0098038032949951
detection,11,active_max_min,0.0086205585602105,0.0086205585602105
detection,11,flow_iat_mean_min,0.0086118130119375,0.0086118130119375
detection,11,bwd_pkt_len_mean_mean,0.008404066423502,0.008404066423502
detection,11,bwd_seg_size_avg_mean,0.0084040664200674,0.0084040664200674
detection,11,flow_iat_mean_max,-0.0079778564454713,0.0079778564454713
detection,11,pkt_size_avg_min,0.0073581334686695,0.0073581334686695
detection,11,bwd_header_len_min,-0.0070854094415599,0.0070854094415599
detection,11,fwd_seg_size_avg_min,0.0067045651521378,0.0067045651521378
detection,11,fwd_pkt_len_mean_min,0.0067045651521378,0.0067045651521378
detection,11,syn_flag_cnt_min,-0.006308586303207,0.006308586303207
detection,11,fwd_psh_flags_min,-0.006308586303207,0.006308586303207
detection,11,ack_flag_cnt_min,-0.006308586303207,0.006308586303207
detection,11,psh_flag_cnt_min,-0.0052752762047939,0.0052752762047939
detection,11,bwd_iat_max_max,0.0031817178444596,0.0031817178444596
detection,11,fwd_iat_mean_min,0.0031269413448736,0.0031269413448736
detection,11,bwd_iat_max_min,0.0027937621679008,0.0027937621679008
detection,11,ece_flag_cnt_mean,-0.0026439461254951,0.0026439461254951
detection,11,fwd_iat_min_min,-0.0026195360512429,0.0026195360512429
detection,11,packets_per_sec_std,0.0024916602725859,0.0024916602725859
detection,11,pkt_len_min_mean,0.0020842197215229,0.0020842197215229
detection,11,idle_max_min,-0.0018468957620793,0.0018468957620793
detection,11,fwd_iat_max_min,-0.0011681613253928,0.0011681613253928
detection,11,flow_iat_max_min,-0.0011147610126936,0.0011147610126936
detection,11,active_mean_min,0.0008308657907179,0.0008308657907179
detection,11,urg_flag_cnt_min,0.0,0.0
detection,11,fin_flag_cnt_min,0.0,0.0
detection,11,mask_has_tcp_flags,0.0,0.0
detection,11,cwe_flag_cnt_min,0.0,0.0
detection,11,rst_flag_cnt_min,0.0,0.0
detection,11,bwd_urg_flags_max,0.0,0.0
detection,11,pkt_frag_mf_count,0.0,0.0
detection,11,mask_has_graph_topology,0.0,0.0
detection,11,mask_has_traffic_volume_features,0.0,0.0
detection,11,mask_has_flow_timing_features,0.0,0.0
detection,11,bwd_urg_flags_sum,0.0,0.0
detection,11,bwd_psh_flags_std,0.0,0.0
detection,11,bwd_psh_flags_mean,0.0,0.0
detection,11,fwd_urg_flags_min,0.0,0.0
detection,11,bwd_psh_flags_max,0.0,0.0
detection,11,bwd_psh_flags_sum,0.0,0.0
detection,11,bwd_psh_flags_min,0.0,0.0
detection,11,bwd_urg_flags_min,0.0,0.0
detection,11,bwd_urg_flags_mean,0.0,0.0
detection,11,bwd_urg_flags_std,0.0,0.0
detection,11,mask_has_identity_auth,0.0,0.0
detection,11,ece_flag_cnt_min,0.0,0.0
detection,11,bwd_pkt_len_min_min,0.0,0.0
detection,11,bwd_blk_rate_avg_sum,0.0,0.0
detection,11,bwd_blk_rate_avg_std,0.0,0.0
detection,11,bwd_blk_rate_avg_mean,0.0,0.0
detection,11,bwd_blk_rate_avg_min,0.0,0.0
detection,11,bwd_byts_b_avg_mean,0.0,0.0
detection,11,bwd_blk_rate_avg_max,0.0,0.0
detection,11,fwd_byts_b_avg_std,0.0,0.0
detection,11,fwd_byts_b_avg_sum,0.0,0.0
detection,11,fwd_byts_b_avg_min,0.0,0.0
detection,11,fwd_byts_b_avg_max,0.0,0.0
detection,11,fwd_pkts_b_avg_mean,0.0,0.0
detection,11,fwd_pkts_b_avg_std,0.0,0.0
detection,11,fwd_pkts_b_avg_sum,0.0,0.0
detection,11,fwd_byts_b_avg_mean,0.0,0.0
detection,11,fwd_pkts_b_avg_max,0.0,0.0
detection,11,fwd_blk_rate_avg_mean,0.0,0.0
detection,11,fwd_blk_rate_avg_std,0.0,0.0
detection,11,fwd_blk_rate_avg_sum,0.0,0.0
detection,11,fwd_blk_rate_avg_min,0.0,0.0
detection,11,fwd_blk_rate_avg_max,0.0,0.0
detection,11,bwd_pkts_b_avg_min,0.0,0.0
detection,11,bwd_byts_b_avg_std,0.0,0.0
detection,11,bwd_byts_b_avg_sum,0.0,0.0
detection,11,bwd_byts_b_avg_min,0.0,0.0
detection,11,bwd_byts_b_avg_max,0.0,0.0
detection,11,bwd_pkts_b_avg_mean,0.0,0.0
detection,11,bwd_pkts_b_avg_std,0.0,0.0
detection,11,bwd_pkts_b_avg_sum,0.0,0.0
detection,11,bwd_pkts_b_avg_max,0.0,0.0
detection,11,fwd_pkts_b_avg_min,0.0,0.0
detection,12,window_size_bwd_std,1.8859584915120997,1.8859584915120997
detection,12,fwd_pkt_len_std_mean,1.8584434917421135,1.8584434917421135
detection,12,byte_count_bwd_std,-1.7291130561452634,1.7291130561452634
detection,12,bwd_pkt_len_std_mean,-1.687223228930577,1.687223228930577
detection,12,fwd_pkt_len_max_std,-1.612788387318289,1.612788387318289
detection,12,pkt_tcp_retrans_count,1.436835051742847,1.436835051742847
detection,12,byte_count_fwd_max,1.354338829236412,1.354338829236412
detection,12,bytes_per_sec_mean,-1.33835146049592,1.33835146049592
detection,12,pkt_port_scan_seq_score,1.3369783529956991,1.3369783529956991
detection,12,bwd_iat_std_mean,1.301143425514202,1.301143425514202
detection,12,flow_iat_std_std,-1.2926059801575756,1.2926059801575756
detection,12,bytes_per_sec_max,1.2878429865857657,1.2878429865857657
detection,12,down_up_ratio_std,-1.2097786696828077,1.2097786696828077
detection,12,window_size_fwd_std,-1.1603010792342563,1.1603010792342563
detection,12,packet_count_bwd_std,1.1565661837950092,1.1565661837950092
detection,12,bwd_iat_max_std,-1.1061832324858991,1.1061832324858991
detection,12,pkt_len_std_mean,-1.0347044298106418,1.0347044298106418
detection,12,ack_flag_cnt_std,1.0087156539465758,1.0087156539465758
detection,12,bwd_iat_mean_std,1.0046444792416476,1.0046444792416476
detection,12,bwd_iat_min_std,-1.003887217388162,1.003887217388162
detection,12,bwd_seg_size_avg_max,0.9983399801424822,0.9983399801424822
detection,12,bwd_pkt_len_mean_max,0.9983399801422445,0.9983399801422445
detection,12,bwd_pkts_per_sec_sum,-0.9443298343017276,0.9443298343017276
detection,12,bwd_pkt_len_std_std,0.9438714067190466,0.9438714067190466
detection,12,pkt_len_min_std,0.9400198537906196,0.9400198537906196
detection,12,bytes_per_sec_sum,-0.9304742773413516,0.9304742773413516
detection,12,fwd_seg_size_min_mean,0.9203031313065552,0.9203031313065552
detection,12,bwd_iat_min_max,0.8828925571851122,0.8828925571851122
detection,12,urg_flag_cnt_mean,-0.8807830061688553,0.8807830061688553
detection,12,pkt_len_mean_max,-0.8601803602508287,0.8601803602508287
detection,12,bwd_pkt_len_min_mean,0.8330542815556687,0.8330542815556687
detection,12,fwd_pkt_len_std_std,0.8330304752011176,0.8330304752011176
detection,12,bwd_pkt_len_std_max,0.818790960839175,0.818790960839175
detection,12,urg_flag_cnt_max,0.8155837862542071,0.8155837862542071
detection,12,subflow_bwd_byts_sum,-0.8137955108417294,0.8137955108417294
detection,12,byte_count_bwd_max,-0.79576492649763,0.79576492649763
detection,12,active_max_sum,0.7380080542728064,0.7380080542728064
detection,12,pkt_payload_size_p95,-0.7363093517275884,0.7363093517275884
detection,12,bwd_iat_mean_sum,-0.7173074489827329,0.7173074489827329
detection,12,pkt_len_mean_mean,-0.7121781550519636,0.7121781550519636
detection,12,byte_count_fwd_std,-0.7059349756291944,0.7059349756291944
detection,12,pkt_size_avg_mean,-0.7010080527040266,0.7010080527040266
detection,12,bwd_pkt_len_max_std,0.6965486255876786,0.6965486255876786
detection,12,bwd_pkts_per_sec_std,0.6821473785905912,0.6821473785905912
detection,12,ece_flag_cnt_sum,0.6745705058449866,0.6745705058449866
detection,12,rst_flag_cnt_sum,0.6737530450857468,0.6737530450857468
detection,12,duration_sec_std,0.6719246344258576,0.6719246344258576
detection,12,ece_flag_cnt_std,0.6686415501272233,0.6686415501272233
detection,12,active_mean_sum,-0.6675700624133092,0.6675700624133092
detection,12,window_size_bwd_sum,-0.6661517798417493,0.6661517798417493
detection,12,pkt_len_max_mean,-0.6518533859857653,0.6518533859857653
detection,12,fwd_iat_mean_std,-0.6482120078680244,0.6482120078680244
detection,12,rst_flag_cnt_std,0.6450682251645212,0.6450682251645212
detection,12,window_size_bwd_mean,-0.642881843078983,0.642881843078983
detection,12,subflow_bwd_pkts_std,-0.6387317310478392,0.6387317310478392
detection,12,pkt_frag_df_count,0.6230656995927465,0.6230656995927465
detection,12,byte_count_bwd_mean,-0.6217397550074516,0.6217397550074516
detection,12,pkt_len_var_sum,0.6155702952301377,0.6155702952301377
detection,12,flow_iat_max_std,-0.6137776702135923,0.6137776702135923
detection,12,fwd_seg_size_min_std,-0.6075717115178421,0.6075717115178421
detection,12,fwd_header_len_max,0.6041864927043483,0.6041864927043483
detection,12,bwd_header_len_max,0.5981811375815134,0.5981811375815134
detection,12,urg_flag_cnt_std,0.5956696682296805,0.5956696682296805
detection,12,packet_count_bwd_mean,0.5830079705393734,0.5830079705393734
detection,12,active_std_sum,-0.5822796202655356,0.5822796202655356
detection,12,bwd_iat_tot_mean,-0.5819094334266512,0.5819094334266512
detection,12,pkt_len_std_std,0.5723921364525283,0.5723921364525283
detection,12,bwd_iat_mean_mean,0.565674439908605,0.565674439908605
detection,12,pkt_payload_size_p75,-0.5495679127083559,0.5495679127083559
detection,12,packet_count_fwd_mean,0.5423171659591255,0.5423171659591255
detection,12,pkt_len_max_std,-0.5373114128069261,0.5373114128069261
detection,12,bwd_pkt_len_mean_sum,0.53675003593306,0.53675003593306
detection,12,bwd_seg_size_avg_sum,0.536750035932575,0.536750035932575
detection,12,fwd_pkt_len_max_max,0.5284691208632653,0.5284691208632653
detection,12,bwd_iat_mean_max,-0.5236138542438541,0.5236138542438541
detection,12,byte_count_bwd_sum,-0.5222324736273952,0.5222324736273952
detection,12,psh_flag_cnt_mean,0.5142505209588265,0.5142505209588265
detection,12,down_up_ratio_max,0.5019316996846896,0.5019316996846896
detection,12,ack_flag_cnt_sum,0.4845010222655246,0.4845010222655246
detection,12,psh_flag_cnt_max,-0.4613665618193953,0.4613665618193953
detection,12,active_std_mean,-0.460365618879724,0.460365618879724
detection,12,flow_iat_std_sum,-0.4598490373758874,0.4598490373758874
detection,12,subflow_bwd_byts_max,0.4532008901562633,0.4532008901562633
detection,12,idle_min_std,-0.4320442987868811,0.4320442987868811
detection,12,fwd_pkt_len_mean_sum,0.4243911744442764,0.4243911744442764
detection,12,fwd_seg_size_avg_sum,0.4243911744442764,0.4243911744442764
detection,12,fwd_pkt_len_std_sum,0.4227118335331742,0.4227118335331742
detection,12,fwd_pkts_per_sec_max,-0.4161333536998737,0.4161333536998737
detection,12,idle_max_mean,0.4111409227822348,0.4111409227822348
detection,12,active_max_std,0.4037009420347547,0.4037009420347547
detection,12,mask_has_packet_level_features,-0.3975921955453896,0.3975921955453896
detection,12,pkt_ttl_max,-0.3975921955453896,0.3975921955453896
detection,12,fwd_iat_std_mean,0.3969751037488309,0.3969751037488309
detection,12,idle_std_mean,0.391971124654233,0.391971124654233
detection,12,pkt_len_mean_sum,0.3867772618377059,0.3867772618377059
detection,12,fwd_iat_min_std,-0.382067766375808,0.382067766375808
detection,12,fwd_pkt_len_max_sum,0.3820633398761509,0.3820633398761509
detection,12,window_size_bwd_max,0.3762895459823211,0.3762895459823211
detection,12,window_size_fwd_mean,0.373367316649376,0.373367316649376
detection,12,fwd_iat_std_sum,0.3709976027333827,0.3709976027333827
detection,12,fwd_iat_max_sum,0.3707823336927901,0.3707823336927901
detection,12,pkt_len_var_mean,-0.3696767600081592,0.3696767600081592
detection,12,fwd_pkts_per_sec_sum,0.3569554293066301,0.3569554293066301
detection,12,fwd_iat_std_std,0.3528780949143923,0.3528780949143923
detection,12,pkt_len_max_max,0.3468455623713316,0.3468455623713316
detection,12,fwd_iat_min_max,0.3449061597119339,0.3449061597119339
detection,12,pkt_size_avg_sum,0.3436585587882961,0.3436585587882961
detection,12,pkt_ttl_std,0.3384471887883838,0.3384471887883838
detection,12,pkt_ttl_mode,0.3349019708440093,0.3349019708440093
detection,12,down_up_ratio_mean,0.3333079169483485,0.3333079169483485
detection,12,fwd_pkts_per_sec_mean,0.3318929763487291,0.3318929763487291
detection,12,down_up_ratio_sum,0.3312302655214709,0.3312302655214709
detection,12,active_min_std,-0.3293949580833956,0.3293949580833956
detection,12,ack_flag_cnt_max,-0.3248540131862366,0.3248540131862366
detection,12,pkt_size_avg_max,0.3246352605282786,0.3246352605282786
detection,12,fwd_header_len_std,0.3230588008083712,0.3230588008083712
detection,12,rst_flag_cnt_max,-0.3217941143203734,0.3217941143203734
detection,12,ece_flag_cnt_max,-0.3217941143203734,0.3217941143203734
detection,12,packet_count_bwd_max,0.3190973540349713,0.3190973540349713
detection,12,cwe_flag_cnt_std,0.3171162305380184,0.3171162305380184
detection,12,fwd_urg_flags_std,0.3171162305380184,0.3171162305380184
detection,12,pkt_len_max_sum,0.3161422396703084,0.3161422396703084
detection,12,pkt_len_min_max,-0.3081335849087311,0.3081335849087311
detection,12,pkt_len_mean_std,0.3057283459697978,0.3057283459697978
detection,12,pkt_len_std_sum,0.3053740154958175,0.3053740154958175
detection,12,fwd_iat_mean_max,0.3050414883721598,0.3050414883721598
detection,12,subflow_fwd_pkts_std,0.304224778767325,0.304224778767325
detection,12,flow_iat_min_sum,0.2978811866214834,0.2978811866214834
detection,12,fwd_iat_tot_std,0.2962190864178645,0.2962190864178645
detection,12,fwd_act_data_pkts_std,0.2951012526523059,0.2951012526523059
detection,12,fwd_iat_max_max,-0.2934142482650851,0.2934142482650851
detection,12,packets_per_sec_max,-0.2934005455543707,0.2934005455543707
detection,12,active_mean_std,-0.2918795160958919,0.2918795160958919
detection,12,packets_per_sec_sum,-0.2904675692258796,0.2904675692258796
detection,12,flow_iat_max_mean,-0.2846644607872278,0.2846644607872278
detection,12,fwd_iat_min_sum,0.2826076630499519,0.2826076630499519
detection,12,bwd_pkt_len_min_std,-0.2734216609445869,0.2734216609445869
detection,12,active_std_max,0.2719460658077512,0.2719460658077512
detection,12,bwd_pkts_per_sec_mean,-0.2709637945632344,0.2709637945632344
detection,12,byte_count_fwd_sum,-0.2704475386676475,0.2704475386676475
detection,12,fwd_header_len_mean,0.2642972827931975,0.2642972827931975
detection,12,subflow_fwd_pkts_mean,0.2628635774884026,0.2628635774884026
detection,12,fwd_seg_size_min_sum,0.2624577894724471,0.2624577894724471
detection,12,subflow_bwd_byts_mean,0.2621780519809003,0.2621780519809003
detection,12,fwd_act_data_pkts_mean,0.2617503395397954,0.2617503395397954
detection,12,duration_microsec_max,0.260179892593119,0.260179892593119
detection,12,duration_microsec_std,0.2595688042106503,0.2595688042106503
detection,12,active_max_mean,-0.2589785881198423,0.2589785881198423
detection,12,active_std_std,-0.2573546684140222,0.2573546684140222
detection,12,idle_mean_mean,0.2568663346506273,0.2568663346506273
detection,12,fwd_iat_std_max,0.2518963278552885,0.2518963278552885
detection,12,duration_sec_sum,-0.2516635360327043,0.2516635360327043
detection,12,bwd_iat_std_std,0.2500087475309401,0.2500087475309401
detection,12,bwd_iat_tot_max,-0.2469956088555368,0.2469956088555368
detection,12,idle_mean_std,-0.2469510583607376,0.2469510583607376
detection,12,flow_iat_std_max,-0.2451990545780087,0.2451990545780087
detection,12,packets_per_sec_mean,-0.2449001973215792,0.2449001973215792
detection,12,bwd_pkts_per_sec_max,-0.2413217772708018,0.2413217772708018
detection,12,fwd_pkt_len_mean_mean,-0.2397502098745056,0.2397502098745056
detection,12,fwd_seg_size_avg_mean,-0.2397502098745056,0.2397502098745056
detection,12,subflow_fwd_pkts_max,0.2299849745545787,0.2299849745545787
detection,12,flow_iat_max_max,0.2280698006265647,0.2280698006265647
detection,12,fwd_header_len_sum,0.2267962279658332,0.2267962279658332
detection,12,fwd_pkt_len_std_max,-0.2252885937293887,0.2252885937293887
detection,12,flow_iat_mean_sum,0.2223929058182041,0.2223929058182041
detection,12,packet_count_bwd_min,-0.2214224122620859,0.2214224122620859
detection,12,packet_count_fwd_std,-0.2201678549123797,0.2201678549123797
detection,12,pkt_len_var_max,0.2186337858394932,0.2186337858394932
detection,12,bwd_pkt_len_min_sum,0.2166465719677637,0.2166465719677637
detection,12,flow_iat_std_mean,-0.2136128080183109,0.2136128080183109
detection,12,bwd_pkt_len_max_sum,0.2129065458306741,0.2129065458306741
detection,12,bwd_pkt_len_mean_std,0.2100348194041437,0.2100348194041437
detection,12,bwd_seg_size_avg_std,0.2100348193871362,0.2100348193871362
detection,12,bwd_header_len_std,-0.2079574392085964,0.2079574392085964
detection,12,subflow_fwd_byts_mean,0.2060385513060921,0.2060385513060921
detection,12,idle_max_sum,0.1992132934197007,0.1992132934197007
detection,12,cwe_flag_cnt_mean,-0.1977122086015649,0.1977122086015649
detection,12,fwd_urg_flags_mean,-0.1977122086015649,0.1977122086015649
detection,12,flow_iat_max_sum,0.1976272794114752,0.1976272794114752
detection,12,subflow_bwd_byts_std,-0.195113753244841,0.195113753244841
detection,12,bwd_iat_std_sum,0.1932091179730106,0.1932091179730106
detection,12,byte_count_fwd_min,0.1922062581298683,0.1922062581298683
detection,12,bytes_per_sec_std,0.1922037788606197,0.1922037788606197
detection,12,subflow_fwd_byts_sum,0.1915994129145366,0.1915994129145366
detection,12,active_max_max,0.1915858279493637,0.1915858279493637
detection,12,bwd_iat_max_mean,-0.1893138004576929,0.1893138004576929
detection,12,fwd_pkt_len_max_mean,0.1887650717757752,0.1887650717757752
detection,12,subflow_bwd_pkts_sum,-0.1885421931437547,0.1885421931437547
detection,12,window_size_fwd_max,-0.1829727256850099,0.1829727256850099
detection,12,pkt_ttl_min,-0.1828321706341409,0.1828321706341409
detection,12,idle_max_max,-0.1807633686051918,0.1807633686051918
detection,12,fin_flag_cnt_max,0.180750528901682,0.180750528901682
detection,12,subflow_fwd_pkts_sum,0.1802823605438355,0.1802823605438355
detection,12,bwd_pkt_len_max_max,-0.1785195528227756,0.1785195528227756
detection,12,unique_dst_ports_count,0.1752341040695036,0.1752341040695036
detection,12,fwd_pkt_len_min_sum,-0.1679220472856497,0.1679220472856497
detection,12,fwd_pkt_len_min_mean,-0.1678425562907511,0.1678425562907511
detection,12,active_mean_mean,-0.1678076703146221,0.1678076703146221
detection,12,pkt_len_min_sum,-0.1673563736611808,0.1673563736611808
detection,12,pkt_payload_size_p50,-0.1662525144732898,0.1662525144732898
detection,12,subflow_fwd_byts_max,-0.1643512770307071,0.1643512770307071
detection,12,active_min_sum,0.164246283048091,0.164246283048091
detection,12,pkt_size_avg_std,0.1639502241052687,0.1639502241052687
detection,12,fwd_act_data_pkts_sum,0.1611627539946474,0.1611627539946474
detection,12,window_size_fwd_sum,0.160261775107359,0.160261775107359
detection,12,fwd_seg_size_min_min,-0.1594314499375259,0.1594314499375259
detection,12,packets_per_sec_min,-0.1557631944503056,0.1557631944503056
detection,12,flow_count,0.1529068382522499,0.1529068382522499
detection,12,fwd_iat_max_std,-0.149318266705228,0.149318266705228
detection,12,fwd_iat_mean_mean,-0.1462684053071114,0.1462684053071114
detection,12,fwd_act_data_pkts_min,0.1430995743197031,0.1430995743197031
detection,12,fwd_seg_size_min_max,-0.1418620559265694,0.1418620559265694
detection,12,subflow_bwd_pkts_mean,-0.1380597975370376,0.1380597975370376
detection,12,packet_count_fwd_sum,0.1362163884699731,0.1362163884699731
detection,12,fwd_act_data_pkts_max,0.1361527489279443,0.1361527489279443
detection,12,duration_sec_max,0.1343624296804063,0.1343624296804063
detection,12,subflow_bwd_pkts_max,-0.1340177796837916,0.1340177796837916
detection,12,packet_count_fwd_min,0.1334135015824715,0.1334135015824715
detection,12,bwd_iat_max_sum,-0.1298623511538895,0.1298623511538895
detection,12,flow_iat_mean_mean,0.1288828851116484,0.1288828851116484
detection,12,fwd_iat_tot_sum,-0.1257191940619479,0.1257191940619479
detection,12,syn_flag_cnt_std,-0.1256266639737758,0.1256266639737758
detection,12,fwd_psh_flags_std,-0.1256266639737758,0.1256266639737758
detection,12,ack_flag_cnt_mean,0.125049100492925,0.125049100492925
detection,12,fwd_iat_mean_sum,0.1226416530031769,0.1226416530031769
detection,12,bwd_iat_tot_std,-0.1222218469839936,0.1222218469839936
detection,12,psh_flag_cnt_sum,0.1222174472840107,0.1222174472840107
detection,12,flow_iat_mean_std,-0.1211103399277238,0.1211103399277238
detection,12,cwe_flag_cnt_max,0.1124415785648242,0.1124415785648242
detection,12,fwd_urg_flags_max,0.1124415785648242,0.1124415785648242
detection,12,flow_iat_min_max,0.1091263399470058,0.1091263399470058
detection,12,idle_mean_sum,0.1064577858530205,0.1064577858530205
detection,12,fwd_pkts_per_sec_std,0.1003974635570179,0.1003974635570179
detection,12,idle_std_std,0.0953120230200473,0.0953120230200473
detection,12,bwd_iat_tot_sum,-0.0938285473924819,0.0938285473924819
detection,12,duration_microsec_min,0.0932824297333778,0.0932824297333778
detection,12,active_mean_max,0.09227763409572,0.09227763409572
detection,12,fwd_iat_tot_min,0.0921036071592179,0.0921036071592179
detection,12,packet_count_fwd_max,-0.0912284613178894,0.0912284613178894
detection,12,duration_microsec_sum,-0.0903842667089721,0.0903842667089721
detection,12,bwd_iat_min_min,-0.0879993947987828,0.0879993947987828
detection,12,duration_microsec_mean,0.0870998874353502,0.0870998874353502
detection,12,fwd_iat_min_mean,-0.086551955539576,0.086551955539576
detection,12,duration_sec_min,0.0847034910191919,0.0847034910191919
detection,12,fwd_iat_tot_mean,0.0831852062382106,0.0831852062382106
detection,12,duration_sec_mean,0.0830366277378618,0.0830366277378618
detection,12,fwd_psh_flags_mean,-0.0826331664336813,0.0826331664336813
detection,12,syn_flag_cnt_mean,-0.0826331664336813,0.0826331664336813
detection,12,fwd_pkt_len_min_std,0.0814875052771103,0.0814875052771103
detection,12,subflow_bwd_pkts_min,-0.0806467218765934,0.0806467218765934
detection,12,syn_flag_cnt_sum,-0.0776014957797256,0.0776014957797256
detection,12,fwd_psh_flags_sum,-0.0776014957797256,0.0776014957797256
detection,12,idle_std_max,-0.0759171207003406,0.0759171207003406
detection,12,subflow_fwd_pkts_min,0.0705451250437922,0.0705451250437922
detection,12,bwd_iat_min_mean,-0.0704270449261461,0.0704270449261461
detection,12,flow_iat_min_std,0.0693874280858597,0.0693874280858597
detection,12,flow_iat_min_mean,0.065910698500013,0.065910698500013
detection,12,fin_flag_cnt_std,0.0634303527582787,0.0634303527582787
detection,12,active_min_mean,0.0617552911947962,0.0617552911947962
detection,12,fwd_iat_max_mean,0.0617253463451694,0.0617253463451694
detection,12,fin_flag_cnt_mean,0.0601966297018895,0.0601966297018895
detection,12,subflow_fwd_byts_std,-0.0601597003930976,0.0601597003930976
detection,12,fwd_seg_size_avg_std,-0.0585681246510257,0.0585681246510257
detection,12,fwd_pkt_len_mean_std,-0.0585681246510257,0.0585681246510257
detection,12,idle_mean_max,-0.0580568332394691,0.0580568332394691
detection,12,bwd_pkt_len_max_mean,-0.0576725069535749,0.0576725069535749
detection,12,bwd_iat_min_sum,0.0546886920943185,0.0546886920943185
detection,12,byte_count_bwd_min,0.054335118207864,0.054335118207864
detection,12,bwd_pkt_len_mean_min,0.0529785372411475,0.0529785372411475
detection,12,bwd_seg_size_avg_min,0.0529785372411475,0.0529785372411475
detection,12,bwd_pkt_len_std_sum,0.0517493518669302,0.0517493518669302
detection,12,idle_min_sum,0.0510876602258709,0.0510876602258709
detection,12,syn_flag_cnt_max,0.0506814842503452,0.0506814842503452
detection,12,fwd_psh_flags_max,0.0506814842503452,0.0506814842503452
detection,12,fwd_iat_tot_max,0.0505490880740777,0.0505490880740777
detection,12,fwd_iat_std_min,-0.05010682645856,0.05010682645856
detection,12,fwd_urg_flags_sum,0.0495314731347597,0.0495314731347597
detection,12,cwe_flag_cnt_sum,0.0495314731347597,0.0495314731347597
detection,12,bytes_per_sec_min,0.0489924390752194,0.0489924390752194
detection,12,pkt_len_std_min,0.0481973716472114,0.0481973716472114
detection,12,idle_max_std,0.0476831122981618,0.0476831122981618
detection,12,idle_std_sum,0.0472448752087717,0.0472448752087717
detection,12,bwd_pkt_len_max_min,0.0472210457856592,0.0472210457856592
detection,12,subflow_bwd_byts_min,0.0461537481077463,0.0461537481077463
detection,12,flow_iat_std_min,-0.0459557167287137,0.0459557167287137
detection,12,rst_flag_cnt_mean,-0.0453370331754456,0.0453370331754456
detection,12,pkt_len_var_min,0.045202334625115,0.045202334625115
detection,12,bwd_iat_mean_min,-0.0442810255344039,0.0442810255344039
detection,12,bwd_pkt_len_std_min,0.0438663367338843,0.0438663367338843
detection,12,byte_count_fwd_mean,-0.0400971071824291,0.0400971071824291
detection,12,idle_min_mean,-0.0397552840461966,0.0397552840461966
detection,12,idle_min_max,-0.039285818293191,0.039285818293191
detection,12,packet_count_bwd_sum,-0.039216945668935,0.039216945668935
detection,12,fwd_pkt_len_std_min,0.0391548139366527,0.0391548139366527
detection,12,pkt_payload_size_p25,-0.0390410998243209,0.0390410998243209
detection,12,window_size_bwd_min,0.0387096558895263,0.0387096558895263
detection,12,bwd_header_len_mean,-0.0377718597785653,0.0377718597785653
detection,12,fwd_pkt_len_max_min,-0.0372109360082619,0.0372109360082619
detection,12,idle_std_min,-0.0369627768182682,0.0369627768182682
detection,12,fwd_pkt_len_min_max,-0.0354229405076084,0.0354229405076084
detection,12,pkt_len_var_std,-0.0349076339087302,0.0349076339087302
detection,12,unique_protocols_count,0.0345187805315653,0.0345187805315653
detection,12,bwd_pkt_len_min_max,-0.0329821521908179,0.0329821521908179
detection,12,fwd_pkt_len_min_min,0.0312809555359945,0.0312809555359945
detection,12,idle_min_min,-0.0310279573400867,0.0310279573400867
detection,12,urg_flag_cnt_sum,0.0306755445897758,0.0306755445897758
detection,12,pkt_len_min_min,0.0304875019665003,0.0304875019665003
detection,12,active_min_max,0.0292120005241817,0.0292120005241817
detection,12,bwd_iat_std_max,-0.0279979343494628,0.0279979343494628
detection,12,bwd_iat_std_min,0.0272370169227964,0.0272370169227964
detection,12,bwd_iat_tot_min,0.0254696753093009,0.0254696753093009
detection,12,window_size_fwd_min,0.0243601431489839,0.0243601431489839
detection,12,fin_flag_cnt_sum,0.0238330703272894,0.0238330703272894
detection,12,active_std_min,0.0227896645783487,0.0227896645783487
detection,12,bwd_header_len_sum,0.0207928270231158,0.0207928270231158
detection,12,fwd_pkt_len_mean_max,0.0205105879740582,0.0205105879740582
detection,12,fwd_seg_size_avg_max,0.0205105879740582,0.0205105879740582
detection,12,pkt_len_std_max,0.0194887460688735,0.0194887460688735
detection,12,subflow_fwd_byts_min,-0.0194847307679753,0.0194847307679753
detection,12,pkt_len_max_min,0.0190004946264316,0.0190004946264316
detection,12,pkt_len_mean_min,0.0186342005405434,0.0186342005405434
detection,12,flow_iat_mean_max,-0.0159804302255026,0.0159804302255026
detection,12,flow_iat_min_min,0.0140527008555769,0.0140527008555769
detection,12,bwd_pkt_len_mean_mean,0.013930590722047,0.013930590722047
detection,12,bwd_seg_size_avg_mean,0.0139305907185755,0.0139305907185755
detection,12,active_min_min,-0.0128094278745844,0.0128094278745844
detection,12,down_up_ratio_min,-0.0128051020389136,0.0128051020389136
detection,12,bwd_pkts_per_sec_min,0.0126678682720213,0.0126678682720213
detection,12,fwd_pkts_per_sec_min,0.0126595502769351,0.0126595502769351
detection,12,idle_mean_min,-0.0118363799551827,0.0118363799551827
detection,12,psh_flag_cnt_std,-0.0098058032460702,0.0098058032460702
detection,12,fwd_header_len_min,-0.0091358005760993,0.0091358005760993
detection,12,flow_iat_mean_min,0.0089371468909356,0.0089371468909356
detection,12,active_max_min,0.0089210273982403,0.0089210273982403
detection,12,bwd_header_len_min,-0.0088880021913549,0.0088880021913549
detection,12,pkt_size_avg_min,0.0073985219830612,0.0073985219830612
detection,12,fwd_seg_size_avg_min,0.0056779810186152,0.0056779810186152
detection,12,fwd_pkt_len_mean_min,0.0056779810186152,0.0056779810186152
detection,12,ece_flag_cnt_mean,-0.0053714114063397,0.0053714114063397
detection,12,pkt_len_min_mean,0.0050129057069466,0.0050129057069466
detection,12,psh_flag_cnt_min,-0.0037908384511956,0.0037908384511956
detection,12,fwd_iat_mean_min,0.0037182996240641,0.0037182996240641
detection,12,fwd_psh_flags_min,-0.00363164814896,0.00363164814896
detection,12,ack_flag_cnt_min,-0.00363164814896,0.00363164814896
detection,12,syn_flag_cnt_min,-0.00363164814896,0.00363164814896
detection,12,fwd_iat_min_min,-0.0026600740109773,0.0026600740109773
detection,12,bwd_iat_max_min,0.0015416878765869,0.0015416878765869
detection,12,active_mean_min,0.0010136821620031,0.0010136821620031
detection,12,packets_per_sec_std,-0.0010070475921715,0.0010070475921715
detection,12,flow_iat_max_min,0.0004009020888668,0.0004009020888668
detection,12,fwd_iat_max_min,0.0003332013386043,0.0003332013386043
detection,12,idle_max_min,-0.000231076050252,0.000231076050252
detection,12,bwd_iat_max_max,-0.000141259413193,0.000141259413193
detection,12,urg_flag_cnt_min,0.0,0.0
detection,12,fin_flag_cnt_min,0.0,0.0
detection,12,mask_has_tcp_flags,0.0,0.0
detection,12,cwe_flag_cnt_min,0.0,0.0
detection,12,rst_flag_cnt_min,0.0,0.0
detection,12,bwd_urg_flags_max,0.0,0.0
detection,12,pkt_frag_mf_count,0.0,0.0
detection,12,mask_has_graph_topology,0.0,0.0
detection,12,mask_has_traffic_volume_features,0.0,0.0
detection,12,mask_has_flow_timing_features,0.0,0.0
detection,12,bwd_urg_flags_sum,0.0,0.0
detection,12,bwd_psh_flags_std,0.0,0.0
detection,12,bwd_psh_flags_mean,0.0,0.0
detection,12,fwd_urg_flags_min,0.0,0.0
detection,12,bwd_psh_flags_max,0.0,0.0
detection,12,bwd_psh_flags_sum,0.0,0.0
detection,12,bwd_psh_flags_min,0.0,0.0
detection,12,bwd_urg_flags_min,0.0,0.0
detection,12,bwd_urg_flags_mean,0.0,0.0
detection,12,bwd_urg_flags_std,0.0,0.0
detection,12,mask_has_identity_auth,0.0,0.0
detection,12,ece_flag_cnt_min,0.0,0.0
detection,12,bwd_pkt_len_min_min,0.0,0.0
detection,12,bwd_blk_rate_avg_sum,0.0,0.0
detection,12,bwd_blk_rate_avg_std,0.0,0.0
detection,12,bwd_blk_rate_avg_mean,0.0,0.0
detection,12,bwd_blk_rate_avg_min,0.0,0.0
detection,12,bwd_byts_b_avg_mean,0.0,0.0
detection,12,bwd_blk_rate_avg_max,0.0,0.0
detection,12,fwd_byts_b_avg_std,0.0,0.0
detection,12,fwd_byts_b_avg_sum,0.0,0.0
detection,12,fwd_byts_b_avg_min,0.0,0.0
detection,12,fwd_byts_b_avg_max,0.0,0.0
detection,12,fwd_pkts_b_avg_mean,0.0,0.0
detection,12,fwd_pkts_b_avg_std,0.0,0.0
detection,12,fwd_pkts_b_avg_sum,0.0,0.0
detection,12,fwd_byts_b_avg_mean,0.0,0.0
detection,12,fwd_pkts_b_avg_max,0.0,0.0
detection,12,fwd_blk_rate_avg_mean,0.0,0.0
detection,12,fwd_blk_rate_avg_std,0.0,0.0
detection,12,fwd_blk_rate_avg_sum,0.0,0.0
detection,12,fwd_blk_rate_avg_min,0.0,0.0
detection,12,fwd_blk_rate_avg_max,0.0,0.0
detection,12,bwd_pkts_b_avg_min,0.0,0.0
detection,12,bwd_byts_b_avg_std,0.0,0.0
detection,12,bwd_byts_b_avg_sum,0.0,0.0
detection,12,bwd_byts_b_avg_min,0.0,0.0
detection,12,bwd_byts_b_avg_max,0.0,0.0
detection,12,bwd_pkts_b_avg_mean,0.0,0.0
detection,12,bwd_pkts_b_avg_std,0.0,0.0
detection,12,bwd_pkts_b_avg_sum,0.0,0.0
detection,12,bwd_pkts_b_avg_max,0.0,0.0
detection,12,fwd_pkts_b_avg_min,0.0,0.0
detection,13,window_size_bwd_std,1.8940198272760456,1.8940198272760456
detection,13,fwd_pkt_len_std_mean,1.8504768610531157,1.8504768610531157
detection,13,byte_count_bwd_std,-1.7383211116114452,1.7383211116114452
detection,13,bwd_pkt_len_std_mean,-1.6921207404648604,1.6921207404648604
detection,13,fwd_pkt_len_max_std,-1.6170550201255909,1.6170550201255909
detection,13,pkt_tcp_retrans_count,1.4295512001102906,1.4295512001102906
detection,13,bytes_per_sec_mean,-1.3455912408088215,1.3455912408088215
detection,13,byte_count_fwd_max,1.3444896939921824,1.3444896939921824
detection,13,pkt_port_scan_seq_score,1.3297170898579116,1.3297170898579116
detection,13,bwd_iat_std_mean,1.296420982121751,1.296420982121751
detection,13,flow_iat_std_std,-1.294513669367758,1.294513669367758
detection,13,bytes_per_sec_max,1.2914114316944771,1.2914114316944771
detection,13,down_up_ratio_std,-1.2073960803730692,1.2073960803730692
detection,13,packet_count_bwd_std,1.159627836464768,1.159627836464768
detection,13,window_size_fwd_std,-1.157374996476635,1.157374996476635
detection,13,bwd_iat_max_std,-1.1088276968111053,1.1088276968111053
detection,13,pkt_len_std_mean,-1.0385633838272867,1.0385633838272867
detection,13,bwd_iat_mean_std,1.006285342476692,1.006285342476692
detection,13,bwd_iat_min_std,-1.0057815420054268,1.0057815420054268
detection,13,ack_flag_cnt_std,1.0023121540354325,1.0023121540354325
detection,13,bwd_seg_size_avg_max,0.995925163162902,0.995925163162902
detection,13,bwd_pkt_len_mean_max,0.995925163162695,0.995925163162695
detection,13,bwd_pkt_len_std_std,0.9510291257870384,0.9510291257870384
detection,13,bwd_pkts_per_sec_sum,-0.948676990389961,0.948676990389961
detection,13,pkt_len_min_std,0.9462133878675236,0.9462133878675236
detection,13,fwd_seg_size_min_mean,0.937908878259241,0.937908878259241
detection,13,bytes_per_sec_sum,-0.9344919515813432,0.9344919515813432
detection,13,bwd_iat_min_max,0.8836349852548916,0.8836349852548916
detection,13,urg_flag_cnt_mean,-0.8831471925324117,0.8831471925324117
detection,13,pkt_len_mean_max,-0.8569356757566776,0.8569356757566776
detection,13,fwd_pkt_len_std_std,0.8282123225814466,0.8282123225814466
detection,13,bwd_pkt_len_min_mean,0.8259165154117313,0.8259165154117313
detection,13,bwd_pkt_len_std_max,0.8171933670217404,0.8171933670217404
detection,13,urg_flag_cnt_max,0.816843065676859,0.816843065676859
detection,13,subflow_bwd_byts_sum,-0.8097878424906463,0.8097878424906463
detection,13,byte_count_bwd_max,-0.7868278192663024,0.7868278192663024
detection,13,active_max_sum,0.7349141309738699,0.7349141309738699
detection,13,pkt_payload_size_p95,-0.7300555108625622,0.7300555108625622
detection,13,bwd_iat_mean_sum,-0.7177813960062636,0.7177813960062636
detection,13,pkt_len_mean_mean,-0.7153258163329407,0.7153258163329407
detection,13,pkt_size_avg_mean,-0.7006095197131635,0.7006095197131635
detection,13,byte_count_fwd_std,-0.6955544973472236,0.6955544973472236
detection,13,bwd_pkt_len_max_std,0.6947165280808074,0.6947165280808074
detection,13,bwd_pkts_per_sec_std,0.6825927621199636,0.6825927621199636
detection,13,ece_flag_cnt_sum,0.674332522869746,0.674332522869746
detection,13,rst_flag_cnt_sum,0.6735179229321405,0.6735179229321405
detection,13,duration_sec_std,0.6701769520464729,0.6701769520464729
detection,13,active_mean_sum,-0.6667428559217712,0.6667428559217712
detection,13,window_size_bwd_sum,-0.6637763851072527,0.6637763851072527
detection,13,ece_flag_cnt_std,0.6622326594096998,0.6622326594096998
detection,13,pkt_len_max_mean,-0.6571919878871386,0.6571919878871386
detection,13,fwd_iat_mean_std,-0.6543661524393963,0.6543661524393963
detection,13,rst_flag_cnt_std,0.6386999227281414,0.6386999227281414
detection,13,subflow_bwd_pkts_std,-0.636392566424457,0.636392566424457
detection,13,window_size_bwd_mean,-0.6358403088273243,0.6358403088273243
detection,13,byte_count_bwd_mean,-0.6218569747919412,0.6218569747919412
detection,13,pkt_frag_df_count,0.6179225277057938,0.6179225277057938
detection,13,pkt_len_var_sum,0.6146697780383926,0.6146697780383926
detection,13,flow_iat_max_std,-0.60589453636045,0.60589453636045
detection,13,fwd_header_len_max,0.6041486762725057,0.6041486762725057
detection,13,urg_flag_cnt_std,0.5956668447871843,0.5956668447871843
detection,13,bwd_header_len_max,0.5955361829071104,0.5955361829071104
detection,13,fwd_seg_size_min_std,-0.5944601084279454,0.5944601084279454
detection,13,pkt_len_std_std,0.5850652809561913,0.5850652809561913
detection,13,active_std_sum,-0.581381641329506,0.581381641329506
detection,13,packet_count_bwd_mean,0.581227935874154,0.581227935874154
detection,13,bwd_iat_tot_mean,-0.5732774362686991,0.5732774362686991
detection,13,bwd_iat_mean_mean,0.5624311128899154,0.5624311128899154
detection,13,pkt_payload_size_p75,-0.546779521320617,0.546779521320617
detection,13,packet_count_fwd_mean,0.542324715757209,0.542324715757209
detection,13,bwd_pkt_len_mean_sum,0.5347365170627988,0.5347365170627988
detection,13,bwd_seg_size_avg_sum,0.534736517062353,0.534736517062353
detection,13,pkt_len_max_std,-0.5320373858333353,0.5320373858333353
detection,13,fwd_pkt_len_max_max,0.5279934122870859,0.5279934122870859
detection,13,bwd_iat_mean_max,-0.5242459627069308,0.5242459627069308
detection,13,byte_count_bwd_sum,-0.522574594049434,0.522574594049434
detection,13,psh_flag_cnt_mean,0.5166865839947921,0.5166865839947921
detection,13,down_up_ratio_max,0.4992947779882128,0.4992947779882128
detection,13,ack_flag_cnt_sum,0.4861119025090721,0.4861119025090721
detection,13,psh_flag_cnt_max,-0.4675006409897798,0.4675006409897798
detection,13,flow_iat_std_sum,-0.4598257998352767,0.4598257998352767
detection,13,active_std_mean,-0.4569661795203547,0.4569661795203547
detection,13,subflow_bwd_byts_max,0.4547147957177287,0.4547147957177287
detection,13,idle_min_std,-0.432873050020153,0.432873050020153
detection,13,fwd_pkt_len_mean_sum,0.4253659037741555,0.4253659037741555
detection,13,fwd_seg_size_avg_sum,0.4253659037741555,0.4253659037741555
detection,13,fwd_pkt_len_std_sum,0.4235322666975023,0.4235322666975023
detection,13,fwd_pkts_per_sec_max,-0.4098137658179097,0.4098137658179097
detection,13,idle_max_mean,0.4077014456955741,0.4077014456955741
detection,13,fwd_iat_std_mean,0.4032873843525006,0.4032873843525006
detection,13,active_max_std,0.402390971663853,0.402390971663853
detection,13,pkt_ttl_max,-0.3973199843226589,0.3973199843226589
detection,13,mask_has_packet_level_features,-0.3973199843226589,0.3973199843226589
detection,13,idle_std_mean,0.3917914870665422,0.3917914870665422
detection,13,fwd_iat_min_std,-0.3882693623303059,0.3882693623303059
detection,13,window_size_bwd_max,0.3870156214161684,0.3870156214161684
detection,13,pkt_len_mean_sum,0.385927985582729,0.385927985582729
detection,13,fwd_pkt_len_max_sum,0.382580884226617,0.382580884226617
detection,13,window_size_fwd_mean,0.3725700805657233,0.3725700805657233
detection,13,fwd_iat_std_sum,0.3719867488120186,0.3719867488120186
detection,13,fwd_iat_max_sum,0.3710106802262772,0.3710106802262772
detection,13,pkt_len_var_mean,-0.3607098877886132,0.3607098877886132
detection,13,fwd_pkts_per_sec_sum,0.3586571227449817,0.3586571227449817
detection,13,fwd_iat_std_std,0.3494625533754786,0.3494625533754786
detection,13,fwd_iat_min_max,0.3449893414194674,0.3449893414194674
detection,13,pkt_len_max_max,0.3447318921660798,0.3447318921660798
detection,13,pkt_size_avg_sum,0.3433702446487597,0.3433702446487597
detection,13,down_up_ratio_mean,0.3415295651857494,0.3415295651857494
detection,13,active_min_std,-0.3414649299945105,0.3414649299945105
detection,13,pkt_ttl_std,0.3312443327736449,0.3312443327736449
detection,13,down_up_ratio_sum,0.330561578147663,0.330561578147663
detection,13,pkt_size_avg_max,0.3302625968548511,0.3302625968548511
detection,13,pkt_ttl_mode,0.3277158173004726,0.3277158173004726
detection,13,fwd_pkts_per_sec_mean,0.3270307721054036,0.3270307721054036
detection,13,ack_flag_cnt_max,-0.3230559233574736,0.3230559233574736
detection,13,fwd_header_len_std,0.3223758960521583,0.3223758960521583
detection,13,rst_flag_cnt_max,-0.3192019782649015,0.3192019782649015
detection,13,ece_flag_cnt_max,-0.3192019782649015,0.3192019782649015
detection,13,pkt_len_max_sum,0.3157346813071958,0.3157346813071958
detection,13,packet_count_bwd_max,0.3127288018476493,0.3127288018476493
detection,13,fwd_urg_flags_std,0.3126704006248168,0.3126704006248168
detection,13,cwe_flag_cnt_std,0.3126704006248168,0.3126704006248168
detection,13,pkt_len_min_max,-0.3080075964081608,0.3080075964081608
detection,13,pkt_len_std_sum,0.3050510268802983,0.3050510268802983
detection,13,fwd_iat_mean_max,0.3047113846803089,0.3047113846803089
detection,13,subflow_fwd_pkts_std,0.3035184668215377,0.3035184668215377
detection,13,flow_iat_min_sum,0.3002234098363214,0.3002234098363214
detection,13,packets_per_sec_max,-0.2987426048116594,0.2987426048116594
detection,13,fwd_iat_tot_std,0.2948528203945829,0.2948528203945829
detection,13,fwd_act_data_pkts_std,0.2942930489876518,0.2942930489876518
detection,13,fwd_iat_max_max,-0.2929823057576057,0.2929823057576057
detection,13,active_mean_std,-0.2913120395791231,0.2913120395791231
detection,13,packets_per_sec_sum,-0.2890353307632108,0.2890353307632108
detection,13,flow_iat_max_mean,-0.2856921404594241,0.2856921404594241
detection,13,pkt_len_mean_std,0.2846789402593686,0.2846789402593686
detection,13,fwd_iat_min_sum,0.2845652316411299,0.2845652316411299
detection,13,active_std_max,0.279891619841811,0.279891619841811
detection,13,bwd_pkt_len_min_std,-0.2748981883731728,0.2748981883731728
detection,13,bwd_pkts_per_sec_mean,-0.274475833736773,0.274475833736773
detection,13,byte_count_fwd_sum,-0.2708854492149407,0.2708854492149407
detection,13,active_std_std,-0.2664668528957313,0.2664668528957313
detection,13,fwd_header_len_mean,0.2647505501317698,0.2647505501317698
detection,13,subflow_fwd_pkts_mean,0.2633187193598368,0.2633187193598368
detection,13,fwd_act_data_pkts_mean,0.2622000520586652,0.2622000520586652
detection,13,fwd_seg_size_min_sum,0.2620009326291055,0.2620009326291055
detection,13,subflow_bwd_byts_mean,0.2616257708016592,0.2616257708016592
detection,13,duration_microsec_std,0.2573548738081515,0.2573548738081515
detection,13,duration_microsec_max,0.2560787145020646,0.2560787145020646
detection,13,idle_mean_mean,0.2533261247958332,0.2533261247958332
detection,13,fwd_iat_std_max,0.2511783600826097,0.2511783600826097
detection,13,duration_sec_sum,-0.2511550869640906,0.2511550869640906
detection,13,bwd_iat_std_std,0.2496609832057725,0.2496609832057725
detection,13,active_max_mean,-0.2484679011849808,0.2484679011849808
detection,13,bwd_iat_tot_max,-0.2461781582209936,0.2461781582209936
detection,13,idle_mean_std,-0.245931023884289,0.245931023884289
detection,13,flow_iat_std_max,-0.2433530169312298,0.2433530169312298
detection,13,packets_per_sec_mean,-0.2429309494117692,0.2429309494117692
detection,13,fwd_pkt_len_mean_mean,-0.2417400631660867,0.2417400631660867
detection,13,fwd_seg_size_avg_mean,-0.2417400631660867,0.2417400631660867
detection,13,bwd_pkts_per_sec_max,-0.2394344193257912,0.2394344193257912
detection,13,subflow_fwd_pkts_max,0.2297755187682215,0.2297755187682215
detection,13,fwd_pkt_len_std_max,-0.2287183708896671,0.2287183708896671
detection,13,fwd_header_len_sum,0.2266778605494517,0.2266778605494517
detection,13,flow_iat_max_max,0.2263411252821465,0.2263411252821465
detection,13,flow_iat_mean_sum,0.2246828064230339,0.2246828064230339
detection,13,packet_count_fwd_std,-0.2210836825199701,0.2210836825199701
detection,13,packet_count_bwd_min,-0.220665950390901,0.220665950390901
detection,13,bwd_pkt_len_mean_std,0.2192031479183359,0.2192031479183359
detection,13,bwd_seg_size_avg_std,0.2192031479015049,0.2192031479015049
detection,13,pkt_len_var_max,0.2190995557289905,0.2190995557289905
detection,13,bwd_pkt_len_min_sum,0.2169620597348191,0.2169620597348191
detection,13,flow_iat_std_mean,-0.2153170101001282,0.2153170101001282
detection,13,bwd_pkt_len_max_sum,0.2113900946108025,0.2113900946108025
detection,13,subflow_fwd_byts_mean,0.2067706594957457,0.2067706594957457
detection,13,bwd_header_len_std,-0.206227014759666,0.206227014759666
detection,13,fwd_urg_flags_mean,-0.1985859383866683,0.1985859383866683
detection,13,cwe_flag_cnt_mean,-0.1985859383866683,0.1985859383866683
detection,13,idle_max_sum,0.1966883635076351,0.1966883635076351
detection,13,flow_iat_max_sum,0.1960009844391032,0.1960009844391032
detection,13,bytes_per_sec_std,0.1946602841490052,0.1946602841490052
detection,13,subflow_bwd_byts_std,-0.1936892173895743,0.1936892173895743
detection,13,byte_count_fwd_min,0.1922814616527955,0.1922814616527955
detection,13,subflow_fwd_byts_sum,0.191749259937569,0.191749259937569
detection,13,bwd_iat_std_sum,0.1914879191155246,0.1914879191155246
detection,13,subflow_bwd_pkts_sum,-0.1899368698216815,0.1899368698216815
detection,13,window_size_fwd_max,-0.1877632236976097,0.1877632236976097
detection,13,fin_flag_cnt_max,0.1858632965827468,0.1858632965827468
detection,13,pkt_ttl_min,-0.1855767407459704,0.1855767407459704
detection,13,bwd_iat_max_mean,-0.1855244965914205,0.1855244965914205
detection,13,fwd_pkt_len_max_mean,0.1837220282709014,0.1837220282709014
detection,13,active_max_max,0.1835653672622445,0.1835653672622445
detection,13,idle_max_max,-0.1834875852115246,0.1834875852115246
detection,13,unique_dst_ports_count,0.1814185654403785,0.1814185654403785
detection,13,subflow_fwd_pkts_sum,0.1803736862786971,0.1803736862786971
detection,13,bwd_pkt_len_max_max,-0.1779126827822767,0.1779126827822767
detection,13,pkt_payload_size_p50,-0.1692020614973369,0.1692020614973369
detection,13,fwd_pkt_len_min_mean,-0.1668111376226808,0.1668111376226808
detection,13,subflow_fwd_byts_max,-0.1653224585016385,0.1653224585016385
detection,13,fwd_pkt_len_min_sum,-0.164814260057288,0.164814260057288
detection,13,active_min_sum,0.164521069802172,0.164521069802172
detection,13,pkt_len_min_sum,-0.1629451392859808,0.1629451392859808
detection,13,fwd_seg_size_min_min,-0.1623593905681692,0.1623593905681692
detection,13,fwd_act_data_pkts_sum,0.1611641939344474,0.1611641939344474
detection,13,window_size_fwd_sum,0.1608454775325286,0.1608454775325286
detection,13,packets_per_sec_min,-0.1581933654185864,0.1581933654185864
detection,13,active_mean_mean,-0.1529815281297831,0.1529815281297831
detection,13,pkt_size_avg_std,0.1526497166651231,0.1526497166651231
detection,13,flow_count,0.1526222710361733,0.1526222710361733
detection,13,fwd_iat_mean_mean,-0.1448621100200651,0.1448621100200651
detection,13,fwd_seg_size_min_max,-0.1434052448374139,0.1434052448374139
detection,13,fwd_act_data_pkts_min,0.143280916839585,0.143280916839585
detection,13,fwd_iat_max_std,-0.1399083713848902,0.1399083713848902
detection,13,subflow_bwd_pkts_mean,-0.1384941382265982,0.1384941382265982
detection,13,packet_count_fwd_sum,0.1367715012166807,0.1367715012166807
detection,13,fwd_act_data_pkts_max,0.1345726196803752,0.1345726196803752
detection,13,duration_sec_max,0.1344772170250147,0.1344772170250147
detection,13,packet_count_fwd_min,0.134181037506142,0.134181037506142
detection,13,subflow_bwd_pkts_max,-0.1336269943087765,0.1336269943087765
detection,13,bwd_iat_max_sum,-0.1317313254293703,0.1317313254293703
detection,13,flow_iat_mean_mean,0.1289840868453236,0.1289840868453236
detection,13,flow_iat_mean_std,-0.1261776671856689,0.1261776671856689
detection,13,syn_flag_cnt_std,-0.1252164114010546,0.1252164114010546
detection,13,fwd_psh_flags_std,-0.1252164114010546,0.1252164114010546
detection,13,fwd_iat_mean_sum,0.1249638932079001,0.1249638932079001
detection,13,ack_flag_cnt_mean,0.1248009051067853,0.1248009051067853
detection,13,fwd_iat_tot_sum,-0.1237482293906478,0.1237482293906478
detection,13,psh_flag_cnt_sum,0.1207532831688288,0.1207532831688288
detection,13,bwd_iat_tot_std,-0.1195573994760964,0.1195573994760964
detection,13,cwe_flag_cnt_max,0.1133514416238507,0.1133514416238507
detection,13,fwd_urg_flags_max,0.1133514416238507,0.1133514416238507
detection,13,flow_iat_min_max,0.1089684741375319,0.1089684741375319
detection,13,idle_std_std,0.1073380403892662,0.1073380403892662
detection,13,idle_mean_sum,0.1042874172899292,0.1042874172899292
detection,13,fwd_pkts_per_sec_std,0.1027440083743502,0.1027440083743502
detection,13,active_mean_max,0.1000650003144664,0.1000650003144664
detection,13,bwd_iat_tot_sum,-0.0928533653375174,0.0928533653375174
detection,13,duration_microsec_min,0.0924453416088986,0.0924453416088986
detection,13,fwd_iat_tot_min,0.0912411531893863,0.0912411531893863
detection,13,duration_microsec_sum,-0.090387396689615,0.090387396689615
detection,13,bwd_iat_min_min,-0.0902388001706916,0.0902388001706916
detection,13,packet_count_fwd_max,-0.0875864397316021,0.0875864397316021
detection,13,fwd_iat_min_mean,-0.0856859425936988,0.0856859425936988
detection,13,fwd_iat_tot_mean,0.0854299444424384,0.0854299444424384
detection,13,duration_microsec_mean,0.0851079960680913,0.0851079960680913
detection,13,duration_sec_mean,0.0831118950740801,0.0831118950740801
detection,13,duration_sec_min,0.0823373424846477,0.0823373424846477
detection,13,active_min_mean,0.0809952425878941,0.0809952425878941
detection,13,syn_flag_cnt_sum,-0.0800624455283356,0.0800624455283356
detection,13,fwd_psh_flags_sum,-0.0800624455283356,0.0800624455283356
detection,13,fwd_psh_flags_mean,-0.0798873561413687,0.0798873561413687
detection,13,syn_flag_cnt_mean,-0.0798873561413687,0.0798873561413687
detection,13,fwd_pkt_len_min_std,0.0792626576610921,0.0792626576610921
detection,13,subflow_bwd_pkts_min,-0.079234829276308,0.079234829276308
detection,13,idle_std_max,-0.0780384920246977,0.0780384920246977
detection,13,subflow_fwd_pkts_min,0.070883416366541,0.070883416366541
detection,13,fwd_iat_max_mean,0.0677094942078744,0.0677094942078744
detection,13,flow_iat_min_mean,0.0673396956831841,0.0673396956831841
detection,13,bwd_iat_min_mean,-0.0660216085178502,0.0660216085178502
detection,13,flow_iat_min_std,0.0650001808856894,0.0650001808856894
detection,13,bwd_pkt_len_max_mean,-0.0640782951168129,0.0640782951168129
detection,13,fin_flag_cnt_mean,0.0604684903559874,0.0604684903559874
detection,13,subflow_fwd_byts_std,-0.0599011273414993,0.0599011273414993
detection,13,idle_mean_max,-0.056608572371447,0.056608572371447
detection,13,byte_count_bwd_min,0.0564980924328537,0.0564980924328537
detection,13,fwd_seg_size_avg_std,-0.0562873666230338,0.0562873666230338
detection,13,fwd_pkt_len_mean_std,-0.0562873666230338,0.0562873666230338
detection,13,fin_flag_cnt_std,0.0555366140490764,0.0555366140490764
detection,13,bwd_seg_size_avg_min,0.0551963331019683,0.0551963331019683
detection,13,bwd_pkt_len_mean_min,0.0551963331019683,0.0551963331019683
detection,13,bwd_iat_min_sum,0.0534621126657437,0.0534621126657437
detection,13,fwd_iat_tot_max,0.0524469756509387,0.0524469756509387
detection,13,fwd_iat_std_min,-0.0514881221534332,0.0514881221534332
detection,13,bwd_pkt_len_std_sum,0.0511839160998525,0.0511839160998525
detection,13,pkt_len_std_min,0.0506282406362378,0.0506282406362378
detection,13,cwe_flag_cnt_sum,0.0502917254382923,0.0502917254382923
detection,13,fwd_urg_flags_sum,0.0502917254382923,0.0502917254382923
detection,13,idle_max_std,0.0502106251571317,0.0502106251571317
detection,13,fwd_psh_flags_max,0.0500183807710058,0.0500183807710058
detection,13,syn_flag_cnt_max,0.0500183807710058,0.0500183807710058
detection,13,bytes_per_sec_min,0.0497794151913974,0.0497794151913974
detection,13,bwd_pkt_len_max_min,0.0497749132689908,0.0497749132689908
detection,13,idle_min_sum,0.0488292850543156,0.0488292850543156
detection,13,subflow_bwd_byts_min,0.0487619447040156,0.0487619447040156
detection,13,pkt_len_var_min,0.0476665043365755,0.0476665043365755
detection,13,flow_iat_std_min,-0.0470233919424614,0.0470233919424614
detection,13,bwd_pkt_len_std_min,0.0461481319563103,0.0461481319563103
detection,13,bwd_iat_mean_min,-0.0449438854551153,0.0449438854551153
detection,13,idle_std_sum,0.044481913423711,0.044481913423711
detection,13,idle_min_mean,-0.0442971912896553,0.0442971912896553
detection,13,pkt_payload_size_p25,-0.0434257011260659,0.0434257011260659
detection,13,fwd_pkt_len_std_min,0.0416165463475979,0.0416165463475979
detection,13,byte_count_fwd_mean,-0.0416054655996101,0.0416054655996101
detection,13,window_size_bwd_min,0.0413086509151314,0.0413086509151314
detection,13,rst_flag_cnt_mean,-0.0409762982532311,0.0409762982532311
detection,13,bwd_header_len_mean,-0.0407976110116607,0.0407976110116607
detection,13,packet_count_bwd_sum,-0.0401553589588625,0.0401553589588625
detection,13,fwd_pkt_len_max_min,-0.0390512532717298,0.0390512532717298
detection,13,idle_min_max,-0.0375839861420791,0.0375839861420791
detection,13,idle_std_min,-0.0372730491393409,0.0372730491393409
detection,13,fwd_pkt_len_min_max,-0.0370591965539523,0.0370591965539523
detection,13,unique_protocols_count,0.035137168837308,0.035137168837308
detection,13,active_min_max,0.0344504969073658,0.0344504969073658
detection,13,bwd_pkt_len_min_max,-0.0341132961299296,0.0341132961299296
detection,13,idle_min_min,-0.0336625100301625,0.0336625100301625
detection,13,pkt_len_var_std,-0.0334894961724266,0.0334894961724266
detection,13,fwd_pkt_len_min_min,0.0321488279666722,0.0321488279666722
detection,13,pkt_len_min_min,0.0314012122579161,0.0314012122579161
detection,13,urg_flag_cnt_sum,0.0296764645472988,0.0296764645472988
detection,13,bwd_iat_std_min,0.0282938851210081,0.0282938851210081
detection,13,fin_flag_cnt_sum,0.02782194591731,0.02782194591731
detection,13,bwd_iat_tot_min,0.0272777558410091,0.0272777558410091
detection,13,bwd_iat_std_max,-0.0256598415383899,0.0256598415383899
detection,13,active_std_min,0.022815983005075,0.022815983005075
detection,13,window_size_fwd_min,0.0227093472589077,0.0227093472589077
detection,13,pkt_len_std_max,0.0218605339689103,0.0218605339689103
detection,13,fwd_pkt_len_mean_max,0.0209683850548114,0.0209683850548114
detection,13,fwd_seg_size_avg_max,0.0209683850548114,0.0209683850548114
detection,13,subflow_fwd_byts_min,-0.0207382514877474,0.0207382514877474
detection,13,pkt_len_max_min,0.0191545145949672,0.0191545145949672
detection,13,pkt_len_mean_min,0.0183402338914047,0.0183402338914047
detection,13,flow_iat_mean_max,-0.0164961419598427,0.0164961419598427
detection,13,bwd_header_len_sum,0.0160138145761147,0.0160138145761147
detection,13,bwd_pkt_len_mean_mean,0.0159966885841161,0.0159966885841161
detection,13,bwd_seg_size_avg_mean,0.0159966885809003,0.0159966885809003
detection,13,flow_iat_min_min,0.0150593411088982,0.0150593411088982
detection,13,down_up_ratio_min,-0.0146614804365844,0.0146614804365844
detection,13,psh_flag_cnt_std,-0.0140616091269894,0.0140616091269894
detection,13,active_min_min,-0.0128729321143011,0.0128729321143011
detection,13,idle_mean_min,-0.0128528805859373,0.0128528805859373
detection,13,bwd_pkts_per_sec_min,0.0125815620899435,0.0125815620899435
detection,13,fwd_pkts_per_sec_min,0.0125712511242186,0.0125712511242186
detection,13,fwd_header_len_min,-0.0101802539037456,0.0101802539037456
detection,13,flow_iat_mean_min,0.0096791468302052,0.0096791468302052
detection,13,active_max_min,0.0087959654759657,0.0087959654759657
detection,13,bwd_header_len_min,-0.0075898773693502,0.0075898773693502
detection,13,pkt_size_avg_min,0.0071438192914658,0.0071438192914658
detection,13,pkt_len_min_mean,0.0068357994801834,0.0068357994801834
detection,13,packets_per_sec_std,-0.0057904810448306,0.0057904810448306
detection,13,fwd_seg_size_avg_min,0.0056447488596121,0.0056447488596121
detection,13,fwd_pkt_len_mean_min,0.0056447488596121,0.0056447488596121
detection,13,psh_flag_cnt_min,-0.0051568586621559,0.0051568586621559
detection,13,ack_flag_cnt_min,-0.0049384498485745,0.0049384498485745
detection,13,fwd_psh_flags_min,-0.0049384498485745,0.0049384498485745
detection,13,syn_flag_cnt_min,-0.0049384498485745,0.0049384498485745
detection,13,fwd_iat_mean_min,0.0042583206543236,0.0042583206543236
detection,13,bwd_iat_max_max,-0.0028848825618104,0.0028848825618104
detection,13,bwd_iat_max_min,0.0021769738798006,0.0021769738798006
detection,13,fwd_iat_min_min,-0.001792498027664,0.001792498027664
detection,13,ece_flag_cnt_mean,-0.00110209829322,0.00110209829322
detection,13,active_mean_min,0.0008909685929296,0.0008909685929296
detection,13,idle_max_min,-0.000353795248008,0.000353795248008
detection,13,flow_iat_max_min,0.0002483528356083,0.0002483528356083
detection,13,fwd_iat_max_min,0.0001852033408062,0.0001852033408062
detection,13,urg_flag_cnt_min,0.0,0.0
detection,13,fin_flag_cnt_min,0.0,0.0
detection,13,mask_has_tcp_flags,0.0,0.0
detection,13,cwe_flag_cnt_min,0.0,0.0
detection,13,rst_flag_cnt_min,0.0,0.0
detection,13,bwd_urg_flags_max,0.0,0.0
detection,13,pkt_frag_mf_count,0.0,0.0
detection,13,mask_has_graph_topology,0.0,0.0
detection,13,mask_has_traffic_volume_features,0.0,0.0
detection,13,mask_has_flow_timing_features,0.0,0.0
detection,13,bwd_urg_flags_sum,0.0,0.0
detection,13,bwd_psh_flags_std,0.0,0.0
detection,13,bwd_psh_flags_mean,0.0,0.0
detection,13,fwd_urg_flags_min,0.0,0.0
detection,13,bwd_psh_flags_max,0.0,0.0
detection,13,bwd_psh_flags_sum,0.0,0.0
detection,13,bwd_psh_flags_min,0.0,0.0
detection,13,bwd_urg_flags_min,0.0,0.0
detection,13,bwd_urg_flags_mean,0.0,0.0
detection,13,bwd_urg_flags_std,0.0,0.0
detection,13,mask_has_identity_auth,0.0,0.0
detection,13,ece_flag_cnt_min,0.0,0.0
detection,13,bwd_pkt_len_min_min,0.0,0.0
detection,13,bwd_blk_rate_avg_sum,0.0,0.0
detection,13,bwd_blk_rate_avg_std,0.0,0.0
detection,13,bwd_blk_rate_avg_mean,0.0,0.0
detection,13,bwd_blk_rate_avg_min,0.0,0.0
detection,13,bwd_byts_b_avg_mean,0.0,0.0
detection,13,bwd_blk_rate_avg_max,0.0,0.0
detection,13,fwd_byts_b_avg_std,0.0,0.0
detection,13,fwd_byts_b_avg_sum,0.0,0.0
detection,13,fwd_byts_b_avg_min,0.0,0.0
detection,13,fwd_byts_b_avg_max,0.0,0.0
detection,13,fwd_pkts_b_avg_mean,0.0,0.0
detection,13,fwd_pkts_b_avg_std,0.0,0.0
detection,13,fwd_pkts_b_avg_sum,0.0,0.0
detection,13,fwd_byts_b_avg_mean,0.0,0.0
detection,13,fwd_pkts_b_avg_max,0.0,0.0
detection,13,fwd_blk_rate_avg_mean,0.0,0.0
detection,13,fwd_blk_rate_avg_std,0.0,0.0
detection,13,fwd_blk_rate_avg_sum,0.0,0.0
detection,13,fwd_blk_rate_avg_min,0.0,0.0
detection,13,fwd_blk_rate_avg_max,0.0,0.0
detection,13,bwd_pkts_b_avg_min,0.0,0.0
detection,13,bwd_byts_b_avg_std,0.0,0.0
detection,13,bwd_byts_b_avg_sum,0.0,0.0
detection,13,bwd_byts_b_avg_min,0.0,0.0
detection,13,bwd_byts_b_avg_max,0.0,0.0
detection,13,bwd_pkts_b_avg_mean,0.0,0.0
detection,13,bwd_pkts_b_avg_std,0.0,0.0
detection,13,bwd_pkts_b_avg_sum,0.0,0.0
detection,13,bwd_pkts_b_avg_max,0.0,0.0
detection,13,fwd_pkts_b_avg_min,0.0,0.0
detection,14,window_size_bwd_std,1.8819749497870808,1.8819749497870808
detection,14,fwd_pkt_len_std_mean,1.857767025038244,1.857767025038244
detection,14,byte_count_bwd_std,-1.730202146041787,1.730202146041787
detection,14,bwd_pkt_len_std_mean,-1.6664252588946715,1.6664252588946715
detection,14,fwd_pkt_len_max_std,-1.6070828152395156,1.6070828152395156
detection,14,pkt_tcp_retrans_count,1.4065536549935578,1.4065536549935578
detection,14,byte_count_fwd_max,1.3530091354743332,1.3530091354743332
detection,14,pkt_port_scan_seq_score,1.3071309197095782,1.3071309197095782
detection,14,bytes_per_sec_mean,-1.3033705598153196,1.3033705598153196
detection,14,flow_iat_std_std,-1.3010559103935082,1.3010559103935082
detection,14,bytes_per_sec_max,1.26828638229503,1.26828638229503
detection,14,bwd_iat_std_mean,1.265229114805552,1.265229114805552
detection,14,down_up_ratio_std,-1.206592115252444,1.206592115252444
detection,14,window_size_fwd_std,-1.170512252950843,1.170512252950843
detection,14,packet_count_bwd_std,1.1649710546816692,1.1649710546816692
detection,14,bwd_iat_max_std,-1.088710826736517,1.088710826736517
detection,14,pkt_len_std_mean,-1.0211325432708531,1.0211325432708531
detection,14,bwd_iat_mean_std,1.0146573444454396,1.0146573444454396
detection,14,bwd_iat_min_std,-1.0090006303931245,1.0090006303931245
detection,14,bwd_seg_size_avg_max,1.0031249183192104,1.0031249183192104
detection,14,bwd_pkt_len_mean_max,1.0031249183189834,1.0031249183189834
detection,14,ack_flag_cnt_std,0.997844719078098,0.997844719078098
detection,14,bwd_pkt_len_std_std,0.9576515077357058,0.9576515077357058
detection,14,pkt_len_min_std,0.9490974487740822,0.9490974487740822
detection,14,bwd_pkts_per_sec_sum,-0.945893335916026,0.945893335916026
detection,14,fwd_seg_size_min_mean,0.9200526125747852,0.9200526125747852
detection,14,bytes_per_sec_sum,-0.9046942898313134,0.9046942898313134
detection,14,bwd_iat_min_max,0.8820081051866347,0.8820081051866347
detection,14,urg_flag_cnt_mean,-0.8605743842997735,0.8605743842997735
detection,14,pkt_len_mean_max,-0.8600812674194797,0.8600812674194797
detection,14,bwd_pkt_len_min_mean,0.8596644708683884,0.8596644708683884
detection,14,fwd_pkt_len_std_std,0.8468018434379991,0.8468018434379991
detection,14,bwd_pkt_len_std_max,0.8222542155713186,0.8222542155713186
detection,14,subflow_bwd_byts_sum,-0.8032380198104124,0.8032380198104124
detection,14,urg_flag_cnt_max,0.8016503563524223,0.8016503563524223
detection,14,byte_count_bwd_max,-0.7933256675116571,0.7933256675116571
detection,14,active_max_sum,0.7217124975787421,0.7217124975787421
detection,14,pkt_payload_size_p95,-0.711820405429187,0.711820405429187
detection,14,pkt_len_mean_mean,-0.7089859511052474,0.7089859511052474
detection,14,byte_count_fwd_std,-0.7083394656225113,0.7083394656225113
detection,14,bwd_iat_mean_sum,-0.7023645594644484,0.7023645594644484
detection,14,pkt_size_avg_mean,-0.6930123402714562,0.6930123402714562
detection,14,bwd_pkts_per_sec_std,0.6879141545909767,0.6879141545909767
detection,14,ece_flag_cnt_std,0.6811076023697884,0.6811076023697884
detection,14,bwd_pkt_len_max_std,0.6706616436672824,0.6706616436672824
detection,14,pkt_len_max_mean,-0.6677705293316598,0.6677705293316598
detection,14,duration_sec_std,0.6676778812058944,0.6676778812058944
detection,14,window_size_bwd_sum,-0.662612851251994,0.662612851251994
detection,14,active_mean_sum,-0.6610762553916445,0.6610762553916445
detection,14,rst_flag_cnt_std,0.6574426884616513,0.6574426884616513
detection,14,ece_flag_cnt_sum,0.6548771631445778,0.6548771631445778
detection,14,rst_flag_cnt_sum,0.6540601495232035,0.6540601495232035
detection,14,fwd_iat_mean_std,-0.6427643520035256,0.6427643520035256
detection,14,subflow_bwd_pkts_std,-0.6326677159894022,0.6326677159894022
detection,14,window_size_bwd_mean,-0.6315337845611985,0.6315337845611985
detection,14,byte_count_bwd_mean,-0.623675850086609,0.623675850086609
detection,14,fwd_seg_size_min_std,-0.6096421348442648,0.6096421348442648
detection,14,pkt_len_var_sum,0.6074030104776221,0.6074030104776221
detection,14,pkt_len_std_std,0.6002341394133718,0.6002341394133718
detection,14,bwd_header_len_max,0.5978236917567747,0.5978236917567747
detection,14,fwd_header_len_max,0.5957594990056295,0.5957594990056295
detection,14,flow_iat_max_std,-0.5930251676609002,0.5930251676609002
detection,14,pkt_frag_df_count,0.588230496964815,0.588230496964815
detection,14,active_std_sum,-0.5821252201441316,0.5821252201441316
detection,14,urg_flag_cnt_std,0.5813337792390869,0.5813337792390869
detection,14,packet_count_bwd_mean,0.576149109701551,0.576149109701551
detection,14,pkt_len_max_std,-0.5571874904016901,0.5571874904016901
detection,14,bwd_iat_tot_mean,-0.5553835017244,0.5553835017244
detection,14,packet_count_fwd_mean,0.5416969234611783,0.5416969234611783
detection,14,fwd_pkt_len_max_max,0.5370201717113573,0.5370201717113573
detection,14,pkt_payload_size_p75,-0.5365278472939288,0.5365278472939288
detection,14,bwd_iat_mean_mean,0.5346971568292145,0.5346971568292145
detection,14,bwd_pkt_len_mean_sum,0.5258521784867761,0.5258521784867761
detection,14,bwd_seg_size_avg_sum,0.5258521784863069,0.5258521784863069
detection,14,bwd_iat_mean_max,-0.5245261785249041,0.5245261785249041
detection,14,byte_count_bwd_sum,-0.5194685365661894,0.5194685365661894
detection,14,down_up_ratio_max,0.5137826303850315,0.5137826303850315
detection,14,psh_flag_cnt_mean,0.501818694209695,0.501818694209695
detection,14,ack_flag_cnt_sum,0.4922395440249482,0.4922395440249482
detection,14,psh_flag_cnt_max,-0.4591916889648812,0.4591916889648812
detection,14,flow_iat_std_sum,-0.4520630971199342,0.4520630971199342
detection,14,subflow_bwd_byts_max,0.4506066335812091,0.4506066335812091
detection,14,active_std_mean,-0.4373978901583656,0.4373978901583656
detection,14,fwd_pkts_per_sec_max,-0.427967299737076,0.427967299737076
detection,14,idle_min_std,-0.4244174007625897,0.4244174007625897
detection,14,fwd_pkt_len_std_sum,0.4223499280463595,0.4223499280463595
detection,14,fwd_pkt_len_mean_sum,0.4208929258772958,0.4208929258772958
detection,14,fwd_seg_size_avg_sum,0.4208929258772958,0.4208929258772958
detection,14,pkt_ttl_max,-0.3930800387812282,0.3930800387812282
detection,14,mask_has_packet_level_features,-0.3930800387812282,0.3930800387812282
detection,14,idle_max_mean,0.3907847388518699,0.3907847388518699
detection,14,idle_std_mean,0.3899589383031949,0.3899589383031949
detection,14,active_max_std,0.3843431619343263,0.3843431619343263
detection,14,fwd_iat_min_std,-0.383322636557888,0.383322636557888
detection,14,fwd_iat_std_sum,0.3785750324226889,0.3785750324226889
detection,14,pkt_len_mean_sum,0.376909191737527,0.376909191737527
detection,14,fwd_iat_max_sum,0.3768750852097414,0.3768750852097414
detection,14,fwd_pkt_len_max_sum,0.3766051843407617,0.3766051843407617
detection,14,window_size_fwd_mean,0.3670433918705924,0.3670433918705924
detection,14,window_size_bwd_max,0.3668121773671027,0.3668121773671027
detection,14,fwd_iat_std_mean,0.3654668714406951,0.3654668714406951
detection,14,fwd_pkts_per_sec_sum,0.3602724969080784,0.3602724969080784
detection,14,pkt_len_var_mean,-0.3578398853945455,0.3578398853945455
detection,14,fwd_iat_std_std,0.3515979703975876,0.3515979703975876
detection,14,fwd_iat_min_max,0.3433503671509851,0.3433503671509851
detection,14,pkt_len_max_max,0.342097978935349,0.342097978935349
detection,14,fwd_pkts_per_sec_mean,0.3419625892260459,0.3419625892260459
detection,14,pkt_size_avg_sum,0.3353677056147635,0.3353677056147635
detection,14,down_up_ratio_sum,0.3312925272504889,0.3312925272504889
detection,14,ack_flag_cnt_max,-0.3312020183341999,0.3312020183341999
detection,14,rst_flag_cnt_max,-0.3301024488885249,0.3301024488885249
detection,14,ece_flag_cnt_max,-0.3301024488885249,0.3301024488885249
detection,14,active_min_std,-0.327829420019966,0.327829420019966
detection,14,fwd_header_len_std,0.3219422112870991,0.3219422112870991
detection,14,pkt_size_avg_max,0.3209267074549509,0.3209267074549509
detection,14,down_up_ratio_mean,0.3194012113897043,0.3194012113897043
detection,14,cwe_flag_cnt_std,0.3163213613501802,0.3163213613501802
detection,14,fwd_urg_flags_std,0.3163213613501802,0.3163213613501802
detection,14,pkt_ttl_std,0.3148936507435106,0.3148936507435106
detection,14,pkt_len_min_max,-0.3129693027626347,0.3129693027626347
detection,14,pkt_ttl_mode,0.3114265406164216,0.3114265406164216
detection,14,pkt_len_max_sum,0.3112103335479396,0.3112103335479396
detection,14,pkt_len_mean_std,0.3097052060678646,0.3097052060678646
detection,14,packet_count_bwd_max,0.3053646635559851,0.3053646635559851
detection,14,fwd_iat_max_max,-0.3050331697616832,0.3050331697616832
detection,14,pkt_len_std_sum,0.3032243045572701,0.3032243045572701
detection,14,subflow_fwd_pkts_std,0.3028669228696038,0.3028669228696038
detection,14,fwd_iat_mean_max,0.3020384782305144,0.3020384782305144
detection,14,flow_iat_min_sum,0.2988546169690855,0.2988546169690855
detection,14,active_mean_std,-0.2972276549642177,0.2972276549642177
detection,14,fwd_act_data_pkts_std,0.294238747604636,0.294238747604636
detection,14,packets_per_sec_sum,-0.290549755746903,0.290549755746903
detection,14,fwd_iat_tot_std,0.2889702583745537,0.2889702583745537
detection,14,packets_per_sec_max,-0.288628427472267,0.288628427472267
detection,14,flow_iat_max_mean,-0.2870102814774756,0.2870102814774756
detection,14,fwd_iat_min_sum,0.2828063276273268,0.2828063276273268
detection,14,bwd_pkt_len_min_std,-0.2762845003783464,0.2762845003783464
detection,14,bwd_pkts_per_sec_mean,-0.2741788054960822,0.2741788054960822
detection,14,duration_microsec_std,0.2691864962956951,0.2691864962956951
detection,14,byte_count_fwd_sum,-0.2667940489620669,0.2667940489620669
detection,14,duration_microsec_max,0.2666372314573079,0.2666372314573079
detection,14,fwd_seg_size_min_sum,0.265126025401549,0.265126025401549
detection,14,bwd_iat_std_std,0.2649767201116501,0.2649767201116501
detection,14,fwd_header_len_mean,0.2646973960930945,0.2646973960930945
detection,14,subflow_bwd_byts_mean,0.2635022744792181,0.2635022744792181
detection,14,subflow_fwd_pkts_mean,0.2632688733170896,0.2632688733170896
detection,14,active_std_max,0.2632075901367379,0.2632075901367379
detection,14,fwd_act_data_pkts_mean,0.2621674932450849,0.2621674932450849
detection,14,fwd_iat_std_max,0.2617606679174576,0.2617606679174576
detection,14,packets_per_sec_mean,-0.2535502920503715,0.2535502920503715
detection,14,bwd_iat_tot_max,-0.2518377684510291,0.2518377684510291
detection,14,flow_iat_std_max,-0.244953358015746,0.244953358015746
detection,14,duration_sec_sum,-0.2434278839010989,0.2434278839010989
detection,14,bwd_pkts_per_sec_max,-0.2429665780329129,0.2429665780329129
detection,14,active_std_std,-0.2421900631289113,0.2421900631289113
detection,14,idle_mean_std,-0.2418124565223448,0.2418124565223448
detection,14,fwd_pkt_len_mean_mean,-0.2409262238450319,0.2409262238450319
detection,14,fwd_seg_size_avg_mean,-0.2409262238450319,0.2409262238450319
detection,14,fwd_pkt_len_std_max,-0.2402400799122259,0.2402400799122259
detection,14,flow_iat_std_mean,-0.2374646714612335,0.2374646714612335
detection,14,active_max_mean,-0.2366211824777518,0.2366211824777518
detection,14,idle_mean_mean,0.2327491536790828,0.2327491536790828
detection,14,fwd_header_len_sum,0.2268783496845141,0.2268783496845141
detection,14,flow_iat_mean_sum,0.2240491260256606,0.2240491260256606
detection,14,subflow_fwd_pkts_max,0.2237189175733985,0.2237189175733985
detection,14,flow_iat_max_max,0.2150337684482984,0.2150337684482984
detection,14,bwd_iat_std_sum,0.2138365348543163,0.2138365348543163
detection,14,packet_count_bwd_min,-0.2130871178550257,0.2130871178550257
detection,14,pkt_len_var_max,0.213007955767892,0.213007955767892
detection,14,packet_count_fwd_std,-0.2120456021158061,0.2120456021158061
detection,14,subflow_fwd_byts_mean,0.207789659266476,0.207789659266476
detection,14,active_max_max,0.2043046714311675,0.2043046714311675
detection,14,bwd_header_len_std,-0.2026734120251984,0.2026734120251984
detection,14,bwd_pkt_len_max_sum,0.2026668464576976,0.2026668464576976
detection,14,flow_iat_max_sum,0.2022555524809296,0.2022555524809296
detection,14,bwd_pkt_len_min_sum,0.2000124695097488,0.2000124695097488
detection,14,subflow_bwd_byts_std,-0.1998491603406368,0.1998491603406368
detection,14,bwd_pkt_len_mean_std,0.195758028533385,0.195758028533385
detection,14,bwd_seg_size_avg_std,0.1957580285161029,0.1957580285161029
detection,14,bwd_iat_max_mean,-0.1950695205679042,0.1950695205679042
detection,14,subflow_bwd_pkts_sum,-0.1943614389456297,0.1943614389456297
detection,14,fwd_urg_flags_mean,-0.1939940929402234,0.1939940929402234
detection,14,cwe_flag_cnt_mean,-0.1939940929402234,0.1939940929402234
detection,14,idle_max_sum,0.1916019537324198,0.1916019537324198
detection,14,subflow_fwd_byts_sum,0.1905348512074517,0.1905348512074517
detection,14,pkt_ttl_min,-0.1889074994166775,0.1889074994166775
detection,14,unique_dst_ports_count,0.1871629972850953,0.1871629972850953
detection,14,byte_count_fwd_min,0.1853093826127906,0.1853093826127906
detection,14,idle_max_max,-0.1826974009193756,0.1826974009193756
detection,14,subflow_fwd_pkts_sum,0.1818326743167536,0.1818326743167536
detection,14,fwd_pkt_len_max_mean,0.1796535199180937,0.1796535199180937
detection,14,window_size_fwd_max,-0.174864066780556,0.174864066780556
detection,14,fin_flag_cnt_max,0.1732449582014959,0.1732449582014959
detection,14,pkt_payload_size_p50,-0.1730674580612863,0.1730674580612863
detection,14,pkt_size_avg_std,0.1717780960678897,0.1717780960678897
detection,14,active_min_sum,0.1710461948784609,0.1710461948784609
detection,14,bwd_pkt_len_max_max,-0.169758231257298,0.169758231257298
detection,14,fwd_pkt_len_min_sum,-0.1676718726729562,0.1676718726729562
detection,14,subflow_fwd_byts_max,-0.1676173815574044,0.1676173815574044
detection,14,bytes_per_sec_std,0.1658610658852207,0.1658610658852207
detection,14,pkt_len_min_sum,-0.1630649933252332,0.1630649933252332
detection,14,fwd_act_data_pkts_sum,0.1628640183545602,0.1628640183545602
detection,14,fwd_seg_size_min_min,-0.1619647613326866,0.1619647613326866
detection,14,window_size_fwd_sum,0.1618502481284702,0.1618502481284702
detection,14,packets_per_sec_min,-0.1598615584598911,0.1598615584598911
detection,14,flow_count,0.158243380139903,0.158243380139903
detection,14,fwd_pkt_len_min_mean,-0.1527430158995117,0.1527430158995117
detection,14,active_mean_mean,-0.1477722131264828,0.1477722131264828
detection,14,packet_count_fwd_sum,0.144284345991825,0.144284345991825
detection,14,fwd_iat_mean_mean,-0.1435445879065323,0.1435445879065323
detection,14,fwd_act_data_pkts_min,0.1422588719686331,0.1422588719686331
detection,14,flow_iat_mean_mean,0.1418673519992503,0.1418673519992503
detection,14,packet_count_fwd_min,0.1389196606223747,0.1389196606223747
detection,14,fwd_seg_size_min_max,-0.1382684505213507,0.1382684505213507
detection,14,duration_sec_max,0.1375424619369189,0.1375424619369189
detection,14,fwd_act_data_pkts_max,0.1373480970372484,0.1373480970372484
detection,14,fwd_iat_max_std,-0.1355010579479344,0.1355010579479344
detection,14,subflow_bwd_pkts_max,-0.1337776379566964,0.1337776379566964
detection,14,subflow_bwd_pkts_mean,-0.1331664436213378,0.1331664436213378
detection,14,psh_flag_cnt_sum,0.1265025184561538,0.1265025184561538
detection,14,fwd_iat_tot_sum,-0.123945400489303,0.123945400489303
detection,14,fwd_iat_mean_sum,0.1228979584289892,0.1228979584289892
detection,14,bwd_iat_tot_std,-0.1215330024012527,0.1215330024012527
detection,14,ack_flag_cnt_mean,0.1207545628617368,0.1207545628617368
detection,14,bwd_iat_max_sum,-0.1163233400244552,0.1163233400244552
detection,14,syn_flag_cnt_std,-0.1162213288703342,0.1162213288703342
detection,14,fwd_psh_flags_std,-0.1162213288703342,0.1162213288703342
detection,14,fwd_urg_flags_max,0.1112649539369664,0.1112649539369664
detection,14,cwe_flag_cnt_max,0.1112649539369664,0.1112649539369664
detection,14,flow_iat_mean_std,-0.111093757869965,0.111093757869965
detection,14,flow_iat_min_max,0.1018494238077497,0.1018494238077497
detection,14,fwd_pkts_per_sec_std,0.1017805672159977,0.1017805672159977
detection,14,idle_std_std,0.1010258264103465,0.1010258264103465
detection,14,bwd_iat_tot_sum,-0.1009096178946726,0.1009096178946726
detection,14,idle_mean_sum,0.0999365897893622,0.0999365897893622
detection,14,duration_microsec_mean,0.0972052593309134,0.0972052593309134
detection,14,fwd_pkt_len_min_std,0.0965642805832783,0.0965642805832783
detection,14,duration_microsec_min,0.0946841270048161,0.0946841270048161
detection,14,fwd_iat_tot_min,0.0934502310876255,0.0934502310876255
detection,14,bwd_iat_min_min,-0.0900455538900292,0.0900455538900292
detection,14,fwd_psh_flags_mean,-0.0886136657614497,0.0886136657614497
detection,14,syn_flag_cnt_mean,-0.0886136657614497,0.0886136657614497
detection,14,duration_microsec_sum,-0.0879413792930236,0.0879413792930236
detection,14,packet_count_fwd_max,-0.0871923050124949,0.0871923050124949
detection,14,fwd_iat_tot_mean,0.0863697680214856,0.0863697680214856
detection,14,duration_sec_min,0.0862382861621085,0.0862382861621085
detection,14,flow_iat_min_mean,0.082491261529535,0.082491261529535
detection,14,duration_sec_mean,0.0816823473183993,0.0816823473183993
detection,14,syn_flag_cnt_sum,-0.0804649281670075,0.0804649281670075
detection,14,fwd_psh_flags_sum,-0.0804649281670075,0.0804649281670075
detection,14,fin_flag_cnt_std,0.0785188100284856,0.0785188100284856
detection,14,fwd_iat_min_mean,-0.077928516072269,0.077928516072269
detection,14,active_min_mean,0.0766792727563935,0.0766792727563935
detection,14,flow_iat_min_std,0.0761624801487952,0.0761624801487952
detection,14,subflow_bwd_pkts_min,-0.0758719518895954,0.0758719518895954
detection,14,bwd_pkt_len_max_mean,-0.0746257911612846,0.0746257911612846
detection,14,active_mean_max,0.0737155164065453,0.0737155164065453
detection,14,subflow_fwd_pkts_min,0.0732509001875616,0.0732509001875616
detection,14,idle_std_max,-0.0703677824021422,0.0703677824021422
detection,14,idle_min_mean,-0.068168519895468,0.068168519895468
detection,14,fwd_seg_size_avg_std,-0.0573932222646783,0.0573932222646783
detection,14,fwd_pkt_len_mean_std,-0.0573932222646783,0.0573932222646783
detection,14,bwd_iat_min_mean,-0.0569982880904487,0.0569982880904487
detection,14,byte_count_bwd_min,0.0565630161600342,0.0565630161600342
detection,14,bwd_seg_size_avg_min,0.0549211355304472,0.0549211355304472
detection,14,bwd_pkt_len_mean_min,0.0549211355304472,0.0549211355304472
detection,14,subflow_fwd_byts_std,-0.0538580589737757,0.0538580589737757
detection,14,fin_flag_cnt_mean,0.053119695358355,0.053119695358355
detection,14,idle_max_std,0.0522147189149775,0.0522147189149775
detection,14,bwd_pkt_len_std_sum,0.0512146419138899,0.0512146419138899
detection,14,pkt_payload_size_p25,-0.0511392348947483,0.0511392348947483
detection,14,fwd_iat_max_mean,0.0505099435451457,0.0505099435451457
detection,14,pkt_len_std_min,0.0500746418462268,0.0500746418462268
detection,14,bwd_iat_min_sum,0.0499213001600991,0.0499213001600991
detection,14,bwd_pkt_len_max_min,0.049006605392982,0.049006605392982
detection,14,fwd_iat_std_min,-0.0482894159342411,0.0482894159342411
detection,14,subflow_bwd_byts_min,0.04789608026501,0.04789608026501
detection,14,idle_mean_max,-0.047704234397988,0.047704234397988
detection,14,fwd_psh_flags_max,0.0475564891360299,0.0475564891360299
detection,14,syn_flag_cnt_max,0.0475564891360299,0.0475564891360299
detection,14,pkt_len_var_min,0.0469139632416858,0.0469139632416858
detection,14,idle_std_sum,0.0468738615694352,0.0468738615694352
detection,14,fwd_urg_flags_sum,0.0460703548367127,0.0460703548367127
detection,14,cwe_flag_cnt_sum,0.0460703548367127,0.0460703548367127
detection,14,byte_count_fwd_mean,-0.045917339841273,0.045917339841273
detection,14,bwd_pkt_len_std_min,0.0455552233430326,0.0455552233430326
detection,14,idle_min_sum,0.0450908758535589,0.0450908758535589
detection,14,bwd_iat_mean_min,-0.0446499187331915,0.0446499187331915
detection,14,flow_iat_std_min,-0.0444031771380782,0.0444031771380782
detection,14,bytes_per_sec_min,0.043300287252961,0.043300287252961
detection,14,bwd_header_len_mean,-0.0428251175365009,0.0428251175365009
detection,14,fwd_pkt_len_std_min,0.0407269067931925,0.0407269067931925
detection,14,window_size_bwd_min,0.0401637007502444,0.0401637007502444
detection,14,fwd_pkt_len_min_max,-0.0393668160689653,0.0393668160689653
detection,14,active_min_max,0.0381603322658905,0.0381603322658905
detection,14,rst_flag_cnt_mean,-0.0367889597890262,0.0367889597890262
detection,14,idle_std_min,-0.0360357760506727,0.0360357760506727
detection,14,packet_count_bwd_sum,-0.0359261582305491,0.0359261582305491
detection,14,bwd_iat_std_max,-0.0354704021020699,0.0354704021020699
detection,14,fwd_pkt_len_max_min,-0.0349047214551465,0.0349047214551465
detection,14,unique_protocols_count,0.0344650164522263,0.0344650164522263
detection,14,urg_flag_cnt_sum,0.0335744094552244,0.0335744094552244
detection,14,bwd_pkt_len_min_max,-0.032153369070198,0.032153369070198
detection,14,fwd_iat_tot_max,0.0318807451391411,0.0318807451391411
detection,14,fwd_pkt_len_min_min,0.031431374237279,0.031431374237279
detection,14,pkt_len_min_min,0.030549474783548,0.030549474783548
detection,14,bwd_iat_std_min,0.029030656332678,0.029030656332678
detection,14,idle_min_max,-0.0289209398710757,0.0289209398710757
detection,14,flow_iat_mean_max,-0.0270754027425677,0.0270754027425677
detection,14,bwd_iat_tot_min,0.0269008263452905,0.0269008263452905
detection,14,idle_min_min,-0.0265311693379763,0.0265311693379763
detection,14,window_size_fwd_min,0.0249127605193883,0.0249127605193883
detection,14,active_std_min,0.0233274774292604,0.0233274774292604
detection,14,pkt_len_max_min,0.0220125783397069,0.0220125783397069
detection,14,fwd_seg_size_avg_max,0.0218828006875022,0.0218828006875022
detection,14,fwd_pkt_len_mean_max,0.0218828006875022,0.0218828006875022
detection,14,pkt_len_mean_min,0.0197291581035837,0.0197291581035837
detection,14,subflow_fwd_byts_min,-0.0181284532837224,0.0181284532837224
detection,14,pkt_len_min_mean,0.0179206800495263,0.0179206800495263
detection,14,fin_flag_cnt_sum,0.0178430372197543,0.0178430372197543
detection,14,flow_iat_min_min,0.0159782627837371,0.0159782627837371
detection,14,down_up_ratio_min,-0.013260011541317,0.013260011541317
detection,14,packets_per_sec_std,0.0132189458922289,0.0132189458922289
detection,14,bwd_pkts_per_sec_min,0.013044019314799,0.013044019314799
detection,14,fwd_pkts_per_sec_min,0.0130366781007013,0.0130366781007013
detection,14,bwd_pkt_len_mean_mean,0.0129134401898666,0.0129134401898666
detection,14,bwd_seg_size_avg_mean,0.0129134401864058,0.0129134401864058
detection,14,active_min_min,-0.012143068337154,0.012143068337154
detection,14,fwd_header_len_min,-0.0111710102587627,0.0111710102587627
detection,14,flow_iat_mean_min,0.0110772690428194,0.0110772690428194
detection,14,pkt_len_var_std,-0.0102080030315835,0.0102080030315835
detection,14,active_max_min,0.009627801712419,0.009627801712419
detection,14,idle_mean_min,-0.0084481075276741,0.0084481075276741
detection,14,pkt_size_avg_min,0.0083714474091893,0.0083714474091893
detection,14,psh_flag_cnt_std,-0.0079103431800121,0.0079103431800121
detection,14,bwd_header_len_min,-0.0060370716637101,0.0060370716637101
detection,14,fwd_iat_mean_min,0.0059973001221538,0.0059973001221538
detection,14,bwd_iat_max_max,0.0057439053321072,0.0057439053321072
detection,14,fwd_pkt_len_mean_min,0.005661378197423,0.005661378197423
detection,14,fwd_seg_size_avg_min,0.005661378197423,0.005661378197423
detection,14,psh_flag_cnt_min,-0.0041937775931085,0.0041937775931085
detection,14,pkt_len_std_max,0.0037015211676977,0.0037015211676977
detection,14,ece_flag_cnt_mean,0.0032940709530434,0.0032940709530434
detection,14,flow_iat_max_min,0.0031378793538753,0.0031378793538753
detection,14,fwd_iat_max_min,0.0030690263537486,0.0030690263537486
detection,14,fwd_psh_flags_min,-0.0027119860059089,0.0027119860059089
detection,14,ack_flag_cnt_min,-0.0027119860059089,0.0027119860059089
detection,14,syn_flag_cnt_min,-0.0027119860059089,0.0027119860059089
detection,14,bwd_iat_max_min,0.0025993696085422,0.0025993696085422
detection,14,idle_max_min,0.0025238883236511,0.0025238883236511
detection,14,active_mean_min,0.0017359892855499,0.0017359892855499
detection,14,bwd_header_len_sum,0.0008700341042667,0.0008700341042667
detection,14,fwd_iat_min_min,-0.0006193237543086,0.0006193237543086
detection,14,urg_flag_cnt_min,0.0,0.0
detection,14,fin_flag_cnt_min,0.0,0.0
detection,14,rst_flag_cnt_min,0.0,0.0
detection,14,bwd_psh_flags_mean,0.0,0.0
detection,14,cwe_flag_cnt_min,0.0,0.0
detection,14,pkt_frag_mf_count,0.0,0.0
detection,14,mask_has_tcp_flags,0.0,0.0
detection,14,mask_has_graph_topology,0.0,0.0
detection,14,mask_has_identity_auth,0.0,0.0
detection,14,mask_has_flow_timing_features,0.0,0.0
detection,14,bwd_urg_flags_max,0.0,0.0
detection,14,bwd_urg_flags_mean,0.0,0.0
detection,14,bwd_psh_flags_std,0.0,0.0
detection,14,bwd_psh_flags_max,0.0,0.0
detection,14,bwd_psh_flags_min,0.0,0.0
detection,14,bwd_psh_flags_sum,0.0,0.0
detection,14,bwd_urg_flags_min,0.0,0.0
detection,14,fwd_urg_flags_min,0.0,0.0
detection,14,bwd_urg_flags_sum,0.0,0.0
detection,14,bwd_urg_flags_std,0.0,0.0
detection,14,mask_has_traffic_volume_features,0.0,0.0
detection,14,fwd_byts_b_avg_mean,0.0,0.0
detection,14,ece_flag_cnt_min,0.0,0.0
detection,14,bwd_blk_rate_avg_max,0.0,0.0
detection,14,bwd_blk_rate_avg_std,0.0,0.0
detection,14,bwd_blk_rate_avg_mean,0.0,0.0
detection,14,bwd_blk_rate_avg_min,0.0,0.0
detection,14,bwd_blk_rate_avg_sum,0.0,0.0
detection,14,bwd_pkts_b_avg_sum,0.0,0.0
detection,14,fwd_pkts_b_avg_min,0.0,0.0
detection,14,fwd_pkts_b_avg_sum,0.0,0.0
detection,14,fwd_pkts_b_avg_std,0.0,0.0
detection,14,fwd_byts_b_avg_std,0.0,0.0
detection,14,fwd_pkts_b_avg_mean,0.0,0.0
detection,14,bwd_pkts_b_avg_max,0.0,0.0
detection,14,bwd_pkts_b_avg_min,0.0,0.0
detection,14,fwd_byts_b_avg_max,0.0,0.0
detection,14,bwd_byts_b_avg_std,0.0,0.0
detection,14,bwd_byts_b_avg_mean,0.0,0.0
detection,14,fwd_blk_rate_avg_max,0.0,0.0
detection,14,fwd_blk_rate_avg_min,0.0,0.0
detection,14,fwd_blk_rate_avg_sum,0.0,0.0
detection,14,fwd_blk_rate_avg_std,0.0,0.0
detection,14,fwd_blk_rate_avg_mean,0.0,0.0
detection,14,fwd_pkts_b_avg_max,0.0,0.0
detection,14,bwd_byts_b_avg_sum,0.0,0.0
detection,14,bwd_byts_b_avg_min,0.0,0.0
detection,14,bwd_byts_b_avg_max,0.0,0.0
detection,14,bwd_pkts_b_avg_std,0.0,0.0
detection,14,bwd_pkts_b_avg_mean,0.0,0.0
detection,14,fwd_byts_b_avg_sum,0.0,0.0
detection,14,fwd_byts_b_avg_min,0.0,0.0
detection,14,bwd_pkt_len_min_min,0.0,0.0
detection,15,window_size_bwd_std,1.8877451875533595,1.8877451875533595
detection,15,fwd_pkt_len_std_mean,1.8821730511026395,1.8821730511026395
detection,15,byte_count_bwd_std,-1.7243609133683482,1.7243609133683482
detection,15,bwd_pkt_len_std_mean,-1.655459268912325,1.655459268912325
detection,15,fwd_pkt_len_max_std,-1.620203754950744,1.620203754950744
detection,15,pkt_tcp_retrans_count,1.3426872944790904,1.3426872944790904
detection,15,byte_count_fwd_max,1.3397053777807264,1.3397053777807264
detection,15,flow_iat_std_std,-1.3010827933619615,1.3010827933619615
detection,15,bytes_per_sec_mean,-1.2949384902247474,1.2949384902247474
detection,15,bytes_per_sec_max,1.2656708679385074,1.2656708679385074
detection,15,bwd_iat_std_mean,1.2470343358341638,1.2470343358341638
detection,15,pkt_port_scan_seq_score,1.2453186512682246,1.2453186512682246
detection,15,window_size_fwd_std,-1.1917413723008503,1.1917413723008503
detection,15,down_up_ratio_std,-1.1859399369074235,1.1859399369074235
detection,15,packet_count_bwd_std,1.1763725791209874,1.1763725791209874
detection,15,bwd_iat_max_std,-1.0845946685707628,1.0845946685707628
detection,15,pkt_len_std_mean,-1.013639703495652,1.013639703495652
detection,15,bwd_seg_size_avg_max,0.9963500544969396,0.9963500544969396
detection,15,bwd_pkt_len_mean_max,0.9963500544966752,0.9963500544966752
detection,15,ack_flag_cnt_std,0.9935853030007288,0.9935853030007288
detection,15,bwd_iat_min_std,-0.9891184402619028,0.9891184402619028
detection,15,bwd_pkt_len_std_std,0.9846820347652356,0.9846820347652356
detection,15,bwd_iat_mean_std,0.9843189458975686,0.9843189458975686
detection,15,bwd_pkts_per_sec_sum,-0.9499578894909376,0.9499578894909376
detection,15,pkt_len_min_std,0.9224471579661394,0.9224471579661394
detection,15,bytes_per_sec_sum,-0.8958980961318197,0.8958980961318197
detection,15,bwd_iat_min_max,0.8810102081228915,0.8810102081228915
detection,15,fwd_seg_size_min_mean,0.8769541403411141,0.8769541403411141
detection,15,pkt_len_mean_max,-0.8644961120826837,0.8644961120826837
detection,15,fwd_pkt_len_std_std,0.8563552578688185,0.8563552578688185
detection,15,urg_flag_cnt_mean,-0.8531116580649619,0.8531116580649619
detection,15,bwd_pkt_len_min_mean,0.8411324425469022,0.8411324425469022
detection,15,bwd_pkt_len_std_max,0.8279563085548359,0.8279563085548359
detection,15,byte_count_bwd_max,-0.8032561206343939,0.8032561206343939
detection,15,urg_flag_cnt_max,0.8005156415236364,0.8005156415236364
detection,15,subflow_bwd_byts_sum,-0.7757521344253518,0.7757521344253518
detection,15,active_max_sum,0.7279577325754113,0.7279577325754113
detection,15,pkt_len_mean_mean,-0.7001501695413646,0.7001501695413646
detection,15,bwd_iat_mean_sum,-0.6968501752173002,0.6968501752173002
detection,15,pkt_len_max_mean,-0.6906949900410214,0.6906949900410214
detection,15,byte_count_fwd_std,-0.6868206686143273,0.6868206686143273
detection,15,bwd_pkts_per_sec_std,0.6864748311478243,0.6864748311478243
detection,15,pkt_size_avg_mean,-0.6829948094885109,0.6829948094885109
detection,15,ece_flag_cnt_std,0.6805085599388809,0.6805085599388809
detection,15,duration_sec_std,0.6780296659104729,0.6780296659104729
detection,15,pkt_payload_size_p95,-0.6761500084419512,0.6761500084419512
detection,15,bwd_pkt_len_max_std,0.6631665481151559,0.6631665481151559
detection,15,rst_flag_cnt_std,0.6565557715499355,0.6565557715499355
detection,15,ece_flag_cnt_sum,0.654932803097395,0.654932803097395
detection,15,rst_flag_cnt_sum,0.6541159808852132,0.6541159808852132
detection,15,active_mean_sum,-0.6528886899279569,0.6528886899279569
detection,15,window_size_bwd_sum,-0.6518154405316869,0.6518154405316869
detection,15,fwd_iat_mean_std,-0.6382941928265475,0.6382941928265475
detection,15,byte_count_bwd_mean,-0.6368381270707945,0.6368381270707945
detection,15,subflow_bwd_pkts_std,-0.6188813614552688,0.6188813614552688
detection,15,pkt_len_var_sum,0.6064287489799618,0.6064287489799618
detection,15,pkt_len_std_std,0.6050573226880797,0.6050573226880797
detection,15,active_std_sum,-0.5991522518667144,0.5991522518667144
detection,15,fwd_header_len_max,0.598961805358488,0.598961805358488
detection,15,bwd_header_len_max,0.5922198327248792,0.5922198327248792
detection,15,fwd_seg_size_min_std,-0.5896754985072945,0.5896754985072945
detection,15,flow_iat_max_std,-0.5766792056226124,0.5766792056226124
detection,15,urg_flag_cnt_std,0.5672970760955556,0.5672970760955556
detection,15,window_size_bwd_mean,-0.5640031016297502,0.5640031016297502
detection,15,pkt_len_max_std,-0.552906616254687,0.552906616254687
detection,15,packet_count_bwd_mean,0.5420138999035482,0.5420138999035482
detection,15,pkt_frag_df_count,0.5415395298104961,0.5415395298104961
detection,15,fwd_pkt_len_max_max,0.5392291216034597,0.5392291216034597
detection,15,bwd_iat_mean_mean,0.5330141494533552,0.5330141494533552
detection,15,packet_count_fwd_mean,0.5317021178072611,0.5317021178072611
detection,15,bwd_iat_tot_mean,-0.5308403124116456,0.5308403124116456
detection,15,bwd_pkt_len_mean_sum,0.5247626595199792,0.5247626595199792
detection,15,bwd_seg_size_avg_sum,0.524762659519514,0.524762659519514
detection,15,byte_count_bwd_sum,-0.5243961426471911,0.5243961426471911
detection,15,pkt_payload_size_p75,-0.5161009188391766,0.5161009188391766
detection,15,bwd_iat_mean_max,-0.5158605408789605,0.5158605408789605
detection,15,down_up_ratio_max,0.4976094258376821,0.4976094258376821
detection,15,ack_flag_cnt_sum,0.4957364908374448,0.4957364908374448
detection,15,psh_flag_cnt_mean,0.4898300625278166,0.4898300625278166
detection,15,psh_flag_cnt_max,-0.4554520379726912,0.4554520379726912
detection,15,flow_iat_std_sum,-0.4481700439734879,0.4481700439734879
detection,15,subflow_bwd_byts_max,0.4427566150040584,0.4427566150040584
detection,15,fwd_pkt_len_std_sum,0.4231837794940654,0.4231837794940654
detection,15,fwd_pkt_len_mean_sum,0.4202840560770179,0.4202840560770179
detection,15,fwd_seg_size_avg_sum,0.4202840560770179,0.4202840560770179
detection,15,fwd_pkts_per_sec_max,-0.4188730837074534,0.4188730837074534
detection,15,active_std_mean,-0.4158903079773805,0.4158903079773805
detection,15,idle_min_std,-0.4129318221572365,0.4129318221572365
detection,15,idle_std_mean,0.3946815979942896,0.3946815979942896
detection,15,idle_max_mean,0.3851894212898826,0.3851894212898826
detection,15,mask_has_packet_level_features,-0.3843894627280477,0.3843894627280477
detection,15,pkt_ttl_max,-0.3843894627280477,0.3843894627280477
detection,15,fwd_iat_min_std,-0.3842552442933655,0.3842552442933655
detection,15,fwd_pkts_per_sec_sum,0.3750012074872907,0.3750012074872907
detection,15,pkt_len_mean_sum,0.3748354275471476,0.3748354275471476
detection,15,fwd_pkt_len_max_sum,0.3719374544088402,0.3719374544088402
detection,15,fwd_iat_max_sum,0.3711851910557041,0.3711851910557041
detection,15,fwd_iat_std_sum,0.3679454422333023,0.3679454422333023
detection,15,fwd_pkts_per_sec_mean,0.3553684895033076,0.3553684895033076
detection,15,active_max_std,0.3551679931452833,0.3551679931452833
detection,15,pkt_len_max_max,0.3528437562430052,0.3528437562430052
detection,15,pkt_len_var_mean,-0.3502553609398312,0.3502553609398312
detection,15,fwd_iat_std_std,0.3483737029324785,0.3483737029324785
detection,15,window_size_fwd_mean,0.3442414690217279,0.3442414690217279
detection,15,fwd_iat_min_max,0.3428363814029118,0.3428363814029118
detection,15,window_size_bwd_max,0.3408310727405614,0.3408310727405614
detection,15,fwd_iat_std_mean,0.3404931312461826,0.3404931312461826
detection,15,rst_flag_cnt_max,-0.3395770733537352,0.3395770733537352
detection,15,ece_flag_cnt_max,-0.3395770733537352,0.3395770733537352
detection,15,ack_flag_cnt_max,-0.3385816118197878,0.3385816118197878
detection,15,pkt_size_avg_sum,0.3345093065219647,0.3345093065219647
detection,15,active_min_std,-0.3338083910744839,0.3338083910744839
detection,15,pkt_size_avg_max,0.3320444042050286,0.3320444042050286
detection,15,active_mean_std,-0.3309759139419006,0.3309759139419006
detection,15,fwd_header_len_std,0.3271768779758662,0.3271768779758662
detection,15,down_up_ratio_sum,0.3270396063732258,0.3270396063732258
detection,15,down_up_ratio_mean,0.3243757240475883,0.3243757240475883
detection,15,fwd_urg_flags_std,0.3223286368413501,0.3223286368413501
detection,15,cwe_flag_cnt_std,0.3223286368413501,0.3223286368413501
detection,15,packet_count_bwd_max,0.3214063370959135,0.3214063370959135
detection,15,pkt_len_mean_std,0.3160655005689007,0.3160655005689007
detection,15,subflow_fwd_pkts_std,0.308002656684456,0.308002656684456
detection,15,pkt_len_max_sum,0.3072803914147503,0.3072803914147503
detection,15,pkt_len_std_sum,0.303292320839299,0.303292320839299
detection,15,fwd_iat_mean_max,0.3032158711079568,0.3032158711079568
detection,15,packets_per_sec_max,-0.301572050874768,0.301572050874768
detection,15,fwd_iat_max_max,-0.3009823163617072,0.3009823163617072
detection,15,fwd_act_data_pkts_std,0.2991399486502537,0.2991399486502537
detection,15,flow_iat_min_sum,0.2988767571685981,0.2988767571685981
detection,15,flow_iat_max_mean,-0.2929790863389271,0.2929790863389271
detection,15,pkt_len_min_max,-0.2922082248065116,0.2922082248065116
detection,15,packets_per_sec_sum,-0.288898741872168,0.288898741872168
detection,15,fwd_iat_tot_std,0.2836284793804831,0.2836284793804831
detection,15,fwd_iat_min_sum,0.282800107286295,0.282800107286295
detection,15,subflow_bwd_byts_mean,0.2802695874077235,0.2802695874077235
detection,15,pkt_ttl_std,0.2790066494708655,0.2790066494708655
detection,15,bwd_iat_std_std,0.2764156615964285,0.2764156615964285
detection,15,pkt_ttl_mode,0.2756974279377774,0.2756974279377774
detection,15,duration_microsec_std,0.2751997738464715,0.2751997738464715
detection,15,fwd_header_len_mean,0.2690760557484684,0.2690760557484684
detection,15,fwd_iat_std_max,0.2686374233233566,0.2686374233233566
detection,15,subflow_fwd_pkts_mean,0.2678076600519853,0.2678076600519853
detection,15,bwd_pkts_per_sec_mean,-0.2674980999981316,0.2674980999981316
detection,15,fwd_act_data_pkts_mean,0.2666881191819737,0.2666881191819737
detection,15,bwd_iat_tot_max,-0.2663473991013536,0.2663473991013536
detection,15,byte_count_fwd_sum,-0.2655411438919094,0.2655411438919094
detection,15,duration_microsec_max,0.2633312788204786,0.2633312788204786
detection,15,active_std_max,0.2625590469077727,0.2625590469077727
detection,15,bwd_pkt_len_min_std,-0.2619000971732654,0.2619000971732654
detection,15,fwd_seg_size_min_sum,0.2608609539681475,0.2608609539681475
detection,15,packets_per_sec_mean,-0.2569401758769093,0.2569401758769093
detection,15,fwd_pkt_len_std_max,-0.2497584567558333,0.2497584567558333
detection,15,flow_iat_std_max,-0.2477372624432393,0.2477372624432393
detection,15,bwd_pkts_per_sec_max,-0.2453335712301036,0.2453335712301036
detection,15,flow_iat_std_mean,-0.2402007334078895,0.2402007334078895
detection,15,duration_sec_sum,-0.2344491988103448,0.2344491988103448
detection,15,active_max_mean,-0.2342384950817185,0.2342384950817185
detection,15,fwd_header_len_sum,0.2291354187798037,0.2291354187798037
detection,15,idle_mean_std,-0.228629014762018,0.228629014762018
detection,15,subflow_fwd_pkts_max,0.2284528146373308,0.2284528146373308
detection,15,fwd_seg_size_avg_mean,-0.228010174787296,0.228010174787296
detection,15,fwd_pkt_len_mean_mean,-0.228010174787296,0.228010174787296
detection,15,flow_iat_mean_sum,0.2244772441519634,0.2244772441519634
detection,15,idle_mean_mean,0.2238982402849929,0.2238982402849929
detection,15,pkt_len_var_max,0.2199980087821812,0.2199980087821812
detection,15,packet_count_fwd_std,-0.2183946674216423,0.2183946674216423
detection,15,subflow_fwd_byts_mean,0.2125431358718779,0.2125431358718779
detection,15,bwd_iat_std_sum,0.2108685410386568,0.2108685410386568
detection,15,bwd_pkt_len_min_sum,0.2055174390948991,0.2055174390948991
detection,15,bytes_per_sec_std,0.204440540498597,0.204440540498597
detection,15,flow_iat_max_max,0.2041781306956165,0.2041781306956165
detection,15,subflow_bwd_pkts_sum,-0.2020128992695314,0.2020128992695314
detection,15,flow_iat_max_sum,0.1999776443496532,0.1999776443496532
detection,15,pkt_ttl_min,-0.1955075538136371,0.1955075538136371
detection,15,bwd_pkt_len_mean_std,0.1950404056986552,0.1950404056986552
detection,15,bwd_seg_size_avg_std,0.1950404056820899,0.1950404056820899
detection,15,cwe_flag_cnt_mean,-0.1939453326013461,0.1939453326013461
detection,15,fwd_urg_flags_mean,-0.1939453326013461,0.1939453326013461
detection,15,bwd_header_len_std,-0.1934797299987437,0.1934797299987437
detection,15,subflow_fwd_byts_sum,0.1931420725078345,0.1931420725078345
detection,15,bwd_pkt_len_max_sum,0.1928455490330697,0.1928455490330697
detection,15,active_std_std,-0.1927923323280627,0.1927923323280627
detection,15,subflow_bwd_byts_std,-0.1912896237550037,0.1912896237550037
detection,15,active_max_max,0.189523114921721,0.189523114921721
detection,15,packet_count_bwd_min,-0.1894537569262907,0.1894537569262907
detection,15,byte_count_fwd_min,0.187813681124774,0.187813681124774
detection,15,subflow_fwd_pkts_sum,0.1867592054820476,0.1867592054820476
detection,15,idle_max_sum,0.1867102647925163,0.1867102647925163
detection,15,pkt_size_avg_std,0.1841751801807787,0.1841751801807787
detection,15,unique_dst_ports_count,0.1835991856777466,0.1835991856777466
detection,15,active_min_sum,0.1829504095846851,0.1829504095846851
detection,15,pkt_payload_size_p50,-0.1807771350796652,0.1807771350796652
detection,15,fin_flag_cnt_max,0.1788348765445583,0.1788348765445583
detection,15,bwd_pkt_len_max_max,-0.1741692691927658,0.1741692691927658
detection,15,idle_max_max,-0.1725473796546554,0.1725473796546554
detection,15,subflow_fwd_byts_max,-0.1719377451505991,0.1719377451505991
detection,15,bwd_iat_max_mean,-0.1693364392055789,0.1693364392055789
detection,15,fwd_act_data_pkts_sum,0.1676574257137116,0.1676574257137116
detection,15,window_size_fwd_sum,0.1644011261741232,0.1644011261741232
detection,15,flow_count,0.1601193726624111,0.1601193726624111
detection,15,window_size_fwd_max,-0.1593944887785308,0.1593944887785308
detection,15,fwd_pkt_len_min_sum,-0.158534639660492,0.158534639660492
detection,15,pkt_len_min_sum,-0.1581827882125193,0.1581827882125193
detection,15,ack_flag_cnt_mean,0.1573871166913482,0.1573871166913482
detection,15,fwd_seg_size_min_min,-0.1568671331288069,0.1568671331288069
detection,15,active_mean_mean,-0.1548720714698297,0.1548720714698297
detection,15,packets_per_sec_min,-0.1522148453747733,0.1522148453747733
detection,15,fwd_seg_size_min_max,-0.1480685152701458,0.1480685152701458
detection,15,fwd_pkt_len_min_mean,-0.1480298489917517,0.1480298489917517
detection,15,flow_iat_mean_mean,0.1462824464829803,0.1462824464829803
detection,15,fwd_act_data_pkts_min,0.1433310382140008,0.1433310382140008
detection,15,fwd_iat_mean_mean,-0.1430849479823688,0.1430849479823688
detection,15,fwd_pkt_len_max_mean,0.1423513212560825,0.1423513212560825
detection,15,packet_count_fwd_sum,0.1422381023152425,0.1422381023152425
detection,15,packet_count_fwd_min,0.1419310745001701,0.1419310745001701
detection,15,fwd_act_data_pkts_max,0.1411882314001596,0.1411882314001596
detection,15,subflow_bwd_pkts_max,-0.1368081193367095,0.1368081193367095
detection,15,fwd_iat_max_std,-0.1310217133091454,0.1310217133091454
detection,15,subflow_bwd_pkts_mean,-0.1274021199962923,0.1274021199962923
detection,15,bwd_iat_tot_std,-0.1273061437304911,0.1273061437304911
detection,15,duration_sec_max,0.1255239706643119,0.1255239706643119
detection,15,fwd_iat_mean_sum,0.1245677272647254,0.1245677272647254
detection,15,psh_flag_cnt_sum,0.1231203699191225,0.1231203699191225
detection,15,fwd_iat_tot_sum,-0.1212745950803652,0.1212745950803652
detection,15,bwd_iat_max_sum,-0.1178609539192726,0.1178609539192726
detection,15,fwd_psh_flags_std,-0.1158102510838425,0.1158102510838425
detection,15,syn_flag_cnt_std,-0.1158102510838425,0.1158102510838425
detection,15,fwd_urg_flags_max,0.1122693714794446,0.1122693714794446
detection,15,cwe_flag_cnt_max,0.1122693714794446,0.1122693714794446
detection,15,bwd_pkt_len_max_mean,-0.1090799663030163,0.1090799663030163
detection,15,flow_iat_mean_std,-0.1082324138039666,0.1082324138039666
detection,15,syn_flag_cnt_mean,-0.1036587215315579,0.1036587215315579
detection,15,fwd_psh_flags_mean,-0.1036587215315579,0.1036587215315579
detection,15,duration_microsec_mean,0.1034360857116159,0.1034360857116159
detection,15,idle_std_std,0.1022977936585552,0.1022977936585552
detection,15,duration_microsec_min,0.0979978863891427,0.0979978863891427
detection,15,fwd_iat_tot_min,0.0967029850216117,0.0967029850216117
detection,15,idle_mean_sum,0.0966412361260185,0.0966412361260185
detection,15,bwd_iat_min_min,-0.0926370696273499,0.0926370696273499
detection,15,flow_iat_min_max,0.0911779321944535,0.0911779321944535
detection,15,duration_sec_min,0.0909051720066972,0.0909051720066972
detection,15,syn_flag_cnt_max,0.0908408402747278,0.0908408402747278
detection,15,fwd_psh_flags_max,0.0908408402747278,0.0908408402747278
detection,15,bwd_iat_tot_sum,-0.0901396392096253,0.0901396392096253
detection,15,fwd_iat_tot_mean,0.0850299159343039,0.0850299159343039
detection,15,flow_iat_min_mean,0.0845584908202048,0.0845584908202048
detection,15,duration_sec_mean,0.0826543740420262,0.0826543740420262
detection,15,duration_microsec_sum,-0.0824684713865963,0.0824684713865963
detection,15,fwd_pkts_per_sec_std,0.0821877417708357,0.0821877417708357
detection,15,fwd_pkt_len_min_std,0.080020942341454,0.080020942341454
detection,15,fwd_iat_min_mean,-0.0787347040390363,0.0787347040390363
detection,15,packet_count_fwd_max,-0.0764544259895581,0.0764544259895581
detection,15,idle_min_mean,-0.0760890375086209,0.0760890375086209
detection,15,flow_iat_min_std,0.0754120457821158,0.0754120457821158
detection,15,subflow_fwd_pkts_min,0.0752269763538718,0.0752269763538718
detection,15,syn_flag_cnt_sum,-0.0748296068314295,0.0748296068314295
detection,15,fwd_psh_flags_sum,-0.0748296068314295,0.0748296068314295
detection,15,idle_std_max,-0.0741257530691132,0.0741257530691132
detection,15,active_mean_max,0.0735605811736811,0.0735605811736811
detection,15,fin_flag_cnt_mean,0.0689716473005768,0.0689716473005768
detection,15,pkt_payload_size_p25,-0.06699543361401,0.06699543361401
detection,15,active_min_max,0.066287307057255,0.066287307057255
detection,15,subflow_bwd_pkts_min,-0.0651802805767172,0.0651802805767172
detection,15,idle_max_std,0.064241342144043,0.064241342144043
detection,15,fin_flag_cnt_std,0.0638437201262939,0.0638437201262939
detection,15,bwd_header_len_mean,-0.059529900868473,0.059529900868473
detection,15,byte_count_bwd_min,0.0574915825037338,0.0574915825037338
detection,15,bwd_seg_size_avg_min,0.0563279948689929,0.0563279948689929
detection,15,bwd_pkt_len_mean_min,0.0563279948689929,0.0563279948689929
detection,15,fwd_pkt_len_min_max,-0.0557353648314937,0.0557353648314937
detection,15,idle_mean_max,-0.0546942975177709,0.0546942975177709
detection,15,byte_count_fwd_mean,-0.0526900587455617,0.0526900587455617
detection,15,bwd_pkt_len_std_sum,0.0516398477983143,0.0516398477983143
detection,15,pkt_len_std_min,0.0509832051260816,0.0509832051260816
detection,15,idle_std_sum,0.0503680337503476,0.0503680337503476
detection,15,bwd_pkt_len_max_min,0.0499389861234946,0.0499389861234946
detection,15,bytes_per_sec_min,0.049604968484743,0.049604968484743
detection,15,active_min_mean,0.0493549922375179,0.0493549922375179
detection,15,subflow_fwd_byts_std,-0.0491474569426,0.0491474569426
detection,15,subflow_bwd_byts_min,0.0487537687144197,0.0487537687144197
detection,15,pkt_len_var_min,0.0478466253057912,0.0478466253057912
detection,15,fwd_iat_std_min,-0.0469292921917599,0.0469292921917599
detection,15,bwd_iat_mean_min,-0.0468224093186876,0.0468224093186876
detection,15,bwd_pkt_len_std_min,0.0464874725897366,0.0464874725897366
detection,15,fwd_pkt_len_mean_std,-0.0458277992731946,0.0458277992731946
detection,15,fwd_seg_size_avg_std,-0.0458277992731946,0.0458277992731946
detection,15,packet_count_bwd_sum,-0.0458083847475535,0.0458083847475535
detection,15,flow_iat_std_min,-0.0431004833584887,0.0431004833584887
detection,15,idle_min_sum,0.0426836434328683,0.0426836434328683
detection,15,fwd_pkt_len_std_min,0.0410870044072846,0.0410870044072846
detection,15,window_size_bwd_min,0.0406693691727819,0.0406693691727819
detection,15,urg_flag_cnt_sum,0.0389443728184622,0.0389443728184622
detection,15,cwe_flag_cnt_sum,0.0385843299635174,0.0385843299635174
detection,15,fwd_urg_flags_sum,0.0385843299635174,0.0385843299635174
detection,15,flow_iat_mean_max,-0.0383618728785348,0.0383618728785348
detection,15,bwd_iat_std_max,-0.0377128561868658,0.0377128561868658
detection,15,idle_min_max,-0.0374654765749328,0.0374654765749328
detection,15,rst_flag_cnt_mean,-0.0355062218281755,0.0355062218281755
detection,15,unique_protocols_count,0.0353458933242445,0.0353458933242445
detection,15,idle_std_min,-0.0349882397722343,0.0349882397722343
detection,15,bwd_iat_min_mean,-0.0348004630044097,0.0348004630044097
detection,15,fwd_iat_max_mean,0.0320997973958629,0.0320997973958629
detection,15,fwd_pkt_len_max_min,-0.0319924733298282,0.0319924733298282
detection,15,bwd_pkt_len_min_max,-0.0317958603020715,0.0317958603020715
detection,15,fwd_pkt_len_min_min,0.031569918552806,0.031569918552806
detection,15,bwd_header_len_sum,-0.0314900738188928,0.0314900738188928
detection,15,pkt_len_min_min,0.0307369418893928,0.0307369418893928
detection,15,bwd_iat_min_sum,0.0286341587114783,0.0286341587114783
detection,15,bwd_iat_std_min,0.0279420652276991,0.0279420652276991
detection,15,window_size_fwd_min,0.0273902219552045,0.0273902219552045
detection,15,bwd_iat_tot_min,0.0265514467031698,0.0265514467031698
detection,15,fwd_iat_tot_max,0.0254661642884142,0.0254661642884142
detection,15,pkt_len_max_min,0.0253773612914004,0.0253773612914004
detection,15,active_std_min,0.0240800929438652,0.0240800929438652
detection,15,idle_min_min,-0.0232004116858005,0.0232004116858005
detection,15,pkt_len_min_mean,0.0228985939581756,0.0228985939581756
detection,15,pkt_len_mean_min,0.0215286186957006,0.0215286186957006
detection,15,psh_flag_cnt_std,0.0214127975191039,0.0214127975191039
detection,15,fwd_seg_size_avg_max,0.0195390292926614,0.0195390292926614
detection,15,fwd_pkt_len_mean_max,0.0195390292926614,0.0195390292926614
detection,15,flow_iat_min_min,0.0183775910515162,0.0183775910515162
detection,15,subflow_fwd_byts_min,-0.0169205032046114,0.0169205032046114
detection,15,pkt_len_var_std,-0.0136860082848384,0.0136860082848384
detection,15,flow_iat_mean_min,0.0135850558119583,0.0135850558119583
detection,15,fin_flag_cnt_sum,0.0134207847712004,0.0134207847712004
detection,15,bwd_pkts_per_sec_min,0.0126171245871889,0.0126171245871889
detection,15,fwd_pkts_per_sec_min,0.0126112828887709,0.0126112828887709
detection,15,pkt_len_std_max,-0.0119707772560066,0.0119707772560066
detection,15,active_min_min,-0.0111743496172816,0.0111743496172816
detection,15,active_max_min,0.0105419181591544,0.0105419181591544
detection,15,pkt_size_avg_min,0.0104985771794731,0.0104985771794731
detection,15,down_up_ratio_min,-0.0102399247940271,0.0102399247940271
detection,15,packets_per_sec_std,-0.0099224705628163,0.0099224705628163
detection,15,bwd_pkt_len_mean_mean,0.009160396168256,0.009160396168256
detection,15,bwd_seg_size_avg_mean,0.00916039616503,0.00916039616503
detection,15,fwd_iat_mean_min,0.0086066208808005,0.0086066208808005
detection,15,fwd_pkt_len_mean_min,0.0070928477658775,0.0070928477658775
detection,15,fwd_seg_size_avg_min,0.0070928477658775,0.0070928477658775
detection,15,flow_iat_max_min,0.0059916592915528,0.0059916592915528
detection,15,bwd_iat_max_max,0.0059240866238887,0.0059240866238887
detection,15,fwd_iat_max_min,0.0059151276744813,0.0059151276744813
detection,15,idle_mean_min,-0.0055047357904556,0.0055047357904556
detection,15,idle_max_min,0.0052412629596725,0.0052412629596725
detection,15,ece_flag_cnt_mean,0.0049930500583707,0.0049930500583707
detection,15,syn_flag_cnt_min,-0.0047678492393788,0.0047678492393788
detection,15,ack_flag_cnt_min,-0.0047678492393788,0.0047678492393788
detection,15,fwd_psh_flags_min,-0.0047678492393788,0.0047678492393788
detection,15,fwd_header_len_min,-0.0043595098031639,0.0043595098031639
detection,15,active_mean_min,0.0026977343380954,0.0026977343380954
detection,15,fwd_iat_min_min,0.0018188120194281,0.0018188120194281
detection,15,bwd_header_len_min,-0.001562151183798,0.001562151183798
detection,15,bwd_iat_max_min,0.0010651500360893,0.0010651500360893
detection,15,psh_flag_cnt_min,3.376456194755829e-06,3.376456194755829e-06
detection,15,cwe_flag_cnt_min,0.0,0.0
detection,15,fin_flag_cnt_min,0.0,0.0
detection,15,mask_has_tcp_flags,0.0,0.0
detection,15,urg_flag_cnt_min,0.0,0.0
detection,15,rst_flag_cnt_min,0.0,0.0
detection,15,bwd_urg_flags_max,0.0,0.0
detection,15,pkt_frag_mf_count,0.0,0.0
detection,15,mask_has_graph_topology,0.0,0.0
detection,15,mask_has_traffic_volume_features,0.0,0.0
detection,15,mask_has_flow_timing_features,0.0,0.0
detection,15,bwd_urg_flags_std,0.0,0.0
detection,15,bwd_psh_flags_mean,0.0,0.0
detection,15,bwd_psh_flags_std,0.0,0.0
detection,15,bwd_urg_flags_mean,0.0,0.0
detection,15,fwd_urg_flags_min,0.0,0.0
detection,15,bwd_psh_flags_min,0.0,0.0
detection,15,bwd_psh_flags_max,0.0,0.0
detection,15,bwd_psh_flags_sum,0.0,0.0
detection,15,bwd_urg_flags_sum,0.0,0.0
detection,15,bwd_urg_flags_min,0.0,0.0
detection,15,mask_has_identity_auth,0.0,0.0
detection,15,ece_flag_cnt_min,0.0,0.0
detection,15,bwd_pkt_len_min_min,0.0,0.0
detection,15,bwd_blk_rate_avg_min,0.0,0.0
detection,15,bwd_blk_rate_avg_sum,0.0,0.0
detection,15,bwd_blk_rate_avg_std,0.0,0.0
detection,15,bwd_byts_b_avg_mean,0.0,0.0
detection,15,fwd_byts_b_avg_mean,0.0,0.0
detection,15,bwd_blk_rate_avg_max,0.0,0.0
detection,15,fwd_byts_b_avg_sum,0.0,0.0
detection,15,fwd_byts_b_avg_min,0.0,0.0
detection,15,fwd_byts_b_avg_max,0.0,0.0
detection,15,fwd_pkts_b_avg_mean,0.0,0.0
detection,15,fwd_pkts_b_avg_std,0.0,0.0
detection,15,fwd_pkts_b_avg_sum,0.0,0.0
detection,15,fwd_pkts_b_avg_min,0.0,0.0
detection,15,fwd_byts_b_avg_std,0.0,0.0
detection,15,fwd_blk_rate_avg_mean,0.0,0.0
detection,15,fwd_blk_rate_avg_std,0.0,0.0
detection,15,fwd_blk_rate_avg_sum,0.0,0.0
detection,15,fwd_blk_rate_avg_min,0.0,0.0
detection,15,fwd_blk_rate_avg_max,0.0,0.0
detection,15,bwd_pkts_b_avg_min,0.0,0.0
detection,15,bwd_byts_b_avg_std,0.0,0.0
detection,15,bwd_byts_b_avg_sum,0.0,0.0
detection,15,bwd_byts_b_avg_min,0.0,0.0
detection,15,bwd_byts_b_avg_max,0.0,0.0
detection,15,bwd_pkts_b_avg_mean,0.0,0.0
detection,15,bwd_pkts_b_avg_std,0.0,0.0
detection,15,bwd_pkts_b_avg_sum,0.0,0.0
detection,15,bwd_blk_rate_avg_mean,0.0,0.0
detection,15,bwd_pkts_b_avg_max,0.0,0.0
detection,15,fwd_pkts_b_avg_max,0.0,0.0
detection,16,fwd_pkt_len_std_mean,2.0002851568777964,2.0002851568777964
detection,16,window_size_bwd_std,1.8933934989941736,1.8933934989941736
detection,16,byte_count_bwd_std,-1.7281267698143263,1.7281267698143263
detection,16,fwd_pkt_len_max_std,-1.6234551036109142,1.6234551036109142
detection,16,bwd_pkt_len_std_mean,-1.5488788393562627,1.5488788393562627
detection,16,byte_count_fwd_max,1.3684738088779405,1.3684738088779405
detection,16,flow_iat_std_std,-1.3121210201704616,1.3121210201704616
detection,16,bytes_per_sec_mean,-1.285383467489018,1.285383467489018
detection,16,bwd_iat_std_mean,1.2672927495914932,1.2672927495914932
detection,16,bytes_per_sec_max,1.2584015724947804,1.2584015724947804
detection,16,window_size_fwd_std,-1.2157666987334952,1.2157666987334952
detection,16,down_up_ratio_std,-1.1898015219193538,1.1898015219193538
detection,16,packet_count_bwd_std,1.179798112059565,1.179798112059565
detection,16,bwd_iat_max_std,-1.083192911628375,1.083192911628375
detection,16,pkt_tcp_retrans_count,1.0773832770118283,1.0773832770118283
detection,16,bwd_pkt_len_std_std,1.0707386795625131,1.0707386795625131
detection,16,bwd_iat_min_std,-1.0144137163578937,1.0144137163578937
detection,16,pkt_port_scan_seq_score,1.0011854909938358,1.0011854909938358
detection,16,ack_flag_cnt_std,0.986073168858267,0.986073168858267
detection,16,bwd_iat_mean_std,0.9832054360370563,0.9832054360370563
detection,16,bwd_seg_size_avg_max,0.97375703072567,0.97375703072567
detection,16,bwd_pkt_len_mean_max,0.973757030725452,0.973757030725452
detection,16,pkt_len_std_mean,-0.9584579000847492,0.9584579000847492
detection,16,fwd_pkt_len_std_std,0.9490577294415726,0.9490577294415726
detection,16,bwd_pkts_per_sec_sum,-0.9359023369679884,0.9359023369679884
detection,16,pkt_len_min_std,0.9314454000254496,0.9314454000254496
detection,16,bytes_per_sec_sum,-0.8960623608411217,0.8960623608411217
detection,16,urg_flag_cnt_mean,-0.8898319522688134,0.8898319522688134
detection,16,bwd_iat_min_max,0.8859766009149412,0.8859766009149412
detection,16,pkt_len_mean_max,-0.8647646919764455,0.8647646919764455
detection,16,pkt_len_max_mean,-0.8544175620068925,0.8544175620068925
detection,16,bwd_pkt_len_std_max,0.8377292166444152,0.8377292166444152
detection,16,bwd_pkt_len_min_mean,0.8315808927593917,0.8315808927593917
detection,16,byte_count_bwd_max,-0.7960072520134076,0.7960072520134076
detection,16,urg_flag_cnt_max,0.7878393369000103,0.7878393369000103
detection,16,active_max_sum,0.7368574967324997,0.7368574967324997
detection,16,byte_count_fwd_std,-0.7361565713783118,0.7361565713783118
detection,16,bwd_pkts_per_sec_std,0.7144287600642085,0.7144287600642085
detection,16,ece_flag_cnt_std,0.7117713131723243,0.7117713131723243
detection,16,fwd_seg_size_min_mean,0.7006316652644655,0.7006316652644655
detection,16,pkt_len_mean_mean,-0.6970430174210671,0.6970430174210671
detection,16,rst_flag_cnt_std,0.6864806714568602,0.6864806714568602
detection,16,pkt_size_avg_mean,-0.668071272383064,0.668071272383064
detection,16,bwd_iat_mean_sum,-0.6612585612649041,0.6612585612649041
detection,16,ece_flag_cnt_sum,0.65728365133645,0.65728365133645
detection,16,active_mean_sum,-0.6567817338028563,0.6567817338028563
detection,16,rst_flag_cnt_sum,0.6564428688454965,0.6564428688454965
detection,16,duration_sec_std,0.6525779726068804,0.6525779726068804
detection,16,subflow_bwd_byts_sum,-0.6503425198114657,0.6503425198114657
detection,16,pkt_len_std_std,0.6491112494618421,0.6491112494618421
detection,16,fwd_iat_mean_std,-0.6427946924692552,0.6427946924692552
detection,16,bwd_pkt_len_max_std,0.6363742323187811,0.6363742323187811
detection,16,byte_count_bwd_mean,-0.6287727293260703,0.6287727293260703
detection,16,active_std_sum,-0.6214592708502661,0.6214592708502661
detection,16,pkt_len_var_sum,0.6008344586666376,0.6008344586666376
detection,16,subflow_bwd_pkts_std,-0.5964414633210725,0.5964414633210725
detection,16,bwd_header_len_max,0.5935642394210353,0.5935642394210353
detection,16,window_size_bwd_sum,-0.5927775752562447,0.5927775752562447
detection,16,fwd_header_len_max,0.5890127297435999,0.5890127297435999
detection,16,fwd_seg_size_min_std,-0.5874295306119376,0.5874295306119376
detection,16,pkt_len_max_std,-0.5681652236565408,0.5681652236565408
detection,16,urg_flag_cnt_std,0.5504815296043256,0.5504815296043256
detection,16,packet_count_fwd_mean,0.5460964860535571,0.5460964860535571
detection,16,psh_flag_cnt_mean,0.5414345134313924,0.5414345134313924
detection,16,fwd_pkt_len_max_max,0.5382535079134839,0.5382535079134839
detection,16,ack_flag_cnt_sum,0.5292437354976023,0.5292437354976023
detection,16,flow_iat_max_std,-0.5281765469709061,0.5281765469709061
detection,16,byte_count_bwd_sum,-0.527731957105737,0.527731957105737
detection,16,packet_count_bwd_mean,0.5215442710940665,0.5215442710940665
detection,16,bwd_pkt_len_mean_sum,0.5124048720511655,0.5124048720511655
detection,16,bwd_seg_size_avg_sum,0.5124048720507173,0.5124048720507173
detection,16,pkt_payload_size_p95,-0.5116747236332346,0.5116747236332346
detection,16,down_up_ratio_max,0.5109811183652968,0.5109811183652968
detection,16,bwd_iat_mean_mean,0.5079211733911757,0.5079211733911757
detection,16,bwd_iat_mean_max,-0.5023672668582411,0.5023672668582411
detection,16,bwd_iat_tot_mean,-0.4996790582381492,0.4996790582381492
detection,16,psh_flag_cnt_max,-0.4722270516970714,0.4722270516970714
detection,16,flow_iat_std_sum,-0.4540397815040679,0.4540397815040679
detection,16,subflow_bwd_byts_max,0.4299863781601939,0.4299863781601939
detection,16,active_std_mean,-0.4269185272870006,0.4269185272870006
detection,16,fwd_pkt_len_std_sum,0.4175017611305486,0.4175017611305486
detection,16,idle_min_std,-0.4143035020611146,0.4143035020611146
detection,16,fwd_seg_size_avg_sum,0.4095144066397135,0.4095144066397135
detection,16,fwd_pkt_len_mean_sum,0.4095144066397135,0.4095144066397135
detection,16,fwd_iat_min_std,-0.4085286228384289,0.4085286228384289
detection,16,fwd_pkts_per_sec_max,-0.4019046695566804,0.4019046695566804
detection,16,pkt_payload_size_p75,-0.3818919812174514,0.3818919812174514
detection,16,idle_std_mean,0.3762249670244945,0.3762249670244945
detection,16,active_max_std,0.3762134536830643,0.3762134536830643
detection,16,fwd_iat_std_std,0.3751598211577697,0.3751598211577697
detection,16,fwd_iat_max_sum,0.3741676676237655,0.3741676676237655
detection,16,idle_max_mean,0.3733891407063521,0.3733891407063521
detection,16,pkt_len_max_max,0.3733470666791218,0.3733470666791218
detection,16,fwd_pkts_per_sec_mean,0.3663515190206577,0.3663515190206577
detection,16,window_size_bwd_mean,-0.3577109118920784,0.3577109118920784
detection,16,fwd_pkts_per_sec_sum,0.3556568626426423,0.3556568626426423
detection,16,pkt_len_mean_sum,0.3525056698437703,0.3525056698437703
detection,16,active_min_std,-0.3517887132076243,0.3517887132076243
detection,16,pkt_size_avg_max,0.3500330347900204,0.3500330347900204
detection,16,packets_per_sec_max,-0.3491703865632595,0.3491703865632595
detection,16,fwd_iat_min_max,0.3462827458463696,0.3462827458463696
detection,16,down_up_ratio_mean,0.3441041401226901,0.3441041401226901
detection,16,rst_flag_cnt_max,-0.3428231880792737,0.3428231880792737
detection,16,ece_flag_cnt_max,-0.3428231880792737,0.3428231880792737
detection,16,cwe_flag_cnt_std,0.3415295668195439,0.3415295668195439
detection,16,fwd_urg_flags_std,0.3415295668195439,0.3415295668195439
detection,16,ack_flag_cnt_max,-0.3365046483031348,0.3365046483031348
detection,16,pkt_len_mean_std,0.3340967420945984,0.3340967420945984
detection,16,fwd_iat_std_sum,0.333691279949288,0.333691279949288
detection,16,fwd_iat_std_mean,0.3333954648004182,0.3333954648004182
detection,16,subflow_bwd_byts_mean,0.3332787609354121,0.3332787609354121
detection,16,fwd_pkt_len_max_sum,0.3328858592985806,0.3328858592985806
detection,16,fwd_header_len_std,0.3326160032662572,0.3326160032662572
detection,16,packet_count_bwd_max,0.3289167790059552,0.3289167790059552
detection,16,window_size_bwd_max,0.3239825941202944,0.3239825941202944
detection,16,pkt_size_avg_sum,0.3178988969011342,0.3178988969011342
detection,16,fwd_iat_max_max,-0.3163222340237887,0.3163222340237887
detection,16,flow_iat_min_sum,0.315267475461463,0.315267475461463
detection,16,active_mean_std,-0.3107845395771337,0.3107845395771337
detection,16,subflow_fwd_pkts_std,0.3106357406798736,0.3106357406798736
detection,16,down_up_ratio_sum,0.3047634847923929,0.3047634847923929
detection,16,fwd_iat_mean_max,0.3043016516243926,0.3043016516243926
detection,16,fwd_act_data_pkts_std,0.3024372819654694,0.3024372819654694
detection,16,byte_count_fwd_sum,-0.3013250499280828,0.3013250499280828
detection,16,flow_iat_max_mean,-0.2971795215885188,0.2971795215885188
detection,16,pkt_len_std_sum,0.297088026592071,0.297088026592071
detection,16,pkt_len_var_mean,-0.2968317963027702,0.2968317963027702
detection,16,pkt_len_min_max,-0.296398216173903,0.296398216173903
detection,16,fwd_pkt_len_std_max,-0.2958332925302565,0.2958332925302565
detection,16,fwd_iat_min_sum,0.2930366384718196,0.2930366384718196
detection,16,fwd_iat_std_max,0.2926298150084018,0.2926298150084018
detection,16,packets_per_sec_sum,-0.2905294568190428,0.2905294568190428
detection,16,bwd_iat_std_std,0.2892891527370172,0.2892891527370172
detection,16,flow_iat_std_max,-0.2871315033651616,0.2871315033651616
detection,16,bwd_pkt_len_min_std,-0.2868142353695766,0.2868142353695766
detection,16,mask_has_packet_level_features,-0.2757539160421653,0.2757539160421653
detection,16,pkt_ttl_max,-0.2757539160421653,0.2757539160421653
detection,16,ack_flag_cnt_mean,0.2735096819924381,0.2735096819924381
detection,16,pkt_len_max_sum,0.273313842536402,0.273313842536402
detection,16,fwd_header_len_mean,0.273074986606872,0.273074986606872
detection,16,subflow_fwd_pkts_mean,0.2721705729116469,0.2721705729116469
detection,16,bwd_pkts_per_sec_max,-0.271434451296913,0.271434451296913
detection,16,fwd_act_data_pkts_mean,0.2710204658949237,0.2710204658949237
detection,16,flow_iat_std_mean,-0.2694576510196682,0.2694576510196682
detection,16,bwd_pkt_len_max_mean,-0.2638630952071384,0.2638630952071384
detection,16,active_std_max,0.2597615810614763,0.2597615810614763
detection,16,bwd_iat_tot_max,-0.2564966857410402,0.2564966857410402
detection,16,duration_microsec_max,0.252085196079623,0.252085196079623
detection,16,fwd_seg_size_min_sum,0.2504566822612427,0.2504566822612427
detection,16,pkt_ttl_std,0.2503312337277121,0.2503312337277121
detection,16,pkt_ttl_mode,0.2477379795879116,0.2477379795879116
detection,16,subflow_bwd_pkts_sum,-0.2474840521808297,0.2474840521808297
detection,16,packets_per_sec_mean,-0.2444168176485065,0.2444168176485065
detection,16,idle_mean_std,-0.2427217832428362,0.2427217832428362
detection,16,fwd_iat_tot_std,0.242527727709428,0.242527727709428
detection,16,flow_iat_mean_sum,0.2420512144916417,0.2420512144916417
detection,16,window_size_fwd_mean,0.2395629582816828,0.2395629582816828
detection,16,bwd_iat_std_sum,0.2390366072845952,0.2390366072845952
detection,16,pkt_len_var_max,0.2379871093947314,0.2379871093947314
detection,16,active_max_mean,-0.2324936390745027,0.2324936390745027
detection,16,bwd_pkts_per_sec_mean,-0.2289035530052105,0.2289035530052105
detection,16,duration_microsec_std,0.2270857220372615,0.2270857220372615
detection,16,active_max_max,0.2223259854472011,0.2223259854472011
detection,16,subflow_fwd_byts_mean,0.2223038862938126,0.2223038862938126
detection,16,bwd_header_len_sum,-0.2189321369929902,0.2189321369929902
detection,16,subflow_fwd_pkts_max,0.2179063640681985,0.2179063640681985
detection,16,fwd_header_len_sum,0.2134981669166158,0.2134981669166158
detection,16,bwd_pkt_len_min_sum,0.2108194865461774,0.2108194865461774
detection,16,idle_mean_mean,0.2081013679748883,0.2081013679748883
detection,16,packet_count_fwd_std,-0.2077710326077071,0.2077710326077071
detection,16,duration_sec_sum,-0.2073425293073066,0.2073425293073066
detection,16,flow_iat_max_sum,0.2044498233713504,0.2044498233713504
detection,16,fwd_seg_size_avg_mean,-0.2025682326215945,0.2025682326215945
detection,16,fwd_pkt_len_mean_mean,-0.2025682326215945,0.2025682326215945
detection,16,pkt_size_avg_std,0.1972766559391795,0.1972766559391795
detection,16,bytes_per_sec_std,0.1956765871650295,0.1956765871650295
detection,16,bwd_iat_max_mean,-0.1954407732611799,0.1954407732611799
detection,16,subflow_bwd_byts_std,-0.1944747567390668,0.1944747567390668
detection,16,fwd_urg_flags_mean,-0.1929848808724054,0.1929848808724054
detection,16,cwe_flag_cnt_mean,-0.1929848808724054,0.1929848808724054
detection,16,subflow_fwd_byts_sum,0.1893468902313414,0.1893468902313414
detection,16,subflow_fwd_pkts_sum,0.1849659166487608,0.1849659166487608
detection,16,flow_iat_max_max,0.1837240867468399,0.1837240867468399
detection,16,byte_count_fwd_min,0.1834828884876343,0.1834828884876343
detection,16,unique_dst_ports_count,0.1794303573018718,0.1794303573018718
detection,16,idle_max_sum,0.1774530754363711,0.1774530754363711
detection,16,active_std_std,-0.1756774873426371,0.1756774873426371
detection,16,active_min_sum,0.1756102754800862,0.1756102754800862
detection,16,duration_sec_mean,0.1752790865321998,0.1752790865321998
detection,16,bwd_pkt_len_max_max,-0.1749440191787606,0.1749440191787606
detection,16,flow_count,0.17184219763664,0.17184219763664
detection,16,packet_count_bwd_min,-0.1717786850728516,0.1717786850728516
detection,16,fwd_act_data_pkts_sum,0.1661940743666519,0.1661940743666519
detection,16,fin_flag_cnt_max,0.1659179316572573,0.1659179316572573
detection,16,bwd_pkt_len_mean_std,0.1651250381606684,0.1651250381606684
detection,16,bwd_seg_size_avg_std,0.1651250381442866,0.1651250381442866
detection,16,fwd_seg_size_min_min,-0.1614500335186307,0.1614500335186307
detection,16,window_size_fwd_sum,0.1596502575648837,0.1596502575648837
detection,16,flow_iat_mean_mean,0.1571440252265655,0.1571440252265655
detection,16,subflow_fwd_byts_max,-0.1569624365527822,0.1569624365527822
detection,16,subflow_bwd_pkts_max,-0.1556963580068208,0.1556963580068208
detection,16,fwd_act_data_pkts_min,0.1544874545090089,0.1544874545090089
detection,16,fwd_act_data_pkts_max,0.1506696970850959,0.1506696970850959
detection,16,bwd_header_len_std,-0.1499086597379033,0.1499086597379033
detection,16,active_mean_mean,-0.1478376296593341,0.1478376296593341
detection,16,fwd_pkt_len_min_sum,-0.1475079792408895,0.1475079792408895
detection,16,fwd_seg_size_min_max,-0.146338246038612,0.146338246038612
detection,16,pkt_len_min_sum,-0.1441629718401548,0.1441629718401548
detection,16,fwd_pkt_len_min_mean,-0.1411793334492949,0.1411793334492949
detection,16,fwd_iat_mean_mean,-0.1411200322590695,0.1411200322590695
detection,16,packets_per_sec_min,-0.1408348010795841,0.1408348010795841
detection,16,packet_count_fwd_min,0.1404876260422914,0.1404876260422914
detection,16,packet_count_fwd_sum,0.1361254456182348,0.1361254456182348
detection,16,bwd_pkt_len_max_sum,0.1359906852722423,0.1359906852722423
detection,16,fwd_psh_flags_std,-0.135048120920625,0.135048120920625
detection,16,syn_flag_cnt_std,-0.135048120920625,0.135048120920625
detection,16,fwd_iat_mean_sum,0.1340603643366107,0.1340603643366107
detection,16,bwd_header_len_mean,-0.1336804588867552,0.1336804588867552
detection,16,window_size_fwd_max,-0.1302847389857382,0.1302847389857382
detection,16,flow_iat_mean_std,-0.1263362609542521,0.1263362609542521
detection,16,pkt_ttl_min,-0.1245762465612016,0.1245762465612016
detection,16,idle_max_max,-0.1205577176966983,0.1205577176966983
detection,16,pkt_frag_df_count,-0.1195159492631494,0.1195159492631494
detection,16,psh_flag_cnt_sum,0.116328059771906,0.116328059771906
detection,16,fwd_urg_flags_max,0.1146940944540003,0.1146940944540003
detection,16,cwe_flag_cnt_max,0.1146940944540003,0.1146940944540003
detection,16,pkt_payload_size_p50,-0.1128359858454525,0.1128359858454525
detection,16,subflow_bwd_pkts_mean,-0.1096909294650814,0.1096909294650814
detection,16,fwd_psh_flags_mean,-0.1095754985465723,0.1095754985465723
detection,16,syn_flag_cnt_mean,-0.1095754985465723,0.1095754985465723
detection,16,bwd_iat_max_sum,-0.1068543830752174,0.1068543830752174
detection,16,syn_flag_cnt_max,0.1066230796901965,0.1066230796901965
detection,16,fwd_psh_flags_max,0.1066230796901965,0.1066230796901965
detection,16,bwd_iat_tot_std,-0.1049293352075839,0.1049293352075839
detection,16,fwd_iat_tot_sum,-0.1043678315404358,0.1043678315404358
detection,16,flow_iat_min_mean,0.1039456681541183,0.1039456681541183
detection,16,duration_microsec_mean,0.1019946936982831,0.1019946936982831
detection,16,duration_microsec_min,0.0981424510269724,0.0981424510269724
detection,16,fwd_iat_tot_min,0.0967794201681173,0.0967794201681173
detection,16,idle_std_std,0.0960336281422945,0.0960336281422945
detection,16,fwd_pkt_len_min_std,0.0940856431447485,0.0940856431447485
detection,16,bwd_iat_min_min,-0.092957276312854,0.092957276312854
detection,16,duration_sec_min,0.0908166961717917,0.0908166961717917
detection,16,duration_sec_max,0.087445216250507,0.087445216250507
detection,16,fwd_iat_tot_mean,0.0864596633282673,0.0864596633282673
detection,16,idle_mean_sum,0.0847441825221125,0.0847441825221125
detection,16,idle_min_mean,-0.083284093020691,0.083284093020691
detection,16,fin_flag_cnt_mean,0.0820883157470167,0.0820883157470167
detection,16,byte_count_fwd_mean,-0.0803510156435578,0.0803510156435578
detection,16,subflow_fwd_pkts_min,0.0777808237849969,0.0777808237849969
detection,16,fwd_pkts_per_sec_std,0.0762650464823621,0.0762650464823621
detection,16,fwd_iat_min_mean,-0.075732870048503,0.075732870048503
detection,16,packet_count_fwd_max,-0.0749880377119759,0.0749880377119759
detection,16,rst_flag_cnt_mean,-0.0728434248763189,0.0728434248763189
detection,16,flow_iat_mean_max,-0.0725485971476869,0.0725485971476869
detection,16,packet_count_bwd_sum,-0.0723686660868536,0.0723686660868536
detection,16,active_mean_max,0.0686671992990694,0.0686671992990694
detection,16,fin_flag_cnt_std,0.0680064455311162,0.0680064455311162
detection,16,duration_microsec_sum,-0.0658344488430499,0.0658344488430499
detection,16,syn_flag_cnt_sum,-0.0651909321588232,0.0651909321588232
detection,16,fwd_psh_flags_sum,-0.0651909321588232,0.0651909321588232
detection,16,fwd_pkt_len_max_mean,-0.063729869699293,0.063729869699293
detection,16,idle_std_max,-0.0633815648516166,0.0633815648516166
detection,16,active_min_max,0.0630086621746768,0.0630086621746768
detection,16,active_min_mean,0.061867649805674,0.061867649805674
detection,16,idle_std_sum,0.0615306584427907,0.0615306584427907
detection,16,bwd_seg_size_avg_min,0.0608612089610879,0.0608612089610879
detection,16,bwd_pkt_len_mean_min,0.0608612089610879,0.0608612089610879
detection,16,flow_iat_min_max,0.0608083050519673,0.0608083050519673
detection,16,byte_count_bwd_min,0.0604731771521887,0.0604731771521887
detection,16,subflow_bwd_pkts_min,-0.0566277028135367,0.0566277028135367
detection,16,fwd_pkt_len_min_max,-0.0562166422908545,0.0562166422908545
detection,16,fwd_iat_max_std,-0.0562041431854023,0.0562041431854023
detection,16,bwd_iat_std_max,-0.0557952890818167,0.0557952890818167
detection,16,pkt_len_std_min,0.0545375076197716,0.0545375076197716
detection,16,bwd_pkt_len_max_min,0.0538349931382281,0.0538349931382281
detection,16,bwd_iat_min_mean,-0.0535950974506304,0.0535950974506304
detection,16,subflow_bwd_byts_min,0.0526497724910174,0.0526497724910174
detection,16,urg_flag_cnt_sum,0.0521899084456179,0.0521899084456179
detection,16,bwd_pkt_len_std_sum,0.0520849491467804,0.0520849491467804
detection,16,flow_iat_min_std,0.0516313313783956,0.0516313313783956
detection,16,pkt_len_var_min,0.0515037644532398,0.0515037644532398
detection,16,idle_max_std,0.0505224048040005,0.0505224048040005
detection,16,bwd_pkt_len_std_min,0.049706360234329,0.049706360234329
detection,16,bwd_iat_tot_sum,-0.0481947725819978,0.0481947725819978
detection,16,unique_protocols_count,0.0478831541876592,0.0478831541876592
detection,16,bwd_iat_mean_min,-0.0472564014628147,0.0472564014628147
detection,16,window_size_bwd_min,0.044257832298741,0.044257832298741
detection,16,fwd_pkt_len_std_min,0.0439602462020948,0.0439602462020948
detection,16,psh_flag_cnt_std,0.0434219153957416,0.0434219153957416
detection,16,bwd_iat_min_sum,0.0431580341241916,0.0431580341241916
detection,16,fwd_iat_std_min,-0.0421156791231547,0.0421156791231547
detection,16,idle_mean_max,-0.041911832657016,0.041911832657016
detection,16,flow_iat_std_min,-0.039627551642763,0.039627551642763
detection,16,bwd_pkt_len_mean_mean,0.0366414949861507,0.0366414949861507
detection,16,bwd_seg_size_avg_mean,0.0366414949830247,0.0366414949830247
detection,16,pkt_len_max_min,0.0351212945865808,0.0351212945865808
detection,16,idle_std_min,-0.0351009793480455,0.0351009793480455
detection,16,bytes_per_sec_min,0.0348954458214176,0.0348954458214176
detection,16,fwd_seg_size_avg_std,-0.0329901885911135,0.0329901885911135
detection,16,fwd_pkt_len_mean_std,-0.0329901885911135,0.0329901885911135
detection,16,fwd_iat_max_mean,0.0324623140004065,0.0324623140004065
detection,16,idle_min_sum,0.0321341784967869,0.0321341784967869
detection,16,fwd_pkt_len_min_min,0.0316409186216401,0.0316409186216401
detection,16,pkt_len_min_min,0.0311178270517628,0.0311178270517628
detection,16,ece_flag_cnt_mean,-0.030294994605428,0.030294994605428
detection,16,pkt_len_min_mean,0.0298883812817153,0.0298883812817153
detection,16,bwd_iat_tot_min,0.0279034202665854,0.0279034202665854
detection,16,window_size_fwd_min,0.0273158118275378,0.0273158118275378
detection,16,pkt_len_mean_min,0.0263580441457932,0.0263580441457932
detection,16,subflow_fwd_byts_std,-0.0257277391446237,0.0257277391446237
detection,16,bwd_iat_max_max,-0.0255139276894352,0.0255139276894352
detection,16,bwd_iat_std_min,0.0253217128110778,0.0253217128110778
detection,16,active_std_min,0.0248465028536361,0.0248465028536361
detection,16,idle_min_max,-0.0236372080133538,0.0236372080133538
detection,16,cwe_flag_cnt_sum,0.0235167472894663,0.0235167472894663
detection,16,fwd_urg_flags_sum,0.0235167472894663,0.0235167472894663
detection,16,pkt_payload_size_p25,-0.0223845789340491,0.0223845789340491
detection,16,bwd_pkt_len_min_max,-0.0222022633836969,0.0222022633836969
detection,16,fwd_pkt_len_max_min,-0.0203836737741502,0.0203836737741502
detection,16,flow_iat_min_min,0.0180537192945463,0.0180537192945463
detection,16,flow_iat_mean_min,0.0139718208736861,0.0139718208736861
detection,16,pkt_size_avg_min,0.0135706518040071,0.0135706518040071
detection,16,down_up_ratio_min,-0.0124232455128413,0.0124232455128413
detection,16,fwd_psh_flags_min,-0.0122440438067905,0.0122440438067905
detection,16,ack_flag_cnt_min,-0.0122440438067905,0.0122440438067905
detection,16,syn_flag_cnt_min,-0.0122440438067905,0.0122440438067905
detection,16,active_min_min,-0.011955827857519,0.011955827857519
detection,16,fwd_seg_size_avg_max,0.011815766674528,0.011815766674528
detection,16,fwd_pkt_len_mean_max,0.011815766674528,0.011815766674528
detection,16,active_max_min,0.0112860277310244,0.0112860277310244
detection,16,subflow_fwd_byts_min,-0.0108854019505458,0.0108854019505458
detection,16,bwd_pkts_per_sec_min,0.01064719485966,0.01064719485966
detection,16,fwd_pkts_per_sec_min,0.0106458261722093,0.0106458261722093
detection,16,flow_iat_max_min,0.0100117149889577,0.0100117149889577
detection,16,idle_max_min,0.0099372323369004,0.0099372323369004
detection,16,fwd_iat_max_min,0.0099357992979468,0.0099357992979468
detection,16,pkt_len_std_max,-0.0098423589479625,0.0098423589479625
detection,16,fwd_iat_mean_min,0.0093338806298871,0.0093338806298871
detection,16,fwd_iat_tot_max,0.0079670299809555,0.0079670299809555
detection,16,idle_min_min,-0.0075008552739111,0.0075008552739111
detection,16,fwd_seg_size_avg_min,0.0069169735745373,0.0069169735745373
detection,16,fwd_pkt_len_mean_min,0.0069169735745373,0.0069169735745373
detection,16,fin_flag_cnt_sum,0.0041127711647634,0.0041127711647634
detection,16,fwd_header_len_min,-0.0037521274928752,0.0037521274928752
detection,16,idle_mean_min,0.0031271917944584,0.0031271917944584
detection,16,active_mean_min,0.0029805076520718,0.0029805076520718
detection,16,bwd_header_len_min,0.0023482897583769,0.0023482897583769
detection,16,packets_per_sec_std,0.0020893788021037,0.0020893788021037
detection,16,fwd_iat_min_min,-0.0016718219433118,0.0016718219433118
detection,16,pkt_len_var_std,-0.0015542352942768,0.0015542352942768
detection,16,psh_flag_cnt_min,-0.0005367192120142,0.0005367192120142
detection,16,bwd_iat_max_min,-0.0003234183194309,0.0003234183194309
detection,16,urg_flag_cnt_min,0.0,0.0
detection,16,fin_flag_cnt_min,0.0,0.0
detection,16,rst_flag_cnt_min,0.0,0.0
detection,16,bwd_psh_flags_std,0.0,0.0
detection,16,cwe_flag_cnt_min,0.0,0.0
detection,16,pkt_frag_mf_count,0.0,0.0
detection,16,mask_has_identity_auth,0.0,0.0
detection,16,mask_has_tcp_flags,0.0,0.0
detection,16,mask_has_graph_topology,0.0,0.0
detection,16,mask_has_flow_timing_features,0.0,0.0
detection,16,bwd_urg_flags_max,0.0,0.0
detection,16,bwd_urg_flags_min,0.0,0.0
detection,16,bwd_psh_flags_mean,0.0,0.0
detection,16,bwd_psh_flags_max,0.0,0.0
detection,16,bwd_psh_flags_min,0.0,0.0
detection,16,bwd_psh_flags_sum,0.0,0.0
detection,16,fwd_urg_flags_min,0.0,0.0
detection,16,bwd_urg_flags_mean,0.0,0.0
detection,16,bwd_urg_flags_std,0.0,0.0
detection,16,bwd_urg_flags_sum,0.0,0.0
detection,16,mask_has_traffic_volume_features,0.0,0.0
detection,16,fwd_byts_b_avg_mean,0.0,0.0
detection,16,ece_flag_cnt_min,0.0,0.0
detection,16,bwd_pkt_len_min_min,0.0,0.0
detection,16,bwd_blk_rate_avg_min,0.0,0.0
detection,16,bwd_blk_rate_avg_mean,0.0,0.0
detection,16,bwd_pkts_b_avg_max,0.0,0.0
detection,16,bwd_blk_rate_avg_sum,0.0,0.0
detection,16,bwd_blk_rate_avg_std,0.0,0.0
detection,16,bwd_blk_rate_avg_max,0.0,0.0
detection,16,fwd_pkts_b_avg_sum,0.0,0.0
detection,16,fwd_pkts_b_avg_std,0.0,0.0
detection,16,fwd_byts_b_avg_std,0.0,0.0
detection,16,fwd_pkts_b_avg_mean,0.0,0.0
detection,16,fwd_byts_b_avg_sum,0.0,0.0
detection,16,bwd_pkts_b_avg_min,0.0,0.0
detection,16,bwd_pkts_b_avg_sum,0.0,0.0
detection,16,bwd_byts_b_avg_std,0.0,0.0
detection,16,bwd_byts_b_avg_mean,0.0,0.0
detection,16,fwd_blk_rate_avg_max,0.0,0.0
detection,16,fwd_blk_rate_avg_min,0.0,0.0
detection,16,fwd_blk_rate_avg_sum,0.0,0.0
detection,16,fwd_blk_rate_avg_std,0.0,0.0
detection,16,fwd_blk_rate_avg_mean,0.0,0.0
detection,16,fwd_pkts_b_avg_max,0.0,0.0
detection,16,fwd_pkts_b_avg_min,0.0,0.0
detection,16,bwd_byts_b_avg_min,0.0,0.0
detection,16,bwd_byts_b_avg_max,0.0,0.0
detection,16,bwd_pkts_b_avg_std,0.0,0.0
detection,16,bwd_byts_b_avg_sum,0.0,0.0
detection,16,bwd_pkts_b_avg_mean,0.0,0.0
detection,16,fwd_byts_b_avg_min,0.0,0.0
detection,16,fwd_byts_b_avg_max,0.0,0.0
detection,17,window_size_bwd_std,1.8843332013250096,1.8843332013250096
detection,17,fwd_pkt_len_std_mean,1.8521983455614524,1.8521983455614524
detection,17,byte_count_bwd_std,-1.737171887536769,1.737171887536769
detection,17,bwd_pkt_len_std_mean,-1.6910337566631284,1.6910337566631284
detection,17,fwd_pkt_len_max_std,-1.6194548238686213,1.6194548238686213
detection,17,pkt_tcp_retrans_count,1.4640683115433448,1.4640683115433448
detection,17,pkt_port_scan_seq_score,1.36335647993804,1.36335647993804
detection,17,bytes_per_sec_mean,-1.3475944001761797,1.3475944001761797
detection,17,byte_count_fwd_max,1.3385149199301745,1.3385149199301745
detection,17,bwd_iat_std_mean,1.3145621183180267,1.3145621183180267
detection,17,flow_iat_std_std,-1.2973908829044354,1.2973908829044354
detection,17,bytes_per_sec_max,1.2806570391972985,1.2806570391972985
detection,17,down_up_ratio_std,-1.2081143568415045,1.2081143568415045
detection,17,window_size_fwd_std,-1.1600477178690785,1.1600477178690785
detection,17,packet_count_bwd_std,1.1439871544757274,1.1439871544757274
detection,17,bwd_iat_max_std,-1.1349085290240242,1.1349085290240242
detection,17,pkt_len_std_mean,-1.036839118681531,1.036839118681531
detection,17,ack_flag_cnt_std,1.0045738103140265,1.0045738103140265
detection,17,bwd_iat_min_std,-0.9954904092508589,0.9954904092508589
detection,17,bwd_seg_size_avg_max,0.9948749040633768,0.9948749040633768
detection,17,bwd_pkt_len_mean_max,0.9948749040631456,0.9948749040631456
detection,17,bwd_iat_mean_std,0.9933887752758346,0.9933887752758346
detection,17,bwd_pkts_per_sec_sum,-0.9499689872462068,0.9499689872462068
detection,17,bwd_pkt_len_std_std,0.9411625644546854,0.9411625644546854
detection,17,bytes_per_sec_sum,-0.9405461945854358,0.9405461945854358
detection,17,pkt_len_min_std,0.9363816559345796,0.9363816559345796
detection,17,fwd_seg_size_min_mean,0.9151827086695686,0.9151827086695686
detection,17,urg_flag_cnt_mean,-0.8915721043644682,0.8915721043644682
detection,17,bwd_iat_min_max,0.8759642930757239,0.8759642930757239
detection,17,pkt_len_mean_max,-0.857492741028461,0.857492741028461
detection,17,subflow_bwd_byts_sum,-0.8236057817581758,0.8236057817581758
detection,17,urg_flag_cnt_max,0.8232436496829381,0.8232436496829381
detection,17,fwd_pkt_len_std_std,0.8225678503733619,0.8225678503733619
detection,17,bwd_pkt_len_std_max,0.8156811043577529,0.8156811043577529
detection,17,bwd_pkt_len_min_mean,0.8151013089538052,0.8151013089538052
detection,17,byte_count_bwd_max,-0.7791161673583111,0.7791161673583111
detection,17,pkt_payload_size_p95,-0.737403899790726,0.737403899790726
detection,17,active_max_sum,0.7365617302418698,0.7365617302418698
detection,17,bwd_iat_mean_sum,-0.7281370886199374,0.7281370886199374
detection,17,pkt_len_mean_mean,-0.7180165554535108,0.7180165554535108
detection,17,pkt_size_avg_mean,-0.7023589807360714,0.7023589807360714
detection,17,bwd_pkt_len_max_std,0.695921629134837,0.695921629134837
detection,17,byte_count_fwd_std,-0.6954402258828101,0.6954402258828101
detection,17,ece_flag_cnt_sum,0.6778345570376931,0.6778345570376931
detection,17,rst_flag_cnt_sum,0.6770139886408097,0.6770139886408097
detection,17,bwd_pkts_per_sec_std,0.6695971555799828,0.6695971555799828
detection,17,active_mean_sum,-0.6692007604355249,0.6692007604355249
detection,17,duration_sec_std,0.6690342721017983,0.6690342721017983
detection,17,ece_flag_cnt_std,0.6639160673858419,0.6639160673858419
detection,17,window_size_bwd_sum,-0.6625345087655248,0.6625345087655248
detection,17,fwd_iat_mean_std,-0.6560396347339386,0.6560396347339386
detection,17,pkt_len_max_mean,-0.6545234156228271,0.6545234156228271
detection,17,rst_flag_cnt_std,0.6401851167092151,0.6401851167092151
detection,17,subflow_bwd_pkts_std,-0.6348428576795425,0.6348428576795425
detection,17,byte_count_bwd_mean,-0.6302757677599882,0.6302757677599882
detection,17,window_size_bwd_mean,-0.6216288421183256,0.6216288421183256
detection,17,pkt_len_var_sum,0.612171009217738,0.612171009217738
detection,17,fwd_header_len_max,0.6025295590006268,0.6025295590006268
detection,17,urg_flag_cnt_std,0.5962505147086755,0.5962505147086755
detection,17,flow_iat_max_std,-0.5915046077784518,0.5915046077784518
detection,17,bwd_header_len_max,0.5910245772559708,0.5910245772559708
detection,17,pkt_len_std_std,0.5899023275851444,0.5899023275851444
detection,17,fwd_seg_size_min_std,-0.5884744587178934,0.5884744587178934
detection,17,packet_count_bwd_mean,0.5813927658415078,0.5813927658415078
detection,17,active_std_sum,-0.5739869380570292,0.5739869380570292
detection,17,bwd_iat_tot_mean,-0.5696424818496173,0.5696424818496173
detection,17,pkt_frag_df_count,0.5654357071704114,0.5654357071704114
detection,17,bwd_iat_mean_mean,0.5598954388572871,0.5598954388572871
detection,17,pkt_payload_size_p75,-0.5481078033604415,0.5481078033604415
detection,17,packet_count_fwd_mean,0.5439766596653799,0.5439766596653799
detection,17,bwd_pkt_len_mean_sum,0.5322264778380236,0.5322264778380236
detection,17,bwd_seg_size_avg_sum,0.5322264778375551,0.5322264778375551
detection,17,byte_count_bwd_sum,-0.5321225605485895,0.5321225605485895
detection,17,pkt_len_max_std,-0.5274740349834095,0.5274740349834095
detection,17,fwd_pkt_len_max_max,0.5196868251219565,0.5196868251219565
detection,17,psh_flag_cnt_mean,0.5173832059912583,0.5173832059912583
detection,17,bwd_iat_mean_max,-0.5172449955463186,0.5172449955463186
detection,17,down_up_ratio_max,0.4944743196391042,0.4944743196391042
detection,17,ack_flag_cnt_sum,0.4816506752247164,0.4816506752247164
detection,17,psh_flag_cnt_max,-0.4705887275932847,0.4705887275932847
detection,17,flow_iat_std_sum,-0.4587046135127495,0.4587046135127495
detection,17,subflow_bwd_byts_max,0.4551238940168863,0.4551238940168863
detection,17,active_std_mean,-0.4529630415574754,0.4529630415574754
detection,17,idle_min_std,-0.4424768867274413,0.4424768867274413
detection,17,fwd_pkt_len_mean_sum,0.42859499774258,0.42859499774258
detection,17,fwd_seg_size_avg_sum,0.42859499774258,0.42859499774258
detection,17,fwd_pkt_len_std_sum,0.4249962683633618,0.4249962683633618
detection,17,fwd_iat_std_mean,0.4085400079573715,0.4085400079573715
detection,17,fwd_pkts_per_sec_max,-0.4059291028194496,0.4059291028194496
detection,17,idle_max_mean,0.4033084167418584,0.4033084167418584
detection,17,idle_std_mean,0.4011602458730353,0.4011602458730353
detection,17,mask_has_packet_level_features,-0.3940243223863628,0.3940243223863628
detection,17,pkt_ttl_max,-0.3940243223863628,0.3940243223863628
detection,17,active_max_std,0.3931761191052898,0.3931761191052898
detection,17,fwd_pkt_len_max_sum,0.3885996719423562,0.3885996719423562
detection,17,window_size_bwd_max,0.3868610401309115,0.3868610401309115
detection,17,fwd_iat_min_std,-0.3867890196831166,0.3867890196831166
detection,17,pkt_len_mean_sum,0.3850663107582709,0.3850663107582709
detection,17,fwd_iat_std_sum,0.3751346851909351,0.3751346851909351
detection,17,window_size_fwd_mean,0.3717379615818666,0.3717379615818666
detection,17,fwd_iat_max_sum,0.3696170975226346,0.3696170975226346
detection,17,fwd_pkts_per_sec_sum,0.3680582929350228,0.3680582929350228
detection,17,pkt_ttl_std,0.352464196058237,0.352464196058237
detection,17,pkt_len_var_mean,-0.3506477897122672,0.3506477897122672
detection,17,pkt_len_max_max,0.3490837380592593,0.3490837380592593
detection,17,pkt_ttl_mode,0.3488687494291207,0.3488687494291207
detection,17,down_up_ratio_mean,0.3485338708412783,0.3485338708412783
detection,17,fwd_iat_std_std,0.344655732260227,0.344655732260227
detection,17,pkt_size_avg_sum,0.342166998270386,0.342166998270386
detection,17,fwd_iat_min_max,0.3407590514315916,0.3407590514315916
detection,17,active_min_std,-0.3374932460176917,0.3374932460176917
detection,17,packet_count_bwd_max,0.336786233001706,0.336786233001706
detection,17,pkt_size_avg_max,0.3341009989274978,0.3341009989274978
detection,17,down_up_ratio_sum,0.3318399907738327,0.3318399907738327
detection,17,fwd_header_len_std,0.3253084315785979,0.3253084315785979
detection,17,ack_flag_cnt_max,-0.3237826289840215,0.3237826289840215
detection,17,pkt_len_max_sum,0.3215352918086744,0.3215352918086744
detection,17,rst_flag_cnt_max,-0.3191618197298679,0.3191618197298679
detection,17,ece_flag_cnt_max,-0.3191618197298679,0.3191618197298679
detection,17,fwd_pkts_per_sec_mean,0.3162525170408714,0.3162525170408714
detection,17,packets_per_sec_max,-0.3161080356994102,0.3161080356994102
detection,17,cwe_flag_cnt_std,0.3124313646242698,0.3124313646242698
detection,17,fwd_urg_flags_std,0.3124313646242698,0.3124313646242698
detection,17,subflow_fwd_pkts_std,0.3068217598473111,0.3068217598473111
detection,17,pkt_len_min_max,-0.3061868910123924,0.3061868910123924
detection,17,pkt_len_std_sum,0.3057602376471365,0.3057602376471365
detection,17,fwd_iat_mean_max,0.3036634369907178,0.3036634369907178
detection,17,fwd_act_data_pkts_std,0.2977464720021259,0.2977464720021259
detection,17,flow_iat_min_sum,0.2975971577609547,0.2975971577609547
detection,17,packets_per_sec_sum,-0.2892869712333736,0.2892869712333736
detection,17,active_mean_std,-0.2865165852573677,0.2865165852573677
detection,17,fwd_iat_tot_std,0.2843370554031646,0.2843370554031646
detection,17,pkt_len_mean_std,0.2808998664758381,0.2808998664758381
detection,17,fwd_iat_min_sum,0.2806403016901638,0.2806403016901638
detection,17,fwd_iat_max_max,-0.2805520928594864,0.2805520928594864
detection,17,flow_iat_max_mean,-0.2773191421124072,0.2773191421124072
detection,17,active_std_max,0.2766560674142954,0.2766560674142954
detection,17,bwd_pkt_len_min_std,-0.274098926930068,0.274098926930068
detection,17,byte_count_fwd_sum,-0.2738102706598279,0.2738102706598279
detection,17,active_std_std,-0.2701398683573441,0.2701398683573441
detection,17,duration_microsec_max,0.2698577954557867,0.2698577954557867
detection,17,bwd_pkts_per_sec_mean,-0.2673052435412856,0.2673052435412856
detection,17,subflow_bwd_byts_mean,0.2663684816682434,0.2663684816682434
detection,17,fwd_header_len_mean,0.2662782807296195,0.2662782807296195
detection,17,subflow_fwd_pkts_mean,0.2648972662511022,0.2648972662511022
detection,17,fwd_seg_size_min_sum,0.2638165875358257,0.2638165875358257
detection,17,fwd_act_data_pkts_mean,0.2637846082400339,0.2637846082400339
detection,17,duration_sec_sum,-0.2605760345332068,0.2605760345332068
detection,17,idle_mean_std,-0.2605514065172788,0.2605514065172788
detection,17,bwd_iat_tot_max,-0.2578875410182165,0.2578875410182165
detection,17,duration_microsec_std,0.2553842428814233,0.2553842428814233
detection,17,bwd_iat_std_std,0.2543119256274755,0.2543119256274755
detection,17,active_max_mean,-0.2528016818605634,0.2528016818605634
detection,17,fwd_iat_std_max,0.2500948559782196,0.2500948559782196
detection,17,idle_mean_mean,0.2468117320345493,0.2468117320345493
detection,17,fwd_pkt_len_mean_mean,-0.2397113967132492,0.2397113967132492
detection,17,fwd_seg_size_avg_mean,-0.2397113967132492,0.2397113967132492
detection,17,packet_count_fwd_std,-0.2370952753300889,0.2370952753300889
detection,17,flow_iat_std_max,-0.2368528400196735,0.2368528400196735
detection,17,bwd_pkts_per_sec_max,-0.2341550971731228,0.2341550971731228
detection,17,packets_per_sec_mean,-0.2324853556441483,0.2324853556441483
detection,17,subflow_fwd_pkts_max,0.2308733142592769,0.2308733142592769
detection,17,fwd_header_len_sum,0.2283016500123765,0.2283016500123765
detection,17,bwd_pkt_len_min_sum,0.2234367452107862,0.2234367452107862
detection,17,flow_iat_mean_sum,0.2222563597836875,0.2222563597836875
detection,17,bwd_pkt_len_max_sum,0.2212019356126315,0.2212019356126315
detection,17,fwd_pkt_len_std_max,-0.220845098801143,0.220845098801143
detection,17,pkt_len_var_max,0.2193104114916025,0.2193104114916025
detection,17,bwd_pkt_len_mean_std,0.2181584800315608,0.2181584800315608
detection,17,bwd_seg_size_avg_std,0.2181584800143846,0.2181584800143846
detection,17,flow_iat_std_mean,-0.2112682562953579,0.2112682562953579
detection,17,subflow_fwd_byts_mean,0.2082797191736113,0.2082797191736113
detection,17,flow_iat_max_max,0.2076623742358991,0.2076623742358991
detection,17,bytes_per_sec_std,0.2070405445493768,0.2070405445493768
detection,17,idle_max_sum,0.2057376537114885,0.2057376537114885
detection,17,packet_count_bwd_min,-0.2047386709002605,0.2047386709002605
detection,17,bwd_header_len_std,-0.2043529755621491,0.2043529755621491
detection,17,byte_count_fwd_min,0.2014972553158636,0.2014972553158636
detection,17,cwe_flag_cnt_mean,-0.1999402085889947,0.1999402085889947
detection,17,fwd_urg_flags_mean,-0.1999402085889947,0.1999402085889947
detection,17,subflow_fwd_byts_sum,0.1932629707383165,0.1932629707383165
detection,17,flow_iat_max_sum,0.1910832750107215,0.1910832750107215
detection,17,window_size_fwd_max,-0.1898589603842167,0.1898589603842167
detection,17,subflow_bwd_byts_std,-0.1857186106972397,0.1857186106972397
detection,17,active_max_max,0.1853560023237767,0.1853560023237767
detection,17,subflow_bwd_pkts_sum,-0.1837812438692716,0.1837812438692716
detection,17,fin_flag_cnt_max,0.1823624569786093,0.1823624569786093
detection,17,subflow_fwd_pkts_sum,0.1804928678076872,0.1804928678076872
detection,17,bwd_iat_std_sum,0.1799299520958234,0.1799299520958234
detection,17,bwd_pkt_len_max_max,-0.1798681405936115,0.1798681405936115
detection,17,unique_dst_ports_count,0.1763306953053457,0.1763306953053457
detection,17,pkt_ttl_min,-0.176243162294635,0.176243162294635
detection,17,idle_max_max,-0.172239119806663,0.172239119806663
detection,17,fwd_pkt_len_min_mean,-0.1677712862828568,0.1677712862828568
detection,17,subflow_fwd_byts_max,-0.1643314289748,0.1643314289748
detection,17,fwd_pkt_len_max_mean,0.1641691485156596,0.1641691485156596
detection,17,fwd_seg_size_min_min,-0.1633340127028667,0.1633340127028667
detection,17,fwd_pkt_len_min_sum,-0.1631957524663094,0.1631957524663094
detection,17,active_min_sum,0.1631237361669266,0.1631237361669266
detection,17,window_size_fwd_sum,0.1621135382939791,0.1621135382939791
detection,17,bwd_iat_max_mean,-0.1613637730588307,0.1613637730588307
detection,17,fwd_act_data_pkts_sum,0.1612410002302409,0.1612410002302409
detection,17,pkt_len_min_sum,-0.16046028857648,0.16046028857648
detection,17,pkt_payload_size_p50,-0.1594284920181151,0.1594284920181151
detection,17,active_mean_mean,-0.1536102494412355,0.1536102494412355
detection,17,flow_count,0.1510922701676757,0.1510922701676757
detection,17,packets_per_sec_min,-0.1509618485426248,0.1509618485426248
detection,17,pkt_size_avg_std,0.1508006914897754,0.1508006914897754
detection,17,fwd_act_data_pkts_min,0.1462630489194872,0.1462630489194872
detection,17,fwd_iat_mean_mean,-0.1420976487944795,0.1420976487944795
detection,17,bwd_iat_max_sum,-0.1416346579246321,0.1416346579246321
detection,17,fwd_seg_size_min_max,-0.1415430990373424,0.1415430990373424
detection,17,subflow_bwd_pkts_mean,-0.1409521646654462,0.1409521646654462
detection,17,fwd_act_data_pkts_max,0.1376247346007227,0.1376247346007227
detection,17,subflow_bwd_pkts_max,-0.1369590434671309,0.1369590434671309
detection,17,ack_flag_cnt_mean,0.1350458392356646,0.1350458392356646
detection,17,flow_iat_mean_mean,0.1330216253926641,0.1330216253926641
detection,17,duration_sec_max,0.1314818277829879,0.1314818277829879
detection,17,packet_count_fwd_min,0.1284604477683945,0.1284604477683945
detection,17,fwd_iat_max_std,-0.128302997635484,0.128302997635484
detection,17,packet_count_fwd_sum,0.1272684690773013,0.1272684690773013
detection,17,fwd_iat_tot_sum,-0.1268595437194756,0.1268595437194756
detection,17,fwd_psh_flags_std,-0.1266779032934453,0.1266779032934453
detection,17,syn_flag_cnt_std,-0.1266779032934453,0.1266779032934453
detection,17,flow_iat_mean_std,-0.1243820088383074,0.1243820088383074
detection,17,idle_std_std,0.1226376029648873,0.1226376029648873
detection,17,psh_flag_cnt_sum,0.1222724419385226,0.1222724419385226
detection,17,fwd_iat_mean_sum,0.1210312691026633,0.1210312691026633
detection,17,idle_mean_sum,0.1134853648260812,0.1134853648260812
detection,17,fwd_urg_flags_max,0.1132634356764184,0.1132634356764184
detection,17,cwe_flag_cnt_max,0.1132634356764184,0.1132634356764184
detection,17,flow_iat_min_max,0.1125045269739736,0.1125045269739736
detection,17,bwd_iat_tot_std,-0.109419492957394,0.109419492957394
detection,17,active_mean_max,0.1047640084583071,0.1047640084583071
detection,17,fwd_pkts_per_sec_std,0.1023279572572748,0.1023279572572748
detection,17,duration_microsec_sum,-0.093914857293298,0.093914857293298
detection,17,duration_microsec_min,0.0922007589656382,0.0922007589656382
detection,17,fwd_iat_tot_min,0.0910313208413802,0.0910313208413802
detection,17,duration_sec_mean,0.0893000289862167,0.0893000289862167
detection,17,bwd_iat_min_min,-0.0887769776375121,0.0887769776375121
detection,17,fwd_psh_flags_max,0.08792937342693,0.08792937342693
detection,17,syn_flag_cnt_max,0.08792937342693,0.08792937342693
detection,17,bwd_iat_tot_sum,-0.0864803230291094,0.0864803230291094
detection,17,duration_sec_min,0.0830062365794866,0.0830062365794866
detection,17,fwd_iat_min_mean,-0.0805242901595437,0.0805242901595437
detection,17,duration_microsec_mean,0.080141218812649,0.080141218812649
detection,17,idle_std_max,-0.0798058560012552,0.0798058560012552
detection,17,fwd_iat_tot_mean,0.0791964900501225,0.0791964900501225
detection,17,syn_flag_cnt_mean,-0.0786264060076479,0.0786264060076479
detection,17,fwd_psh_flags_mean,-0.0786264060076479,0.0786264060076479
detection,17,fwd_iat_max_mean,0.0781500201594704,0.0781500201594704
detection,17,fwd_psh_flags_sum,-0.077974934235174,0.077974934235174
detection,17,syn_flag_cnt_sum,-0.077974934235174,0.077974934235174
detection,17,packet_count_fwd_max,-0.0777961587782774,0.0777961587782774
detection,17,active_min_mean,0.0768709914616156,0.0768709914616156
detection,17,subflow_bwd_pkts_min,-0.0742066585669057,0.0742066585669057
detection,17,fwd_pkt_len_min_std,0.0731720786884692,0.0731720786884692
detection,17,flow_iat_min_mean,0.073127445255929,0.073127445255929
detection,17,subflow_fwd_pkts_min,0.0682738389918778,0.0682738389918778
detection,17,flow_iat_min_std,0.0673340610911331,0.0673340610911331
detection,17,fin_flag_cnt_std,0.0633293950252326,0.0633293950252326
detection,17,bwd_pkt_len_max_mean,-0.0624065073798974,0.0624065073798974
detection,17,fin_flag_cnt_mean,0.0601796949286255,0.0601796949286255
detection,17,idle_mean_max,-0.0593109964188341,0.0593109964188341
detection,17,idle_min_sum,0.0580522195094822,0.0580522195094822
detection,17,subflow_fwd_byts_std,-0.0580054360172002,0.0580054360172002
detection,17,fwd_seg_size_avg_std,-0.0572355188275959,0.0572355188275959
detection,17,fwd_pkt_len_mean_std,-0.0572355188275959,0.0572355188275959
detection,17,bytes_per_sec_min,0.0572261161929937,0.0572261161929937
detection,17,idle_min_mean,-0.0542515505258186,0.0542515505258186
detection,17,bwd_iat_min_mean,-0.0532522749321366,0.0532522749321366
detection,17,bwd_pkt_len_std_sum,0.0527156725663864,0.0527156725663864
detection,17,byte_count_bwd_min,0.0526550536641334,0.0526550536641334
detection,17,bwd_pkt_len_mean_min,0.0522466397472692,0.0522466397472692
detection,17,bwd_seg_size_avg_min,0.0522466397472692,0.0522466397472692
detection,17,fwd_iat_std_min,-0.0519501761212402,0.0519501761212402
detection,17,cwe_flag_cnt_sum,0.0518768124012627,0.0518768124012627
detection,17,fwd_urg_flags_sum,0.0518768124012627,0.0518768124012627
detection,17,packet_count_bwd_sum,-0.0493106378986366,0.0493106378986366
detection,17,bwd_iat_min_sum,0.0478462308046482,0.0478462308046482
detection,17,flow_iat_std_min,-0.0474813902163409,0.0474813902163409
detection,17,pkt_len_std_min,0.047200512048413,0.047200512048413
detection,17,bwd_iat_mean_min,-0.0464884490567192,0.0464884490567192
detection,17,bwd_pkt_len_max_min,0.0464541586631562,0.0464541586631562
detection,17,subflow_bwd_byts_min,0.0454108410379128,0.0454108410379128
detection,17,fwd_iat_tot_max,0.045068941048749,0.045068941048749
detection,17,bwd_header_len_mean,-0.0448719586832557,0.0448719586832557
detection,17,pkt_len_var_min,0.0445157219848318,0.0445157219848318
detection,17,bwd_pkt_len_std_min,0.043129956226502,0.043129956226502
detection,17,rst_flag_cnt_mean,-0.0425328587297128,0.0425328587297128
detection,17,idle_min_max,-0.0400730264085288,0.0400730264085288
detection,17,idle_std_sum,0.0397236787077605,0.0397236787077605
detection,17,fwd_pkt_len_max_min,-0.0394466770095255,0.0394466770095255
detection,17,fwd_pkt_len_std_min,0.0381381495355726,0.0381381495355726
detection,17,window_size_bwd_min,0.0380890398177982,0.0380890398177982
detection,17,fwd_pkt_len_min_max,-0.0376251412543188,0.0376251412543188
detection,17,idle_std_min,-0.0375772603622143,0.0375772603622143
detection,17,urg_flag_cnt_sum,0.0374989659140545,0.0374989659140545
detection,17,unique_protocols_count,0.0360380811539465,0.0360380811539465
detection,17,bwd_header_len_sum,0.0359265520196869,0.0359265520196869
detection,17,bwd_pkt_len_min_max,-0.0355308436813133,0.0355308436813133
detection,17,idle_min_min,-0.035186088756331,0.035186088756331
detection,17,active_min_max,0.0327467317530287,0.0327467317530287
detection,17,fwd_pkt_len_min_min,0.0323507533452521,0.0323507533452521
detection,17,pkt_len_min_min,0.0317674359094845,0.0317674359094845
detection,17,idle_max_std,0.0315579554515347,0.0315579554515347
detection,17,pkt_payload_size_p25,-0.0304075912614576,0.0304075912614576
detection,17,byte_count_fwd_mean,-0.0301127907644089,0.0301127907644089
detection,17,bwd_iat_std_max,-0.0276480069109357,0.0276480069109357
detection,17,bwd_iat_std_min,0.0238063698876297,0.0238063698876297
detection,17,bwd_iat_tot_min,0.0236143960838051,0.0236143960838051
detection,17,pkt_len_var_std,-0.0232515991893212,0.0232515991893212
detection,17,active_std_min,0.0220196111395113,0.0220196111395113
detection,17,fin_flag_cnt_sum,0.0219907945695568,0.0219907945695568
detection,17,window_size_fwd_min,0.0219280693401098,0.0219280693401098
detection,17,fwd_pkt_len_mean_max,0.0216793039051085,0.0216793039051085
detection,17,fwd_seg_size_avg_max,0.0216793039051085,0.0216793039051085
detection,17,subflow_fwd_byts_min,-0.0208658137394336,0.0208658137394336
detection,17,pkt_len_mean_min,0.0185591748141864,0.0185591748141864
detection,17,pkt_len_max_min,0.0171565190189891,0.0171565190189891
detection,17,down_up_ratio_min,-0.0167018385286779,0.0167018385286779
detection,17,idle_mean_min,-0.0143165197780769,0.0143165197780769
detection,17,fwd_header_len_min,-0.0139244308481085,0.0139244308481085
detection,17,bwd_pkt_len_mean_mean,0.0138857312136587,0.0138857312136587
detection,17,bwd_seg_size_avg_mean,0.0138857312102336,0.0138857312102336
detection,17,flow_iat_min_min,0.0136686743090033,0.0136686743090033
detection,17,active_min_min,-0.0135190562853121,0.0135190562853121
detection,17,flow_iat_mean_max,-0.0119854348883534,0.0119854348883534
detection,17,bwd_pkts_per_sec_min,0.0115446352789974,0.0115446352789974
detection,17,fwd_pkts_per_sec_min,0.0115368501645591,0.0115368501645591
detection,17,packets_per_sec_std,-0.0102947358663302,0.0102947358663302
detection,17,flow_iat_mean_min,0.0082530474091297,0.0082530474091297
detection,17,bwd_header_len_min,-0.0080504438555086,0.0080504438555086
detection,17,active_max_min,0.0080051508465271,0.0080051508465271
detection,17,fwd_psh_flags_min,-0.0077134975349088,0.0077134975349088
detection,17,ack_flag_cnt_min,-0.0077134975349088,0.0077134975349088
detection,17,syn_flag_cnt_min,-0.0077134975349088,0.0077134975349088
detection,17,pkt_size_avg_min,0.0074295169435983,0.0074295169435983
detection,17,fwd_seg_size_avg_min,0.0064487517486801,0.0064487517486801
detection,17,fwd_pkt_len_mean_min,0.0064487517486801,0.0064487517486801
detection,17,psh_flag_cnt_min,-0.0064034182041864,0.0064034182041864
detection,17,pkt_len_min_mean,0.0059992097819719,0.0059992097819719
detection,17,pkt_len_std_max,0.0046954055058361,0.0046954055058361
detection,17,fwd_iat_min_min,-0.0032396558242429,0.0032396558242429
detection,17,fwd_iat_mean_min,0.0028148582676079,0.0028148582676079
detection,17,ece_flag_cnt_mean,-0.0023828101253634,0.0023828101253634
detection,17,psh_flag_cnt_std,-0.0019699654991174,0.0019699654991174
detection,17,idle_max_min,-0.0017957633123952,0.0017957633123952
detection,17,bwd_iat_max_min,-0.0015005823266836,0.0015005823266836
detection,17,fwd_iat_max_min,-0.001242293397546,0.001242293397546
detection,17,flow_iat_max_min,-0.0011718674384172,0.0011718674384172
detection,17,bwd_iat_max_max,0.0002717783544106,0.0002717783544106
detection,17,active_mean_min,0.0001322983270798,0.0001322983270798
detection,17,urg_flag_cnt_min,0.0,0.0
detection,17,fin_flag_cnt_min,0.0,0.0
detection,17,mask_has_tcp_flags,0.0,0.0
detection,17,cwe_flag_cnt_min,0.0,0.0
detection,17,rst_flag_cnt_min,0.0,0.0
detection,17,bwd_urg_flags_max,0.0,0.0
detection,17,pkt_frag_mf_count,0.0,0.0
detection,17,mask_has_graph_topology,0.0,0.0
detection,17,mask_has_traffic_volume_features,0.0,0.0
detection,17,mask_has_flow_timing_features,0.0,0.0
detection,17,bwd_urg_flags_sum,0.0,0.0
detection,17,bwd_psh_flags_std,0.0,0.0
detection,17,bwd_psh_flags_mean,0.0,0.0
detection,17,fwd_urg_flags_min,0.0,0.0
detection,17,bwd_psh_flags_max,0.0,0.0
detection,17,bwd_psh_flags_sum,0.0,0.0
detection,17,bwd_psh_flags_min,0.0,0.0
detection,17,bwd_urg_flags_min,0.0,0.0
detection,17,bwd_urg_flags_mean,0.0,0.0
detection,17,bwd_urg_flags_std,0.0,0.0
detection,17,mask_has_identity_auth,0.0,0.0
detection,17,ece_flag_cnt_min,0.0,0.0
detection,17,bwd_pkt_len_min_min,0.0,0.0
detection,17,bwd_blk_rate_avg_sum,0.0,0.0
detection,17,bwd_blk_rate_avg_std,0.0,0.0
detection,17,bwd_blk_rate_avg_mean,0.0,0.0
detection,17,bwd_blk_rate_avg_min,0.0,0.0
detection,17,bwd_byts_b_avg_mean,0.0,0.0
detection,17,bwd_blk_rate_avg_max,0.0,0.0
detection,17,fwd_byts_b_avg_std,0.0,0.0
detection,17,fwd_byts_b_avg_sum,0.0,0.0
detection,17,fwd_byts_b_avg_min,0.0,0.0
detection,17,fwd_byts_b_avg_max,0.0,0.0
detection,17,fwd_pkts_b_avg_mean,0.0,0.0
detection,17,fwd_pkts_b_avg_std,0.0,0.0
detection,17,fwd_pkts_b_avg_sum,0.0,0.0
detection,17,fwd_byts_b_avg_mean,0.0,0.0
detection,17,fwd_pkts_b_avg_max,0.0,0.0
detection,17,fwd_blk_rate_avg_mean,0.0,0.0
detection,17,fwd_blk_rate_avg_std,0.0,0.0
detection,17,fwd_blk_rate_avg_sum,0.0,0.0
detection,17,fwd_blk_rate_avg_min,0.0,0.0
detection,17,fwd_blk_rate_avg_max,0.0,0.0
detection,17,bwd_pkts_b_avg_min,0.0,0.0
detection,17,bwd_byts_b_avg_std,0.0,0.0
detection,17,bwd_byts_b_avg_sum,0.0,0.0
detection,17,bwd_byts_b_avg_min,0.0,0.0
detection,17,bwd_byts_b_avg_max,0.0,0.0
detection,17,bwd_pkts_b_avg_mean,0.0,0.0
detection,17,bwd_pkts_b_avg_std,0.0,0.0
detection,17,bwd_pkts_b_avg_sum,0.0,0.0
detection,17,bwd_pkts_b_avg_max,0.0,0.0
detection,17,fwd_pkts_b_avg_min,0.0,0.0
detection,18,window_size_bwd_std,1.8791597660456,1.8791597660456
detection,18,fwd_pkt_len_std_mean,1.84942756757536,1.84942756757536
detection,18,byte_count_bwd_std,-1.7301935521160143,1.7301935521160143
detection,18,bwd_pkt_len_std_mean,-1.7051076593061458,1.7051076593061458
detection,18,fwd_pkt_len_max_std,-1.6092897724530657,1.6092897724530657
detection,18,pkt_tcp_retrans_count,1.477123612782122,1.477123612782122
detection,18,pkt_port_scan_seq_score,1.37640562557372,1.37640562557372
detection,18,bytes_per_sec_mean,-1.346193816759212,1.346193816759212
detection,18,byte_count_fwd_max,1.337397465795139,1.337397465795139
detection,18,bwd_iat_std_mean,1.3315642491039603,1.3315642491039603
detection,18,flow_iat_std_std,-1.2914724885196898,1.2914724885196898
detection,18,bytes_per_sec_max,1.2822350470584003,1.2822350470584003
detection,18,down_up_ratio_std,-1.2095832724318851,1.2095832724318851
detection,18,window_size_fwd_std,-1.159383304486956,1.159383304486956
detection,18,packet_count_bwd_std,1.1441383218539176,1.1441383218539176
detection,18,bwd_iat_max_std,-1.1363786776432827,1.1363786776432827
detection,18,pkt_len_std_mean,-1.045280089879322,1.045280089879322
detection,18,bwd_iat_min_std,-1.0207288139202852,1.0207288139202852
detection,18,bwd_iat_mean_std,1.018396091353098,1.018396091353098
detection,18,ack_flag_cnt_std,1.0075764422819238,1.0075764422819238
detection,18,bwd_seg_size_avg_max,0.9982963274103056,0.9982963274103056
detection,18,bwd_pkt_len_mean_max,0.9982963274100728,0.9982963274100728
detection,18,bytes_per_sec_sum,-0.9462680428359904,0.9462680428359904
detection,18,bwd_pkts_per_sec_sum,-0.9455202042073269,0.9455202042073269
detection,18,bwd_pkt_len_std_std,0.943396905328628,0.943396905328628
detection,18,pkt_len_min_std,0.9420037568100652,0.9420037568100652
detection,18,fwd_seg_size_min_mean,0.9378237684889048,0.9378237684889048
detection,18,urg_flag_cnt_mean,-0.9056796595475596,0.9056796595475596
detection,18,pkt_len_mean_max,-0.864464937272723,0.864464937272723
detection,18,bwd_iat_min_max,0.8599383449271641,0.8599383449271641
detection,18,subflow_bwd_byts_sum,-0.8259446800660444,0.8259446800660444
detection,18,urg_flag_cnt_max,0.8242217726004576,0.8242217726004576
detection,18,bwd_pkt_len_min_mean,0.8210306437712042,0.8210306437712042
detection,18,fwd_pkt_len_std_std,0.8187634447891478,0.8187634447891478
detection,18,bwd_pkt_len_std_max,0.8139619377673672,0.8139619377673672
detection,18,byte_count_bwd_max,-0.7746189620506375,0.7746189620506375
detection,18,pkt_payload_size_p95,-0.7503348485838334,0.7503348485838334
detection,18,active_max_sum,0.7438964198306518,0.7438964198306518
detection,18,bwd_iat_mean_sum,-0.7265113574510055,0.7265113574510055
detection,18,pkt_len_mean_mean,-0.7220011287703778,0.7220011287703778
detection,18,pkt_size_avg_mean,-0.7053244584103112,0.7053244584103112
detection,18,byte_count_fwd_std,-0.7016329940803082,0.7016329940803082
detection,18,bwd_pkt_len_max_std,0.6970587993488682,0.6970587993488682
detection,18,ece_flag_cnt_sum,0.6859282292428976,0.6859282292428976
detection,18,rst_flag_cnt_sum,0.6851071211360789,0.6851071211360789
detection,18,duration_sec_std,0.6775508196301797,0.6775508196301797
detection,18,active_mean_sum,-0.6695523779511628,0.6695523779511628
detection,18,ece_flag_cnt_std,0.6655664324844814,0.6655664324844814
detection,18,fwd_iat_mean_std,-0.6646335000248206,0.6646335000248206
detection,18,bwd_pkts_per_sec_std,0.6638279532115218,0.6638279532115218
detection,18,window_size_bwd_sum,-0.6633818833892164,0.6633818833892164
detection,18,pkt_len_max_mean,-0.6477890981503004,0.6477890981503004
detection,18,rst_flag_cnt_std,0.6418991591574661,0.6418991591574661
detection,18,byte_count_bwd_mean,-0.6390272981848172,0.6390272981848172
detection,18,subflow_bwd_pkts_std,-0.6343922515418039,0.6343922515418039
detection,18,window_size_bwd_mean,-0.622463352055945,0.622463352055945
detection,18,pkt_len_var_sum,0.6137929881064046,0.6137929881064046
detection,18,urg_flag_cnt_std,0.6052659844970024,0.6052659844970024
detection,18,fwd_header_len_max,0.6014560291664102,0.6014560291664102
detection,18,fwd_seg_size_min_std,-0.5949717788675217,0.5949717788675217
detection,18,flow_iat_max_std,-0.5930680488324385,0.5930680488324385
detection,18,pkt_len_std_std,0.5897639075726663,0.5897639075726663
detection,18,bwd_header_len_max,0.5879775874268,0.5879775874268
detection,18,packet_count_bwd_mean,0.5858811988929497,0.5858811988929497
detection,18,pkt_frag_df_count,0.5829042171754045,0.5829042171754045
detection,18,bwd_iat_tot_mean,-0.5821501358597978,0.5821501358597978
detection,18,active_std_sum,-0.5775065802737503,0.5775065802737503
detection,18,pkt_payload_size_p75,-0.5546839568539778,0.5546839568539778
detection,18,packet_count_fwd_mean,0.5468010857777909,0.5468010857777909
detection,18,bwd_iat_mean_mean,0.5448252554423095,0.5448252554423095
detection,18,byte_count_bwd_sum,-0.5428788178869376,0.5428788178869376
detection,18,bwd_pkt_len_mean_sum,0.5367523016995857,0.5367523016995857
detection,18,bwd_seg_size_avg_sum,0.5367523016991644,0.5367523016991644
detection,18,psh_flag_cnt_mean,0.5339292265987836,0.5339292265987836
detection,18,pkt_len_max_std,-0.5248923031459397,0.5248923031459397
detection,18,fwd_pkt_len_max_max,0.5238691161901159,0.5238691161901159
detection,18,bwd_iat_mean_max,-0.5025328501333977,0.5025328501333977
detection,18,down_up_ratio_max,0.490222315071429,0.490222315071429
detection,18,ack_flag_cnt_sum,0.476242401190655,0.476242401190655
detection,18,psh_flag_cnt_max,-0.475088258964032,0.475088258964032
detection,18,flow_iat_std_sum,-0.4729747331367376,0.4729747331367376
detection,18,subflow_bwd_byts_max,0.454912778596067,0.454912778596067
detection,18,active_std_mean,-0.4477869890930003,0.4477869890930003
detection,18,idle_min_std,-0.435808323252874,0.435808323252874
detection,18,fwd_seg_size_avg_sum,0.428844990545449,0.428844990545449
detection,18,fwd_pkt_len_mean_sum,0.428844990545449,0.428844990545449
detection,18,fwd_pkt_len_std_sum,0.4250623215447899,0.4250623215447899
detection,18,fwd_iat_std_mean,0.4166998871624307,0.4166998871624307
detection,18,fwd_pkts_per_sec_max,-0.4101643040231192,0.4101643040231192
detection,18,idle_max_mean,0.4048677726213255,0.4048677726213255
detection,18,active_max_std,0.404634072534543,0.404634072534543
detection,18,idle_std_mean,0.3994659424842007,0.3994659424842007
detection,18,pkt_ttl_max,-0.3959480239703613,0.3959480239703613
detection,18,mask_has_packet_level_features,-0.3959480239703613,0.3959480239703613
detection,18,fwd_iat_min_std,-0.3921671992943745,0.3921671992943745
detection,18,fwd_pkt_len_max_sum,0.3907914183070763,0.3907914183070763
detection,18,pkt_len_mean_sum,0.3886437050267446,0.3886437050267446
detection,18,window_size_bwd_max,0.3807402104717597,0.3807402104717597
detection,18,fwd_iat_std_sum,0.3760114988916622,0.3760114988916622
detection,18,window_size_fwd_mean,0.3708422899079511,0.3708422899079511
detection,18,fwd_iat_max_sum,0.3673634946078902,0.3673634946078902
detection,18,pkt_ttl_std,0.3647386310793432,0.3647386310793432
detection,18,pkt_ttl_mode,0.3611093603399521,0.3611093603399521
detection,18,pkt_len_var_mean,-0.3563246022335464,0.3563246022335464
detection,18,fwd_pkts_per_sec_sum,0.3548764653062169,0.3548764653062169
detection,18,down_up_ratio_mean,0.3481105471171773,0.3481105471171773
detection,18,pkt_len_max_max,0.345067860130973,0.345067860130973
detection,18,fwd_iat_std_std,0.3450090369932461,0.3450090369932461
detection,18,pkt_size_avg_sum,0.3448818086374054,0.3448818086374054
detection,18,packet_count_bwd_max,0.3422473436068972,0.3422473436068972
detection,18,fwd_iat_min_max,0.3413421045699742,0.3413421045699742
detection,18,pkt_size_avg_max,0.3382735323674752,0.3382735323674752
detection,18,down_up_ratio_sum,0.3357569710003505,0.3357569710003505
detection,18,active_min_std,-0.3285799927764189,0.3285799927764189
detection,18,fwd_header_len_std,0.3274404145924295,0.3274404145924295
detection,18,ack_flag_cnt_max,-0.3256164038931073,0.3256164038931073
detection,18,pkt_len_max_sum,0.3244720642253502,0.3244720642253502
detection,18,ece_flag_cnt_max,-0.3179527028634266,0.3179527028634266
detection,18,rst_flag_cnt_max,-0.3179527028634266,0.3179527028634266
detection,18,fwd_urg_flags_std,0.3151862184444516,0.3151862184444516
detection,18,cwe_flag_cnt_std,0.3151862184444516,0.3151862184444516
detection,18,active_mean_std,-0.3140640020216585,0.3140640020216585
detection,18,packets_per_sec_max,-0.3114969306639689,0.3114969306639689
detection,18,pkt_len_min_max,-0.3094036210267387,0.3094036210267387
detection,18,subflow_fwd_pkts_std,0.309173386172608,0.309173386172608
detection,18,fwd_pkts_per_sec_mean,0.3073369758766521,0.3073369758766521
detection,18,pkt_len_std_sum,0.3064516324475113,0.3064516324475113
detection,18,fwd_iat_mean_max,0.3025756076531244,0.3025756076531244
detection,18,flow_iat_min_sum,0.3005683287923409,0.3005683287923409
detection,18,fwd_act_data_pkts_std,0.300160969715103,0.300160969715103
detection,18,packets_per_sec_sum,-0.2924040768483364,0.2924040768483364
detection,18,fwd_iat_tot_std,0.2836941716139388,0.2836941716139388
detection,18,fwd_iat_min_sum,0.2822957187057771,0.2822957187057771
detection,18,flow_iat_max_mean,-0.2796306496428548,0.2796306496428548
detection,18,fwd_iat_max_max,-0.2790867687049243,0.2790867687049243
detection,18,byte_count_fwd_sum,-0.2776883638423017,0.2776883638423017
detection,18,active_std_max,0.2767250857312598,0.2767250857312598
detection,18,duration_sec_sum,-0.2738802600068287,0.2738802600068287
detection,18,duration_microsec_max,0.2718242877701299,0.2718242877701299
detection,18,active_std_std,-0.271278159930378,0.271278159930378
detection,18,pkt_len_mean_std,0.2698594052774896,0.2698594052774896
detection,18,bwd_pkt_len_min_std,-0.2683188505487215,0.2683188505487215
detection,18,fwd_header_len_mean,0.2671933113278392,0.2671933113278392
detection,18,subflow_fwd_pkts_mean,0.2657714200264527,0.2657714200264527
detection,18,fwd_act_data_pkts_mean,0.264666693273921,0.264666693273921
detection,18,subflow_bwd_byts_mean,0.2644083422626461,0.2644083422626461
detection,18,fwd_seg_size_min_sum,0.2633107997398538,0.2633107997398538
detection,18,bwd_pkts_per_sec_mean,-0.2580676264588036,0.2580676264588036
detection,18,bwd_iat_tot_max,-0.2579589488317129,0.2579589488317129
detection,18,idle_mean_std,-0.2546251618624823,0.2546251618624823
detection,18,duration_microsec_std,0.2543211816450196,0.2543211816450196
detection,18,packet_count_fwd_std,-0.249673808620191,0.249673808620191
detection,18,active_max_mean,-0.2484451399308266,0.2484451399308266
detection,18,idle_mean_mean,0.2481356716589245,0.2481356716589245
detection,18,fwd_iat_std_max,0.2473485411887684,0.2473485411887684
detection,18,bwd_iat_std_std,0.240301125864207,0.240301125864207
detection,18,fwd_pkt_len_mean_mean,-0.2389334348204696,0.2389334348204696
detection,18,fwd_seg_size_avg_mean,-0.2389334348204696,0.2389334348204696
detection,18,flow_iat_std_max,-0.2351719689481444,0.2351719689481444
detection,18,bwd_pkts_per_sec_max,-0.2342434582790865,0.2342434582790865
detection,18,subflow_fwd_pkts_max,0.2318672367216558,0.2318672367216558
detection,18,bwd_pkt_len_min_sum,0.230757268439299,0.230757268439299
detection,18,fwd_header_len_sum,0.2284482531774628,0.2284482531774628
detection,18,bwd_pkt_len_max_sum,0.2269872492041909,0.2269872492041909
detection,18,packets_per_sec_mean,-0.2256555064360148,0.2256555064360148
detection,18,flow_iat_mean_sum,0.2245325063331206,0.2245325063331206
detection,18,bwd_pkt_len_mean_std,0.2218481574192761,0.2218481574192761
detection,18,bwd_seg_size_avg_std,0.2218481574021061,0.2218481574021061
detection,18,flow_iat_std_mean,-0.2193587796175099,0.2193587796175099
detection,18,bytes_per_sec_std,0.2157807685350985,0.2157807685350985
detection,18,pkt_len_var_max,0.2153737655701795,0.2153737655701795
detection,18,fwd_pkt_len_std_max,-0.2110664503483935,0.2110664503483935
detection,18,subflow_fwd_byts_mean,0.2096048021733538,0.2096048021733538
detection,18,packet_count_bwd_min,-0.2094026129431533,0.2094026129431533
detection,18,flow_iat_max_max,0.2082175179880952,0.2082175179880952
detection,18,byte_count_fwd_min,0.2071034817338311,0.2071034817338311
detection,18,bwd_header_len_std,-0.2061776155654977,0.2061776155654977
detection,18,idle_max_sum,0.2025374756356355,0.2025374756356355
detection,18,fwd_urg_flags_mean,-0.2021517175935619,0.2021517175935619
detection,18,cwe_flag_cnt_mean,-0.2021517175935619,0.2021517175935619
detection,18,active_max_max,0.1991979314103942,0.1991979314103942
detection,18,subflow_fwd_byts_sum,0.1929610899934631,0.1929610899934631
detection,18,flow_iat_max_sum,0.185251824420414,0.185251824420414
detection,18,subflow_bwd_byts_std,-0.1831039288116855,0.1831039288116855
detection,18,subflow_fwd_pkts_sum,0.1799052371205272,0.1799052371205272
detection,18,bwd_pkt_len_max_max,-0.1776268941328785,0.1776268941328785
detection,18,subflow_bwd_pkts_sum,-0.1766120509325567,0.1766120509325567
detection,18,window_size_fwd_max,-0.1753385349909368,0.1753385349909368
detection,18,fin_flag_cnt_max,0.1733524102457856,0.1733524102457856
detection,18,pkt_ttl_min,-0.1725360898594662,0.1725360898594662
detection,18,idle_max_max,-0.1716818676889101,0.1716818676889101
detection,18,unique_dst_ports_count,0.1704059698511528,0.1704059698511528
detection,18,fwd_pkt_len_max_mean,0.1703469552723531,0.1703469552723531
detection,18,fwd_seg_size_min_min,-0.1700080968624653,0.1700080968624653
detection,18,fwd_pkt_len_min_mean,-0.1686041988163978,0.1686041988163978
detection,18,fwd_pkt_len_min_sum,-0.1671570207207542,0.1671570207207542
detection,18,bwd_iat_std_sum,0.1666565131665744,0.1666565131665744
detection,18,active_min_sum,0.165041726471159,0.165041726471159
detection,18,subflow_fwd_byts_max,-0.16484494367664,0.16484494367664
detection,18,pkt_len_min_sum,-0.1610018303313408,0.1610018303313408
detection,18,fwd_act_data_pkts_sum,0.1607004914223908,0.1607004914223908
detection,18,window_size_fwd_sum,0.1603432801412564,0.1603432801412564
detection,18,pkt_size_avg_std,0.158372846372603,0.158372846372603
detection,18,bwd_iat_max_sum,-0.1564886199703291,0.1564886199703291
detection,18,active_mean_mean,-0.1563482564051515,0.1563482564051515
detection,18,pkt_payload_size_p50,-0.1553360952532747,0.1553360952532747
detection,18,packets_per_sec_min,-0.154652131744547,0.154652131744547
detection,18,flow_count,0.1499981233430689,0.1499981233430689
detection,18,fwd_act_data_pkts_min,0.1481060923462572,0.1481060923462572
detection,18,fwd_iat_mean_mean,-0.1430565726997782,0.1430565726997782
detection,18,fwd_seg_size_min_max,-0.1424768699914922,0.1424768699914922
detection,18,subflow_bwd_pkts_max,-0.1398506141827452,0.1398506141827452
detection,18,fwd_act_data_pkts_max,0.1395098063151411,0.1395098063151411
detection,18,subflow_bwd_pkts_mean,-0.1384690073258725,0.1384690073258725
detection,18,ack_flag_cnt_mean,0.1370981054789997,0.1370981054789997
detection,18,bwd_iat_max_mean,-0.1356851534959351,0.1356851534959351
detection,18,duration_sec_max,0.1321667567664754,0.1321667567664754
detection,18,flow_iat_mean_std,-0.1312632442165956,0.1312632442165956
detection,18,packet_count_fwd_min,0.1302288371430382,0.1302288371430382
detection,18,flow_iat_mean_mean,0.1299378456548474,0.1299378456548474
detection,18,fwd_psh_flags_std,-0.1286284500535153,0.1286284500535153
detection,18,syn_flag_cnt_std,-0.1286284500535153,0.1286284500535153
detection,18,fwd_iat_max_std,-0.1269436351416382,0.1269436351416382
detection,18,fwd_iat_mean_sum,0.1241918721370434,0.1241918721370434
detection,18,psh_flag_cnt_sum,0.1216856930168767,0.1216856930168767
detection,18,fwd_iat_tot_sum,-0.1180565927530687,0.1180565927530687
detection,18,packet_count_fwd_sum,0.1170650413404272,0.1170650413404272
detection,18,flow_iat_min_max,0.1160964244608299,0.1160964244608299
detection,18,idle_std_std,0.1146720908558065,0.1146720908558065
detection,18,cwe_flag_cnt_max,0.1130189699919618,0.1130189699919618
detection,18,fwd_urg_flags_max,0.1130189699919618,0.1130189699919618
detection,18,bwd_iat_tot_std,-0.111197758237511,0.111197758237511
detection,18,idle_mean_sum,0.1101925881292023,0.1101925881292023
detection,18,fwd_pkts_per_sec_std,0.1069005331555767,0.1069005331555767
detection,18,duration_microsec_min,0.0925445728531993,0.0925445728531993
detection,18,fwd_iat_tot_min,0.0914185385324495,0.0914185385324495
detection,18,fwd_psh_flags_max,0.0899224183256415,0.0899224183256415
detection,18,syn_flag_cnt_max,0.0899224183256415,0.0899224183256415
detection,18,duration_sec_mean,0.088860254713412,0.088860254713412
detection,18,bwd_iat_min_min,-0.0875024476530449,0.0875024476530449
detection,18,duration_microsec_sum,-0.0874559192264184,0.0874559192264184
detection,18,active_mean_max,0.086957759352837,0.086957759352837
detection,18,fwd_iat_max_mean,0.0867058415856073,0.0867058415856073
detection,18,duration_sec_min,0.0834935964709058,0.0834935964709058
detection,18,fwd_psh_flags_mean,-0.0828844416328783,0.0828844416328783
detection,18,syn_flag_cnt_mean,-0.0828844416328783,0.0828844416328783
detection,18,fwd_pkt_len_min_std,0.0826763959948567,0.0826763959948567
detection,18,fwd_iat_min_mean,-0.0807789706836525,0.0807789706836525
detection,18,idle_std_max,-0.0807688454494079,0.0807688454494079
detection,18,bwd_iat_tot_sum,-0.0803160858998984,0.0803160858998984
detection,18,subflow_bwd_pkts_min,-0.0757620777864177,0.0757620777864177
detection,18,fwd_iat_tot_mean,0.0741393678168471,0.0741393678168471
detection,18,syn_flag_cnt_sum,-0.0730672374263299,0.0730672374263299
detection,18,fwd_psh_flags_sum,-0.0730672374263299,0.0730672374263299
detection,18,flow_iat_min_mean,0.0727802588855767,0.0727802588855767
detection,18,packet_count_fwd_max,-0.0727247671263374,0.0727247671263374
detection,18,duration_microsec_mean,0.0702162955637912,0.0702162955637912
detection,18,active_min_mean,0.0691206452329641,0.0691206452329641
detection,18,subflow_fwd_pkts_min,0.0685831478085209,0.0685831478085209
detection,18,fin_flag_cnt_mean,0.0658051526320925,0.0658051526320925
detection,18,idle_mean_max,-0.0639346920270719,0.0639346920270719
detection,18,flow_iat_min_std,0.0628989241311167,0.0628989241311167
detection,18,bytes_per_sec_min,0.0610234034467536,0.0610234034467536
detection,18,bwd_iat_min_sum,0.0582953999803171,0.0582953999803171
detection,18,packet_count_bwd_sum,-0.0574303770954829,0.0574303770954829
detection,18,bwd_pkt_len_max_mean,-0.0567842831480719,0.0567842831480719
detection,18,fwd_pkt_len_mean_std,-0.0564895467022268,0.0564895467022268
detection,18,fwd_seg_size_avg_std,-0.0564895467022268,0.0564895467022268
detection,18,bwd_iat_min_mean,-0.056317594837783,0.056317594837783
detection,18,subflow_fwd_byts_std,-0.0555871808737983,0.0555871808737983
detection,18,idle_min_sum,0.0550967862004711,0.0550967862004711
detection,18,rst_flag_cnt_mean,-0.0538844008686273,0.0538844008686273
detection,18,fin_flag_cnt_std,0.0535572229582392,0.0535572229582392
detection,18,byte_count_bwd_min,0.0529799570847589,0.0529799570847589
detection,18,bwd_pkt_len_std_sum,0.0528545287518327,0.0528545287518327
detection,18,bwd_seg_size_avg_min,0.0522810115738222,0.0522810115738222
detection,18,bwd_pkt_len_mean_min,0.0522810115738222,0.0522810115738222
detection,18,fwd_iat_std_min,-0.0521141654158069,0.0521141654158069
detection,18,fwd_urg_flags_sum,0.0511106213021633,0.0511106213021633
detection,18,cwe_flag_cnt_sum,0.0511106213021633,0.0511106213021633
detection,18,bwd_header_len_sum,0.0500209493917871,0.0500209493917871
detection,18,idle_min_mean,-0.0495676183436058,0.0495676183436058
detection,18,pkt_len_std_min,0.0477506126417525,0.0477506126417525
detection,18,fwd_iat_tot_max,0.0476086219737309,0.0476086219737309
detection,18,flow_iat_std_min,-0.0473828069730913,0.0473828069730913
detection,18,bwd_pkt_len_max_min,0.0470686682080501,0.0470686682080501
detection,18,subflow_bwd_byts_min,0.0461125840547483,0.0461125840547483
detection,18,pkt_len_var_min,0.0451017523294732,0.0451017523294732
detection,18,bwd_iat_mean_min,-0.044894755637876,0.044894755637876
detection,18,idle_min_max,-0.0437971346927648,0.0437971346927648
detection,18,bwd_pkt_len_std_min,0.043630399808749,0.043630399808749
detection,18,active_min_max,0.0421600131145685,0.0421600131145685
detection,18,idle_std_sum,0.0410458372932175,0.0410458372932175
detection,18,fwd_pkt_len_max_min,-0.0399844479090386,0.0399844479090386
detection,18,fwd_pkt_len_std_min,0.0391238223286328,0.0391238223286328
detection,18,window_size_bwd_min,0.0390573058914142,0.0390573058914142
detection,18,unique_protocols_count,0.0387125581825709,0.0387125581825709
detection,18,bwd_header_len_mean,-0.0381765535014126,0.0381765535014126
detection,18,idle_min_min,-0.0379903564280812,0.0379903564280812
detection,18,urg_flag_cnt_sum,0.0374818240931057,0.0374818240931057
detection,18,idle_max_std,0.0373039008724526,0.0373039008724526
detection,18,idle_std_min,-0.0368844908513118,0.0368844908513118
detection,18,fwd_pkt_len_min_max,-0.0367017489146855,0.0367017489146855
detection,18,fwd_pkt_len_min_min,0.0339754064974657,0.0339754064974657
detection,18,bwd_pkt_len_min_max,-0.0334184126643447,0.0334184126643447
detection,18,pkt_len_min_min,0.0333905223409309,0.0333905223409309
detection,18,bwd_iat_std_max,-0.030509110501058,0.030509110501058
detection,18,pkt_len_var_std,-0.0279237780764796,0.0279237780764796
detection,18,bwd_iat_std_min,0.0249785760816552,0.0249785760816552
detection,18,fin_flag_cnt_sum,0.024943846156069,0.024943846156069
detection,18,bwd_iat_tot_min,0.0248174989665935,0.0248174989665935
detection,18,pkt_payload_size_p25,-0.023603611152301,0.023603611152301
detection,18,window_size_fwd_min,0.0228030685321845,0.0228030685321845
detection,18,fwd_seg_size_avg_max,0.0223081874311008,0.0223081874311008
detection,18,fwd_pkt_len_mean_max,0.0223081874311008,0.0223081874311008
detection,18,active_std_min,0.0220866695282794,0.0220866695282794
detection,18,subflow_fwd_byts_min,-0.0202728169153377,0.0202728169153377
detection,18,pkt_len_mean_min,0.0192178869784971,0.0192178869784971
detection,18,byte_count_fwd_mean,-0.0185134378667244,0.0185134378667244
detection,18,pkt_len_max_min,0.0164290841384244,0.0164290841384244
detection,18,idle_mean_min,-0.0159309961537162,0.0159309961537162
detection,18,fwd_header_len_min,-0.0155446724307024,0.0155446724307024
detection,18,down_up_ratio_min,-0.0151963451552805,0.0151963451552805
detection,18,ece_flag_cnt_mean,-0.0138152545430795,0.0138152545430795
detection,18,flow_iat_min_min,0.0135857901617211,0.0135857901617211
detection,18,bwd_pkt_len_mean_mean,0.0132592227941837,0.0132592227941837
detection,18,bwd_seg_size_avg_mean,0.0132592227907556,0.0132592227907556
detection,18,active_min_min,-0.0126655625916196,0.0126655625916196
detection,18,bwd_pkts_per_sec_min,0.0124182096293916,0.0124182096293916
detection,18,fwd_pkts_per_sec_min,0.0124149778135952,0.0124149778135952
detection,18,flow_iat_mean_max,-0.0121718427333052,0.0121718427333052
detection,18,active_max_min,0.0082881020990613,0.0082881020990613
detection,18,pkt_size_avg_min,0.0080669483557499,0.0080669483557499
detection,18,bwd_header_len_min,-0.0080424039450077,0.0080424039450077
detection,18,flow_iat_mean_min,0.0080164376024348,0.0080164376024348
detection,18,fwd_seg_size_avg_min,0.0079458226486648,0.0079458226486648
detection,18,fwd_pkt_len_mean_min,0.0079458226486648,0.0079458226486648
detection,18,fwd_psh_flags_min,-0.0071039809763197,0.0071039809763197
detection,18,ack_flag_cnt_min,-0.0071039809763197,0.0071039809763197
detection,18,syn_flag_cnt_min,-0.0071039809763197,0.0071039809763197
detection,18,psh_flag_cnt_min,-0.0053059581608032,0.0053059581608032
detection,18,bwd_iat_max_max,0.004375980968618,0.004375980968618
detection,18,pkt_len_min_mean,0.0042236260141571,0.0042236260141571
detection,18,pkt_len_std_max,-0.0039518955753858,0.0039518955753858
detection,18,fwd_iat_min_min,-0.0028811371835546,0.0028811371835546
detection,18,idle_max_min,-0.0027360905270892,0.0027360905270892
detection,18,fwd_iat_mean_min,0.0024947128380533,0.0024947128380533
detection,18,fwd_iat_max_min,-0.0020789931679419,0.0020789931679419
detection,18,flow_iat_max_min,-0.0020156288181145,0.0020156288181145
detection,18,packets_per_sec_std,-0.0018676218771499,0.0018676218771499
detection,18,psh_flag_cnt_std,0.0015236227568543,0.0015236227568543
detection,18,active_mean_min,0.0006171301007909,0.0006171301007909
detection,18,bwd_iat_max_min,-6.6820153796515874e-06,6.6820153796515874e-06
detection,18,urg_flag_cnt_min,0.0,0.0
detection,18,fin_flag_cnt_min,0.0,0.0
detection,18,mask_has_tcp_flags,0.0,0.0
detection,18,cwe_flag_cnt_min,0.0,0.0
detection,18,rst_flag_cnt_min,0.0,0.0
detection,18,bwd_urg_flags_max,0.0,0.0
detection,18,pkt_frag_mf_count,0.0,0.0
detection,18,mask_has_graph_topology,0.0,0.0
detection,18,mask_has_traffic_volume_features,0.0,0.0
detection,18,mask_has_flow_timing_features,0.0,0.0
detection,18,bwd_urg_flags_min,0.0,0.0
detection,18,bwd_psh_flags_std,0.0,0.0
detection,18,bwd_psh_flags_mean,0.0,0.0
detection,18,fwd_urg_flags_min,0.0,0.0
detection,18,bwd_psh_flags_sum,0.0,0.0
detection,18,bwd_psh_flags_min,0.0,0.0
detection,18,bwd_psh_flags_max,0.0,0.0
detection,18,bwd_urg_flags_mean,0.0,0.0
detection,18,bwd_urg_flags_std,0.0,0.0
detection,18,bwd_urg_flags_sum,0.0,0.0
detection,18,mask_has_identity_auth,0.0,0.0
detection,18,ece_flag_cnt_min,0.0,0.0
detection,18,bwd_pkt_len_min_min,0.0,0.0
detection,18,bwd_blk_rate_avg_min,0.0,0.0
detection,18,bwd_blk_rate_avg_sum,0.0,0.0
detection,18,bwd_blk_rate_avg_std,0.0,0.0
detection,18,bwd_byts_b_avg_mean,0.0,0.0
detection,18,fwd_byts_b_avg_mean,0.0,0.0
detection,18,bwd_blk_rate_avg_max,0.0,0.0
detection,18,fwd_byts_b_avg_sum,0.0,0.0
detection,18,fwd_byts_b_avg_min,0.0,0.0
detection,18,fwd_byts_b_avg_max,0.0,0.0
detection,18,fwd_pkts_b_avg_mean,0.0,0.0
detection,18,fwd_pkts_b_avg_std,0.0,0.0
detection,18,fwd_pkts_b_avg_sum,0.0,0.0
detection,18,fwd_pkts_b_avg_min,0.0,0.0
detection,18,fwd_byts_b_avg_std,0.0,0.0
detection,18,fwd_blk_rate_avg_mean,0.0,0.0
detection,18,fwd_blk_rate_avg_std,0.0,0.0
detection,18,fwd_blk_rate_avg_sum,0.0,0.0
detection,18,fwd_blk_rate_avg_min,0.0,0.0
detection,18,fwd_blk_rate_avg_max,0.0,0.0
detection,18,bwd_pkts_b_avg_min,0.0,0.0
detection,18,bwd_byts_b_avg_std,0.0,0.0
detection,18,bwd_byts_b_avg_sum,0.0,0.0
detection,18,bwd_byts_b_avg_min,0.0,0.0
detection,18,bwd_byts_b_avg_max,0.0,0.0
detection,18,bwd_pkts_b_avg_mean,0.0,0.0
detection,18,bwd_pkts_b_avg_std,0.0,0.0
detection,18,bwd_pkts_b_avg_sum,0.0,0.0
detection,18,bwd_blk_rate_avg_mean,0.0,0.0
detection,18,bwd_pkts_b_avg_max,0.0,0.0
detection,18,fwd_pkts_b_avg_max,0.0,0.0
detection,19,fwd_pkt_len_std_mean,1.799301509067272,1.799301509067272
detection,19,bwd_pkt_len_std_mean,-1.7321944639858218,1.7321944639858218
detection,19,window_size_bwd_std,1.709222642434123,1.709222642434123
detection,19,byte_count_bwd_std,-1.6494058853578937,1.6494058853578937
detection,19,fwd_pkt_len_max_std,-1.5987365285489197,1.5987365285489197
detection,19,pkt_tcp_retrans_count,1.4623147537530712,1.4623147537530712
detection,19,pkt_port_scan_seq_score,1.3650375902297505,1.3650375902297505
detection,19,bwd_iat_std_mean,1.3320957092191406,1.3320957092191406
detection,19,packet_count_bwd_std,1.2595423665524026,1.2595423665524026
detection,19,byte_count_fwd_max,1.2471983204109074,1.2471983204109074
detection,19,down_up_ratio_std,-1.2402164201611008,1.2402164201611008
detection,19,bytes_per_sec_mean,-1.225780490852116,1.225780490852116
detection,19,flow_iat_std_std,-1.1968979677717568,1.1968979677717568
detection,19,bytes_per_sec_max,1.176316873523874,1.176316873523874
detection,19,window_size_fwd_std,-1.125035435341185,1.125035435341185
detection,19,bwd_iat_max_std,-1.122568328544132,1.122568328544132
detection,19,pkt_len_std_mean,-1.0957280905507631,1.0957280905507631
detection,19,bwd_iat_mean_std,1.0398453838231805,1.0398453838231805
detection,19,bwd_pkt_len_min_mean,1.0366332371787552,1.0366332371787552
detection,19,bwd_iat_min_std,-1.0347009660947355,1.0347009660947355
detection,19,ack_flag_cnt_std,0.9891271039271669,0.9891271039271669
detection,19,bwd_pkts_per_sec_sum,-0.971925712941225,0.971925712941225
detection,19,urg_flag_cnt_mean,-0.963979501952745,0.963979501952745
detection,19,bwd_pkt_len_std_std,0.9573313068564632,0.9573313068564632
detection,19,pkt_len_min_std,0.947522547878992,0.947522547878992
detection,19,fwd_seg_size_min_mean,0.9342320404578124,0.9342320404578124
detection,19,subflow_bwd_byts_sum,-0.9236720466025796,0.9236720466025796
detection,19,bwd_seg_size_avg_max,0.910416910504796,0.910416910504796
detection,19,bwd_pkt_len_mean_max,0.910416910504558,0.910416910504558
detection,19,bwd_iat_min_max,0.8565940035710424,0.8565940035710424
detection,19,bytes_per_sec_sum,-0.8529137498079454,0.8529137498079454
detection,19,fwd_header_len_mean,0.8325516675055913,0.8325516675055913
detection,19,fwd_pkt_len_std_std,0.8066050647696533,0.8066050647696533
detection,19,pkt_len_mean_max,-0.8040359369876958,0.8040359369876958
detection,19,pkt_payload_size_p95,-0.780447798956509,0.780447798956509
detection,19,pkt_len_max_std,-0.7529628623183602,0.7529628623183602
detection,19,bwd_pkts_per_sec_std,0.7390569270412515,0.7390569270412515
detection,19,pkt_len_mean_mean,-0.7377461142058434,0.7377461142058434
detection,19,active_max_sum,0.7364144305048589,0.7364144305048589
detection,19,bwd_pkt_len_max_std,0.7339740707589584,0.7339740707589584
detection,19,duration_sec_std,0.7188358776710002,0.7188358776710002
detection,19,bwd_iat_mean_sum,-0.7087511769449275,0.7087511769449275
detection,19,pkt_size_avg_mean,-0.6912841974999127,0.6912841974999127
detection,19,window_size_bwd_mean,-0.6868200734089441,0.6868200734089441
detection,19,fwd_iat_mean_std,-0.684640211950759,0.684640211950759
detection,19,packet_count_bwd_mean,0.680411193128617,0.680411193128617
detection,19,byte_count_bwd_max,-0.6729869585829513,0.6729869585829513
detection,19,urg_flag_cnt_max,0.6706893389915246,0.6706893389915246
detection,19,active_mean_sum,-0.6633762554535844,0.6633762554535844
detection,19,window_size_bwd_sum,-0.6630321738154527,0.6630321738154527
detection,19,bwd_pkt_len_std_max,0.6627986608070576,0.6627986608070576
detection,19,ece_flag_cnt_sum,0.6606682959503031,0.6606682959503031
detection,19,rst_flag_cnt_sum,0.6598456260559483,0.6598456260559483
detection,19,pkt_len_std_std,0.6405938568631334,0.6405938568631334
detection,19,bwd_iat_tot_mean,-0.6241608955405908,0.6241608955405908
detection,19,byte_count_bwd_mean,-0.6220830947239913,0.6220830947239913
detection,19,byte_count_fwd_std,-0.6194377407071221,0.6194377407071221
detection,19,ece_flag_cnt_std,0.6190564273756202,0.6190564273756202
detection,19,psh_flag_cnt_mean,0.6132421561932786,0.6132421561932786
detection,19,fwd_header_len_sum,0.6043670246518278,0.6043670246518278
detection,19,rst_flag_cnt_std,0.5930726968459671,0.5930726968459671
detection,19,pkt_len_var_sum,0.5864589589735486,0.5864589589735486
detection,19,flow_iat_max_std,-0.5802024550678456,0.5802024550678456
detection,19,urg_flag_cnt_std,0.5727441353671576,0.5727441353671576
detection,19,pkt_payload_size_p75,-0.5722066105998561,0.5722066105998561
detection,19,active_std_sum,-0.5662336094316213,0.5662336094316213
detection,19,window_size_bwd_max,0.5578946070406952,0.5578946070406952
detection,19,pkt_frag_df_count,0.5533268060119678,0.5533268060119678
detection,19,fwd_seg_size_min_std,-0.5489746996748123,0.5489746996748123
detection,19,subflow_fwd_byts_mean,-0.5469861561381185,0.5469861561381185
detection,19,pkt_len_max_mean,-0.5256201642158784,0.5256201642158784
detection,19,bwd_iat_mean_max,-0.5230449867510938,0.5230449867510938
detection,19,bwd_pkt_len_mean_sum,0.5189636804991103,0.5189636804991103
detection,19,bwd_seg_size_avg_sum,0.5189636804985934,0.5189636804985934
detection,19,fwd_pkt_len_max_max,0.5140474289684867,0.5140474289684867
detection,19,idle_std_mean,0.5030398100538551,0.5030398100538551
detection,19,bwd_iat_mean_mean,0.4997354206978107,0.4997354206978107
detection,19,subflow_bwd_byts_max,0.4922841683051516,0.4922841683051516
detection,19,fwd_iat_std_mean,0.4859165336368153,0.4859165336368153
detection,19,flow_iat_std_sum,-0.4830091373971963,0.4830091373971963
detection,19,byte_count_bwd_sum,-0.4814141541602331,0.4814141541602331
detection,19,subflow_fwd_byts_sum,0.4764807834908844,0.4764807834908844
detection,19,subflow_fwd_pkts_sum,0.4740078965728988,0.4740078965728988
detection,19,ack_flag_cnt_sum,0.4720020385306914,0.4720020385306914
detection,19,down_up_ratio_max,0.4679848398244475,0.4679848398244475
detection,19,active_std_mean,-0.4574412902883829,0.4574412902883829
detection,19,idle_max_mean,0.4568939310777058,0.4568939310777058
detection,19,active_max_std,0.4331139222511534,0.4331139222511534
detection,19,window_size_fwd_mean,0.4323263213547167,0.4323263213547167
detection,19,idle_min_std,-0.4181961448898954,0.4181961448898954
detection,19,bwd_header_len_max,0.4146683347245262,0.4146683347245262
detection,19,fwd_iat_min_std,-0.4076502708009303,0.4076502708009303
detection,19,pkt_ttl_max,-0.4043742369349534,0.4043742369349534
detection,19,mask_has_packet_level_features,-0.4043742369349534,0.4043742369349534
detection,19,fwd_pkt_len_std_sum,0.4031598088356787,0.4031598088356787
detection,19,down_up_ratio_mean,0.3979469965647317,0.3979469965647317
detection,19,fwd_pkt_len_mean_sum,0.3950711735041589,0.3950711735041589
detection,19,fwd_seg_size_avg_sum,0.3950711735041589,0.3950711735041589
detection,19,pkt_len_var_mean,-0.3863303682053425,0.3863303682053425
detection,19,down_up_ratio_sum,0.3822489243378453,0.3822489243378453
detection,19,fwd_iat_tot_std,0.3817755327845137,0.3817755327845137
detection,19,fwd_iat_std_sum,0.3808088415182695,0.3808088415182695
detection,19,bwd_header_len_std,-0.3802668831547059,0.3802668831547059
detection,19,pkt_ttl_std,0.3783672510320228,0.3783672510320228
detection,19,pkt_len_mean_sum,0.3748843746850532,0.3748843746850532
detection,19,pkt_ttl_mode,0.3747280550906176,0.3747280550906176
detection,19,fwd_pkts_per_sec_max,-0.3702755763155825,0.3702755763155825
detection,19,fwd_pkt_len_max_sum,0.3683252859168848,0.3683252859168848
detection,19,pkt_len_max_max,0.3664215263424101,0.3664215263424101
detection,19,fwd_pkts_per_sec_sum,0.3663542525233271,0.3663542525233271
detection,19,subflow_bwd_pkts_std,-0.3643327095916318,0.3643327095916318
detection,19,bwd_pkt_len_min_std,-0.3590167387256735,0.3590167387256735
detection,19,duration_microsec_std,0.3539485666159613,0.3539485666159613
detection,19,pkt_len_mean_std,0.3520530333259422,0.3520530333259422
detection,19,fwd_iat_max_sum,0.3463815876582832,0.3463815876582832
detection,19,pkt_len_min_max,-0.3402364163883945,0.3402364163883945
detection,19,pkt_size_avg_sum,0.3369087189486879,0.3369087189486879
detection,19,fwd_pkts_per_sec_mean,0.3350041541447469,0.3350041541447469
detection,19,packets_per_sec_max,-0.3325457459718262,0.3325457459718262
detection,19,packet_count_bwd_max,0.3318810456833658,0.3318810456833658
detection,19,active_min_std,-0.3236505484817589,0.3236505484817589
detection,19,fwd_iat_std_std,0.3213007965857847,0.3213007965857847
detection,19,fwd_urg_flags_std,0.318881450739164,0.318881450739164
detection,19,cwe_flag_cnt_std,0.318881450739164,0.318881450739164
detection,19,packet_count_fwd_std,-0.3157081586773469,0.3157081586773469
detection,19,pkt_len_max_sum,0.3146007592926028,0.3146007592926028
detection,19,flow_iat_min_sum,0.3103597346446874,0.3103597346446874
detection,19,fwd_iat_min_max,0.3088726278491042,0.3088726278491042
detection,19,pkt_size_avg_max,0.3076959831049166,0.3076959831049166
detection,19,fwd_act_data_pkts_max,-0.3059652890098262,0.3059652890098262
detection,19,flow_iat_max_mean,-0.2987672009084935,0.2987672009084935
detection,19,pkt_len_std_sum,0.2970085357334109,0.2970085357334109
detection,19,active_mean_std,-0.2968820454098571,0.2968820454098571
detection,19,fwd_iat_max_max,-0.2896786476388393,0.2896786476388393
detection,19,fwd_iat_min_sum,0.2833098393573653,0.2833098393573653
detection,19,subflow_bwd_pkts_sum,-0.2782334898332551,0.2782334898332551
detection,19,packets_per_sec_sum,-0.2749163426118889,0.2749163426118889
detection,19,duration_sec_sum,-0.2740968810796302,0.2740968810796302
detection,19,active_max_mean,-0.2724461208889331,0.2724461208889331
detection,19,duration_microsec_max,0.2720997470666043,0.2720997470666043
detection,19,fwd_iat_mean_max,0.2719791912800278,0.2719791912800278
detection,19,active_std_max,0.2715665027866261,0.2715665027866261
detection,19,fwd_act_data_pkts_mean,-0.2661704007432374,0.2661704007432374
detection,19,idle_mean_mean,0.264801482608324,0.264801482608324
detection,19,subflow_bwd_byts_std,-0.2625695802616778,0.2625695802616778
detection,19,bwd_pkts_per_sec_max,-0.2623911088389059,0.2623911088389059
detection,19,bwd_iat_tot_max,-0.2618961227792239,0.2618961227792239
detection,19,active_std_std,-0.2618154071668668,0.2618154071668668
detection,19,fwd_pkt_len_mean_mean,-0.2562395836533176,0.2562395836533176
detection,19,fwd_seg_size_avg_mean,-0.2562395836533176,0.2562395836533176
detection,19,fwd_seg_size_min_sum,0.2549868951755317,0.2549868951755317
detection,19,subflow_fwd_pkts_mean,0.2532285019639979,0.2532285019639979
detection,19,bwd_pkts_per_sec_mean,-0.2520046253744496,0.2520046253744496
detection,19,packets_per_sec_mean,-0.2483171373796294,0.2483171373796294
detection,19,pkt_len_var_max,0.2477167471953036,0.2477167471953036
detection,19,packets_per_sec_min,-0.2404472978564055,0.2404472978564055
detection,19,flow_iat_max_max,0.2352897259460322,0.2352897259460322
detection,19,flow_iat_mean_sum,0.2344333900282318,0.2344333900282318
detection,19,fwd_iat_std_max,0.233414333023628,0.233414333023628
detection,19,flow_iat_std_mean,-0.2297746721273549,0.2297746721273549
detection,19,idle_mean_std,-0.2275635745565322,0.2275635745565322
detection,19,bwd_pkt_len_max_sum,0.2239904185667904,0.2239904185667904
detection,19,fwd_pkt_len_std_max,-0.2236238350366858,0.2236238350366858
detection,19,duration_sec_max,0.2201771535448446,0.2201771535448446
detection,19,byte_count_fwd_sum,-0.2183651812526259,0.2183651812526259
detection,19,flow_iat_std_max,-0.2160091986627423,0.2160091986627423
detection,19,fwd_header_len_max,0.2088000029585285,0.2088000029585285
detection,19,fwd_urg_flags_mean,-0.2050156604322545,0.2050156604322545
detection,19,cwe_flag_cnt_mean,-0.2050156604322545,0.2050156604322545
detection,19,active_mean_mean,-0.1976988959110157,0.1976988959110157
detection,19,bwd_iat_std_std,0.1954554984392787,0.1954554984392787
detection,19,packet_count_fwd_sum,-0.1867280968970378,0.1867280968970378
detection,19,bwd_iat_std_sum,0.1858178891826951,0.1858178891826951
detection,19,fwd_pkt_len_max_mean,0.1847269595952697,0.1847269595952697
detection,19,window_size_fwd_max,-0.1837728414856861,0.1837728414856861
detection,19,flow_iat_max_sum,0.183264928777503,0.183264928777503
detection,19,idle_max_sum,0.1779077925564536,0.1779077925564536
detection,19,bytes_per_sec_std,0.1767251558583316,0.1767251558583316
detection,19,idle_max_max,-0.1753583524882019,0.1753583524882019
detection,19,active_max_max,0.1725112173492979,0.1725112173492979
detection,19,pkt_ttl_min,-0.170480976648485,0.170480976648485
detection,19,window_size_fwd_sum,0.1703442883558503,0.1703442883558503
detection,19,pkt_size_avg_std,0.1671946151738781,0.1671946151738781
detection,19,fin_flag_cnt_max,0.1662235362187302,0.1662235362187302
detection,19,bwd_iat_tot_sum,-0.1633154178328814,0.1633154178328814
detection,19,bwd_header_len_mean,-0.162568374896798,0.162568374896798
detection,19,unique_protocols_count,0.1622466333386822,0.1622466333386822
detection,19,subflow_fwd_byts_std,0.1607142279190775,0.1607142279190775
detection,19,bwd_pkt_len_max_max,-0.1605522324820084,0.1605522324820084
detection,19,fwd_seg_size_min_min,-0.160046830718238,0.160046830718238
detection,19,active_min_sum,0.1597856272025025,0.1597856272025025
detection,19,subflow_fwd_pkts_std,-0.1541067077118314,0.1541067077118314
detection,19,bwd_header_len_sum,-0.1535492977551106,0.1535492977551106
detection,19,bwd_iat_max_sum,-0.1533010403229348,0.1533010403229348
detection,19,pkt_len_min_sum,-0.153207584775988,0.153207584775988
detection,19,bwd_pkt_len_min_sum,0.1531901892628488,0.1531901892628488
detection,19,pkt_payload_size_p50,-0.1526018445994409,0.1526018445994409
detection,19,packet_count_bwd_min,-0.151926946083813,0.151926946083813
detection,19,fwd_iat_mean_mean,-0.1474459293502038,0.1474459293502038
detection,19,fwd_pkts_per_sec_std,0.1465872361929725,0.1465872361929725
detection,19,flow_iat_mean_std,-0.1464232762556083,0.1464232762556083
detection,19,subflow_bwd_pkts_max,0.1463627586106913,0.1463627586106913
detection,19,flow_count,0.1450771140956451,0.1450771140956451
detection,19,flow_iat_mean_mean,0.1410948453633141,0.1410948453633141
detection,19,fwd_pkt_len_min_mean,-0.1407510055369416,0.1407510055369416
detection,19,fwd_iat_max_std,-0.140655336269598,0.140655336269598
detection,19,fwd_psh_flags_std,-0.1390036310563886,0.1390036310563886
detection,19,syn_flag_cnt_std,-0.1390036310563886,0.1390036310563886
detection,19,fwd_pkt_len_min_sum,-0.1386579896836252,0.1386579896836252
detection,19,subflow_fwd_byts_max,0.1376879416468803,0.1376879416468803
detection,19,packet_count_bwd_sum,0.136513901038364,0.136513901038364
detection,19,bwd_iat_max_mean,-0.1361018689988666,0.1361018689988666
detection,19,ack_flag_cnt_mean,0.1330962782755845,0.1330962782755845
detection,19,subflow_fwd_pkts_max,-0.1330609676763527,0.1330609676763527
detection,19,bwd_pkt_len_mean_mean,0.1327409922355397,0.1327409922355397
detection,19,bwd_seg_size_avg_mean,0.1327409922316819,0.1327409922316819
detection,19,ece_flag_cnt_max,-0.1315581066960369,0.1315581066960369
detection,19,rst_flag_cnt_max,-0.1315581066960369,0.1315581066960369
detection,19,ack_flag_cnt_max,-0.1288516160729325,0.1288516160729325
detection,19,fwd_iat_mean_sum,0.1284559721280302,0.1284559721280302
detection,19,fwd_iat_tot_sum,-0.1267039750254442,0.1267039750254442
detection,19,fwd_seg_size_min_max,-0.126199814421459,0.126199814421459
detection,19,flow_iat_min_max,0.1199767425299896,0.1199767425299896
detection,19,bwd_iat_tot_std,-0.1196810318044962,0.1196810318044962
detection,19,cwe_flag_cnt_max,0.1112663689462332,0.1112663689462332
detection,19,fwd_urg_flags_max,0.1112663689462332,0.1112663689462332
detection,19,psh_flag_cnt_sum,0.1093188923264165,0.1093188923264165
detection,19,active_mean_max,0.1028612322610207,0.1028612322610207
detection,19,bwd_pkt_len_max_mean,0.1019876002064255,0.1019876002064255
detection,19,psh_flag_cnt_std,0.0993846257386488,0.0993846257386488
detection,19,unique_dst_ports_count,0.0976710634712621,0.0976710634712621
detection,19,bwd_iat_min_sum,0.0964159249476025,0.0964159249476025
detection,19,bwd_pkt_len_mean_std,0.0924849302562609,0.0924849302562609
detection,19,bwd_seg_size_avg_std,0.0924849302371729,0.0924849302371729
detection,19,bwd_iat_min_mean,-0.0906472057739651,0.0906472057739651
detection,19,fin_flag_cnt_mean,0.0887218575403486,0.0887218575403486
detection,19,idle_mean_sum,0.0878439009173615,0.0878439009173615
detection,19,duration_microsec_sum,-0.0873572576775354,0.0873572576775354
detection,19,urg_flag_cnt_sum,0.085184980122511,0.085184980122511
detection,19,packet_count_fwd_mean,0.0838863497602999,0.0838863497602999
detection,19,subflow_bwd_pkts_mean,-0.0837228135160381,0.0837228135160381
detection,19,fwd_header_len_std,-0.0834152906998752,0.0834152906998752
detection,19,idle_std_max,-0.0819980185594384,0.0819980185594384
detection,19,duration_sec_mean,-0.0817506913478762,0.0817506913478762
detection,19,rst_flag_cnt_mean,-0.081355562350496,0.081355562350496
detection,19,syn_flag_cnt_max,0.0810992215815435,0.0810992215815435
detection,19,fwd_psh_flags_max,0.0810992215815435,0.0810992215815435
detection,19,fwd_act_data_pkts_sum,-0.0776086940084159,0.0776086940084159
detection,19,syn_flag_cnt_mean,-0.0775057216879233,0.0775057216879233
detection,19,fwd_psh_flags_mean,-0.0775057216879233,0.0775057216879233
detection,19,flow_iat_min_mean,0.0747957000762911,0.0747957000762911
detection,19,fwd_iat_max_mean,0.0739906711620675,0.0739906711620675
detection,19,fwd_iat_min_mean,-0.0714321895653037,0.0714321895653037
detection,19,idle_std_std,0.0697823288436237,0.0697823288436237
detection,19,psh_flag_cnt_max,-0.0691221798807313,0.0691221798807313
detection,19,pkt_len_min_mean,0.0686535123975733,0.0686535123975733
detection,19,fwd_iat_tot_mean,-0.0657972909744723,0.0657972909744723
detection,19,byte_count_bwd_min,0.0656978025635905,0.0656978025635905
detection,19,bwd_pkt_len_std_sum,0.0651251368027508,0.0651251368027508
detection,19,fwd_pkt_len_min_std,-0.0627208623150315,0.0627208623150315
detection,19,pkt_len_max_min,0.0624456586609714,0.0624456586609714
detection,19,bwd_pkt_len_mean_min,0.0585174394789068,0.0585174394789068
detection,19,bwd_seg_size_avg_min,0.0585174394789068,0.0585174394789068
detection,19,idle_max_std,0.0578953086300008,0.0578953086300008
detection,19,duration_microsec_mean,-0.0550809317959439,0.0550809317959439
detection,19,pkt_len_std_min,0.0544896081121631,0.0544896081121631
detection,19,bwd_iat_min_min,-0.0541923257859264,0.0541923257859264
detection,19,idle_mean_max,-0.0531658917945546,0.0531658917945546
detection,19,bwd_pkt_len_max_min,0.0518504453901251,0.0518504453901251
detection,19,syn_flag_cnt_sum,-0.0514566972597408,0.0514566972597408
detection,19,fwd_psh_flags_sum,-0.0514566972597408,0.0514566972597408
detection,19,subflow_bwd_byts_min,0.050477819534304,0.050477819534304
detection,19,pkt_len_var_min,0.0492441336153615,0.0492441336153615
detection,19,bwd_iat_std_min,0.0486242371575487,0.0486242371575487
detection,19,bwd_pkt_len_std_min,0.0482932818013983,0.0482932818013983
detection,19,duration_microsec_min,0.0474424446863083,0.0474424446863083
detection,19,fwd_iat_tot_min,0.0473771477313176,0.0473771477313176
detection,19,flow_iat_min_std,0.0467741257564903,0.0467741257564903
detection,19,packet_count_fwd_min,0.0467359653145383,0.0467359653145383
detection,19,flow_iat_min_min,0.0460970026299531,0.0460970026299531
detection,19,active_min_mean,0.0460226247754383,0.0460226247754383
detection,19,window_size_fwd_min,0.0457625381203966,0.0457625381203966
detection,19,fwd_urg_flags_sum,0.045424933450126,0.045424933450126
detection,19,cwe_flag_cnt_sum,0.045424933450126,0.045424933450126
detection,19,flow_iat_mean_min,0.0451940099788571,0.0451940099788571
detection,19,idle_min_max,-0.0451552826906756,0.0451552826906756
detection,19,fwd_pkt_len_std_min,0.044799601472335,0.044799601472335
detection,19,fwd_iat_mean_min,0.0439439746129106,0.0439439746129106
detection,19,pkt_len_mean_min,0.0437594976209691,0.0437594976209691
detection,19,pkt_len_std_max,0.0435643432172118,0.0435643432172118
detection,19,fin_flag_cnt_std,0.0435472522999695,0.0435472522999695
detection,19,pkt_size_avg_min,0.0427050390299948,0.0427050390299948
detection,19,duration_sec_min,0.0422788522212022,0.0422788522212022
detection,19,fwd_iat_max_min,0.0421714407802348,0.0421714407802348
detection,19,flow_iat_max_min,0.0420541593940553,0.0420541593940553
detection,19,window_size_bwd_min,0.0417480735402497,0.0417480735402497
detection,19,idle_max_min,0.0415294356133051,0.0415294356133051
detection,19,fwd_iat_tot_max,0.0411292726475014,0.0411292726475014
detection,19,fwd_iat_min_min,0.0407479120943571,0.0407479120943571
detection,19,ece_flag_cnt_mean,-0.0407337472946678,0.0407337472946678
detection,19,bwd_iat_tot_min,0.0406845672378738,0.0406845672378738
detection,19,subflow_fwd_pkts_min,0.0393778714069876,0.0393778714069876
detection,19,subflow_bwd_pkts_min,-0.0391848805437566,0.0391848805437566
detection,19,idle_mean_min,0.0371612664083718,0.0371612664083718
detection,19,idle_min_sum,0.0369579101073177,0.0369579101073177
detection,19,subflow_bwd_byts_mean,-0.0346698549789818,0.0346698549789818
detection,19,fwd_pkt_len_min_min,0.0333209433757572,0.0333209433757572
detection,19,idle_min_mean,-0.0332235930909865,0.0332235930909865
detection,19,active_min_max,0.0326301422815373,0.0326301422815373
detection,19,idle_std_sum,0.0309401340985645,0.0309401340985645
detection,19,pkt_len_min_min,0.030830953978971,0.030830953978971
detection,19,fwd_pkt_len_min_max,-0.0303947201249582,0.0303947201249582
detection,19,idle_min_min,0.0300456600218218,0.0300456600218218
detection,19,fwd_seg_size_avg_min,0.0299294357761894,0.0299294357761894
detection,19,fwd_pkt_len_mean_min,0.0299294357761894,0.0299294357761894
detection,19,bwd_iat_max_min,0.0296649153824597,0.0296649153824597
detection,19,active_min_min,0.0287552485939405,0.0287552485939405
detection,19,active_mean_min,0.0276505940473358,0.0276505940473358
detection,19,bwd_iat_std_max,-0.0271640922100238,0.0271640922100238
detection,19,psh_flag_cnt_min,0.0269670453302742,0.0269670453302742
detection,19,bwd_pkts_per_sec_min,0.0268127221904728,0.0268127221904728
detection,19,active_max_min,0.0263842514449686,0.0263842514449686
detection,19,down_up_ratio_min,0.0263114478270118,0.0263114478270118
detection,19,packets_per_sec_std,0.0259497045895417,0.0259497045895417
detection,19,fwd_pkt_len_max_min,0.0252606749153561,0.0252606749153561
detection,19,bwd_pkt_len_min_max,-0.0244778607582608,0.0244778607582608
detection,19,active_std_min,0.0241089296885305,0.0241089296885305
detection,19,subflow_fwd_byts_min,0.0240382954623143,0.0240382954623143
detection,19,idle_std_min,0.0239918249021887,0.0239918249021887
detection,19,fwd_psh_flags_min,0.0226636416187557,0.0226636416187557
detection,19,ack_flag_cnt_min,0.0226636416187557,0.0226636416187557
detection,19,syn_flag_cnt_min,0.0226636416187557,0.0226636416187557
detection,19,flow_iat_std_min,0.0222038765858632,0.0222038765858632
detection,19,fwd_pkt_len_mean_std,-0.0219389822700712,0.0219389822700712
detection,19,fwd_seg_size_avg_std,-0.0219389822700712,0.0219389822700712
detection,19,fwd_iat_std_min,0.021320541902275,0.021320541902275
detection,19,fwd_pkt_len_mean_max,0.0208195968998503,0.0208195968998503
detection,19,fwd_seg_size_avg_max,0.0208195968998503,0.0208195968998503
detection,19,fwd_act_data_pkts_std,-0.0197641008143088,0.0197641008143088
detection,19,bytes_per_sec_min,0.0191231290519614,0.0191231290519614
detection,19,bwd_header_len_min,0.0174906106087356,0.0174906106087356
detection,19,pkt_payload_size_p25,-0.0163214755756259,0.0163214755756259
detection,19,packet_count_fwd_max,0.0159947581830636,0.0159947581830636
detection,19,flow_iat_mean_max,-0.013795523975216,0.013795523975216
detection,19,bwd_iat_max_max,0.0137849022002968,0.0137849022002968
detection,19,fwd_pkts_per_sec_min,-0.0111258790778833,0.0111258790778833
detection,19,fwd_act_data_pkts_min,0.009509487326256,0.009509487326256
detection,19,bwd_iat_mean_min,-0.0082520736236301,0.0082520736236301
detection,19,pkt_len_var_std,-0.0063749823083816,0.0063749823083816
detection,19,fin_flag_cnt_sum,0.0059316052342631,0.0059316052342631
detection,19,byte_count_fwd_min,0.003942870948353,0.003942870948353
detection,19,fwd_header_len_min,-0.0035094428518885,0.0035094428518885
detection,19,byte_count_fwd_mean,-0.0007706253282498,0.0007706253282498
detection,19,pkt_frag_mf_count,0.0,0.0
detection,19,mask_has_flow_timing_features,0.0,0.0
detection,19,mask_has_traffic_volume_features,0.0,0.0
detection,19,mask_has_tcp_flags,0.0,0.0
detection,19,rst_flag_cnt_min,0.0,0.0
detection,19,fwd_byts_b_avg_min,0.0,0.0
detection,19,fwd_byts_b_avg_sum,0.0,0.0
detection,19,fwd_byts_b_avg_std,0.0,0.0
detection,19,fwd_byts_b_avg_mean,0.0,0.0
detection,19,ece_flag_cnt_min,0.0,0.0
detection,19,bwd_urg_flags_max,0.0,0.0
detection,19,urg_flag_cnt_min,0.0,0.0
detection,19,cwe_flag_cnt_min,0.0,0.0
detection,19,fin_flag_cnt_min,0.0,0.0
detection,19,mask_has_graph_topology,0.0,0.0
detection,19,mask_has_identity_auth,0.0,0.0
detection,19,bwd_blk_rate_avg_std,0.0,0.0
detection,19,bwd_blk_rate_avg_max,0.0,0.0
detection,19,bwd_blk_rate_avg_min,0.0,0.0
detection,19,bwd_blk_rate_avg_sum,0.0,0.0
detection,19,bwd_urg_flags_min,0.0,0.0
detection,19,fwd_pkts_b_avg_sum,0.0,0.0
detection,19,fwd_pkts_b_avg_std,0.0,0.0
detection,19,fwd_pkts_b_avg_mean,0.0,0.0
detection,19,fwd_byts_b_avg_max,0.0,0.0
detection,19,bwd_blk_rate_avg_mean,0.0,0.0
detection,19,bwd_pkts_b_avg_max,0.0,0.0
detection,19,bwd_pkts_b_avg_min,0.0,0.0
detection,19,bwd_pkts_b_avg_sum,0.0,0.0
detection,19,fwd_blk_rate_avg_sum,0.0,0.0
detection,19,fwd_blk_rate_avg_min,0.0,0.0
detection,19,fwd_blk_rate_avg_max,0.0,0.0
detection,19,bwd_byts_b_avg_mean,0.0,0.0
detection,19,fwd_pkts_b_avg_min,0.0,0.0
detection,19,fwd_pkts_b_avg_max,0.0,0.0
detection,19,fwd_blk_rate_avg_mean,0.0,0.0
detection,19,fwd_blk_rate_avg_std,0.0,0.0
detection,19,bwd_byts_b_avg_max,0.0,0.0
detection,19,bwd_byts_b_avg_min,0.0,0.0
detection,19,bwd_byts_b_avg_sum,0.0,0.0
detection,19,bwd_byts_b_avg_std,0.0,0.0
detection,19,bwd_psh_flags_mean,0.0,0.0
detection,19,bwd_psh_flags_std,0.0,0.0
detection,19,bwd_pkts_b_avg_std,0.0,0.0
detection,19,bwd_pkts_b_avg_mean,0.0,0.0
detection,19,bwd_psh_flags_min,0.0,0.0
detection,19,bwd_psh_flags_sum,0.0,0.0
detection,19,bwd_psh_flags_max,0.0,0.0
detection,19,fwd_urg_flags_min,0.0,0.0
detection,19,bwd_urg_flags_mean,0.0,0.0
detection,19,bwd_urg_flags_std,0.0,0.0
detection,19,bwd_urg_flags_sum,0.0,0.0
detection,19,bwd_pkt_len_min_min,0.0,0.0
detection,2,window_size_bwd_std,1.866535787611872,1.866535787611872
detection,2,pkt_len_var_std,-1.756557841351326,1.756557841351326
detection,2,bwd_seg_size_avg_max,1.750943021292179,1.750943021292179
detection,2,bwd_pkt_len_mean_max,1.7509430212920616,1.7509430212920616
detection,2,pkt_len_var_max,-1.6722494420037202,1.6722494420037202
detection,2,bwd_iat_std_mean,1.663623190828716,1.663623190828716
detection,2,pkt_tcp_retrans_count,1.6060854130090845,1.6060854130090845
detection,2,fwd_pkt_len_std_mean,1.5813225457752549,1.5813225457752549
detection,2,flow_iat_std_std,-1.5335183523185705,1.5335183523185705
detection,2,pkt_port_scan_seq_score,1.4996116306790706,1.4996116306790706
detection,2,byte_count_fwd_max,1.4683063336092956,1.4683063336092956
detection,2,bwd_pkt_len_std_mean,-1.3976503969735297,1.3976503969735297
detection,2,pkt_len_var_mean,-1.3669376308282608,1.3669376308282608
detection,2,bwd_pkt_len_std_max,1.339172201225698,1.339172201225698
detection,2,bytes_per_sec_mean,-1.319682694391817,1.319682694391817
detection,2,fwd_pkt_len_max_std,-1.3064973053214002,1.3064973053214002
detection,2,byte_count_bwd_std,-1.2431542767411496,1.2431542767411496
detection,2,fwd_seg_size_min_mean,1.2333248597506812,1.2333248597506812
detection,2,window_size_fwd_std,-1.191514699568191,1.191514699568191
detection,2,pkt_len_min_std,1.061732772046723,1.061732772046723
detection,2,bwd_pkt_len_std_std,1.0294343079656858,1.0294343079656858
detection,2,bytes_per_sec_max,1.0230198142978373,1.0230198142978373
detection,2,pkt_len_std_mean,-0.98993827644522,0.98993827644522
detection,2,packet_count_bwd_std,0.9647353976595888,0.9647353976595888
detection,2,bwd_iat_min_max,0.96067071626079,0.96067071626079
detection,2,ack_flag_cnt_std,0.9424983141373016,0.9424983141373016
detection,2,byte_count_bwd_max,-0.9056931869601802,0.9056931869601802
detection,2,byte_count_fwd_std,-0.901287553112952,0.901287553112952
detection,2,pkt_payload_size_p95,-0.8571588903128983,0.8571588903128983
detection,2,ece_flag_cnt_sum,0.8480574380230067,0.8480574380230067
detection,2,rst_flag_cnt_sum,0.8471739747916089,0.8471739747916089
detection,2,bytes_per_sec_sum,-0.8436998099952642,0.8436998099952642
detection,2,pkt_len_mean_max,-0.8164138743700249,0.8164138743700249
detection,2,pkt_frag_df_count,0.8044935111702506,0.8044935111702506
detection,2,bwd_iat_max_std,-0.7975766791787295,0.7975766791787295
detection,2,fwd_pkt_len_std_std,0.7791371376260994,0.7791371376260994
detection,2,flow_iat_max_std,-0.7766436114037536,0.7766436114037536
detection,2,bwd_pkts_per_sec_mean,-0.7662413025302841,0.7662413025302841
detection,2,pkt_len_max_mean,-0.7387770398667666,0.7387770398667666
detection,2,fwd_iat_std_std,0.7382188537813729,0.7382188537813729
detection,2,bwd_iat_min_std,-0.7145611585541333,0.7145611585541333
detection,2,ece_flag_cnt_std,0.7125791577146853,0.7125791577146853
detection,2,bwd_pkt_len_min_mean,0.7125388847626922,0.7125388847626922
detection,2,down_up_ratio_std,-0.7103133478371619,0.7103133478371619
detection,2,subflow_bwd_byts_sum,-0.7086525179933602,0.7086525179933602
detection,2,bwd_iat_tot_mean,-0.700928718652167,0.700928718652167
detection,2,pkt_len_max_std,-0.6906156592224783,0.6906156592224783
detection,2,rst_flag_cnt_std,0.6882670253822825,0.6882670253822825
detection,2,active_max_sum,0.6773328439605577,0.6773328439605577
detection,2,urg_flag_cnt_mean,-0.6722720230393097,0.6722720230393097
detection,2,idle_min_std,-0.6704640359000205,0.6704640359000205
detection,2,packets_per_sec_mean,-0.6612282629408649,0.6612282629408649
detection,2,duration_sec_std,0.6565894502010499,0.6565894502010499
detection,2,active_mean_sum,-0.647950793911717,0.647950793911717
detection,2,fwd_pkt_len_max_max,0.6445097218418369,0.6445097218418369
detection,2,pkt_payload_size_p75,-0.6282570678525595,0.6282570678525595
detection,2,bwd_pkts_per_sec_std,0.6238745823040633,0.6238745823040633
detection,2,active_std_sum,-0.6206019196822756,0.6206019196822756
detection,2,fwd_iat_mean_std,-0.6189589281669003,0.6189589281669003
detection,2,subflow_bwd_byts_max,0.6181164702603062,0.6181164702603062
detection,2,bwd_iat_mean_max,-0.6149652736462209,0.6149652736462209
detection,2,pkt_len_mean_mean,-0.5904183220263554,0.5904183220263554
detection,2,fwd_pkts_per_sec_std,0.5828312465614136,0.5828312465614136
detection,2,pkt_size_avg_mean,-0.5731206584825816,0.5731206584825816
detection,2,bwd_header_len_std,-0.5640307299862575,0.5640307299862575
detection,2,bwd_pkt_len_min_std,-0.5567515278149766,0.5567515278149766
detection,2,bwd_iat_mean_sum,-0.547541777917582,0.547541777917582
detection,2,subflow_bwd_byts_mean,-0.5467625233902556,0.5467625233902556
detection,2,pkt_len_var_sum,0.5376678149975362,0.5376678149975362
detection,2,urg_flag_cnt_std,0.5359930756831444,0.5359930756831444
detection,2,psh_flag_cnt_max,-0.5336796358127062,0.5336796358127062
detection,2,fwd_pkts_per_sec_max,-0.5156742791006893,0.5156742791006893
detection,2,bwd_iat_mean_std,0.5150662480254132,0.5150662480254132
detection,2,packet_count_fwd_mean,0.5127759451710447,0.5127759451710447
detection,2,subflow_bwd_pkts_std,-0.5047105458848817,0.5047105458848817
detection,2,packet_count_bwd_mean,0.5016943780263527,0.5016943780263527
detection,2,bwd_iat_mean_mean,0.4988928915296072,0.4988928915296072
detection,2,bwd_iat_std_std,0.4916760836165146,0.4916760836165146
detection,2,idle_mean_std,-0.4765718297946927,0.4765718297946927
detection,2,ack_flag_cnt_max,-0.4737740957091352,0.4737740957091352
detection,2,subflow_bwd_byts_std,-0.4716771872333327,0.4716771872333327
detection,2,duration_microsec_max,0.4691662630181925,0.4691662630181925
detection,2,flow_iat_min_sum,0.4598062659050597,0.4598062659050597
detection,2,bwd_pkt_len_mean_sum,0.4587043880201066,0.4587043880201066
detection,2,bwd_seg_size_avg_sum,0.4587043880199408,0.4587043880199408
detection,2,duration_microsec_std,0.4546673428554492,0.4546673428554492
detection,2,fwd_pkt_len_mean_sum,0.4468229271342379,0.4468229271342379
detection,2,fwd_seg_size_avg_sum,0.4468229271342379,0.4468229271342379
detection,2,pkt_ttl_max,-0.4437522424942681,0.4437522424942681
detection,2,mask_has_packet_level_features,-0.4437522424942681,0.4437522424942681
detection,2,bwd_iat_tot_std,-0.4434086367458898,0.4434086367458898
detection,2,fwd_pkt_len_std_sum,0.4429932473701689,0.4429932473701689
detection,2,window_size_bwd_sum,-0.4419995211782898,0.4419995211782898
detection,2,bwd_header_len_max,0.4407221601636794,0.4407221601636794
detection,2,fwd_pkt_len_max_sum,0.4398575731175367,0.4398575731175367
detection,2,packets_per_sec_sum,-0.4393036593130277,0.4393036593130277
detection,2,window_size_bwd_mean,-0.4386997963465342,0.4386997963465342
detection,2,unique_dst_ports_count,0.4279743817093549,0.4279743817093549
detection,2,urg_flag_cnt_max,0.4237820549988938,0.4237820549988938
detection,2,fwd_iat_max_std,-0.4233345249600788,0.4233345249600788
detection,2,fwd_iat_min_max,0.4222394535442902,0.4222394535442902
detection,2,down_up_ratio_max,0.4201089697267257,0.4201089697267257
detection,2,pkt_ttl_std,0.4166154338414727,0.4166154338414727
detection,2,pkt_ttl_mode,0.4126168983403023,0.4126168983403023
detection,2,fwd_pkts_per_sec_sum,0.4108921862835981,0.4108921862835981
detection,2,flow_iat_mean_sum,0.4092371131951713,0.4092371131951713
detection,2,psh_flag_cnt_std,-0.4075077663862141,0.4075077663862141
detection,2,fwd_iat_min_sum,0.4039958698429778,0.4039958698429778
detection,2,fwd_iat_max_max,-0.3975931246050818,0.3975931246050818
detection,2,ack_flag_cnt_sum,0.390793957878714,0.390793957878714
detection,2,idle_std_mean,0.3871559271464754,0.3871559271464754
detection,2,fwd_iat_min_std,-0.3812456855006039,0.3812456855006039
detection,2,fwd_iat_mean_max,0.3803361374815265,0.3803361374815265
detection,2,fwd_iat_tot_std,0.378455977123773,0.378455977123773
detection,2,bwd_iat_tot_max,-0.3766781209110135,0.3766781209110135
detection,2,fwd_iat_std_max,0.3761777928187674,0.3761777928187674
detection,2,bwd_pkt_len_max_std,0.3753535115731037,0.3753535115731037
detection,2,bwd_iat_max_sum,-0.3732621528737856,0.3732621528737856
detection,2,bwd_pkt_len_mean_mean,0.3696672500550881,0.3696672500550881
detection,2,bwd_seg_size_avg_mean,0.3696672500539972,0.3696672500539972
detection,2,active_mean_std,-0.3678765043524346,0.3678765043524346
detection,2,window_size_bwd_max,0.3678493820398725,0.3678493820398725
detection,2,bytes_per_sec_std,0.365815494107021,0.365815494107021
detection,2,pkt_len_max_sum,0.3604340033433994,0.3604340033433994
detection,2,bwd_pkts_per_sec_sum,-0.3539325603366384,0.3539325603366384
detection,2,active_max_std,0.3432662531871597,0.3432662531871597
detection,2,pkt_len_mean_sum,0.3420425135627776,0.3420425135627776
detection,2,rst_flag_cnt_max,-0.3343676366868377,0.3343676366868377
detection,2,ece_flag_cnt_max,-0.3343676366868377,0.3343676366868377
detection,2,fwd_act_data_pkts_std,0.3320154578604199,0.3320154578604199
detection,2,idle_max_mean,0.3290477528273203,0.3290477528273203
detection,2,fwd_iat_max_sum,0.3290386366796918,0.3290386366796918
detection,2,pkt_len_min_max,-0.3232112431166332,0.3232112431166332
detection,2,flow_iat_std_mean,-0.3190080100652695,0.3190080100652695
detection,2,pkt_len_max_max,0.3151330316213312,0.3151330316213312
detection,2,pkt_len_std_sum,0.3125497484506288,0.3125497484506288
detection,2,pkt_size_avg_sum,0.3101702937665137,0.3101702937665137
detection,2,flow_iat_min_mean,0.3080339445827944,0.3080339445827944
detection,2,subflow_fwd_pkts_std,0.3078353587215467,0.3078353587215467
detection,2,active_min_std,-0.3027754065506875,0.3027754065506875
detection,2,ack_flag_cnt_mean,0.3004567189946376,0.3004567189946376
detection,2,fwd_act_data_pkts_max,0.2992998170171828,0.2992998170171828
detection,2,flow_iat_mean_mean,0.2984416893178236,0.2984416893178236
detection,2,fwd_seg_size_min_sum,0.2930304853185805,0.2930304853185805
detection,2,fwd_header_len_mean,0.2900954064173479,0.2900954064173479
detection,2,fwd_act_data_pkts_mean,0.2898348573748337,0.2898348573748337
detection,2,subflow_fwd_pkts_mean,0.289443247525762,0.289443247525762
detection,2,pkt_len_mean_std,0.2882237561699692,0.2882237561699692
detection,2,fwd_header_len_std,0.2865602095809567,0.2865602095809567
detection,2,bwd_iat_std_sum,0.2858100922675852,0.2858100922675852
detection,2,bwd_pkt_len_mean_std,0.2846355468735,0.2846355468735
detection,2,bwd_seg_size_avg_std,0.2846355468689995,0.2846355468689995
detection,2,subflow_bwd_pkts_max,0.2823294610348504,0.2823294610348504
detection,2,bwd_iat_max_mean,-0.2816578423999231,0.2816578423999231
detection,2,active_std_max,0.2812850401428027,0.2812850401428027
detection,2,flow_iat_max_max,0.2746241283190883,0.2746241283190883
detection,2,subflow_fwd_byts_mean,0.272846326145308,0.272846326145308
detection,2,subflow_bwd_pkts_mean,-0.271892575194349,0.271892575194349
detection,2,fwd_seg_size_avg_mean,-0.2677387014543327,0.2677387014543327
detection,2,fwd_pkt_len_mean_mean,-0.2677387014543327,0.2677387014543327
detection,2,window_size_fwd_mean,0.2661952100083589,0.2661952100083589
detection,2,flow_iat_max_sum,0.2653504298083262,0.2653504298083262
detection,2,fwd_seg_size_min_std,-0.2615794208033209,0.2615794208033209
detection,2,fwd_iat_mean_sum,0.2610453436637261,0.2610453436637261
detection,2,packet_count_fwd_sum,0.2566223293822194,0.2566223293822194
detection,2,psh_flag_cnt_mean,0.2556104539611312,0.2556104539611312
detection,2,bwd_pkt_len_min_sum,0.2545425251016756,0.2545425251016756
detection,2,packets_per_sec_max,-0.2535357784037713,0.2535357784037713
detection,2,pkt_len_std_std,0.2501749173674383,0.2501749173674383
detection,2,bwd_pkt_len_max_sum,0.2476899604586046,0.2476899604586046
detection,2,fwd_iat_std_sum,0.2472618551642971,0.2472618551642971
detection,2,flow_iat_std_max,-0.2432817670513428,0.2432817670513428
detection,2,fwd_pkt_len_min_sum,-0.2429053657132596,0.2429053657132596
detection,2,down_up_ratio_sum,0.2408939483116988,0.2408939483116988
detection,2,flow_iat_std_sum,-0.2402239095358462,0.2402239095358462
detection,2,flow_iat_mean_std,-0.2364052365867813,0.2364052365867813
detection,2,fwd_header_len_sum,0.233858773746468,0.233858773746468
detection,2,bwd_header_len_mean,-0.2332806276620146,0.2332806276620146
detection,2,fwd_pkt_len_min_mean,-0.2332700927947023,0.2332700927947023
detection,2,fwd_iat_tot_sum,-0.2257343430868379,0.2257343430868379
detection,2,pkt_len_min_sum,-0.2228969473424077,0.2228969473424077
detection,2,active_std_mean,-0.2216331997126646,0.2216331997126646
detection,2,pkt_len_std_max,0.2215865778386692,0.2215865778386692
detection,2,active_min_sum,0.2199395883816824,0.2199395883816824
detection,2,fin_flag_cnt_std,0.2173837742061101,0.2173837742061101
detection,2,window_size_fwd_sum,0.2158542196885322,0.2158542196885322
detection,2,fwd_pkt_len_std_max,-0.2133508862275022,0.2133508862275022
detection,2,subflow_fwd_byts_max,-0.2116266744502569,0.2116266744502569
detection,2,fwd_seg_size_min_min,-0.210882893470681,0.210882893470681
detection,2,bwd_pkts_per_sec_max,-0.2085269201437166,0.2085269201437166
detection,2,subflow_fwd_byts_sum,0.2073652144303979,0.2073652144303979
detection,2,psh_flag_cnt_sum,0.2033491676141743,0.2033491676141743
detection,2,urg_flag_cnt_sum,-0.2020452716510569,0.2020452716510569
detection,2,idle_max_max,-0.1967089439468315,0.1967089439468315
detection,2,subflow_fwd_pkts_sum,0.1964791874219789,0.1964791874219789
detection,2,idle_mean_mean,0.1947937862780878,0.1947937862780878
detection,2,window_size_fwd_max,-0.1940529204179389,0.1940529204179389
detection,2,fwd_urg_flags_max,0.1934575441529601,0.1934575441529601
detection,2,cwe_flag_cnt_max,0.1934575441529601,0.1934575441529601
detection,2,fwd_act_data_pkts_sum,0.1874537651035193,0.1874537651035193
detection,2,pkt_ttl_min,-0.1866191498540965,0.1866191498540965
detection,2,flow_iat_max_mean,-0.1859882093472845,0.1859882093472845
detection,2,fin_flag_cnt_max,0.1851409249855999,0.1851409249855999
detection,2,active_min_max,0.184902903338872,0.184902903338872
detection,2,syn_flag_cnt_std,-0.1807514701841052,0.1807514701841052
detection,2,fwd_psh_flags_std,-0.1807514701841052,0.1807514701841052
detection,2,fwd_pkt_len_max_mean,0.1793065367947092,0.1793065367947092
detection,2,fwd_iat_std_mean,0.1770759758521641,0.1770759758521641
detection,2,active_std_std,-0.1767037988928828,0.1767037988928828
detection,2,pkt_payload_size_p50,-0.1669641192810209,0.1669641192810209
detection,2,byte_count_fwd_min,0.1665689714574251,0.1665689714574251
detection,2,cwe_flag_cnt_std,0.1565992147662173,0.1565992147662173
detection,2,fwd_urg_flags_std,0.1565992147662173,0.1565992147662173
detection,2,idle_max_std,-0.1523202261835386,0.1523202261835386
detection,2,packet_count_fwd_max,-0.1523025821220243,0.1523025821220243
detection,2,fwd_psh_flags_sum,-0.1473807257327904,0.1473807257327904
detection,2,syn_flag_cnt_sum,-0.1473807257327904,0.1473807257327904
detection,2,down_up_ratio_mean,0.1432630203500792,0.1432630203500792
detection,2,fwd_pkt_len_min_std,0.140766022938747,0.140766022938747
detection,2,flow_count,0.1366321138933381,0.1366321138933381
detection,2,fwd_act_data_pkts_min,0.1352131749358349,0.1352131749358349
detection,2,active_min_mean,0.1336641267207293,0.1336641267207293
detection,2,packets_per_sec_std,0.1247296520402439,0.1247296520402439
detection,2,pkt_size_avg_std,0.1243537899545602,0.1243537899545602
detection,2,duration_microsec_sum,-0.1241025584236174,0.1241025584236174
detection,2,fwd_urg_flags_mean,-0.1200490847459388,0.1200490847459388
detection,2,cwe_flag_cnt_mean,-0.1200490847459388,0.1200490847459388
detection,2,subflow_fwd_byts_std,0.1187566048473235,0.1187566048473235
detection,2,duration_sec_sum,-0.1167931178012081,0.1167931178012081
detection,2,flow_iat_min_std,-0.1165926546348373,0.1165926546348373
detection,2,byte_count_fwd_sum,-0.1122757660772585,0.1122757660772585
detection,2,active_mean_max,-0.1113381192335098,0.1113381192335098
detection,2,fwd_iat_tot_max,0.1079298228929569,0.1079298228929569
detection,2,active_max_mean,-0.1078059830646461,0.1078059830646461
detection,2,idle_max_sum,0.1075898594207203,0.1075898594207203
detection,2,bwd_header_len_sum,0.1065521465953392,0.1065521465953392
detection,2,packets_per_sec_min,-0.1056724097309949,0.1056724097309949
detection,2,fwd_iat_min_mean,0.1010571463100868,0.1010571463100868
detection,2,bwd_iat_min_min,-0.0941446356871237,0.0941446356871237
detection,2,packet_count_bwd_min,-0.0921937871702646,0.0921937871702646
detection,2,duration_microsec_min,0.0916945279387076,0.0916945279387076
detection,2,idle_min_mean,-0.0901578915893533,0.0901578915893533
detection,2,packet_count_fwd_std,-0.0900857139187014,0.0900857139187014
detection,2,fwd_iat_tot_min,0.0900398882067683,0.0900398882067683
detection,2,byte_count_bwd_sum,-0.0873721098338799,0.0873721098338799
detection,2,bwd_pkt_len_max_max,-0.0868180500528466,0.0868180500528466
detection,2,fwd_seg_size_min_max,-0.0832915272370578,0.0832915272370578
detection,2,idle_std_sum,0.0824826981713343,0.0824826981713343
detection,2,packet_count_bwd_max,0.08179752785383,0.08179752785383
detection,2,idle_mean_max,-0.0783389087759747,0.0783389087759747
detection,2,fwd_pkt_len_max_min,-0.0746036048584412,0.0746036048584412
detection,2,active_max_max,0.0735529816774197,0.0735529816774197
detection,2,bwd_iat_std_max,-0.0713447411201849,0.0713447411201849
detection,2,duration_sec_min,0.0644537360388701,0.0644537360388701
detection,2,bwd_iat_mean_min,-0.0614041832531568,0.0614041832531568
detection,2,fwd_iat_std_min,-0.059974711498672,0.059974711498672
detection,2,flow_iat_min_max,0.0598668744160272,0.0598668744160272
detection,2,bwd_pkt_len_std_sum,0.0589378853307577,0.0589378853307577
detection,2,idle_min_max,-0.0576315301009699,0.0576315301009699
detection,2,ece_flag_cnt_mean,0.0556358320980864,0.0556358320980864
detection,2,fwd_header_len_max,-0.054690621082378,0.054690621082378
detection,2,duration_sec_max,0.0542000588082823,0.0542000588082823
detection,2,byte_count_bwd_mean,0.0531999147507099,0.0531999147507099
detection,2,idle_min_min,-0.0529760095110225,0.0529760095110225
detection,2,subflow_fwd_pkts_max,0.0527720092564764,0.0527720092564764
detection,2,flow_iat_std_min,-0.0524695515057866,0.0524695515057866
detection,2,bwd_seg_size_avg_min,0.0519958477235047,0.0519958477235047
detection,2,bwd_pkt_len_mean_min,0.0519958477235047,0.0519958477235047
detection,2,flow_iat_mean_max,-0.0517043625696216,0.0517043625696216
detection,2,pkt_size_avg_max,0.0514850130299736,0.0514850130299736
detection,2,pkt_len_min_mean,-0.0497944753031153,0.0497944753031153
detection,2,cwe_flag_cnt_sum,0.0494723969141741,0.0494723969141741
detection,2,fwd_urg_flags_sum,0.0494723969141741,0.0494723969141741
detection,2,syn_flag_cnt_mean,-0.0492236014293522,0.0492236014293522
detection,2,fwd_psh_flags_mean,-0.0492236014293522,0.0492236014293522
detection,2,window_size_fwd_min,0.0471904538297913,0.0471904538297913
detection,2,syn_flag_cnt_max,0.0455731424555555,0.0455731424555555
detection,2,fwd_psh_flags_max,0.0455731424555555,0.0455731424555555
detection,2,byte_count_bwd_min,0.0453123138976971,0.0453123138976971
detection,2,subflow_bwd_pkts_sum,-0.0441476170383145,0.0441476170383145
detection,2,pkt_len_min_min,0.044085007875483,0.044085007875483
detection,2,fwd_pkt_len_min_min,0.0434753040938456,0.0434753040938456
detection,2,bwd_pkt_len_max_min,0.0430129748210406,0.0430129748210406
detection,2,pkt_len_std_min,0.0428348856831739,0.0428348856831739
detection,2,pkt_len_var_min,0.0421531975553317,0.0421531975553317
detection,2,subflow_bwd_byts_min,0.0414073236949181,0.0414073236949181
detection,2,bwd_pkt_len_std_min,0.0413791272732027,0.0413791272732027
detection,2,idle_std_std,-0.0409959773734922,0.0409959773734922
detection,2,idle_min_sum,-0.0387583165522007,0.0387583165522007
detection,2,bwd_pkt_len_max_mean,-0.0383804919010919,0.0383804919010919
detection,2,fwd_iat_tot_mean,-0.0373996514148963,0.0373996514148963
detection,2,idle_std_min,-0.0370676143617804,0.0370676143617804
detection,2,idle_mean_sum,0.0366540053963599,0.0366540053963599
detection,2,syn_flag_cnt_min,-0.0365711797402302,0.0365711797402302
detection,2,ack_flag_cnt_min,-0.0365711797402302,0.0365711797402302
detection,2,fwd_psh_flags_min,-0.0365711797402302,0.0365711797402302
detection,2,duration_microsec_mean,0.0364018308802856,0.0364018308802856
detection,2,bwd_iat_min_mean,0.0359143276212934,0.0359143276212934
detection,2,packet_count_fwd_min,0.035725100227144,0.035725100227144
detection,2,subflow_fwd_byts_min,-0.0355785175911803,0.0355785175911803
detection,2,fwd_header_len_min,-0.035522556552414,0.035522556552414
detection,2,byte_count_fwd_mean,-0.033048139625411,0.033048139625411
detection,2,window_size_bwd_min,0.0320820481033312,0.0320820481033312
detection,2,subflow_fwd_pkts_min,0.0314409621471395,0.0314409621471395
detection,2,subflow_bwd_pkts_min,-0.0307607645373211,0.0307607645373211
detection,2,fwd_pkt_len_std_min,0.0298148575077366,0.0298148575077366
detection,2,fin_flag_cnt_sum,0.0297381465671867,0.0297381465671867
detection,2,fwd_iat_max_mean,0.0276089723034355,0.0276089723034355
detection,2,fin_flag_cnt_mean,-0.0267190761976095,0.0267190761976095
detection,2,active_mean_mean,-0.025049441553374,0.025049441553374
detection,2,fwd_pkts_per_sec_min,0.0247399718867449,0.0247399718867449
detection,2,bwd_pkts_per_sec_min,0.0247007076916617,0.0247007076916617
detection,2,fwd_pkt_len_mean_std,-0.0246389962081384,0.0246389962081384
detection,2,fwd_seg_size_avg_std,-0.0246389962081384,0.0246389962081384
detection,2,bwd_iat_max_min,-0.0238206308612534,0.0238206308612534
detection,2,flow_iat_min_min,0.0229356088961418,0.0229356088961418
detection,2,fwd_iat_mean_mean,-0.0222366011432563,0.0222366011432563
detection,2,bwd_iat_max_max,-0.0202051875774957,0.0202051875774957
detection,2,idle_mean_min,-0.0198504660414946,0.0198504660414946
detection,2,packet_count_bwd_sum,0.0178269082149894,0.0178269082149894
detection,2,psh_flag_cnt_min,0.0176088592642375,0.0176088592642375
detection,2,active_std_min,0.0172019301918183,0.0172019301918183
detection,2,pkt_payload_size_p25,-0.0171534188616211,0.0171534188616211
detection,2,active_min_min,-0.0168389430389678,0.0168389430389678
detection,2,flow_iat_mean_min,0.0156289047225724,0.0156289047225724
detection,2,pkt_len_mean_min,0.0142690827144715,0.0142690827144715
detection,2,rst_flag_cnt_mean,0.0137167782396118,0.0137167782396118
detection,2,fwd_pkt_len_min_max,-0.0129219613713116,0.0129219613713116
detection,2,fwd_iat_min_min,0.0106577048010323,0.0106577048010323
detection,2,bwd_iat_min_sum,0.0105769791954808,0.0105769791954808
detection,2,bytes_per_sec_min,0.0101152006666781,0.0101152006666781
detection,2,bwd_iat_tot_min,0.0099226841274142,0.0099226841274142
detection,2,fwd_iat_mean_min,0.0087157646895883,0.0087157646895883
detection,2,down_up_ratio_min,-0.0085370251864199,0.0085370251864199
detection,2,duration_sec_mean,0.0084648519446403,0.0084648519446403
detection,2,fwd_pkts_per_sec_mean,-0.0082836134530214,0.0082836134530214
detection,2,unique_protocols_count,0.0062038029383793,0.0062038029383793
detection,2,bwd_iat_tot_sum,0.0061415737604561,0.0061415737604561
detection,2,fwd_pkt_len_mean_max,-0.0061030699136656,0.0061030699136656
detection,2,fwd_seg_size_avg_max,-0.0061030699136656,0.0061030699136656
detection,2,active_mean_min,-0.0047604350181013,0.0047604350181013
detection,2,bwd_header_len_min,0.0044197270726141,0.0044197270726141
detection,2,idle_std_max,-0.0033893663258082,0.0033893663258082
detection,2,active_max_min,0.0026175419965324,0.0026175419965324
detection,2,pkt_size_avg_min,0.0026064223283527,0.0026064223283527
detection,2,pkt_len_max_min,0.0018950680981118,0.0018950680981118
detection,2,bwd_iat_std_min,-0.0015012225298634,0.0015012225298634
detection,2,fwd_iat_max_min,-0.0010505929758249,0.0010505929758249
detection,2,bwd_pkt_len_min_max,0.0009436823823054,0.0009436823823054
detection,2,idle_max_min,-0.0008216743114679,0.0008216743114679
detection,2,flow_iat_max_min,-0.0007900913954028,0.0007900913954028
detection,2,fwd_pkt_len_mean_min,-0.000217014768739,0.000217014768739
detection,2,fwd_seg_size_avg_min,-0.000217014768739,0.000217014768739
detection,2,urg_flag_cnt_min,0.0,0.0
detection,2,fin_flag_cnt_min,0.0,0.0
detection,2,bwd_urg_flags_min,0.0,0.0
detection,2,rst_flag_cnt_min,0.0,0.0
detection,2,cwe_flag_cnt_min,0.0,0.0
detection,2,pkt_frag_mf_count,0.0,0.0
detection,2,mask_has_identity_auth,0.0,0.0
detection,2,mask_has_tcp_flags,0.0,0.0
detection,2,mask_has_graph_topology,0.0,0.0
detection,2,mask_has_flow_timing_features,0.0,0.0
detection,2,mask_has_traffic_volume_features,0.0,0.0
detection,2,bwd_urg_flags_max,0.0,0.0
detection,2,bwd_psh_flags_mean,0.0,0.0
detection,2,bwd_psh_flags_max,0.0,0.0
detection,2,bwd_psh_flags_min,0.0,0.0
detection,2,bwd_psh_flags_sum,0.0,0.0
detection,2,bwd_psh_flags_std,0.0,0.0
detection,2,fwd_urg_flags_min,0.0,0.0
detection,2,bwd_urg_flags_mean,0.0,0.0
detection,2,bwd_urg_flags_std,0.0,0.0
detection,2,bwd_urg_flags_sum,0.0,0.0
detection,2,fwd_byts_b_avg_mean,0.0,0.0
detection,2,ece_flag_cnt_min,0.0,0.0
detection,2,bwd_pkt_len_min_min,0.0,0.0
detection,2,bwd_blk_rate_avg_max,0.0,0.0
detection,2,bwd_pkts_b_avg_max,0.0,0.0
detection,2,bwd_blk_rate_avg_mean,0.0,0.0
detection,2,bwd_blk_rate_avg_sum,0.0,0.0
detection,2,bwd_blk_rate_avg_min,0.0,0.0
detection,2,fwd_pkts_b_avg_min,0.0,0.0
detection,2,fwd_pkts_b_avg_sum,0.0,0.0
detection,2,fwd_byts_b_avg_std,0.0,0.0
detection,2,fwd_byts_b_avg_sum,0.0,0.0
detection,2,fwd_pkts_b_avg_mean,0.0,0.0
detection,2,fwd_pkts_b_avg_std,0.0,0.0
detection,2,bwd_pkts_b_avg_min,0.0,0.0
detection,2,bwd_blk_rate_avg_std,0.0,0.0
detection,2,bwd_byts_b_avg_std,0.0,0.0
detection,2,bwd_byts_b_avg_mean,0.0,0.0
detection,2,fwd_blk_rate_avg_max,0.0,0.0
detection,2,fwd_blk_rate_avg_min,0.0,0.0
detection,2,fwd_blk_rate_avg_sum,0.0,0.0
detection,2,fwd_blk_rate_avg_std,0.0,0.0
detection,2,fwd_blk_rate_avg_mean,0.0,0.0
detection,2,fwd_pkts_b_avg_max,0.0,0.0
detection,2,bwd_byts_b_avg_sum,0.0,0.0
detection,2,bwd_byts_b_avg_min,0.0,0.0
detection,2,bwd_pkts_b_avg_std,0.0,0.0
detection,2,bwd_pkts_b_avg_mean,0.0,0.0
detection,2,bwd_byts_b_avg_max,0.0,0.0
detection,2,bwd_pkts_b_avg_sum,0.0,0.0
detection,2,fwd_byts_b_avg_min,0.0,0.0
detection,2,fwd_byts_b_avg_max,0.0,0.0
detection,20,fwd_pkt_len_std_mean,1.7992478522322135,1.7992478522322135
detection,20,bwd_pkt_len_std_mean,-1.7300506610382882,1.7300506610382882
detection,20,window_size_bwd_std,1.7121256947016266,1.7121256947016266
detection,20,byte_count_bwd_std,-1.6539325750240417,1.6539325750240417
detection,20,fwd_pkt_len_max_std,-1.5951566095091592,1.5951566095091592
detection,20,pkt_tcp_retrans_count,1.4620901300963187,1.4620901300963187
detection,20,pkt_port_scan_seq_score,1.3648534114973816,1.3648534114973816
detection,20,bwd_iat_std_mean,1.330270970001274,1.330270970001274
detection,20,packet_count_bwd_std,1.2628829533102608,1.2628829533102608
detection,20,down_up_ratio_std,-1.2429949451801492,1.2429949451801492
detection,20,byte_count_fwd_max,1.2400638292709838,1.2400638292709838
detection,20,bytes_per_sec_mean,-1.2329103581197227,1.2329103581197227
detection,20,flow_iat_std_std,-1.1999063051335388,1.1999063051335388
detection,20,bytes_per_sec_max,1.1810242171352066,1.1810242171352066
detection,20,window_size_fwd_std,-1.1247643061182768,1.1247643061182768
detection,20,bwd_iat_max_std,-1.1197998177450594,1.1197998177450594
detection,20,pkt_len_std_mean,-1.0982706509136977,1.0982706509136977
detection,20,bwd_pkt_len_min_mean,1.0341211392556895,1.0341211392556895
detection,20,bwd_iat_mean_std,1.0335098121329305,1.0335098121329305
detection,20,bwd_iat_min_std,-1.0288208827457055,1.0288208827457055
detection,20,ack_flag_cnt_std,0.988570874330644,0.988570874330644
detection,20,bwd_pkts_per_sec_sum,-0.9734144460625992,0.9734144460625992
detection,20,urg_flag_cnt_mean,-0.9646790511257032,0.9646790511257032
detection,20,bwd_pkt_len_std_std,0.9589375183976206,0.9589375183976206
detection,20,pkt_len_min_std,0.9451745146205942,0.9451745146205942
detection,20,fwd_seg_size_min_mean,0.9351262949750492,0.9351262949750492
detection,20,subflow_bwd_byts_sum,-0.9251461912205308,0.9251461912205308
detection,20,bwd_seg_size_avg_max,0.9127126051477044,0.9127126051477044
detection,20,bwd_pkt_len_mean_max,0.9127126051474692,0.9127126051474692
detection,20,bwd_iat_min_max,0.85968321633171,0.85968321633171
detection,20,bytes_per_sec_sum,-0.8568878771147378,0.8568878771147378
detection,20,fwd_header_len_mean,0.8329529237087279,0.8329529237087279
detection,20,pkt_len_mean_max,-0.8029907095597648,0.8029907095597648
detection,20,fwd_pkt_len_std_std,0.7945594355431606,0.7945594355431606
detection,20,pkt_payload_size_p95,-0.7798834135101332,0.7798834135101332
detection,20,pkt_len_max_std,-0.7518942904738615,0.7518942904738615
detection,20,bwd_pkts_per_sec_std,0.7388121015924198,0.7388121015924198
detection,20,active_max_sum,0.7371553487020943,0.7371553487020943
detection,20,bwd_pkt_len_max_std,0.7339998861630144,0.7339998861630144
detection,20,pkt_len_mean_mean,-0.7300560988975944,0.7300560988975944
detection,20,duration_sec_std,0.7146936777573838,0.7146936777573838
detection,20,bwd_iat_mean_sum,-0.7073195150117865,0.7073195150117865
detection,20,fwd_iat_mean_std,-0.6899749248258217,0.6899749248258217
detection,20,window_size_bwd_mean,-0.6887307181826285,0.6887307181826285
detection,20,pkt_size_avg_mean,-0.6849762688565216,0.6849762688565216
detection,20,packet_count_bwd_mean,0.6826922171059883,0.6826922171059883
detection,20,byte_count_bwd_max,-0.6725585234554609,0.6725585234554609
detection,20,urg_flag_cnt_max,0.6679926641071385,0.6679926641071385
detection,20,bwd_pkt_len_std_max,0.6651503858600833,0.6651503858600833
detection,20,active_mean_sum,-0.6643068800944826,0.6643068800944826
detection,20,window_size_bwd_sum,-0.6641619158353483,0.6641619158353483
detection,20,ece_flag_cnt_sum,0.65829562494583,0.65829562494583
detection,20,rst_flag_cnt_sum,0.6574733100275048,0.6574733100275048
detection,20,pkt_len_std_std,0.6385907541582878,0.6385907541582878
detection,20,bwd_iat_tot_mean,-0.6257625213047951,0.6257625213047951
detection,20,byte_count_bwd_mean,-0.6251363626380354,0.6251363626380354
detection,20,ece_flag_cnt_std,0.6198786231777226,0.6198786231777226
detection,20,byte_count_fwd_std,-0.6185188893789993,0.6185188893789993
detection,20,psh_flag_cnt_mean,0.6129206600943972,0.6129206600943972
detection,20,fwd_header_len_sum,0.6046044246956276,0.6046044246956276
detection,20,rst_flag_cnt_std,0.5939710327975289,0.5939710327975289
detection,20,pkt_len_var_sum,0.5852240033364721,0.5852240033364721
detection,20,flow_iat_max_std,-0.5800756250540633,0.5800756250540633
detection,20,urg_flag_cnt_std,0.5748742010080454,0.5748742010080454
detection,20,pkt_payload_size_p75,-0.5717014666281229,0.5717014666281229
detection,20,active_std_sum,-0.5689984050185555,0.5689984050185555
detection,20,window_size_bwd_max,0.5639202892800377,0.5639202892800377
detection,20,fwd_seg_size_min_std,-0.5541508239517563,0.5541508239517563
detection,20,pkt_frag_df_count,0.55102607034,0.55102607034
detection,20,subflow_fwd_byts_mean,-0.5477030681699042,0.5477030681699042
detection,20,pkt_len_max_mean,-0.5323449561981886,0.5323449561981886
detection,20,bwd_iat_mean_max,-0.5253152054772023,0.5253152054772023
detection,20,fwd_pkt_len_max_max,0.5188538833094496,0.5188538833094496
detection,20,bwd_pkt_len_mean_sum,0.5182291739503421,0.5182291739503421
detection,20,bwd_seg_size_avg_sum,0.5182291739498738,0.5182291739498738
detection,20,bwd_iat_mean_mean,0.4985147129676527,0.4985147129676527
detection,20,idle_std_mean,0.4948967187295285,0.4948967187295285
detection,20,subflow_bwd_byts_max,0.4926829826654743,0.4926829826654743
detection,20,byte_count_bwd_sum,-0.4829542069204348,0.4829542069204348
detection,20,flow_iat_std_sum,-0.4825955271191022,0.4825955271191022
detection,20,fwd_iat_std_mean,0.4824989940480974,0.4824989940480974
detection,20,subflow_fwd_byts_sum,0.4761344828816888,0.4761344828816888
detection,20,subflow_fwd_pkts_sum,0.4747491925832166,0.4747491925832166
detection,20,ack_flag_cnt_sum,0.4712234677696905,0.4712234677696905
detection,20,down_up_ratio_max,0.4672317993517808,0.4672317993517808
detection,20,active_std_mean,-0.453881614184007,0.453881614184007
detection,20,idle_max_mean,0.4533720312866052,0.4533720312866052
detection,20,active_max_std,0.4355182718681431,0.4355182718681431
detection,20,window_size_fwd_mean,0.4343502210877361,0.4343502210877361
detection,20,idle_min_std,-0.4217822730830848,0.4217822730830848
detection,20,bwd_header_len_max,0.4158447063585354,0.4158447063585354
detection,20,fwd_iat_min_std,-0.4114259908192804,0.4114259908192804
detection,20,down_up_ratio_mean,0.4058092234754287,0.4058092234754287
detection,20,mask_has_packet_level_features,-0.403920289765573,0.403920289765573
detection,20,pkt_ttl_max,-0.403920289765573,0.403920289765573
detection,20,fwd_pkt_len_std_sum,0.4011712884163048,0.4011712884163048
detection,20,fwd_pkt_len_mean_sum,0.3933492012376035,0.3933492012376035
detection,20,fwd_seg_size_avg_sum,0.3933492012376035,0.3933492012376035
detection,20,pkt_len_var_mean,-0.3915246567095576,0.3915246567095576
detection,20,fwd_iat_tot_std,0.3848848670409059,0.3848848670409059
detection,20,down_up_ratio_sum,0.3841605377752183,0.3841605377752183
detection,20,fwd_iat_std_sum,0.3817392695447128,0.3817392695447128
detection,20,bwd_header_len_std,-0.3802937210549065,0.3802937210549065
detection,20,pkt_ttl_std,0.3785554900177869,0.3785554900177869
detection,20,pkt_ttl_mode,0.374917600709909,0.374917600709909
detection,20,pkt_len_mean_sum,0.3729680451719483,0.3729680451719483
detection,20,fwd_pkts_per_sec_max,-0.3688170409645843,0.3688170409645843
detection,20,fwd_pkt_len_max_sum,0.3665683459137281,0.3665683459137281
detection,20,fwd_pkts_per_sec_sum,0.3653105832795857,0.3653105832795857
detection,20,pkt_len_max_max,0.3651084062541433,0.3651084062541433
detection,20,subflow_bwd_pkts_std,-0.3642972644999205,0.3642972644999205
detection,20,bwd_pkt_len_min_std,-0.3562541915374543,0.3562541915374543
detection,20,duration_microsec_std,0.3557775570516384,0.3557775570516384
detection,20,fwd_iat_max_sum,0.3469151833164812,0.3469151833164812
detection,20,pkt_len_mean_std,0.3438121950318824,0.3438121950318824
detection,20,pkt_len_min_max,-0.3393000761288636,0.3393000761288636
detection,20,pkt_size_avg_sum,0.3348348542125381,0.3348348542125381
detection,20,fwd_pkts_per_sec_mean,0.332867606502079,0.332867606502079
detection,20,packets_per_sec_max,-0.3279622329777392,0.3279622329777392
detection,20,packet_count_bwd_max,0.3250547684377757,0.3250547684377757
detection,20,fwd_iat_std_std,0.3236852864034166,0.3236852864034166
detection,20,active_min_std,-0.3205613323124447,0.3205613323124447
detection,20,fwd_urg_flags_std,0.3171976054865401,0.3171976054865401
detection,20,cwe_flag_cnt_std,0.3171976054865401,0.3171976054865401
detection,20,packet_count_fwd_std,-0.3165185698442631,0.3165185698442631
detection,20,pkt_len_max_sum,0.3132880414035515,0.3132880414035515
detection,20,flow_iat_min_sum,0.3116389509847002,0.3116389509847002
detection,20,fwd_iat_min_max,0.3092774898588693,0.3092774898588693
detection,20,pkt_size_avg_max,0.3088340983438442,0.3088340983438442
detection,20,fwd_act_data_pkts_max,-0.3041938616269488,0.3041938616269488
detection,20,pkt_len_std_sum,0.2955071344233181,0.2955071344233181
detection,20,flow_iat_max_mean,-0.2937944548626215,0.2937944548626215
detection,20,active_mean_std,-0.2910218197631313,0.2910218197631313
detection,20,fwd_iat_max_max,-0.2893626426522757,0.2893626426522757
detection,20,fwd_iat_min_sum,0.2837288842085465,0.2837288842085465
detection,20,subflow_bwd_pkts_sum,-0.2779161740249753,0.2779161740249753
detection,20,active_std_max,0.2777758892741135,0.2777758892741135
detection,20,packets_per_sec_sum,-0.2773115244883261,0.2773115244883261
detection,20,fwd_iat_mean_max,0.272757375043493,0.272757375043493
detection,20,active_max_mean,-0.2712429386731948,0.2712429386731948
detection,20,duration_sec_sum,-0.2707610900569681,0.2707610900569681
detection,20,duration_microsec_max,0.2704019562487196,0.2704019562487196
detection,20,fwd_act_data_pkts_mean,-0.266778619403834,0.266778619403834
detection,20,active_std_std,-0.2647433665773603,0.2647433665773603
detection,20,subflow_bwd_byts_std,-0.2644303158775525,0.2644303158775525
detection,20,bwd_iat_tot_max,-0.2639999097317259,0.2639999097317259
detection,20,idle_mean_mean,0.262985547539138,0.262985547539138
detection,20,bwd_pkts_per_sec_max,-0.2610058250485987,0.2610058250485987
detection,20,fwd_seg_size_min_sum,0.2536368753067604,0.2536368753067604
detection,20,packets_per_sec_mean,-0.252905985190946,0.252905985190946
detection,20,subflow_fwd_pkts_mean,0.2523087096821539,0.2523087096821539
detection,20,fwd_seg_size_avg_mean,-0.251332115895898,0.251332115895898
detection,20,fwd_pkt_len_mean_mean,-0.251332115895898,0.251332115895898
detection,20,packets_per_sec_min,-0.2502788928788068,0.2502788928788068
detection,20,pkt_len_var_max,0.2485765582779512,0.2485765582779512
detection,20,bwd_pkts_per_sec_mean,-0.247220382287408,0.247220382287408
detection,20,flow_iat_max_max,0.2384870373179521,0.2384870373179521
detection,20,flow_iat_mean_sum,0.2357957414683604,0.2357957414683604
detection,20,fwd_iat_std_max,0.2317720372596312,0.2317720372596312
detection,20,idle_mean_std,-0.2304408514443782,0.2304408514443782
detection,20,flow_iat_std_mean,-0.2259527957777165,0.2259527957777165
detection,20,bwd_pkt_len_max_sum,0.2251091086861128,0.2251091086861128
detection,20,duration_sec_max,0.2247706547053201,0.2247706547053201
detection,20,fwd_pkt_len_std_max,-0.2227072482726823,0.2227072482726823
detection,20,byte_count_fwd_sum,-0.2205324239507383,0.2205324239507383
detection,20,flow_iat_std_max,-0.2163593411058576,0.2163593411058576
detection,20,fwd_header_len_max,0.2091539520369039,0.2091539520369039
detection,20,fwd_urg_flags_mean,-0.2036200420027677,0.2036200420027677
detection,20,cwe_flag_cnt_mean,-0.2036200420027677,0.2036200420027677
detection,20,active_mean_mean,-0.1972007806672305,0.1972007806672305
detection,20,bwd_iat_std_std,0.1893801180112768,0.1893801180112768
detection,20,window_size_fwd_max,-0.188902376932486,0.188902376932486
detection,20,packet_count_fwd_sum,-0.1883308222807458,0.1883308222807458
detection,20,bwd_iat_std_sum,0.1879850882601399,0.1879850882601399
detection,20,fwd_pkt_len_max_mean,0.1834205003866376,0.1834205003866376
detection,20,flow_iat_max_sum,0.183155111402216,0.183155111402216
detection,20,bytes_per_sec_std,0.1804726614128231,0.1804726614128231
detection,20,idle_max_sum,0.1787968560930165,0.1787968560930165
detection,20,idle_max_max,-0.1767113157707177,0.1767113157707177
detection,20,pkt_ttl_min,-0.1701024780358794,0.1701024780358794
detection,20,active_max_max,0.1678496573916212,0.1678496573916212
detection,20,window_size_fwd_sum,0.1674648239651755,0.1674648239651755
detection,20,fin_flag_cnt_max,0.1666822503259384,0.1666822503259384
detection,20,fwd_seg_size_min_min,-0.1643094893946543,0.1643094893946543
detection,20,bwd_header_len_mean,-0.1625927678469276,0.1625927678469276
detection,20,unique_protocols_count,0.1619843580393516,0.1619843580393516
detection,20,bwd_iat_tot_sum,-0.1618867194032895,0.1618867194032895
detection,20,pkt_size_avg_std,0.1611027316645116,0.1611027316645116
detection,20,bwd_pkt_len_max_max,-0.1606501758831285,0.1606501758831285
detection,20,subflow_fwd_byts_std,0.1598007089461137,0.1598007089461137
detection,20,pkt_len_min_sum,-0.158254668711988,0.158254668711988
detection,20,active_min_sum,0.1571017047903993,0.1571017047903993
detection,20,bwd_pkt_len_min_sum,0.1539581857352827,0.1539581857352827
detection,20,bwd_header_len_sum,-0.1539570413534423,0.1539570413534423
detection,20,subflow_fwd_pkts_std,-0.1537957871059972,0.1537957871059972
detection,20,pkt_payload_size_p50,-0.1522292806857402,0.1522292806857402
detection,20,bwd_iat_max_sum,-0.1516129497257692,0.1516129497257692
detection,20,packet_count_bwd_min,-0.1502055751213807,0.1502055751213807
detection,20,flow_iat_mean_std,-0.1484325054597665,0.1484325054597665
detection,20,subflow_bwd_pkts_max,0.1472346729561995,0.1472346729561995
detection,20,fwd_pkts_per_sec_std,0.147051530488302,0.147051530488302
detection,20,fwd_iat_mean_mean,-0.1461328576429826,0.1461328576429826
detection,20,flow_count,0.1437166248506459,0.1437166248506459
detection,20,fwd_pkt_len_min_sum,-0.1436989785203858,0.1436989785203858
detection,20,flow_iat_mean_mean,0.1429126194070377,0.1429126194070377
detection,20,fwd_pkt_len_min_mean,-0.1386548796292643,0.1386548796292643
detection,20,fwd_psh_flags_std,-0.1383831744180341,0.1383831744180341
detection,20,syn_flag_cnt_std,-0.1383831744180341,0.1383831744180341
detection,20,fwd_iat_max_std,-0.1380331054555004,0.1380331054555004
detection,20,subflow_fwd_byts_max,0.1374343286641501,0.1374343286641501
detection,20,packet_count_bwd_sum,0.1361090348980672,0.1361090348980672
detection,20,ece_flag_cnt_max,-0.1357402766297679,0.1357402766297679
detection,20,rst_flag_cnt_max,-0.1357402766297679,0.1357402766297679
detection,20,subflow_fwd_pkts_max,-0.1328053742909105,0.1328053742909105
detection,20,ack_flag_cnt_mean,0.1326967641463617,0.1326967641463617
detection,20,ack_flag_cnt_max,-0.1318133871686141,0.1318133871686141
detection,20,fwd_iat_mean_sum,0.1293118076679909,0.1293118076679909
detection,20,bwd_iat_max_mean,-0.1287919257772846,0.1287919257772846
detection,20,bwd_pkt_len_mean_mean,0.1283869589070717,0.1283869589070717
detection,20,bwd_seg_size_avg_mean,0.1283869589032389,0.1283869589032389
detection,20,fwd_seg_size_min_max,-0.1275123284365487,0.1275123284365487
detection,20,fwd_iat_tot_sum,-0.1252583684839427,0.1252583684839427
detection,20,flow_iat_min_max,0.1218858470051628,0.1218858470051628
detection,20,bwd_iat_tot_std,-0.1208171102783756,0.1208171102783756
detection,20,fwd_urg_flags_max,0.1116386379058708,0.1116386379058708
detection,20,cwe_flag_cnt_max,0.1116386379058708,0.1116386379058708
detection,20,psh_flag_cnt_sum,0.1076655203665551,0.1076655203665551
detection,20,active_mean_max,0.1050514967102585,0.1050514967102585
detection,20,bwd_pkt_len_max_mean,0.1002882358747482,0.1002882358747482
detection,20,psh_flag_cnt_std,0.0975838690867651,0.0975838690867651
detection,20,unique_dst_ports_count,0.0971742600307652,0.0971742600307652
detection,20,bwd_pkt_len_mean_std,0.0967836872075069,0.0967836872075069
detection,20,bwd_seg_size_avg_std,0.0967836871886582,0.0967836871886582
detection,20,bwd_iat_min_sum,0.0922351038271405,0.0922351038271405
detection,20,idle_mean_sum,0.0884280635055321,0.0884280635055321
detection,20,fin_flag_cnt_mean,0.0875110419473716,0.0875110419473716
detection,20,duration_microsec_sum,-0.0864480405706565,0.0864480405706565
detection,20,urg_flag_cnt_sum,0.0853037796062213,0.0853037796062213
detection,20,bwd_iat_min_mean,-0.0839746596211469,0.0839746596211469
detection,20,subflow_bwd_pkts_mean,-0.0822567589061683,0.0822567589061683
detection,20,fwd_header_len_std,-0.0817678424124955,0.0817678424124955
detection,20,packet_count_fwd_mean,0.0813823086362637,0.0813823086362637
detection,20,rst_flag_cnt_mean,-0.0806684327975842,0.0806684327975842
detection,20,syn_flag_cnt_max,0.0802237663407899,0.0802237663407899
detection,20,fwd_psh_flags_max,0.0802237663407899,0.0802237663407899
detection,20,fwd_iat_max_mean,0.0791887252400074,0.0791887252400074
detection,20,idle_std_max,-0.0790635859487477,0.0790635859487477
detection,20,fwd_act_data_pkts_sum,-0.0778065183089256,0.0778065183089256
detection,20,duration_sec_mean,-0.0777547285753528,0.0777547285753528
detection,20,flow_iat_min_mean,0.0772266879703495,0.0772266879703495
detection,20,fwd_psh_flags_mean,-0.0761697275007225,0.0761697275007225
detection,20,syn_flag_cnt_mean,-0.0761697275007225,0.0761697275007225
detection,20,fwd_iat_min_mean,-0.0713596601736658,0.0713596601736658
detection,20,psh_flag_cnt_max,-0.0692081737581053,0.0692081737581053
detection,20,fwd_pkt_len_min_std,-0.066324184495629,0.066324184495629
detection,20,idle_std_std,0.0662143388766622,0.0662143388766622
detection,20,pkt_len_min_mean,0.0660965526109727,0.0660965526109727
detection,20,byte_count_bwd_min,0.0658772538760781,0.0658772538760781
detection,20,bwd_pkt_len_std_sum,0.0649553281667004,0.0649553281667004
detection,20,fwd_iat_tot_mean,-0.0641139570986273,0.0641139570986273
detection,20,pkt_len_max_min,0.0631478814436306,0.0631478814436306
detection,20,bwd_pkt_len_mean_min,0.0587145321288934,0.0587145321288934
detection,20,bwd_seg_size_avg_min,0.0587145321288934,0.0587145321288934
detection,20,idle_max_std,0.0564876795766344,0.0564876795766344
detection,20,duration_microsec_mean,-0.0561104639489706,0.0561104639489706
detection,20,pkt_len_std_min,0.0546727903896703,0.0546727903896703
detection,20,idle_mean_max,-0.0529504800690924,0.0529504800690924
detection,20,fwd_psh_flags_sum,-0.0525060808865162,0.0525060808865162
detection,20,syn_flag_cnt_sum,-0.0525060808865162,0.0525060808865162
detection,20,bwd_iat_min_min,-0.0520780601425874,0.0520780601425874
detection,20,bwd_pkt_len_max_min,0.0520286339511975,0.0520286339511975
detection,20,subflow_bwd_byts_min,0.0506495915612334,0.0506495915612334
detection,20,pkt_len_var_min,0.0494249326081994,0.0494249326081994
detection,20,bwd_iat_std_min,0.048709999052202,0.048709999052202
detection,20,duration_microsec_min,0.048476890394348,0.048476890394348
detection,20,bwd_pkt_len_std_min,0.0484716792935949,0.0484716792935949
detection,20,fwd_iat_tot_min,0.0484131722066334,0.0484131722066334
detection,20,pkt_len_std_max,0.04814721307496,0.04814721307496
detection,20,packet_count_fwd_min,0.0479429080893445,0.0479429080893445
detection,20,fwd_urg_flags_sum,0.0465503872454769,0.0465503872454769
detection,20,cwe_flag_cnt_sum,0.0465503872454769,0.0465503872454769
detection,20,flow_iat_min_std,0.0462938732398977,0.0462938732398977
detection,20,flow_iat_min_min,0.0461568594988896,0.0461568594988896
detection,20,fin_flag_cnt_std,0.0455927257468642,0.0455927257468642
detection,20,flow_iat_mean_min,0.045413783957,0.045413783957
detection,20,idle_min_max,-0.044934696212459,0.044934696212459
detection,20,fwd_pkt_len_std_min,0.0449320011249411,0.0449320011249411
detection,20,fwd_iat_mean_min,0.0442947237386787,0.0442947237386787
detection,20,duration_sec_min,0.0438113649980811,0.0438113649980811
detection,20,pkt_len_mean_min,0.0433216616145518,0.0433216616145518
detection,20,fwd_iat_max_min,0.042868956766743,0.042868956766743
detection,20,flow_iat_max_min,0.0427596096280978,0.0427596096280978
detection,20,pkt_size_avg_min,0.0423092971933865,0.0423092971933865
detection,20,idle_max_min,0.0422604002506889,0.0422604002506889
detection,20,window_size_bwd_min,0.0418822195492527,0.0418822195492527
detection,20,fwd_iat_tot_max,0.0414494775102706,0.0414494775102706
detection,20,subflow_fwd_pkts_min,0.0413510464756476,0.0413510464756476
detection,20,fwd_iat_min_min,0.041260286259799,0.041260286259799
detection,20,active_min_mean,0.041260148437499,0.041260148437499
detection,20,bwd_iat_tot_min,0.0411104590781881,0.0411104590781881
detection,20,ece_flag_cnt_mean,-0.0401167465653952,0.0401167465653952
detection,20,idle_mean_min,0.0384424226189948,0.0384424226189948
detection,20,subflow_bwd_pkts_min,-0.038297452130003,0.038297452130003
detection,20,fwd_pkts_per_sec_min,-0.0373269958299653,0.0373269958299653
detection,20,idle_min_sum,0.0371541824232156,0.0371541824232156
detection,20,subflow_bwd_byts_mean,-0.0366257852689142,0.0366257852689142
detection,20,idle_min_mean,-0.036110195441376,0.036110195441376
detection,20,window_size_fwd_min,0.0339266511653914,0.0339266511653914
detection,20,fwd_pkt_len_min_min,0.0332548459533705,0.0332548459533705
detection,20,idle_std_sum,0.0327278449970073,0.0327278449970073
detection,20,idle_min_min,0.0323847054034793,0.0323847054034793
detection,20,pkt_len_min_min,0.0309602712021593,0.0309602712021593
detection,20,active_min_max,0.0307154566303403,0.0307154566303403
detection,20,active_min_min,0.0306682728539905,0.0306682728539905
detection,20,bwd_iat_max_min,0.030435833799465,0.030435833799465
detection,20,fwd_seg_size_avg_min,0.0301890975677746,0.0301890975677746
detection,20,fwd_pkt_len_mean_min,0.0301890975677746,0.0301890975677746
detection,20,active_mean_min,0.0298314427738986,0.0298314427738986
detection,20,fwd_pkt_len_min_max,-0.0294563946980135,0.0294563946980135
detection,20,active_max_min,0.0284651805912667,0.0284651805912667
detection,20,psh_flag_cnt_min,0.0279953923625303,0.0279953923625303
detection,20,bwd_pkts_per_sec_min,0.0276078249992528,0.0276078249992528
detection,20,down_up_ratio_min,0.027276173063612,0.027276173063612
detection,20,fwd_pkt_len_max_min,0.0266698106818455,0.0266698106818455
detection,20,active_std_min,0.0256536092840023,0.0256536092840023
detection,20,bwd_pkt_len_min_max,-0.0252743719167895,0.0252743719167895
detection,20,subflow_fwd_byts_min,0.0250375547334236,0.0250375547334236
detection,20,idle_std_min,0.0247742809861719,0.0247742809861719
detection,20,bwd_iat_std_max,-0.0234326021880157,0.0234326021880157
detection,20,flow_iat_std_min,0.0233737288845768,0.0233737288845768
detection,20,fwd_seg_size_avg_std,-0.023045188516766,0.023045188516766
detection,20,fwd_pkt_len_mean_std,-0.023045188516766,0.023045188516766
detection,20,fwd_iat_std_min,0.0226195444169498,0.0226195444169498
detection,20,fwd_psh_flags_min,0.0226175262228274,0.0226175262228274
detection,20,ack_flag_cnt_min,0.0226175262228274,0.0226175262228274
detection,20,syn_flag_cnt_min,0.0226175262228274,0.0226175262228274
detection,20,packets_per_sec_std,0.0216250110952757,0.0216250110952757
detection,20,fwd_seg_size_avg_max,0.020931674436665,0.020931674436665
detection,20,fwd_pkt_len_mean_max,0.020931674436665,0.020931674436665
detection,20,bytes_per_sec_min,0.018804997071879,0.018804997071879
detection,20,fwd_act_data_pkts_std,-0.0181995022134661,0.0181995022134661
detection,20,bwd_header_len_min,0.0180518179336538,0.0180518179336538
detection,20,packet_count_fwd_max,0.0169858133431072,0.0169858133431072
detection,20,pkt_payload_size_p25,-0.0159948194794504,0.0159948194794504
detection,20,fwd_act_data_pkts_min,0.0114020221265797,0.0114020221265797
detection,20,bwd_iat_max_max,0.0112070054055978,0.0112070054055978
detection,20,flow_iat_mean_max,-0.0111422219186341,0.0111422219186341
detection,20,bwd_iat_mean_min,-0.006543182314543,0.006543182314543
detection,20,fwd_header_len_min,-0.0058379449152343,0.0058379449152343
detection,20,fin_flag_cnt_sum,0.0055903432868131,0.0055903432868131
detection,20,byte_count_fwd_min,0.0048867971835253,0.0048867971835253
detection,20,byte_count_fwd_mean,-0.0026378571645796,0.0026378571645796
detection,20,pkt_len_var_std,-0.0019325975713746,0.0019325975713746
detection,20,fwd_byts_b_avg_max,0.0,0.0
detection,20,mask_has_flow_timing_features,0.0,0.0
detection,20,mask_has_traffic_volume_features,0.0,0.0
detection,20,fin_flag_cnt_min,0.0,0.0
detection,20,rst_flag_cnt_min,0.0,0.0
detection,20,mask_has_identity_auth,0.0,0.0
detection,20,fwd_byts_b_avg_min,0.0,0.0
detection,20,fwd_byts_b_avg_sum,0.0,0.0
detection,20,fwd_byts_b_avg_std,0.0,0.0
detection,20,fwd_byts_b_avg_mean,0.0,0.0
detection,20,ece_flag_cnt_min,0.0,0.0
detection,20,urg_flag_cnt_min,0.0,0.0
detection,20,cwe_flag_cnt_min,0.0,0.0
detection,20,bwd_urg_flags_max,0.0,0.0
detection,20,mask_has_graph_topology,0.0,0.0
detection,20,pkt_frag_mf_count,0.0,0.0
detection,20,mask_has_tcp_flags,0.0,0.0
detection,20,bwd_pkts_b_avg_max,0.0,0.0
detection,20,bwd_blk_rate_avg_max,0.0,0.0
detection,20,bwd_blk_rate_avg_sum,0.0,0.0
detection,20,bwd_pkts_b_avg_sum,0.0,0.0
detection,20,fwd_pkts_b_avg_std,0.0,0.0
detection,20,fwd_pkts_b_avg_sum,0.0,0.0
detection,20,fwd_pkts_b_avg_mean,0.0,0.0
detection,20,bwd_blk_rate_avg_min,0.0,0.0
detection,20,bwd_pkts_b_avg_min,0.0,0.0
detection,20,bwd_blk_rate_avg_mean,0.0,0.0
detection,20,bwd_blk_rate_avg_std,0.0,0.0
detection,20,fwd_pkts_b_avg_min,0.0,0.0
detection,20,fwd_blk_rate_avg_min,0.0,0.0
detection,20,fwd_blk_rate_avg_max,0.0,0.0
detection,20,bwd_byts_b_avg_mean,0.0,0.0
detection,20,bwd_byts_b_avg_std,0.0,0.0
detection,20,fwd_pkts_b_avg_max,0.0,0.0
detection,20,fwd_blk_rate_avg_mean,0.0,0.0
detection,20,fwd_blk_rate_avg_std,0.0,0.0
detection,20,fwd_blk_rate_avg_sum,0.0,0.0
detection,20,bwd_pkts_b_avg_mean,0.0,0.0
detection,20,bwd_byts_b_avg_max,0.0,0.0
detection,20,bwd_byts_b_avg_min,0.0,0.0
detection,20,bwd_byts_b_avg_sum,0.0,0.0
detection,20,bwd_psh_flags_std,0.0,0.0
detection,20,bwd_psh_flags_sum,0.0,0.0
detection,20,bwd_pkts_b_avg_std,0.0,0.0
detection,20,bwd_psh_flags_mean,0.0,0.0
detection,20,bwd_psh_flags_max,0.0,0.0
detection,20,bwd_psh_flags_min,0.0,0.0
detection,20,fwd_urg_flags_min,0.0,0.0
detection,20,bwd_urg_flags_mean,0.0,0.0
detection,20,bwd_urg_flags_std,0.0,0.0
detection,20,bwd_urg_flags_sum,0.0,0.0
detection,20,bwd_urg_flags_min,0.0,0.0
detection,20,bwd_pkt_len_min_min,0.0,0.0
detection,21,fwd_pkt_len_std_mean,1.7992478522322135,1.7992478522322135
detection,21,bwd_pkt_len_std_mean,-1.7300506610382882,1.7300506610382882
detection,21,window_size_bwd_std,1.7121256947016266,1.7121256947016266
detection,21,byte_count_bwd_std,-1.6539325750240417,1.6539325750240417
detection,21,fwd_pkt_len_max_std,-1.5951566095091592,1.5951566095091592
detection,21,pkt_tcp_retrans_count,1.4620901300963187,1.4620901300963187
detection,21,pkt_port_scan_seq_score,1.3648534114973816,1.3648534114973816
detection,21,bwd_iat_std_mean,1.330270970001274,1.330270970001274
detection,21,packet_count_bwd_std,1.2628829533102608,1.2628829533102608
detection,21,down_up_ratio_std,-1.2429949451801492,1.2429949451801492
detection,21,byte_count_fwd_max,1.2400638292709838,1.2400638292709838
detection,21,bytes_per_sec_mean,-1.2329103581197227,1.2329103581197227
detection,21,flow_iat_std_std,-1.1999063051335388,1.1999063051335388
detection,21,bytes_per_sec_max,1.1810242171352066,1.1810242171352066
detection,21,window_size_fwd_std,-1.1247643061182768,1.1247643061182768
detection,21,bwd_iat_max_std,-1.1197998177450594,1.1197998177450594
detection,21,pkt_len_std_mean,-1.0982706509136977,1.0982706509136977
detection,21,bwd_pkt_len_min_mean,1.0341211392556895,1.0341211392556895
detection,21,bwd_iat_mean_std,1.0335098121329305,1.0335098121329305
detection,21,bwd_iat_min_std,-1.0288208827457055,1.0288208827457055
detection,21,ack_flag_cnt_std,0.988570874330644,0.988570874330644
detection,21,bwd_pkts_per_sec_sum,-0.9734144460625992,0.9734144460625992
detection,21,urg_flag_cnt_mean,-0.9646790511257032,0.9646790511257032
detection,21,bwd_pkt_len_std_std,0.9589375183976206,0.9589375183976206
detection,21,pkt_len_min_std,0.9451745146205942,0.9451745146205942
detection,21,fwd_seg_size_min_mean,0.9351262949750492,0.9351262949750492
detection,21,subflow_bwd_byts_sum,-0.9251461912205308,0.9251461912205308
detection,21,bwd_seg_size_avg_max,0.9127126051477044,0.9127126051477044
detection,21,bwd_pkt_len_mean_max,0.9127126051474692,0.9127126051474692
detection,21,bwd_iat_min_max,0.85968321633171,0.85968321633171
detection,21,bytes_per_sec_sum,-0.8568878771147378,0.8568878771147378
detection,21,fwd_header_len_mean,0.8329529237087279,0.8329529237087279
detection,21,pkt_len_mean_max,-0.8029907095597648,0.8029907095597648
detection,21,fwd_pkt_len_std_std,0.7945594355431606,0.7945594355431606
detection,21,pkt_payload_size_p95,-0.7798834135101332,0.7798834135101332
detection,21,pkt_len_max_std,-0.7518942904738615,0.7518942904738615
detection,21,bwd_pkts_per_sec_std,0.7388121015924198,0.7388121015924198
detection,21,active_max_sum,0.7371553487020943,0.7371553487020943
detection,21,bwd_pkt_len_max_std,0.7339998861630144,0.7339998861630144
detection,21,pkt_len_mean_mean,-0.7300560988975944,0.7300560988975944
detection,21,duration_sec_std,0.7146936777573838,0.7146936777573838
detection,21,bwd_iat_mean_sum,-0.7073195150117865,0.7073195150117865
detection,21,fwd_iat_mean_std,-0.6899749248258217,0.6899749248258217
detection,21,window_size_bwd_mean,-0.6887307181826285,0.6887307181826285
detection,21,pkt_size_avg_mean,-0.6849762688565216,0.6849762688565216
detection,21,packet_count_bwd_mean,0.6826922171059883,0.6826922171059883
detection,21,byte_count_bwd_max,-0.6725585234554609,0.6725585234554609
detection,21,urg_flag_cnt_max,0.6679926641071385,0.6679926641071385
detection,21,bwd_pkt_len_std_max,0.6651503858600833,0.6651503858600833
detection,21,active_mean_sum,-0.6643068800944826,0.6643068800944826
detection,21,window_size_bwd_sum,-0.6641619158353483,0.6641619158353483
detection,21,ece_flag_cnt_sum,0.65829562494583,0.65829562494583
detection,21,rst_flag_cnt_sum,0.6574733100275048,0.6574733100275048
detection,21,pkt_len_std_std,0.6385907541582878,0.6385907541582878
detection,21,bwd_iat_tot_mean,-0.6257625213047951,0.6257625213047951
detection,21,byte_count_bwd_mean,-0.6251363626380354,0.6251363626380354
detection,21,ece_flag_cnt_std,0.6198786231777226,0.6198786231777226
detection,21,byte_count_fwd_std,-0.6185188893789993,0.6185188893789993
detection,21,psh_flag_cnt_mean,0.6129206600943972,0.6129206600943972
detection,21,fwd_header_len_sum,0.6046044246956276,0.6046044246956276
detection,21,rst_flag_cnt_std,0.5939710327975289,0.5939710327975289
detection,21,pkt_len_var_sum,0.5852240033364721,0.5852240033364721
detection,21,flow_iat_max_std,-0.5800756250540633,0.5800756250540633
detection,21,urg_flag_cnt_std,0.5748742010080454,0.5748742010080454
detection,21,pkt_payload_size_p75,-0.5717014666281229,0.5717014666281229
detection,21,active_std_sum,-0.5689984050185555,0.5689984050185555
detection,21,window_size_bwd_max,0.5639202892800377,0.5639202892800377
detection,21,fwd_seg_size_min_std,-0.5541508239517563,0.5541508239517563
detection,21,pkt_frag_df_count,0.55102607034,0.55102607034
detection,21,subflow_fwd_byts_mean,-0.5477030681699042,0.5477030681699042
detection,21,pkt_len_max_mean,-0.5323449561981886,0.5323449561981886
detection,21,bwd_iat_mean_max,-0.5253152054772023,0.5253152054772023
detection,21,fwd_pkt_len_max_max,0.5188538833094496,0.5188538833094496
detection,21,bwd_pkt_len_mean_sum,0.5182291739503421,0.5182291739503421
detection,21,bwd_seg_size_avg_sum,0.5182291739498738,0.5182291739498738
detection,21,bwd_iat_mean_mean,0.4985147129676527,0.4985147129676527
detection,21,idle_std_mean,0.4948967187295285,0.4948967187295285
detection,21,subflow_bwd_byts_max,0.4926829826654743,0.4926829826654743
detection,21,byte_count_bwd_sum,-0.4829542069204348,0.4829542069204348
detection,21,flow_iat_std_sum,-0.4825955271191022,0.4825955271191022
detection,21,fwd_iat_std_mean,0.4824989940480974,0.4824989940480974
detection,21,subflow_fwd_byts_sum,0.4761344828816888,0.4761344828816888
detection,21,subflow_fwd_pkts_sum,0.4747491925832166,0.4747491925832166
detection,21,ack_flag_cnt_sum,0.4712234677696905,0.4712234677696905
detection,21,down_up_ratio_max,0.4672317993517808,0.4672317993517808
detection,21,active_std_mean,-0.453881614184007,0.453881614184007
detection,21,idle_max_mean,0.4533720312866052,0.4533720312866052
detection,21,active_max_std,0.4355182718681431,0.4355182718681431
detection,21,window_size_fwd_mean,0.4343502210877361,0.4343502210877361
detection,21,idle_min_std,-0.4217822730830848,0.4217822730830848
detection,21,bwd_header_len_max,0.4158447063585354,0.4158447063585354
detection,21,fwd_iat_min_std,-0.4114259908192804,0.4114259908192804
detection,21,down_up_ratio_mean,0.4058092234754287,0.4058092234754287
detection,21,mask_has_packet_level_features,-0.403920289765573,0.403920289765573
detection,21,pkt_ttl_max,-0.403920289765573,0.403920289765573
detection,21,fwd_pkt_len_std_sum,0.4011712884163048,0.4011712884163048
detection,21,fwd_pkt_len_mean_sum,0.3933492012376035,0.3933492012376035
detection,21,fwd_seg_size_avg_sum,0.3933492012376035,0.3933492012376035
detection,21,pkt_len_var_mean,-0.3915246567095576,0.3915246567095576
detection,21,fwd_iat_tot_std,0.3848848670409059,0.3848848670409059
detection,21,down_up_ratio_sum,0.3841605377752183,0.3841605377752183
detection,21,fwd_iat_std_sum,0.3817392695447128,0.3817392695447128
detection,21,bwd_header_len_std,-0.3802937210549065,0.3802937210549065
detection,21,pkt_ttl_std,0.3785554900177869,0.3785554900177869
detection,21,pkt_ttl_mode,0.374917600709909,0.374917600709909
detection,21,pkt_len_mean_sum,0.3729680451719483,0.3729680451719483
detection,21,fwd_pkts_per_sec_max,-0.3688170409645843,0.3688170409645843
detection,21,fwd_pkt_len_max_sum,0.3665683459137281,0.3665683459137281
detection,21,fwd_pkts_per_sec_sum,0.3653105832795857,0.3653105832795857
detection,21,pkt_len_max_max,0.3651084062541433,0.3651084062541433
detection,21,subflow_bwd_pkts_std,-0.3642972644999205,0.3642972644999205
detection,21,bwd_pkt_len_min_std,-0.3562541915374543,0.3562541915374543
detection,21,duration_microsec_std,0.3557775570516384,0.3557775570516384
detection,21,fwd_iat_max_sum,0.3469151833164812,0.3469151833164812
detection,21,pkt_len_mean_std,0.3438121950318824,0.3438121950318824
detection,21,pkt_len_min_max,-0.3393000761288636,0.3393000761288636
detection,21,pkt_size_avg_sum,0.3348348542125381,0.3348348542125381
detection,21,fwd_pkts_per_sec_mean,0.332867606502079,0.332867606502079
detection,21,packets_per_sec_max,-0.3279622329777392,0.3279622329777392
detection,21,packet_count_bwd_max,0.3250547684377757,0.3250547684377757
detection,21,fwd_iat_std_std,0.3236852864034166,0.3236852864034166
detection,21,active_min_std,-0.3205613323124447,0.3205613323124447
detection,21,fwd_urg_flags_std,0.3171976054865401,0.3171976054865401
detection,21,cwe_flag_cnt_std,0.3171976054865401,0.3171976054865401
detection,21,packet_count_fwd_std,-0.3165185698442631,0.3165185698442631
detection,21,pkt_len_max_sum,0.3132880414035515,0.3132880414035515
detection,21,flow_iat_min_sum,0.3116389509847002,0.3116389509847002
detection,21,fwd_iat_min_max,0.3092774898588693,0.3092774898588693
detection,21,pkt_size_avg_max,0.3088340983438442,0.3088340983438442
detection,21,fwd_act_data_pkts_max,-0.3041938616269488,0.3041938616269488
detection,21,pkt_len_std_sum,0.2955071344233181,0.2955071344233181
detection,21,flow_iat_max_mean,-0.2937944548626215,0.2937944548626215
detection,21,active_mean_std,-0.2910218197631313,0.2910218197631313
detection,21,fwd_iat_max_max,-0.2893626426522757,0.2893626426522757
detection,21,fwd_iat_min_sum,0.2837288842085465,0.2837288842085465
detection,21,subflow_bwd_pkts_sum,-0.2779161740249753,0.2779161740249753
detection,21,active_std_max,0.2777758892741135,0.2777758892741135
detection,21,packets_per_sec_sum,-0.2773115244883261,0.2773115244883261
detection,21,fwd_iat_mean_max,0.272757375043493,0.272757375043493
detection,21,active_max_mean,-0.2712429386731948,0.2712429386731948
detection,21,duration_sec_sum,-0.2707610900569681,0.2707610900569681
detection,21,duration_microsec_max,0.2704019562487196,0.2704019562487196
detection,21,fwd_act_data_pkts_mean,-0.266778619403834,0.266778619403834
detection,21,active_std_std,-0.2647433665773603,0.2647433665773603
detection,21,subflow_bwd_byts_std,-0.2644303158775525,0.2644303158775525
detection,21,bwd_iat_tot_max,-0.2639999097317259,0.2639999097317259
detection,21,idle_mean_mean,0.262985547539138,0.262985547539138
detection,21,bwd_pkts_per_sec_max,-0.2610058250485987,0.2610058250485987
detection,21,fwd_seg_size_min_sum,0.2536368753067604,0.2536368753067604
detection,21,packets_per_sec_mean,-0.252905985190946,0.252905985190946
detection,21,subflow_fwd_pkts_mean,0.2523087096821539,0.2523087096821539
detection,21,fwd_seg_size_avg_mean,-0.251332115895898,0.251332115895898
detection,21,fwd_pkt_len_mean_mean,-0.251332115895898,0.251332115895898
detection,21,packets_per_sec_min,-0.2502788928788068,0.2502788928788068
detection,21,pkt_len_var_max,0.2485765582779512,0.2485765582779512
detection,21,bwd_pkts_per_sec_mean,-0.247220382287408,0.247220382287408
detection,21,flow_iat_max_max,0.2384870373179521,0.2384870373179521
detection,21,flow_iat_mean_sum,0.2357957414683604,0.2357957414683604
detection,21,fwd_iat_std_max,0.2317720372596312,0.2317720372596312
detection,21,idle_mean_std,-0.2304408514443782,0.2304408514443782
detection,21,flow_iat_std_mean,-0.2259527957777165,0.2259527957777165
detection,21,bwd_pkt_len_max_sum,0.2251091086861128,0.2251091086861128
detection,21,duration_sec_max,0.2247706547053201,0.2247706547053201
detection,21,fwd_pkt_len_std_max,-0.2227072482726823,0.2227072482726823
detection,21,byte_count_fwd_sum,-0.2205324239507383,0.2205324239507383
detection,21,flow_iat_std_max,-0.2163593411058576,0.2163593411058576
detection,21,fwd_header_len_max,0.2091539520369039,0.2091539520369039
detection,21,fwd_urg_flags_mean,-0.2036200420027677,0.2036200420027677
detection,21,cwe_flag_cnt_mean,-0.2036200420027677,0.2036200420027677
detection,21,active_mean_mean,-0.1972007806672305,0.1972007806672305
detection,21,bwd_iat_std_std,0.1893801180112768,0.1893801180112768
detection,21,window_size_fwd_max,-0.188902376932486,0.188902376932486
detection,21,packet_count_fwd_sum,-0.1883308222807458,0.1883308222807458
detection,21,bwd_iat_std_sum,0.1879850882601399,0.1879850882601399
detection,21,fwd_pkt_len_max_mean,0.1834205003866376,0.1834205003866376
detection,21,flow_iat_max_sum,0.183155111402216,0.183155111402216
detection,21,bytes_per_sec_std,0.1804726614128231,0.1804726614128231
detection,21,idle_max_sum,0.1787968560930165,0.1787968560930165
detection,21,idle_max_max,-0.1767113157707177,0.1767113157707177
detection,21,pkt_ttl_min,-0.1701024780358794,0.1701024780358794
detection,21,active_max_max,0.1678496573916212,0.1678496573916212
detection,21,window_size_fwd_sum,0.1674648239651755,0.1674648239651755
detection,21,fin_flag_cnt_max,0.1666822503259384,0.1666822503259384
detection,21,fwd_seg_size_min_min,-0.1643094893946543,0.1643094893946543
detection,21,bwd_header_len_mean,-0.1625927678469276,0.1625927678469276
detection,21,unique_protocols_count,0.1619843580393516,0.1619843580393516
detection,21,bwd_iat_tot_sum,-0.1618867194032895,0.1618867194032895
detection,21,pkt_size_avg_std,0.1611027316645116,0.1611027316645116
detection,21,bwd_pkt_len_max_max,-0.1606501758831285,0.1606501758831285
detection,21,subflow_fwd_byts_std,0.1598007089461137,0.1598007089461137
detection,21,pkt_len_min_sum,-0.158254668711988,0.158254668711988
detection,21,active_min_sum,0.1571017047903993,0.1571017047903993
detection,21,bwd_pkt_len_min_sum,0.1539581857352827,0.1539581857352827
detection,21,bwd_header_len_sum,-0.1539570413534423,0.1539570413534423
detection,21,subflow_fwd_pkts_std,-0.1537957871059972,0.1537957871059972
detection,21,pkt_payload_size_p50,-0.1522292806857402,0.1522292806857402
detection,21,bwd_iat_max_sum,-0.1516129497257692,0.1516129497257692
detection,21,packet_count_bwd_min,-0.1502055751213807,0.1502055751213807
detection,21,flow_iat_mean_std,-0.1484325054597665,0.1484325054597665
detection,21,subflow_bwd_pkts_max,0.1472346729561995,0.1472346729561995
detection,21,fwd_pkts_per_sec_std,0.147051530488302,0.147051530488302
detection,21,fwd_iat_mean_mean,-0.1461328576429826,0.1461328576429826
detection,21,flow_count,0.1437166248506459,0.1437166248506459
detection,21,fwd_pkt_len_min_sum,-0.1436989785203858,0.1436989785203858
detection,21,flow_iat_mean_mean,0.1429126194070377,0.1429126194070377
detection,21,fwd_pkt_len_min_mean,-0.1386548796292643,0.1386548796292643
detection,21,fwd_psh_flags_std,-0.1383831744180341,0.1383831744180341
detection,21,syn_flag_cnt_std,-0.1383831744180341,0.1383831744180341
detection,21,fwd_iat_max_std,-0.1380331054555004,0.1380331054555004
detection,21,subflow_fwd_byts_max,0.1374343286641501,0.1374343286641501
detection,21,packet_count_bwd_sum,0.1361090348980672,0.1361090348980672
detection,21,ece_flag_cnt_max,-0.1357402766297679,0.1357402766297679
detection,21,rst_flag_cnt_max,-0.1357402766297679,0.1357402766297679
detection,21,subflow_fwd_pkts_max,-0.1328053742909105,0.1328053742909105
detection,21,ack_flag_cnt_mean,0.1326967641463617,0.1326967641463617
detection,21,ack_flag_cnt_max,-0.1318133871686141,0.1318133871686141
detection,21,fwd_iat_mean_sum,0.1293118076679909,0.1293118076679909
detection,21,bwd_iat_max_mean,-0.1287919257772846,0.1287919257772846
detection,21,bwd_pkt_len_mean_mean,0.1283869589070717,0.1283869589070717
detection,21,bwd_seg_size_avg_mean,0.1283869589032389,0.1283869589032389
detection,21,fwd_seg_size_min_max,-0.1275123284365487,0.1275123284365487
detection,21,fwd_iat_tot_sum,-0.1252583684839427,0.1252583684839427
detection,21,flow_iat_min_max,0.1218858470051628,0.1218858470051628
detection,21,bwd_iat_tot_std,-0.1208171102783756,0.1208171102783756
detection,21,fwd_urg_flags_max,0.1116386379058708,0.1116386379058708
detection,21,cwe_flag_cnt_max,0.1116386379058708,0.1116386379058708
detection,21,psh_flag_cnt_sum,0.1076655203665551,0.1076655203665551
detection,21,active_mean_max,0.1050514967102585,0.1050514967102585
detection,21,bwd_pkt_len_max_mean,0.1002882358747482,0.1002882358747482
detection,21,psh_flag_cnt_std,0.0975838690867651,0.0975838690867651
detection,21,unique_dst_ports_count,0.0971742600307652,0.0971742600307652
detection,21,bwd_pkt_len_mean_std,0.0967836872075069,0.0967836872075069
detection,21,bwd_seg_size_avg_std,0.0967836871886582,0.0967836871886582
detection,21,bwd_iat_min_sum,0.0922351038271405,0.0922351038271405
detection,21,idle_mean_sum,0.0884280635055321,0.0884280635055321
detection,21,fin_flag_cnt_mean,0.0875110419473716,0.0875110419473716
detection,21,duration_microsec_sum,-0.0864480405706565,0.0864480405706565
detection,21,urg_flag_cnt_sum,0.0853037796062213,0.0853037796062213
detection,21,bwd_iat_min_mean,-0.0839746596211469,0.0839746596211469
detection,21,subflow_bwd_pkts_mean,-0.0822567589061683,0.0822567589061683
detection,21,fwd_header_len_std,-0.0817678424124955,0.0817678424124955
detection,21,packet_count_fwd_mean,0.0813823086362637,0.0813823086362637
detection,21,rst_flag_cnt_mean,-0.0806684327975842,0.0806684327975842
detection,21,syn_flag_cnt_max,0.0802237663407899,0.0802237663407899
detection,21,fwd_psh_flags_max,0.0802237663407899,0.0802237663407899
detection,21,fwd_iat_max_mean,0.0791887252400074,0.0791887252400074
detection,21,idle_std_max,-0.0790635859487477,0.0790635859487477
detection,21,fwd_act_data_pkts_sum,-0.0778065183089256,0.0778065183089256
detection,21,duration_sec_mean,-0.0777547285753528,0.0777547285753528
detection,21,flow_iat_min_mean,0.0772266879703495,0.0772266879703495
detection,21,fwd_psh_flags_mean,-0.0761697275007225,0.0761697275007225
detection,21,syn_flag_cnt_mean,-0.0761697275007225,0.0761697275007225
detection,21,fwd_iat_min_mean,-0.0713596601736658,0.0713596601736658
detection,21,psh_flag_cnt_max,-0.0692081737581053,0.0692081737581053
detection,21,fwd_pkt_len_min_std,-0.066324184495629,0.066324184495629
detection,21,idle_std_std,0.0662143388766622,0.0662143388766622
detection,21,pkt_len_min_mean,0.0660965526109727,0.0660965526109727
detection,21,byte_count_bwd_min,0.0658772538760781,0.0658772538760781
detection,21,bwd_pkt_len_std_sum,0.0649553281667004,0.0649553281667004
detection,21,fwd_iat_tot_mean,-0.0641139570986273,0.0641139570986273
detection,21,pkt_len_max_min,0.0631478814436306,0.0631478814436306
detection,21,bwd_pkt_len_mean_min,0.0587145321288934,0.0587145321288934
detection,21,bwd_seg_size_avg_min,0.0587145321288934,0.0587145321288934
detection,21,idle_max_std,0.0564876795766344,0.0564876795766344
detection,21,duration_microsec_mean,-0.0561104639489706,0.0561104639489706
detection,21,pkt_len_std_min,0.0546727903896703,0.0546727903896703
detection,21,idle_mean_max,-0.0529504800690924,0.0529504800690924
detection,21,fwd_psh_flags_sum,-0.0525060808865162,0.0525060808865162
detection,21,syn_flag_cnt_sum,-0.0525060808865162,0.0525060808865162
detection,21,bwd_iat_min_min,-0.0520780601425874,0.0520780601425874
detection,21,bwd_pkt_len_max_min,0.0520286339511975,0.0520286339511975
detection,21,subflow_bwd_byts_min,0.0506495915612334,0.0506495915612334
detection,21,pkt_len_var_min,0.0494249326081994,0.0494249326081994
detection,21,bwd_iat_std_min,0.048709999052202,0.048709999052202
detection,21,duration_microsec_min,0.048476890394348,0.048476890394348
detection,21,bwd_pkt_len_std_min,0.0484716792935949,0.0484716792935949
detection,21,fwd_iat_tot_min,0.0484131722066334,0.0484131722066334
detection,21,pkt_len_std_max,0.04814721307496,0.04814721307496
detection,21,packet_count_fwd_min,0.0479429080893445,0.0479429080893445
detection,21,fwd_urg_flags_sum,0.0465503872454769,0.0465503872454769
detection,21,cwe_flag_cnt_sum,0.0465503872454769,0.0465503872454769
detection,21,flow_iat_min_std,0.0462938732398977,0.0462938732398977
detection,21,flow_iat_min_min,0.0461568594988896,0.0461568594988896
detection,21,fin_flag_cnt_std,0.0455927257468642,0.0455927257468642
detection,21,flow_iat_mean_min,0.045413783957,0.045413783957
detection,21,idle_min_max,-0.044934696212459,0.044934696212459
detection,21,fwd_pkt_len_std_min,0.0449320011249411,0.0449320011249411
detection,21,fwd_iat_mean_min,0.0442947237386787,0.0442947237386787
detection,21,duration_sec_min,0.0438113649980811,0.0438113649980811
detection,21,pkt_len_mean_min,0.0433216616145518,0.0433216616145518
detection,21,fwd_iat_max_min,0.042868956766743,0.042868956766743
detection,21,flow_iat_max_min,0.0427596096280978,0.0427596096280978
detection,21,pkt_size_avg_min,0.0423092971933865,0.0423092971933865
detection,21,idle_max_min,0.0422604002506889,0.0422604002506889
detection,21,window_size_bwd_min,0.0418822195492527,0.0418822195492527
detection,21,fwd_iat_tot_max,0.0414494775102706,0.0414494775102706
detection,21,subflow_fwd_pkts_min,0.0413510464756476,0.0413510464756476
detection,21,fwd_iat_min_min,0.041260286259799,0.041260286259799
detection,21,active_min_mean,0.041260148437499,0.041260148437499
detection,21,bwd_iat_tot_min,0.0411104590781881,0.0411104590781881
detection,21,ece_flag_cnt_mean,-0.0401167465653952,0.0401167465653952
detection,21,idle_mean_min,0.0384424226189948,0.0384424226189948
detection,21,subflow_bwd_pkts_min,-0.038297452130003,0.038297452130003
detection,21,fwd_pkts_per_sec_min,-0.0373269958299653,0.0373269958299653
detection,21,idle_min_sum,0.0371541824232156,0.0371541824232156
detection,21,subflow_bwd_byts_mean,-0.0366257852689142,0.0366257852689142
detection,21,idle_min_mean,-0.036110195441376,0.036110195441376
detection,21,window_size_fwd_min,0.0339266511653914,0.0339266511653914
detection,21,fwd_pkt_len_min_min,0.0332548459533705,0.0332548459533705
detection,21,idle_std_sum,0.0327278449970073,0.0327278449970073
detection,21,idle_min_min,0.0323847054034793,0.0323847054034793
detection,21,pkt_len_min_min,0.0309602712021593,0.0309602712021593
detection,21,active_min_max,0.0307154566303403,0.0307154566303403
detection,21,active_min_min,0.0306682728539905,0.0306682728539905
detection,21,bwd_iat_max_min,0.030435833799465,0.030435833799465
detection,21,fwd_seg_size_avg_min,0.0301890975677746,0.0301890975677746
detection,21,fwd_pkt_len_mean_min,0.0301890975677746,0.0301890975677746
detection,21,active_mean_min,0.0298314427738986,0.0298314427738986
detection,21,fwd_pkt_len_min_max,-0.0294563946980135,0.0294563946980135
detection,21,active_max_min,0.0284651805912667,0.0284651805912667
detection,21,psh_flag_cnt_min,0.0279953923625303,0.0279953923625303
detection,21,bwd_pkts_per_sec_min,0.0276078249992528,0.0276078249992528
detection,21,down_up_ratio_min,0.027276173063612,0.027276173063612
detection,21,fwd_pkt_len_max_min,0.0266698106818455,0.0266698106818455
detection,21,active_std_min,0.0256536092840023,0.0256536092840023
detection,21,bwd_pkt_len_min_max,-0.0252743719167895,0.0252743719167895
detection,21,subflow_fwd_byts_min,0.0250375547334236,0.0250375547334236
detection,21,idle_std_min,0.0247742809861719,0.0247742809861719
detection,21,bwd_iat_std_max,-0.0234326021880157,0.0234326021880157
detection,21,flow_iat_std_min,0.0233737288845768,0.0233737288845768
detection,21,fwd_seg_size_avg_std,-0.023045188516766,0.023045188516766
detection,21,fwd_pkt_len_mean_std,-0.023045188516766,0.023045188516766
detection,21,fwd_iat_std_min,0.0226195444169498,0.0226195444169498
detection,21,fwd_psh_flags_min,0.0226175262228274,0.0226175262228274
detection,21,ack_flag_cnt_min,0.0226175262228274,0.0226175262228274
detection,21,syn_flag_cnt_min,0.0226175262228274,0.0226175262228274
detection,21,packets_per_sec_std,0.0216250110952757,0.0216250110952757
detection,21,fwd_seg_size_avg_max,0.020931674436665,0.020931674436665
detection,21,fwd_pkt_len_mean_max,0.020931674436665,0.020931674436665
detection,21,bytes_per_sec_min,0.018804997071879,0.018804997071879
detection,21,fwd_act_data_pkts_std,-0.0181995022134661,0.0181995022134661
detection,21,bwd_header_len_min,0.0180518179336538,0.0180518179336538
detection,21,packet_count_fwd_max,0.0169858133431072,0.0169858133431072
detection,21,pkt_payload_size_p25,-0.0159948194794504,0.0159948194794504
detection,21,fwd_act_data_pkts_min,0.0114020221265797,0.0114020221265797
detection,21,bwd_iat_max_max,0.0112070054055978,0.0112070054055978
detection,21,flow_iat_mean_max,-0.0111422219186341,0.0111422219186341
detection,21,bwd_iat_mean_min,-0.006543182314543,0.006543182314543
detection,21,fwd_header_len_min,-0.0058379449152343,0.0058379449152343
detection,21,fin_flag_cnt_sum,0.0055903432868131,0.0055903432868131
detection,21,byte_count_fwd_min,0.0048867971835253,0.0048867971835253
detection,21,byte_count_fwd_mean,-0.0026378571645796,0.0026378571645796
detection,21,pkt_len_var_std,-0.0019325975713746,0.0019325975713746
detection,21,fwd_byts_b_avg_max,0.0,0.0
detection,21,mask_has_flow_timing_features,0.0,0.0
detection,21,mask_has_traffic_volume_features,0.0,0.0
detection,21,fin_flag_cnt_min,0.0,0.0
detection,21,rst_flag_cnt_min,0.0,0.0
detection,21,mask_has_identity_auth,0.0,0.0
detection,21,fwd_byts_b_avg_min,0.0,0.0
detection,21,fwd_byts_b_avg_sum,0.0,0.0
detection,21,fwd_byts_b_avg_std,0.0,0.0
detection,21,fwd_byts_b_avg_mean,0.0,0.0
detection,21,ece_flag_cnt_min,0.0,0.0
detection,21,urg_flag_cnt_min,0.0,0.0
detection,21,cwe_flag_cnt_min,0.0,0.0
detection,21,bwd_urg_flags_max,0.0,0.0
detection,21,mask_has_graph_topology,0.0,0.0
detection,21,pkt_frag_mf_count,0.0,0.0
detection,21,mask_has_tcp_flags,0.0,0.0
detection,21,bwd_pkts_b_avg_max,0.0,0.0
detection,21,bwd_blk_rate_avg_max,0.0,0.0
detection,21,bwd_blk_rate_avg_sum,0.0,0.0
detection,21,bwd_pkts_b_avg_sum,0.0,0.0
detection,21,fwd_pkts_b_avg_std,0.0,0.0
detection,21,fwd_pkts_b_avg_sum,0.0,0.0
detection,21,fwd_pkts_b_avg_mean,0.0,0.0
detection,21,bwd_blk_rate_avg_min,0.0,0.0
detection,21,bwd_pkts_b_avg_min,0.0,0.0
detection,21,bwd_blk_rate_avg_mean,0.0,0.0
detection,21,bwd_blk_rate_avg_std,0.0,0.0
detection,21,fwd_pkts_b_avg_min,0.0,0.0
detection,21,fwd_blk_rate_avg_min,0.0,0.0
detection,21,fwd_blk_rate_avg_max,0.0,0.0
detection,21,bwd_byts_b_avg_mean,0.0,0.0
detection,21,bwd_byts_b_avg_std,0.0,0.0
detection,21,fwd_pkts_b_avg_max,0.0,0.0
detection,21,fwd_blk_rate_avg_mean,0.0,0.0
detection,21,fwd_blk_rate_avg_std,0.0,0.0
detection,21,fwd_blk_rate_avg_sum,0.0,0.0
detection,21,bwd_pkts_b_avg_mean,0.0,0.0
detection,21,bwd_byts_b_avg_max,0.0,0.0
detection,21,bwd_byts_b_avg_min,0.0,0.0
detection,21,bwd_byts_b_avg_sum,0.0,0.0
detection,21,bwd_psh_flags_std,0.0,0.0
detection,21,bwd_psh_flags_sum,0.0,0.0
detection,21,bwd_pkts_b_avg_std,0.0,0.0
detection,21,bwd_psh_flags_mean,0.0,0.0
detection,21,bwd_psh_flags_max,0.0,0.0
detection,21,bwd_psh_flags_min,0.0,0.0
detection,21,fwd_urg_flags_min,0.0,0.0
detection,21,bwd_urg_flags_mean,0.0,0.0
detection,21,bwd_urg_flags_std,0.0,0.0
detection,21,bwd_urg_flags_sum,0.0,0.0
detection,21,bwd_urg_flags_min,0.0,0.0
detection,21,bwd_pkt_len_min_min,0.0,0.0
detection,22,fwd_pkt_len_std_mean,1.7992478522322135,1.7992478522322135
detection,22,bwd_pkt_len_std_mean,-1.7300506610382882,1.7300506610382882
detection,22,window_size_bwd_std,1.7121256947016266,1.7121256947016266
detection,22,byte_count_bwd_std,-1.6539325750240417,1.6539325750240417
detection,22,fwd_pkt_len_max_std,-1.5951566095091592,1.5951566095091592
detection,22,pkt_tcp_retrans_count,1.4620901300963187,1.4620901300963187
detection,22,pkt_port_scan_seq_score,1.3648534114973816,1.3648534114973816
detection,22,bwd_iat_std_mean,1.330270970001274,1.330270970001274
detection,22,packet_count_bwd_std,1.2628829533102608,1.2628829533102608
detection,22,down_up_ratio_std,-1.2429949451801492,1.2429949451801492
detection,22,byte_count_fwd_max,1.2400638292709838,1.2400638292709838
detection,22,bytes_per_sec_mean,-1.2329103581197227,1.2329103581197227
detection,22,flow_iat_std_std,-1.1999063051335388,1.1999063051335388
detection,22,bytes_per_sec_max,1.1810242171352066,1.1810242171352066
detection,22,window_size_fwd_std,-1.1247643061182768,1.1247643061182768
detection,22,bwd_iat_max_std,-1.1197998177450594,1.1197998177450594
detection,22,pkt_len_std_mean,-1.0982706509136977,1.0982706509136977
detection,22,bwd_pkt_len_min_mean,1.0341211392556895,1.0341211392556895
detection,22,bwd_iat_mean_std,1.0335098121329305,1.0335098121329305
detection,22,bwd_iat_min_std,-1.0288208827457055,1.0288208827457055
detection,22,ack_flag_cnt_std,0.988570874330644,0.988570874330644
detection,22,bwd_pkts_per_sec_sum,-0.9734144460625992,0.9734144460625992
detection,22,urg_flag_cnt_mean,-0.9646790511257032,0.9646790511257032
detection,22,bwd_pkt_len_std_std,0.9589375183976206,0.9589375183976206
detection,22,pkt_len_min_std,0.9451745146205942,0.9451745146205942
detection,22,fwd_seg_size_min_mean,0.9351262949750492,0.9351262949750492
detection,22,subflow_bwd_byts_sum,-0.9251461912205308,0.9251461912205308
detection,22,bwd_seg_size_avg_max,0.9127126051477044,0.9127126051477044
detection,22,bwd_pkt_len_mean_max,0.9127126051474692,0.9127126051474692
detection,22,bwd_iat_min_max,0.85968321633171,0.85968321633171
detection,22,bytes_per_sec_sum,-0.8568878771147378,0.8568878771147378
detection,22,fwd_header_len_mean,0.8329529237087279,0.8329529237087279
detection,22,pkt_len_mean_max,-0.8029907095597648,0.8029907095597648
detection,22,fwd_pkt_len_std_std,0.7945594355431606,0.7945594355431606
detection,22,pkt_payload_size_p95,-0.7798834135101332,0.7798834135101332
detection,22,pkt_len_max_std,-0.7518942904738615,0.7518942904738615
detection,22,bwd_pkts_per_sec_std,0.7388121015924198,0.7388121015924198
detection,22,active_max_sum,0.7371553487020943,0.7371553487020943
detection,22,bwd_pkt_len_max_std,0.7339998861630144,0.7339998861630144
detection,22,pkt_len_mean_mean,-0.7300560988975944,0.7300560988975944
detection,22,duration_sec_std,0.7146936777573838,0.7146936777573838
detection,22,bwd_iat_mean_sum,-0.7073195150117865,0.7073195150117865
detection,22,fwd_iat_mean_std,-0.6899749248258217,0.6899749248258217
detection,22,window_size_bwd_mean,-0.6887307181826285,0.6887307181826285
detection,22,pkt_size_avg_mean,-0.6849762688565216,0.6849762688565216
detection,22,packet_count_bwd_mean,0.6826922171059883,0.6826922171059883
detection,22,byte_count_bwd_max,-0.6725585234554609,0.6725585234554609
detection,22,urg_flag_cnt_max,0.6679926641071385,0.6679926641071385
detection,22,bwd_pkt_len_std_max,0.6651503858600833,0.6651503858600833
detection,22,active_mean_sum,-0.6643068800944826,0.6643068800944826
detection,22,window_size_bwd_sum,-0.6641619158353483,0.6641619158353483
detection,22,ece_flag_cnt_sum,0.65829562494583,0.65829562494583
detection,22,rst_flag_cnt_sum,0.6574733100275048,0.6574733100275048
detection,22,pkt_len_std_std,0.6385907541582878,0.6385907541582878
detection,22,bwd_iat_tot_mean,-0.6257625213047951,0.6257625213047951
detection,22,byte_count_bwd_mean,-0.6251363626380354,0.6251363626380354
detection,22,ece_flag_cnt_std,0.6198786231777226,0.6198786231777226
detection,22,byte_count_fwd_std,-0.6185188893789993,0.6185188893789993
detection,22,psh_flag_cnt_mean,0.6129206600943972,0.6129206600943972
detection,22,fwd_header_len_sum,0.6046044246956276,0.6046044246956276
detection,22,rst_flag_cnt_std,0.5939710327975289,0.5939710327975289
detection,22,pkt_len_var_sum,0.5852240033364721,0.5852240033364721
detection,22,flow_iat_max_std,-0.5800756250540633,0.5800756250540633
detection,22,urg_flag_cnt_std,0.5748742010080454,0.5748742010080454
detection,22,pkt_payload_size_p75,-0.5717014666281229,0.5717014666281229
detection,22,active_std_sum,-0.5689984050185555,0.5689984050185555
detection,22,window_size_bwd_max,0.5639202892800377,0.5639202892800377
detection,22,fwd_seg_size_min_std,-0.5541508239517563,0.5541508239517563
detection,22,pkt_frag_df_count,0.55102607034,0.55102607034
detection,22,subflow_fwd_byts_mean,-0.5477030681699042,0.5477030681699042
detection,22,pkt_len_max_mean,-0.5323449561981886,0.5323449561981886
detection,22,bwd_iat_mean_max,-0.5253152054772023,0.5253152054772023
detection,22,fwd_pkt_len_max_max,0.5188538833094496,0.5188538833094496
detection,22,bwd_pkt_len_mean_sum,0.5182291739503421,0.5182291739503421
detection,22,bwd_seg_size_avg_sum,0.5182291739498738,0.5182291739498738
detection,22,bwd_iat_mean_mean,0.4985147129676527,0.4985147129676527
detection,22,idle_std_mean,0.4948967187295285,0.4948967187295285
detection,22,subflow_bwd_byts_max,0.4926829826654743,0.4926829826654743
detection,22,byte_count_bwd_sum,-0.4829542069204348,0.4829542069204348
detection,22,flow_iat_std_sum,-0.4825955271191022,0.4825955271191022
detection,22,fwd_iat_std_mean,0.4824989940480974,0.4824989940480974
detection,22,subflow_fwd_byts_sum,0.4761344828816888,0.4761344828816888
detection,22,subflow_fwd_pkts_sum,0.4747491925832166,0.4747491925832166
detection,22,ack_flag_cnt_sum,0.4712234677696905,0.4712234677696905
detection,22,down_up_ratio_max,0.4672317993517808,0.4672317993517808
detection,22,active_std_mean,-0.453881614184007,0.453881614184007
detection,22,idle_max_mean,0.4533720312866052,0.4533720312866052
detection,22,active_max_std,0.4355182718681431,0.4355182718681431
detection,22,window_size_fwd_mean,0.4343502210877361,0.4343502210877361
detection,22,idle_min_std,-0.4217822730830848,0.4217822730830848
detection,22,bwd_header_len_max,0.4158447063585354,0.4158447063585354
detection,22,fwd_iat_min_std,-0.4114259908192804,0.4114259908192804
detection,22,down_up_ratio_mean,0.4058092234754287,0.4058092234754287
detection,22,mask_has_packet_level_features,-0.403920289765573,0.403920289765573
detection,22,pkt_ttl_max,-0.403920289765573,0.403920289765573
detection,22,fwd_pkt_len_std_sum,0.4011712884163048,0.4011712884163048
detection,22,fwd_pkt_len_mean_sum,0.3933492012376035,0.3933492012376035
detection,22,fwd_seg_size_avg_sum,0.3933492012376035,0.3933492012376035
detection,22,pkt_len_var_mean,-0.3915246567095576,0.3915246567095576
detection,22,fwd_iat_tot_std,0.3848848670409059,0.3848848670409059
detection,22,down_up_ratio_sum,0.3841605377752183,0.3841605377752183
detection,22,fwd_iat_std_sum,0.3817392695447128,0.3817392695447128
detection,22,bwd_header_len_std,-0.3802937210549065,0.3802937210549065
detection,22,pkt_ttl_std,0.3785554900177869,0.3785554900177869
detection,22,pkt_ttl_mode,0.374917600709909,0.374917600709909
detection,22,pkt_len_mean_sum,0.3729680451719483,0.3729680451719483
detection,22,fwd_pkts_per_sec_max,-0.3688170409645843,0.3688170409645843
detection,22,fwd_pkt_len_max_sum,0.3665683459137281,0.3665683459137281
detection,22,fwd_pkts_per_sec_sum,0.3653105832795857,0.3653105832795857
detection,22,pkt_len_max_max,0.3651084062541433,0.3651084062541433
detection,22,subflow_bwd_pkts_std,-0.3642972644999205,0.3642972644999205
detection,22,bwd_pkt_len_min_std,-0.3562541915374543,0.3562541915374543
detection,22,duration_microsec_std,0.3557775570516384,0.3557775570516384
detection,22,fwd_iat_max_sum,0.3469151833164812,0.3469151833164812
detection,22,pkt_len_mean_std,0.3438121950318824,0.3438121950318824
detection,22,pkt_len_min_max,-0.3393000761288636,0.3393000761288636
detection,22,pkt_size_avg_sum,0.3348348542125381,0.3348348542125381
detection,22,fwd_pkts_per_sec_mean,0.332867606502079,0.332867606502079
detection,22,packets_per_sec_max,-0.3279622329777392,0.3279622329777392
detection,22,packet_count_bwd_max,0.3250547684377757,0.3250547684377757
detection,22,fwd_iat_std_std,0.3236852864034166,0.3236852864034166
detection,22,active_min_std,-0.3205613323124447,0.3205613323124447
detection,22,fwd_urg_flags_std,0.3171976054865401,0.3171976054865401
detection,22,cwe_flag_cnt_std,0.3171976054865401,0.3171976054865401
detection,22,packet_count_fwd_std,-0.3165185698442631,0.3165185698442631
detection,22,pkt_len_max_sum,0.3132880414035515,0.3132880414035515
detection,22,flow_iat_min_sum,0.3116389509847002,0.3116389509847002
detection,22,fwd_iat_min_max,0.3092774898588693,0.3092774898588693
detection,22,pkt_size_avg_max,0.3088340983438442,0.3088340983438442
detection,22,fwd_act_data_pkts_max,-0.3041938616269488,0.3041938616269488
detection,22,pkt_len_std_sum,0.2955071344233181,0.2955071344233181
detection,22,flow_iat_max_mean,-0.2937944548626215,0.2937944548626215
detection,22,active_mean_std,-0.2910218197631313,0.2910218197631313
detection,22,fwd_iat_max_max,-0.2893626426522757,0.2893626426522757
detection,22,fwd_iat_min_sum,0.2837288842085465,0.2837288842085465
detection,22,subflow_bwd_pkts_sum,-0.2779161740249753,0.2779161740249753
detection,22,active_std_max,0.2777758892741135,0.2777758892741135
detection,22,packets_per_sec_sum,-0.2773115244883261,0.2773115244883261
detection,22,fwd_iat_mean_max,0.272757375043493,0.272757375043493
detection,22,active_max_mean,-0.2712429386731948,0.2712429386731948
detection,22,duration_sec_sum,-0.2707610900569681,0.2707610900569681
detection,22,duration_microsec_max,0.2704019562487196,0.2704019562487196
detection,22,fwd_act_data_pkts_mean,-0.266778619403834,0.266778619403834
detection,22,active_std_std,-0.2647433665773603,0.2647433665773603
detection,22,subflow_bwd_byts_std,-0.2644303158775525,0.2644303158775525
detection,22,bwd_iat_tot_max,-0.2639999097317259,0.2639999097317259
detection,22,idle_mean_mean,0.262985547539138,0.262985547539138
detection,22,bwd_pkts_per_sec_max,-0.2610058250485987,0.2610058250485987
detection,22,fwd_seg_size_min_sum,0.2536368753067604,0.2536368753067604
detection,22,packets_per_sec_mean,-0.252905985190946,0.252905985190946
detection,22,subflow_fwd_pkts_mean,0.2523087096821539,0.2523087096821539
detection,22,fwd_seg_size_avg_mean,-0.251332115895898,0.251332115895898
detection,22,fwd_pkt_len_mean_mean,-0.251332115895898,0.251332115895898
detection,22,packets_per_sec_min,-0.2502788928788068,0.2502788928788068
detection,22,pkt_len_var_max,0.2485765582779512,0.2485765582779512
detection,22,bwd_pkts_per_sec_mean,-0.247220382287408,0.247220382287408
detection,22,flow_iat_max_max,0.2384870373179521,0.2384870373179521
detection,22,flow_iat_mean_sum,0.2357957414683604,0.2357957414683604
detection,22,fwd_iat_std_max,0.2317720372596312,0.2317720372596312
detection,22,idle_mean_std,-0.2304408514443782,0.2304408514443782
detection,22,flow_iat_std_mean,-0.2259527957777165,0.2259527957777165
detection,22,bwd_pkt_len_max_sum,0.2251091086861128,0.2251091086861128
detection,22,duration_sec_max,0.2247706547053201,0.2247706547053201
detection,22,fwd_pkt_len_std_max,-0.2227072482726823,0.2227072482726823
detection,22,byte_count_fwd_sum,-0.2205324239507383,0.2205324239507383
detection,22,flow_iat_std_max,-0.2163593411058576,0.2163593411058576
detection,22,fwd_header_len_max,0.2091539520369039,0.2091539520369039
detection,22,fwd_urg_flags_mean,-0.2036200420027677,0.2036200420027677
detection,22,cwe_flag_cnt_mean,-0.2036200420027677,0.2036200420027677
detection,22,active_mean_mean,-0.1972007806672305,0.1972007806672305
detection,22,bwd_iat_std_std,0.1893801180112768,0.1893801180112768
detection,22,window_size_fwd_max,-0.188902376932486,0.188902376932486
detection,22,packet_count_fwd_sum,-0.1883308222807458,0.1883308222807458
detection,22,bwd_iat_std_sum,0.1879850882601399,0.1879850882601399
detection,22,fwd_pkt_len_max_mean,0.1834205003866376,0.1834205003866376
detection,22,flow_iat_max_sum,0.183155111402216,0.183155111402216
detection,22,bytes_per_sec_std,0.1804726614128231,0.1804726614128231
detection,22,idle_max_sum,0.1787968560930165,0.1787968560930165
detection,22,idle_max_max,-0.1767113157707177,0.1767113157707177
detection,22,pkt_ttl_min,-0.1701024780358794,0.1701024780358794
detection,22,active_max_max,0.1678496573916212,0.1678496573916212
detection,22,window_size_fwd_sum,0.1674648239651755,0.1674648239651755
detection,22,fin_flag_cnt_max,0.1666822503259384,0.1666822503259384
detection,22,fwd_seg_size_min_min,-0.1643094893946543,0.1643094893946543
detection,22,bwd_header_len_mean,-0.1625927678469276,0.1625927678469276
detection,22,unique_protocols_count,0.1619843580393516,0.1619843580393516
detection,22,bwd_iat_tot_sum,-0.1618867194032895,0.1618867194032895
detection,22,pkt_size_avg_std,0.1611027316645116,0.1611027316645116
detection,22,bwd_pkt_len_max_max,-0.1606501758831285,0.1606501758831285
detection,22,subflow_fwd_byts_std,0.1598007089461137,0.1598007089461137
detection,22,pkt_len_min_sum,-0.158254668711988,0.158254668711988
detection,22,active_min_sum,0.1571017047903993,0.1571017047903993
detection,22,bwd_pkt_len_min_sum,0.1539581857352827,0.1539581857352827
detection,22,bwd_header_len_sum,-0.1539570413534423,0.1539570413534423
detection,22,subflow_fwd_pkts_std,-0.1537957871059972,0.1537957871059972
detection,22,pkt_payload_size_p50,-0.1522292806857402,0.1522292806857402
detection,22,bwd_iat_max_sum,-0.1516129497257692,0.1516129497257692
detection,22,packet_count_bwd_min,-0.1502055751213807,0.1502055751213807
detection,22,flow_iat_mean_std,-0.1484325054597665,0.1484325054597665
detection,22,subflow_bwd_pkts_max,0.1472346729561995,0.1472346729561995
detection,22,fwd_pkts_per_sec_std,0.147051530488302,0.147051530488302
detection,22,fwd_iat_mean_mean,-0.1461328576429826,0.1461328576429826
detection,22,flow_count,0.1437166248506459,0.1437166248506459
detection,22,fwd_pkt_len_min_sum,-0.1436989785203858,0.1436989785203858
detection,22,flow_iat_mean_mean,0.1429126194070377,0.1429126194070377
detection,22,fwd_pkt_len_min_mean,-0.1386548796292643,0.1386548796292643
detection,22,fwd_psh_flags_std,-0.1383831744180341,0.1383831744180341
detection,22,syn_flag_cnt_std,-0.1383831744180341,0.1383831744180341
detection,22,fwd_iat_max_std,-0.1380331054555004,0.1380331054555004
detection,22,subflow_fwd_byts_max,0.1374343286641501,0.1374343286641501
detection,22,packet_count_bwd_sum,0.1361090348980672,0.1361090348980672
detection,22,ece_flag_cnt_max,-0.1357402766297679,0.1357402766297679
detection,22,rst_flag_cnt_max,-0.1357402766297679,0.1357402766297679
detection,22,subflow_fwd_pkts_max,-0.1328053742909105,0.1328053742909105
detection,22,ack_flag_cnt_mean,0.1326967641463617,0.1326967641463617
detection,22,ack_flag_cnt_max,-0.1318133871686141,0.1318133871686141
detection,22,fwd_iat_mean_sum,0.1293118076679909,0.1293118076679909
detection,22,bwd_iat_max_mean,-0.1287919257772846,0.1287919257772846
detection,22,bwd_pkt_len_mean_mean,0.1283869589070717,0.1283869589070717
detection,22,bwd_seg_size_avg_mean,0.1283869589032389,0.1283869589032389
detection,22,fwd_seg_size_min_max,-0.1275123284365487,0.1275123284365487
detection,22,fwd_iat_tot_sum,-0.1252583684839427,0.1252583684839427
detection,22,flow_iat_min_max,0.1218858470051628,0.1218858470051628
detection,22,bwd_iat_tot_std,-0.1208171102783756,0.1208171102783756
detection,22,fwd_urg_flags_max,0.1116386379058708,0.1116386379058708
detection,22,cwe_flag_cnt_max,0.1116386379058708,0.1116386379058708
detection,22,psh_flag_cnt_sum,0.1076655203665551,0.1076655203665551
detection,22,active_mean_max,0.1050514967102585,0.1050514967102585
detection,22,bwd_pkt_len_max_mean,0.1002882358747482,0.1002882358747482
detection,22,psh_flag_cnt_std,0.0975838690867651,0.0975838690867651
detection,22,unique_dst_ports_count,0.0971742600307652,0.0971742600307652
detection,22,bwd_pkt_len_mean_std,0.0967836872075069,0.0967836872075069
detection,22,bwd_seg_size_avg_std,0.0967836871886582,0.0967836871886582
detection,22,bwd_iat_min_sum,0.0922351038271405,0.0922351038271405
detection,22,idle_mean_sum,0.0884280635055321,0.0884280635055321
detection,22,fin_flag_cnt_mean,0.0875110419473716,0.0875110419473716
detection,22,duration_microsec_sum,-0.0864480405706565,0.0864480405706565
detection,22,urg_flag_cnt_sum,0.0853037796062213,0.0853037796062213
detection,22,bwd_iat_min_mean,-0.0839746596211469,0.0839746596211469
detection,22,subflow_bwd_pkts_mean,-0.0822567589061683,0.0822567589061683
detection,22,fwd_header_len_std,-0.0817678424124955,0.0817678424124955
detection,22,packet_count_fwd_mean,0.0813823086362637,0.0813823086362637
detection,22,rst_flag_cnt_mean,-0.0806684327975842,0.0806684327975842
detection,22,syn_flag_cnt_max,0.0802237663407899,0.0802237663407899
detection,22,fwd_psh_flags_max,0.0802237663407899,0.0802237663407899
detection,22,fwd_iat_max_mean,0.0791887252400074,0.0791887252400074
detection,22,idle_std_max,-0.0790635859487477,0.0790635859487477
detection,22,fwd_act_data_pkts_sum,-0.0778065183089256,0.0778065183089256
detection,22,duration_sec_mean,-0.0777547285753528,0.0777547285753528
detection,22,flow_iat_min_mean,0.0772266879703495,0.0772266879703495
detection,22,fwd_psh_flags_mean,-0.0761697275007225,0.0761697275007225
detection,22,syn_flag_cnt_mean,-0.0761697275007225,0.0761697275007225
detection,22,fwd_iat_min_mean,-0.0713596601736658,0.0713596601736658
detection,22,psh_flag_cnt_max,-0.0692081737581053,0.0692081737581053
detection,22,fwd_pkt_len_min_std,-0.066324184495629,0.066324184495629
detection,22,idle_std_std,0.0662143388766622,0.0662143388766622
detection,22,pkt_len_min_mean,0.0660965526109727,0.0660965526109727
detection,22,byte_count_bwd_min,0.0658772538760781,0.0658772538760781
detection,22,bwd_pkt_len_std_sum,0.0649553281667004,0.0649553281667004
detection,22,fwd_iat_tot_mean,-0.0641139570986273,0.0641139570986273
detection,22,pkt_len_max_min,0.0631478814436306,0.0631478814436306
detection,22,bwd_pkt_len_mean_min,0.0587145321288934,0.0587145321288934
detection,22,bwd_seg_size_avg_min,0.0587145321288934,0.0587145321288934
detection,22,idle_max_std,0.0564876795766344,0.0564876795766344
detection,22,duration_microsec_mean,-0.0561104639489706,0.0561104639489706
detection,22,pkt_len_std_min,0.0546727903896703,0.0546727903896703
detection,22,idle_mean_max,-0.0529504800690924,0.0529504800690924
detection,22,fwd_psh_flags_sum,-0.0525060808865162,0.0525060808865162
detection,22,syn_flag_cnt_sum,-0.0525060808865162,0.0525060808865162
detection,22,bwd_iat_min_min,-0.0520780601425874,0.0520780601425874
detection,22,bwd_pkt_len_max_min,0.0520286339511975,0.0520286339511975
detection,22,subflow_bwd_byts_min,0.0506495915612334,0.0506495915612334
detection,22,pkt_len_var_min,0.0494249326081994,0.0494249326081994
detection,22,bwd_iat_std_min,0.048709999052202,0.048709999052202
detection,22,duration_microsec_min,0.048476890394348,0.048476890394348
detection,22,bwd_pkt_len_std_min,0.0484716792935949,0.0484716792935949
detection,22,fwd_iat_tot_min,0.0484131722066334,0.0484131722066334
detection,22,pkt_len_std_max,0.04814721307496,0.04814721307496
detection,22,packet_count_fwd_min,0.0479429080893445,0.0479429080893445
detection,22,fwd_urg_flags_sum,0.0465503872454769,0.0465503872454769
detection,22,cwe_flag_cnt_sum,0.0465503872454769,0.0465503872454769
detection,22,flow_iat_min_std,0.0462938732398977,0.0462938732398977
detection,22,flow_iat_min_min,0.0461568594988896,0.0461568594988896
detection,22,fin_flag_cnt_std,0.0455927257468642,0.0455927257468642
detection,22,flow_iat_mean_min,0.045413783957,0.045413783957
detection,22,idle_min_max,-0.044934696212459,0.044934696212459
detection,22,fwd_pkt_len_std_min,0.0449320011249411,0.0449320011249411
detection,22,fwd_iat_mean_min,0.0442947237386787,0.0442947237386787
detection,22,duration_sec_min,0.0438113649980811,0.0438113649980811
detection,22,pkt_len_mean_min,0.0433216616145518,0.0433216616145518
detection,22,fwd_iat_max_min,0.042868956766743,0.042868956766743
detection,22,flow_iat_max_min,0.0427596096280978,0.0427596096280978
detection,22,pkt_size_avg_min,0.0423092971933865,0.0423092971933865
detection,22,idle_max_min,0.0422604002506889,0.0422604002506889
detection,22,window_size_bwd_min,0.0418822195492527,0.0418822195492527
detection,22,fwd_iat_tot_max,0.0414494775102706,0.0414494775102706
detection,22,subflow_fwd_pkts_min,0.0413510464756476,0.0413510464756476
detection,22,fwd_iat_min_min,0.041260286259799,0.041260286259799
detection,22,active_min_mean,0.041260148437499,0.041260148437499
detection,22,bwd_iat_tot_min,0.0411104590781881,0.0411104590781881
detection,22,ece_flag_cnt_mean,-0.0401167465653952,0.0401167465653952
detection,22,idle_mean_min,0.0384424226189948,0.0384424226189948
detection,22,subflow_bwd_pkts_min,-0.038297452130003,0.038297452130003
detection,22,fwd_pkts_per_sec_min,-0.0373269958299653,0.0373269958299653
detection,22,idle_min_sum,0.0371541824232156,0.0371541824232156
detection,22,subflow_bwd_byts_mean,-0.0366257852689142,0.0366257852689142
detection,22,idle_min_mean,-0.036110195441376,0.036110195441376
detection,22,window_size_fwd_min,0.0339266511653914,0.0339266511653914
detection,22,fwd_pkt_len_min_min,0.0332548459533705,0.0332548459533705
detection,22,idle_std_sum,0.0327278449970073,0.0327278449970073
detection,22,idle_min_min,0.0323847054034793,0.0323847054034793
detection,22,pkt_len_min_min,0.0309602712021593,0.0309602712021593
detection,22,active_min_max,0.0307154566303403,0.0307154566303403
detection,22,active_min_min,0.0306682728539905,0.0306682728539905
detection,22,bwd_iat_max_min,0.030435833799465,0.030435833799465
detection,22,fwd_seg_size_avg_min,0.0301890975677746,0.0301890975677746
detection,22,fwd_pkt_len_mean_min,0.0301890975677746,0.0301890975677746
detection,22,active_mean_min,0.0298314427738986,0.0298314427738986
detection,22,fwd_pkt_len_min_max,-0.0294563946980135,0.0294563946980135
detection,22,active_max_min,0.0284651805912667,0.0284651805912667
detection,22,psh_flag_cnt_min,0.0279953923625303,0.0279953923625303
detection,22,bwd_pkts_per_sec_min,0.0276078249992528,0.0276078249992528
detection,22,down_up_ratio_min,0.027276173063612,0.027276173063612
detection,22,fwd_pkt_len_max_min,0.0266698106818455,0.0266698106818455
detection,22,active_std_min,0.0256536092840023,0.0256536092840023
detection,22,bwd_pkt_len_min_max,-0.0252743719167895,0.0252743719167895
detection,22,subflow_fwd_byts_min,0.0250375547334236,0.0250375547334236
detection,22,idle_std_min,0.0247742809861719,0.0247742809861719
detection,22,bwd_iat_std_max,-0.0234326021880157,0.0234326021880157
detection,22,flow_iat_std_min,0.0233737288845768,0.0233737288845768
detection,22,fwd_seg_size_avg_std,-0.023045188516766,0.023045188516766
detection,22,fwd_pkt_len_mean_std,-0.023045188516766,0.023045188516766
detection,22,fwd_iat_std_min,0.0226195444169498,0.0226195444169498
detection,22,fwd_psh_flags_min,0.0226175262228274,0.0226175262228274
detection,22,ack_flag_cnt_min,0.0226175262228274,0.0226175262228274
detection,22,syn_flag_cnt_min,0.0226175262228274,0.0226175262228274
detection,22,packets_per_sec_std,0.0216250110952757,0.0216250110952757
detection,22,fwd_seg_size_avg_max,0.020931674436665,0.020931674436665
detection,22,fwd_pkt_len_mean_max,0.020931674436665,0.020931674436665
detection,22,bytes_per_sec_min,0.018804997071879,0.018804997071879
detection,22,fwd_act_data_pkts_std,-0.0181995022134661,0.0181995022134661
detection,22,bwd_header_len_min,0.0180518179336538,0.0180518179336538
detection,22,packet_count_fwd_max,0.0169858133431072,0.0169858133431072
detection,22,pkt_payload_size_p25,-0.0159948194794504,0.0159948194794504
detection,22,fwd_act_data_pkts_min,0.0114020221265797,0.0114020221265797
detection,22,bwd_iat_max_max,0.0112070054055978,0.0112070054055978
detection,22,flow_iat_mean_max,-0.0111422219186341,0.0111422219186341
detection,22,bwd_iat_mean_min,-0.006543182314543,0.006543182314543
detection,22,fwd_header_len_min,-0.0058379449152343,0.0058379449152343
detection,22,fin_flag_cnt_sum,0.0055903432868131,0.0055903432868131
detection,22,byte_count_fwd_min,0.0048867971835253,0.0048867971835253
detection,22,byte_count_fwd_mean,-0.0026378571645796,0.0026378571645796
detection,22,pkt_len_var_std,-0.0019325975713746,0.0019325975713746
detection,22,fwd_byts_b_avg_max,0.0,0.0
detection,22,mask_has_flow_timing_features,0.0,0.0
detection,22,mask_has_traffic_volume_features,0.0,0.0
detection,22,fin_flag_cnt_min,0.0,0.0
detection,22,rst_flag_cnt_min,0.0,0.0
detection,22,mask_has_identity_auth,0.0,0.0
detection,22,fwd_byts_b_avg_min,0.0,0.0
detection,22,fwd_byts_b_avg_sum,0.0,0.0
detection,22,fwd_byts_b_avg_std,0.0,0.0
detection,22,fwd_byts_b_avg_mean,0.0,0.0
detection,22,ece_flag_cnt_min,0.0,0.0
detection,22,urg_flag_cnt_min,0.0,0.0
detection,22,cwe_flag_cnt_min,0.0,0.0
detection,22,bwd_urg_flags_max,0.0,0.0
detection,22,mask_has_graph_topology,0.0,0.0
detection,22,pkt_frag_mf_count,0.0,0.0
detection,22,mask_has_tcp_flags,0.0,0.0
detection,22,bwd_pkts_b_avg_max,0.0,0.0
detection,22,bwd_blk_rate_avg_max,0.0,0.0
detection,22,bwd_blk_rate_avg_sum,0.0,0.0
detection,22,bwd_pkts_b_avg_sum,0.0,0.0
detection,22,fwd_pkts_b_avg_std,0.0,0.0
detection,22,fwd_pkts_b_avg_sum,0.0,0.0
detection,22,fwd_pkts_b_avg_mean,0.0,0.0
detection,22,bwd_blk_rate_avg_min,0.0,0.0
detection,22,bwd_pkts_b_avg_min,0.0,0.0
detection,22,bwd_blk_rate_avg_mean,0.0,0.0
detection,22,bwd_blk_rate_avg_std,0.0,0.0
detection,22,fwd_pkts_b_avg_min,0.0,0.0
detection,22,fwd_blk_rate_avg_min,0.0,0.0
detection,22,fwd_blk_rate_avg_max,0.0,0.0
detection,22,bwd_byts_b_avg_mean,0.0,0.0
detection,22,bwd_byts_b_avg_std,0.0,0.0
detection,22,fwd_pkts_b_avg_max,0.0,0.0
detection,22,fwd_blk_rate_avg_mean,0.0,0.0
detection,22,fwd_blk_rate_avg_std,0.0,0.0
detection,22,fwd_blk_rate_avg_sum,0.0,0.0
detection,22,bwd_pkts_b_avg_mean,0.0,0.0
detection,22,bwd_byts_b_avg_max,0.0,0.0
detection,22,bwd_byts_b_avg_min,0.0,0.0
detection,22,bwd_byts_b_avg_sum,0.0,0.0
detection,22,bwd_psh_flags_std,0.0,0.0
detection,22,bwd_psh_flags_sum,0.0,0.0
detection,22,bwd_pkts_b_avg_std,0.0,0.0
detection,22,bwd_psh_flags_mean,0.0,0.0
detection,22,bwd_psh_flags_max,0.0,0.0
detection,22,bwd_psh_flags_min,0.0,0.0
detection,22,fwd_urg_flags_min,0.0,0.0
detection,22,bwd_urg_flags_mean,0.0,0.0
detection,22,bwd_urg_flags_std,0.0,0.0
detection,22,bwd_urg_flags_sum,0.0,0.0
detection,22,bwd_urg_flags_min,0.0,0.0
detection,22,bwd_pkt_len_min_min,0.0,0.0
detection,23,fwd_pkt_len_std_mean,1.7992478522322135,1.7992478522322135
detection,23,bwd_pkt_len_std_mean,-1.7300506610382882,1.7300506610382882
detection,23,window_size_bwd_std,1.7121256947016266,1.7121256947016266
detection,23,byte_count_bwd_std,-1.6539325750240417,1.6539325750240417
detection,23,fwd_pkt_len_max_std,-1.5951566095091592,1.5951566095091592
detection,23,pkt_tcp_retrans_count,1.4620901300963187,1.4620901300963187
detection,23,pkt_port_scan_seq_score,1.3648534114973816,1.3648534114973816
detection,23,bwd_iat_std_mean,1.330270970001274,1.330270970001274
detection,23,packet_count_bwd_std,1.2628829533102608,1.2628829533102608
detection,23,down_up_ratio_std,-1.2429949451801492,1.2429949451801492
detection,23,byte_count_fwd_max,1.2400638292709838,1.2400638292709838
detection,23,bytes_per_sec_mean,-1.2329103581197227,1.2329103581197227
detection,23,flow_iat_std_std,-1.1999063051335388,1.1999063051335388
detection,23,bytes_per_sec_max,1.1810242171352066,1.1810242171352066
detection,23,window_size_fwd_std,-1.1247643061182768,1.1247643061182768
detection,23,bwd_iat_max_std,-1.1197998177450594,1.1197998177450594
detection,23,pkt_len_std_mean,-1.0982706509136977,1.0982706509136977
detection,23,bwd_pkt_len_min_mean,1.0341211392556895,1.0341211392556895
detection,23,bwd_iat_mean_std,1.0335098121329305,1.0335098121329305
detection,23,bwd_iat_min_std,-1.0288208827457055,1.0288208827457055
detection,23,ack_flag_cnt_std,0.988570874330644,0.988570874330644
detection,23,bwd_pkts_per_sec_sum,-0.9734144460625992,0.9734144460625992
detection,23,urg_flag_cnt_mean,-0.9646790511257032,0.9646790511257032
detection,23,bwd_pkt_len_std_std,0.9589375183976206,0.9589375183976206
detection,23,pkt_len_min_std,0.9451745146205942,0.9451745146205942
detection,23,fwd_seg_size_min_mean,0.9351262949750492,0.9351262949750492
detection,23,subflow_bwd_byts_sum,-0.9251461912205308,0.9251461912205308
detection,23,bwd_seg_size_avg_max,0.9127126051477044,0.9127126051477044
detection,23,bwd_pkt_len_mean_max,0.9127126051474692,0.9127126051474692
detection,23,bwd_iat_min_max,0.85968321633171,0.85968321633171
detection,23,bytes_per_sec_sum,-0.8568878771147378,0.8568878771147378
detection,23,fwd_header_len_mean,0.8329529237087279,0.8329529237087279
detection,23,pkt_len_mean_max,-0.8029907095597648,0.8029907095597648
detection,23,fwd_pkt_len_std_std,0.7945594355431606,0.7945594355431606
detection,23,pkt_payload_size_p95,-0.7798834135101332,0.7798834135101332
detection,23,pkt_len_max_std,-0.7518942904738615,0.7518942904738615
detection,23,bwd_pkts_per_sec_std,0.7388121015924198,0.7388121015924198
detection,23,active_max_sum,0.7371553487020943,0.7371553487020943
detection,23,bwd_pkt_len_max_std,0.7339998861630144,0.7339998861630144
detection,23,pkt_len_mean_mean,-0.7300560988975944,0.7300560988975944
detection,23,duration_sec_std,0.7146936777573838,0.7146936777573838
detection,23,bwd_iat_mean_sum,-0.7073195150117865,0.7073195150117865
detection,23,fwd_iat_mean_std,-0.6899749248258217,0.6899749248258217
detection,23,window_size_bwd_mean,-0.6887307181826285,0.6887307181826285
detection,23,pkt_size_avg_mean,-0.6849762688565216,0.6849762688565216
detection,23,packet_count_bwd_mean,0.6826922171059883,0.6826922171059883
detection,23,byte_count_bwd_max,-0.6725585234554609,0.6725585234554609
detection,23,urg_flag_cnt_max,0.6679926641071385,0.6679926641071385
detection,23,bwd_pkt_len_std_max,0.6651503858600833,0.6651503858600833
detection,23,active_mean_sum,-0.6643068800944826,0.6643068800944826
detection,23,window_size_bwd_sum,-0.6641619158353483,0.6641619158353483
detection,23,ece_flag_cnt_sum,0.65829562494583,0.65829562494583
detection,23,rst_flag_cnt_sum,0.6574733100275048,0.6574733100275048
detection,23,pkt_len_std_std,0.6385907541582878,0.6385907541582878
detection,23,bwd_iat_tot_mean,-0.6257625213047951,0.6257625213047951
detection,23,byte_count_bwd_mean,-0.6251363626380354,0.6251363626380354
detection,23,ece_flag_cnt_std,0.6198786231777226,0.6198786231777226
detection,23,byte_count_fwd_std,-0.6185188893789993,0.6185188893789993
detection,23,psh_flag_cnt_mean,0.6129206600943972,0.6129206600943972
detection,23,fwd_header_len_sum,0.6046044246956276,0.6046044246956276
detection,23,rst_flag_cnt_std,0.5939710327975289,0.5939710327975289
detection,23,pkt_len_var_sum,0.5852240033364721,0.5852240033364721
detection,23,flow_iat_max_std,-0.5800756250540633,0.5800756250540633
detection,23,urg_flag_cnt_std,0.5748742010080454,0.5748742010080454
detection,23,pkt_payload_size_p75,-0.5717014666281229,0.5717014666281229
detection,23,active_std_sum,-0.5689984050185555,0.5689984050185555
detection,23,window_size_bwd_max,0.5639202892800377,0.5639202892800377
detection,23,fwd_seg_size_min_std,-0.5541508239517563,0.5541508239517563
detection,23,pkt_frag_df_count,0.55102607034,0.55102607034
detection,23,subflow_fwd_byts_mean,-0.5477030681699042,0.5477030681699042
detection,23,pkt_len_max_mean,-0.5323449561981886,0.5323449561981886
detection,23,bwd_iat_mean_max,-0.5253152054772023,0.5253152054772023
detection,23,fwd_pkt_len_max_max,0.5188538833094496,0.5188538833094496
detection,23,bwd_pkt_len_mean_sum,0.5182291739503421,0.5182291739503421
detection,23,bwd_seg_size_avg_sum,0.5182291739498738,0.5182291739498738
detection,23,bwd_iat_mean_mean,0.4985147129676527,0.4985147129676527
detection,23,idle_std_mean,0.4948967187295285,0.4948967187295285
detection,23,subflow_bwd_byts_max,0.4926829826654743,0.4926829826654743
detection,23,byte_count_bwd_sum,-0.4829542069204348,0.4829542069204348
detection,23,flow_iat_std_sum,-0.4825955271191022,0.4825955271191022
detection,23,fwd_iat_std_mean,0.4824989940480974,0.4824989940480974
detection,23,subflow_fwd_byts_sum,0.4761344828816888,0.4761344828816888
detection,23,subflow_fwd_pkts_sum,0.4747491925832166,0.4747491925832166
detection,23,ack_flag_cnt_sum,0.4712234677696905,0.4712234677696905
detection,23,down_up_ratio_max,0.4672317993517808,0.4672317993517808
detection,23,active_std_mean,-0.453881614184007,0.453881614184007
detection,23,idle_max_mean,0.4533720312866052,0.4533720312866052
detection,23,active_max_std,0.4355182718681431,0.4355182718681431
detection,23,window_size_fwd_mean,0.4343502210877361,0.4343502210877361
detection,23,idle_min_std,-0.4217822730830848,0.4217822730830848
detection,23,bwd_header_len_max,0.4158447063585354,0.4158447063585354
detection,23,fwd_iat_min_std,-0.4114259908192804,0.4114259908192804
detection,23,down_up_ratio_mean,0.4058092234754287,0.4058092234754287
detection,23,mask_has_packet_level_features,-0.403920289765573,0.403920289765573
detection,23,pkt_ttl_max,-0.403920289765573,0.403920289765573
detection,23,fwd_pkt_len_std_sum,0.4011712884163048,0.4011712884163048
detection,23,fwd_pkt_len_mean_sum,0.3933492012376035,0.3933492012376035
detection,23,fwd_seg_size_avg_sum,0.3933492012376035,0.3933492012376035
detection,23,pkt_len_var_mean,-0.3915246567095576,0.3915246567095576
detection,23,fwd_iat_tot_std,0.3848848670409059,0.3848848670409059
detection,23,down_up_ratio_sum,0.3841605377752183,0.3841605377752183
detection,23,fwd_iat_std_sum,0.3817392695447128,0.3817392695447128
detection,23,bwd_header_len_std,-0.3802937210549065,0.3802937210549065
detection,23,pkt_ttl_std,0.3785554900177869,0.3785554900177869
detection,23,pkt_ttl_mode,0.374917600709909,0.374917600709909
detection,23,pkt_len_mean_sum,0.3729680451719483,0.3729680451719483
detection,23,fwd_pkts_per_sec_max,-0.3688170409645843,0.3688170409645843
detection,23,fwd_pkt_len_max_sum,0.3665683459137281,0.3665683459137281
detection,23,fwd_pkts_per_sec_sum,0.3653105832795857,0.3653105832795857
detection,23,pkt_len_max_max,0.3651084062541433,0.3651084062541433
detection,23,subflow_bwd_pkts_std,-0.3642972644999205,0.3642972644999205
detection,23,bwd_pkt_len_min_std,-0.3562541915374543,0.3562541915374543
detection,23,duration_microsec_std,0.3557775570516384,0.3557775570516384
detection,23,fwd_iat_max_sum,0.3469151833164812,0.3469151833164812
detection,23,pkt_len_mean_std,0.3438121950318824,0.3438121950318824
detection,23,pkt_len_min_max,-0.3393000761288636,0.3393000761288636
detection,23,pkt_size_avg_sum,0.3348348542125381,0.3348348542125381
detection,23,fwd_pkts_per_sec_mean,0.332867606502079,0.332867606502079
detection,23,packets_per_sec_max,-0.3279622329777392,0.3279622329777392
detection,23,packet_count_bwd_max,0.3250547684377757,0.3250547684377757
detection,23,fwd_iat_std_std,0.3236852864034166,0.3236852864034166
detection,23,active_min_std,-0.3205613323124447,0.3205613323124447
detection,23,fwd_urg_flags_std,0.3171976054865401,0.3171976054865401
detection,23,cwe_flag_cnt_std,0.3171976054865401,0.3171976054865401
detection,23,packet_count_fwd_std,-0.3165185698442631,0.3165185698442631
detection,23,pkt_len_max_sum,0.3132880414035515,0.3132880414035515
detection,23,flow_iat_min_sum,0.3116389509847002,0.3116389509847002
detection,23,fwd_iat_min_max,0.3092774898588693,0.3092774898588693
detection,23,pkt_size_avg_max,0.3088340983438442,0.3088340983438442
detection,23,fwd_act_data_pkts_max,-0.3041938616269488,0.3041938616269488
detection,23,pkt_len_std_sum,0.2955071344233181,0.2955071344233181
detection,23,flow_iat_max_mean,-0.2937944548626215,0.2937944548626215
detection,23,active_mean_std,-0.2910218197631313,0.2910218197631313
detection,23,fwd_iat_max_max,-0.2893626426522757,0.2893626426522757
detection,23,fwd_iat_min_sum,0.2837288842085465,0.2837288842085465
detection,23,subflow_bwd_pkts_sum,-0.2779161740249753,0.2779161740249753
detection,23,active_std_max,0.2777758892741135,0.2777758892741135
detection,23,packets_per_sec_sum,-0.2773115244883261,0.2773115244883261
detection,23,fwd_iat_mean_max,0.272757375043493,0.272757375043493
detection,23,active_max_mean,-0.2712429386731948,0.2712429386731948
detection,23,duration_sec_sum,-0.2707610900569681,0.2707610900569681
detection,23,duration_microsec_max,0.2704019562487196,0.2704019562487196
detection,23,fwd_act_data_pkts_mean,-0.266778619403834,0.266778619403834
detection,23,active_std_std,-0.2647433665773603,0.2647433665773603
detection,23,subflow_bwd_byts_std,-0.2644303158775525,0.2644303158775525
detection,23,bwd_iat_tot_max,-0.2639999097317259,0.2639999097317259
detection,23,idle_mean_mean,0.262985547539138,0.262985547539138
detection,23,bwd_pkts_per_sec_max,-0.2610058250485987,0.2610058250485987
detection,23,fwd_seg_size_min_sum,0.2536368753067604,0.2536368753067604
detection,23,packets_per_sec_mean,-0.252905985190946,0.252905985190946
detection,23,subflow_fwd_pkts_mean,0.2523087096821539,0.2523087096821539
detection,23,fwd_seg_size_avg_mean,-0.251332115895898,0.251332115895898
detection,23,fwd_pkt_len_mean_mean,-0.251332115895898,0.251332115895898
detection,23,packets_per_sec_min,-0.2502788928788068,0.2502788928788068
detection,23,pkt_len_var_max,0.2485765582779512,0.2485765582779512
detection,23,bwd_pkts_per_sec_mean,-0.247220382287408,0.247220382287408
detection,23,flow_iat_max_max,0.2384870373179521,0.2384870373179521
detection,23,flow_iat_mean_sum,0.2357957414683604,0.2357957414683604
detection,23,fwd_iat_std_max,0.2317720372596312,0.2317720372596312
detection,23,idle_mean_std,-0.2304408514443782,0.2304408514443782
detection,23,flow_iat_std_mean,-0.2259527957777165,0.2259527957777165
detection,23,bwd_pkt_len_max_sum,0.2251091086861128,0.2251091086861128
detection,23,duration_sec_max,0.2247706547053201,0.2247706547053201
detection,23,fwd_pkt_len_std_max,-0.2227072482726823,0.2227072482726823
detection,23,byte_count_fwd_sum,-0.2205324239507383,0.2205324239507383
detection,23,flow_iat_std_max,-0.2163593411058576,0.2163593411058576
detection,23,fwd_header_len_max,0.2091539520369039,0.2091539520369039
detection,23,fwd_urg_flags_mean,-0.2036200420027677,0.2036200420027677
detection,23,cwe_flag_cnt_mean,-0.2036200420027677,0.2036200420027677
detection,23,active_mean_mean,-0.1972007806672305,0.1972007806672305
detection,23,bwd_iat_std_std,0.1893801180112768,0.1893801180112768
detection,23,window_size_fwd_max,-0.188902376932486,0.188902376932486
detection,23,packet_count_fwd_sum,-0.1883308222807458,0.1883308222807458
detection,23,bwd_iat_std_sum,0.1879850882601399,0.1879850882601399
detection,23,fwd_pkt_len_max_mean,0.1834205003866376,0.1834205003866376
detection,23,flow_iat_max_sum,0.183155111402216,0.183155111402216
detection,23,bytes_per_sec_std,0.1804726614128231,0.1804726614128231
detection,23,idle_max_sum,0.1787968560930165,0.1787968560930165
detection,23,idle_max_max,-0.1767113157707177,0.1767113157707177
detection,23,pkt_ttl_min,-0.1701024780358794,0.1701024780358794
detection,23,active_max_max,0.1678496573916212,0.1678496573916212
detection,23,window_size_fwd_sum,0.1674648239651755,0.1674648239651755
detection,23,fin_flag_cnt_max,0.1666822503259384,0.1666822503259384
detection,23,fwd_seg_size_min_min,-0.1643094893946543,0.1643094893946543
detection,23,bwd_header_len_mean,-0.1625927678469276,0.1625927678469276
detection,23,unique_protocols_count,0.1619843580393516,0.1619843580393516
detection,23,bwd_iat_tot_sum,-0.1618867194032895,0.1618867194032895
detection,23,pkt_size_avg_std,0.1611027316645116,0.1611027316645116
detection,23,bwd_pkt_len_max_max,-0.1606501758831285,0.1606501758831285
detection,23,subflow_fwd_byts_std,0.1598007089461137,0.1598007089461137
detection,23,pkt_len_min_sum,-0.158254668711988,0.158254668711988
detection,23,active_min_sum,0.1571017047903993,0.1571017047903993
detection,23,bwd_pkt_len_min_sum,0.1539581857352827,0.1539581857352827
detection,23,bwd_header_len_sum,-0.1539570413534423,0.1539570413534423
detection,23,subflow_fwd_pkts_std,-0.1537957871059972,0.1537957871059972
detection,23,pkt_payload_size_p50,-0.1522292806857402,0.1522292806857402
detection,23,bwd_iat_max_sum,-0.1516129497257692,0.1516129497257692
detection,23,packet_count_bwd_min,-0.1502055751213807,0.1502055751213807
detection,23,flow_iat_mean_std,-0.1484325054597665,0.1484325054597665
detection,23,subflow_bwd_pkts_max,0.1472346729561995,0.1472346729561995
detection,23,fwd_pkts_per_sec_std,0.147051530488302,0.147051530488302
detection,23,fwd_iat_mean_mean,-0.1461328576429826,0.1461328576429826
detection,23,flow_count,0.1437166248506459,0.1437166248506459
detection,23,fwd_pkt_len_min_sum,-0.1436989785203858,0.1436989785203858
detection,23,flow_iat_mean_mean,0.1429126194070377,0.1429126194070377
detection,23,fwd_pkt_len_min_mean,-0.1386548796292643,0.1386548796292643
detection,23,fwd_psh_flags_std,-0.1383831744180341,0.1383831744180341
detection,23,syn_flag_cnt_std,-0.1383831744180341,0.1383831744180341
detection,23,fwd_iat_max_std,-0.1380331054555004,0.1380331054555004
detection,23,subflow_fwd_byts_max,0.1374343286641501,0.1374343286641501
detection,23,packet_count_bwd_sum,0.1361090348980672,0.1361090348980672
detection,23,ece_flag_cnt_max,-0.1357402766297679,0.1357402766297679
detection,23,rst_flag_cnt_max,-0.1357402766297679,0.1357402766297679
detection,23,subflow_fwd_pkts_max,-0.1328053742909105,0.1328053742909105
detection,23,ack_flag_cnt_mean,0.1326967641463617,0.1326967641463617
detection,23,ack_flag_cnt_max,-0.1318133871686141,0.1318133871686141
detection,23,fwd_iat_mean_sum,0.1293118076679909,0.1293118076679909
detection,23,bwd_iat_max_mean,-0.1287919257772846,0.1287919257772846
detection,23,bwd_pkt_len_mean_mean,0.1283869589070717,0.1283869589070717
detection,23,bwd_seg_size_avg_mean,0.1283869589032389,0.1283869589032389
detection,23,fwd_seg_size_min_max,-0.1275123284365487,0.1275123284365487
detection,23,fwd_iat_tot_sum,-0.1252583684839427,0.1252583684839427
detection,23,flow_iat_min_max,0.1218858470051628,0.1218858470051628
detection,23,bwd_iat_tot_std,-0.1208171102783756,0.1208171102783756
detection,23,fwd_urg_flags_max,0.1116386379058708,0.1116386379058708
detection,23,cwe_flag_cnt_max,0.1116386379058708,0.1116386379058708
detection,23,psh_flag_cnt_sum,0.1076655203665551,0.1076655203665551
detection,23,active_mean_max,0.1050514967102585,0.1050514967102585
detection,23,bwd_pkt_len_max_mean,0.1002882358747482,0.1002882358747482
detection,23,psh_flag_cnt_std,0.0975838690867651,0.0975838690867651
detection,23,unique_dst_ports_count,0.0971742600307652,0.0971742600307652
detection,23,bwd_pkt_len_mean_std,0.0967836872075069,0.0967836872075069
detection,23,bwd_seg_size_avg_std,0.0967836871886582,0.0967836871886582
detection,23,bwd_iat_min_sum,0.0922351038271405,0.0922351038271405
detection,23,idle_mean_sum,0.0884280635055321,0.0884280635055321
detection,23,fin_flag_cnt_mean,0.0875110419473716,0.0875110419473716
detection,23,duration_microsec_sum,-0.0864480405706565,0.0864480405706565
detection,23,urg_flag_cnt_sum,0.0853037796062213,0.0853037796062213
detection,23,bwd_iat_min_mean,-0.0839746596211469,0.0839746596211469
detection,23,subflow_bwd_pkts_mean,-0.0822567589061683,0.0822567589061683
detection,23,fwd_header_len_std,-0.0817678424124955,0.0817678424124955
detection,23,packet_count_fwd_mean,0.0813823086362637,0.0813823086362637
detection,23,rst_flag_cnt_mean,-0.0806684327975842,0.0806684327975842
detection,23,syn_flag_cnt_max,0.0802237663407899,0.0802237663407899
detection,23,fwd_psh_flags_max,0.0802237663407899,0.0802237663407899
detection,23,fwd_iat_max_mean,0.0791887252400074,0.0791887252400074
detection,23,idle_std_max,-0.0790635859487477,0.0790635859487477
detection,23,fwd_act_data_pkts_sum,-0.0778065183089256,0.0778065183089256
detection,23,duration_sec_mean,-0.0777547285753528,0.0777547285753528
detection,23,flow_iat_min_mean,0.0772266879703495,0.0772266879703495
detection,23,fwd_psh_flags_mean,-0.0761697275007225,0.0761697275007225
detection,23,syn_flag_cnt_mean,-0.0761697275007225,0.0761697275007225
detection,23,fwd_iat_min_mean,-0.0713596601736658,0.0713596601736658
detection,23,psh_flag_cnt_max,-0.0692081737581053,0.0692081737581053
detection,23,fwd_pkt_len_min_std,-0.066324184495629,0.066324184495629
detection,23,idle_std_std,0.0662143388766622,0.0662143388766622
detection,23,pkt_len_min_mean,0.0660965526109727,0.0660965526109727
detection,23,byte_count_bwd_min,0.0658772538760781,0.0658772538760781
detection,23,bwd_pkt_len_std_sum,0.0649553281667004,0.0649553281667004
detection,23,fwd_iat_tot_mean,-0.0641139570986273,0.0641139570986273
detection,23,pkt_len_max_min,0.0631478814436306,0.0631478814436306
detection,23,bwd_pkt_len_mean_min,0.0587145321288934,0.0587145321288934
detection,23,bwd_seg_size_avg_min,0.0587145321288934,0.0587145321288934
detection,23,idle_max_std,0.0564876795766344,0.0564876795766344
detection,23,duration_microsec_mean,-0.0561104639489706,0.0561104639489706
detection,23,pkt_len_std_min,0.0546727903896703,0.0546727903896703
detection,23,idle_mean_max,-0.0529504800690924,0.0529504800690924
detection,23,fwd_psh_flags_sum,-0.0525060808865162,0.0525060808865162
detection,23,syn_flag_cnt_sum,-0.0525060808865162,0.0525060808865162
detection,23,bwd_iat_min_min,-0.0520780601425874,0.0520780601425874
detection,23,bwd_pkt_len_max_min,0.0520286339511975,0.0520286339511975
detection,23,subflow_bwd_byts_min,0.0506495915612334,0.0506495915612334
detection,23,pkt_len_var_min,0.0494249326081994,0.0494249326081994
detection,23,bwd_iat_std_min,0.048709999052202,0.048709999052202
detection,23,duration_microsec_min,0.048476890394348,0.048476890394348
detection,23,bwd_pkt_len_std_min,0.0484716792935949,0.0484716792935949
detection,23,fwd_iat_tot_min,0.0484131722066334,0.0484131722066334
detection,23,pkt_len_std_max,0.04814721307496,0.04814721307496
detection,23,packet_count_fwd_min,0.0479429080893445,0.0479429080893445
detection,23,fwd_urg_flags_sum,0.0465503872454769,0.0465503872454769
detection,23,cwe_flag_cnt_sum,0.0465503872454769,0.0465503872454769
detection,23,flow_iat_min_std,0.0462938732398977,0.0462938732398977
detection,23,flow_iat_min_min,0.0461568594988896,0.0461568594988896
detection,23,fin_flag_cnt_std,0.0455927257468642,0.0455927257468642
detection,23,flow_iat_mean_min,0.045413783957,0.045413783957
detection,23,idle_min_max,-0.044934696212459,0.044934696212459
detection,23,fwd_pkt_len_std_min,0.0449320011249411,0.0449320011249411
detection,23,fwd_iat_mean_min,0.0442947237386787,0.0442947237386787
detection,23,duration_sec_min,0.0438113649980811,0.0438113649980811
detection,23,pkt_len_mean_min,0.0433216616145518,0.0433216616145518
detection,23,fwd_iat_max_min,0.042868956766743,0.042868956766743
detection,23,flow_iat_max_min,0.0427596096280978,0.0427596096280978
detection,23,pkt_size_avg_min,0.0423092971933865,0.0423092971933865
detection,23,idle_max_min,0.0422604002506889,0.0422604002506889
detection,23,window_size_bwd_min,0.0418822195492527,0.0418822195492527
detection,23,fwd_iat_tot_max,0.0414494775102706,0.0414494775102706
detection,23,subflow_fwd_pkts_min,0.0413510464756476,0.0413510464756476
detection,23,fwd_iat_min_min,0.041260286259799,0.041260286259799
detection,23,active_min_mean,0.041260148437499,0.041260148437499
detection,23,bwd_iat_tot_min,0.0411104590781881,0.0411104590781881
detection,23,ece_flag_cnt_mean,-0.0401167465653952,0.0401167465653952
detection,23,idle_mean_min,0.0384424226189948,0.0384424226189948
detection,23,subflow_bwd_pkts_min,-0.038297452130003,0.038297452130003
detection,23,fwd_pkts_per_sec_min,-0.0373269958299653,0.0373269958299653
detection,23,idle_min_sum,0.0371541824232156,0.0371541824232156
detection,23,subflow_bwd_byts_mean,-0.0366257852689142,0.0366257852689142
detection,23,idle_min_mean,-0.036110195441376,0.036110195441376
detection,23,window_size_fwd_min,0.0339266511653914,0.0339266511653914
detection,23,fwd_pkt_len_min_min,0.0332548459533705,0.0332548459533705
detection,23,idle_std_sum,0.0327278449970073,0.0327278449970073
detection,23,idle_min_min,0.0323847054034793,0.0323847054034793
detection,23,pkt_len_min_min,0.0309602712021593,0.0309602712021593
detection,23,active_min_max,0.0307154566303403,0.0307154566303403
detection,23,active_min_min,0.0306682728539905,0.0306682728539905
detection,23,bwd_iat_max_min,0.030435833799465,0.030435833799465
detection,23,fwd_seg_size_avg_min,0.0301890975677746,0.0301890975677746
detection,23,fwd_pkt_len_mean_min,0.0301890975677746,0.0301890975677746
detection,23,active_mean_min,0.0298314427738986,0.0298314427738986
detection,23,fwd_pkt_len_min_max,-0.0294563946980135,0.0294563946980135
detection,23,active_max_min,0.0284651805912667,0.0284651805912667
detection,23,psh_flag_cnt_min,0.0279953923625303,0.0279953923625303
detection,23,bwd_pkts_per_sec_min,0.0276078249992528,0.0276078249992528
detection,23,down_up_ratio_min,0.027276173063612,0.027276173063612
detection,23,fwd_pkt_len_max_min,0.0266698106818455,0.0266698106818455
detection,23,active_std_min,0.0256536092840023,0.0256536092840023
detection,23,bwd_pkt_len_min_max,-0.0252743719167895,0.0252743719167895
detection,23,subflow_fwd_byts_min,0.0250375547334236,0.0250375547334236
detection,23,idle_std_min,0.0247742809861719,0.0247742809861719
detection,23,bwd_iat_std_max,-0.0234326021880157,0.0234326021880157
detection,23,flow_iat_std_min,0.0233737288845768,0.0233737288845768
detection,23,fwd_seg_size_avg_std,-0.023045188516766,0.023045188516766
detection,23,fwd_pkt_len_mean_std,-0.023045188516766,0.023045188516766
detection,23,fwd_iat_std_min,0.0226195444169498,0.0226195444169498
detection,23,fwd_psh_flags_min,0.0226175262228274,0.0226175262228274
detection,23,ack_flag_cnt_min,0.0226175262228274,0.0226175262228274
detection,23,syn_flag_cnt_min,0.0226175262228274,0.0226175262228274
detection,23,packets_per_sec_std,0.0216250110952757,0.0216250110952757
detection,23,fwd_seg_size_avg_max,0.020931674436665,0.020931674436665
detection,23,fwd_pkt_len_mean_max,0.020931674436665,0.020931674436665
detection,23,bytes_per_sec_min,0.018804997071879,0.018804997071879
detection,23,fwd_act_data_pkts_std,-0.0181995022134661,0.0181995022134661
detection,23,bwd_header_len_min,0.0180518179336538,0.0180518179336538
detection,23,packet_count_fwd_max,0.0169858133431072,0.0169858133431072
detection,23,pkt_payload_size_p25,-0.0159948194794504,0.0159948194794504
detection,23,fwd_act_data_pkts_min,0.0114020221265797,0.0114020221265797
detection,23,bwd_iat_max_max,0.0112070054055978,0.0112070054055978
detection,23,flow_iat_mean_max,-0.0111422219186341,0.0111422219186341
detection,23,bwd_iat_mean_min,-0.006543182314543,0.006543182314543
detection,23,fwd_header_len_min,-0.0058379449152343,0.0058379449152343
detection,23,fin_flag_cnt_sum,0.0055903432868131,0.0055903432868131
detection,23,byte_count_fwd_min,0.0048867971835253,0.0048867971835253
detection,23,byte_count_fwd_mean,-0.0026378571645796,0.0026378571645796
detection,23,pkt_len_var_std,-0.0019325975713746,0.0019325975713746
detection,23,fwd_byts_b_avg_max,0.0,0.0
detection,23,mask_has_flow_timing_features,0.0,0.0
detection,23,mask_has_traffic_volume_features,0.0,0.0
detection,23,fin_flag_cnt_min,0.0,0.0
detection,23,rst_flag_cnt_min,0.0,0.0
detection,23,mask_has_identity_auth,0.0,0.0
detection,23,fwd_byts_b_avg_min,0.0,0.0
detection,23,fwd_byts_b_avg_sum,0.0,0.0
detection,23,fwd_byts_b_avg_std,0.0,0.0
detection,23,fwd_byts_b_avg_mean,0.0,0.0
detection,23,ece_flag_cnt_min,0.0,0.0
detection,23,urg_flag_cnt_min,0.0,0.0
detection,23,cwe_flag_cnt_min,0.0,0.0
detection,23,bwd_urg_flags_max,0.0,0.0
detection,23,mask_has_graph_topology,0.0,0.0
detection,23,pkt_frag_mf_count,0.0,0.0
detection,23,mask_has_tcp_flags,0.0,0.0
detection,23,bwd_pkts_b_avg_max,0.0,0.0
detection,23,bwd_blk_rate_avg_max,0.0,0.0
detection,23,bwd_blk_rate_avg_sum,0.0,0.0
detection,23,bwd_pkts_b_avg_sum,0.0,0.0
detection,23,fwd_pkts_b_avg_std,0.0,0.0
detection,23,fwd_pkts_b_avg_sum,0.0,0.0
detection,23,fwd_pkts_b_avg_mean,0.0,0.0
detection,23,bwd_blk_rate_avg_min,0.0,0.0
detection,23,bwd_pkts_b_avg_min,0.0,0.0
detection,23,bwd_blk_rate_avg_mean,0.0,0.0
detection,23,bwd_blk_rate_avg_std,0.0,0.0
detection,23,fwd_pkts_b_avg_min,0.0,0.0
detection,23,fwd_blk_rate_avg_min,0.0,0.0
detection,23,fwd_blk_rate_avg_max,0.0,0.0
detection,23,bwd_byts_b_avg_mean,0.0,0.0
detection,23,bwd_byts_b_avg_std,0.0,0.0
detection,23,fwd_pkts_b_avg_max,0.0,0.0
detection,23,fwd_blk_rate_avg_mean,0.0,0.0
detection,23,fwd_blk_rate_avg_std,0.0,0.0
detection,23,fwd_blk_rate_avg_sum,0.0,0.0
detection,23,bwd_pkts_b_avg_mean,0.0,0.0
detection,23,bwd_byts_b_avg_max,0.0,0.0
detection,23,bwd_byts_b_avg_min,0.0,0.0
detection,23,bwd_byts_b_avg_sum,0.0,0.0
detection,23,bwd_psh_flags_std,0.0,0.0
detection,23,bwd_psh_flags_sum,0.0,0.0
detection,23,bwd_pkts_b_avg_std,0.0,0.0
detection,23,bwd_psh_flags_mean,0.0,0.0
detection,23,bwd_psh_flags_max,0.0,0.0
detection,23,bwd_psh_flags_min,0.0,0.0
detection,23,fwd_urg_flags_min,0.0,0.0
detection,23,bwd_urg_flags_mean,0.0,0.0
detection,23,bwd_urg_flags_std,0.0,0.0
detection,23,bwd_urg_flags_sum,0.0,0.0
detection,23,bwd_urg_flags_min,0.0,0.0
detection,23,bwd_pkt_len_min_min,0.0,0.0
detection,24,fwd_pkt_len_std_mean,1.7992478522322135,1.7992478522322135
detection,24,bwd_pkt_len_std_mean,-1.7300506610382882,1.7300506610382882
detection,24,window_size_bwd_std,1.7121256947016266,1.7121256947016266
detection,24,byte_count_bwd_std,-1.6539325750240417,1.6539325750240417
detection,24,fwd_pkt_len_max_std,-1.5951566095091592,1.5951566095091592
detection,24,pkt_tcp_retrans_count,1.4620901300963187,1.4620901300963187
detection,24,pkt_port_scan_seq_score,1.3648534114973816,1.3648534114973816
detection,24,bwd_iat_std_mean,1.330270970001274,1.330270970001274
detection,24,packet_count_bwd_std,1.2628829533102608,1.2628829533102608
detection,24,down_up_ratio_std,-1.2429949451801492,1.2429949451801492
detection,24,byte_count_fwd_max,1.2400638292709838,1.2400638292709838
detection,24,bytes_per_sec_mean,-1.2329103581197227,1.2329103581197227
detection,24,flow_iat_std_std,-1.1999063051335388,1.1999063051335388
detection,24,bytes_per_sec_max,1.1810242171352066,1.1810242171352066
detection,24,window_size_fwd_std,-1.1247643061182768,1.1247643061182768
detection,24,bwd_iat_max_std,-1.1197998177450594,1.1197998177450594
detection,24,pkt_len_std_mean,-1.0982706509136977,1.0982706509136977
detection,24,bwd_pkt_len_min_mean,1.0341211392556895,1.0341211392556895
detection,24,bwd_iat_mean_std,1.0335098121329305,1.0335098121329305
detection,24,bwd_iat_min_std,-1.0288208827457055,1.0288208827457055
detection,24,ack_flag_cnt_std,0.988570874330644,0.988570874330644
detection,24,bwd_pkts_per_sec_sum,-0.9734144460625992,0.9734144460625992
detection,24,urg_flag_cnt_mean,-0.9646790511257032,0.9646790511257032
detection,24,bwd_pkt_len_std_std,0.9589375183976206,0.9589375183976206
detection,24,pkt_len_min_std,0.9451745146205942,0.9451745146205942
detection,24,fwd_seg_size_min_mean,0.9351262949750492,0.9351262949750492
detection,24,subflow_bwd_byts_sum,-0.9251461912205308,0.9251461912205308
detection,24,bwd_seg_size_avg_max,0.9127126051477044,0.9127126051477044
detection,24,bwd_pkt_len_mean_max,0.9127126051474692,0.9127126051474692
detection,24,bwd_iat_min_max,0.85968321633171,0.85968321633171
detection,24,bytes_per_sec_sum,-0.8568878771147378,0.8568878771147378
detection,24,fwd_header_len_mean,0.8329529237087279,0.8329529237087279
detection,24,pkt_len_mean_max,-0.8029907095597648,0.8029907095597648
detection,24,fwd_pkt_len_std_std,0.7945594355431606,0.7945594355431606
detection,24,pkt_payload_size_p95,-0.7798834135101332,0.7798834135101332
detection,24,pkt_len_max_std,-0.7518942904738615,0.7518942904738615
detection,24,bwd_pkts_per_sec_std,0.7388121015924198,0.7388121015924198
detection,24,active_max_sum,0.7371553487020943,0.7371553487020943
detection,24,bwd_pkt_len_max_std,0.7339998861630144,0.7339998861630144
detection,24,pkt_len_mean_mean,-0.7300560988975944,0.7300560988975944
detection,24,duration_sec_std,0.7146936777573838,0.7146936777573838
detection,24,bwd_iat_mean_sum,-0.7073195150117865,0.7073195150117865
detection,24,fwd_iat_mean_std,-0.6899749248258217,0.6899749248258217
detection,24,window_size_bwd_mean,-0.6887307181826285,0.6887307181826285
detection,24,pkt_size_avg_mean,-0.6849762688565216,0.6849762688565216
detection,24,packet_count_bwd_mean,0.6826922171059883,0.6826922171059883
detection,24,byte_count_bwd_max,-0.6725585234554609,0.6725585234554609
detection,24,urg_flag_cnt_max,0.6679926641071385,0.6679926641071385
detection,24,bwd_pkt_len_std_max,0.6651503858600833,0.6651503858600833
detection,24,active_mean_sum,-0.6643068800944826,0.6643068800944826
detection,24,window_size_bwd_sum,-0.6641619158353483,0.6641619158353483
detection,24,ece_flag_cnt_sum,0.65829562494583,0.65829562494583
detection,24,rst_flag_cnt_sum,0.6574733100275048,0.6574733100275048
detection,24,pkt_len_std_std,0.6385907541582878,0.6385907541582878
detection,24,bwd_iat_tot_mean,-0.6257625213047951,0.6257625213047951
detection,24,byte_count_bwd_mean,-0.6251363626380354,0.6251363626380354
detection,24,ece_flag_cnt_std,0.6198786231777226,0.6198786231777226
detection,24,byte_count_fwd_std,-0.6185188893789993,0.6185188893789993
detection,24,psh_flag_cnt_mean,0.6129206600943972,0.6129206600943972
detection,24,fwd_header_len_sum,0.6046044246956276,0.6046044246956276
detection,24,rst_flag_cnt_std,0.5939710327975289,0.5939710327975289
detection,24,pkt_len_var_sum,0.5852240033364721,0.5852240033364721
detection,24,flow_iat_max_std,-0.5800756250540633,0.5800756250540633
detection,24,urg_flag_cnt_std,0.5748742010080454,0.5748742010080454
detection,24,pkt_payload_size_p75,-0.5717014666281229,0.5717014666281229
detection,24,active_std_sum,-0.5689984050185555,0.5689984050185555
detection,24,window_size_bwd_max,0.5639202892800377,0.5639202892800377
detection,24,fwd_seg_size_min_std,-0.5541508239517563,0.5541508239517563
detection,24,pkt_frag_df_count,0.55102607034,0.55102607034
detection,24,subflow_fwd_byts_mean,-0.5477030681699042,0.5477030681699042
detection,24,pkt_len_max_mean,-0.5323449561981886,0.5323449561981886
detection,24,bwd_iat_mean_max,-0.5253152054772023,0.5253152054772023
detection,24,fwd_pkt_len_max_max,0.5188538833094496,0.5188538833094496
detection,24,bwd_pkt_len_mean_sum,0.5182291739503421,0.5182291739503421
detection,24,bwd_seg_size_avg_sum,0.5182291739498738,0.5182291739498738
detection,24,bwd_iat_mean_mean,0.4985147129676527,0.4985147129676527
detection,24,idle_std_mean,0.4948967187295285,0.4948967187295285
detection,24,subflow_bwd_byts_max,0.4926829826654743,0.4926829826654743
detection,24,byte_count_bwd_sum,-0.4829542069204348,0.4829542069204348
detection,24,flow_iat_std_sum,-0.4825955271191022,0.4825955271191022
detection,24,fwd_iat_std_mean,0.4824989940480974,0.4824989940480974
detection,24,subflow_fwd_byts_sum,0.4761344828816888,0.4761344828816888
detection,24,subflow_fwd_pkts_sum,0.4747491925832166,0.4747491925832166
detection,24,ack_flag_cnt_sum,0.4712234677696905,0.4712234677696905
detection,24,down_up_ratio_max,0.4672317993517808,0.4672317993517808
detection,24,active_std_mean,-0.453881614184007,0.453881614184007
detection,24,idle_max_mean,0.4533720312866052,0.4533720312866052
detection,24,active_max_std,0.4355182718681431,0.4355182718681431
detection,24,window_size_fwd_mean,0.4343502210877361,0.4343502210877361
detection,24,idle_min_std,-0.4217822730830848,0.4217822730830848
detection,24,bwd_header_len_max,0.4158447063585354,0.4158447063585354
detection,24,fwd_iat_min_std,-0.4114259908192804,0.4114259908192804
detection,24,down_up_ratio_mean,0.4058092234754287,0.4058092234754287
detection,24,mask_has_packet_level_features,-0.403920289765573,0.403920289765573
detection,24,pkt_ttl_max,-0.403920289765573,0.403920289765573
detection,24,fwd_pkt_len_std_sum,0.4011712884163048,0.4011712884163048
detection,24,fwd_pkt_len_mean_sum,0.3933492012376035,0.3933492012376035
detection,24,fwd_seg_size_avg_sum,0.3933492012376035,0.3933492012376035
detection,24,pkt_len_var_mean,-0.3915246567095576,0.3915246567095576
detection,24,fwd_iat_tot_std,0.3848848670409059,0.3848848670409059
detection,24,down_up_ratio_sum,0.3841605377752183,0.3841605377752183
detection,24,fwd_iat_std_sum,0.3817392695447128,0.3817392695447128
detection,24,bwd_header_len_std,-0.3802937210549065,0.3802937210549065
detection,24,pkt_ttl_std,0.3785554900177869,0.3785554900177869
detection,24,pkt_ttl_mode,0.374917600709909,0.374917600709909
detection,24,pkt_len_mean_sum,0.3729680451719483,0.3729680451719483
detection,24,fwd_pkts_per_sec_max,-0.3688170409645843,0.3688170409645843
detection,24,fwd_pkt_len_max_sum,0.3665683459137281,0.3665683459137281
detection,24,fwd_pkts_per_sec_sum,0.3653105832795857,0.3653105832795857
detection,24,pkt_len_max_max,0.3651084062541433,0.3651084062541433
detection,24,subflow_bwd_pkts_std,-0.3642972644999205,0.3642972644999205
detection,24,bwd_pkt_len_min_std,-0.3562541915374543,0.3562541915374543
detection,24,duration_microsec_std,0.3557775570516384,0.3557775570516384
detection,24,fwd_iat_max_sum,0.3469151833164812,0.3469151833164812
detection,24,pkt_len_mean_std,0.3438121950318824,0.3438121950318824
detection,24,pkt_len_min_max,-0.3393000761288636,0.3393000761288636
detection,24,pkt_size_avg_sum,0.3348348542125381,0.3348348542125381
detection,24,fwd_pkts_per_sec_mean,0.332867606502079,0.332867606502079
detection,24,packets_per_sec_max,-0.3279622329777392,0.3279622329777392
detection,24,packet_count_bwd_max,0.3250547684377757,0.3250547684377757
detection,24,fwd_iat_std_std,0.3236852864034166,0.3236852864034166
detection,24,active_min_std,-0.3205613323124447,0.3205613323124447
detection,24,fwd_urg_flags_std,0.3171976054865401,0.3171976054865401
detection,24,cwe_flag_cnt_std,0.3171976054865401,0.3171976054865401
detection,24,packet_count_fwd_std,-0.3165185698442631,0.3165185698442631
detection,24,pkt_len_max_sum,0.3132880414035515,0.3132880414035515
detection,24,flow_iat_min_sum,0.3116389509847002,0.3116389509847002
detection,24,fwd_iat_min_max,0.3092774898588693,0.3092774898588693
detection,24,pkt_size_avg_max,0.3088340983438442,0.3088340983438442
detection,24,fwd_act_data_pkts_max,-0.3041938616269488,0.3041938616269488
detection,24,pkt_len_std_sum,0.2955071344233181,0.2955071344233181
detection,24,flow_iat_max_mean,-0.2937944548626215,0.2937944548626215
detection,24,active_mean_std,-0.2910218197631313,0.2910218197631313
detection,24,fwd_iat_max_max,-0.2893626426522757,0.2893626426522757
detection,24,fwd_iat_min_sum,0.2837288842085465,0.2837288842085465
detection,24,subflow_bwd_pkts_sum,-0.2779161740249753,0.2779161740249753
detection,24,active_std_max,0.2777758892741135,0.2777758892741135
detection,24,packets_per_sec_sum,-0.2773115244883261,0.2773115244883261
detection,24,fwd_iat_mean_max,0.272757375043493,0.272757375043493
detection,24,active_max_mean,-0.2712429386731948,0.2712429386731948
detection,24,duration_sec_sum,-0.2707610900569681,0.2707610900569681
detection,24,duration_microsec_max,0.2704019562487196,0.2704019562487196
detection,24,fwd_act_data_pkts_mean,-0.266778619403834,0.266778619403834
detection,24,active_std_std,-0.2647433665773603,0.2647433665773603
detection,24,subflow_bwd_byts_std,-0.2644303158775525,0.2644303158775525
detection,24,bwd_iat_tot_max,-0.2639999097317259,0.2639999097317259
detection,24,idle_mean_mean,0.262985547539138,0.262985547539138
detection,24,bwd_pkts_per_sec_max,-0.2610058250485987,0.2610058250485987
detection,24,fwd_seg_size_min_sum,0.2536368753067604,0.2536368753067604
detection,24,packets_per_sec_mean,-0.252905985190946,0.252905985190946
detection,24,subflow_fwd_pkts_mean,0.2523087096821539,0.2523087096821539
detection,24,fwd_seg_size_avg_mean,-0.251332115895898,0.251332115895898
detection,24,fwd_pkt_len_mean_mean,-0.251332115895898,0.251332115895898
detection,24,packets_per_sec_min,-0.2502788928788068,0.2502788928788068
detection,24,pkt_len_var_max,0.2485765582779512,0.2485765582779512
detection,24,bwd_pkts_per_sec_mean,-0.247220382287408,0.247220382287408
detection,24,flow_iat_max_max,0.2384870373179521,0.2384870373179521
detection,24,flow_iat_mean_sum,0.2357957414683604,0.2357957414683604
detection,24,fwd_iat_std_max,0.2317720372596312,0.2317720372596312
detection,24,idle_mean_std,-0.2304408514443782,0.2304408514443782
detection,24,flow_iat_std_mean,-0.2259527957777165,0.2259527957777165
detection,24,bwd_pkt_len_max_sum,0.2251091086861128,0.2251091086861128
detection,24,duration_sec_max,0.2247706547053201,0.2247706547053201
detection,24,fwd_pkt_len_std_max,-0.2227072482726823,0.2227072482726823
detection,24,byte_count_fwd_sum,-0.2205324239507383,0.2205324239507383
detection,24,flow_iat_std_max,-0.2163593411058576,0.2163593411058576
detection,24,fwd_header_len_max,0.2091539520369039,0.2091539520369039
detection,24,fwd_urg_flags_mean,-0.2036200420027677,0.2036200420027677
detection,24,cwe_flag_cnt_mean,-0.2036200420027677,0.2036200420027677
detection,24,active_mean_mean,-0.1972007806672305,0.1972007806672305
detection,24,bwd_iat_std_std,0.1893801180112768,0.1893801180112768
detection,24,window_size_fwd_max,-0.188902376932486,0.188902376932486
detection,24,packet_count_fwd_sum,-0.1883308222807458,0.1883308222807458
detection,24,bwd_iat_std_sum,0.1879850882601399,0.1879850882601399
detection,24,fwd_pkt_len_max_mean,0.1834205003866376,0.1834205003866376
detection,24,flow_iat_max_sum,0.183155111402216,0.183155111402216
detection,24,bytes_per_sec_std,0.1804726614128231,0.1804726614128231
detection,24,idle_max_sum,0.1787968560930165,0.1787968560930165
detection,24,idle_max_max,-0.1767113157707177,0.1767113157707177
detection,24,pkt_ttl_min,-0.1701024780358794,0.1701024780358794
detection,24,active_max_max,0.1678496573916212,0.1678496573916212
detection,24,window_size_fwd_sum,0.1674648239651755,0.1674648239651755
detection,24,fin_flag_cnt_max,0.1666822503259384,0.1666822503259384
detection,24,fwd_seg_size_min_min,-0.1643094893946543,0.1643094893946543
detection,24,bwd_header_len_mean,-0.1625927678469276,0.1625927678469276
detection,24,unique_protocols_count,0.1619843580393516,0.1619843580393516
detection,24,bwd_iat_tot_sum,-0.1618867194032895,0.1618867194032895
detection,24,pkt_size_avg_std,0.1611027316645116,0.1611027316645116
detection,24,bwd_pkt_len_max_max,-0.1606501758831285,0.1606501758831285
detection,24,subflow_fwd_byts_std,0.1598007089461137,0.1598007089461137
detection,24,pkt_len_min_sum,-0.158254668711988,0.158254668711988
detection,24,active_min_sum,0.1571017047903993,0.1571017047903993
detection,24,bwd_pkt_len_min_sum,0.1539581857352827,0.1539581857352827
detection,24,bwd_header_len_sum,-0.1539570413534423,0.1539570413534423
detection,24,subflow_fwd_pkts_std,-0.1537957871059972,0.1537957871059972
detection,24,pkt_payload_size_p50,-0.1522292806857402,0.1522292806857402
detection,24,bwd_iat_max_sum,-0.1516129497257692,0.1516129497257692
detection,24,packet_count_bwd_min,-0.1502055751213807,0.1502055751213807
detection,24,flow_iat_mean_std,-0.1484325054597665,0.1484325054597665
detection,24,subflow_bwd_pkts_max,0.1472346729561995,0.1472346729561995
detection,24,fwd_pkts_per_sec_std,0.147051530488302,0.147051530488302
detection,24,fwd_iat_mean_mean,-0.1461328576429826,0.1461328576429826
detection,24,flow_count,0.1437166248506459,0.1437166248506459
detection,24,fwd_pkt_len_min_sum,-0.1436989785203858,0.1436989785203858
detection,24,flow_iat_mean_mean,0.1429126194070377,0.1429126194070377
detection,24,fwd_pkt_len_min_mean,-0.1386548796292643,0.1386548796292643
detection,24,fwd_psh_flags_std,-0.1383831744180341,0.1383831744180341
detection,24,syn_flag_cnt_std,-0.1383831744180341,0.1383831744180341
detection,24,fwd_iat_max_std,-0.1380331054555004,0.1380331054555004
detection,24,subflow_fwd_byts_max,0.1374343286641501,0.1374343286641501
detection,24,packet_count_bwd_sum,0.1361090348980672,0.1361090348980672
detection,24,ece_flag_cnt_max,-0.1357402766297679,0.1357402766297679
detection,24,rst_flag_cnt_max,-0.1357402766297679,0.1357402766297679
detection,24,subflow_fwd_pkts_max,-0.1328053742909105,0.1328053742909105
detection,24,ack_flag_cnt_mean,0.1326967641463617,0.1326967641463617
detection,24,ack_flag_cnt_max,-0.1318133871686141,0.1318133871686141
detection,24,fwd_iat_mean_sum,0.1293118076679909,0.1293118076679909
detection,24,bwd_iat_max_mean,-0.1287919257772846,0.1287919257772846
detection,24,bwd_pkt_len_mean_mean,0.1283869589070717,0.1283869589070717
detection,24,bwd_seg_size_avg_mean,0.1283869589032389,0.1283869589032389
detection,24,fwd_seg_size_min_max,-0.1275123284365487,0.1275123284365487
detection,24,fwd_iat_tot_sum,-0.1252583684839427,0.1252583684839427
detection,24,flow_iat_min_max,0.1218858470051628,0.1218858470051628
detection,24,bwd_iat_tot_std,-0.1208171102783756,0.1208171102783756
detection,24,fwd_urg_flags_max,0.1116386379058708,0.1116386379058708
detection,24,cwe_flag_cnt_max,0.1116386379058708,0.1116386379058708
detection,24,psh_flag_cnt_sum,0.1076655203665551,0.1076655203665551
detection,24,active_mean_max,0.1050514967102585,0.1050514967102585
detection,24,bwd_pkt_len_max_mean,0.1002882358747482,0.1002882358747482
detection,24,psh_flag_cnt_std,0.0975838690867651,0.0975838690867651
detection,24,unique_dst_ports_count,0.0971742600307652,0.0971742600307652
detection,24,bwd_pkt_len_mean_std,0.0967836872075069,0.0967836872075069
detection,24,bwd_seg_size_avg_std,0.0967836871886582,0.0967836871886582
detection,24,bwd_iat_min_sum,0.0922351038271405,0.0922351038271405
detection,24,idle_mean_sum,0.0884280635055321,0.0884280635055321
detection,24,fin_flag_cnt_mean,0.0875110419473716,0.0875110419473716
detection,24,duration_microsec_sum,-0.0864480405706565,0.0864480405706565
detection,24,urg_flag_cnt_sum,0.0853037796062213,0.0853037796062213
detection,24,bwd_iat_min_mean,-0.0839746596211469,0.0839746596211469
detection,24,subflow_bwd_pkts_mean,-0.0822567589061683,0.0822567589061683
detection,24,fwd_header_len_std,-0.0817678424124955,0.0817678424124955
detection,24,packet_count_fwd_mean,0.0813823086362637,0.0813823086362637
detection,24,rst_flag_cnt_mean,-0.0806684327975842,0.0806684327975842
detection,24,syn_flag_cnt_max,0.0802237663407899,0.0802237663407899
detection,24,fwd_psh_flags_max,0.0802237663407899,0.0802237663407899
detection,24,fwd_iat_max_mean,0.0791887252400074,0.0791887252400074
detection,24,idle_std_max,-0.0790635859487477,0.0790635859487477
detection,24,fwd_act_data_pkts_sum,-0.0778065183089256,0.0778065183089256
detection,24,duration_sec_mean,-0.0777547285753528,0.0777547285753528
detection,24,flow_iat_min_mean,0.0772266879703495,0.0772266879703495
detection,24,fwd_psh_flags_mean,-0.0761697275007225,0.0761697275007225
detection,24,syn_flag_cnt_mean,-0.0761697275007225,0.0761697275007225
detection,24,fwd_iat_min_mean,-0.0713596601736658,0.0713596601736658
detection,24,psh_flag_cnt_max,-0.0692081737581053,0.0692081737581053
detection,24,fwd_pkt_len_min_std,-0.066324184495629,0.066324184495629
detection,24,idle_std_std,0.0662143388766622,0.0662143388766622
detection,24,pkt_len_min_mean,0.0660965526109727,0.0660965526109727
detection,24,byte_count_bwd_min,0.0658772538760781,0.0658772538760781
detection,24,bwd_pkt_len_std_sum,0.0649553281667004,0.0649553281667004
detection,24,fwd_iat_tot_mean,-0.0641139570986273,0.0641139570986273
detection,24,pkt_len_max_min,0.0631478814436306,0.0631478814436306
detection,24,bwd_pkt_len_mean_min,0.0587145321288934,0.0587145321288934
detection,24,bwd_seg_size_avg_min,0.0587145321288934,0.0587145321288934
detection,24,idle_max_std,0.0564876795766344,0.0564876795766344
detection,24,duration_microsec_mean,-0.0561104639489706,0.0561104639489706
detection,24,pkt_len_std_min,0.0546727903896703,0.0546727903896703
detection,24,idle_mean_max,-0.0529504800690924,0.0529504800690924
detection,24,fwd_psh_flags_sum,-0.0525060808865162,0.0525060808865162
detection,24,syn_flag_cnt_sum,-0.0525060808865162,0.0525060808865162
detection,24,bwd_iat_min_min,-0.0520780601425874,0.0520780601425874
detection,24,bwd_pkt_len_max_min,0.0520286339511975,0.0520286339511975
detection,24,subflow_bwd_byts_min,0.0506495915612334,0.0506495915612334
detection,24,pkt_len_var_min,0.0494249326081994,0.0494249326081994
detection,24,bwd_iat_std_min,0.048709999052202,0.048709999052202
detection,24,duration_microsec_min,0.048476890394348,0.048476890394348
detection,24,bwd_pkt_len_std_min,0.0484716792935949,0.0484716792935949
detection,24,fwd_iat_tot_min,0.0484131722066334,0.0484131722066334
detection,24,pkt_len_std_max,0.04814721307496,0.04814721307496
detection,24,packet_count_fwd_min,0.0479429080893445,0.0479429080893445
detection,24,fwd_urg_flags_sum,0.0465503872454769,0.0465503872454769
detection,24,cwe_flag_cnt_sum,0.0465503872454769,0.0465503872454769
detection,24,flow_iat_min_std,0.0462938732398977,0.0462938732398977
detection,24,flow_iat_min_min,0.0461568594988896,0.0461568594988896
detection,24,fin_flag_cnt_std,0.0455927257468642,0.0455927257468642
detection,24,flow_iat_mean_min,0.045413783957,0.045413783957
detection,24,idle_min_max,-0.044934696212459,0.044934696212459
detection,24,fwd_pkt_len_std_min,0.0449320011249411,0.0449320011249411
detection,24,fwd_iat_mean_min,0.0442947237386787,0.0442947237386787
detection,24,duration_sec_min,0.0438113649980811,0.0438113649980811
detection,24,pkt_len_mean_min,0.0433216616145518,0.0433216616145518
detection,24,fwd_iat_max_min,0.042868956766743,0.042868956766743
detection,24,flow_iat_max_min,0.0427596096280978,0.0427596096280978
detection,24,pkt_size_avg_min,0.0423092971933865,0.0423092971933865
detection,24,idle_max_min,0.0422604002506889,0.0422604002506889
detection,24,window_size_bwd_min,0.0418822195492527,0.0418822195492527
detection,24,fwd_iat_tot_max,0.0414494775102706,0.0414494775102706
detection,24,subflow_fwd_pkts_min,0.0413510464756476,0.0413510464756476
detection,24,fwd_iat_min_min,0.041260286259799,0.041260286259799
detection,24,active_min_mean,0.041260148437499,0.041260148437499
detection,24,bwd_iat_tot_min,0.0411104590781881,0.0411104590781881
detection,24,ece_flag_cnt_mean,-0.0401167465653952,0.0401167465653952
detection,24,idle_mean_min,0.0384424226189948,0.0384424226189948
detection,24,subflow_bwd_pkts_min,-0.038297452130003,0.038297452130003
detection,24,fwd_pkts_per_sec_min,-0.0373269958299653,0.0373269958299653
detection,24,idle_min_sum,0.0371541824232156,0.0371541824232156
detection,24,subflow_bwd_byts_mean,-0.0366257852689142,0.0366257852689142
detection,24,idle_min_mean,-0.036110195441376,0.036110195441376
detection,24,window_size_fwd_min,0.0339266511653914,0.0339266511653914
detection,24,fwd_pkt_len_min_min,0.0332548459533705,0.0332548459533705
detection,24,idle_std_sum,0.0327278449970073,0.0327278449970073
detection,24,idle_min_min,0.0323847054034793,0.0323847054034793
detection,24,pkt_len_min_min,0.0309602712021593,0.0309602712021593
detection,24,active_min_max,0.0307154566303403,0.0307154566303403
detection,24,active_min_min,0.0306682728539905,0.0306682728539905
detection,24,bwd_iat_max_min,0.030435833799465,0.030435833799465
detection,24,fwd_seg_size_avg_min,0.0301890975677746,0.0301890975677746
detection,24,fwd_pkt_len_mean_min,0.0301890975677746,0.0301890975677746
detection,24,active_mean_min,0.0298314427738986,0.0298314427738986
detection,24,fwd_pkt_len_min_max,-0.0294563946980135,0.0294563946980135
detection,24,active_max_min,0.0284651805912667,0.0284651805912667
detection,24,psh_flag_cnt_min,0.0279953923625303,0.0279953923625303
detection,24,bwd_pkts_per_sec_min,0.0276078249992528,0.0276078249992528
detection,24,down_up_ratio_min,0.027276173063612,0.027276173063612
detection,24,fwd_pkt_len_max_min,0.0266698106818455,0.0266698106818455
detection,24,active_std_min,0.0256536092840023,0.0256536092840023
detection,24,bwd_pkt_len_min_max,-0.0252743719167895,0.0252743719167895
detection,24,subflow_fwd_byts_min,0.0250375547334236,0.0250375547334236
detection,24,idle_std_min,0.0247742809861719,0.0247742809861719
detection,24,bwd_iat_std_max,-0.0234326021880157,0.0234326021880157
detection,24,flow_iat_std_min,0.0233737288845768,0.0233737288845768
detection,24,fwd_seg_size_avg_std,-0.023045188516766,0.023045188516766
detection,24,fwd_pkt_len_mean_std,-0.023045188516766,0.023045188516766
detection,24,fwd_iat_std_min,0.0226195444169498,0.0226195444169498
detection,24,fwd_psh_flags_min,0.0226175262228274,0.0226175262228274
detection,24,ack_flag_cnt_min,0.0226175262228274,0.0226175262228274
detection,24,syn_flag_cnt_min,0.0226175262228274,0.0226175262228274
detection,24,packets_per_sec_std,0.0216250110952757,0.0216250110952757
detection,24,fwd_seg_size_avg_max,0.020931674436665,0.020931674436665
detection,24,fwd_pkt_len_mean_max,0.020931674436665,0.020931674436665
detection,24,bytes_per_sec_min,0.018804997071879,0.018804997071879
detection,24,fwd_act_data_pkts_std,-0.0181995022134661,0.0181995022134661
detection,24,bwd_header_len_min,0.0180518179336538,0.0180518179336538
detection,24,packet_count_fwd_max,0.0169858133431072,0.0169858133431072
detection,24,pkt_payload_size_p25,-0.0159948194794504,0.0159948194794504
detection,24,fwd_act_data_pkts_min,0.0114020221265797,0.0114020221265797
detection,24,bwd_iat_max_max,0.0112070054055978,0.0112070054055978
detection,24,flow_iat_mean_max,-0.0111422219186341,0.0111422219186341
detection,24,bwd_iat_mean_min,-0.006543182314543,0.006543182314543
detection,24,fwd_header_len_min,-0.0058379449152343,0.0058379449152343
detection,24,fin_flag_cnt_sum,0.0055903432868131,0.0055903432868131
detection,24,byte_count_fwd_min,0.0048867971835253,0.0048867971835253
detection,24,byte_count_fwd_mean,-0.0026378571645796,0.0026378571645796
detection,24,pkt_len_var_std,-0.0019325975713746,0.0019325975713746
detection,24,fwd_byts_b_avg_max,0.0,0.0
detection,24,mask_has_flow_timing_features,0.0,0.0
detection,24,mask_has_traffic_volume_features,0.0,0.0
detection,24,fin_flag_cnt_min,0.0,0.0
detection,24,rst_flag_cnt_min,0.0,0.0
detection,24,mask_has_identity_auth,0.0,0.0
detection,24,fwd_byts_b_avg_min,0.0,0.0
detection,24,fwd_byts_b_avg_sum,0.0,0.0
detection,24,fwd_byts_b_avg_std,0.0,0.0
detection,24,fwd_byts_b_avg_mean,0.0,0.0
detection,24,ece_flag_cnt_min,0.0,0.0
detection,24,urg_flag_cnt_min,0.0,0.0
detection,24,cwe_flag_cnt_min,0.0,0.0
detection,24,bwd_urg_flags_max,0.0,0.0
detection,24,mask_has_graph_topology,0.0,0.0
detection,24,pkt_frag_mf_count,0.0,0.0
detection,24,mask_has_tcp_flags,0.0,0.0
detection,24,bwd_pkts_b_avg_max,0.0,0.0
detection,24,bwd_blk_rate_avg_max,0.0,0.0
detection,24,bwd_blk_rate_avg_sum,0.0,0.0
detection,24,bwd_pkts_b_avg_sum,0.0,0.0
detection,24,fwd_pkts_b_avg_std,0.0,0.0
detection,24,fwd_pkts_b_avg_sum,0.0,0.0
detection,24,fwd_pkts_b_avg_mean,0.0,0.0
detection,24,bwd_blk_rate_avg_min,0.0,0.0
detection,24,bwd_pkts_b_avg_min,0.0,0.0
detection,24,bwd_blk_rate_avg_mean,0.0,0.0
detection,24,bwd_blk_rate_avg_std,0.0,0.0
detection,24,fwd_pkts_b_avg_min,0.0,0.0
detection,24,fwd_blk_rate_avg_min,0.0,0.0
detection,24,fwd_blk_rate_avg_max,0.0,0.0
detection,24,bwd_byts_b_avg_mean,0.0,0.0
detection,24,bwd_byts_b_avg_std,0.0,0.0
detection,24,fwd_pkts_b_avg_max,0.0,0.0
detection,24,fwd_blk_rate_avg_mean,0.0,0.0
detection,24,fwd_blk_rate_avg_std,0.0,0.0
detection,24,fwd_blk_rate_avg_sum,0.0,0.0
detection,24,bwd_pkts_b_avg_mean,0.0,0.0
detection,24,bwd_byts_b_avg_max,0.0,0.0
detection,24,bwd_byts_b_avg_min,0.0,0.0
detection,24,bwd_byts_b_avg_sum,0.0,0.0
detection,24,bwd_psh_flags_std,0.0,0.0
detection,24,bwd_psh_flags_sum,0.0,0.0
detection,24,bwd_pkts_b_avg_std,0.0,0.0
detection,24,bwd_psh_flags_mean,0.0,0.0
detection,24,bwd_psh_flags_max,0.0,0.0
detection,24,bwd_psh_flags_min,0.0,0.0
detection,24,fwd_urg_flags_min,0.0,0.0
detection,24,bwd_urg_flags_mean,0.0,0.0
detection,24,bwd_urg_flags_std,0.0,0.0
detection,24,bwd_urg_flags_sum,0.0,0.0
detection,24,bwd_urg_flags_min,0.0,0.0
detection,24,bwd_pkt_len_min_min,0.0,0.0
detection,25,fwd_pkt_len_std_mean,1.7992478522322135,1.7992478522322135
detection,25,bwd_pkt_len_std_mean,-1.7300506610382882,1.7300506610382882
detection,25,window_size_bwd_std,1.7121256947016266,1.7121256947016266
detection,25,byte_count_bwd_std,-1.6539325750240417,1.6539325750240417
detection,25,fwd_pkt_len_max_std,-1.5951566095091592,1.5951566095091592
detection,25,pkt_tcp_retrans_count,1.4620901300963187,1.4620901300963187
detection,25,pkt_port_scan_seq_score,1.3648534114973816,1.3648534114973816
detection,25,bwd_iat_std_mean,1.330270970001274,1.330270970001274
detection,25,packet_count_bwd_std,1.2628829533102608,1.2628829533102608
detection,25,down_up_ratio_std,-1.2429949451801492,1.2429949451801492
detection,25,byte_count_fwd_max,1.2400638292709838,1.2400638292709838
detection,25,bytes_per_sec_mean,-1.2329103581197227,1.2329103581197227
detection,25,flow_iat_std_std,-1.1999063051335388,1.1999063051335388
detection,25,bytes_per_sec_max,1.1810242171352066,1.1810242171352066
detection,25,window_size_fwd_std,-1.1247643061182768,1.1247643061182768
detection,25,bwd_iat_max_std,-1.1197998177450594,1.1197998177450594
detection,25,pkt_len_std_mean,-1.0982706509136977,1.0982706509136977
detection,25,bwd_pkt_len_min_mean,1.0341211392556895,1.0341211392556895
detection,25,bwd_iat_mean_std,1.0335098121329305,1.0335098121329305
detection,25,bwd_iat_min_std,-1.0288208827457055,1.0288208827457055
detection,25,ack_flag_cnt_std,0.988570874330644,0.988570874330644
detection,25,bwd_pkts_per_sec_sum,-0.9734144460625992,0.9734144460625992
detection,25,urg_flag_cnt_mean,-0.9646790511257032,0.9646790511257032
detection,25,bwd_pkt_len_std_std,0.9589375183976206,0.9589375183976206
detection,25,pkt_len_min_std,0.9451745146205942,0.9451745146205942
detection,25,fwd_seg_size_min_mean,0.9351262949750492,0.9351262949750492
detection,25,subflow_bwd_byts_sum,-0.9251461912205308,0.9251461912205308
detection,25,bwd_seg_size_avg_max,0.9127126051477044,0.9127126051477044
detection,25,bwd_pkt_len_mean_max,0.9127126051474692,0.9127126051474692
detection,25,bwd_iat_min_max,0.85968321633171,0.85968321633171
detection,25,bytes_per_sec_sum,-0.8568878771147378,0.8568878771147378
detection,25,fwd_header_len_mean,0.8329529237087279,0.8329529237087279
detection,25,pkt_len_mean_max,-0.8029907095597648,0.8029907095597648
detection,25,fwd_pkt_len_std_std,0.7945594355431606,0.7945594355431606
detection,25,pkt_payload_size_p95,-0.7798834135101332,0.7798834135101332
detection,25,pkt_len_max_std,-0.7518942904738615,0.7518942904738615
detection,25,bwd_pkts_per_sec_std,0.7388121015924198,0.7388121015924198
detection,25,active_max_sum,0.7371553487020943,0.7371553487020943
detection,25,bwd_pkt_len_max_std,0.7339998861630144,0.7339998861630144
detection,25,pkt_len_mean_mean,-0.7300560988975944,0.7300560988975944
detection,25,duration_sec_std,0.7146936777573838,0.7146936777573838
detection,25,bwd_iat_mean_sum,-0.7073195150117865,0.7073195150117865
detection,25,fwd_iat_mean_std,-0.6899749248258217,0.6899749248258217
detection,25,window_size_bwd_mean,-0.6887307181826285,0.6887307181826285
detection,25,pkt_size_avg_mean,-0.6849762688565216,0.6849762688565216
detection,25,packet_count_bwd_mean,0.6826922171059883,0.6826922171059883
detection,25,byte_count_bwd_max,-0.6725585234554609,0.6725585234554609
detection,25,urg_flag_cnt_max,0.6679926641071385,0.6679926641071385
detection,25,bwd_pkt_len_std_max,0.6651503858600833,0.6651503858600833
detection,25,active_mean_sum,-0.6643068800944826,0.6643068800944826
detection,25,window_size_bwd_sum,-0.6641619158353483,0.6641619158353483
detection,25,ece_flag_cnt_sum,0.65829562494583,0.65829562494583
detection,25,rst_flag_cnt_sum,0.6574733100275048,0.6574733100275048
detection,25,pkt_len_std_std,0.6385907541582878,0.6385907541582878
detection,25,bwd_iat_tot_mean,-0.6257625213047951,0.6257625213047951
detection,25,byte_count_bwd_mean,-0.6251363626380354,0.6251363626380354
detection,25,ece_flag_cnt_std,0.6198786231777226,0.6198786231777226
detection,25,byte_count_fwd_std,-0.6185188893789993,0.6185188893789993
detection,25,psh_flag_cnt_mean,0.6129206600943972,0.6129206600943972
detection,25,fwd_header_len_sum,0.6046044246956276,0.6046044246956276
detection,25,rst_flag_cnt_std,0.5939710327975289,0.5939710327975289
detection,25,pkt_len_var_sum,0.5852240033364721,0.5852240033364721
detection,25,flow_iat_max_std,-0.5800756250540633,0.5800756250540633
detection,25,urg_flag_cnt_std,0.5748742010080454,0.5748742010080454
detection,25,pkt_payload_size_p75,-0.5717014666281229,0.5717014666281229
detection,25,active_std_sum,-0.5689984050185555,0.5689984050185555
detection,25,window_size_bwd_max,0.5639202892800377,0.5639202892800377
detection,25,fwd_seg_size_min_std,-0.5541508239517563,0.5541508239517563
detection,25,pkt_frag_df_count,0.55102607034,0.55102607034
detection,25,subflow_fwd_byts_mean,-0.5477030681699042,0.5477030681699042
detection,25,pkt_len_max_mean,-0.5323449561981886,0.5323449561981886
detection,25,bwd_iat_mean_max,-0.5253152054772023,0.5253152054772023
detection,25,fwd_pkt_len_max_max,0.5188538833094496,0.5188538833094496
detection,25,bwd_pkt_len_mean_sum,0.5182291739503421,0.5182291739503421
detection,25,bwd_seg_size_avg_sum,0.5182291739498738,0.5182291739498738
detection,25,bwd_iat_mean_mean,0.4985147129676527,0.4985147129676527
detection,25,idle_std_mean,0.4948967187295285,0.4948967187295285
detection,25,subflow_bwd_byts_max,0.4926829826654743,0.4926829826654743
detection,25,byte_count_bwd_sum,-0.4829542069204348,0.4829542069204348
detection,25,flow_iat_std_sum,-0.4825955271191022,0.4825955271191022
detection,25,fwd_iat_std_mean,0.4824989940480974,0.4824989940480974
detection,25,subflow_fwd_byts_sum,0.4761344828816888,0.4761344828816888
detection,25,subflow_fwd_pkts_sum,0.4747491925832166,0.4747491925832166
detection,25,ack_flag_cnt_sum,0.4712234677696905,0.4712234677696905
detection,25,down_up_ratio_max,0.4672317993517808,0.4672317993517808
detection,25,active_std_mean,-0.453881614184007,0.453881614184007
detection,25,idle_max_mean,0.4533720312866052,0.4533720312866052
detection,25,active_max_std,0.4355182718681431,0.4355182718681431
detection,25,window_size_fwd_mean,0.4343502210877361,0.4343502210877361
detection,25,idle_min_std,-0.4217822730830848,0.4217822730830848
detection,25,bwd_header_len_max,0.4158447063585354,0.4158447063585354
detection,25,fwd_iat_min_std,-0.4114259908192804,0.4114259908192804
detection,25,down_up_ratio_mean,0.4058092234754287,0.4058092234754287
detection,25,mask_has_packet_level_features,-0.403920289765573,0.403920289765573
detection,25,pkt_ttl_max,-0.403920289765573,0.403920289765573
detection,25,fwd_pkt_len_std_sum,0.4011712884163048,0.4011712884163048
detection,25,fwd_pkt_len_mean_sum,0.3933492012376035,0.3933492012376035
detection,25,fwd_seg_size_avg_sum,0.3933492012376035,0.3933492012376035
detection,25,pkt_len_var_mean,-0.3915246567095576,0.3915246567095576
detection,25,fwd_iat_tot_std,0.3848848670409059,0.3848848670409059
detection,25,down_up_ratio_sum,0.3841605377752183,0.3841605377752183
detection,25,fwd_iat_std_sum,0.3817392695447128,0.3817392695447128
detection,25,bwd_header_len_std,-0.3802937210549065,0.3802937210549065
detection,25,pkt_ttl_std,0.3785554900177869,0.3785554900177869
detection,25,pkt_ttl_mode,0.374917600709909,0.374917600709909
detection,25,pkt_len_mean_sum,0.3729680451719483,0.3729680451719483
detection,25,fwd_pkts_per_sec_max,-0.3688170409645843,0.3688170409645843
detection,25,fwd_pkt_len_max_sum,0.3665683459137281,0.3665683459137281
detection,25,fwd_pkts_per_sec_sum,0.3653105832795857,0.3653105832795857
detection,25,pkt_len_max_max,0.3651084062541433,0.3651084062541433
detection,25,subflow_bwd_pkts_std,-0.3642972644999205,0.3642972644999205
detection,25,bwd_pkt_len_min_std,-0.3562541915374543,0.3562541915374543
detection,25,duration_microsec_std,0.3557775570516384,0.3557775570516384
detection,25,fwd_iat_max_sum,0.3469151833164812,0.3469151833164812
detection,25,pkt_len_mean_std,0.3438121950318824,0.3438121950318824
detection,25,pkt_len_min_max,-0.3393000761288636,0.3393000761288636
detection,25,pkt_size_avg_sum,0.3348348542125381,0.3348348542125381
detection,25,fwd_pkts_per_sec_mean,0.332867606502079,0.332867606502079
detection,25,packets_per_sec_max,-0.3279622329777392,0.3279622329777392
detection,25,packet_count_bwd_max,0.3250547684377757,0.3250547684377757
detection,25,fwd_iat_std_std,0.3236852864034166,0.3236852864034166
detection,25,active_min_std,-0.3205613323124447,0.3205613323124447
detection,25,fwd_urg_flags_std,0.3171976054865401,0.3171976054865401
detection,25,cwe_flag_cnt_std,0.3171976054865401,0.3171976054865401
detection,25,packet_count_fwd_std,-0.3165185698442631,0.3165185698442631
detection,25,pkt_len_max_sum,0.3132880414035515,0.3132880414035515
detection,25,flow_iat_min_sum,0.3116389509847002,0.3116389509847002
detection,25,fwd_iat_min_max,0.3092774898588693,0.3092774898588693
detection,25,pkt_size_avg_max,0.3088340983438442,0.3088340983438442
detection,25,fwd_act_data_pkts_max,-0.3041938616269488,0.3041938616269488
detection,25,pkt_len_std_sum,0.2955071344233181,0.2955071344233181
detection,25,flow_iat_max_mean,-0.2937944548626215,0.2937944548626215
detection,25,active_mean_std,-0.2910218197631313,0.2910218197631313
detection,25,fwd_iat_max_max,-0.2893626426522757,0.2893626426522757
detection,25,fwd_iat_min_sum,0.2837288842085465,0.2837288842085465
detection,25,subflow_bwd_pkts_sum,-0.2779161740249753,0.2779161740249753
detection,25,active_std_max,0.2777758892741135,0.2777758892741135
detection,25,packets_per_sec_sum,-0.2773115244883261,0.2773115244883261
detection,25,fwd_iat_mean_max,0.272757375043493,0.272757375043493
detection,25,active_max_mean,-0.2712429386731948,0.2712429386731948
detection,25,duration_sec_sum,-0.2707610900569681,0.2707610900569681
detection,25,duration_microsec_max,0.2704019562487196,0.2704019562487196
detection,25,fwd_act_data_pkts_mean,-0.266778619403834,0.266778619403834
detection,25,active_std_std,-0.2647433665773603,0.2647433665773603
detection,25,subflow_bwd_byts_std,-0.2644303158775525,0.2644303158775525
detection,25,bwd_iat_tot_max,-0.2639999097317259,0.2639999097317259
detection,25,idle_mean_mean,0.262985547539138,0.262985547539138
detection,25,bwd_pkts_per_sec_max,-0.2610058250485987,0.2610058250485987
detection,25,fwd_seg_size_min_sum,0.2536368753067604,0.2536368753067604
detection,25,packets_per_sec_mean,-0.252905985190946,0.252905985190946
detection,25,subflow_fwd_pkts_mean,0.2523087096821539,0.2523087096821539
detection,25,fwd_seg_size_avg_mean,-0.251332115895898,0.251332115895898
detection,25,fwd_pkt_len_mean_mean,-0.251332115895898,0.251332115895898
detection,25,packets_per_sec_min,-0.2502788928788068,0.2502788928788068
detection,25,pkt_len_var_max,0.2485765582779512,0.2485765582779512
detection,25,bwd_pkts_per_sec_mean,-0.247220382287408,0.247220382287408
detection,25,flow_iat_max_max,0.2384870373179521,0.2384870373179521
detection,25,flow_iat_mean_sum,0.2357957414683604,0.2357957414683604
detection,25,fwd_iat_std_max,0.2317720372596312,0.2317720372596312
detection,25,idle_mean_std,-0.2304408514443782,0.2304408514443782
detection,25,flow_iat_std_mean,-0.2259527957777165,0.2259527957777165
detection,25,bwd_pkt_len_max_sum,0.2251091086861128,0.2251091086861128
detection,25,duration_sec_max,0.2247706547053201,0.2247706547053201
detection,25,fwd_pkt_len_std_max,-0.2227072482726823,0.2227072482726823
detection,25,byte_count_fwd_sum,-0.2205324239507383,0.2205324239507383
detection,25,flow_iat_std_max,-0.2163593411058576,0.2163593411058576
detection,25,fwd_header_len_max,0.2091539520369039,0.2091539520369039
detection,25,fwd_urg_flags_mean,-0.2036200420027677,0.2036200420027677
detection,25,cwe_flag_cnt_mean,-0.2036200420027677,0.2036200420027677
detection,25,active_mean_mean,-0.1972007806672305,0.1972007806672305
detection,25,bwd_iat_std_std,0.1893801180112768,0.1893801180112768
detection,25,window_size_fwd_max,-0.188902376932486,0.188902376932486
detection,25,packet_count_fwd_sum,-0.1883308222807458,0.1883308222807458
detection,25,bwd_iat_std_sum,0.1879850882601399,0.1879850882601399
detection,25,fwd_pkt_len_max_mean,0.1834205003866376,0.1834205003866376
detection,25,flow_iat_max_sum,0.183155111402216,0.183155111402216
detection,25,bytes_per_sec_std,0.1804726614128231,0.1804726614128231
detection,25,idle_max_sum,0.1787968560930165,0.1787968560930165
detection,25,idle_max_max,-0.1767113157707177,0.1767113157707177
detection,25,pkt_ttl_min,-0.1701024780358794,0.1701024780358794
detection,25,active_max_max,0.1678496573916212,0.1678496573916212
detection,25,window_size_fwd_sum,0.1674648239651755,0.1674648239651755
detection,25,fin_flag_cnt_max,0.1666822503259384,0.1666822503259384
detection,25,fwd_seg_size_min_min,-0.1643094893946543,0.1643094893946543
detection,25,bwd_header_len_mean,-0.1625927678469276,0.1625927678469276
detection,25,unique_protocols_count,0.1619843580393516,0.1619843580393516
detection,25,bwd_iat_tot_sum,-0.1618867194032895,0.1618867194032895
detection,25,pkt_size_avg_std,0.1611027316645116,0.1611027316645116
detection,25,bwd_pkt_len_max_max,-0.1606501758831285,0.1606501758831285
detection,25,subflow_fwd_byts_std,0.1598007089461137,0.1598007089461137
detection,25,pkt_len_min_sum,-0.158254668711988,0.158254668711988
detection,25,active_min_sum,0.1571017047903993,0.1571017047903993
detection,25,bwd_pkt_len_min_sum,0.1539581857352827,0.1539581857352827
detection,25,bwd_header_len_sum,-0.1539570413534423,0.1539570413534423
detection,25,subflow_fwd_pkts_std,-0.1537957871059972,0.1537957871059972
detection,25,pkt_payload_size_p50,-0.1522292806857402,0.1522292806857402
detection,25,bwd_iat_max_sum,-0.1516129497257692,0.1516129497257692
detection,25,packet_count_bwd_min,-0.1502055751213807,0.1502055751213807
detection,25,flow_iat_mean_std,-0.1484325054597665,0.1484325054597665
detection,25,subflow_bwd_pkts_max,0.1472346729561995,0.1472346729561995
detection,25,fwd_pkts_per_sec_std,0.147051530488302,0.147051530488302
detection,25,fwd_iat_mean_mean,-0.1461328576429826,0.1461328576429826
detection,25,flow_count,0.1437166248506459,0.1437166248506459
detection,25,fwd_pkt_len_min_sum,-0.1436989785203858,0.1436989785203858
detection,25,flow_iat_mean_mean,0.1429126194070377,0.1429126194070377
detection,25,fwd_pkt_len_min_mean,-0.1386548796292643,0.1386548796292643
detection,25,fwd_psh_flags_std,-0.1383831744180341,0.1383831744180341
detection,25,syn_flag_cnt_std,-0.1383831744180341,0.1383831744180341
detection,25,fwd_iat_max_std,-0.1380331054555004,0.1380331054555004
detection,25,subflow_fwd_byts_max,0.1374343286641501,0.1374343286641501
detection,25,packet_count_bwd_sum,0.1361090348980672,0.1361090348980672
detection,25,ece_flag_cnt_max,-0.1357402766297679,0.1357402766297679
detection,25,rst_flag_cnt_max,-0.1357402766297679,0.1357402766297679
detection,25,subflow_fwd_pkts_max,-0.1328053742909105,0.1328053742909105
detection,25,ack_flag_cnt_mean,0.1326967641463617,0.1326967641463617
detection,25,ack_flag_cnt_max,-0.1318133871686141,0.1318133871686141
detection,25,fwd_iat_mean_sum,0.1293118076679909,0.1293118076679909
detection,25,bwd_iat_max_mean,-0.1287919257772846,0.1287919257772846
detection,25,bwd_pkt_len_mean_mean,0.1283869589070717,0.1283869589070717
detection,25,bwd_seg_size_avg_mean,0.1283869589032389,0.1283869589032389
detection,25,fwd_seg_size_min_max,-0.1275123284365487,0.1275123284365487
detection,25,fwd_iat_tot_sum,-0.1252583684839427,0.1252583684839427
detection,25,flow_iat_min_max,0.1218858470051628,0.1218858470051628
detection,25,bwd_iat_tot_std,-0.1208171102783756,0.1208171102783756
detection,25,fwd_urg_flags_max,0.1116386379058708,0.1116386379058708
detection,25,cwe_flag_cnt_max,0.1116386379058708,0.1116386379058708
detection,25,psh_flag_cnt_sum,0.1076655203665551,0.1076655203665551
detection,25,active_mean_max,0.1050514967102585,0.1050514967102585
detection,25,bwd_pkt_len_max_mean,0.1002882358747482,0.1002882358747482
detection,25,psh_flag_cnt_std,0.0975838690867651,0.0975838690867651
detection,25,unique_dst_ports_count,0.0971742600307652,0.0971742600307652
detection,25,bwd_pkt_len_mean_std,0.0967836872075069,0.0967836872075069
detection,25,bwd_seg_size_avg_std,0.0967836871886582,0.0967836871886582
detection,25,bwd_iat_min_sum,0.0922351038271405,0.0922351038271405
detection,25,idle_mean_sum,0.0884280635055321,0.0884280635055321
detection,25,fin_flag_cnt_mean,0.0875110419473716,0.0875110419473716
detection,25,duration_microsec_sum,-0.0864480405706565,0.0864480405706565
detection,25,urg_flag_cnt_sum,0.0853037796062213,0.0853037796062213
detection,25,bwd_iat_min_mean,-0.0839746596211469,0.0839746596211469
detection,25,subflow_bwd_pkts_mean,-0.0822567589061683,0.0822567589061683
detection,25,fwd_header_len_std,-0.0817678424124955,0.0817678424124955
detection,25,packet_count_fwd_mean,0.0813823086362637,0.0813823086362637
detection,25,rst_flag_cnt_mean,-0.0806684327975842,0.0806684327975842
detection,25,syn_flag_cnt_max,0.0802237663407899,0.0802237663407899
detection,25,fwd_psh_flags_max,0.0802237663407899,0.0802237663407899
detection,25,fwd_iat_max_mean,0.0791887252400074,0.0791887252400074
detection,25,idle_std_max,-0.0790635859487477,0.0790635859487477
detection,25,fwd_act_data_pkts_sum,-0.0778065183089256,0.0778065183089256
detection,25,duration_sec_mean,-0.0777547285753528,0.0777547285753528
detection,25,flow_iat_min_mean,0.0772266879703495,0.0772266879703495
detection,25,fwd_psh_flags_mean,-0.0761697275007225,0.0761697275007225
detection,25,syn_flag_cnt_mean,-0.0761697275007225,0.0761697275007225
detection,25,fwd_iat_min_mean,-0.0713596601736658,0.0713596601736658
detection,25,psh_flag_cnt_max,-0.0692081737581053,0.0692081737581053
detection,25,fwd_pkt_len_min_std,-0.066324184495629,0.066324184495629
detection,25,idle_std_std,0.0662143388766622,0.0662143388766622
detection,25,pkt_len_min_mean,0.0660965526109727,0.0660965526109727
detection,25,byte_count_bwd_min,0.0658772538760781,0.0658772538760781
detection,25,bwd_pkt_len_std_sum,0.0649553281667004,0.0649553281667004
detection,25,fwd_iat_tot_mean,-0.0641139570986273,0.0641139570986273
detection,25,pkt_len_max_min,0.0631478814436306,0.0631478814436306
detection,25,bwd_pkt_len_mean_min,0.0587145321288934,0.0587145321288934
detection,25,bwd_seg_size_avg_min,0.0587145321288934,0.0587145321288934
detection,25,idle_max_std,0.0564876795766344,0.0564876795766344
detection,25,duration_microsec_mean,-0.0561104639489706,0.0561104639489706
detection,25,pkt_len_std_min,0.0546727903896703,0.0546727903896703
detection,25,idle_mean_max,-0.0529504800690924,0.0529504800690924
detection,25,fwd_psh_flags_sum,-0.0525060808865162,0.0525060808865162
detection,25,syn_flag_cnt_sum,-0.0525060808865162,0.0525060808865162
detection,25,bwd_iat_min_min,-0.0520780601425874,0.0520780601425874
detection,25,bwd_pkt_len_max_min,0.0520286339511975,0.0520286339511975
detection,25,subflow_bwd_byts_min,0.0506495915612334,0.0506495915612334
detection,25,pkt_len_var_min,0.0494249326081994,0.0494249326081994
detection,25,bwd_iat_std_min,0.048709999052202,0.048709999052202
detection,25,duration_microsec_min,0.048476890394348,0.048476890394348
detection,25,bwd_pkt_len_std_min,0.0484716792935949,0.0484716792935949
detection,25,fwd_iat_tot_min,0.0484131722066334,0.0484131722066334
detection,25,pkt_len_std_max,0.04814721307496,0.04814721307496
detection,25,packet_count_fwd_min,0.0479429080893445,0.0479429080893445
detection,25,fwd_urg_flags_sum,0.0465503872454769,0.0465503872454769
detection,25,cwe_flag_cnt_sum,0.0465503872454769,0.0465503872454769
detection,25,flow_iat_min_std,0.0462938732398977,0.0462938732398977
detection,25,flow_iat_min_min,0.0461568594988896,0.0461568594988896
detection,25,fin_flag_cnt_std,0.0455927257468642,0.0455927257468642
detection,25,flow_iat_mean_min,0.045413783957,0.045413783957
detection,25,idle_min_max,-0.044934696212459,0.044934696212459
detection,25,fwd_pkt_len_std_min,0.0449320011249411,0.0449320011249411
detection,25,fwd_iat_mean_min,0.0442947237386787,0.0442947237386787
detection,25,duration_sec_min,0.0438113649980811,0.0438113649980811
detection,25,pkt_len_mean_min,0.0433216616145518,0.0433216616145518
detection,25,fwd_iat_max_min,0.042868956766743,0.042868956766743
detection,25,flow_iat_max_min,0.0427596096280978,0.0427596096280978
detection,25,pkt_size_avg_min,0.0423092971933865,0.0423092971933865
detection,25,idle_max_min,0.0422604002506889,0.0422604002506889
detection,25,window_size_bwd_min,0.0418822195492527,0.0418822195492527
detection,25,fwd_iat_tot_max,0.0414494775102706,0.0414494775102706
detection,25,subflow_fwd_pkts_min,0.0413510464756476,0.0413510464756476
detection,25,fwd_iat_min_min,0.041260286259799,0.041260286259799
detection,25,active_min_mean,0.041260148437499,0.041260148437499
detection,25,bwd_iat_tot_min,0.0411104590781881,0.0411104590781881
detection,25,ece_flag_cnt_mean,-0.0401167465653952,0.0401167465653952
detection,25,idle_mean_min,0.0384424226189948,0.0384424226189948
detection,25,subflow_bwd_pkts_min,-0.038297452130003,0.038297452130003
detection,25,fwd_pkts_per_sec_min,-0.0373269958299653,0.0373269958299653
detection,25,idle_min_sum,0.0371541824232156,0.0371541824232156
detection,25,subflow_bwd_byts_mean,-0.0366257852689142,0.0366257852689142
detection,25,idle_min_mean,-0.036110195441376,0.036110195441376
detection,25,window_size_fwd_min,0.0339266511653914,0.0339266511653914
detection,25,fwd_pkt_len_min_min,0.0332548459533705,0.0332548459533705
detection,25,idle_std_sum,0.0327278449970073,0.0327278449970073
detection,25,idle_min_min,0.0323847054034793,0.0323847054034793
detection,25,pkt_len_min_min,0.0309602712021593,0.0309602712021593
detection,25,active_min_max,0.0307154566303403,0.0307154566303403
detection,25,active_min_min,0.0306682728539905,0.0306682728539905
detection,25,bwd_iat_max_min,0.030435833799465,0.030435833799465
detection,25,fwd_seg_size_avg_min,0.0301890975677746,0.0301890975677746
detection,25,fwd_pkt_len_mean_min,0.0301890975677746,0.0301890975677746
detection,25,active_mean_min,0.0298314427738986,0.0298314427738986
detection,25,fwd_pkt_len_min_max,-0.0294563946980135,0.0294563946980135
detection,25,active_max_min,0.0284651805912667,0.0284651805912667
detection,25,psh_flag_cnt_min,0.0279953923625303,0.0279953923625303
detection,25,bwd_pkts_per_sec_min,0.0276078249992528,0.0276078249992528
detection,25,down_up_ratio_min,0.027276173063612,0.027276173063612
detection,25,fwd_pkt_len_max_min,0.0266698106818455,0.0266698106818455
detection,25,active_std_min,0.0256536092840023,0.0256536092840023
detection,25,bwd_pkt_len_min_max,-0.0252743719167895,0.0252743719167895
detection,25,subflow_fwd_byts_min,0.0250375547334236,0.0250375547334236
detection,25,idle_std_min,0.0247742809861719,0.0247742809861719
detection,25,bwd_iat_std_max,-0.0234326021880157,0.0234326021880157
detection,25,flow_iat_std_min,0.0233737288845768,0.0233737288845768
detection,25,fwd_seg_size_avg_std,-0.023045188516766,0.023045188516766
detection,25,fwd_pkt_len_mean_std,-0.023045188516766,0.023045188516766
detection,25,fwd_iat_std_min,0.0226195444169498,0.0226195444169498
detection,25,fwd_psh_flags_min,0.0226175262228274,0.0226175262228274
detection,25,ack_flag_cnt_min,0.0226175262228274,0.0226175262228274
detection,25,syn_flag_cnt_min,0.0226175262228274,0.0226175262228274
detection,25,packets_per_sec_std,0.0216250110952757,0.0216250110952757
detection,25,fwd_seg_size_avg_max,0.020931674436665,0.020931674436665
detection,25,fwd_pkt_len_mean_max,0.020931674436665,0.020931674436665
detection,25,bytes_per_sec_min,0.018804997071879,0.018804997071879
detection,25,fwd_act_data_pkts_std,-0.0181995022134661,0.0181995022134661
detection,25,bwd_header_len_min,0.0180518179336538,0.0180518179336538
detection,25,packet_count_fwd_max,0.0169858133431072,0.0169858133431072
detection,25,pkt_payload_size_p25,-0.0159948194794504,0.0159948194794504
detection,25,fwd_act_data_pkts_min,0.0114020221265797,0.0114020221265797
detection,25,bwd_iat_max_max,0.0112070054055978,0.0112070054055978
detection,25,flow_iat_mean_max,-0.0111422219186341,0.0111422219186341
detection,25,bwd_iat_mean_min,-0.006543182314543,0.006543182314543
detection,25,fwd_header_len_min,-0.0058379449152343,0.0058379449152343
detection,25,fin_flag_cnt_sum,0.0055903432868131,0.0055903432868131
detection,25,byte_count_fwd_min,0.0048867971835253,0.0048867971835253
detection,25,byte_count_fwd_mean,-0.0026378571645796,0.0026378571645796
detection,25,pkt_len_var_std,-0.0019325975713746,0.0019325975713746
detection,25,fwd_byts_b_avg_max,0.0,0.0
detection,25,mask_has_flow_timing_features,0.0,0.0
detection,25,mask_has_traffic_volume_features,0.0,0.0
detection,25,fin_flag_cnt_min,0.0,0.0
detection,25,rst_flag_cnt_min,0.0,0.0
detection,25,mask_has_identity_auth,0.0,0.0
detection,25,fwd_byts_b_avg_min,0.0,0.0
detection,25,fwd_byts_b_avg_sum,0.0,0.0
detection,25,fwd_byts_b_avg_std,0.0,0.0
detection,25,fwd_byts_b_avg_mean,0.0,0.0
detection,25,ece_flag_cnt_min,0.0,0.0
detection,25,urg_flag_cnt_min,0.0,0.0
detection,25,cwe_flag_cnt_min,0.0,0.0
detection,25,bwd_urg_flags_max,0.0,0.0
detection,25,mask_has_graph_topology,0.0,0.0
detection,25,pkt_frag_mf_count,0.0,0.0
detection,25,mask_has_tcp_flags,0.0,0.0
detection,25,bwd_pkts_b_avg_max,0.0,0.0
detection,25,bwd_blk_rate_avg_max,0.0,0.0
detection,25,bwd_blk_rate_avg_sum,0.0,0.0
detection,25,bwd_pkts_b_avg_sum,0.0,0.0
detection,25,fwd_pkts_b_avg_std,0.0,0.0
detection,25,fwd_pkts_b_avg_sum,0.0,0.0
detection,25,fwd_pkts_b_avg_mean,0.0,0.0
detection,25,bwd_blk_rate_avg_min,0.0,0.0
detection,25,bwd_pkts_b_avg_min,0.0,0.0
detection,25,bwd_blk_rate_avg_mean,0.0,0.0
detection,25,bwd_blk_rate_avg_std,0.0,0.0
detection,25,fwd_pkts_b_avg_min,0.0,0.0
detection,25,fwd_blk_rate_avg_min,0.0,0.0
detection,25,fwd_blk_rate_avg_max,0.0,0.0
detection,25,bwd_byts_b_avg_mean,0.0,0.0
detection,25,bwd_byts_b_avg_std,0.0,0.0
detection,25,fwd_pkts_b_avg_max,0.0,0.0
detection,25,fwd_blk_rate_avg_mean,0.0,0.0
detection,25,fwd_blk_rate_avg_std,0.0,0.0
detection,25,fwd_blk_rate_avg_sum,0.0,0.0
detection,25,bwd_pkts_b_avg_mean,0.0,0.0
detection,25,bwd_byts_b_avg_max,0.0,0.0
detection,25,bwd_byts_b_avg_min,0.0,0.0
detection,25,bwd_byts_b_avg_sum,0.0,0.0
detection,25,bwd_psh_flags_std,0.0,0.0
detection,25,bwd_psh_flags_sum,0.0,0.0
detection,25,bwd_pkts_b_avg_std,0.0,0.0
detection,25,bwd_psh_flags_mean,0.0,0.0
detection,25,bwd_psh_flags_max,0.0,0.0
detection,25,bwd_psh_flags_min,0.0,0.0
detection,25,fwd_urg_flags_min,0.0,0.0
detection,25,bwd_urg_flags_mean,0.0,0.0
detection,25,bwd_urg_flags_std,0.0,0.0
detection,25,bwd_urg_flags_sum,0.0,0.0
detection,25,bwd_urg_flags_min,0.0,0.0
detection,25,bwd_pkt_len_min_min,0.0,0.0
detection,26,fwd_pkt_len_std_mean,1.7992478522322135,1.7992478522322135
detection,26,bwd_pkt_len_std_mean,-1.7300506610382882,1.7300506610382882
detection,26,window_size_bwd_std,1.7121256947016266,1.7121256947016266
detection,26,byte_count_bwd_std,-1.6539325750240417,1.6539325750240417
detection,26,fwd_pkt_len_max_std,-1.5951566095091592,1.5951566095091592
detection,26,pkt_tcp_retrans_count,1.4620901300963187,1.4620901300963187
detection,26,pkt_port_scan_seq_score,1.3648534114973816,1.3648534114973816
detection,26,bwd_iat_std_mean,1.330270970001274,1.330270970001274
detection,26,packet_count_bwd_std,1.2628829533102608,1.2628829533102608
detection,26,down_up_ratio_std,-1.2429949451801492,1.2429949451801492
detection,26,byte_count_fwd_max,1.2400638292709838,1.2400638292709838
detection,26,bytes_per_sec_mean,-1.2329103581197227,1.2329103581197227
detection,26,flow_iat_std_std,-1.1999063051335388,1.1999063051335388
detection,26,bytes_per_sec_max,1.1810242171352066,1.1810242171352066
detection,26,window_size_fwd_std,-1.1247643061182768,1.1247643061182768
detection,26,bwd_iat_max_std,-1.1197998177450594,1.1197998177450594
detection,26,pkt_len_std_mean,-1.0982706509136977,1.0982706509136977
detection,26,bwd_pkt_len_min_mean,1.0341211392556895,1.0341211392556895
detection,26,bwd_iat_mean_std,1.0335098121329305,1.0335098121329305
detection,26,bwd_iat_min_std,-1.0288208827457055,1.0288208827457055
detection,26,ack_flag_cnt_std,0.988570874330644,0.988570874330644
detection,26,bwd_pkts_per_sec_sum,-0.9734144460625992,0.9734144460625992
detection,26,urg_flag_cnt_mean,-0.9646790511257032,0.9646790511257032
detection,26,bwd_pkt_len_std_std,0.9589375183976206,0.9589375183976206
detection,26,pkt_len_min_std,0.9451745146205942,0.9451745146205942
detection,26,fwd_seg_size_min_mean,0.9351262949750492,0.9351262949750492
detection,26,subflow_bwd_byts_sum,-0.9251461912205308,0.9251461912205308
detection,26,bwd_seg_size_avg_max,0.9127126051477044,0.9127126051477044
detection,26,bwd_pkt_len_mean_max,0.9127126051474692,0.9127126051474692
detection,26,bwd_iat_min_max,0.85968321633171,0.85968321633171
detection,26,bytes_per_sec_sum,-0.8568878771147378,0.8568878771147378
detection,26,fwd_header_len_mean,0.8329529237087279,0.8329529237087279
detection,26,pkt_len_mean_max,-0.8029907095597648,0.8029907095597648
detection,26,fwd_pkt_len_std_std,0.7945594355431606,0.7945594355431606
detection,26,pkt_payload_size_p95,-0.7798834135101332,0.7798834135101332
detection,26,pkt_len_max_std,-0.7518942904738615,0.7518942904738615
detection,26,bwd_pkts_per_sec_std,0.7388121015924198,0.7388121015924198
detection,26,active_max_sum,0.7371553487020943,0.7371553487020943
detection,26,bwd_pkt_len_max_std,0.7339998861630144,0.7339998861630144
detection,26,pkt_len_mean_mean,-0.7300560988975944,0.7300560988975944
detection,26,duration_sec_std,0.7146936777573838,0.7146936777573838
detection,26,bwd_iat_mean_sum,-0.7073195150117865,0.7073195150117865
detection,26,fwd_iat_mean_std,-0.6899749248258217,0.6899749248258217
detection,26,window_size_bwd_mean,-0.6887307181826285,0.6887307181826285
detection,26,pkt_size_avg_mean,-0.6849762688565216,0.6849762688565216
detection,26,packet_count_bwd_mean,0.6826922171059883,0.6826922171059883
detection,26,byte_count_bwd_max,-0.6725585234554609,0.6725585234554609
detection,26,urg_flag_cnt_max,0.6679926641071385,0.6679926641071385
detection,26,bwd_pkt_len_std_max,0.6651503858600833,0.6651503858600833
detection,26,active_mean_sum,-0.6643068800944826,0.6643068800944826
detection,26,window_size_bwd_sum,-0.6641619158353483,0.6641619158353483
detection,26,ece_flag_cnt_sum,0.65829562494583,0.65829562494583
detection,26,rst_flag_cnt_sum,0.6574733100275048,0.6574733100275048
detection,26,pkt_len_std_std,0.6385907541582878,0.6385907541582878
detection,26,bwd_iat_tot_mean,-0.6257625213047951,0.6257625213047951
detection,26,byte_count_bwd_mean,-0.6251363626380354,0.6251363626380354
detection,26,ece_flag_cnt_std,0.6198786231777226,0.6198786231777226
detection,26,byte_count_fwd_std,-0.6185188893789993,0.6185188893789993
detection,26,psh_flag_cnt_mean,0.6129206600943972,0.6129206600943972
detection,26,fwd_header_len_sum,0.6046044246956276,0.6046044246956276
detection,26,rst_flag_cnt_std,0.5939710327975289,0.5939710327975289
detection,26,pkt_len_var_sum,0.5852240033364721,0.5852240033364721
detection,26,flow_iat_max_std,-0.5800756250540633,0.5800756250540633
detection,26,urg_flag_cnt_std,0.5748742010080454,0.5748742010080454
detection,26,pkt_payload_size_p75,-0.5717014666281229,0.5717014666281229
detection,26,active_std_sum,-0.5689984050185555,0.5689984050185555
detection,26,window_size_bwd_max,0.5639202892800377,0.5639202892800377
detection,26,fwd_seg_size_min_std,-0.5541508239517563,0.5541508239517563
detection,26,pkt_frag_df_count,0.55102607034,0.55102607034
detection,26,subflow_fwd_byts_mean,-0.5477030681699042,0.5477030681699042
detection,26,pkt_len_max_mean,-0.5323449561981886,0.5323449561981886
detection,26,bwd_iat_mean_max,-0.5253152054772023,0.5253152054772023
detection,26,fwd_pkt_len_max_max,0.5188538833094496,0.5188538833094496
detection,26,bwd_pkt_len_mean_sum,0.5182291739503421,0.5182291739503421
detection,26,bwd_seg_size_avg_sum,0.5182291739498738,0.5182291739498738
detection,26,bwd_iat_mean_mean,0.4985147129676527,0.4985147129676527
detection,26,idle_std_mean,0.4948967187295285,0.4948967187295285
detection,26,subflow_bwd_byts_max,0.4926829826654743,0.4926829826654743
detection,26,byte_count_bwd_sum,-0.4829542069204348,0.4829542069204348
detection,26,flow_iat_std_sum,-0.4825955271191022,0.4825955271191022
detection,26,fwd_iat_std_mean,0.4824989940480974,0.4824989940480974
detection,26,subflow_fwd_byts_sum,0.4761344828816888,0.4761344828816888
detection,26,subflow_fwd_pkts_sum,0.4747491925832166,0.4747491925832166
detection,26,ack_flag_cnt_sum,0.4712234677696905,0.4712234677696905
detection,26,down_up_ratio_max,0.4672317993517808,0.4672317993517808
detection,26,active_std_mean,-0.453881614184007,0.453881614184007
detection,26,idle_max_mean,0.4533720312866052,0.4533720312866052
detection,26,active_max_std,0.4355182718681431,0.4355182718681431
detection,26,window_size_fwd_mean,0.4343502210877361,0.4343502210877361
detection,26,idle_min_std,-0.4217822730830848,0.4217822730830848
detection,26,bwd_header_len_max,0.4158447063585354,0.4158447063585354
detection,26,fwd_iat_min_std,-0.4114259908192804,0.4114259908192804
detection,26,down_up_ratio_mean,0.4058092234754287,0.4058092234754287
detection,26,mask_has_packet_level_features,-0.403920289765573,0.403920289765573
detection,26,pkt_ttl_max,-0.403920289765573,0.403920289765573
detection,26,fwd_pkt_len_std_sum,0.4011712884163048,0.4011712884163048
detection,26,fwd_pkt_len_mean_sum,0.3933492012376035,0.3933492012376035
detection,26,fwd_seg_size_avg_sum,0.3933492012376035,0.3933492012376035
detection,26,pkt_len_var_mean,-0.3915246567095576,0.3915246567095576
detection,26,fwd_iat_tot_std,0.3848848670409059,0.3848848670409059
detection,26,down_up_ratio_sum,0.3841605377752183,0.3841605377752183
detection,26,fwd_iat_std_sum,0.3817392695447128,0.3817392695447128
detection,26,bwd_header_len_std,-0.3802937210549065,0.3802937210549065
detection,26,pkt_ttl_std,0.3785554900177869,0.3785554900177869
detection,26,pkt_ttl_mode,0.374917600709909,0.374917600709909
detection,26,pkt_len_mean_sum,0.3729680451719483,0.3729680451719483
detection,26,fwd_pkts_per_sec_max,-0.3688170409645843,0.3688170409645843
detection,26,fwd_pkt_len_max_sum,0.3665683459137281,0.3665683459137281
detection,26,fwd_pkts_per_sec_sum,0.3653105832795857,0.3653105832795857
detection,26,pkt_len_max_max,0.3651084062541433,0.3651084062541433
detection,26,subflow_bwd_pkts_std,-0.3642972644999205,0.3642972644999205
detection,26,bwd_pkt_len_min_std,-0.3562541915374543,0.3562541915374543
detection,26,duration_microsec_std,0.3557775570516384,0.3557775570516384
detection,26,fwd_iat_max_sum,0.3469151833164812,0.3469151833164812
detection,26,pkt_len_mean_std,0.3438121950318824,0.3438121950318824
detection,26,pkt_len_min_max,-0.3393000761288636,0.3393000761288636
detection,26,pkt_size_avg_sum,0.3348348542125381,0.3348348542125381
detection,26,fwd_pkts_per_sec_mean,0.332867606502079,0.332867606502079
detection,26,packets_per_sec_max,-0.3279622329777392,0.3279622329777392
detection,26,packet_count_bwd_max,0.3250547684377757,0.3250547684377757
detection,26,fwd_iat_std_std,0.3236852864034166,0.3236852864034166
detection,26,active_min_std,-0.3205613323124447,0.3205613323124447
detection,26,fwd_urg_flags_std,0.3171976054865401,0.3171976054865401
detection,26,cwe_flag_cnt_std,0.3171976054865401,0.3171976054865401
detection,26,packet_count_fwd_std,-0.3165185698442631,0.3165185698442631
detection,26,pkt_len_max_sum,0.3132880414035515,0.3132880414035515
detection,26,flow_iat_min_sum,0.3116389509847002,0.3116389509847002
detection,26,fwd_iat_min_max,0.3092774898588693,0.3092774898588693
detection,26,pkt_size_avg_max,0.3088340983438442,0.3088340983438442
detection,26,fwd_act_data_pkts_max,-0.3041938616269488,0.3041938616269488
detection,26,pkt_len_std_sum,0.2955071344233181,0.2955071344233181
detection,26,flow_iat_max_mean,-0.2937944548626215,0.2937944548626215
detection,26,active_mean_std,-0.2910218197631313,0.2910218197631313
detection,26,fwd_iat_max_max,-0.2893626426522757,0.2893626426522757
detection,26,fwd_iat_min_sum,0.2837288842085465,0.2837288842085465
detection,26,subflow_bwd_pkts_sum,-0.2779161740249753,0.2779161740249753
detection,26,active_std_max,0.2777758892741135,0.2777758892741135
detection,26,packets_per_sec_sum,-0.2773115244883261,0.2773115244883261
detection,26,fwd_iat_mean_max,0.272757375043493,0.272757375043493
detection,26,active_max_mean,-0.2712429386731948,0.2712429386731948
detection,26,duration_sec_sum,-0.2707610900569681,0.2707610900569681
detection,26,duration_microsec_max,0.2704019562487196,0.2704019562487196
detection,26,fwd_act_data_pkts_mean,-0.266778619403834,0.266778619403834
detection,26,active_std_std,-0.2647433665773603,0.2647433665773603
detection,26,subflow_bwd_byts_std,-0.2644303158775525,0.2644303158775525
detection,26,bwd_iat_tot_max,-0.2639999097317259,0.2639999097317259
detection,26,idle_mean_mean,0.262985547539138,0.262985547539138
detection,26,bwd_pkts_per_sec_max,-0.2610058250485987,0.2610058250485987
detection,26,fwd_seg_size_min_sum,0.2536368753067604,0.2536368753067604
detection,26,packets_per_sec_mean,-0.252905985190946,0.252905985190946
detection,26,subflow_fwd_pkts_mean,0.2523087096821539,0.2523087096821539
detection,26,fwd_seg_size_avg_mean,-0.251332115895898,0.251332115895898
detection,26,fwd_pkt_len_mean_mean,-0.251332115895898,0.251332115895898
detection,26,packets_per_sec_min,-0.2502788928788068,0.2502788928788068
detection,26,pkt_len_var_max,0.2485765582779512,0.2485765582779512
detection,26,bwd_pkts_per_sec_mean,-0.247220382287408,0.247220382287408
detection,26,flow_iat_max_max,0.2384870373179521,0.2384870373179521
detection,26,flow_iat_mean_sum,0.2357957414683604,0.2357957414683604
detection,26,fwd_iat_std_max,0.2317720372596312,0.2317720372596312
detection,26,idle_mean_std,-0.2304408514443782,0.2304408514443782
detection,26,flow_iat_std_mean,-0.2259527957777165,0.2259527957777165
detection,26,bwd_pkt_len_max_sum,0.2251091086861128,0.2251091086861128
detection,26,duration_sec_max,0.2247706547053201,0.2247706547053201
detection,26,fwd_pkt_len_std_max,-0.2227072482726823,0.2227072482726823
detection,26,byte_count_fwd_sum,-0.2205324239507383,0.2205324239507383
detection,26,flow_iat_std_max,-0.2163593411058576,0.2163593411058576
detection,26,fwd_header_len_max,0.2091539520369039,0.2091539520369039
detection,26,fwd_urg_flags_mean,-0.2036200420027677,0.2036200420027677
detection,26,cwe_flag_cnt_mean,-0.2036200420027677,0.2036200420027677
detection,26,active_mean_mean,-0.1972007806672305,0.1972007806672305
detection,26,bwd_iat_std_std,0.1893801180112768,0.1893801180112768
detection,26,window_size_fwd_max,-0.188902376932486,0.188902376932486
detection,26,packet_count_fwd_sum,-0.1883308222807458,0.1883308222807458
detection,26,bwd_iat_std_sum,0.1879850882601399,0.1879850882601399
detection,26,fwd_pkt_len_max_mean,0.1834205003866376,0.1834205003866376
detection,26,flow_iat_max_sum,0.183155111402216,0.183155111402216
detection,26,bytes_per_sec_std,0.1804726614128231,0.1804726614128231
detection,26,idle_max_sum,0.1787968560930165,0.1787968560930165
detection,26,idle_max_max,-0.1767113157707177,0.1767113157707177
detection,26,pkt_ttl_min,-0.1701024780358794,0.1701024780358794
detection,26,active_max_max,0.1678496573916212,0.1678496573916212
detection,26,window_size_fwd_sum,0.1674648239651755,0.1674648239651755
detection,26,fin_flag_cnt_max,0.1666822503259384,0.1666822503259384
detection,26,fwd_seg_size_min_min,-0.1643094893946543,0.1643094893946543
detection,26,bwd_header_len_mean,-0.1625927678469276,0.1625927678469276
detection,26,unique_protocols_count,0.1619843580393516,0.1619843580393516
detection,26,bwd_iat_tot_sum,-0.1618867194032895,0.1618867194032895
detection,26,pkt_size_avg_std,0.1611027316645116,0.1611027316645116
detection,26,bwd_pkt_len_max_max,-0.1606501758831285,0.1606501758831285
detection,26,subflow_fwd_byts_std,0.1598007089461137,0.1598007089461137
detection,26,pkt_len_min_sum,-0.158254668711988,0.158254668711988
detection,26,active_min_sum,0.1571017047903993,0.1571017047903993
detection,26,bwd_pkt_len_min_sum,0.1539581857352827,0.1539581857352827
detection,26,bwd_header_len_sum,-0.1539570413534423,0.1539570413534423
detection,26,subflow_fwd_pkts_std,-0.1537957871059972,0.1537957871059972
detection,26,pkt_payload_size_p50,-0.1522292806857402,0.1522292806857402
detection,26,bwd_iat_max_sum,-0.1516129497257692,0.1516129497257692
detection,26,packet_count_bwd_min,-0.1502055751213807,0.1502055751213807
detection,26,flow_iat_mean_std,-0.1484325054597665,0.1484325054597665
detection,26,subflow_bwd_pkts_max,0.1472346729561995,0.1472346729561995
detection,26,fwd_pkts_per_sec_std,0.147051530488302,0.147051530488302
detection,26,fwd_iat_mean_mean,-0.1461328576429826,0.1461328576429826
detection,26,flow_count,0.1437166248506459,0.1437166248506459
detection,26,fwd_pkt_len_min_sum,-0.1436989785203858,0.1436989785203858
detection,26,flow_iat_mean_mean,0.1429126194070377,0.1429126194070377
detection,26,fwd_pkt_len_min_mean,-0.1386548796292643,0.1386548796292643
detection,26,fwd_psh_flags_std,-0.1383831744180341,0.1383831744180341
detection,26,syn_flag_cnt_std,-0.1383831744180341,0.1383831744180341
detection,26,fwd_iat_max_std,-0.1380331054555004,0.1380331054555004
detection,26,subflow_fwd_byts_max,0.1374343286641501,0.1374343286641501
detection,26,packet_count_bwd_sum,0.1361090348980672,0.1361090348980672
detection,26,ece_flag_cnt_max,-0.1357402766297679,0.1357402766297679
detection,26,rst_flag_cnt_max,-0.1357402766297679,0.1357402766297679
detection,26,subflow_fwd_pkts_max,-0.1328053742909105,0.1328053742909105
detection,26,ack_flag_cnt_mean,0.1326967641463617,0.1326967641463617
detection,26,ack_flag_cnt_max,-0.1318133871686141,0.1318133871686141
detection,26,fwd_iat_mean_sum,0.1293118076679909,0.1293118076679909
detection,26,bwd_iat_max_mean,-0.1287919257772846,0.1287919257772846
detection,26,bwd_pkt_len_mean_mean,0.1283869589070717,0.1283869589070717
detection,26,bwd_seg_size_avg_mean,0.1283869589032389,0.1283869589032389
detection,26,fwd_seg_size_min_max,-0.1275123284365487,0.1275123284365487
detection,26,fwd_iat_tot_sum,-0.1252583684839427,0.1252583684839427
detection,26,flow_iat_min_max,0.1218858470051628,0.1218858470051628
detection,26,bwd_iat_tot_std,-0.1208171102783756,0.1208171102783756
detection,26,fwd_urg_flags_max,0.1116386379058708,0.1116386379058708
detection,26,cwe_flag_cnt_max,0.1116386379058708,0.1116386379058708
detection,26,psh_flag_cnt_sum,0.1076655203665551,0.1076655203665551
detection,26,active_mean_max,0.1050514967102585,0.1050514967102585
detection,26,bwd_pkt_len_max_mean,0.1002882358747482,0.1002882358747482
detection,26,psh_flag_cnt_std,0.0975838690867651,0.0975838690867651
detection,26,unique_dst_ports_count,0.0971742600307652,0.0971742600307652
detection,26,bwd_pkt_len_mean_std,0.0967836872075069,0.0967836872075069
detection,26,bwd_seg_size_avg_std,0.0967836871886582,0.0967836871886582
detection,26,bwd_iat_min_sum,0.0922351038271405,0.0922351038271405
detection,26,idle_mean_sum,0.0884280635055321,0.0884280635055321
detection,26,fin_flag_cnt_mean,0.0875110419473716,0.0875110419473716
detection,26,duration_microsec_sum,-0.0864480405706565,0.0864480405706565
detection,26,urg_flag_cnt_sum,0.0853037796062213,0.0853037796062213
detection,26,bwd_iat_min_mean,-0.0839746596211469,0.0839746596211469
detection,26,subflow_bwd_pkts_mean,-0.0822567589061683,0.0822567589061683
detection,26,fwd_header_len_std,-0.0817678424124955,0.0817678424124955
detection,26,packet_count_fwd_mean,0.0813823086362637,0.0813823086362637
detection,26,rst_flag_cnt_mean,-0.0806684327975842,0.0806684327975842
detection,26,syn_flag_cnt_max,0.0802237663407899,0.0802237663407899
detection,26,fwd_psh_flags_max,0.0802237663407899,0.0802237663407899
detection,26,fwd_iat_max_mean,0.0791887252400074,0.0791887252400074
detection,26,idle_std_max,-0.0790635859487477,0.0790635859487477
detection,26,fwd_act_data_pkts_sum,-0.0778065183089256,0.0778065183089256
detection,26,duration_sec_mean,-0.0777547285753528,0.0777547285753528
detection,26,flow_iat_min_mean,0.0772266879703495,0.0772266879703495
detection,26,fwd_psh_flags_mean,-0.0761697275007225,0.0761697275007225
detection,26,syn_flag_cnt_mean,-0.0761697275007225,0.0761697275007225
detection,26,fwd_iat_min_mean,-0.0713596601736658,0.0713596601736658
detection,26,psh_flag_cnt_max,-0.0692081737581053,0.0692081737581053
detection,26,fwd_pkt_len_min_std,-0.066324184495629,0.066324184495629
detection,26,idle_std_std,0.0662143388766622,0.0662143388766622
detection,26,pkt_len_min_mean,0.0660965526109727,0.0660965526109727
detection,26,byte_count_bwd_min,0.0658772538760781,0.0658772538760781
detection,26,bwd_pkt_len_std_sum,0.0649553281667004,0.0649553281667004
detection,26,fwd_iat_tot_mean,-0.0641139570986273,0.0641139570986273
detection,26,pkt_len_max_min,0.0631478814436306,0.0631478814436306
detection,26,bwd_pkt_len_mean_min,0.0587145321288934,0.0587145321288934
detection,26,bwd_seg_size_avg_min,0.0587145321288934,0.0587145321288934
detection,26,idle_max_std,0.0564876795766344,0.0564876795766344
detection,26,duration_microsec_mean,-0.0561104639489706,0.0561104639489706
detection,26,pkt_len_std_min,0.0546727903896703,0.0546727903896703
detection,26,idle_mean_max,-0.0529504800690924,0.0529504800690924
detection,26,fwd_psh_flags_sum,-0.0525060808865162,0.0525060808865162
detection,26,syn_flag_cnt_sum,-0.0525060808865162,0.0525060808865162
detection,26,bwd_iat_min_min,-0.0520780601425874,0.0520780601425874
detection,26,bwd_pkt_len_max_min,0.0520286339511975,0.0520286339511975
detection,26,subflow_bwd_byts_min,0.0506495915612334,0.0506495915612334
detection,26,pkt_len_var_min,0.0494249326081994,0.0494249326081994
detection,26,bwd_iat_std_min,0.048709999052202,0.048709999052202
detection,26,duration_microsec_min,0.048476890394348,0.048476890394348
detection,26,bwd_pkt_len_std_min,0.0484716792935949,0.0484716792935949
detection,26,fwd_iat_tot_min,0.0484131722066334,0.0484131722066334
detection,26,pkt_len_std_max,0.04814721307496,0.04814721307496
detection,26,packet_count_fwd_min,0.0479429080893445,0.0479429080893445
detection,26,fwd_urg_flags_sum,0.0465503872454769,0.0465503872454769
detection,26,cwe_flag_cnt_sum,0.0465503872454769,0.0465503872454769
detection,26,flow_iat_min_std,0.0462938732398977,0.0462938732398977
detection,26,flow_iat_min_min,0.0461568594988896,0.0461568594988896
detection,26,fin_flag_cnt_std,0.0455927257468642,0.0455927257468642
detection,26,flow_iat_mean_min,0.045413783957,0.045413783957
detection,26,idle_min_max,-0.044934696212459,0.044934696212459
detection,26,fwd_pkt_len_std_min,0.0449320011249411,0.0449320011249411
detection,26,fwd_iat_mean_min,0.0442947237386787,0.0442947237386787
detection,26,duration_sec_min,0.0438113649980811,0.0438113649980811
detection,26,pkt_len_mean_min,0.0433216616145518,0.0433216616145518
detection,26,fwd_iat_max_min,0.042868956766743,0.042868956766743
detection,26,flow_iat_max_min,0.0427596096280978,0.0427596096280978
detection,26,pkt_size_avg_min,0.0423092971933865,0.0423092971933865
detection,26,idle_max_min,0.0422604002506889,0.0422604002506889
detection,26,window_size_bwd_min,0.0418822195492527,0.0418822195492527
detection,26,fwd_iat_tot_max,0.0414494775102706,0.0414494775102706
detection,26,subflow_fwd_pkts_min,0.0413510464756476,0.0413510464756476
detection,26,fwd_iat_min_min,0.041260286259799,0.041260286259799
detection,26,active_min_mean,0.041260148437499,0.041260148437499
detection,26,bwd_iat_tot_min,0.0411104590781881,0.0411104590781881
detection,26,ece_flag_cnt_mean,-0.0401167465653952,0.0401167465653952
detection,26,idle_mean_min,0.0384424226189948,0.0384424226189948
detection,26,subflow_bwd_pkts_min,-0.038297452130003,0.038297452130003
detection,26,fwd_pkts_per_sec_min,-0.0373269958299653,0.0373269958299653
detection,26,idle_min_sum,0.0371541824232156,0.0371541824232156
detection,26,subflow_bwd_byts_mean,-0.0366257852689142,0.0366257852689142
detection,26,idle_min_mean,-0.036110195441376,0.036110195441376
detection,26,window_size_fwd_min,0.0339266511653914,0.0339266511653914
detection,26,fwd_pkt_len_min_min,0.0332548459533705,0.0332548459533705
detection,26,idle_std_sum,0.0327278449970073,0.0327278449970073
detection,26,idle_min_min,0.0323847054034793,0.0323847054034793
detection,26,pkt_len_min_min,0.0309602712021593,0.0309602712021593
detection,26,active_min_max,0.0307154566303403,0.0307154566303403
detection,26,active_min_min,0.0306682728539905,0.0306682728539905
detection,26,bwd_iat_max_min,0.030435833799465,0.030435833799465
detection,26,fwd_seg_size_avg_min,0.0301890975677746,0.0301890975677746
detection,26,fwd_pkt_len_mean_min,0.0301890975677746,0.0301890975677746
detection,26,active_mean_min,0.0298314427738986,0.0298314427738986
detection,26,fwd_pkt_len_min_max,-0.0294563946980135,0.0294563946980135
detection,26,active_max_min,0.0284651805912667,0.0284651805912667
detection,26,psh_flag_cnt_min,0.0279953923625303,0.0279953923625303
detection,26,bwd_pkts_per_sec_min,0.0276078249992528,0.0276078249992528
detection,26,down_up_ratio_min,0.027276173063612,0.027276173063612
detection,26,fwd_pkt_len_max_min,0.0266698106818455,0.0266698106818455
detection,26,active_std_min,0.0256536092840023,0.0256536092840023
detection,26,bwd_pkt_len_min_max,-0.0252743719167895,0.0252743719167895
detection,26,subflow_fwd_byts_min,0.0250375547334236,0.0250375547334236
detection,26,idle_std_min,0.0247742809861719,0.0247742809861719
detection,26,bwd_iat_std_max,-0.0234326021880157,0.0234326021880157
detection,26,flow_iat_std_min,0.0233737288845768,0.0233737288845768
detection,26,fwd_seg_size_avg_std,-0.023045188516766,0.023045188516766
detection,26,fwd_pkt_len_mean_std,-0.023045188516766,0.023045188516766
detection,26,fwd_iat_std_min,0.0226195444169498,0.0226195444169498
detection,26,fwd_psh_flags_min,0.0226175262228274,0.0226175262228274
detection,26,ack_flag_cnt_min,0.0226175262228274,0.0226175262228274
detection,26,syn_flag_cnt_min,0.0226175262228274,0.0226175262228274
detection,26,packets_per_sec_std,0.0216250110952757,0.0216250110952757
detection,26,fwd_seg_size_avg_max,0.020931674436665,0.020931674436665
detection,26,fwd_pkt_len_mean_max,0.020931674436665,0.020931674436665
detection,26,bytes_per_sec_min,0.018804997071879,0.018804997071879
detection,26,fwd_act_data_pkts_std,-0.0181995022134661,0.0181995022134661
detection,26,bwd_header_len_min,0.0180518179336538,0.0180518179336538
detection,26,packet_count_fwd_max,0.0169858133431072,0.0169858133431072
detection,26,pkt_payload_size_p25,-0.0159948194794504,0.0159948194794504
detection,26,fwd_act_data_pkts_min,0.0114020221265797,0.0114020221265797
detection,26,bwd_iat_max_max,0.0112070054055978,0.0112070054055978
detection,26,flow_iat_mean_max,-0.0111422219186341,0.0111422219186341
detection,26,bwd_iat_mean_min,-0.006543182314543,0.006543182314543
detection,26,fwd_header_len_min,-0.0058379449152343,0.0058379449152343
detection,26,fin_flag_cnt_sum,0.0055903432868131,0.0055903432868131
detection,26,byte_count_fwd_min,0.0048867971835253,0.0048867971835253
detection,26,byte_count_fwd_mean,-0.0026378571645796,0.0026378571645796
detection,26,pkt_len_var_std,-0.0019325975713746,0.0019325975713746
detection,26,fwd_byts_b_avg_max,0.0,0.0
detection,26,mask_has_flow_timing_features,0.0,0.0
detection,26,mask_has_traffic_volume_features,0.0,0.0
detection,26,fin_flag_cnt_min,0.0,0.0
detection,26,rst_flag_cnt_min,0.0,0.0
detection,26,mask_has_identity_auth,0.0,0.0
detection,26,fwd_byts_b_avg_min,0.0,0.0
detection,26,fwd_byts_b_avg_sum,0.0,0.0
detection,26,fwd_byts_b_avg_std,0.0,0.0
detection,26,fwd_byts_b_avg_mean,0.0,0.0
detection,26,ece_flag_cnt_min,0.0,0.0
detection,26,urg_flag_cnt_min,0.0,0.0
detection,26,cwe_flag_cnt_min,0.0,0.0
detection,26,bwd_urg_flags_max,0.0,0.0
detection,26,mask_has_graph_topology,0.0,0.0
detection,26,pkt_frag_mf_count,0.0,0.0
detection,26,mask_has_tcp_flags,0.0,0.0
detection,26,bwd_pkts_b_avg_max,0.0,0.0
detection,26,bwd_blk_rate_avg_max,0.0,0.0
detection,26,bwd_blk_rate_avg_sum,0.0,0.0
detection,26,bwd_pkts_b_avg_sum,0.0,0.0
detection,26,fwd_pkts_b_avg_std,0.0,0.0
detection,26,fwd_pkts_b_avg_sum,0.0,0.0
detection,26,fwd_pkts_b_avg_mean,0.0,0.0
detection,26,bwd_blk_rate_avg_min,0.0,0.0
detection,26,bwd_pkts_b_avg_min,0.0,0.0
detection,26,bwd_blk_rate_avg_mean,0.0,0.0
detection,26,bwd_blk_rate_avg_std,0.0,0.0
detection,26,fwd_pkts_b_avg_min,0.0,0.0
detection,26,fwd_blk_rate_avg_min,0.0,0.0
detection,26,fwd_blk_rate_avg_max,0.0,0.0
detection,26,bwd_byts_b_avg_mean,0.0,0.0
detection,26,bwd_byts_b_avg_std,0.0,0.0
detection,26,fwd_pkts_b_avg_max,0.0,0.0
detection,26,fwd_blk_rate_avg_mean,0.0,0.0
detection,26,fwd_blk_rate_avg_std,0.0,0.0
detection,26,fwd_blk_rate_avg_sum,0.0,0.0
detection,26,bwd_pkts_b_avg_mean,0.0,0.0
detection,26,bwd_byts_b_avg_max,0.0,0.0
detection,26,bwd_byts_b_avg_min,0.0,0.0
detection,26,bwd_byts_b_avg_sum,0.0,0.0
detection,26,bwd_psh_flags_std,0.0,0.0
detection,26,bwd_psh_flags_sum,0.0,0.0
detection,26,bwd_pkts_b_avg_std,0.0,0.0
detection,26,bwd_psh_flags_mean,0.0,0.0
detection,26,bwd_psh_flags_max,0.0,0.0
detection,26,bwd_psh_flags_min,0.0,0.0
detection,26,fwd_urg_flags_min,0.0,0.0
detection,26,bwd_urg_flags_mean,0.0,0.0
detection,26,bwd_urg_flags_std,0.0,0.0
detection,26,bwd_urg_flags_sum,0.0,0.0
detection,26,bwd_urg_flags_min,0.0,0.0
detection,26,bwd_pkt_len_min_min,0.0,0.0
detection,27,fwd_pkt_len_std_mean,1.7992478522322135,1.7992478522322135
detection,27,bwd_pkt_len_std_mean,-1.7300506610382882,1.7300506610382882
detection,27,window_size_bwd_std,1.7121256947016266,1.7121256947016266
detection,27,byte_count_bwd_std,-1.6539325750240417,1.6539325750240417
detection,27,fwd_pkt_len_max_std,-1.5951566095091592,1.5951566095091592
detection,27,pkt_tcp_retrans_count,1.4620901300963187,1.4620901300963187
detection,27,pkt_port_scan_seq_score,1.3648534114973816,1.3648534114973816
detection,27,bwd_iat_std_mean,1.330270970001274,1.330270970001274
detection,27,packet_count_bwd_std,1.2628829533102608,1.2628829533102608
detection,27,down_up_ratio_std,-1.2429949451801492,1.2429949451801492
detection,27,byte_count_fwd_max,1.2400638292709838,1.2400638292709838
detection,27,bytes_per_sec_mean,-1.2329103581197227,1.2329103581197227
detection,27,flow_iat_std_std,-1.1999063051335388,1.1999063051335388
detection,27,bytes_per_sec_max,1.1810242171352066,1.1810242171352066
detection,27,window_size_fwd_std,-1.1247643061182768,1.1247643061182768
detection,27,bwd_iat_max_std,-1.1197998177450594,1.1197998177450594
detection,27,pkt_len_std_mean,-1.0982706509136977,1.0982706509136977
detection,27,bwd_pkt_len_min_mean,1.0341211392556895,1.0341211392556895
detection,27,bwd_iat_mean_std,1.0335098121329305,1.0335098121329305
detection,27,bwd_iat_min_std,-1.0288208827457055,1.0288208827457055
detection,27,ack_flag_cnt_std,0.988570874330644,0.988570874330644
detection,27,bwd_pkts_per_sec_sum,-0.9734144460625992,0.9734144460625992
detection,27,urg_flag_cnt_mean,-0.9646790511257032,0.9646790511257032
detection,27,bwd_pkt_len_std_std,0.9589375183976206,0.9589375183976206
detection,27,pkt_len_min_std,0.9451745146205942,0.9451745146205942
detection,27,fwd_seg_size_min_mean,0.9351262949750492,0.9351262949750492
detection,27,subflow_bwd_byts_sum,-0.9251461912205308,0.9251461912205308
detection,27,bwd_seg_size_avg_max,0.9127126051477044,0.9127126051477044
detection,27,bwd_pkt_len_mean_max,0.9127126051474692,0.9127126051474692
detection,27,bwd_iat_min_max,0.85968321633171,0.85968321633171
detection,27,bytes_per_sec_sum,-0.8568878771147378,0.8568878771147378
detection,27,fwd_header_len_mean,0.8329529237087279,0.8329529237087279
detection,27,pkt_len_mean_max,-0.8029907095597648,0.8029907095597648
detection,27,fwd_pkt_len_std_std,0.7945594355431606,0.7945594355431606
detection,27,pkt_payload_size_p95,-0.7798834135101332,0.7798834135101332
detection,27,pkt_len_max_std,-0.7518942904738615,0.7518942904738615
detection,27,bwd_pkts_per_sec_std,0.7388121015924198,0.7388121015924198
detection,27,active_max_sum,0.7371553487020943,0.7371553487020943
detection,27,bwd_pkt_len_max_std,0.7339998861630144,0.7339998861630144
detection,27,pkt_len_mean_mean,-0.7300560988975944,0.7300560988975944
detection,27,duration_sec_std,0.7146936777573838,0.7146936777573838
detection,27,bwd_iat_mean_sum,-0.7073195150117865,0.7073195150117865
detection,27,fwd_iat_mean_std,-0.6899749248258217,0.6899749248258217
detection,27,window_size_bwd_mean,-0.6887307181826285,0.6887307181826285
detection,27,pkt_size_avg_mean,-0.6849762688565216,0.6849762688565216
detection,27,packet_count_bwd_mean,0.6826922171059883,0.6826922171059883
detection,27,byte_count_bwd_max,-0.6725585234554609,0.6725585234554609
detection,27,urg_flag_cnt_max,0.6679926641071385,0.6679926641071385
detection,27,bwd_pkt_len_std_max,0.6651503858600833,0.6651503858600833
detection,27,active_mean_sum,-0.6643068800944826,0.6643068800944826
detection,27,window_size_bwd_sum,-0.6641619158353483,0.6641619158353483
detection,27,ece_flag_cnt_sum,0.65829562494583,0.65829562494583
detection,27,rst_flag_cnt_sum,0.6574733100275048,0.6574733100275048
detection,27,pkt_len_std_std,0.6385907541582878,0.6385907541582878
detection,27,bwd_iat_tot_mean,-0.6257625213047951,0.6257625213047951
detection,27,byte_count_bwd_mean,-0.6251363626380354,0.6251363626380354
detection,27,ece_flag_cnt_std,0.6198786231777226,0.6198786231777226
detection,27,byte_count_fwd_std,-0.6185188893789993,0.6185188893789993
detection,27,psh_flag_cnt_mean,0.6129206600943972,0.6129206600943972
detection,27,fwd_header_len_sum,0.6046044246956276,0.6046044246956276
detection,27,rst_flag_cnt_std,0.5939710327975289,0.5939710327975289
detection,27,pkt_len_var_sum,0.5852240033364721,0.5852240033364721
detection,27,flow_iat_max_std,-0.5800756250540633,0.5800756250540633
detection,27,urg_flag_cnt_std,0.5748742010080454,0.5748742010080454
detection,27,pkt_payload_size_p75,-0.5717014666281229,0.5717014666281229
detection,27,active_std_sum,-0.5689984050185555,0.5689984050185555
detection,27,window_size_bwd_max,0.5639202892800377,0.5639202892800377
detection,27,fwd_seg_size_min_std,-0.5541508239517563,0.5541508239517563
detection,27,pkt_frag_df_count,0.55102607034,0.55102607034
detection,27,subflow_fwd_byts_mean,-0.5477030681699042,0.5477030681699042
detection,27,pkt_len_max_mean,-0.5323449561981886,0.5323449561981886
detection,27,bwd_iat_mean_max,-0.5253152054772023,0.5253152054772023
detection,27,fwd_pkt_len_max_max,0.5188538833094496,0.5188538833094496
detection,27,bwd_pkt_len_mean_sum,0.5182291739503421,0.5182291739503421
detection,27,bwd_seg_size_avg_sum,0.5182291739498738,0.5182291739498738
detection,27,bwd_iat_mean_mean,0.4985147129676527,0.4985147129676527
detection,27,idle_std_mean,0.4948967187295285,0.4948967187295285
detection,27,subflow_bwd_byts_max,0.4926829826654743,0.4926829826654743
detection,27,byte_count_bwd_sum,-0.4829542069204348,0.4829542069204348
detection,27,flow_iat_std_sum,-0.4825955271191022,0.4825955271191022
detection,27,fwd_iat_std_mean,0.4824989940480974,0.4824989940480974
detection,27,subflow_fwd_byts_sum,0.4761344828816888,0.4761344828816888
detection,27,subflow_fwd_pkts_sum,0.4747491925832166,0.4747491925832166
detection,27,ack_flag_cnt_sum,0.4712234677696905,0.4712234677696905
detection,27,down_up_ratio_max,0.4672317993517808,0.4672317993517808
detection,27,active_std_mean,-0.453881614184007,0.453881614184007
detection,27,idle_max_mean,0.4533720312866052,0.4533720312866052
detection,27,active_max_std,0.4355182718681431,0.4355182718681431
detection,27,window_size_fwd_mean,0.4343502210877361,0.4343502210877361
detection,27,idle_min_std,-0.4217822730830848,0.4217822730830848
detection,27,bwd_header_len_max,0.4158447063585354,0.4158447063585354
detection,27,fwd_iat_min_std,-0.4114259908192804,0.4114259908192804
detection,27,down_up_ratio_mean,0.4058092234754287,0.4058092234754287
detection,27,mask_has_packet_level_features,-0.403920289765573,0.403920289765573
detection,27,pkt_ttl_max,-0.403920289765573,0.403920289765573
detection,27,fwd_pkt_len_std_sum,0.4011712884163048,0.4011712884163048
detection,27,fwd_pkt_len_mean_sum,0.3933492012376035,0.3933492012376035
detection,27,fwd_seg_size_avg_sum,0.3933492012376035,0.3933492012376035
detection,27,pkt_len_var_mean,-0.3915246567095576,0.3915246567095576
detection,27,fwd_iat_tot_std,0.3848848670409059,0.3848848670409059
detection,27,down_up_ratio_sum,0.3841605377752183,0.3841605377752183
detection,27,fwd_iat_std_sum,0.3817392695447128,0.3817392695447128
detection,27,bwd_header_len_std,-0.3802937210549065,0.3802937210549065
detection,27,pkt_ttl_std,0.3785554900177869,0.3785554900177869
detection,27,pkt_ttl_mode,0.374917600709909,0.374917600709909
detection,27,pkt_len_mean_sum,0.3729680451719483,0.3729680451719483
detection,27,fwd_pkts_per_sec_max,-0.3688170409645843,0.3688170409645843
detection,27,fwd_pkt_len_max_sum,0.3665683459137281,0.3665683459137281
detection,27,fwd_pkts_per_sec_sum,0.3653105832795857,0.3653105832795857
detection,27,pkt_len_max_max,0.3651084062541433,0.3651084062541433
detection,27,subflow_bwd_pkts_std,-0.3642972644999205,0.3642972644999205
detection,27,bwd_pkt_len_min_std,-0.3562541915374543,0.3562541915374543
detection,27,duration_microsec_std,0.3557775570516384,0.3557775570516384
detection,27,fwd_iat_max_sum,0.3469151833164812,0.3469151833164812
detection,27,pkt_len_mean_std,0.3438121950318824,0.3438121950318824
detection,27,pkt_len_min_max,-0.3393000761288636,0.3393000761288636
detection,27,pkt_size_avg_sum,0.3348348542125381,0.3348348542125381
detection,27,fwd_pkts_per_sec_mean,0.332867606502079,0.332867606502079
detection,27,packets_per_sec_max,-0.3279622329777392,0.3279622329777392
detection,27,packet_count_bwd_max,0.3250547684377757,0.3250547684377757
detection,27,fwd_iat_std_std,0.3236852864034166,0.3236852864034166
detection,27,active_min_std,-0.3205613323124447,0.3205613323124447
detection,27,fwd_urg_flags_std,0.3171976054865401,0.3171976054865401
detection,27,cwe_flag_cnt_std,0.3171976054865401,0.3171976054865401
detection,27,packet_count_fwd_std,-0.3165185698442631,0.3165185698442631
detection,27,pkt_len_max_sum,0.3132880414035515,0.3132880414035515
detection,27,flow_iat_min_sum,0.3116389509847002,0.3116389509847002
detection,27,fwd_iat_min_max,0.3092774898588693,0.3092774898588693
detection,27,pkt_size_avg_max,0.3088340983438442,0.3088340983438442
detection,27,fwd_act_data_pkts_max,-0.3041938616269488,0.3041938616269488
detection,27,pkt_len_std_sum,0.2955071344233181,0.2955071344233181
detection,27,flow_iat_max_mean,-0.2937944548626215,0.2937944548626215
detection,27,active_mean_std,-0.2910218197631313,0.2910218197631313
detection,27,fwd_iat_max_max,-0.2893626426522757,0.2893626426522757
detection,27,fwd_iat_min_sum,0.2837288842085465,0.2837288842085465
detection,27,subflow_bwd_pkts_sum,-0.2779161740249753,0.2779161740249753
detection,27,active_std_max,0.2777758892741135,0.2777758892741135
detection,27,packets_per_sec_sum,-0.2773115244883261,0.2773115244883261
detection,27,fwd_iat_mean_max,0.272757375043493,0.272757375043493
detection,27,active_max_mean,-0.2712429386731948,0.2712429386731948
detection,27,duration_sec_sum,-0.2707610900569681,0.2707610900569681
detection,27,duration_microsec_max,0.2704019562487196,0.2704019562487196
detection,27,fwd_act_data_pkts_mean,-0.266778619403834,0.266778619403834
detection,27,active_std_std,-0.2647433665773603,0.2647433665773603
detection,27,subflow_bwd_byts_std,-0.2644303158775525,0.2644303158775525
detection,27,bwd_iat_tot_max,-0.2639999097317259,0.2639999097317259
detection,27,idle_mean_mean,0.262985547539138,0.262985547539138
detection,27,bwd_pkts_per_sec_max,-0.2610058250485987,0.2610058250485987
detection,27,fwd_seg_size_min_sum,0.2536368753067604,0.2536368753067604
detection,27,packets_per_sec_mean,-0.252905985190946,0.252905985190946
detection,27,subflow_fwd_pkts_mean,0.2523087096821539,0.2523087096821539
detection,27,fwd_seg_size_avg_mean,-0.251332115895898,0.251332115895898
detection,27,fwd_pkt_len_mean_mean,-0.251332115895898,0.251332115895898
detection,27,packets_per_sec_min,-0.2502788928788068,0.2502788928788068
detection,27,pkt_len_var_max,0.2485765582779512,0.2485765582779512
detection,27,bwd_pkts_per_sec_mean,-0.247220382287408,0.247220382287408
detection,27,flow_iat_max_max,0.2384870373179521,0.2384870373179521
detection,27,flow_iat_mean_sum,0.2357957414683604,0.2357957414683604
detection,27,fwd_iat_std_max,0.2317720372596312,0.2317720372596312
detection,27,idle_mean_std,-0.2304408514443782,0.2304408514443782
detection,27,flow_iat_std_mean,-0.2259527957777165,0.2259527957777165
detection,27,bwd_pkt_len_max_sum,0.2251091086861128,0.2251091086861128
detection,27,duration_sec_max,0.2247706547053201,0.2247706547053201
detection,27,fwd_pkt_len_std_max,-0.2227072482726823,0.2227072482726823
detection,27,byte_count_fwd_sum,-0.2205324239507383,0.2205324239507383
detection,27,flow_iat_std_max,-0.2163593411058576,0.2163593411058576
detection,27,fwd_header_len_max,0.2091539520369039,0.2091539520369039
detection,27,fwd_urg_flags_mean,-0.2036200420027677,0.2036200420027677
detection,27,cwe_flag_cnt_mean,-0.2036200420027677,0.2036200420027677
detection,27,active_mean_mean,-0.1972007806672305,0.1972007806672305
detection,27,bwd_iat_std_std,0.1893801180112768,0.1893801180112768
detection,27,window_size_fwd_max,-0.188902376932486,0.188902376932486
detection,27,packet_count_fwd_sum,-0.1883308222807458,0.1883308222807458
detection,27,bwd_iat_std_sum,0.1879850882601399,0.1879850882601399
detection,27,fwd_pkt_len_max_mean,0.1834205003866376,0.1834205003866376
detection,27,flow_iat_max_sum,0.183155111402216,0.183155111402216
detection,27,bytes_per_sec_std,0.1804726614128231,0.1804726614128231
detection,27,idle_max_sum,0.1787968560930165,0.1787968560930165
detection,27,idle_max_max,-0.1767113157707177,0.1767113157707177
detection,27,pkt_ttl_min,-0.1701024780358794,0.1701024780358794
detection,27,active_max_max,0.1678496573916212,0.1678496573916212
detection,27,window_size_fwd_sum,0.1674648239651755,0.1674648239651755
detection,27,fin_flag_cnt_max,0.1666822503259384,0.1666822503259384
detection,27,fwd_seg_size_min_min,-0.1643094893946543,0.1643094893946543
detection,27,bwd_header_len_mean,-0.1625927678469276,0.1625927678469276
detection,27,unique_protocols_count,0.1619843580393516,0.1619843580393516
detection,27,bwd_iat_tot_sum,-0.1618867194032895,0.1618867194032895
detection,27,pkt_size_avg_std,0.1611027316645116,0.1611027316645116
detection,27,bwd_pkt_len_max_max,-0.1606501758831285,0.1606501758831285
detection,27,subflow_fwd_byts_std,0.1598007089461137,0.1598007089461137
detection,27,pkt_len_min_sum,-0.158254668711988,0.158254668711988
detection,27,active_min_sum,0.1571017047903993,0.1571017047903993
detection,27,bwd_pkt_len_min_sum,0.1539581857352827,0.1539581857352827
detection,27,bwd_header_len_sum,-0.1539570413534423,0.1539570413534423
detection,27,subflow_fwd_pkts_std,-0.1537957871059972,0.1537957871059972
detection,27,pkt_payload_size_p50,-0.1522292806857402,0.1522292806857402
detection,27,bwd_iat_max_sum,-0.1516129497257692,0.1516129497257692
detection,27,packet_count_bwd_min,-0.1502055751213807,0.1502055751213807
detection,27,flow_iat_mean_std,-0.1484325054597665,0.1484325054597665
detection,27,subflow_bwd_pkts_max,0.1472346729561995,0.1472346729561995
detection,27,fwd_pkts_per_sec_std,0.147051530488302,0.147051530488302
detection,27,fwd_iat_mean_mean,-0.1461328576429826,0.1461328576429826
detection,27,flow_count,0.1437166248506459,0.1437166248506459
detection,27,fwd_pkt_len_min_sum,-0.1436989785203858,0.1436989785203858
detection,27,flow_iat_mean_mean,0.1429126194070377,0.1429126194070377
detection,27,fwd_pkt_len_min_mean,-0.1386548796292643,0.1386548796292643
detection,27,fwd_psh_flags_std,-0.1383831744180341,0.1383831744180341
detection,27,syn_flag_cnt_std,-0.1383831744180341,0.1383831744180341
detection,27,fwd_iat_max_std,-0.1380331054555004,0.1380331054555004
detection,27,subflow_fwd_byts_max,0.1374343286641501,0.1374343286641501
detection,27,packet_count_bwd_sum,0.1361090348980672,0.1361090348980672
detection,27,ece_flag_cnt_max,-0.1357402766297679,0.1357402766297679
detection,27,rst_flag_cnt_max,-0.1357402766297679,0.1357402766297679
detection,27,subflow_fwd_pkts_max,-0.1328053742909105,0.1328053742909105
detection,27,ack_flag_cnt_mean,0.1326967641463617,0.1326967641463617
detection,27,ack_flag_cnt_max,-0.1318133871686141,0.1318133871686141
detection,27,fwd_iat_mean_sum,0.1293118076679909,0.1293118076679909
detection,27,bwd_iat_max_mean,-0.1287919257772846,0.1287919257772846
detection,27,bwd_pkt_len_mean_mean,0.1283869589070717,0.1283869589070717
detection,27,bwd_seg_size_avg_mean,0.1283869589032389,0.1283869589032389
detection,27,fwd_seg_size_min_max,-0.1275123284365487,0.1275123284365487
detection,27,fwd_iat_tot_sum,-0.1252583684839427,0.1252583684839427
detection,27,flow_iat_min_max,0.1218858470051628,0.1218858470051628
detection,27,bwd_iat_tot_std,-0.1208171102783756,0.1208171102783756
detection,27,fwd_urg_flags_max,0.1116386379058708,0.1116386379058708
detection,27,cwe_flag_cnt_max,0.1116386379058708,0.1116386379058708
detection,27,psh_flag_cnt_sum,0.1076655203665551,0.1076655203665551
detection,27,active_mean_max,0.1050514967102585,0.1050514967102585
detection,27,bwd_pkt_len_max_mean,0.1002882358747482,0.1002882358747482
detection,27,psh_flag_cnt_std,0.0975838690867651,0.0975838690867651
detection,27,unique_dst_ports_count,0.0971742600307652,0.0971742600307652
detection,27,bwd_pkt_len_mean_std,0.0967836872075069,0.0967836872075069
detection,27,bwd_seg_size_avg_std,0.0967836871886582,0.0967836871886582
detection,27,bwd_iat_min_sum,0.0922351038271405,0.0922351038271405
detection,27,idle_mean_sum,0.0884280635055321,0.0884280635055321
detection,27,fin_flag_cnt_mean,0.0875110419473716,0.0875110419473716
detection,27,duration_microsec_sum,-0.0864480405706565,0.0864480405706565
detection,27,urg_flag_cnt_sum,0.0853037796062213,0.0853037796062213
detection,27,bwd_iat_min_mean,-0.0839746596211469,0.0839746596211469
detection,27,subflow_bwd_pkts_mean,-0.0822567589061683,0.0822567589061683
detection,27,fwd_header_len_std,-0.0817678424124955,0.0817678424124955
detection,27,packet_count_fwd_mean,0.0813823086362637,0.0813823086362637
detection,27,rst_flag_cnt_mean,-0.0806684327975842,0.0806684327975842
detection,27,syn_flag_cnt_max,0.0802237663407899,0.0802237663407899
detection,27,fwd_psh_flags_max,0.0802237663407899,0.0802237663407899
detection,27,fwd_iat_max_mean,0.0791887252400074,0.0791887252400074
detection,27,idle_std_max,-0.0790635859487477,0.0790635859487477
detection,27,fwd_act_data_pkts_sum,-0.0778065183089256,0.0778065183089256
detection,27,duration_sec_mean,-0.0777547285753528,0.0777547285753528
detection,27,flow_iat_min_mean,0.0772266879703495,0.0772266879703495
detection,27,fwd_psh_flags_mean,-0.0761697275007225,0.0761697275007225
detection,27,syn_flag_cnt_mean,-0.0761697275007225,0.0761697275007225
detection,27,fwd_iat_min_mean,-0.0713596601736658,0.0713596601736658
detection,27,psh_flag_cnt_max,-0.0692081737581053,0.0692081737581053
detection,27,fwd_pkt_len_min_std,-0.066324184495629,0.066324184495629
detection,27,idle_std_std,0.0662143388766622,0.0662143388766622
detection,27,pkt_len_min_mean,0.0660965526109727,0.0660965526109727
detection,27,byte_count_bwd_min,0.0658772538760781,0.0658772538760781
detection,27,bwd_pkt_len_std_sum,0.0649553281667004,0.0649553281667004
detection,27,fwd_iat_tot_mean,-0.0641139570986273,0.0641139570986273
detection,27,pkt_len_max_min,0.0631478814436306,0.0631478814436306
detection,27,bwd_pkt_len_mean_min,0.0587145321288934,0.0587145321288934
detection,27,bwd_seg_size_avg_min,0.0587145321288934,0.0587145321288934
detection,27,idle_max_std,0.0564876795766344,0.0564876795766344
detection,27,duration_microsec_mean,-0.0561104639489706,0.0561104639489706
detection,27,pkt_len_std_min,0.0546727903896703,0.0546727903896703
detection,27,idle_mean_max,-0.0529504800690924,0.0529504800690924
detection,27,fwd_psh_flags_sum,-0.0525060808865162,0.0525060808865162
detection,27,syn_flag_cnt_sum,-0.0525060808865162,0.0525060808865162
detection,27,bwd_iat_min_min,-0.0520780601425874,0.0520780601425874
detection,27,bwd_pkt_len_max_min,0.0520286339511975,0.0520286339511975
detection,27,subflow_bwd_byts_min,0.0506495915612334,0.0506495915612334
detection,27,pkt_len_var_min,0.0494249326081994,0.0494249326081994
detection,27,bwd_iat_std_min,0.048709999052202,0.048709999052202
detection,27,duration_microsec_min,0.048476890394348,0.048476890394348
detection,27,bwd_pkt_len_std_min,0.0484716792935949,0.0484716792935949
detection,27,fwd_iat_tot_min,0.0484131722066334,0.0484131722066334
detection,27,pkt_len_std_max,0.04814721307496,0.04814721307496
detection,27,packet_count_fwd_min,0.0479429080893445,0.0479429080893445
detection,27,fwd_urg_flags_sum,0.0465503872454769,0.0465503872454769
detection,27,cwe_flag_cnt_sum,0.0465503872454769,0.0465503872454769
detection,27,flow_iat_min_std,0.0462938732398977,0.0462938732398977
detection,27,flow_iat_min_min,0.0461568594988896,0.0461568594988896
detection,27,fin_flag_cnt_std,0.0455927257468642,0.0455927257468642
detection,27,flow_iat_mean_min,0.045413783957,0.045413783957
detection,27,idle_min_max,-0.044934696212459,0.044934696212459
detection,27,fwd_pkt_len_std_min,0.0449320011249411,0.0449320011249411
detection,27,fwd_iat_mean_min,0.0442947237386787,0.0442947237386787
detection,27,duration_sec_min,0.0438113649980811,0.0438113649980811
detection,27,pkt_len_mean_min,0.0433216616145518,0.0433216616145518
detection,27,fwd_iat_max_min,0.042868956766743,0.042868956766743
detection,27,flow_iat_max_min,0.0427596096280978,0.0427596096280978
detection,27,pkt_size_avg_min,0.0423092971933865,0.0423092971933865
detection,27,idle_max_min,0.0422604002506889,0.0422604002506889
detection,27,window_size_bwd_min,0.0418822195492527,0.0418822195492527
detection,27,fwd_iat_tot_max,0.0414494775102706,0.0414494775102706
detection,27,subflow_fwd_pkts_min,0.0413510464756476,0.0413510464756476
detection,27,fwd_iat_min_min,0.041260286259799,0.041260286259799
detection,27,active_min_mean,0.041260148437499,0.041260148437499
detection,27,bwd_iat_tot_min,0.0411104590781881,0.0411104590781881
detection,27,ece_flag_cnt_mean,-0.0401167465653952,0.0401167465653952
detection,27,idle_mean_min,0.0384424226189948,0.0384424226189948
detection,27,subflow_bwd_pkts_min,-0.038297452130003,0.038297452130003
detection,27,fwd_pkts_per_sec_min,-0.0373269958299653,0.0373269958299653
detection,27,idle_min_sum,0.0371541824232156,0.0371541824232156
detection,27,subflow_bwd_byts_mean,-0.0366257852689142,0.0366257852689142
detection,27,idle_min_mean,-0.036110195441376,0.036110195441376
detection,27,window_size_fwd_min,0.0339266511653914,0.0339266511653914
detection,27,fwd_pkt_len_min_min,0.0332548459533705,0.0332548459533705
detection,27,idle_std_sum,0.0327278449970073,0.0327278449970073
detection,27,idle_min_min,0.0323847054034793,0.0323847054034793
detection,27,pkt_len_min_min,0.0309602712021593,0.0309602712021593
detection,27,active_min_max,0.0307154566303403,0.0307154566303403
detection,27,active_min_min,0.0306682728539905,0.0306682728539905
detection,27,bwd_iat_max_min,0.030435833799465,0.030435833799465
detection,27,fwd_seg_size_avg_min,0.0301890975677746,0.0301890975677746
detection,27,fwd_pkt_len_mean_min,0.0301890975677746,0.0301890975677746
detection,27,active_mean_min,0.0298314427738986,0.0298314427738986
detection,27,fwd_pkt_len_min_max,-0.0294563946980135,0.0294563946980135
detection,27,active_max_min,0.0284651805912667,0.0284651805912667
detection,27,psh_flag_cnt_min,0.0279953923625303,0.0279953923625303
detection,27,bwd_pkts_per_sec_min,0.0276078249992528,0.0276078249992528
detection,27,down_up_ratio_min,0.027276173063612,0.027276173063612
detection,27,fwd_pkt_len_max_min,0.0266698106818455,0.0266698106818455
detection,27,active_std_min,0.0256536092840023,0.0256536092840023
detection,27,bwd_pkt_len_min_max,-0.0252743719167895,0.0252743719167895
detection,27,subflow_fwd_byts_min,0.0250375547334236,0.0250375547334236
detection,27,idle_std_min,0.0247742809861719,0.0247742809861719
detection,27,bwd_iat_std_max,-0.0234326021880157,0.0234326021880157
detection,27,flow_iat_std_min,0.0233737288845768,0.0233737288845768
detection,27,fwd_seg_size_avg_std,-0.023045188516766,0.023045188516766
detection,27,fwd_pkt_len_mean_std,-0.023045188516766,0.023045188516766
detection,27,fwd_iat_std_min,0.0226195444169498,0.0226195444169498
detection,27,fwd_psh_flags_min,0.0226175262228274,0.0226175262228274
detection,27,ack_flag_cnt_min,0.0226175262228274,0.0226175262228274
detection,27,syn_flag_cnt_min,0.0226175262228274,0.0226175262228274
detection,27,packets_per_sec_std,0.0216250110952757,0.0216250110952757
detection,27,fwd_seg_size_avg_max,0.020931674436665,0.020931674436665
detection,27,fwd_pkt_len_mean_max,0.020931674436665,0.020931674436665
detection,27,bytes_per_sec_min,0.018804997071879,0.018804997071879
detection,27,fwd_act_data_pkts_std,-0.0181995022134661,0.0181995022134661
detection,27,bwd_header_len_min,0.0180518179336538,0.0180518179336538
detection,27,packet_count_fwd_max,0.0169858133431072,0.0169858133431072
detection,27,pkt_payload_size_p25,-0.0159948194794504,0.0159948194794504
detection,27,fwd_act_data_pkts_min,0.0114020221265797,0.0114020221265797
detection,27,bwd_iat_max_max,0.0112070054055978,0.0112070054055978
detection,27,flow_iat_mean_max,-0.0111422219186341,0.0111422219186341
detection,27,bwd_iat_mean_min,-0.006543182314543,0.006543182314543
detection,27,fwd_header_len_min,-0.0058379449152343,0.0058379449152343
detection,27,fin_flag_cnt_sum,0.0055903432868131,0.0055903432868131
detection,27,byte_count_fwd_min,0.0048867971835253,0.0048867971835253
detection,27,byte_count_fwd_mean,-0.0026378571645796,0.0026378571645796
detection,27,pkt_len_var_std,-0.0019325975713746,0.0019325975713746
detection,27,fwd_byts_b_avg_max,0.0,0.0
detection,27,mask_has_flow_timing_features,0.0,0.0
detection,27,mask_has_traffic_volume_features,0.0,0.0
detection,27,fin_flag_cnt_min,0.0,0.0
detection,27,rst_flag_cnt_min,0.0,0.0
detection,27,mask_has_identity_auth,0.0,0.0
detection,27,fwd_byts_b_avg_min,0.0,0.0
detection,27,fwd_byts_b_avg_sum,0.0,0.0
detection,27,fwd_byts_b_avg_std,0.0,0.0
detection,27,fwd_byts_b_avg_mean,0.0,0.0
detection,27,ece_flag_cnt_min,0.0,0.0
detection,27,urg_flag_cnt_min,0.0,0.0
detection,27,cwe_flag_cnt_min,0.0,0.0
detection,27,bwd_urg_flags_max,0.0,0.0
detection,27,mask_has_graph_topology,0.0,0.0
detection,27,pkt_frag_mf_count,0.0,0.0
detection,27,mask_has_tcp_flags,0.0,0.0
detection,27,bwd_pkts_b_avg_max,0.0,0.0
detection,27,bwd_blk_rate_avg_max,0.0,0.0
detection,27,bwd_blk_rate_avg_sum,0.0,0.0
detection,27,bwd_pkts_b_avg_sum,0.0,0.0
detection,27,fwd_pkts_b_avg_std,0.0,0.0
detection,27,fwd_pkts_b_avg_sum,0.0,0.0
detection,27,fwd_pkts_b_avg_mean,0.0,0.0
detection,27,bwd_blk_rate_avg_min,0.0,0.0
detection,27,bwd_pkts_b_avg_min,0.0,0.0
detection,27,bwd_blk_rate_avg_mean,0.0,0.0
detection,27,bwd_blk_rate_avg_std,0.0,0.0
detection,27,fwd_pkts_b_avg_min,0.0,0.0
detection,27,fwd_blk_rate_avg_min,0.0,0.0
detection,27,fwd_blk_rate_avg_max,0.0,0.0
detection,27,bwd_byts_b_avg_mean,0.0,0.0
detection,27,bwd_byts_b_avg_std,0.0,0.0
detection,27,fwd_pkts_b_avg_max,0.0,0.0
detection,27,fwd_blk_rate_avg_mean,0.0,0.0
detection,27,fwd_blk_rate_avg_std,0.0,0.0
detection,27,fwd_blk_rate_avg_sum,0.0,0.0
detection,27,bwd_pkts_b_avg_mean,0.0,0.0
detection,27,bwd_byts_b_avg_max,0.0,0.0
detection,27,bwd_byts_b_avg_min,0.0,0.0
detection,27,bwd_byts_b_avg_sum,0.0,0.0
detection,27,bwd_psh_flags_std,0.0,0.0
detection,27,bwd_psh_flags_sum,0.0,0.0
detection,27,bwd_pkts_b_avg_std,0.0,0.0
detection,27,bwd_psh_flags_mean,0.0,0.0
detection,27,bwd_psh_flags_max,0.0,0.0
detection,27,bwd_psh_flags_min,0.0,0.0
detection,27,fwd_urg_flags_min,0.0,0.0
detection,27,bwd_urg_flags_mean,0.0,0.0
detection,27,bwd_urg_flags_std,0.0,0.0
detection,27,bwd_urg_flags_sum,0.0,0.0
detection,27,bwd_urg_flags_min,0.0,0.0
detection,27,bwd_pkt_len_min_min,0.0,0.0
detection,28,fwd_pkt_len_std_mean,1.7992478522322135,1.7992478522322135
detection,28,bwd_pkt_len_std_mean,-1.7300506610382882,1.7300506610382882
detection,28,window_size_bwd_std,1.7121256947016266,1.7121256947016266
detection,28,byte_count_bwd_std,-1.6539325750240417,1.6539325750240417
detection,28,fwd_pkt_len_max_std,-1.5951566095091592,1.5951566095091592
detection,28,pkt_tcp_retrans_count,1.4620901300963187,1.4620901300963187
detection,28,pkt_port_scan_seq_score,1.3648534114973816,1.3648534114973816
detection,28,bwd_iat_std_mean,1.330270970001274,1.330270970001274
detection,28,packet_count_bwd_std,1.2628829533102608,1.2628829533102608
detection,28,down_up_ratio_std,-1.2429949451801492,1.2429949451801492
detection,28,byte_count_fwd_max,1.2400638292709838,1.2400638292709838
detection,28,bytes_per_sec_mean,-1.2329103581197227,1.2329103581197227
detection,28,flow_iat_std_std,-1.1999063051335388,1.1999063051335388
detection,28,bytes_per_sec_max,1.1810242171352066,1.1810242171352066
detection,28,window_size_fwd_std,-1.1247643061182768,1.1247643061182768
detection,28,bwd_iat_max_std,-1.1197998177450594,1.1197998177450594
detection,28,pkt_len_std_mean,-1.0982706509136977,1.0982706509136977
detection,28,bwd_pkt_len_min_mean,1.0341211392556895,1.0341211392556895
detection,28,bwd_iat_mean_std,1.0335098121329305,1.0335098121329305
detection,28,bwd_iat_min_std,-1.0288208827457055,1.0288208827457055
detection,28,ack_flag_cnt_std,0.988570874330644,0.988570874330644
detection,28,bwd_pkts_per_sec_sum,-0.9734144460625992,0.9734144460625992
detection,28,urg_flag_cnt_mean,-0.9646790511257032,0.9646790511257032
detection,28,bwd_pkt_len_std_std,0.9589375183976206,0.9589375183976206
detection,28,pkt_len_min_std,0.9451745146205942,0.9451745146205942
detection,28,fwd_seg_size_min_mean,0.9351262949750492,0.9351262949750492
detection,28,subflow_bwd_byts_sum,-0.9251461912205308,0.9251461912205308
detection,28,bwd_seg_size_avg_max,0.9127126051477044,0.9127126051477044
detection,28,bwd_pkt_len_mean_max,0.9127126051474692,0.9127126051474692
detection,28,bwd_iat_min_max,0.85968321633171,0.85968321633171
detection,28,bytes_per_sec_sum,-0.8568878771147378,0.8568878771147378
detection,28,fwd_header_len_mean,0.8329529237087279,0.8329529237087279
detection,28,pkt_len_mean_max,-0.8029907095597648,0.8029907095597648
detection,28,fwd_pkt_len_std_std,0.7945594355431606,0.7945594355431606
detection,28,pkt_payload_size_p95,-0.7798834135101332,0.7798834135101332
detection,28,pkt_len_max_std,-0.7518942904738615,0.7518942904738615
detection,28,bwd_pkts_per_sec_std,0.7388121015924198,0.7388121015924198
detection,28,active_max_sum,0.7371553487020943,0.7371553487020943
detection,28,bwd_pkt_len_max_std,0.7339998861630144,0.7339998861630144
detection,28,pkt_len_mean_mean,-0.7300560988975944,0.7300560988975944
detection,28,duration_sec_std,0.7146936777573838,0.7146936777573838
detection,28,bwd_iat_mean_sum,-0.7073195150117865,0.7073195150117865
detection,28,fwd_iat_mean_std,-0.6899749248258217,0.6899749248258217
detection,28,window_size_bwd_mean,-0.6887307181826285,0.6887307181826285
detection,28,pkt_size_avg_mean,-0.6849762688565216,0.6849762688565216
detection,28,packet_count_bwd_mean,0.6826922171059883,0.6826922171059883
detection,28,byte_count_bwd_max,-0.6725585234554609,0.6725585234554609
detection,28,urg_flag_cnt_max,0.6679926641071385,0.6679926641071385
detection,28,bwd_pkt_len_std_max,0.6651503858600833,0.6651503858600833
detection,28,active_mean_sum,-0.6643068800944826,0.6643068800944826
detection,28,window_size_bwd_sum,-0.6641619158353483,0.6641619158353483
detection,28,ece_flag_cnt_sum,0.65829562494583,0.65829562494583
detection,28,rst_flag_cnt_sum,0.6574733100275048,0.6574733100275048
detection,28,pkt_len_std_std,0.6385907541582878,0.6385907541582878
detection,28,bwd_iat_tot_mean,-0.6257625213047951,0.6257625213047951
detection,28,byte_count_bwd_mean,-0.6251363626380354,0.6251363626380354
detection,28,ece_flag_cnt_std,0.6198786231777226,0.6198786231777226
detection,28,byte_count_fwd_std,-0.6185188893789993,0.6185188893789993
detection,28,psh_flag_cnt_mean,0.6129206600943972,0.6129206600943972
detection,28,fwd_header_len_sum,0.6046044246956276,0.6046044246956276
detection,28,rst_flag_cnt_std,0.5939710327975289,0.5939710327975289
detection,28,pkt_len_var_sum,0.5852240033364721,0.5852240033364721
detection,28,flow_iat_max_std,-0.5800756250540633,0.5800756250540633
detection,28,urg_flag_cnt_std,0.5748742010080454,0.5748742010080454
detection,28,pkt_payload_size_p75,-0.5717014666281229,0.5717014666281229
detection,28,active_std_sum,-0.5689984050185555,0.5689984050185555
detection,28,window_size_bwd_max,0.5639202892800377,0.5639202892800377
detection,28,fwd_seg_size_min_std,-0.5541508239517563,0.5541508239517563
detection,28,pkt_frag_df_count,0.55102607034,0.55102607034
detection,28,subflow_fwd_byts_mean,-0.5477030681699042,0.5477030681699042
detection,28,pkt_len_max_mean,-0.5323449561981886,0.5323449561981886
detection,28,bwd_iat_mean_max,-0.5253152054772023,0.5253152054772023
detection,28,fwd_pkt_len_max_max,0.5188538833094496,0.5188538833094496
detection,28,bwd_pkt_len_mean_sum,0.5182291739503421,0.5182291739503421
detection,28,bwd_seg_size_avg_sum,0.5182291739498738,0.5182291739498738
detection,28,bwd_iat_mean_mean,0.4985147129676527,0.4985147129676527
detection,28,idle_std_mean,0.4948967187295285,0.4948967187295285
detection,28,subflow_bwd_byts_max,0.4926829826654743,0.4926829826654743
detection,28,byte_count_bwd_sum,-0.4829542069204348,0.4829542069204348
detection,28,flow_iat_std_sum,-0.4825955271191022,0.4825955271191022
detection,28,fwd_iat_std_mean,0.4824989940480974,0.4824989940480974
detection,28,subflow_fwd_byts_sum,0.4761344828816888,0.4761344828816888
detection,28,subflow_fwd_pkts_sum,0.4747491925832166,0.4747491925832166
detection,28,ack_flag_cnt_sum,0.4712234677696905,0.4712234677696905
detection,28,down_up_ratio_max,0.4672317993517808,0.4672317993517808
detection,28,active_std_mean,-0.453881614184007,0.453881614184007
detection,28,idle_max_mean,0.4533720312866052,0.4533720312866052
detection,28,active_max_std,0.4355182718681431,0.4355182718681431
detection,28,window_size_fwd_mean,0.4343502210877361,0.4343502210877361
detection,28,idle_min_std,-0.4217822730830848,0.4217822730830848
detection,28,bwd_header_len_max,0.4158447063585354,0.4158447063585354
detection,28,fwd_iat_min_std,-0.4114259908192804,0.4114259908192804
detection,28,down_up_ratio_mean,0.4058092234754287,0.4058092234754287
detection,28,mask_has_packet_level_features,-0.403920289765573,0.403920289765573
detection,28,pkt_ttl_max,-0.403920289765573,0.403920289765573
detection,28,fwd_pkt_len_std_sum,0.4011712884163048,0.4011712884163048
detection,28,fwd_pkt_len_mean_sum,0.3933492012376035,0.3933492012376035
detection,28,fwd_seg_size_avg_sum,0.3933492012376035,0.3933492012376035
detection,28,pkt_len_var_mean,-0.3915246567095576,0.3915246567095576
detection,28,fwd_iat_tot_std,0.3848848670409059,0.3848848670409059
detection,28,down_up_ratio_sum,0.3841605377752183,0.3841605377752183
detection,28,fwd_iat_std_sum,0.3817392695447128,0.3817392695447128
detection,28,bwd_header_len_std,-0.3802937210549065,0.3802937210549065
detection,28,pkt_ttl_std,0.3785554900177869,0.3785554900177869
detection,28,pkt_ttl_mode,0.374917600709909,0.374917600709909
detection,28,pkt_len_mean_sum,0.3729680451719483,0.3729680451719483
detection,28,fwd_pkts_per_sec_max,-0.3688170409645843,0.3688170409645843
detection,28,fwd_pkt_len_max_sum,0.3665683459137281,0.3665683459137281
detection,28,fwd_pkts_per_sec_sum,0.3653105832795857,0.3653105832795857
detection,28,pkt_len_max_max,0.3651084062541433,0.3651084062541433
detection,28,subflow_bwd_pkts_std,-0.3642972644999205,0.3642972644999205
detection,28,bwd_pkt_len_min_std,-0.3562541915374543,0.3562541915374543
detection,28,duration_microsec_std,0.3557775570516384,0.3557775570516384
detection,28,fwd_iat_max_sum,0.3469151833164812,0.3469151833164812
detection,28,pkt_len_mean_std,0.3438121950318824,0.3438121950318824
detection,28,pkt_len_min_max,-0.3393000761288636,0.3393000761288636
detection,28,pkt_size_avg_sum,0.3348348542125381,0.3348348542125381
detection,28,fwd_pkts_per_sec_mean,0.332867606502079,0.332867606502079
detection,28,packets_per_sec_max,-0.3279622329777392,0.3279622329777392
detection,28,packet_count_bwd_max,0.3250547684377757,0.3250547684377757
detection,28,fwd_iat_std_std,0.3236852864034166,0.3236852864034166
detection,28,active_min_std,-0.3205613323124447,0.3205613323124447
detection,28,fwd_urg_flags_std,0.3171976054865401,0.3171976054865401
detection,28,cwe_flag_cnt_std,0.3171976054865401,0.3171976054865401
detection,28,packet_count_fwd_std,-0.3165185698442631,0.3165185698442631
detection,28,pkt_len_max_sum,0.3132880414035515,0.3132880414035515
detection,28,flow_iat_min_sum,0.3116389509847002,0.3116389509847002
detection,28,fwd_iat_min_max,0.3092774898588693,0.3092774898588693
detection,28,pkt_size_avg_max,0.3088340983438442,0.3088340983438442
detection,28,fwd_act_data_pkts_max,-0.3041938616269488,0.3041938616269488
detection,28,pkt_len_std_sum,0.2955071344233181,0.2955071344233181
detection,28,flow_iat_max_mean,-0.2937944548626215,0.2937944548626215
detection,28,active_mean_std,-0.2910218197631313,0.2910218197631313
detection,28,fwd_iat_max_max,-0.2893626426522757,0.2893626426522757
detection,28,fwd_iat_min_sum,0.2837288842085465,0.2837288842085465
detection,28,subflow_bwd_pkts_sum,-0.2779161740249753,0.2779161740249753
detection,28,active_std_max,0.2777758892741135,0.2777758892741135
detection,28,packets_per_sec_sum,-0.2773115244883261,0.2773115244883261
detection,28,fwd_iat_mean_max,0.272757375043493,0.272757375043493
detection,28,active_max_mean,-0.2712429386731948,0.2712429386731948
detection,28,duration_sec_sum,-0.2707610900569681,0.2707610900569681
detection,28,duration_microsec_max,0.2704019562487196,0.2704019562487196
detection,28,fwd_act_data_pkts_mean,-0.266778619403834,0.266778619403834
detection,28,active_std_std,-0.2647433665773603,0.2647433665773603
detection,28,subflow_bwd_byts_std,-0.2644303158775525,0.2644303158775525
detection,28,bwd_iat_tot_max,-0.2639999097317259,0.2639999097317259
detection,28,idle_mean_mean,0.262985547539138,0.262985547539138
detection,28,bwd_pkts_per_sec_max,-0.2610058250485987,0.2610058250485987
detection,28,fwd_seg_size_min_sum,0.2536368753067604,0.2536368753067604
detection,28,packets_per_sec_mean,-0.252905985190946,0.252905985190946
detection,28,subflow_fwd_pkts_mean,0.2523087096821539,0.2523087096821539
detection,28,fwd_seg_size_avg_mean,-0.251332115895898,0.251332115895898
detection,28,fwd_pkt_len_mean_mean,-0.251332115895898,0.251332115895898
detection,28,packets_per_sec_min,-0.2502788928788068,0.2502788928788068
detection,28,pkt_len_var_max,0.2485765582779512,0.2485765582779512
detection,28,bwd_pkts_per_sec_mean,-0.247220382287408,0.247220382287408
detection,28,flow_iat_max_max,0.2384870373179521,0.2384870373179521
detection,28,flow_iat_mean_sum,0.2357957414683604,0.2357957414683604
detection,28,fwd_iat_std_max,0.2317720372596312,0.2317720372596312
detection,28,idle_mean_std,-0.2304408514443782,0.2304408514443782
detection,28,flow_iat_std_mean,-0.2259527957777165,0.2259527957777165
detection,28,bwd_pkt_len_max_sum,0.2251091086861128,0.2251091086861128
detection,28,duration_sec_max,0.2247706547053201,0.2247706547053201
detection,28,fwd_pkt_len_std_max,-0.2227072482726823,0.2227072482726823
detection,28,byte_count_fwd_sum,-0.2205324239507383,0.2205324239507383
detection,28,flow_iat_std_max,-0.2163593411058576,0.2163593411058576
detection,28,fwd_header_len_max,0.2091539520369039,0.2091539520369039
detection,28,fwd_urg_flags_mean,-0.2036200420027677,0.2036200420027677
detection,28,cwe_flag_cnt_mean,-0.2036200420027677,0.2036200420027677
detection,28,active_mean_mean,-0.1972007806672305,0.1972007806672305
detection,28,bwd_iat_std_std,0.1893801180112768,0.1893801180112768
detection,28,window_size_fwd_max,-0.188902376932486,0.188902376932486
detection,28,packet_count_fwd_sum,-0.1883308222807458,0.1883308222807458
detection,28,bwd_iat_std_sum,0.1879850882601399,0.1879850882601399
detection,28,fwd_pkt_len_max_mean,0.1834205003866376,0.1834205003866376
detection,28,flow_iat_max_sum,0.183155111402216,0.183155111402216
detection,28,bytes_per_sec_std,0.1804726614128231,0.1804726614128231
detection,28,idle_max_sum,0.1787968560930165,0.1787968560930165
detection,28,idle_max_max,-0.1767113157707177,0.1767113157707177
detection,28,pkt_ttl_min,-0.1701024780358794,0.1701024780358794
detection,28,active_max_max,0.1678496573916212,0.1678496573916212
detection,28,window_size_fwd_sum,0.1674648239651755,0.1674648239651755
detection,28,fin_flag_cnt_max,0.1666822503259384,0.1666822503259384
detection,28,fwd_seg_size_min_min,-0.1643094893946543,0.1643094893946543
detection,28,bwd_header_len_mean,-0.1625927678469276,0.1625927678469276
detection,28,unique_protocols_count,0.1619843580393516,0.1619843580393516
detection,28,bwd_iat_tot_sum,-0.1618867194032895,0.1618867194032895
detection,28,pkt_size_avg_std,0.1611027316645116,0.1611027316645116
detection,28,bwd_pkt_len_max_max,-0.1606501758831285,0.1606501758831285
detection,28,subflow_fwd_byts_std,0.1598007089461137,0.1598007089461137
detection,28,pkt_len_min_sum,-0.158254668711988,0.158254668711988
detection,28,active_min_sum,0.1571017047903993,0.1571017047903993
detection,28,bwd_pkt_len_min_sum,0.1539581857352827,0.1539581857352827
detection,28,bwd_header_len_sum,-0.1539570413534423,0.1539570413534423
detection,28,subflow_fwd_pkts_std,-0.1537957871059972,0.1537957871059972
detection,28,pkt_payload_size_p50,-0.1522292806857402,0.1522292806857402
detection,28,bwd_iat_max_sum,-0.1516129497257692,0.1516129497257692
detection,28,packet_count_bwd_min,-0.1502055751213807,0.1502055751213807
detection,28,flow_iat_mean_std,-0.1484325054597665,0.1484325054597665
detection,28,subflow_bwd_pkts_max,0.1472346729561995,0.1472346729561995
detection,28,fwd_pkts_per_sec_std,0.147051530488302,0.147051530488302
detection,28,fwd_iat_mean_mean,-0.1461328576429826,0.1461328576429826
detection,28,flow_count,0.1437166248506459,0.1437166248506459
detection,28,fwd_pkt_len_min_sum,-0.1436989785203858,0.1436989785203858
detection,28,flow_iat_mean_mean,0.1429126194070377,0.1429126194070377
detection,28,fwd_pkt_len_min_mean,-0.1386548796292643,0.1386548796292643
detection,28,fwd_psh_flags_std,-0.1383831744180341,0.1383831744180341
detection,28,syn_flag_cnt_std,-0.1383831744180341,0.1383831744180341
detection,28,fwd_iat_max_std,-0.1380331054555004,0.1380331054555004
detection,28,subflow_fwd_byts_max,0.1374343286641501,0.1374343286641501
detection,28,packet_count_bwd_sum,0.1361090348980672,0.1361090348980672
detection,28,ece_flag_cnt_max,-0.1357402766297679,0.1357402766297679
detection,28,rst_flag_cnt_max,-0.1357402766297679,0.1357402766297679
detection,28,subflow_fwd_pkts_max,-0.1328053742909105,0.1328053742909105
detection,28,ack_flag_cnt_mean,0.1326967641463617,0.1326967641463617
detection,28,ack_flag_cnt_max,-0.1318133871686141,0.1318133871686141
detection,28,fwd_iat_mean_sum,0.1293118076679909,0.1293118076679909
detection,28,bwd_iat_max_mean,-0.1287919257772846,0.1287919257772846
detection,28,bwd_pkt_len_mean_mean,0.1283869589070717,0.1283869589070717
detection,28,bwd_seg_size_avg_mean,0.1283869589032389,0.1283869589032389
detection,28,fwd_seg_size_min_max,-0.1275123284365487,0.1275123284365487
detection,28,fwd_iat_tot_sum,-0.1252583684839427,0.1252583684839427
detection,28,flow_iat_min_max,0.1218858470051628,0.1218858470051628
detection,28,bwd_iat_tot_std,-0.1208171102783756,0.1208171102783756
detection,28,fwd_urg_flags_max,0.1116386379058708,0.1116386379058708
detection,28,cwe_flag_cnt_max,0.1116386379058708,0.1116386379058708
detection,28,psh_flag_cnt_sum,0.1076655203665551,0.1076655203665551
detection,28,active_mean_max,0.1050514967102585,0.1050514967102585
detection,28,bwd_pkt_len_max_mean,0.1002882358747482,0.1002882358747482
detection,28,psh_flag_cnt_std,0.0975838690867651,0.0975838690867651
detection,28,unique_dst_ports_count,0.0971742600307652,0.0971742600307652
detection,28,bwd_pkt_len_mean_std,0.0967836872075069,0.0967836872075069
detection,28,bwd_seg_size_avg_std,0.0967836871886582,0.0967836871886582
detection,28,bwd_iat_min_sum,0.0922351038271405,0.0922351038271405
detection,28,idle_mean_sum,0.0884280635055321,0.0884280635055321
detection,28,fin_flag_cnt_mean,0.0875110419473716,0.0875110419473716
detection,28,duration_microsec_sum,-0.0864480405706565,0.0864480405706565
detection,28,urg_flag_cnt_sum,0.0853037796062213,0.0853037796062213
detection,28,bwd_iat_min_mean,-0.0839746596211469,0.0839746596211469
detection,28,subflow_bwd_pkts_mean,-0.0822567589061683,0.0822567589061683
detection,28,fwd_header_len_std,-0.0817678424124955,0.0817678424124955
detection,28,packet_count_fwd_mean,0.0813823086362637,0.0813823086362637
detection,28,rst_flag_cnt_mean,-0.0806684327975842,0.0806684327975842
detection,28,syn_flag_cnt_max,0.0802237663407899,0.0802237663407899
detection,28,fwd_psh_flags_max,0.0802237663407899,0.0802237663407899
detection,28,fwd_iat_max_mean,0.0791887252400074,0.0791887252400074
detection,28,idle_std_max,-0.0790635859487477,0.0790635859487477
detection,28,fwd_act_data_pkts_sum,-0.0778065183089256,0.0778065183089256
detection,28,duration_sec_mean,-0.0777547285753528,0.0777547285753528
detection,28,flow_iat_min_mean,0.0772266879703495,0.0772266879703495
detection,28,fwd_psh_flags_mean,-0.0761697275007225,0.0761697275007225
detection,28,syn_flag_cnt_mean,-0.0761697275007225,0.0761697275007225
detection,28,fwd_iat_min_mean,-0.0713596601736658,0.0713596601736658
detection,28,psh_flag_cnt_max,-0.0692081737581053,0.0692081737581053
detection,28,fwd_pkt_len_min_std,-0.066324184495629,0.066324184495629
detection,28,idle_std_std,0.0662143388766622,0.0662143388766622
detection,28,pkt_len_min_mean,0.0660965526109727,0.0660965526109727
detection,28,byte_count_bwd_min,0.0658772538760781,0.0658772538760781
detection,28,bwd_pkt_len_std_sum,0.0649553281667004,0.0649553281667004
detection,28,fwd_iat_tot_mean,-0.0641139570986273,0.0641139570986273
detection,28,pkt_len_max_min,0.0631478814436306,0.0631478814436306
detection,28,bwd_pkt_len_mean_min,0.0587145321288934,0.0587145321288934
detection,28,bwd_seg_size_avg_min,0.0587145321288934,0.0587145321288934
detection,28,idle_max_std,0.0564876795766344,0.0564876795766344
detection,28,duration_microsec_mean,-0.0561104639489706,0.0561104639489706
detection,28,pkt_len_std_min,0.0546727903896703,0.0546727903896703
detection,28,idle_mean_max,-0.0529504800690924,0.0529504800690924
detection,28,fwd_psh_flags_sum,-0.0525060808865162,0.0525060808865162
detection,28,syn_flag_cnt_sum,-0.0525060808865162,0.0525060808865162
detection,28,bwd_iat_min_min,-0.0520780601425874,0.0520780601425874
detection,28,bwd_pkt_len_max_min,0.0520286339511975,0.0520286339511975
detection,28,subflow_bwd_byts_min,0.0506495915612334,0.0506495915612334
detection,28,pkt_len_var_min,0.0494249326081994,0.0494249326081994
detection,28,bwd_iat_std_min,0.048709999052202,0.048709999052202
detection,28,duration_microsec_min,0.048476890394348,0.048476890394348
detection,28,bwd_pkt_len_std_min,0.0484716792935949,0.0484716792935949
detection,28,fwd_iat_tot_min,0.0484131722066334,0.0484131722066334
detection,28,pkt_len_std_max,0.04814721307496,0.04814721307496
detection,28,packet_count_fwd_min,0.0479429080893445,0.0479429080893445
detection,28,fwd_urg_flags_sum,0.0465503872454769,0.0465503872454769
detection,28,cwe_flag_cnt_sum,0.0465503872454769,0.0465503872454769
detection,28,flow_iat_min_std,0.0462938732398977,0.0462938732398977
detection,28,flow_iat_min_min,0.0461568594988896,0.0461568594988896
detection,28,fin_flag_cnt_std,0.0455927257468642,0.0455927257468642
detection,28,flow_iat_mean_min,0.045413783957,0.045413783957
detection,28,idle_min_max,-0.044934696212459,0.044934696212459
detection,28,fwd_pkt_len_std_min,0.0449320011249411,0.0449320011249411
detection,28,fwd_iat_mean_min,0.0442947237386787,0.0442947237386787
detection,28,duration_sec_min,0.0438113649980811,0.0438113649980811
detection,28,pkt_len_mean_min,0.0433216616145518,0.0433216616145518
detection,28,fwd_iat_max_min,0.042868956766743,0.042868956766743
detection,28,flow_iat_max_min,0.0427596096280978,0.0427596096280978
detection,28,pkt_size_avg_min,0.0423092971933865,0.0423092971933865
detection,28,idle_max_min,0.0422604002506889,0.0422604002506889
detection,28,window_size_bwd_min,0.0418822195492527,0.0418822195492527
detection,28,fwd_iat_tot_max,0.0414494775102706,0.0414494775102706
detection,28,subflow_fwd_pkts_min,0.0413510464756476,0.0413510464756476
detection,28,fwd_iat_min_min,0.041260286259799,0.041260286259799
detection,28,active_min_mean,0.041260148437499,0.041260148437499
detection,28,bwd_iat_tot_min,0.0411104590781881,0.0411104590781881
detection,28,ece_flag_cnt_mean,-0.0401167465653952,0.0401167465653952
detection,28,idle_mean_min,0.0384424226189948,0.0384424226189948
detection,28,subflow_bwd_pkts_min,-0.038297452130003,0.038297452130003
detection,28,fwd_pkts_per_sec_min,-0.0373269958299653,0.0373269958299653
detection,28,idle_min_sum,0.0371541824232156,0.0371541824232156
detection,28,subflow_bwd_byts_mean,-0.0366257852689142,0.0366257852689142
detection,28,idle_min_mean,-0.036110195441376,0.036110195441376
detection,28,window_size_fwd_min,0.0339266511653914,0.0339266511653914
detection,28,fwd_pkt_len_min_min,0.0332548459533705,0.0332548459533705
detection,28,idle_std_sum,0.0327278449970073,0.0327278449970073
detection,28,idle_min_min,0.0323847054034793,0.0323847054034793
detection,28,pkt_len_min_min,0.0309602712021593,0.0309602712021593
detection,28,active_min_max,0.0307154566303403,0.0307154566303403
detection,28,active_min_min,0.0306682728539905,0.0306682728539905
detection,28,bwd_iat_max_min,0.030435833799465,0.030435833799465
detection,28,fwd_seg_size_avg_min,0.0301890975677746,0.0301890975677746
detection,28,fwd_pkt_len_mean_min,0.0301890975677746,0.0301890975677746
detection,28,active_mean_min,0.0298314427738986,0.0298314427738986
detection,28,fwd_pkt_len_min_max,-0.0294563946980135,0.0294563946980135
detection,28,active_max_min,0.0284651805912667,0.0284651805912667
detection,28,psh_flag_cnt_min,0.0279953923625303,0.0279953923625303
detection,28,bwd_pkts_per_sec_min,0.0276078249992528,0.0276078249992528
detection,28,down_up_ratio_min,0.027276173063612,0.027276173063612
detection,28,fwd_pkt_len_max_min,0.0266698106818455,0.0266698106818455
detection,28,active_std_min,0.0256536092840023,0.0256536092840023
detection,28,bwd_pkt_len_min_max,-0.0252743719167895,0.0252743719167895
detection,28,subflow_fwd_byts_min,0.0250375547334236,0.0250375547334236
detection,28,idle_std_min,0.0247742809861719,0.0247742809861719
detection,28,bwd_iat_std_max,-0.0234326021880157,0.0234326021880157
detection,28,flow_iat_std_min,0.0233737288845768,0.0233737288845768
detection,28,fwd_seg_size_avg_std,-0.023045188516766,0.023045188516766
detection,28,fwd_pkt_len_mean_std,-0.023045188516766,0.023045188516766
detection,28,fwd_iat_std_min,0.0226195444169498,0.0226195444169498
detection,28,fwd_psh_flags_min,0.0226175262228274,0.0226175262228274
detection,28,ack_flag_cnt_min,0.0226175262228274,0.0226175262228274
detection,28,syn_flag_cnt_min,0.0226175262228274,0.0226175262228274
detection,28,packets_per_sec_std,0.0216250110952757,0.0216250110952757
detection,28,fwd_seg_size_avg_max,0.020931674436665,0.020931674436665
detection,28,fwd_pkt_len_mean_max,0.020931674436665,0.020931674436665
detection,28,bytes_per_sec_min,0.018804997071879,0.018804997071879
detection,28,fwd_act_data_pkts_std,-0.0181995022134661,0.0181995022134661
detection,28,bwd_header_len_min,0.0180518179336538,0.0180518179336538
detection,28,packet_count_fwd_max,0.0169858133431072,0.0169858133431072
detection,28,pkt_payload_size_p25,-0.0159948194794504,0.0159948194794504
detection,28,fwd_act_data_pkts_min,0.0114020221265797,0.0114020221265797
detection,28,bwd_iat_max_max,0.0112070054055978,0.0112070054055978
detection,28,flow_iat_mean_max,-0.0111422219186341,0.0111422219186341
detection,28,bwd_iat_mean_min,-0.006543182314543,0.006543182314543
detection,28,fwd_header_len_min,-0.0058379449152343,0.0058379449152343
detection,28,fin_flag_cnt_sum,0.0055903432868131,0.0055903432868131
detection,28,byte_count_fwd_min,0.0048867971835253,0.0048867971835253
detection,28,byte_count_fwd_mean,-0.0026378571645796,0.0026378571645796
detection,28,pkt_len_var_std,-0.0019325975713746,0.0019325975713746
detection,28,fwd_byts_b_avg_max,0.0,0.0
detection,28,mask_has_flow_timing_features,0.0,0.0
detection,28,mask_has_traffic_volume_features,0.0,0.0
detection,28,fin_flag_cnt_min,0.0,0.0
detection,28,rst_flag_cnt_min,0.0,0.0
detection,28,mask_has_identity_auth,0.0,0.0
detection,28,fwd_byts_b_avg_min,0.0,0.0
detection,28,fwd_byts_b_avg_sum,0.0,0.0
detection,28,fwd_byts_b_avg_std,0.0,0.0
detection,28,fwd_byts_b_avg_mean,0.0,0.0
detection,28,ece_flag_cnt_min,0.0,0.0
detection,28,urg_flag_cnt_min,0.0,0.0
detection,28,cwe_flag_cnt_min,0.0,0.0
detection,28,bwd_urg_flags_max,0.0,0.0
detection,28,mask_has_graph_topology,0.0,0.0
detection,28,pkt_frag_mf_count,0.0,0.0
detection,28,mask_has_tcp_flags,0.0,0.0
detection,28,bwd_pkts_b_avg_max,0.0,0.0
detection,28,bwd_blk_rate_avg_max,0.0,0.0
detection,28,bwd_blk_rate_avg_sum,0.0,0.0
detection,28,bwd_pkts_b_avg_sum,0.0,0.0
detection,28,fwd_pkts_b_avg_std,0.0,0.0
detection,28,fwd_pkts_b_avg_sum,0.0,0.0
detection,28,fwd_pkts_b_avg_mean,0.0,0.0
detection,28,bwd_blk_rate_avg_min,0.0,0.0
detection,28,bwd_pkts_b_avg_min,0.0,0.0
detection,28,bwd_blk_rate_avg_mean,0.0,0.0
detection,28,bwd_blk_rate_avg_std,0.0,0.0
detection,28,fwd_pkts_b_avg_min,0.0,0.0
detection,28,fwd_blk_rate_avg_min,0.0,0.0
detection,28,fwd_blk_rate_avg_max,0.0,0.0
detection,28,bwd_byts_b_avg_mean,0.0,0.0
detection,28,bwd_byts_b_avg_std,0.0,0.0
detection,28,fwd_pkts_b_avg_max,0.0,0.0
detection,28,fwd_blk_rate_avg_mean,0.0,0.0
detection,28,fwd_blk_rate_avg_std,0.0,0.0
detection,28,fwd_blk_rate_avg_sum,0.0,0.0
detection,28,bwd_pkts_b_avg_mean,0.0,0.0
detection,28,bwd_byts_b_avg_max,0.0,0.0
detection,28,bwd_byts_b_avg_min,0.0,0.0
detection,28,bwd_byts_b_avg_sum,0.0,0.0
detection,28,bwd_psh_flags_std,0.0,0.0
detection,28,bwd_psh_flags_sum,0.0,0.0
detection,28,bwd_pkts_b_avg_std,0.0,0.0
detection,28,bwd_psh_flags_mean,0.0,0.0
detection,28,bwd_psh_flags_max,0.0,0.0
detection,28,bwd_psh_flags_min,0.0,0.0
detection,28,fwd_urg_flags_min,0.0,0.0
detection,28,bwd_urg_flags_mean,0.0,0.0
detection,28,bwd_urg_flags_std,0.0,0.0
detection,28,bwd_urg_flags_sum,0.0,0.0
detection,28,bwd_urg_flags_min,0.0,0.0
detection,28,bwd_pkt_len_min_min,0.0,0.0
detection,29,fwd_pkt_len_std_mean,1.7992478522322135,1.7992478522322135
detection,29,bwd_pkt_len_std_mean,-1.7300506610382882,1.7300506610382882
detection,29,window_size_bwd_std,1.7121256947016266,1.7121256947016266
detection,29,byte_count_bwd_std,-1.6539325750240417,1.6539325750240417
detection,29,fwd_pkt_len_max_std,-1.5951566095091592,1.5951566095091592
detection,29,pkt_tcp_retrans_count,1.4620901300963187,1.4620901300963187
detection,29,pkt_port_scan_seq_score,1.3648534114973816,1.3648534114973816
detection,29,bwd_iat_std_mean,1.330270970001274,1.330270970001274
detection,29,packet_count_bwd_std,1.2628829533102608,1.2628829533102608
detection,29,down_up_ratio_std,-1.2429949451801492,1.2429949451801492
detection,29,byte_count_fwd_max,1.2400638292709838,1.2400638292709838
detection,29,bytes_per_sec_mean,-1.2329103581197227,1.2329103581197227
detection,29,flow_iat_std_std,-1.1999063051335388,1.1999063051335388
detection,29,bytes_per_sec_max,1.1810242171352066,1.1810242171352066
detection,29,window_size_fwd_std,-1.1247643061182768,1.1247643061182768
detection,29,bwd_iat_max_std,-1.1197998177450594,1.1197998177450594
detection,29,pkt_len_std_mean,-1.0982706509136977,1.0982706509136977
detection,29,bwd_pkt_len_min_mean,1.0341211392556895,1.0341211392556895
detection,29,bwd_iat_mean_std,1.0335098121329305,1.0335098121329305
detection,29,bwd_iat_min_std,-1.0288208827457055,1.0288208827457055
detection,29,ack_flag_cnt_std,0.988570874330644,0.988570874330644
detection,29,bwd_pkts_per_sec_sum,-0.9734144460625992,0.9734144460625992
detection,29,urg_flag_cnt_mean,-0.9646790511257032,0.9646790511257032
detection,29,bwd_pkt_len_std_std,0.9589375183976206,0.9589375183976206
detection,29,pkt_len_min_std,0.9451745146205942,0.9451745146205942
detection,29,fwd_seg_size_min_mean,0.9351262949750492,0.9351262949750492
detection,29,subflow_bwd_byts_sum,-0.9251461912205308,0.9251461912205308
detection,29,bwd_seg_size_avg_max,0.9127126051477044,0.9127126051477044
detection,29,bwd_pkt_len_mean_max,0.9127126051474692,0.9127126051474692
detection,29,bwd_iat_min_max,0.85968321633171,0.85968321633171
detection,29,bytes_per_sec_sum,-0.8568878771147378,0.8568878771147378
detection,29,fwd_header_len_mean,0.8329529237087279,0.8329529237087279
detection,29,pkt_len_mean_max,-0.8029907095597648,0.8029907095597648
detection,29,fwd_pkt_len_std_std,0.7945594355431606,0.7945594355431606
detection,29,pkt_payload_size_p95,-0.7798834135101332,0.7798834135101332
detection,29,pkt_len_max_std,-0.7518942904738615,0.7518942904738615
detection,29,bwd_pkts_per_sec_std,0.7388121015924198,0.7388121015924198
detection,29,active_max_sum,0.7371553487020943,0.7371553487020943
detection,29,bwd_pkt_len_max_std,0.7339998861630144,0.7339998861630144
detection,29,pkt_len_mean_mean,-0.7300560988975944,0.7300560988975944
detection,29,duration_sec_std,0.7146936777573838,0.7146936777573838
detection,29,bwd_iat_mean_sum,-0.7073195150117865,0.7073195150117865
detection,29,fwd_iat_mean_std,-0.6899749248258217,0.6899749248258217
detection,29,window_size_bwd_mean,-0.6887307181826285,0.6887307181826285
detection,29,pkt_size_avg_mean,-0.6849762688565216,0.6849762688565216
detection,29,packet_count_bwd_mean,0.6826922171059883,0.6826922171059883
detection,29,byte_count_bwd_max,-0.6725585234554609,0.6725585234554609
detection,29,urg_flag_cnt_max,0.6679926641071385,0.6679926641071385
detection,29,bwd_pkt_len_std_max,0.6651503858600833,0.6651503858600833
detection,29,active_mean_sum,-0.6643068800944826,0.6643068800944826
detection,29,window_size_bwd_sum,-0.6641619158353483,0.6641619158353483
detection,29,ece_flag_cnt_sum,0.65829562494583,0.65829562494583
detection,29,rst_flag_cnt_sum,0.6574733100275048,0.6574733100275048
detection,29,pkt_len_std_std,0.6385907541582878,0.6385907541582878
detection,29,bwd_iat_tot_mean,-0.6257625213047951,0.6257625213047951
detection,29,byte_count_bwd_mean,-0.6251363626380354,0.6251363626380354
detection,29,ece_flag_cnt_std,0.6198786231777226,0.6198786231777226
detection,29,byte_count_fwd_std,-0.6185188893789993,0.6185188893789993
detection,29,psh_flag_cnt_mean,0.6129206600943972,0.6129206600943972
detection,29,fwd_header_len_sum,0.6046044246956276,0.6046044246956276
detection,29,rst_flag_cnt_std,0.5939710327975289,0.5939710327975289
detection,29,pkt_len_var_sum,0.5852240033364721,0.5852240033364721
detection,29,flow_iat_max_std,-0.5800756250540633,0.5800756250540633
detection,29,urg_flag_cnt_std,0.5748742010080454,0.5748742010080454
detection,29,pkt_payload_size_p75,-0.5717014666281229,0.5717014666281229
detection,29,active_std_sum,-0.5689984050185555,0.5689984050185555
detection,29,window_size_bwd_max,0.5639202892800377,0.5639202892800377
detection,29,fwd_seg_size_min_std,-0.5541508239517563,0.5541508239517563
detection,29,pkt_frag_df_count,0.55102607034,0.55102607034
detection,29,subflow_fwd_byts_mean,-0.5477030681699042,0.5477030681699042
detection,29,pkt_len_max_mean,-0.5323449561981886,0.5323449561981886
detection,29,bwd_iat_mean_max,-0.5253152054772023,0.5253152054772023
detection,29,fwd_pkt_len_max_max,0.5188538833094496,0.5188538833094496
detection,29,bwd_pkt_len_mean_sum,0.5182291739503421,0.5182291739503421
detection,29,bwd_seg_size_avg_sum,0.5182291739498738,0.5182291739498738
detection,29,bwd_iat_mean_mean,0.4985147129676527,0.4985147129676527
detection,29,idle_std_mean,0.4948967187295285,0.4948967187295285
detection,29,subflow_bwd_byts_max,0.4926829826654743,0.4926829826654743
detection,29,byte_count_bwd_sum,-0.4829542069204348,0.4829542069204348
detection,29,flow_iat_std_sum,-0.4825955271191022,0.4825955271191022
detection,29,fwd_iat_std_mean,0.4824989940480974,0.4824989940480974
detection,29,subflow_fwd_byts_sum,0.4761344828816888,0.4761344828816888
detection,29,subflow_fwd_pkts_sum,0.4747491925832166,0.4747491925832166
detection,29,ack_flag_cnt_sum,0.4712234677696905,0.4712234677696905
detection,29,down_up_ratio_max,0.4672317993517808,0.4672317993517808
detection,29,active_std_mean,-0.453881614184007,0.453881614184007
detection,29,idle_max_mean,0.4533720312866052,0.4533720312866052
detection,29,active_max_std,0.4355182718681431,0.4355182718681431
detection,29,window_size_fwd_mean,0.4343502210877361,0.4343502210877361
detection,29,idle_min_std,-0.4217822730830848,0.4217822730830848
detection,29,bwd_header_len_max,0.4158447063585354,0.4158447063585354
detection,29,fwd_iat_min_std,-0.4114259908192804,0.4114259908192804
detection,29,down_up_ratio_mean,0.4058092234754287,0.4058092234754287
detection,29,mask_has_packet_level_features,-0.403920289765573,0.403920289765573
detection,29,pkt_ttl_max,-0.403920289765573,0.403920289765573
detection,29,fwd_pkt_len_std_sum,0.4011712884163048,0.4011712884163048
detection,29,fwd_pkt_len_mean_sum,0.3933492012376035,0.3933492012376035
detection,29,fwd_seg_size_avg_sum,0.3933492012376035,0.3933492012376035
detection,29,pkt_len_var_mean,-0.3915246567095576,0.3915246567095576
detection,29,fwd_iat_tot_std,0.3848848670409059,0.3848848670409059
detection,29,down_up_ratio_sum,0.3841605377752183,0.3841605377752183
detection,29,fwd_iat_std_sum,0.3817392695447128,0.3817392695447128
detection,29,bwd_header_len_std,-0.3802937210549065,0.3802937210549065
detection,29,pkt_ttl_std,0.3785554900177869,0.3785554900177869
detection,29,pkt_ttl_mode,0.374917600709909,0.374917600709909
detection,29,pkt_len_mean_sum,0.3729680451719483,0.3729680451719483
detection,29,fwd_pkts_per_sec_max,-0.3688170409645843,0.3688170409645843
detection,29,fwd_pkt_len_max_sum,0.3665683459137281,0.3665683459137281
detection,29,fwd_pkts_per_sec_sum,0.3653105832795857,0.3653105832795857
detection,29,pkt_len_max_max,0.3651084062541433,0.3651084062541433
detection,29,subflow_bwd_pkts_std,-0.3642972644999205,0.3642972644999205
detection,29,bwd_pkt_len_min_std,-0.3562541915374543,0.3562541915374543
detection,29,duration_microsec_std,0.3557775570516384,0.3557775570516384
detection,29,fwd_iat_max_sum,0.3469151833164812,0.3469151833164812
detection,29,pkt_len_mean_std,0.3438121950318824,0.3438121950318824
detection,29,pkt_len_min_max,-0.3393000761288636,0.3393000761288636
detection,29,pkt_size_avg_sum,0.3348348542125381,0.3348348542125381
detection,29,fwd_pkts_per_sec_mean,0.332867606502079,0.332867606502079
detection,29,packets_per_sec_max,-0.3279622329777392,0.3279622329777392
detection,29,packet_count_bwd_max,0.3250547684377757,0.3250547684377757
detection,29,fwd_iat_std_std,0.3236852864034166,0.3236852864034166
detection,29,active_min_std,-0.3205613323124447,0.3205613323124447
detection,29,fwd_urg_flags_std,0.3171976054865401,0.3171976054865401
detection,29,cwe_flag_cnt_std,0.3171976054865401,0.3171976054865401
detection,29,packet_count_fwd_std,-0.3165185698442631,0.3165185698442631
detection,29,pkt_len_max_sum,0.3132880414035515,0.3132880414035515
detection,29,flow_iat_min_sum,0.3116389509847002,0.3116389509847002
detection,29,fwd_iat_min_max,0.3092774898588693,0.3092774898588693
detection,29,pkt_size_avg_max,0.3088340983438442,0.3088340983438442
detection,29,fwd_act_data_pkts_max,-0.3041938616269488,0.3041938616269488
detection,29,pkt_len_std_sum,0.2955071344233181,0.2955071344233181
detection,29,flow_iat_max_mean,-0.2937944548626215,0.2937944548626215
detection,29,active_mean_std,-0.2910218197631313,0.2910218197631313
detection,29,fwd_iat_max_max,-0.2893626426522757,0.2893626426522757
detection,29,fwd_iat_min_sum,0.2837288842085465,0.2837288842085465
detection,29,subflow_bwd_pkts_sum,-0.2779161740249753,0.2779161740249753
detection,29,active_std_max,0.2777758892741135,0.2777758892741135
detection,29,packets_per_sec_sum,-0.2773115244883261,0.2773115244883261
detection,29,fwd_iat_mean_max,0.272757375043493,0.272757375043493
detection,29,active_max_mean,-0.2712429386731948,0.2712429386731948
detection,29,duration_sec_sum,-0.2707610900569681,0.2707610900569681
detection,29,duration_microsec_max,0.2704019562487196,0.2704019562487196
detection,29,fwd_act_data_pkts_mean,-0.266778619403834,0.266778619403834
detection,29,active_std_std,-0.2647433665773603,0.2647433665773603
detection,29,subflow_bwd_byts_std,-0.2644303158775525,0.2644303158775525
detection,29,bwd_iat_tot_max,-0.2639999097317259,0.2639999097317259
detection,29,idle_mean_mean,0.262985547539138,0.262985547539138
detection,29,bwd_pkts_per_sec_max,-0.2610058250485987,0.2610058250485987
detection,29,fwd_seg_size_min_sum,0.2536368753067604,0.2536368753067604
detection,29,packets_per_sec_mean,-0.252905985190946,0.252905985190946
detection,29,subflow_fwd_pkts_mean,0.2523087096821539,0.2523087096821539
detection,29,fwd_seg_size_avg_mean,-0.251332115895898,0.251332115895898
detection,29,fwd_pkt_len_mean_mean,-0.251332115895898,0.251332115895898
detection,29,packets_per_sec_min,-0.2502788928788068,0.2502788928788068
detection,29,pkt_len_var_max,0.2485765582779512,0.2485765582779512
detection,29,bwd_pkts_per_sec_mean,-0.247220382287408,0.247220382287408
detection,29,flow_iat_max_max,0.2384870373179521,0.2384870373179521
detection,29,flow_iat_mean_sum,0.2357957414683604,0.2357957414683604
detection,29,fwd_iat_std_max,0.2317720372596312,0.2317720372596312
detection,29,idle_mean_std,-0.2304408514443782,0.2304408514443782
detection,29,flow_iat_std_mean,-0.2259527957777165,0.2259527957777165
detection,29,bwd_pkt_len_max_sum,0.2251091086861128,0.2251091086861128
detection,29,duration_sec_max,0.2247706547053201,0.2247706547053201
detection,29,fwd_pkt_len_std_max,-0.2227072482726823,0.2227072482726823
detection,29,byte_count_fwd_sum,-0.2205324239507383,0.2205324239507383
detection,29,flow_iat_std_max,-0.2163593411058576,0.2163593411058576
detection,29,fwd_header_len_max,0.2091539520369039,0.2091539520369039
detection,29,fwd_urg_flags_mean,-0.2036200420027677,0.2036200420027677
detection,29,cwe_flag_cnt_mean,-0.2036200420027677,0.2036200420027677
detection,29,active_mean_mean,-0.1972007806672305,0.1972007806672305
detection,29,bwd_iat_std_std,0.1893801180112768,0.1893801180112768
detection,29,window_size_fwd_max,-0.188902376932486,0.188902376932486
detection,29,packet_count_fwd_sum,-0.1883308222807458,0.1883308222807458
detection,29,bwd_iat_std_sum,0.1879850882601399,0.1879850882601399
detection,29,fwd_pkt_len_max_mean,0.1834205003866376,0.1834205003866376
detection,29,flow_iat_max_sum,0.183155111402216,0.183155111402216
detection,29,bytes_per_sec_std,0.1804726614128231,0.1804726614128231
detection,29,idle_max_sum,0.1787968560930165,0.1787968560930165
detection,29,idle_max_max,-0.1767113157707177,0.1767113157707177
detection,29,pkt_ttl_min,-0.1701024780358794,0.1701024780358794
detection,29,active_max_max,0.1678496573916212,0.1678496573916212
detection,29,window_size_fwd_sum,0.1674648239651755,0.1674648239651755
detection,29,fin_flag_cnt_max,0.1666822503259384,0.1666822503259384
detection,29,fwd_seg_size_min_min,-0.1643094893946543,0.1643094893946543
detection,29,bwd_header_len_mean,-0.1625927678469276,0.1625927678469276
detection,29,unique_protocols_count,0.1619843580393516,0.1619843580393516
detection,29,bwd_iat_tot_sum,-0.1618867194032895,0.1618867194032895
detection,29,pkt_size_avg_std,0.1611027316645116,0.1611027316645116
detection,29,bwd_pkt_len_max_max,-0.1606501758831285,0.1606501758831285
detection,29,subflow_fwd_byts_std,0.1598007089461137,0.1598007089461137
detection,29,pkt_len_min_sum,-0.158254668711988,0.158254668711988
detection,29,active_min_sum,0.1571017047903993,0.1571017047903993
detection,29,bwd_pkt_len_min_sum,0.1539581857352827,0.1539581857352827
detection,29,bwd_header_len_sum,-0.1539570413534423,0.1539570413534423
detection,29,subflow_fwd_pkts_std,-0.1537957871059972,0.1537957871059972
detection,29,pkt_payload_size_p50,-0.1522292806857402,0.1522292806857402
detection,29,bwd_iat_max_sum,-0.1516129497257692,0.1516129497257692
detection,29,packet_count_bwd_min,-0.1502055751213807,0.1502055751213807
detection,29,flow_iat_mean_std,-0.1484325054597665,0.1484325054597665
detection,29,subflow_bwd_pkts_max,0.1472346729561995,0.1472346729561995
detection,29,fwd_pkts_per_sec_std,0.147051530488302,0.147051530488302
detection,29,fwd_iat_mean_mean,-0.1461328576429826,0.1461328576429826
detection,29,flow_count,0.1437166248506459,0.1437166248506459
detection,29,fwd_pkt_len_min_sum,-0.1436989785203858,0.1436989785203858
detection,29,flow_iat_mean_mean,0.1429126194070377,0.1429126194070377
detection,29,fwd_pkt_len_min_mean,-0.1386548796292643,0.1386548796292643
detection,29,fwd_psh_flags_std,-0.1383831744180341,0.1383831744180341
detection,29,syn_flag_cnt_std,-0.1383831744180341,0.1383831744180341
detection,29,fwd_iat_max_std,-0.1380331054555004,0.1380331054555004
detection,29,subflow_fwd_byts_max,0.1374343286641501,0.1374343286641501
detection,29,packet_count_bwd_sum,0.1361090348980672,0.1361090348980672
detection,29,ece_flag_cnt_max,-0.1357402766297679,0.1357402766297679
detection,29,rst_flag_cnt_max,-0.1357402766297679,0.1357402766297679
detection,29,subflow_fwd_pkts_max,-0.1328053742909105,0.1328053742909105
detection,29,ack_flag_cnt_mean,0.1326967641463617,0.1326967641463617
detection,29,ack_flag_cnt_max,-0.1318133871686141,0.1318133871686141
detection,29,fwd_iat_mean_sum,0.1293118076679909,0.1293118076679909
detection,29,bwd_iat_max_mean,-0.1287919257772846,0.1287919257772846
detection,29,bwd_pkt_len_mean_mean,0.1283869589070717,0.1283869589070717
detection,29,bwd_seg_size_avg_mean,0.1283869589032389,0.1283869589032389
detection,29,fwd_seg_size_min_max,-0.1275123284365487,0.1275123284365487
detection,29,fwd_iat_tot_sum,-0.1252583684839427,0.1252583684839427
detection,29,flow_iat_min_max,0.1218858470051628,0.1218858470051628
detection,29,bwd_iat_tot_std,-0.1208171102783756,0.1208171102783756
detection,29,fwd_urg_flags_max,0.1116386379058708,0.1116386379058708
detection,29,cwe_flag_cnt_max,0.1116386379058708,0.1116386379058708
detection,29,psh_flag_cnt_sum,0.1076655203665551,0.1076655203665551
detection,29,active_mean_max,0.1050514967102585,0.1050514967102585
detection,29,bwd_pkt_len_max_mean,0.1002882358747482,0.1002882358747482
detection,29,psh_flag_cnt_std,0.0975838690867651,0.0975838690867651
detection,29,unique_dst_ports_count,0.0971742600307652,0.0971742600307652
detection,29,bwd_pkt_len_mean_std,0.0967836872075069,0.0967836872075069
detection,29,bwd_seg_size_avg_std,0.0967836871886582,0.0967836871886582
detection,29,bwd_iat_min_sum,0.0922351038271405,0.0922351038271405
detection,29,idle_mean_sum,0.0884280635055321,0.0884280635055321
detection,29,fin_flag_cnt_mean,0.0875110419473716,0.0875110419473716
detection,29,duration_microsec_sum,-0.0864480405706565,0.0864480405706565
detection,29,urg_flag_cnt_sum,0.0853037796062213,0.0853037796062213
detection,29,bwd_iat_min_mean,-0.0839746596211469,0.0839746596211469
detection,29,subflow_bwd_pkts_mean,-0.0822567589061683,0.0822567589061683
detection,29,fwd_header_len_std,-0.0817678424124955,0.0817678424124955
detection,29,packet_count_fwd_mean,0.0813823086362637,0.0813823086362637
detection,29,rst_flag_cnt_mean,-0.0806684327975842,0.0806684327975842
detection,29,syn_flag_cnt_max,0.0802237663407899,0.0802237663407899
detection,29,fwd_psh_flags_max,0.0802237663407899,0.0802237663407899
detection,29,fwd_iat_max_mean,0.0791887252400074,0.0791887252400074
detection,29,idle_std_max,-0.0790635859487477,0.0790635859487477
detection,29,fwd_act_data_pkts_sum,-0.0778065183089256,0.0778065183089256
detection,29,duration_sec_mean,-0.0777547285753528,0.0777547285753528
detection,29,flow_iat_min_mean,0.0772266879703495,0.0772266879703495
detection,29,fwd_psh_flags_mean,-0.0761697275007225,0.0761697275007225
detection,29,syn_flag_cnt_mean,-0.0761697275007225,0.0761697275007225
detection,29,fwd_iat_min_mean,-0.0713596601736658,0.0713596601736658
detection,29,psh_flag_cnt_max,-0.0692081737581053,0.0692081737581053
detection,29,fwd_pkt_len_min_std,-0.066324184495629,0.066324184495629
detection,29,idle_std_std,0.0662143388766622,0.0662143388766622
detection,29,pkt_len_min_mean,0.0660965526109727,0.0660965526109727
detection,29,byte_count_bwd_min,0.0658772538760781,0.0658772538760781
detection,29,bwd_pkt_len_std_sum,0.0649553281667004,0.0649553281667004
detection,29,fwd_iat_tot_mean,-0.0641139570986273,0.0641139570986273
detection,29,pkt_len_max_min,0.0631478814436306,0.0631478814436306
detection,29,bwd_pkt_len_mean_min,0.0587145321288934,0.0587145321288934
detection,29,bwd_seg_size_avg_min,0.0587145321288934,0.0587145321288934
detection,29,idle_max_std,0.0564876795766344,0.0564876795766344
detection,29,duration_microsec_mean,-0.0561104639489706,0.0561104639489706
detection,29,pkt_len_std_min,0.0546727903896703,0.0546727903896703
detection,29,idle_mean_max,-0.0529504800690924,0.0529504800690924
detection,29,fwd_psh_flags_sum,-0.0525060808865162,0.0525060808865162
detection,29,syn_flag_cnt_sum,-0.0525060808865162,0.0525060808865162
detection,29,bwd_iat_min_min,-0.0520780601425874,0.0520780601425874
detection,29,bwd_pkt_len_max_min,0.0520286339511975,0.0520286339511975
detection,29,subflow_bwd_byts_min,0.0506495915612334,0.0506495915612334
detection,29,pkt_len_var_min,0.0494249326081994,0.0494249326081994
detection,29,bwd_iat_std_min,0.048709999052202,0.048709999052202
detection,29,duration_microsec_min,0.048476890394348,0.048476890394348
detection,29,bwd_pkt_len_std_min,0.0484716792935949,0.0484716792935949
detection,29,fwd_iat_tot_min,0.0484131722066334,0.0484131722066334
detection,29,pkt_len_std_max,0.04814721307496,0.04814721307496
detection,29,packet_count_fwd_min,0.0479429080893445,0.0479429080893445
detection,29,fwd_urg_flags_sum,0.0465503872454769,0.0465503872454769
detection,29,cwe_flag_cnt_sum,0.0465503872454769,0.0465503872454769
detection,29,flow_iat_min_std,0.0462938732398977,0.0462938732398977
detection,29,flow_iat_min_min,0.0461568594988896,0.0461568594988896
detection,29,fin_flag_cnt_std,0.0455927257468642,0.0455927257468642
detection,29,flow_iat_mean_min,0.045413783957,0.045413783957
detection,29,idle_min_max,-0.044934696212459,0.044934696212459
detection,29,fwd_pkt_len_std_min,0.0449320011249411,0.0449320011249411
detection,29,fwd_iat_mean_min,0.0442947237386787,0.0442947237386787
detection,29,duration_sec_min,0.0438113649980811,0.0438113649980811
detection,29,pkt_len_mean_min,0.0433216616145518,0.0433216616145518
detection,29,fwd_iat_max_min,0.042868956766743,0.042868956766743
detection,29,flow_iat_max_min,0.0427596096280978,0.0427596096280978
detection,29,pkt_size_avg_min,0.0423092971933865,0.0423092971933865
detection,29,idle_max_min,0.0422604002506889,0.0422604002506889
detection,29,window_size_bwd_min,0.0418822195492527,0.0418822195492527
detection,29,fwd_iat_tot_max,0.0414494775102706,0.0414494775102706
detection,29,subflow_fwd_pkts_min,0.0413510464756476,0.0413510464756476
detection,29,fwd_iat_min_min,0.041260286259799,0.041260286259799
detection,29,active_min_mean,0.041260148437499,0.041260148437499
detection,29,bwd_iat_tot_min,0.0411104590781881,0.0411104590781881
detection,29,ece_flag_cnt_mean,-0.0401167465653952,0.0401167465653952
detection,29,idle_mean_min,0.0384424226189948,0.0384424226189948
detection,29,subflow_bwd_pkts_min,-0.038297452130003,0.038297452130003
detection,29,fwd_pkts_per_sec_min,-0.0373269958299653,0.0373269958299653
detection,29,idle_min_sum,0.0371541824232156,0.0371541824232156
detection,29,subflow_bwd_byts_mean,-0.0366257852689142,0.0366257852689142
detection,29,idle_min_mean,-0.036110195441376,0.036110195441376
detection,29,window_size_fwd_min,0.0339266511653914,0.0339266511653914
detection,29,fwd_pkt_len_min_min,0.0332548459533705,0.0332548459533705
detection,29,idle_std_sum,0.0327278449970073,0.0327278449970073
detection,29,idle_min_min,0.0323847054034793,0.0323847054034793
detection,29,pkt_len_min_min,0.0309602712021593,0.0309602712021593
detection,29,active_min_max,0.0307154566303403,0.0307154566303403
detection,29,active_min_min,0.0306682728539905,0.0306682728539905
detection,29,bwd_iat_max_min,0.030435833799465,0.030435833799465
detection,29,fwd_seg_size_avg_min,0.0301890975677746,0.0301890975677746
detection,29,fwd_pkt_len_mean_min,0.0301890975677746,0.0301890975677746
detection,29,active_mean_min,0.0298314427738986,0.0298314427738986
detection,29,fwd_pkt_len_min_max,-0.0294563946980135,0.0294563946980135
detection,29,active_max_min,0.0284651805912667,0.0284651805912667
detection,29,psh_flag_cnt_min,0.0279953923625303,0.0279953923625303
detection,29,bwd_pkts_per_sec_min,0.0276078249992528,0.0276078249992528
detection,29,down_up_ratio_min,0.027276173063612,0.027276173063612
detection,29,fwd_pkt_len_max_min,0.0266698106818455,0.0266698106818455
detection,29,active_std_min,0.0256536092840023,0.0256536092840023
detection,29,bwd_pkt_len_min_max,-0.0252743719167895,0.0252743719167895
detection,29,subflow_fwd_byts_min,0.0250375547334236,0.0250375547334236
detection,29,idle_std_min,0.0247742809861719,0.0247742809861719
detection,29,bwd_iat_std_max,-0.0234326021880157,0.0234326021880157
detection,29,flow_iat_std_min,0.0233737288845768,0.0233737288845768
detection,29,fwd_seg_size_avg_std,-0.023045188516766,0.023045188516766
detection,29,fwd_pkt_len_mean_std,-0.023045188516766,0.023045188516766
detection,29,fwd_iat_std_min,0.0226195444169498,0.0226195444169498
detection,29,fwd_psh_flags_min,0.0226175262228274,0.0226175262228274
detection,29,ack_flag_cnt_min,0.0226175262228274,0.0226175262228274
detection,29,syn_flag_cnt_min,0.0226175262228274,0.0226175262228274
detection,29,packets_per_sec_std,0.0216250110952757,0.0216250110952757
detection,29,fwd_seg_size_avg_max,0.020931674436665,0.020931674436665
detection,29,fwd_pkt_len_mean_max,0.020931674436665,0.020931674436665
detection,29,bytes_per_sec_min,0.018804997071879,0.018804997071879
detection,29,fwd_act_data_pkts_std,-0.0181995022134661,0.0181995022134661
detection,29,bwd_header_len_min,0.0180518179336538,0.0180518179336538
detection,29,packet_count_fwd_max,0.0169858133431072,0.0169858133431072
detection,29,pkt_payload_size_p25,-0.0159948194794504,0.0159948194794504
detection,29,fwd_act_data_pkts_min,0.0114020221265797,0.0114020221265797
detection,29,bwd_iat_max_max,0.0112070054055978,0.0112070054055978
detection,29,flow_iat_mean_max,-0.0111422219186341,0.0111422219186341
detection,29,bwd_iat_mean_min,-0.006543182314543,0.006543182314543
detection,29,fwd_header_len_min,-0.0058379449152343,0.0058379449152343
detection,29,fin_flag_cnt_sum,0.0055903432868131,0.0055903432868131
detection,29,byte_count_fwd_min,0.0048867971835253,0.0048867971835253
detection,29,byte_count_fwd_mean,-0.0026378571645796,0.0026378571645796
detection,29,pkt_len_var_std,-0.0019325975713746,0.0019325975713746
detection,29,fwd_byts_b_avg_max,0.0,0.0
detection,29,mask_has_flow_timing_features,0.0,0.0
detection,29,mask_has_traffic_volume_features,0.0,0.0
detection,29,fin_flag_cnt_min,0.0,0.0
detection,29,rst_flag_cnt_min,0.0,0.0
detection,29,mask_has_identity_auth,0.0,0.0
detection,29,fwd_byts_b_avg_min,0.0,0.0
detection,29,fwd_byts_b_avg_sum,0.0,0.0
detection,29,fwd_byts_b_avg_std,0.0,0.0
detection,29,fwd_byts_b_avg_mean,0.0,0.0
detection,29,ece_flag_cnt_min,0.0,0.0
detection,29,urg_flag_cnt_min,0.0,0.0
detection,29,cwe_flag_cnt_min,0.0,0.0
detection,29,bwd_urg_flags_max,0.0,0.0
detection,29,mask_has_graph_topology,0.0,0.0
detection,29,pkt_frag_mf_count,0.0,0.0
detection,29,mask_has_tcp_flags,0.0,0.0
detection,29,bwd_pkts_b_avg_max,0.0,0.0
detection,29,bwd_blk_rate_avg_max,0.0,0.0
detection,29,bwd_blk_rate_avg_sum,0.0,0.0
detection,29,bwd_pkts_b_avg_sum,0.0,0.0
detection,29,fwd_pkts_b_avg_std,0.0,0.0
detection,29,fwd_pkts_b_avg_sum,0.0,0.0
detection,29,fwd_pkts_b_avg_mean,0.0,0.0
detection,29,bwd_blk_rate_avg_min,0.0,0.0
detection,29,bwd_pkts_b_avg_min,0.0,0.0
detection,29,bwd_blk_rate_avg_mean,0.0,0.0
detection,29,bwd_blk_rate_avg_std,0.0,0.0
detection,29,fwd_pkts_b_avg_min,0.0,0.0
detection,29,fwd_blk_rate_avg_min,0.0,0.0
detection,29,fwd_blk_rate_avg_max,0.0,0.0
detection,29,bwd_byts_b_avg_mean,0.0,0.0
detection,29,bwd_byts_b_avg_std,0.0,0.0
detection,29,fwd_pkts_b_avg_max,0.0,0.0
detection,29,fwd_blk_rate_avg_mean,0.0,0.0
detection,29,fwd_blk_rate_avg_std,0.0,0.0
detection,29,fwd_blk_rate_avg_sum,0.0,0.0
detection,29,bwd_pkts_b_avg_mean,0.0,0.0
detection,29,bwd_byts_b_avg_max,0.0,0.0
detection,29,bwd_byts_b_avg_min,0.0,0.0
detection,29,bwd_byts_b_avg_sum,0.0,0.0
detection,29,bwd_psh_flags_std,0.0,0.0
detection,29,bwd_psh_flags_sum,0.0,0.0
detection,29,bwd_pkts_b_avg_std,0.0,0.0
detection,29,bwd_psh_flags_mean,0.0,0.0
detection,29,bwd_psh_flags_max,0.0,0.0
detection,29,bwd_psh_flags_min,0.0,0.0
detection,29,fwd_urg_flags_min,0.0,0.0
detection,29,bwd_urg_flags_mean,0.0,0.0
detection,29,bwd_urg_flags_std,0.0,0.0
detection,29,bwd_urg_flags_sum,0.0,0.0
detection,29,bwd_urg_flags_min,0.0,0.0
detection,29,bwd_pkt_len_min_min,0.0,0.0
detection,3,window_size_bwd_std,1.8755007666359724,1.8755007666359724
detection,3,pkt_len_var_std,-1.7605746062686942,1.7605746062686942
detection,3,bwd_seg_size_avg_max,1.7491737602366044,1.7491737602366044
detection,3,bwd_pkt_len_mean_max,1.7491737602364883,1.7491737602364883
detection,3,pkt_len_var_max,-1.6765478969415075,1.6765478969415075
detection,3,bwd_iat_std_mean,1.6377577248078283,1.6377577248078283
detection,3,pkt_tcp_retrans_count,1.6063252488272557,1.6063252488272557
detection,3,fwd_pkt_len_std_mean,1.5782792743711629,1.5782792743711629
detection,3,flow_iat_std_std,-1.5262224055286469,1.5262224055286469
detection,3,pkt_port_scan_seq_score,1.49988515780771,1.49988515780771
detection,3,byte_count_fwd_max,1.4721518613466886,1.4721518613466886
detection,3,bwd_pkt_len_std_mean,-1.3961057395635112,1.3961057395635112
detection,3,pkt_len_var_mean,-1.369888524774102,1.369888524774102
detection,3,bwd_pkt_len_std_max,1.3416108009119512,1.3416108009119512
detection,3,bytes_per_sec_mean,-1.335704967250828,1.335704967250828
detection,3,fwd_pkt_len_max_std,-1.3028881525201574,1.3028881525201574
detection,3,byte_count_bwd_std,-1.2336484383009083,1.2336484383009083
detection,3,fwd_seg_size_min_mean,1.225910008928151,1.225910008928151
detection,3,window_size_fwd_std,-1.1990713371327535,1.1990713371327535
detection,3,pkt_len_min_std,1.0697778673879017,1.0697778673879017
detection,3,bwd_pkt_len_std_std,1.0356484841397529,1.0356484841397529
detection,3,bytes_per_sec_max,1.0334390932496331,1.0334390932496331
detection,3,pkt_len_std_mean,-0.9885569416605988,0.9885569416605988
detection,3,packet_count_bwd_std,0.9578436618396944,0.9578436618396944
detection,3,ack_flag_cnt_std,0.9525121540998503,0.9525121540998503
detection,3,bwd_iat_min_max,0.9502364968812682,0.9502364968812682
detection,3,byte_count_bwd_max,-0.9058401130612768,0.9058401130612768
detection,3,byte_count_fwd_std,-0.8769907208664832,0.8769907208664832
detection,3,pkt_len_mean_max,-0.8733067851062092,0.8733067851062092
detection,3,pkt_payload_size_p95,-0.8570296184580874,0.8570296184580874
detection,3,bytes_per_sec_sum,-0.8535473233764992,0.8535473233764992
detection,3,ece_flag_cnt_sum,0.8481040847644821,0.8481040847644821
detection,3,rst_flag_cnt_sum,0.8472234683602771,0.8472234683602771
detection,3,pkt_frag_df_count,0.8030659756170181,0.8030659756170181
detection,3,bwd_iat_max_std,-0.7962873640745757,0.7962873640745757
detection,3,fwd_pkt_len_std_std,0.7768717993125244,0.7768717993125244
detection,3,bwd_pkts_per_sec_mean,-0.7744216796373403,0.7744216796373403
detection,3,flow_iat_max_std,-0.7696561350757977,0.7696561350757977
detection,3,fwd_iat_std_std,0.7284388577521365,0.7284388577521365
detection,3,pkt_len_max_mean,-0.7273815855986702,0.7273815855986702
detection,3,bwd_pkt_len_min_mean,0.7059199964507379,0.7059199964507379
detection,3,subflow_bwd_byts_sum,-0.7049918357723867,0.7049918357723867
detection,3,ece_flag_cnt_std,0.7049170883759747,0.7049170883759747
detection,3,down_up_ratio_std,-0.6949786880388894,0.6949786880388894
detection,3,bwd_iat_min_std,-0.6912840895426825,0.6912840895426825
detection,3,bwd_iat_tot_mean,-0.6907000715677721,0.6907000715677721
detection,3,pkt_len_max_std,-0.6895648316506214,0.6895648316506214
detection,3,urg_flag_cnt_mean,-0.683140973700708,0.683140973700708
detection,3,rst_flag_cnt_std,0.6806827629680677,0.6806827629680677
detection,3,active_max_sum,0.6791925866725584,0.6791925866725584
detection,3,idle_min_std,-0.6610997358407246,0.6610997358407246
detection,3,packets_per_sec_mean,-0.6577067785005157,0.6577067785005157
detection,3,duration_sec_std,0.6542237398854336,0.6542237398854336
detection,3,active_mean_sum,-0.6494736238962204,0.6494736238962204
detection,3,fwd_pkt_len_max_max,0.6494102929191086,0.6494102929191086
detection,3,fwd_iat_mean_std,-0.6296988285946011,0.6296988285946011
detection,3,pkt_payload_size_p75,-0.6280983030985661,0.6280983030985661
detection,3,bwd_pkts_per_sec_std,0.6277087492698343,0.6277087492698343
detection,3,active_std_sum,-0.6198576658361662,0.6198576658361662
detection,3,subflow_bwd_byts_max,0.6167748845801159,0.6167748845801159
detection,3,bwd_iat_mean_max,-0.6140660779974865,0.6140660779974865
detection,3,pkt_len_mean_mean,-0.5963021367635725,0.5963021367635725
detection,3,fwd_pkts_per_sec_std,0.5821770573711247,0.5821770573711247
detection,3,pkt_size_avg_mean,-0.578873756622981,0.578873756622981
detection,3,bwd_pkt_len_min_std,-0.5759143011323226,0.5759143011323226
detection,3,bwd_header_len_std,-0.5636680798636158,0.5636680798636158
detection,3,subflow_bwd_byts_mean,-0.5490351325695524,0.5490351325695524
detection,3,urg_flag_cnt_std,0.5472831822312271,0.5472831822312271
detection,3,bwd_iat_mean_sum,-0.5444112567418162,0.5444112567418162
detection,3,pkt_len_var_sum,0.5378816572840522,0.5378816572840522
detection,3,psh_flag_cnt_max,-0.5356082755714993,0.5356082755714993
detection,3,bwd_iat_mean_mean,0.5182982760598801,0.5182982760598801
detection,3,bwd_iat_mean_std,0.5146896454737961,0.5146896454737961
detection,3,packet_count_fwd_mean,0.5119189486214155,0.5119189486214155
detection,3,fwd_pkts_per_sec_max,-0.5094932467577399,0.5094932467577399
detection,3,subflow_bwd_pkts_std,-0.5025733445461623,0.5025733445461623
detection,3,packet_count_bwd_mean,0.5014805133917745,0.5014805133917745
detection,3,bwd_iat_std_std,0.4986745427509763,0.4986745427509763
detection,3,subflow_bwd_byts_std,-0.4748319880791571,0.4748319880791571
detection,3,ack_flag_cnt_max,-0.4741421549505407,0.4741421549505407
detection,3,idle_mean_std,-0.4663991042906063,0.4663991042906063
detection,3,duration_microsec_max,0.4653107372059541,0.4653107372059541
detection,3,flow_iat_min_sum,0.4635616579849396,0.4635616579849396
detection,3,bwd_pkt_len_mean_sum,0.4586140005167922,0.4586140005167922
detection,3,bwd_seg_size_avg_sum,0.4586140005166131,0.4586140005166131
detection,3,duration_microsec_std,0.4490724612462345,0.4490724612462345
detection,3,fwd_pkt_len_mean_sum,0.4459726625223158,0.4459726625223158
detection,3,fwd_seg_size_avg_sum,0.4459726625223158,0.4459726625223158
detection,3,window_size_bwd_mean,-0.4449447543977832,0.4449447543977832
detection,3,mask_has_packet_level_features,-0.4435707582795618,0.4435707582795618
detection,3,pkt_ttl_max,-0.4435707582795618,0.4435707582795618
detection,3,fwd_pkt_len_std_sum,0.4429033311190047,0.4429033311190047
detection,3,bwd_header_len_max,0.4408982220422791,0.4408982220422791
detection,3,fwd_pkt_len_max_sum,0.4402699880690713,0.4402699880690713
detection,3,bwd_iat_tot_std,-0.4402036222677112,0.4402036222677112
detection,3,window_size_bwd_sum,-0.4378404727536107,0.4378404727536107
detection,3,packets_per_sec_sum,-0.4375340343161545,0.4375340343161545
detection,3,unique_dst_ports_count,0.4321465118327292,0.4321465118327292
detection,3,fwd_iat_max_std,-0.4260054032508617,0.4260054032508617
detection,3,fwd_iat_min_max,0.4222852723844624,0.4222852723844624
detection,3,urg_flag_cnt_max,0.4206406217940346,0.4206406217940346
detection,3,pkt_ttl_std,0.4168803282686533,0.4168803282686533
detection,3,fwd_pkts_per_sec_sum,0.4152144835271507,0.4152144835271507
detection,3,flow_iat_mean_sum,0.4132309956241167,0.4132309956241167
detection,3,pkt_ttl_mode,0.4128815239451188,0.4128815239451188
detection,3,down_up_ratio_max,0.4125792720691407,0.4125792720691407
detection,3,psh_flag_cnt_std,-0.4046719071202664,0.4046719071202664
detection,3,fwd_iat_min_sum,0.4034501545330835,0.4034501545330835
detection,3,fwd_iat_max_max,-0.4002883306321909,0.4002883306321909
detection,3,fwd_iat_min_std,-0.3932836630433803,0.3932836630433803
detection,3,ack_flag_cnt_sum,0.3896746020048685,0.3896746020048685
detection,3,idle_std_mean,0.380506172962757,0.380506172962757
detection,3,fwd_iat_mean_max,0.3803008054235995,0.3803008054235995
detection,3,bwd_iat_tot_max,-0.3793714575498381,0.3793714575498381
detection,3,fwd_iat_tot_std,0.3767451077604865,0.3767451077604865
detection,3,fwd_iat_std_max,0.376694862271709,0.376694862271709
detection,3,bytes_per_sec_std,0.3746861390827318,0.3746861390827318
detection,3,bwd_iat_max_sum,-0.374327005190689,0.374327005190689
detection,3,active_mean_std,-0.372415611525282,0.372415611525282
detection,3,bwd_pkt_len_max_std,0.3696245216183513,0.3696245216183513
detection,3,bwd_pkt_len_mean_mean,0.3653359103211246,0.3653359103211246
detection,3,bwd_seg_size_avg_mean,0.3653359103200466,0.3653359103200466
detection,3,window_size_bwd_max,0.3649963568194026,0.3649963568194026
detection,3,pkt_len_max_sum,0.3602580985235072,0.3602580985235072
detection,3,bwd_pkts_per_sec_sum,-0.3553599896094216,0.3553599896094216
detection,3,pkt_len_mean_sum,0.3420150205505156,0.3420150205505156
detection,3,rst_flag_cnt_max,-0.3335453427783325,0.3335453427783325
detection,3,ece_flag_cnt_max,-0.3335453427783325,0.3335453427783325
detection,3,fwd_act_data_pkts_std,0.3314167032677313,0.3314167032677313
detection,3,fwd_iat_max_sum,0.3284220055312539,0.3284220055312539
detection,3,pkt_len_min_max,-0.3249601401846052,0.3249601401846052
detection,3,idle_max_mean,0.323866382758488,0.323866382758488
detection,3,active_max_std,0.322014463868947,0.322014463868947
detection,3,pkt_len_max_max,0.3151874275070708,0.3151874275070708
detection,3,pkt_len_std_sum,0.3122674937495282,0.3122674937495282
detection,3,pkt_size_avg_sum,0.3101598132338686,0.3101598132338686
detection,3,flow_iat_min_mean,0.3097717103685746,0.3097717103685746
detection,3,subflow_fwd_pkts_std,0.3075271201834654,0.3075271201834654
detection,3,flow_iat_std_mean,-0.3061042466339486,0.3061042466339486
detection,3,flow_iat_mean_mean,0.30295621799377,0.30295621799377
detection,3,fwd_act_data_pkts_max,0.2969753708379223,0.2969753708379223
detection,3,bwd_pkt_len_mean_std,0.2967937608439495,0.2967937608439495
detection,3,bwd_seg_size_avg_std,0.2967937608393727,0.2967937608393727
detection,3,active_std_max,0.2934276107418623,0.2934276107418623
detection,3,active_min_std,-0.2926060262968437,0.2926060262968437
detection,3,ack_flag_cnt_mean,0.2910757567333313,0.2910757567333313
detection,3,fwd_header_len_mean,0.2903259294698422,0.2903259294698422
detection,3,fwd_seg_size_min_sum,0.2901433712310753,0.2901433712310753
detection,3,fwd_act_data_pkts_mean,0.2900560118434793,0.2900560118434793
detection,3,subflow_fwd_pkts_mean,0.2896662246201637,0.2896662246201637
detection,3,bwd_iat_max_mean,-0.2873148491974507,0.2873148491974507
detection,3,fwd_header_len_std,0.2865423363420085,0.2865423363420085
detection,3,subflow_bwd_pkts_max,0.284192482308418,0.284192482308418
detection,3,bwd_iat_std_sum,0.2767717303534181,0.2767717303534181
detection,3,flow_iat_max_max,0.2762232210890871,0.2762232210890871
detection,3,pkt_len_mean_std,0.2756736662981501,0.2756736662981501
detection,3,subflow_fwd_byts_mean,0.2733606643264789,0.2733606643264789
detection,3,subflow_bwd_pkts_mean,-0.272317681437687,0.272317681437687
detection,3,fwd_pkt_len_mean_mean,-0.2710411686698489,0.2710411686698489
detection,3,fwd_seg_size_avg_mean,-0.2710411686698489,0.2710411686698489
detection,3,window_size_fwd_mean,0.26994524733465,0.26994524733465
detection,3,flow_iat_max_sum,0.2669397904976834,0.2669397904976834
detection,3,bwd_pkt_len_min_sum,0.2633584886712595,0.2633584886712595
detection,3,fwd_iat_mean_sum,0.2622504520061798,0.2622504520061798
detection,3,packets_per_sec_max,-0.2565938708145038,0.2565938708145038
detection,3,fwd_seg_size_min_std,-0.255599298666401,0.255599298666401
detection,3,packet_count_fwd_sum,0.2554600112146992,0.2554600112146992
detection,3,fwd_iat_std_sum,0.2531005020235548,0.2531005020235548
detection,3,fwd_pkt_len_min_sum,-0.2516770580913849,0.2516770580913849
detection,3,psh_flag_cnt_mean,0.2508903862633135,0.2508903862633135
detection,3,pkt_len_std_std,0.2471151695162613,0.2471151695162613
detection,3,bwd_pkt_len_max_sum,0.247070117644943,0.247070117644943
detection,3,flow_iat_std_max,-0.2447682923500996,0.2447682923500996
detection,3,flow_iat_mean_std,-0.2388382350909983,0.2388382350909983
detection,3,fwd_pkt_len_min_mean,-0.238212257575298,0.238212257575298
detection,3,flow_iat_std_sum,-0.2358362663764939,0.2358362663764939
detection,3,down_up_ratio_sum,0.2345080266429522,0.2345080266429522
detection,3,fwd_header_len_sum,0.2341798995422475,0.2341798995422475
detection,3,bwd_header_len_mean,-0.2323521497358221,0.2323521497358221
detection,3,fwd_iat_tot_sum,-0.2307626661112539,0.2307626661112539
detection,3,active_min_sum,0.2233124633405434,0.2233124633405434
detection,3,pkt_len_std_max,0.2222677542060741,0.2222677542060741
detection,3,pkt_len_min_sum,-0.2179212043444849,0.2179212043444849
detection,3,window_size_fwd_sum,0.2169773628782115,0.2169773628782115
detection,3,fin_flag_cnt_std,0.215954653206724,0.215954653206724
detection,3,subflow_fwd_byts_max,-0.2147332683761414,0.2147332683761414
detection,3,active_std_mean,-0.2140362095633164,0.2140362095633164
detection,3,bwd_pkts_per_sec_max,-0.2109867213796774,0.2109867213796774
detection,3,fwd_seg_size_min_min,-0.2089960195482084,0.2089960195482084
detection,3,fwd_pkt_len_std_max,-0.208890842869095,0.208890842869095
detection,3,subflow_fwd_byts_sum,0.20706626480498,0.20706626480498
detection,3,urg_flag_cnt_sum,-0.2022529049017284,0.2022529049017284
detection,3,idle_max_max,-0.2007046144322321,0.2007046144322321
detection,3,psh_flag_cnt_sum,0.1990519717658828,0.1990519717658828
detection,3,subflow_fwd_pkts_sum,0.1969616968311361,0.1969616968311361
detection,3,window_size_fwd_max,-0.1947823792864099,0.1947823792864099
detection,3,cwe_flag_cnt_max,0.1927466360043926,0.1927466360043926
detection,3,fwd_urg_flags_max,0.1927466360043926,0.1927466360043926
detection,3,idle_mean_mean,0.191667466150065,0.191667466150065
detection,3,fwd_act_data_pkts_sum,0.1879689888246586,0.1879689888246586
detection,3,pkt_ttl_min,-0.1864082260292196,0.1864082260292196
detection,3,fin_flag_cnt_max,0.1860332711614828,0.1860332711614828
detection,3,fwd_pkt_len_max_mean,0.1821025921753135,0.1821025921753135
detection,3,active_std_std,-0.1817307603262785,0.1817307603262785
detection,3,flow_iat_max_mean,-0.1806530194774063,0.1806530194774063
detection,3,fwd_iat_std_mean,0.1783555763559635,0.1783555763559635
detection,3,fwd_psh_flags_std,-0.1769491616939481,0.1769491616939481
detection,3,syn_flag_cnt_std,-0.1769491616939481,0.1769491616939481
detection,3,pkt_payload_size_p50,-0.1667510740342488,0.1667510740342488
detection,3,byte_count_fwd_min,0.165530046344131,0.165530046344131
detection,3,active_min_max,0.157689316847421,0.157689316847421
detection,3,cwe_flag_cnt_std,0.1557481539564406,0.1557481539564406
detection,3,fwd_urg_flags_std,0.1557481539564406,0.1557481539564406
detection,3,syn_flag_cnt_sum,-0.1495931168877713,0.1495931168877713
detection,3,fwd_psh_flags_sum,-0.1495931168877713,0.1495931168877713
detection,3,packet_count_fwd_max,-0.1438322016879991,0.1438322016879991
detection,3,idle_max_std,-0.143668649269767,0.143668649269767
detection,3,down_up_ratio_mean,0.137198930395001,0.137198930395001
detection,3,active_min_mean,0.1360922441404689,0.1360922441404689
detection,3,fwd_act_data_pkts_min,0.135281914164794,0.135281914164794
detection,3,flow_count,0.1338963846897946,0.1338963846897946
detection,3,fwd_pkt_len_min_std,0.1317085888260485,0.1317085888260485
detection,3,duration_microsec_sum,-0.1289385485125412,0.1289385485125412
detection,3,byte_count_fwd_sum,-0.1267575824906786,0.1267575824906786
detection,3,pkt_size_avg_std,0.1231677248259602,0.1231677248259602
detection,3,flow_iat_min_std,-0.1224982897946537,0.1224982897946537
detection,3,subflow_fwd_byts_std,0.1221533883877084,0.1221533883877084
detection,3,fwd_urg_flags_mean,-0.1203073471449187,0.1203073471449187
detection,3,cwe_flag_cnt_mean,-0.1203073471449187,0.1203073471449187
detection,3,duration_sec_sum,-0.1159430274775817,0.1159430274775817
detection,3,packets_per_sec_std,0.1147945093945224,0.1147945093945224
detection,3,pkt_size_avg_max,0.1132840684123727,0.1132840684123727
detection,3,fwd_iat_tot_max,0.1089516420617983,0.1089516420617983
detection,3,idle_max_sum,0.1081812705976296,0.1081812705976296
detection,3,bwd_header_len_sum,0.1069273175316711,0.1069273175316711
detection,3,packet_count_fwd_std,-0.1059901697463903,0.1059901697463903
detection,3,packets_per_sec_min,-0.1054263629763446,0.1054263629763446
detection,3,active_max_mean,-0.1028861723546784,0.1028861723546784
detection,3,fwd_iat_min_mean,0.0961498446075486,0.0961498446075486
detection,3,bwd_iat_min_min,-0.0954737968218022,0.0954737968218022
detection,3,packet_count_bwd_min,-0.0919218528669605,0.0919218528669605
detection,3,duration_microsec_min,0.0907015509040641,0.0907015509040641
detection,3,idle_min_mean,-0.0902874153694549,0.0902874153694549
detection,3,fwd_iat_tot_min,0.0889968234073523,0.0889968234073523
detection,3,idle_std_sum,0.0885067300528946,0.0885067300528946
detection,3,byte_count_bwd_sum,-0.0868201782991225,0.0868201782991225
detection,3,bwd_pkt_len_max_max,-0.0860573374365698,0.0860573374365698
detection,3,fwd_seg_size_min_max,-0.0854908886319453,0.0854908886319453
detection,3,packet_count_bwd_max,0.0805749073691207,0.0805749073691207
detection,3,active_mean_max,-0.0801302006061038,0.0801302006061038
detection,3,idle_mean_max,-0.077217886942474,0.077217886942474
detection,3,fwd_pkt_len_max_min,-0.0749182190950479,0.0749182190950479
detection,3,bwd_iat_std_max,-0.0731472303755248,0.0731472303755248
detection,3,active_max_max,0.0708067262455385,0.0708067262455385
detection,3,duration_sec_min,0.0630733849503425,0.0630733849503425
detection,3,bwd_iat_mean_min,-0.0619622732801017,0.0619622732801017
detection,3,flow_iat_min_max,0.0618497381867333,0.0618497381867333
detection,3,fwd_iat_std_min,-0.0595359669178353,0.0595359669178353
detection,3,idle_std_std,-0.0591422094610303,0.0591422094610303
detection,3,bwd_pkt_len_std_sum,0.0582473202668231,0.0582473202668231
detection,3,idle_min_max,-0.0568978615789292,0.0568978615789292
detection,3,subflow_fwd_pkts_max,0.0564154930275816,0.0564154930275816
detection,3,byte_count_bwd_mean,0.0550807791020842,0.0550807791020842
detection,3,duration_sec_max,0.0545645144137453,0.0545645144137453
detection,3,ece_flag_cnt_mean,0.0536443911749273,0.0536443911749273
detection,3,idle_min_min,-0.0536377759507151,0.0536377759507151
detection,3,byte_count_fwd_mean,-0.0527744803182381,0.0527744803182381
detection,3,bwd_pkt_len_mean_min,0.0526796712262989,0.0526796712262989
detection,3,bwd_seg_size_avg_min,0.0526796712262989,0.0526796712262989
detection,3,flow_iat_std_min,-0.0519774990892344,0.0519774990892344
detection,3,pkt_len_min_mean,-0.05151489462856,0.05151489462856
detection,3,syn_flag_cnt_mean,-0.0513274447755025,0.0513274447755025
detection,3,fwd_psh_flags_mean,-0.0513274447755025,0.0513274447755025
detection,3,fwd_urg_flags_sum,0.0509053719351565,0.0509053719351565
detection,3,cwe_flag_cnt_sum,0.0509053719351565,0.0509053719351565
detection,3,flow_iat_mean_max,-0.0504866113233988,0.0504866113233988
detection,3,window_size_fwd_min,0.046748617961414,0.046748617961414
detection,3,byte_count_bwd_min,0.0461907549515528,0.0461907549515528
detection,3,fwd_header_len_max,-0.0453355047758592,0.0453355047758592
detection,3,pkt_len_min_min,0.0451705465376152,0.0451705465376152
detection,3,fwd_pkt_len_min_min,0.0446286623590981,0.0446286623590981
detection,3,subflow_bwd_pkts_sum,-0.0441067834937536,0.0441067834937536
detection,3,bwd_pkt_len_max_min,0.0434009078782727,0.0434009078782727
detection,3,pkt_len_std_min,0.0433252526303083,0.0433252526303083
detection,3,pkt_len_var_min,0.0424672984499951,0.0424672984499951
detection,3,syn_flag_cnt_max,0.0418309475846749,0.0418309475846749
detection,3,fwd_psh_flags_max,0.0418309475846749,0.0418309475846749
detection,3,subflow_bwd_byts_min,0.0417578513560479,0.0417578513560479
detection,3,bwd_pkt_len_std_min,0.0416847818101729,0.0416847818101729
detection,3,fwd_iat_tot_mean,-0.0396958611994463,0.0396958611994463
detection,3,idle_min_sum,-0.0380908806429447,0.0380908806429447
detection,3,idle_mean_sum,0.0376832133473392,0.0376832133473392
detection,3,idle_std_min,-0.0363750496535298,0.0363750496535298
detection,3,duration_microsec_mean,0.0357493538483807,0.0357493538483807
detection,3,ack_flag_cnt_min,-0.0355082948206399,0.0355082948206399
detection,3,syn_flag_cnt_min,-0.0355082948206399,0.0355082948206399
detection,3,fwd_psh_flags_min,-0.0355082948206399,0.0355082948206399
detection,3,fwd_header_len_min,-0.0354262363598984,0.0354262363598984
detection,3,subflow_fwd_byts_min,-0.0352650420636572,0.0352650420636572
detection,3,packet_count_fwd_min,0.0351571333137374,0.0351571333137374
detection,3,bwd_pkt_len_max_mean,-0.0341765150669611,0.0341765150669611
detection,3,fin_flag_cnt_sum,0.0323318910990714,0.0323318910990714
detection,3,window_size_bwd_min,0.0322837084546832,0.0322837084546832
detection,3,subflow_bwd_pkts_min,-0.0303386228328024,0.0303386228328024
detection,3,fwd_pkt_len_std_min,0.0301268439310938,0.0301268439310938
detection,3,subflow_fwd_pkts_min,0.0289319786174485,0.0289319786174485
detection,3,fin_flag_cnt_mean,-0.0278610163964207,0.0278610163964207
detection,3,fwd_iat_max_mean,0.0254257010905397,0.0254257010905397
detection,3,fwd_iat_mean_mean,-0.0244287016176985,0.0244287016176985
detection,3,fwd_pkts_per_sec_min,0.024375141749833,0.024375141749833
detection,3,bwd_pkts_per_sec_min,0.024335895625068,0.024335895625068
detection,3,flow_iat_min_min,0.0239708461106306,0.0239708461106306
detection,3,bwd_iat_max_min,-0.0234784580264212,0.0234784580264212
detection,3,active_mean_mean,-0.0212115526032516,0.0212115526032516
detection,3,idle_mean_min,-0.0196216866832092,0.0196216866832092
detection,3,active_min_min,-0.0186463232846153,0.0186463232846153
detection,3,bwd_iat_max_max,-0.0173061312509414,0.0173061312509414
detection,3,bwd_iat_min_mean,0.0173048137345624,0.0173048137345624
detection,3,packet_count_bwd_sum,0.0171385779375979,0.0171385779375979
detection,3,pkt_payload_size_p25,-0.0169249045720982,0.0169249045720982
detection,3,flow_iat_mean_min,0.0165306495662616,0.0165306495662616
detection,3,psh_flag_cnt_min,0.0164409184244913,0.0164409184244913
detection,3,fwd_pkt_len_mean_std,-0.0159593386972769,0.0159593386972769
detection,3,fwd_seg_size_avg_std,-0.0159593386972769,0.0159593386972769
detection,3,pkt_len_mean_min,0.0148947189361064,0.0148947189361064
detection,3,active_std_min,0.0140187905302368,0.0140187905302368
detection,3,fwd_pkt_len_mean_max,-0.0125086106677596,0.0125086106677596
detection,3,fwd_seg_size_avg_max,-0.0125086106677596,0.0125086106677596
detection,3,rst_flag_cnt_mean,0.0118274051107253,0.0118274051107253
detection,3,fwd_iat_min_min,0.011493557855879,0.011493557855879
detection,3,duration_sec_mean,0.0114790138808729,0.0114790138808729
detection,3,bwd_pkt_len_min_max,0.0110204115454937,0.0110204115454937
detection,3,bwd_iat_tot_min,0.0102422240607099,0.0102422240607099
detection,3,fwd_iat_mean_min,0.0095541566308267,0.0095541566308267
detection,3,bytes_per_sec_min,0.0094377773833463,0.0094377773833463
detection,3,down_up_ratio_min,-0.0091494194794612,0.0091494194794612
detection,3,fwd_pkts_per_sec_mean,-0.009121037515342,0.009121037515342
detection,3,fwd_pkt_len_min_max,-0.0081671327035813,0.0081671327035813
detection,3,active_mean_min,-0.0073329510149062,0.0073329510149062
detection,3,bwd_header_len_min,0.0047080860886676,0.0047080860886676
detection,3,unique_protocols_count,0.0044073029045234,0.0044073029045234
detection,3,bwd_iat_min_sum,0.0042736283682395,0.0042736283682395
detection,3,idle_std_max,0.003586683231047,0.003586683231047
detection,3,pkt_size_avg_min,0.0032209294183111,0.0032209294183111
detection,3,pkt_len_max_min,0.002058852120306,0.002058852120306
detection,3,bwd_iat_std_min,-0.0005678780221571,0.0005678780221571
detection,3,fwd_iat_max_min,-0.0005094366301766,0.0005094366301766
detection,3,fwd_seg_size_avg_min,0.0003872251800501,0.0003872251800501
detection,3,fwd_pkt_len_mean_min,0.0003872251800501,0.0003872251800501
detection,3,active_max_min,-0.000269395549973,0.000269395549973
detection,3,idle_max_min,-0.0002578300932947,0.0002578300932947
detection,3,flow_iat_max_min,-0.0002538167881331,0.0002538167881331
detection,3,bwd_iat_tot_sum,3.781925431064836e-05,3.781925431064836e-05
detection,3,urg_flag_cnt_min,0.0,0.0
detection,3,fin_flag_cnt_min,0.0,0.0
detection,3,bwd_urg_flags_min,0.0,0.0
detection,3,rst_flag_cnt_min,0.0,0.0
detection,3,cwe_flag_cnt_min,0.0,0.0
detection,3,pkt_frag_mf_count,0.0,0.0
detection,3,mask_has_identity_auth,0.0,0.0
detection,3,mask_has_tcp_flags,0.0,0.0
detection,3,mask_has_graph_topology,0.0,0.0
detection,3,mask_has_flow_timing_features,0.0,0.0
detection,3,mask_has_traffic_volume_features,0.0,0.0
detection,3,bwd_urg_flags_max,0.0,0.0
detection,3,bwd_psh_flags_mean,0.0,0.0
detection,3,bwd_psh_flags_max,0.0,0.0
detection,3,bwd_psh_flags_min,0.0,0.0
detection,3,bwd_psh_flags_sum,0.0,0.0
detection,3,bwd_psh_flags_std,0.0,0.0
detection,3,fwd_urg_flags_min,0.0,0.0
detection,3,bwd_urg_flags_mean,0.0,0.0
detection,3,bwd_urg_flags_std,0.0,0.0
detection,3,bwd_urg_flags_sum,0.0,0.0
detection,3,fwd_byts_b_avg_mean,0.0,0.0
detection,3,ece_flag_cnt_min,0.0,0.0
detection,3,bwd_pkt_len_min_min,0.0,0.0
detection,3,bwd_blk_rate_avg_max,0.0,0.0
detection,3,bwd_pkts_b_avg_max,0.0,0.0
detection,3,bwd_blk_rate_avg_mean,0.0,0.0
detection,3,bwd_blk_rate_avg_sum,0.0,0.0
detection,3,bwd_blk_rate_avg_min,0.0,0.0
detection,3,fwd_pkts_b_avg_min,0.0,0.0
detection,3,fwd_pkts_b_avg_sum,0.0,0.0
detection,3,fwd_byts_b_avg_std,0.0,0.0
detection,3,fwd_byts_b_avg_sum,0.0,0.0
detection,3,fwd_pkts_b_avg_mean,0.0,0.0
detection,3,fwd_pkts_b_avg_std,0.0,0.0
detection,3,bwd_pkts_b_avg_min,0.0,0.0
detection,3,bwd_blk_rate_avg_std,0.0,0.0
detection,3,bwd_byts_b_avg_std,0.0,0.0
detection,3,bwd_byts_b_avg_mean,0.0,0.0
detection,3,fwd_blk_rate_avg_max,0.0,0.0
detection,3,fwd_blk_rate_avg_min,0.0,0.0
detection,3,fwd_blk_rate_avg_sum,0.0,0.0
detection,3,fwd_blk_rate_avg_std,0.0,0.0
detection,3,fwd_blk_rate_avg_mean,0.0,0.0
detection,3,fwd_pkts_b_avg_max,0.0,0.0
detection,3,bwd_byts_b_avg_sum,0.0,0.0
detection,3,bwd_byts_b_avg_min,0.0,0.0
detection,3,bwd_pkts_b_avg_std,0.0,0.0
detection,3,bwd_pkts_b_avg_mean,0.0,0.0
detection,3,bwd_byts_b_avg_max,0.0,0.0
detection,3,bwd_pkts_b_avg_sum,0.0,0.0
detection,3,fwd_byts_b_avg_min,0.0,0.0
detection,3,fwd_byts_b_avg_max,0.0,0.0
detection,30,fwd_pkt_len_std_mean,1.7992478522322135,1.7992478522322135
detection,30,bwd_pkt_len_std_mean,-1.7300506610382882,1.7300506610382882
detection,30,window_size_bwd_std,1.7121256947016266,1.7121256947016266
detection,30,byte_count_bwd_std,-1.6539325750240417,1.6539325750240417
detection,30,fwd_pkt_len_max_std,-1.5951566095091592,1.5951566095091592
detection,30,pkt_tcp_retrans_count,1.4620901300963187,1.4620901300963187
detection,30,pkt_port_scan_seq_score,1.3648534114973816,1.3648534114973816
detection,30,bwd_iat_std_mean,1.330270970001274,1.330270970001274
detection,30,packet_count_bwd_std,1.2628829533102608,1.2628829533102608
detection,30,down_up_ratio_std,-1.2429949451801492,1.2429949451801492
detection,30,byte_count_fwd_max,1.2400638292709838,1.2400638292709838
detection,30,bytes_per_sec_mean,-1.2329103581197227,1.2329103581197227
detection,30,flow_iat_std_std,-1.1999063051335388,1.1999063051335388
detection,30,bytes_per_sec_max,1.1810242171352066,1.1810242171352066
detection,30,window_size_fwd_std,-1.1247643061182768,1.1247643061182768
detection,30,bwd_iat_max_std,-1.1197998177450594,1.1197998177450594
detection,30,pkt_len_std_mean,-1.0982706509136977,1.0982706509136977
detection,30,bwd_pkt_len_min_mean,1.0341211392556895,1.0341211392556895
detection,30,bwd_iat_mean_std,1.0335098121329305,1.0335098121329305
detection,30,bwd_iat_min_std,-1.0288208827457055,1.0288208827457055
detection,30,ack_flag_cnt_std,0.988570874330644,0.988570874330644
detection,30,bwd_pkts_per_sec_sum,-0.9734144460625992,0.9734144460625992
detection,30,urg_flag_cnt_mean,-0.9646790511257032,0.9646790511257032
detection,30,bwd_pkt_len_std_std,0.9589375183976206,0.9589375183976206
detection,30,pkt_len_min_std,0.9451745146205942,0.9451745146205942
detection,30,fwd_seg_size_min_mean,0.9351262949750492,0.9351262949750492
detection,30,subflow_bwd_byts_sum,-0.9251461912205308,0.9251461912205308
detection,30,bwd_seg_size_avg_max,0.9127126051477044,0.9127126051477044
detection,30,bwd_pkt_len_mean_max,0.9127126051474692,0.9127126051474692
detection,30,bwd_iat_min_max,0.85968321633171,0.85968321633171
detection,30,bytes_per_sec_sum,-0.8568878771147378,0.8568878771147378
detection,30,fwd_header_len_mean,0.8329529237087279,0.8329529237087279
detection,30,pkt_len_mean_max,-0.8029907095597648,0.8029907095597648
detection,30,fwd_pkt_len_std_std,0.7945594355431606,0.7945594355431606
detection,30,pkt_payload_size_p95,-0.7798834135101332,0.7798834135101332
detection,30,pkt_len_max_std,-0.7518942904738615,0.7518942904738615
detection,30,bwd_pkts_per_sec_std,0.7388121015924198,0.7388121015924198
detection,30,active_max_sum,0.7371553487020943,0.7371553487020943
detection,30,bwd_pkt_len_max_std,0.7339998861630144,0.7339998861630144
detection,30,pkt_len_mean_mean,-0.7300560988975944,0.7300560988975944
detection,30,duration_sec_std,0.7146936777573838,0.7146936777573838
detection,30,bwd_iat_mean_sum,-0.7073195150117865,0.7073195150117865
detection,30,fwd_iat_mean_std,-0.6899749248258217,0.6899749248258217
detection,30,window_size_bwd_mean,-0.6887307181826285,0.6887307181826285
detection,30,pkt_size_avg_mean,-0.6849762688565216,0.6849762688565216
detection,30,packet_count_bwd_mean,0.6826922171059883,0.6826922171059883
detection,30,byte_count_bwd_max,-0.6725585234554609,0.6725585234554609
detection,30,urg_flag_cnt_max,0.6679926641071385,0.6679926641071385
detection,30,bwd_pkt_len_std_max,0.6651503858600833,0.6651503858600833
detection,30,active_mean_sum,-0.6643068800944826,0.6643068800944826
detection,30,window_size_bwd_sum,-0.6641619158353483,0.6641619158353483
detection,30,ece_flag_cnt_sum,0.65829562494583,0.65829562494583
detection,30,rst_flag_cnt_sum,0.6574733100275048,0.6574733100275048
detection,30,pkt_len_std_std,0.6385907541582878,0.6385907541582878
detection,30,bwd_iat_tot_mean,-0.6257625213047951,0.6257625213047951
detection,30,byte_count_bwd_mean,-0.6251363626380354,0.6251363626380354
detection,30,ece_flag_cnt_std,0.6198786231777226,0.6198786231777226
detection,30,byte_count_fwd_std,-0.6185188893789993,0.6185188893789993
detection,30,psh_flag_cnt_mean,0.6129206600943972,0.6129206600943972
detection,30,fwd_header_len_sum,0.6046044246956276,0.6046044246956276
detection,30,rst_flag_cnt_std,0.5939710327975289,0.5939710327975289
detection,30,pkt_len_var_sum,0.5852240033364721,0.5852240033364721
detection,30,flow_iat_max_std,-0.5800756250540633,0.5800756250540633
detection,30,urg_flag_cnt_std,0.5748742010080454,0.5748742010080454
detection,30,pkt_payload_size_p75,-0.5717014666281229,0.5717014666281229
detection,30,active_std_sum,-0.5689984050185555,0.5689984050185555
detection,30,window_size_bwd_max,0.5639202892800377,0.5639202892800377
detection,30,fwd_seg_size_min_std,-0.5541508239517563,0.5541508239517563
detection,30,pkt_frag_df_count,0.55102607034,0.55102607034
detection,30,subflow_fwd_byts_mean,-0.5477030681699042,0.5477030681699042
detection,30,pkt_len_max_mean,-0.5323449561981886,0.5323449561981886
detection,30,bwd_iat_mean_max,-0.5253152054772023,0.5253152054772023
detection,30,fwd_pkt_len_max_max,0.5188538833094496,0.5188538833094496
detection,30,bwd_pkt_len_mean_sum,0.5182291739503421,0.5182291739503421
detection,30,bwd_seg_size_avg_sum,0.5182291739498738,0.5182291739498738
detection,30,bwd_iat_mean_mean,0.4985147129676527,0.4985147129676527
detection,30,idle_std_mean,0.4948967187295285,0.4948967187295285
detection,30,subflow_bwd_byts_max,0.4926829826654743,0.4926829826654743
detection,30,byte_count_bwd_sum,-0.4829542069204348,0.4829542069204348
detection,30,flow_iat_std_sum,-0.4825955271191022,0.4825955271191022
detection,30,fwd_iat_std_mean,0.4824989940480974,0.4824989940480974
detection,30,subflow_fwd_byts_sum,0.4761344828816888,0.4761344828816888
detection,30,subflow_fwd_pkts_sum,0.4747491925832166,0.4747491925832166
detection,30,ack_flag_cnt_sum,0.4712234677696905,0.4712234677696905
detection,30,down_up_ratio_max,0.4672317993517808,0.4672317993517808
detection,30,active_std_mean,-0.453881614184007,0.453881614184007
detection,30,idle_max_mean,0.4533720312866052,0.4533720312866052
detection,30,active_max_std,0.4355182718681431,0.4355182718681431
detection,30,window_size_fwd_mean,0.4343502210877361,0.4343502210877361
detection,30,idle_min_std,-0.4217822730830848,0.4217822730830848
detection,30,bwd_header_len_max,0.4158447063585354,0.4158447063585354
detection,30,fwd_iat_min_std,-0.4114259908192804,0.4114259908192804
detection,30,down_up_ratio_mean,0.4058092234754287,0.4058092234754287
detection,30,mask_has_packet_level_features,-0.403920289765573,0.403920289765573
detection,30,pkt_ttl_max,-0.403920289765573,0.403920289765573
detection,30,fwd_pkt_len_std_sum,0.4011712884163048,0.4011712884163048
detection,30,fwd_pkt_len_mean_sum,0.3933492012376035,0.3933492012376035
detection,30,fwd_seg_size_avg_sum,0.3933492012376035,0.3933492012376035
detection,30,pkt_len_var_mean,-0.3915246567095576,0.3915246567095576
detection,30,fwd_iat_tot_std,0.3848848670409059,0.3848848670409059
detection,30,down_up_ratio_sum,0.3841605377752183,0.3841605377752183
detection,30,fwd_iat_std_sum,0.3817392695447128,0.3817392695447128
detection,30,bwd_header_len_std,-0.3802937210549065,0.3802937210549065
detection,30,pkt_ttl_std,0.3785554900177869,0.3785554900177869
detection,30,pkt_ttl_mode,0.374917600709909,0.374917600709909
detection,30,pkt_len_mean_sum,0.3729680451719483,0.3729680451719483
detection,30,fwd_pkts_per_sec_max,-0.3688170409645843,0.3688170409645843
detection,30,fwd_pkt_len_max_sum,0.3665683459137281,0.3665683459137281
detection,30,fwd_pkts_per_sec_sum,0.3653105832795857,0.3653105832795857
detection,30,pkt_len_max_max,0.3651084062541433,0.3651084062541433
detection,30,subflow_bwd_pkts_std,-0.3642972644999205,0.3642972644999205
detection,30,bwd_pkt_len_min_std,-0.3562541915374543,0.3562541915374543
detection,30,duration_microsec_std,0.3557775570516384,0.3557775570516384
detection,30,fwd_iat_max_sum,0.3469151833164812,0.3469151833164812
detection,30,pkt_len_mean_std,0.3438121950318824,0.3438121950318824
detection,30,pkt_len_min_max,-0.3393000761288636,0.3393000761288636
detection,30,pkt_size_avg_sum,0.3348348542125381,0.3348348542125381
detection,30,fwd_pkts_per_sec_mean,0.332867606502079,0.332867606502079
detection,30,packets_per_sec_max,-0.3279622329777392,0.3279622329777392
detection,30,packet_count_bwd_max,0.3250547684377757,0.3250547684377757
detection,30,fwd_iat_std_std,0.3236852864034166,0.3236852864034166
detection,30,active_min_std,-0.3205613323124447,0.3205613323124447
detection,30,fwd_urg_flags_std,0.3171976054865401,0.3171976054865401
detection,30,cwe_flag_cnt_std,0.3171976054865401,0.3171976054865401
detection,30,packet_count_fwd_std,-0.3165185698442631,0.3165185698442631
detection,30,pkt_len_max_sum,0.3132880414035515,0.3132880414035515
detection,30,flow_iat_min_sum,0.3116389509847002,0.3116389509847002
detection,30,fwd_iat_min_max,0.3092774898588693,0.3092774898588693
detection,30,pkt_size_avg_max,0.3088340983438442,0.3088340983438442
detection,30,fwd_act_data_pkts_max,-0.3041938616269488,0.3041938616269488
detection,30,pkt_len_std_sum,0.2955071344233181,0.2955071344233181
detection,30,flow_iat_max_mean,-0.2937944548626215,0.2937944548626215
detection,30,active_mean_std,-0.2910218197631313,0.2910218197631313
detection,30,fwd_iat_max_max,-0.2893626426522757,0.2893626426522757
detection,30,fwd_iat_min_sum,0.2837288842085465,0.2837288842085465
detection,30,subflow_bwd_pkts_sum,-0.2779161740249753,0.2779161740249753
detection,30,active_std_max,0.2777758892741135,0.2777758892741135
detection,30,packets_per_sec_sum,-0.2773115244883261,0.2773115244883261
detection,30,fwd_iat_mean_max,0.272757375043493,0.272757375043493
detection,30,active_max_mean,-0.2712429386731948,0.2712429386731948
detection,30,duration_sec_sum,-0.2707610900569681,0.2707610900569681
detection,30,duration_microsec_max,0.2704019562487196,0.2704019562487196
detection,30,fwd_act_data_pkts_mean,-0.266778619403834,0.266778619403834
detection,30,active_std_std,-0.2647433665773603,0.2647433665773603
detection,30,subflow_bwd_byts_std,-0.2644303158775525,0.2644303158775525
detection,30,bwd_iat_tot_max,-0.2639999097317259,0.2639999097317259
detection,30,idle_mean_mean,0.262985547539138,0.262985547539138
detection,30,bwd_pkts_per_sec_max,-0.2610058250485987,0.2610058250485987
detection,30,fwd_seg_size_min_sum,0.2536368753067604,0.2536368753067604
detection,30,packets_per_sec_mean,-0.252905985190946,0.252905985190946
detection,30,subflow_fwd_pkts_mean,0.2523087096821539,0.2523087096821539
detection,30,fwd_seg_size_avg_mean,-0.251332115895898,0.251332115895898
detection,30,fwd_pkt_len_mean_mean,-0.251332115895898,0.251332115895898
detection,30,packets_per_sec_min,-0.2502788928788068,0.2502788928788068
detection,30,pkt_len_var_max,0.2485765582779512,0.2485765582779512
detection,30,bwd_pkts_per_sec_mean,-0.247220382287408,0.247220382287408
detection,30,flow_iat_max_max,0.2384870373179521,0.2384870373179521
detection,30,flow_iat_mean_sum,0.2357957414683604,0.2357957414683604
detection,30,fwd_iat_std_max,0.2317720372596312,0.2317720372596312
detection,30,idle_mean_std,-0.2304408514443782,0.2304408514443782
detection,30,flow_iat_std_mean,-0.2259527957777165,0.2259527957777165
detection,30,bwd_pkt_len_max_sum,0.2251091086861128,0.2251091086861128
detection,30,duration_sec_max,0.2247706547053201,0.2247706547053201
detection,30,fwd_pkt_len_std_max,-0.2227072482726823,0.2227072482726823
detection,30,byte_count_fwd_sum,-0.2205324239507383,0.2205324239507383
detection,30,flow_iat_std_max,-0.2163593411058576,0.2163593411058576
detection,30,fwd_header_len_max,0.2091539520369039,0.2091539520369039
detection,30,fwd_urg_flags_mean,-0.2036200420027677,0.2036200420027677
detection,30,cwe_flag_cnt_mean,-0.2036200420027677,0.2036200420027677
detection,30,active_mean_mean,-0.1972007806672305,0.1972007806672305
detection,30,bwd_iat_std_std,0.1893801180112768,0.1893801180112768
detection,30,window_size_fwd_max,-0.188902376932486,0.188902376932486
detection,30,packet_count_fwd_sum,-0.1883308222807458,0.1883308222807458
detection,30,bwd_iat_std_sum,0.1879850882601399,0.1879850882601399
detection,30,fwd_pkt_len_max_mean,0.1834205003866376,0.1834205003866376
detection,30,flow_iat_max_sum,0.183155111402216,0.183155111402216
detection,30,bytes_per_sec_std,0.1804726614128231,0.1804726614128231
detection,30,idle_max_sum,0.1787968560930165,0.1787968560930165
detection,30,idle_max_max,-0.1767113157707177,0.1767113157707177
detection,30,pkt_ttl_min,-0.1701024780358794,0.1701024780358794
detection,30,active_max_max,0.1678496573916212,0.1678496573916212
detection,30,window_size_fwd_sum,0.1674648239651755,0.1674648239651755
detection,30,fin_flag_cnt_max,0.1666822503259384,0.1666822503259384
detection,30,fwd_seg_size_min_min,-0.1643094893946543,0.1643094893946543
detection,30,bwd_header_len_mean,-0.1625927678469276,0.1625927678469276
detection,30,unique_protocols_count,0.1619843580393516,0.1619843580393516
detection,30,bwd_iat_tot_sum,-0.1618867194032895,0.1618867194032895
detection,30,pkt_size_avg_std,0.1611027316645116,0.1611027316645116
detection,30,bwd_pkt_len_max_max,-0.1606501758831285,0.1606501758831285
detection,30,subflow_fwd_byts_std,0.1598007089461137,0.1598007089461137
detection,30,pkt_len_min_sum,-0.158254668711988,0.158254668711988
detection,30,active_min_sum,0.1571017047903993,0.1571017047903993
detection,30,bwd_pkt_len_min_sum,0.1539581857352827,0.1539581857352827
detection,30,bwd_header_len_sum,-0.1539570413534423,0.1539570413534423
detection,30,subflow_fwd_pkts_std,-0.1537957871059972,0.1537957871059972
detection,30,pkt_payload_size_p50,-0.1522292806857402,0.1522292806857402
detection,30,bwd_iat_max_sum,-0.1516129497257692,0.1516129497257692
detection,30,packet_count_bwd_min,-0.1502055751213807,0.1502055751213807
detection,30,flow_iat_mean_std,-0.1484325054597665,0.1484325054597665
detection,30,subflow_bwd_pkts_max,0.1472346729561995,0.1472346729561995
detection,30,fwd_pkts_per_sec_std,0.147051530488302,0.147051530488302
detection,30,fwd_iat_mean_mean,-0.1461328576429826,0.1461328576429826
detection,30,flow_count,0.1437166248506459,0.1437166248506459
detection,30,fwd_pkt_len_min_sum,-0.1436989785203858,0.1436989785203858
detection,30,flow_iat_mean_mean,0.1429126194070377,0.1429126194070377
detection,30,fwd_pkt_len_min_mean,-0.1386548796292643,0.1386548796292643
detection,30,fwd_psh_flags_std,-0.1383831744180341,0.1383831744180341
detection,30,syn_flag_cnt_std,-0.1383831744180341,0.1383831744180341
detection,30,fwd_iat_max_std,-0.1380331054555004,0.1380331054555004
detection,30,subflow_fwd_byts_max,0.1374343286641501,0.1374343286641501
detection,30,packet_count_bwd_sum,0.1361090348980672,0.1361090348980672
detection,30,ece_flag_cnt_max,-0.1357402766297679,0.1357402766297679
detection,30,rst_flag_cnt_max,-0.1357402766297679,0.1357402766297679
detection,30,subflow_fwd_pkts_max,-0.1328053742909105,0.1328053742909105
detection,30,ack_flag_cnt_mean,0.1326967641463617,0.1326967641463617
detection,30,ack_flag_cnt_max,-0.1318133871686141,0.1318133871686141
detection,30,fwd_iat_mean_sum,0.1293118076679909,0.1293118076679909
detection,30,bwd_iat_max_mean,-0.1287919257772846,0.1287919257772846
detection,30,bwd_pkt_len_mean_mean,0.1283869589070717,0.1283869589070717
detection,30,bwd_seg_size_avg_mean,0.1283869589032389,0.1283869589032389
detection,30,fwd_seg_size_min_max,-0.1275123284365487,0.1275123284365487
detection,30,fwd_iat_tot_sum,-0.1252583684839427,0.1252583684839427
detection,30,flow_iat_min_max,0.1218858470051628,0.1218858470051628
detection,30,bwd_iat_tot_std,-0.1208171102783756,0.1208171102783756
detection,30,fwd_urg_flags_max,0.1116386379058708,0.1116386379058708
detection,30,cwe_flag_cnt_max,0.1116386379058708,0.1116386379058708
detection,30,psh_flag_cnt_sum,0.1076655203665551,0.1076655203665551
detection,30,active_mean_max,0.1050514967102585,0.1050514967102585
detection,30,bwd_pkt_len_max_mean,0.1002882358747482,0.1002882358747482
detection,30,psh_flag_cnt_std,0.0975838690867651,0.0975838690867651
detection,30,unique_dst_ports_count,0.0971742600307652,0.0971742600307652
detection,30,bwd_pkt_len_mean_std,0.0967836872075069,0.0967836872075069
detection,30,bwd_seg_size_avg_std,0.0967836871886582,0.0967836871886582
detection,30,bwd_iat_min_sum,0.0922351038271405,0.0922351038271405
detection,30,idle_mean_sum,0.0884280635055321,0.0884280635055321
detection,30,fin_flag_cnt_mean,0.0875110419473716,0.0875110419473716
detection,30,duration_microsec_sum,-0.0864480405706565,0.0864480405706565
detection,30,urg_flag_cnt_sum,0.0853037796062213,0.0853037796062213
detection,30,bwd_iat_min_mean,-0.0839746596211469,0.0839746596211469
detection,30,subflow_bwd_pkts_mean,-0.0822567589061683,0.0822567589061683
detection,30,fwd_header_len_std,-0.0817678424124955,0.0817678424124955
detection,30,packet_count_fwd_mean,0.0813823086362637,0.0813823086362637
detection,30,rst_flag_cnt_mean,-0.0806684327975842,0.0806684327975842
detection,30,syn_flag_cnt_max,0.0802237663407899,0.0802237663407899
detection,30,fwd_psh_flags_max,0.0802237663407899,0.0802237663407899
detection,30,fwd_iat_max_mean,0.0791887252400074,0.0791887252400074
detection,30,idle_std_max,-0.0790635859487477,0.0790635859487477
detection,30,fwd_act_data_pkts_sum,-0.0778065183089256,0.0778065183089256
detection,30,duration_sec_mean,-0.0777547285753528,0.0777547285753528
detection,30,flow_iat_min_mean,0.0772266879703495,0.0772266879703495
detection,30,fwd_psh_flags_mean,-0.0761697275007225,0.0761697275007225
detection,30,syn_flag_cnt_mean,-0.0761697275007225,0.0761697275007225
detection,30,fwd_iat_min_mean,-0.0713596601736658,0.0713596601736658
detection,30,psh_flag_cnt_max,-0.0692081737581053,0.0692081737581053
detection,30,fwd_pkt_len_min_std,-0.066324184495629,0.066324184495629
detection,30,idle_std_std,0.0662143388766622,0.0662143388766622
detection,30,pkt_len_min_mean,0.0660965526109727,0.0660965526109727
detection,30,byte_count_bwd_min,0.0658772538760781,0.0658772538760781
detection,30,bwd_pkt_len_std_sum,0.0649553281667004,0.0649553281667004
detection,30,fwd_iat_tot_mean,-0.0641139570986273,0.0641139570986273
detection,30,pkt_len_max_min,0.0631478814436306,0.0631478814436306
detection,30,bwd_pkt_len_mean_min,0.0587145321288934,0.0587145321288934
detection,30,bwd_seg_size_avg_min,0.0587145321288934,0.0587145321288934
detection,30,idle_max_std,0.0564876795766344,0.0564876795766344
detection,30,duration_microsec_mean,-0.0561104639489706,0.0561104639489706
detection,30,pkt_len_std_min,0.0546727903896703,0.0546727903896703
detection,30,idle_mean_max,-0.0529504800690924,0.0529504800690924
detection,30,fwd_psh_flags_sum,-0.0525060808865162,0.0525060808865162
detection,30,syn_flag_cnt_sum,-0.0525060808865162,0.0525060808865162
detection,30,bwd_iat_min_min,-0.0520780601425874,0.0520780601425874
detection,30,bwd_pkt_len_max_min,0.0520286339511975,0.0520286339511975
detection,30,subflow_bwd_byts_min,0.0506495915612334,0.0506495915612334
detection,30,pkt_len_var_min,0.0494249326081994,0.0494249326081994
detection,30,bwd_iat_std_min,0.048709999052202,0.048709999052202
detection,30,duration_microsec_min,0.048476890394348,0.048476890394348
detection,30,bwd_pkt_len_std_min,0.0484716792935949,0.0484716792935949
detection,30,fwd_iat_tot_min,0.0484131722066334,0.0484131722066334
detection,30,pkt_len_std_max,0.04814721307496,0.04814721307496
detection,30,packet_count_fwd_min,0.0479429080893445,0.0479429080893445
detection,30,fwd_urg_flags_sum,0.0465503872454769,0.0465503872454769
detection,30,cwe_flag_cnt_sum,0.0465503872454769,0.0465503872454769
detection,30,flow_iat_min_std,0.0462938732398977,0.0462938732398977
detection,30,flow_iat_min_min,0.0461568594988896,0.0461568594988896
detection,30,fin_flag_cnt_std,0.0455927257468642,0.0455927257468642
detection,30,flow_iat_mean_min,0.045413783957,0.045413783957
detection,30,idle_min_max,-0.044934696212459,0.044934696212459
detection,30,fwd_pkt_len_std_min,0.0449320011249411,0.0449320011249411
detection,30,fwd_iat_mean_min,0.0442947237386787,0.0442947237386787
detection,30,duration_sec_min,0.0438113649980811,0.0438113649980811
detection,30,pkt_len_mean_min,0.0433216616145518,0.0433216616145518
detection,30,fwd_iat_max_min,0.042868956766743,0.042868956766743
detection,30,flow_iat_max_min,0.0427596096280978,0.0427596096280978
detection,30,pkt_size_avg_min,0.0423092971933865,0.0423092971933865
detection,30,idle_max_min,0.0422604002506889,0.0422604002506889
detection,30,window_size_bwd_min,0.0418822195492527,0.0418822195492527
detection,30,fwd_iat_tot_max,0.0414494775102706,0.0414494775102706
detection,30,subflow_fwd_pkts_min,0.0413510464756476,0.0413510464756476
detection,30,fwd_iat_min_min,0.041260286259799,0.041260286259799
detection,30,active_min_mean,0.041260148437499,0.041260148437499
detection,30,bwd_iat_tot_min,0.0411104590781881,0.0411104590781881
detection,30,ece_flag_cnt_mean,-0.0401167465653952,0.0401167465653952
detection,30,idle_mean_min,0.0384424226189948,0.0384424226189948
detection,30,subflow_bwd_pkts_min,-0.038297452130003,0.038297452130003
detection,30,fwd_pkts_per_sec_min,-0.0373269958299653,0.0373269958299653
detection,30,idle_min_sum,0.0371541824232156,0.0371541824232156
detection,30,subflow_bwd_byts_mean,-0.0366257852689142,0.0366257852689142
detection,30,idle_min_mean,-0.036110195441376,0.036110195441376
detection,30,window_size_fwd_min,0.0339266511653914,0.0339266511653914
detection,30,fwd_pkt_len_min_min,0.0332548459533705,0.0332548459533705
detection,30,idle_std_sum,0.0327278449970073,0.0327278449970073
detection,30,idle_min_min,0.0323847054034793,0.0323847054034793
detection,30,pkt_len_min_min,0.0309602712021593,0.0309602712021593
detection,30,active_min_max,0.0307154566303403,0.0307154566303403
detection,30,active_min_min,0.0306682728539905,0.0306682728539905
detection,30,bwd_iat_max_min,0.030435833799465,0.030435833799465
detection,30,fwd_seg_size_avg_min,0.0301890975677746,0.0301890975677746
detection,30,fwd_pkt_len_mean_min,0.0301890975677746,0.0301890975677746
detection,30,active_mean_min,0.0298314427738986,0.0298314427738986
detection,30,fwd_pkt_len_min_max,-0.0294563946980135,0.0294563946980135
detection,30,active_max_min,0.0284651805912667,0.0284651805912667
detection,30,psh_flag_cnt_min,0.0279953923625303,0.0279953923625303
detection,30,bwd_pkts_per_sec_min,0.0276078249992528,0.0276078249992528
detection,30,down_up_ratio_min,0.027276173063612,0.027276173063612
detection,30,fwd_pkt_len_max_min,0.0266698106818455,0.0266698106818455
detection,30,active_std_min,0.0256536092840023,0.0256536092840023
detection,30,bwd_pkt_len_min_max,-0.0252743719167895,0.0252743719167895
detection,30,subflow_fwd_byts_min,0.0250375547334236,0.0250375547334236
detection,30,idle_std_min,0.0247742809861719,0.0247742809861719
detection,30,bwd_iat_std_max,-0.0234326021880157,0.0234326021880157
detection,30,flow_iat_std_min,0.0233737288845768,0.0233737288845768
detection,30,fwd_seg_size_avg_std,-0.023045188516766,0.023045188516766
detection,30,fwd_pkt_len_mean_std,-0.023045188516766,0.023045188516766
detection,30,fwd_iat_std_min,0.0226195444169498,0.0226195444169498
detection,30,fwd_psh_flags_min,0.0226175262228274,0.0226175262228274
detection,30,ack_flag_cnt_min,0.0226175262228274,0.0226175262228274
detection,30,syn_flag_cnt_min,0.0226175262228274,0.0226175262228274
detection,30,packets_per_sec_std,0.0216250110952757,0.0216250110952757
detection,30,fwd_seg_size_avg_max,0.020931674436665,0.020931674436665
detection,30,fwd_pkt_len_mean_max,0.020931674436665,0.020931674436665
detection,30,bytes_per_sec_min,0.018804997071879,0.018804997071879
detection,30,fwd_act_data_pkts_std,-0.0181995022134661,0.0181995022134661
detection,30,bwd_header_len_min,0.0180518179336538,0.0180518179336538
detection,30,packet_count_fwd_max,0.0169858133431072,0.0169858133431072
detection,30,pkt_payload_size_p25,-0.0159948194794504,0.0159948194794504
detection,30,fwd_act_data_pkts_min,0.0114020221265797,0.0114020221265797
detection,30,bwd_iat_max_max,0.0112070054055978,0.0112070054055978
detection,30,flow_iat_mean_max,-0.0111422219186341,0.0111422219186341
detection,30,bwd_iat_mean_min,-0.006543182314543,0.006543182314543
detection,30,fwd_header_len_min,-0.0058379449152343,0.0058379449152343
detection,30,fin_flag_cnt_sum,0.0055903432868131,0.0055903432868131
detection,30,byte_count_fwd_min,0.0048867971835253,0.0048867971835253
detection,30,byte_count_fwd_mean,-0.0026378571645796,0.0026378571645796
detection,30,pkt_len_var_std,-0.0019325975713746,0.0019325975713746
detection,30,fwd_byts_b_avg_max,0.0,0.0
detection,30,mask_has_flow_timing_features,0.0,0.0
detection,30,mask_has_traffic_volume_features,0.0,0.0
detection,30,fin_flag_cnt_min,0.0,0.0
detection,30,rst_flag_cnt_min,0.0,0.0
detection,30,mask_has_identity_auth,0.0,0.0
detection,30,fwd_byts_b_avg_min,0.0,0.0
detection,30,fwd_byts_b_avg_sum,0.0,0.0
detection,30,fwd_byts_b_avg_std,0.0,0.0
detection,30,fwd_byts_b_avg_mean,0.0,0.0
detection,30,ece_flag_cnt_min,0.0,0.0
detection,30,urg_flag_cnt_min,0.0,0.0
detection,30,cwe_flag_cnt_min,0.0,0.0
detection,30,bwd_urg_flags_max,0.0,0.0
detection,30,mask_has_graph_topology,0.0,0.0
detection,30,pkt_frag_mf_count,0.0,0.0
detection,30,mask_has_tcp_flags,0.0,0.0
detection,30,bwd_pkts_b_avg_max,0.0,0.0
detection,30,bwd_blk_rate_avg_max,0.0,0.0
detection,30,bwd_blk_rate_avg_sum,0.0,0.0
detection,30,bwd_pkts_b_avg_sum,0.0,0.0
detection,30,fwd_pkts_b_avg_std,0.0,0.0
detection,30,fwd_pkts_b_avg_sum,0.0,0.0
detection,30,fwd_pkts_b_avg_mean,0.0,0.0
detection,30,bwd_blk_rate_avg_min,0.0,0.0
detection,30,bwd_pkts_b_avg_min,0.0,0.0
detection,30,bwd_blk_rate_avg_mean,0.0,0.0
detection,30,bwd_blk_rate_avg_std,0.0,0.0
detection,30,fwd_pkts_b_avg_min,0.0,0.0
detection,30,fwd_blk_rate_avg_min,0.0,0.0
detection,30,fwd_blk_rate_avg_max,0.0,0.0
detection,30,bwd_byts_b_avg_mean,0.0,0.0
detection,30,bwd_byts_b_avg_std,0.0,0.0
detection,30,fwd_pkts_b_avg_max,0.0,0.0
detection,30,fwd_blk_rate_avg_mean,0.0,0.0
detection,30,fwd_blk_rate_avg_std,0.0,0.0
detection,30,fwd_blk_rate_avg_sum,0.0,0.0
detection,30,bwd_pkts_b_avg_mean,0.0,0.0
detection,30,bwd_byts_b_avg_max,0.0,0.0
detection,30,bwd_byts_b_avg_min,0.0,0.0
detection,30,bwd_byts_b_avg_sum,0.0,0.0
detection,30,bwd_psh_flags_std,0.0,0.0
detection,30,bwd_psh_flags_sum,0.0,0.0
detection,30,bwd_pkts_b_avg_std,0.0,0.0
detection,30,bwd_psh_flags_mean,0.0,0.0
detection,30,bwd_psh_flags_max,0.0,0.0
detection,30,bwd_psh_flags_min,0.0,0.0
detection,30,fwd_urg_flags_min,0.0,0.0
detection,30,bwd_urg_flags_mean,0.0,0.0
detection,30,bwd_urg_flags_std,0.0,0.0
detection,30,bwd_urg_flags_sum,0.0,0.0
detection,30,bwd_urg_flags_min,0.0,0.0
detection,30,bwd_pkt_len_min_min,0.0,0.0
detection,31,fwd_pkt_len_std_mean,1.7992478522322135,1.7992478522322135
detection,31,bwd_pkt_len_std_mean,-1.7300506610382882,1.7300506610382882
detection,31,window_size_bwd_std,1.7121256947016266,1.7121256947016266
detection,31,byte_count_bwd_std,-1.6539325750240417,1.6539325750240417
detection,31,fwd_pkt_len_max_std,-1.5951566095091592,1.5951566095091592
detection,31,pkt_tcp_retrans_count,1.4620901300963187,1.4620901300963187
detection,31,pkt_port_scan_seq_score,1.3648534114973816,1.3648534114973816
detection,31,bwd_iat_std_mean,1.330270970001274,1.330270970001274
detection,31,packet_count_bwd_std,1.2628829533102608,1.2628829533102608
detection,31,down_up_ratio_std,-1.2429949451801492,1.2429949451801492
detection,31,byte_count_fwd_max,1.2400638292709838,1.2400638292709838
detection,31,bytes_per_sec_mean,-1.2329103581197227,1.2329103581197227
detection,31,flow_iat_std_std,-1.1999063051335388,1.1999063051335388
detection,31,bytes_per_sec_max,1.1810242171352066,1.1810242171352066
detection,31,window_size_fwd_std,-1.1247643061182768,1.1247643061182768
detection,31,bwd_iat_max_std,-1.1197998177450594,1.1197998177450594
detection,31,pkt_len_std_mean,-1.0982706509136977,1.0982706509136977
detection,31,bwd_pkt_len_min_mean,1.0341211392556895,1.0341211392556895
detection,31,bwd_iat_mean_std,1.0335098121329305,1.0335098121329305
detection,31,bwd_iat_min_std,-1.0288208827457055,1.0288208827457055
detection,31,ack_flag_cnt_std,0.988570874330644,0.988570874330644
detection,31,bwd_pkts_per_sec_sum,-0.9734144460625992,0.9734144460625992
detection,31,urg_flag_cnt_mean,-0.9646790511257032,0.9646790511257032
detection,31,bwd_pkt_len_std_std,0.9589375183976206,0.9589375183976206
detection,31,pkt_len_min_std,0.9451745146205942,0.9451745146205942
detection,31,fwd_seg_size_min_mean,0.9351262949750492,0.9351262949750492
detection,31,subflow_bwd_byts_sum,-0.9251461912205308,0.9251461912205308
detection,31,bwd_seg_size_avg_max,0.9127126051477044,0.9127126051477044
detection,31,bwd_pkt_len_mean_max,0.9127126051474692,0.9127126051474692
detection,31,bwd_iat_min_max,0.85968321633171,0.85968321633171
detection,31,bytes_per_sec_sum,-0.8568878771147378,0.8568878771147378
detection,31,fwd_header_len_mean,0.8329529237087279,0.8329529237087279
detection,31,pkt_len_mean_max,-0.8029907095597648,0.8029907095597648
detection,31,fwd_pkt_len_std_std,0.7945594355431606,0.7945594355431606
detection,31,pkt_payload_size_p95,-0.7798834135101332,0.7798834135101332
detection,31,pkt_len_max_std,-0.7518942904738615,0.7518942904738615
detection,31,bwd_pkts_per_sec_std,0.7388121015924198,0.7388121015924198
detection,31,active_max_sum,0.7371553487020943,0.7371553487020943
detection,31,bwd_pkt_len_max_std,0.7339998861630144,0.7339998861630144
detection,31,pkt_len_mean_mean,-0.7300560988975944,0.7300560988975944
detection,31,duration_sec_std,0.7146936777573838,0.7146936777573838
detection,31,bwd_iat_mean_sum,-0.7073195150117865,0.7073195150117865
detection,31,fwd_iat_mean_std,-0.6899749248258217,0.6899749248258217
detection,31,window_size_bwd_mean,-0.6887307181826285,0.6887307181826285
detection,31,pkt_size_avg_mean,-0.6849762688565216,0.6849762688565216
detection,31,packet_count_bwd_mean,0.6826922171059883,0.6826922171059883
detection,31,byte_count_bwd_max,-0.6725585234554609,0.6725585234554609
detection,31,urg_flag_cnt_max,0.6679926641071385,0.6679926641071385
detection,31,bwd_pkt_len_std_max,0.6651503858600833,0.6651503858600833
detection,31,active_mean_sum,-0.6643068800944826,0.6643068800944826
detection,31,window_size_bwd_sum,-0.6641619158353483,0.6641619158353483
detection,31,ece_flag_cnt_sum,0.65829562494583,0.65829562494583
detection,31,rst_flag_cnt_sum,0.6574733100275048,0.6574733100275048
detection,31,pkt_len_std_std,0.6385907541582878,0.6385907541582878
detection,31,bwd_iat_tot_mean,-0.6257625213047951,0.6257625213047951
detection,31,byte_count_bwd_mean,-0.6251363626380354,0.6251363626380354
detection,31,ece_flag_cnt_std,0.6198786231777226,0.6198786231777226
detection,31,byte_count_fwd_std,-0.6185188893789993,0.6185188893789993
detection,31,psh_flag_cnt_mean,0.6129206600943972,0.6129206600943972
detection,31,fwd_header_len_sum,0.6046044246956276,0.6046044246956276
detection,31,rst_flag_cnt_std,0.5939710327975289,0.5939710327975289
detection,31,pkt_len_var_sum,0.5852240033364721,0.5852240033364721
detection,31,flow_iat_max_std,-0.5800756250540633,0.5800756250540633
detection,31,urg_flag_cnt_std,0.5748742010080454,0.5748742010080454
detection,31,pkt_payload_size_p75,-0.5717014666281229,0.5717014666281229
detection,31,active_std_sum,-0.5689984050185555,0.5689984050185555
detection,31,window_size_bwd_max,0.5639202892800377,0.5639202892800377
detection,31,fwd_seg_size_min_std,-0.5541508239517563,0.5541508239517563
detection,31,pkt_frag_df_count,0.55102607034,0.55102607034
detection,31,subflow_fwd_byts_mean,-0.5477030681699042,0.5477030681699042
detection,31,pkt_len_max_mean,-0.5323449561981886,0.5323449561981886
detection,31,bwd_iat_mean_max,-0.5253152054772023,0.5253152054772023
detection,31,fwd_pkt_len_max_max,0.5188538833094496,0.5188538833094496
detection,31,bwd_pkt_len_mean_sum,0.5182291739503421,0.5182291739503421
detection,31,bwd_seg_size_avg_sum,0.5182291739498738,0.5182291739498738
detection,31,bwd_iat_mean_mean,0.4985147129676527,0.4985147129676527
detection,31,idle_std_mean,0.4948967187295285,0.4948967187295285
detection,31,subflow_bwd_byts_max,0.4926829826654743,0.4926829826654743
detection,31,byte_count_bwd_sum,-0.4829542069204348,0.4829542069204348
detection,31,flow_iat_std_sum,-0.4825955271191022,0.4825955271191022
detection,31,fwd_iat_std_mean,0.4824989940480974,0.4824989940480974
detection,31,subflow_fwd_byts_sum,0.4761344828816888,0.4761344828816888
detection,31,subflow_fwd_pkts_sum,0.4747491925832166,0.4747491925832166
detection,31,ack_flag_cnt_sum,0.4712234677696905,0.4712234677696905
detection,31,down_up_ratio_max,0.4672317993517808,0.4672317993517808
detection,31,active_std_mean,-0.453881614184007,0.453881614184007
detection,31,idle_max_mean,0.4533720312866052,0.4533720312866052
detection,31,active_max_std,0.4355182718681431,0.4355182718681431
detection,31,window_size_fwd_mean,0.4343502210877361,0.4343502210877361
detection,31,idle_min_std,-0.4217822730830848,0.4217822730830848
detection,31,bwd_header_len_max,0.4158447063585354,0.4158447063585354
detection,31,fwd_iat_min_std,-0.4114259908192804,0.4114259908192804
detection,31,down_up_ratio_mean,0.4058092234754287,0.4058092234754287
detection,31,mask_has_packet_level_features,-0.403920289765573,0.403920289765573
detection,31,pkt_ttl_max,-0.403920289765573,0.403920289765573
detection,31,fwd_pkt_len_std_sum,0.4011712884163048,0.4011712884163048
detection,31,fwd_pkt_len_mean_sum,0.3933492012376035,0.3933492012376035
detection,31,fwd_seg_size_avg_sum,0.3933492012376035,0.3933492012376035
detection,31,pkt_len_var_mean,-0.3915246567095576,0.3915246567095576
detection,31,fwd_iat_tot_std,0.3848848670409059,0.3848848670409059
detection,31,down_up_ratio_sum,0.3841605377752183,0.3841605377752183
detection,31,fwd_iat_std_sum,0.3817392695447128,0.3817392695447128
detection,31,bwd_header_len_std,-0.3802937210549065,0.3802937210549065
detection,31,pkt_ttl_std,0.3785554900177869,0.3785554900177869
detection,31,pkt_ttl_mode,0.374917600709909,0.374917600709909
detection,31,pkt_len_mean_sum,0.3729680451719483,0.3729680451719483
detection,31,fwd_pkts_per_sec_max,-0.3688170409645843,0.3688170409645843
detection,31,fwd_pkt_len_max_sum,0.3665683459137281,0.3665683459137281
detection,31,fwd_pkts_per_sec_sum,0.3653105832795857,0.3653105832795857
detection,31,pkt_len_max_max,0.3651084062541433,0.3651084062541433
detection,31,subflow_bwd_pkts_std,-0.3642972644999205,0.3642972644999205
detection,31,bwd_pkt_len_min_std,-0.3562541915374543,0.3562541915374543
detection,31,duration_microsec_std,0.3557775570516384,0.3557775570516384
detection,31,fwd_iat_max_sum,0.3469151833164812,0.3469151833164812
detection,31,pkt_len_mean_std,0.3438121950318824,0.3438121950318824
detection,31,pkt_len_min_max,-0.3393000761288636,0.3393000761288636
detection,31,pkt_size_avg_sum,0.3348348542125381,0.3348348542125381
detection,31,fwd_pkts_per_sec_mean,0.332867606502079,0.332867606502079
detection,31,packets_per_sec_max,-0.3279622329777392,0.3279622329777392
detection,31,packet_count_bwd_max,0.3250547684377757,0.3250547684377757
detection,31,fwd_iat_std_std,0.3236852864034166,0.3236852864034166
detection,31,active_min_std,-0.3205613323124447,0.3205613323124447
detection,31,fwd_urg_flags_std,0.3171976054865401,0.3171976054865401
detection,31,cwe_flag_cnt_std,0.3171976054865401,0.3171976054865401
detection,31,packet_count_fwd_std,-0.3165185698442631,0.3165185698442631
detection,31,pkt_len_max_sum,0.3132880414035515,0.3132880414035515
detection,31,flow_iat_min_sum,0.3116389509847002,0.3116389509847002
detection,31,fwd_iat_min_max,0.3092774898588693,0.3092774898588693
detection,31,pkt_size_avg_max,0.3088340983438442,0.3088340983438442
detection,31,fwd_act_data_pkts_max,-0.3041938616269488,0.3041938616269488
detection,31,pkt_len_std_sum,0.2955071344233181,0.2955071344233181
detection,31,flow_iat_max_mean,-0.2937944548626215,0.2937944548626215
detection,31,active_mean_std,-0.2910218197631313,0.2910218197631313
detection,31,fwd_iat_max_max,-0.2893626426522757,0.2893626426522757
detection,31,fwd_iat_min_sum,0.2837288842085465,0.2837288842085465
detection,31,subflow_bwd_pkts_sum,-0.2779161740249753,0.2779161740249753
detection,31,active_std_max,0.2777758892741135,0.2777758892741135
detection,31,packets_per_sec_sum,-0.2773115244883261,0.2773115244883261
detection,31,fwd_iat_mean_max,0.272757375043493,0.272757375043493
detection,31,active_max_mean,-0.2712429386731948,0.2712429386731948
detection,31,duration_sec_sum,-0.2707610900569681,0.2707610900569681
detection,31,duration_microsec_max,0.2704019562487196,0.2704019562487196
detection,31,fwd_act_data_pkts_mean,-0.266778619403834,0.266778619403834
detection,31,active_std_std,-0.2647433665773603,0.2647433665773603
detection,31,subflow_bwd_byts_std,-0.2644303158775525,0.2644303158775525
detection,31,bwd_iat_tot_max,-0.2639999097317259,0.2639999097317259
detection,31,idle_mean_mean,0.262985547539138,0.262985547539138
detection,31,bwd_pkts_per_sec_max,-0.2610058250485987,0.2610058250485987
detection,31,fwd_seg_size_min_sum,0.2536368753067604,0.2536368753067604
detection,31,packets_per_sec_mean,-0.252905985190946,0.252905985190946
detection,31,subflow_fwd_pkts_mean,0.2523087096821539,0.2523087096821539
detection,31,fwd_seg_size_avg_mean,-0.251332115895898,0.251332115895898
detection,31,fwd_pkt_len_mean_mean,-0.251332115895898,0.251332115895898
detection,31,packets_per_sec_min,-0.2502788928788068,0.2502788928788068
detection,31,pkt_len_var_max,0.2485765582779512,0.2485765582779512
detection,31,bwd_pkts_per_sec_mean,-0.247220382287408,0.247220382287408
detection,31,flow_iat_max_max,0.2384870373179521,0.2384870373179521
detection,31,flow_iat_mean_sum,0.2357957414683604,0.2357957414683604
detection,31,fwd_iat_std_max,0.2317720372596312,0.2317720372596312
detection,31,idle_mean_std,-0.2304408514443782,0.2304408514443782
detection,31,flow_iat_std_mean,-0.2259527957777165,0.2259527957777165
detection,31,bwd_pkt_len_max_sum,0.2251091086861128,0.2251091086861128
detection,31,duration_sec_max,0.2247706547053201,0.2247706547053201
detection,31,fwd_pkt_len_std_max,-0.2227072482726823,0.2227072482726823
detection,31,byte_count_fwd_sum,-0.2205324239507383,0.2205324239507383
detection,31,flow_iat_std_max,-0.2163593411058576,0.2163593411058576
detection,31,fwd_header_len_max,0.2091539520369039,0.2091539520369039
detection,31,fwd_urg_flags_mean,-0.2036200420027677,0.2036200420027677
detection,31,cwe_flag_cnt_mean,-0.2036200420027677,0.2036200420027677
detection,31,active_mean_mean,-0.1972007806672305,0.1972007806672305
detection,31,bwd_iat_std_std,0.1893801180112768,0.1893801180112768
detection,31,window_size_fwd_max,-0.188902376932486,0.188902376932486
detection,31,packet_count_fwd_sum,-0.1883308222807458,0.1883308222807458
detection,31,bwd_iat_std_sum,0.1879850882601399,0.1879850882601399
detection,31,fwd_pkt_len_max_mean,0.1834205003866376,0.1834205003866376
detection,31,flow_iat_max_sum,0.183155111402216,0.183155111402216
detection,31,bytes_per_sec_std,0.1804726614128231,0.1804726614128231
detection,31,idle_max_sum,0.1787968560930165,0.1787968560930165
detection,31,idle_max_max,-0.1767113157707177,0.1767113157707177
detection,31,pkt_ttl_min,-0.1701024780358794,0.1701024780358794
detection,31,active_max_max,0.1678496573916212,0.1678496573916212
detection,31,window_size_fwd_sum,0.1674648239651755,0.1674648239651755
detection,31,fin_flag_cnt_max,0.1666822503259384,0.1666822503259384
detection,31,fwd_seg_size_min_min,-0.1643094893946543,0.1643094893946543
detection,31,bwd_header_len_mean,-0.1625927678469276,0.1625927678469276
detection,31,unique_protocols_count,0.1619843580393516,0.1619843580393516
detection,31,bwd_iat_tot_sum,-0.1618867194032895,0.1618867194032895
detection,31,pkt_size_avg_std,0.1611027316645116,0.1611027316645116
detection,31,bwd_pkt_len_max_max,-0.1606501758831285,0.1606501758831285
detection,31,subflow_fwd_byts_std,0.1598007089461137,0.1598007089461137
detection,31,pkt_len_min_sum,-0.158254668711988,0.158254668711988
detection,31,active_min_sum,0.1571017047903993,0.1571017047903993
detection,31,bwd_pkt_len_min_sum,0.1539581857352827,0.1539581857352827
detection,31,bwd_header_len_sum,-0.1539570413534423,0.1539570413534423
detection,31,subflow_fwd_pkts_std,-0.1537957871059972,0.1537957871059972
detection,31,pkt_payload_size_p50,-0.1522292806857402,0.1522292806857402
detection,31,bwd_iat_max_sum,-0.1516129497257692,0.1516129497257692
detection,31,packet_count_bwd_min,-0.1502055751213807,0.1502055751213807
detection,31,flow_iat_mean_std,-0.1484325054597665,0.1484325054597665
detection,31,subflow_bwd_pkts_max,0.1472346729561995,0.1472346729561995
detection,31,fwd_pkts_per_sec_std,0.147051530488302,0.147051530488302
detection,31,fwd_iat_mean_mean,-0.1461328576429826,0.1461328576429826
detection,31,flow_count,0.1437166248506459,0.1437166248506459
detection,31,fwd_pkt_len_min_sum,-0.1436989785203858,0.1436989785203858
detection,31,flow_iat_mean_mean,0.1429126194070377,0.1429126194070377
detection,31,fwd_pkt_len_min_mean,-0.1386548796292643,0.1386548796292643
detection,31,fwd_psh_flags_std,-0.1383831744180341,0.1383831744180341
detection,31,syn_flag_cnt_std,-0.1383831744180341,0.1383831744180341
detection,31,fwd_iat_max_std,-0.1380331054555004,0.1380331054555004
detection,31,subflow_fwd_byts_max,0.1374343286641501,0.1374343286641501
detection,31,packet_count_bwd_sum,0.1361090348980672,0.1361090348980672
detection,31,ece_flag_cnt_max,-0.1357402766297679,0.1357402766297679
detection,31,rst_flag_cnt_max,-0.1357402766297679,0.1357402766297679
detection,31,subflow_fwd_pkts_max,-0.1328053742909105,0.1328053742909105
detection,31,ack_flag_cnt_mean,0.1326967641463617,0.1326967641463617
detection,31,ack_flag_cnt_max,-0.1318133871686141,0.1318133871686141
detection,31,fwd_iat_mean_sum,0.1293118076679909,0.1293118076679909
detection,31,bwd_iat_max_mean,-0.1287919257772846,0.1287919257772846
detection,31,bwd_pkt_len_mean_mean,0.1283869589070717,0.1283869589070717
detection,31,bwd_seg_size_avg_mean,0.1283869589032389,0.1283869589032389
detection,31,fwd_seg_size_min_max,-0.1275123284365487,0.1275123284365487
detection,31,fwd_iat_tot_sum,-0.1252583684839427,0.1252583684839427
detection,31,flow_iat_min_max,0.1218858470051628,0.1218858470051628
detection,31,bwd_iat_tot_std,-0.1208171102783756,0.1208171102783756
detection,31,fwd_urg_flags_max,0.1116386379058708,0.1116386379058708
detection,31,cwe_flag_cnt_max,0.1116386379058708,0.1116386379058708
detection,31,psh_flag_cnt_sum,0.1076655203665551,0.1076655203665551
detection,31,active_mean_max,0.1050514967102585,0.1050514967102585
detection,31,bwd_pkt_len_max_mean,0.1002882358747482,0.1002882358747482
detection,31,psh_flag_cnt_std,0.0975838690867651,0.0975838690867651
detection,31,unique_dst_ports_count,0.0971742600307652,0.0971742600307652
detection,31,bwd_pkt_len_mean_std,0.0967836872075069,0.0967836872075069
detection,31,bwd_seg_size_avg_std,0.0967836871886582,0.0967836871886582
detection,31,bwd_iat_min_sum,0.0922351038271405,0.0922351038271405
detection,31,idle_mean_sum,0.0884280635055321,0.0884280635055321
detection,31,fin_flag_cnt_mean,0.0875110419473716,0.0875110419473716
detection,31,duration_microsec_sum,-0.0864480405706565,0.0864480405706565
detection,31,urg_flag_cnt_sum,0.0853037796062213,0.0853037796062213
detection,31,bwd_iat_min_mean,-0.0839746596211469,0.0839746596211469
detection,31,subflow_bwd_pkts_mean,-0.0822567589061683,0.0822567589061683
detection,31,fwd_header_len_std,-0.0817678424124955,0.0817678424124955
detection,31,packet_count_fwd_mean,0.0813823086362637,0.0813823086362637
detection,31,rst_flag_cnt_mean,-0.0806684327975842,0.0806684327975842
detection,31,syn_flag_cnt_max,0.0802237663407899,0.0802237663407899
detection,31,fwd_psh_flags_max,0.0802237663407899,0.0802237663407899
detection,31,fwd_iat_max_mean,0.0791887252400074,0.0791887252400074
detection,31,idle_std_max,-0.0790635859487477,0.0790635859487477
detection,31,fwd_act_data_pkts_sum,-0.0778065183089256,0.0778065183089256
detection,31,duration_sec_mean,-0.0777547285753528,0.0777547285753528
detection,31,flow_iat_min_mean,0.0772266879703495,0.0772266879703495
detection,31,fwd_psh_flags_mean,-0.0761697275007225,0.0761697275007225
detection,31,syn_flag_cnt_mean,-0.0761697275007225,0.0761697275007225
detection,31,fwd_iat_min_mean,-0.0713596601736658,0.0713596601736658
detection,31,psh_flag_cnt_max,-0.0692081737581053,0.0692081737581053
detection,31,fwd_pkt_len_min_std,-0.066324184495629,0.066324184495629
detection,31,idle_std_std,0.0662143388766622,0.0662143388766622
detection,31,pkt_len_min_mean,0.0660965526109727,0.0660965526109727
detection,31,byte_count_bwd_min,0.0658772538760781,0.0658772538760781
detection,31,bwd_pkt_len_std_sum,0.0649553281667004,0.0649553281667004
detection,31,fwd_iat_tot_mean,-0.0641139570986273,0.0641139570986273
detection,31,pkt_len_max_min,0.0631478814436306,0.0631478814436306
detection,31,bwd_pkt_len_mean_min,0.0587145321288934,0.0587145321288934
detection,31,bwd_seg_size_avg_min,0.0587145321288934,0.0587145321288934
detection,31,idle_max_std,0.0564876795766344,0.0564876795766344
detection,31,duration_microsec_mean,-0.0561104639489706,0.0561104639489706
detection,31,pkt_len_std_min,0.0546727903896703,0.0546727903896703
detection,31,idle_mean_max,-0.0529504800690924,0.0529504800690924
detection,31,fwd_psh_flags_sum,-0.0525060808865162,0.0525060808865162
detection,31,syn_flag_cnt_sum,-0.0525060808865162,0.0525060808865162
detection,31,bwd_iat_min_min,-0.0520780601425874,0.0520780601425874
detection,31,bwd_pkt_len_max_min,0.0520286339511975,0.0520286339511975
detection,31,subflow_bwd_byts_min,0.0506495915612334,0.0506495915612334
detection,31,pkt_len_var_min,0.0494249326081994,0.0494249326081994
detection,31,bwd_iat_std_min,0.048709999052202,0.048709999052202
detection,31,duration_microsec_min,0.048476890394348,0.048476890394348
detection,31,bwd_pkt_len_std_min,0.0484716792935949,0.0484716792935949
detection,31,fwd_iat_tot_min,0.0484131722066334,0.0484131722066334
detection,31,pkt_len_std_max,0.04814721307496,0.04814721307496
detection,31,packet_count_fwd_min,0.0479429080893445,0.0479429080893445
detection,31,fwd_urg_flags_sum,0.0465503872454769,0.0465503872454769
detection,31,cwe_flag_cnt_sum,0.0465503872454769,0.0465503872454769
detection,31,flow_iat_min_std,0.0462938732398977,0.0462938732398977
detection,31,flow_iat_min_min,0.0461568594988896,0.0461568594988896
detection,31,fin_flag_cnt_std,0.0455927257468642,0.0455927257468642
detection,31,flow_iat_mean_min,0.045413783957,0.045413783957
detection,31,idle_min_max,-0.044934696212459,0.044934696212459
detection,31,fwd_pkt_len_std_min,0.0449320011249411,0.0449320011249411
detection,31,fwd_iat_mean_min,0.0442947237386787,0.0442947237386787
detection,31,duration_sec_min,0.0438113649980811,0.0438113649980811
detection,31,pkt_len_mean_min,0.0433216616145518,0.0433216616145518
detection,31,fwd_iat_max_min,0.042868956766743,0.042868956766743
detection,31,flow_iat_max_min,0.0427596096280978,0.0427596096280978
detection,31,pkt_size_avg_min,0.0423092971933865,0.0423092971933865
detection,31,idle_max_min,0.0422604002506889,0.0422604002506889
detection,31,window_size_bwd_min,0.0418822195492527,0.0418822195492527
detection,31,fwd_iat_tot_max,0.0414494775102706,0.0414494775102706
detection,31,subflow_fwd_pkts_min,0.0413510464756476,0.0413510464756476
detection,31,fwd_iat_min_min,0.041260286259799,0.041260286259799
detection,31,active_min_mean,0.041260148437499,0.041260148437499
detection,31,bwd_iat_tot_min,0.0411104590781881,0.0411104590781881
detection,31,ece_flag_cnt_mean,-0.0401167465653952,0.0401167465653952
detection,31,idle_mean_min,0.0384424226189948,0.0384424226189948
detection,31,subflow_bwd_pkts_min,-0.038297452130003,0.038297452130003
detection,31,fwd_pkts_per_sec_min,-0.0373269958299653,0.0373269958299653
detection,31,idle_min_sum,0.0371541824232156,0.0371541824232156
detection,31,subflow_bwd_byts_mean,-0.0366257852689142,0.0366257852689142
detection,31,idle_min_mean,-0.036110195441376,0.036110195441376
detection,31,window_size_fwd_min,0.0339266511653914,0.0339266511653914
detection,31,fwd_pkt_len_min_min,0.0332548459533705,0.0332548459533705
detection,31,idle_std_sum,0.0327278449970073,0.0327278449970073
detection,31,idle_min_min,0.0323847054034793,0.0323847054034793
detection,31,pkt_len_min_min,0.0309602712021593,0.0309602712021593
detection,31,active_min_max,0.0307154566303403,0.0307154566303403
detection,31,active_min_min,0.0306682728539905,0.0306682728539905
detection,31,bwd_iat_max_min,0.030435833799465,0.030435833799465
detection,31,fwd_seg_size_avg_min,0.0301890975677746,0.0301890975677746
detection,31,fwd_pkt_len_mean_min,0.0301890975677746,0.0301890975677746
detection,31,active_mean_min,0.0298314427738986,0.0298314427738986
detection,31,fwd_pkt_len_min_max,-0.0294563946980135,0.0294563946980135
detection,31,active_max_min,0.0284651805912667,0.0284651805912667
detection,31,psh_flag_cnt_min,0.0279953923625303,0.0279953923625303
detection,31,bwd_pkts_per_sec_min,0.0276078249992528,0.0276078249992528
detection,31,down_up_ratio_min,0.027276173063612,0.027276173063612
detection,31,fwd_pkt_len_max_min,0.0266698106818455,0.0266698106818455
detection,31,active_std_min,0.0256536092840023,0.0256536092840023
detection,31,bwd_pkt_len_min_max,-0.0252743719167895,0.0252743719167895
detection,31,subflow_fwd_byts_min,0.0250375547334236,0.0250375547334236
detection,31,idle_std_min,0.0247742809861719,0.0247742809861719
detection,31,bwd_iat_std_max,-0.0234326021880157,0.0234326021880157
detection,31,flow_iat_std_min,0.0233737288845768,0.0233737288845768
detection,31,fwd_seg_size_avg_std,-0.023045188516766,0.023045188516766
detection,31,fwd_pkt_len_mean_std,-0.023045188516766,0.023045188516766
detection,31,fwd_iat_std_min,0.0226195444169498,0.0226195444169498
detection,31,fwd_psh_flags_min,0.0226175262228274,0.0226175262228274
detection,31,ack_flag_cnt_min,0.0226175262228274,0.0226175262228274
detection,31,syn_flag_cnt_min,0.0226175262228274,0.0226175262228274
detection,31,packets_per_sec_std,0.0216250110952757,0.0216250110952757
detection,31,fwd_seg_size_avg_max,0.020931674436665,0.020931674436665
detection,31,fwd_pkt_len_mean_max,0.020931674436665,0.020931674436665
detection,31,bytes_per_sec_min,0.018804997071879,0.018804997071879
detection,31,fwd_act_data_pkts_std,-0.0181995022134661,0.0181995022134661
detection,31,bwd_header_len_min,0.0180518179336538,0.0180518179336538
detection,31,packet_count_fwd_max,0.0169858133431072,0.0169858133431072
detection,31,pkt_payload_size_p25,-0.0159948194794504,0.0159948194794504
detection,31,fwd_act_data_pkts_min,0.0114020221265797,0.0114020221265797
detection,31,bwd_iat_max_max,0.0112070054055978,0.0112070054055978
detection,31,flow_iat_mean_max,-0.0111422219186341,0.0111422219186341
detection,31,bwd_iat_mean_min,-0.006543182314543,0.006543182314543
detection,31,fwd_header_len_min,-0.0058379449152343,0.0058379449152343
detection,31,fin_flag_cnt_sum,0.0055903432868131,0.0055903432868131
detection,31,byte_count_fwd_min,0.0048867971835253,0.0048867971835253
detection,31,byte_count_fwd_mean,-0.0026378571645796,0.0026378571645796
detection,31,pkt_len_var_std,-0.0019325975713746,0.0019325975713746
detection,31,fwd_byts_b_avg_max,0.0,0.0
detection,31,mask_has_flow_timing_features,0.0,0.0
detection,31,mask_has_traffic_volume_features,0.0,0.0
detection,31,fin_flag_cnt_min,0.0,0.0
detection,31,rst_flag_cnt_min,0.0,0.0
detection,31,mask_has_identity_auth,0.0,0.0
detection,31,fwd_byts_b_avg_min,0.0,0.0
detection,31,fwd_byts_b_avg_sum,0.0,0.0
detection,31,fwd_byts_b_avg_std,0.0,0.0
detection,31,fwd_byts_b_avg_mean,0.0,0.0
detection,31,ece_flag_cnt_min,0.0,0.0
detection,31,urg_flag_cnt_min,0.0,0.0
detection,31,cwe_flag_cnt_min,0.0,0.0
detection,31,bwd_urg_flags_max,0.0,0.0
detection,31,mask_has_graph_topology,0.0,0.0
detection,31,pkt_frag_mf_count,0.0,0.0
detection,31,mask_has_tcp_flags,0.0,0.0
detection,31,bwd_pkts_b_avg_max,0.0,0.0
detection,31,bwd_blk_rate_avg_max,0.0,0.0
detection,31,bwd_blk_rate_avg_sum,0.0,0.0
detection,31,bwd_pkts_b_avg_sum,0.0,0.0
detection,31,fwd_pkts_b_avg_std,0.0,0.0
detection,31,fwd_pkts_b_avg_sum,0.0,0.0
detection,31,fwd_pkts_b_avg_mean,0.0,0.0
detection,31,bwd_blk_rate_avg_min,0.0,0.0
detection,31,bwd_pkts_b_avg_min,0.0,0.0
detection,31,bwd_blk_rate_avg_mean,0.0,0.0
detection,31,bwd_blk_rate_avg_std,0.0,0.0
detection,31,fwd_pkts_b_avg_min,0.0,0.0
detection,31,fwd_blk_rate_avg_min,0.0,0.0
detection,31,fwd_blk_rate_avg_max,0.0,0.0
detection,31,bwd_byts_b_avg_mean,0.0,0.0
detection,31,bwd_byts_b_avg_std,0.0,0.0
detection,31,fwd_pkts_b_avg_max,0.0,0.0
detection,31,fwd_blk_rate_avg_mean,0.0,0.0
detection,31,fwd_blk_rate_avg_std,0.0,0.0
detection,31,fwd_blk_rate_avg_sum,0.0,0.0
detection,31,bwd_pkts_b_avg_mean,0.0,0.0
detection,31,bwd_byts_b_avg_max,0.0,0.0
detection,31,bwd_byts_b_avg_min,0.0,0.0
detection,31,bwd_byts_b_avg_sum,0.0,0.0
detection,31,bwd_psh_flags_std,0.0,0.0
detection,31,bwd_psh_flags_sum,0.0,0.0
detection,31,bwd_pkts_b_avg_std,0.0,0.0
detection,31,bwd_psh_flags_mean,0.0,0.0
detection,31,bwd_psh_flags_max,0.0,0.0
detection,31,bwd_psh_flags_min,0.0,0.0
detection,31,fwd_urg_flags_min,0.0,0.0
detection,31,bwd_urg_flags_mean,0.0,0.0
detection,31,bwd_urg_flags_std,0.0,0.0
detection,31,bwd_urg_flags_sum,0.0,0.0
detection,31,bwd_urg_flags_min,0.0,0.0
detection,31,bwd_pkt_len_min_min,0.0,0.0
detection,32,fwd_pkt_len_std_mean,1.7992478522322135,1.7992478522322135
detection,32,bwd_pkt_len_std_mean,-1.7300506610382882,1.7300506610382882
detection,32,window_size_bwd_std,1.7121256947016266,1.7121256947016266
detection,32,byte_count_bwd_std,-1.6539325750240417,1.6539325750240417
detection,32,fwd_pkt_len_max_std,-1.5951566095091592,1.5951566095091592
detection,32,pkt_tcp_retrans_count,1.4620901300963187,1.4620901300963187
detection,32,pkt_port_scan_seq_score,1.3648534114973816,1.3648534114973816
detection,32,bwd_iat_std_mean,1.330270970001274,1.330270970001274
detection,32,packet_count_bwd_std,1.2628829533102608,1.2628829533102608
detection,32,down_up_ratio_std,-1.2429949451801492,1.2429949451801492
detection,32,byte_count_fwd_max,1.2400638292709838,1.2400638292709838
detection,32,bytes_per_sec_mean,-1.2329103581197227,1.2329103581197227
detection,32,flow_iat_std_std,-1.1999063051335388,1.1999063051335388
detection,32,bytes_per_sec_max,1.1810242171352066,1.1810242171352066
detection,32,window_size_fwd_std,-1.1247643061182768,1.1247643061182768
detection,32,bwd_iat_max_std,-1.1197998177450594,1.1197998177450594
detection,32,pkt_len_std_mean,-1.0982706509136977,1.0982706509136977
detection,32,bwd_pkt_len_min_mean,1.0341211392556895,1.0341211392556895
detection,32,bwd_iat_mean_std,1.0335098121329305,1.0335098121329305
detection,32,bwd_iat_min_std,-1.0288208827457055,1.0288208827457055
detection,32,ack_flag_cnt_std,0.988570874330644,0.988570874330644
detection,32,bwd_pkts_per_sec_sum,-0.9734144460625992,0.9734144460625992
detection,32,urg_flag_cnt_mean,-0.9646790511257032,0.9646790511257032
detection,32,bwd_pkt_len_std_std,0.9589375183976206,0.9589375183976206
detection,32,pkt_len_min_std,0.9451745146205942,0.9451745146205942
detection,32,fwd_seg_size_min_mean,0.9351262949750492,0.9351262949750492
detection,32,subflow_bwd_byts_sum,-0.9251461912205308,0.9251461912205308
detection,32,bwd_seg_size_avg_max,0.9127126051477044,0.9127126051477044
detection,32,bwd_pkt_len_mean_max,0.9127126051474692,0.9127126051474692
detection,32,bwd_iat_min_max,0.85968321633171,0.85968321633171
detection,32,bytes_per_sec_sum,-0.8568878771147378,0.8568878771147378
detection,32,fwd_header_len_mean,0.8329529237087279,0.8329529237087279
detection,32,pkt_len_mean_max,-0.8029907095597648,0.8029907095597648
detection,32,fwd_pkt_len_std_std,0.7945594355431606,0.7945594355431606
detection,32,pkt_payload_size_p95,-0.7798834135101332,0.7798834135101332
detection,32,pkt_len_max_std,-0.7518942904738615,0.7518942904738615
detection,32,bwd_pkts_per_sec_std,0.7388121015924198,0.7388121015924198
detection,32,active_max_sum,0.7371553487020943,0.7371553487020943
detection,32,bwd_pkt_len_max_std,0.7339998861630144,0.7339998861630144
detection,32,pkt_len_mean_mean,-0.7300560988975944,0.7300560988975944
detection,32,duration_sec_std,0.7146936777573838,0.7146936777573838
detection,32,bwd_iat_mean_sum,-0.7073195150117865,0.7073195150117865
detection,32,fwd_iat_mean_std,-0.6899749248258217,0.6899749248258217
detection,32,window_size_bwd_mean,-0.6887307181826285,0.6887307181826285
detection,32,pkt_size_avg_mean,-0.6849762688565216,0.6849762688565216
detection,32,packet_count_bwd_mean,0.6826922171059883,0.6826922171059883
detection,32,byte_count_bwd_max,-0.6725585234554609,0.6725585234554609
detection,32,urg_flag_cnt_max,0.6679926641071385,0.6679926641071385
detection,32,bwd_pkt_len_std_max,0.6651503858600833,0.6651503858600833
detection,32,active_mean_sum,-0.6643068800944826,0.6643068800944826
detection,32,window_size_bwd_sum,-0.6641619158353483,0.6641619158353483
detection,32,ece_flag_cnt_sum,0.65829562494583,0.65829562494583
detection,32,rst_flag_cnt_sum,0.6574733100275048,0.6574733100275048
detection,32,pkt_len_std_std,0.6385907541582878,0.6385907541582878
detection,32,bwd_iat_tot_mean,-0.6257625213047951,0.6257625213047951
detection,32,byte_count_bwd_mean,-0.6251363626380354,0.6251363626380354
detection,32,ece_flag_cnt_std,0.6198786231777226,0.6198786231777226
detection,32,byte_count_fwd_std,-0.6185188893789993,0.6185188893789993
detection,32,psh_flag_cnt_mean,0.6129206600943972,0.6129206600943972
detection,32,fwd_header_len_sum,0.6046044246956276,0.6046044246956276
detection,32,rst_flag_cnt_std,0.5939710327975289,0.5939710327975289
detection,32,pkt_len_var_sum,0.5852240033364721,0.5852240033364721
detection,32,flow_iat_max_std,-0.5800756250540633,0.5800756250540633
detection,32,urg_flag_cnt_std,0.5748742010080454,0.5748742010080454
detection,32,pkt_payload_size_p75,-0.5717014666281229,0.5717014666281229
detection,32,active_std_sum,-0.5689984050185555,0.5689984050185555
detection,32,window_size_bwd_max,0.5639202892800377,0.5639202892800377
detection,32,fwd_seg_size_min_std,-0.5541508239517563,0.5541508239517563
detection,32,pkt_frag_df_count,0.55102607034,0.55102607034
detection,32,subflow_fwd_byts_mean,-0.5477030681699042,0.5477030681699042
detection,32,pkt_len_max_mean,-0.5323449561981886,0.5323449561981886
detection,32,bwd_iat_mean_max,-0.5253152054772023,0.5253152054772023
detection,32,fwd_pkt_len_max_max,0.5188538833094496,0.5188538833094496
detection,32,bwd_pkt_len_mean_sum,0.5182291739503421,0.5182291739503421
detection,32,bwd_seg_size_avg_sum,0.5182291739498738,0.5182291739498738
detection,32,bwd_iat_mean_mean,0.4985147129676527,0.4985147129676527
detection,32,idle_std_mean,0.4948967187295285,0.4948967187295285
detection,32,subflow_bwd_byts_max,0.4926829826654743,0.4926829826654743
detection,32,byte_count_bwd_sum,-0.4829542069204348,0.4829542069204348
detection,32,flow_iat_std_sum,-0.4825955271191022,0.4825955271191022
detection,32,fwd_iat_std_mean,0.4824989940480974,0.4824989940480974
detection,32,subflow_fwd_byts_sum,0.4761344828816888,0.4761344828816888
detection,32,subflow_fwd_pkts_sum,0.4747491925832166,0.4747491925832166
detection,32,ack_flag_cnt_sum,0.4712234677696905,0.4712234677696905
detection,32,down_up_ratio_max,0.4672317993517808,0.4672317993517808
detection,32,active_std_mean,-0.453881614184007,0.453881614184007
detection,32,idle_max_mean,0.4533720312866052,0.4533720312866052
detection,32,active_max_std,0.4355182718681431,0.4355182718681431
detection,32,window_size_fwd_mean,0.4343502210877361,0.4343502210877361
detection,32,idle_min_std,-0.4217822730830848,0.4217822730830848
detection,32,bwd_header_len_max,0.4158447063585354,0.4158447063585354
detection,32,fwd_iat_min_std,-0.4114259908192804,0.4114259908192804
detection,32,down_up_ratio_mean,0.4058092234754287,0.4058092234754287
detection,32,mask_has_packet_level_features,-0.403920289765573,0.403920289765573
detection,32,pkt_ttl_max,-0.403920289765573,0.403920289765573
detection,32,fwd_pkt_len_std_sum,0.4011712884163048,0.4011712884163048
detection,32,fwd_pkt_len_mean_sum,0.3933492012376035,0.3933492012376035
detection,32,fwd_seg_size_avg_sum,0.3933492012376035,0.3933492012376035
detection,32,pkt_len_var_mean,-0.3915246567095576,0.3915246567095576
detection,32,fwd_iat_tot_std,0.3848848670409059,0.3848848670409059
detection,32,down_up_ratio_sum,0.3841605377752183,0.3841605377752183
detection,32,fwd_iat_std_sum,0.3817392695447128,0.3817392695447128
detection,32,bwd_header_len_std,-0.3802937210549065,0.3802937210549065
detection,32,pkt_ttl_std,0.3785554900177869,0.3785554900177869
detection,32,pkt_ttl_mode,0.374917600709909,0.374917600709909
detection,32,pkt_len_mean_sum,0.3729680451719483,0.3729680451719483
detection,32,fwd_pkts_per_sec_max,-0.3688170409645843,0.3688170409645843
detection,32,fwd_pkt_len_max_sum,0.3665683459137281,0.3665683459137281
detection,32,fwd_pkts_per_sec_sum,0.3653105832795857,0.3653105832795857
detection,32,pkt_len_max_max,0.3651084062541433,0.3651084062541433
detection,32,subflow_bwd_pkts_std,-0.3642972644999205,0.3642972644999205
detection,32,bwd_pkt_len_min_std,-0.3562541915374543,0.3562541915374543
detection,32,duration_microsec_std,0.3557775570516384,0.3557775570516384
detection,32,fwd_iat_max_sum,0.3469151833164812,0.3469151833164812
detection,32,pkt_len_mean_std,0.3438121950318824,0.3438121950318824
detection,32,pkt_len_min_max,-0.3393000761288636,0.3393000761288636
detection,32,pkt_size_avg_sum,0.3348348542125381,0.3348348542125381
detection,32,fwd_pkts_per_sec_mean,0.332867606502079,0.332867606502079
detection,32,packets_per_sec_max,-0.3279622329777392,0.3279622329777392
detection,32,packet_count_bwd_max,0.3250547684377757,0.3250547684377757
detection,32,fwd_iat_std_std,0.3236852864034166,0.3236852864034166
detection,32,active_min_std,-0.3205613323124447,0.3205613323124447
detection,32,fwd_urg_flags_std,0.3171976054865401,0.3171976054865401
detection,32,cwe_flag_cnt_std,0.3171976054865401,0.3171976054865401
detection,32,packet_count_fwd_std,-0.3165185698442631,0.3165185698442631
detection,32,pkt_len_max_sum,0.3132880414035515,0.3132880414035515
detection,32,flow_iat_min_sum,0.3116389509847002,0.3116389509847002
detection,32,fwd_iat_min_max,0.3092774898588693,0.3092774898588693
detection,32,pkt_size_avg_max,0.3088340983438442,0.3088340983438442
detection,32,fwd_act_data_pkts_max,-0.3041938616269488,0.3041938616269488
detection,32,pkt_len_std_sum,0.2955071344233181,0.2955071344233181
detection,32,flow_iat_max_mean,-0.2937944548626215,0.2937944548626215
detection,32,active_mean_std,-0.2910218197631313,0.2910218197631313
detection,32,fwd_iat_max_max,-0.2893626426522757,0.2893626426522757
detection,32,fwd_iat_min_sum,0.2837288842085465,0.2837288842085465
detection,32,subflow_bwd_pkts_sum,-0.2779161740249753,0.2779161740249753
detection,32,active_std_max,0.2777758892741135,0.2777758892741135
detection,32,packets_per_sec_sum,-0.2773115244883261,0.2773115244883261
detection,32,fwd_iat_mean_max,0.272757375043493,0.272757375043493
detection,32,active_max_mean,-0.2712429386731948,0.2712429386731948
detection,32,duration_sec_sum,-0.2707610900569681,0.2707610900569681
detection,32,duration_microsec_max,0.2704019562487196,0.2704019562487196
detection,32,fwd_act_data_pkts_mean,-0.266778619403834,0.266778619403834
detection,32,active_std_std,-0.2647433665773603,0.2647433665773603
detection,32,subflow_bwd_byts_std,-0.2644303158775525,0.2644303158775525
detection,32,bwd_iat_tot_max,-0.2639999097317259,0.2639999097317259
detection,32,idle_mean_mean,0.262985547539138,0.262985547539138
detection,32,bwd_pkts_per_sec_max,-0.2610058250485987,0.2610058250485987
detection,32,fwd_seg_size_min_sum,0.2536368753067604,0.2536368753067604
detection,32,packets_per_sec_mean,-0.252905985190946,0.252905985190946
detection,32,subflow_fwd_pkts_mean,0.2523087096821539,0.2523087096821539
detection,32,fwd_seg_size_avg_mean,-0.251332115895898,0.251332115895898
detection,32,fwd_pkt_len_mean_mean,-0.251332115895898,0.251332115895898
detection,32,packets_per_sec_min,-0.2502788928788068,0.2502788928788068
detection,32,pkt_len_var_max,0.2485765582779512,0.2485765582779512
detection,32,bwd_pkts_per_sec_mean,-0.247220382287408,0.247220382287408
detection,32,flow_iat_max_max,0.2384870373179521,0.2384870373179521
detection,32,flow_iat_mean_sum,0.2357957414683604,0.2357957414683604
detection,32,fwd_iat_std_max,0.2317720372596312,0.2317720372596312
detection,32,idle_mean_std,-0.2304408514443782,0.2304408514443782
detection,32,flow_iat_std_mean,-0.2259527957777165,0.2259527957777165
detection,32,bwd_pkt_len_max_sum,0.2251091086861128,0.2251091086861128
detection,32,duration_sec_max,0.2247706547053201,0.2247706547053201
detection,32,fwd_pkt_len_std_max,-0.2227072482726823,0.2227072482726823
detection,32,byte_count_fwd_sum,-0.2205324239507383,0.2205324239507383
detection,32,flow_iat_std_max,-0.2163593411058576,0.2163593411058576
detection,32,fwd_header_len_max,0.2091539520369039,0.2091539520369039
detection,32,fwd_urg_flags_mean,-0.2036200420027677,0.2036200420027677
detection,32,cwe_flag_cnt_mean,-0.2036200420027677,0.2036200420027677
detection,32,active_mean_mean,-0.1972007806672305,0.1972007806672305
detection,32,bwd_iat_std_std,0.1893801180112768,0.1893801180112768
detection,32,window_size_fwd_max,-0.188902376932486,0.188902376932486
detection,32,packet_count_fwd_sum,-0.1883308222807458,0.1883308222807458
detection,32,bwd_iat_std_sum,0.1879850882601399,0.1879850882601399
detection,32,fwd_pkt_len_max_mean,0.1834205003866376,0.1834205003866376
detection,32,flow_iat_max_sum,0.183155111402216,0.183155111402216
detection,32,bytes_per_sec_std,0.1804726614128231,0.1804726614128231
detection,32,idle_max_sum,0.1787968560930165,0.1787968560930165
detection,32,idle_max_max,-0.1767113157707177,0.1767113157707177
detection,32,pkt_ttl_min,-0.1701024780358794,0.1701024780358794
detection,32,active_max_max,0.1678496573916212,0.1678496573916212
detection,32,window_size_fwd_sum,0.1674648239651755,0.1674648239651755
detection,32,fin_flag_cnt_max,0.1666822503259384,0.1666822503259384
detection,32,fwd_seg_size_min_min,-0.1643094893946543,0.1643094893946543
detection,32,bwd_header_len_mean,-0.1625927678469276,0.1625927678469276
detection,32,unique_protocols_count,0.1619843580393516,0.1619843580393516
detection,32,bwd_iat_tot_sum,-0.1618867194032895,0.1618867194032895
detection,32,pkt_size_avg_std,0.1611027316645116,0.1611027316645116
detection,32,bwd_pkt_len_max_max,-0.1606501758831285,0.1606501758831285
detection,32,subflow_fwd_byts_std,0.1598007089461137,0.1598007089461137
detection,32,pkt_len_min_sum,-0.158254668711988,0.158254668711988
detection,32,active_min_sum,0.1571017047903993,0.1571017047903993
detection,32,bwd_pkt_len_min_sum,0.1539581857352827,0.1539581857352827
detection,32,bwd_header_len_sum,-0.1539570413534423,0.1539570413534423
detection,32,subflow_fwd_pkts_std,-0.1537957871059972,0.1537957871059972
detection,32,pkt_payload_size_p50,-0.1522292806857402,0.1522292806857402
detection,32,bwd_iat_max_sum,-0.1516129497257692,0.1516129497257692
detection,32,packet_count_bwd_min,-0.1502055751213807,0.1502055751213807
detection,32,flow_iat_mean_std,-0.1484325054597665,0.1484325054597665
detection,32,subflow_bwd_pkts_max,0.1472346729561995,0.1472346729561995
detection,32,fwd_pkts_per_sec_std,0.147051530488302,0.147051530488302
detection,32,fwd_iat_mean_mean,-0.1461328576429826,0.1461328576429826
detection,32,flow_count,0.1437166248506459,0.1437166248506459
detection,32,fwd_pkt_len_min_sum,-0.1436989785203858,0.1436989785203858
detection,32,flow_iat_mean_mean,0.1429126194070377,0.1429126194070377
detection,32,fwd_pkt_len_min_mean,-0.1386548796292643,0.1386548796292643
detection,32,fwd_psh_flags_std,-0.1383831744180341,0.1383831744180341
detection,32,syn_flag_cnt_std,-0.1383831744180341,0.1383831744180341
detection,32,fwd_iat_max_std,-0.1380331054555004,0.1380331054555004
detection,32,subflow_fwd_byts_max,0.1374343286641501,0.1374343286641501
detection,32,packet_count_bwd_sum,0.1361090348980672,0.1361090348980672
detection,32,ece_flag_cnt_max,-0.1357402766297679,0.1357402766297679
detection,32,rst_flag_cnt_max,-0.1357402766297679,0.1357402766297679
detection,32,subflow_fwd_pkts_max,-0.1328053742909105,0.1328053742909105
detection,32,ack_flag_cnt_mean,0.1326967641463617,0.1326967641463617
detection,32,ack_flag_cnt_max,-0.1318133871686141,0.1318133871686141
detection,32,fwd_iat_mean_sum,0.1293118076679909,0.1293118076679909
detection,32,bwd_iat_max_mean,-0.1287919257772846,0.1287919257772846
detection,32,bwd_pkt_len_mean_mean,0.1283869589070717,0.1283869589070717
detection,32,bwd_seg_size_avg_mean,0.1283869589032389,0.1283869589032389
detection,32,fwd_seg_size_min_max,-0.1275123284365487,0.1275123284365487
detection,32,fwd_iat_tot_sum,-0.1252583684839427,0.1252583684839427
detection,32,flow_iat_min_max,0.1218858470051628,0.1218858470051628
detection,32,bwd_iat_tot_std,-0.1208171102783756,0.1208171102783756
detection,32,fwd_urg_flags_max,0.1116386379058708,0.1116386379058708
detection,32,cwe_flag_cnt_max,0.1116386379058708,0.1116386379058708
detection,32,psh_flag_cnt_sum,0.1076655203665551,0.1076655203665551
detection,32,active_mean_max,0.1050514967102585,0.1050514967102585
detection,32,bwd_pkt_len_max_mean,0.1002882358747482,0.1002882358747482
detection,32,psh_flag_cnt_std,0.0975838690867651,0.0975838690867651
detection,32,unique_dst_ports_count,0.0971742600307652,0.0971742600307652
detection,32,bwd_pkt_len_mean_std,0.0967836872075069,0.0967836872075069
detection,32,bwd_seg_size_avg_std,0.0967836871886582,0.0967836871886582
detection,32,bwd_iat_min_sum,0.0922351038271405,0.0922351038271405
detection,32,idle_mean_sum,0.0884280635055321,0.0884280635055321
detection,32,fin_flag_cnt_mean,0.0875110419473716,0.0875110419473716
detection,32,duration_microsec_sum,-0.0864480405706565,0.0864480405706565
detection,32,urg_flag_cnt_sum,0.0853037796062213,0.0853037796062213
detection,32,bwd_iat_min_mean,-0.0839746596211469,0.0839746596211469
detection,32,subflow_bwd_pkts_mean,-0.0822567589061683,0.0822567589061683
detection,32,fwd_header_len_std,-0.0817678424124955,0.0817678424124955
detection,32,packet_count_fwd_mean,0.0813823086362637,0.0813823086362637
detection,32,rst_flag_cnt_mean,-0.0806684327975842,0.0806684327975842
detection,32,syn_flag_cnt_max,0.0802237663407899,0.0802237663407899
detection,32,fwd_psh_flags_max,0.0802237663407899,0.0802237663407899
detection,32,fwd_iat_max_mean,0.0791887252400074,0.0791887252400074
detection,32,idle_std_max,-0.0790635859487477,0.0790635859487477
detection,32,fwd_act_data_pkts_sum,-0.0778065183089256,0.0778065183089256
detection,32,duration_sec_mean,-0.0777547285753528,0.0777547285753528
detection,32,flow_iat_min_mean,0.0772266879703495,0.0772266879703495
detection,32,fwd_psh_flags_mean,-0.0761697275007225,0.0761697275007225
detection,32,syn_flag_cnt_mean,-0.0761697275007225,0.0761697275007225
detection,32,fwd_iat_min_mean,-0.0713596601736658,0.0713596601736658
detection,32,psh_flag_cnt_max,-0.0692081737581053,0.0692081737581053
detection,32,fwd_pkt_len_min_std,-0.066324184495629,0.066324184495629
detection,32,idle_std_std,0.0662143388766622,0.0662143388766622
detection,32,pkt_len_min_mean,0.0660965526109727,0.0660965526109727
detection,32,byte_count_bwd_min,0.0658772538760781,0.0658772538760781
detection,32,bwd_pkt_len_std_sum,0.0649553281667004,0.0649553281667004
detection,32,fwd_iat_tot_mean,-0.0641139570986273,0.0641139570986273
detection,32,pkt_len_max_min,0.0631478814436306,0.0631478814436306
detection,32,bwd_pkt_len_mean_min,0.0587145321288934,0.0587145321288934
detection,32,bwd_seg_size_avg_min,0.0587145321288934,0.0587145321288934
detection,32,idle_max_std,0.0564876795766344,0.0564876795766344
detection,32,duration_microsec_mean,-0.0561104639489706,0.0561104639489706
detection,32,pkt_len_std_min,0.0546727903896703,0.0546727903896703
detection,32,idle_mean_max,-0.0529504800690924,0.0529504800690924
detection,32,fwd_psh_flags_sum,-0.0525060808865162,0.0525060808865162
detection,32,syn_flag_cnt_sum,-0.0525060808865162,0.0525060808865162
detection,32,bwd_iat_min_min,-0.0520780601425874,0.0520780601425874
detection,32,bwd_pkt_len_max_min,0.0520286339511975,0.0520286339511975
detection,32,subflow_bwd_byts_min,0.0506495915612334,0.0506495915612334
detection,32,pkt_len_var_min,0.0494249326081994,0.0494249326081994
detection,32,bwd_iat_std_min,0.048709999052202,0.048709999052202
detection,32,duration_microsec_min,0.048476890394348,0.048476890394348
detection,32,bwd_pkt_len_std_min,0.0484716792935949,0.0484716792935949
detection,32,fwd_iat_tot_min,0.0484131722066334,0.0484131722066334
detection,32,pkt_len_std_max,0.04814721307496,0.04814721307496
detection,32,packet_count_fwd_min,0.0479429080893445,0.0479429080893445
detection,32,fwd_urg_flags_sum,0.0465503872454769,0.0465503872454769
detection,32,cwe_flag_cnt_sum,0.0465503872454769,0.0465503872454769
detection,32,flow_iat_min_std,0.0462938732398977,0.0462938732398977
detection,32,flow_iat_min_min,0.0461568594988896,0.0461568594988896
detection,32,fin_flag_cnt_std,0.0455927257468642,0.0455927257468642
detection,32,flow_iat_mean_min,0.045413783957,0.045413783957
detection,32,idle_min_max,-0.044934696212459,0.044934696212459
detection,32,fwd_pkt_len_std_min,0.0449320011249411,0.0449320011249411
detection,32,fwd_iat_mean_min,0.0442947237386787,0.0442947237386787
detection,32,duration_sec_min,0.0438113649980811,0.0438113649980811
detection,32,pkt_len_mean_min,0.0433216616145518,0.0433216616145518
detection,32,fwd_iat_max_min,0.042868956766743,0.042868956766743
detection,32,flow_iat_max_min,0.0427596096280978,0.0427596096280978
detection,32,pkt_size_avg_min,0.0423092971933865,0.0423092971933865
detection,32,idle_max_min,0.0422604002506889,0.0422604002506889
detection,32,window_size_bwd_min,0.0418822195492527,0.0418822195492527
detection,32,fwd_iat_tot_max,0.0414494775102706,0.0414494775102706
detection,32,subflow_fwd_pkts_min,0.0413510464756476,0.0413510464756476
detection,32,fwd_iat_min_min,0.041260286259799,0.041260286259799
detection,32,active_min_mean,0.041260148437499,0.041260148437499
detection,32,bwd_iat_tot_min,0.0411104590781881,0.0411104590781881
detection,32,ece_flag_cnt_mean,-0.0401167465653952,0.0401167465653952
detection,32,idle_mean_min,0.0384424226189948,0.0384424226189948
detection,32,subflow_bwd_pkts_min,-0.038297452130003,0.038297452130003
detection,32,fwd_pkts_per_sec_min,-0.0373269958299653,0.0373269958299653
detection,32,idle_min_sum,0.0371541824232156,0.0371541824232156
detection,32,subflow_bwd_byts_mean,-0.0366257852689142,0.0366257852689142
detection,32,idle_min_mean,-0.036110195441376,0.036110195441376
detection,32,window_size_fwd_min,0.0339266511653914,0.0339266511653914
detection,32,fwd_pkt_len_min_min,0.0332548459533705,0.0332548459533705
detection,32,idle_std_sum,0.0327278449970073,0.0327278449970073
detection,32,idle_min_min,0.0323847054034793,0.0323847054034793
detection,32,pkt_len_min_min,0.0309602712021593,0.0309602712021593
detection,32,active_min_max,0.0307154566303403,0.0307154566303403
detection,32,active_min_min,0.0306682728539905,0.0306682728539905
detection,32,bwd_iat_max_min,0.030435833799465,0.030435833799465
detection,32,fwd_seg_size_avg_min,0.0301890975677746,0.0301890975677746
detection,32,fwd_pkt_len_mean_min,0.0301890975677746,0.0301890975677746
detection,32,active_mean_min,0.0298314427738986,0.0298314427738986
detection,32,fwd_pkt_len_min_max,-0.0294563946980135,0.0294563946980135
detection,32,active_max_min,0.0284651805912667,0.0284651805912667
detection,32,psh_flag_cnt_min,0.0279953923625303,0.0279953923625303
detection,32,bwd_pkts_per_sec_min,0.0276078249992528,0.0276078249992528
detection,32,down_up_ratio_min,0.027276173063612,0.027276173063612
detection,32,fwd_pkt_len_max_min,0.0266698106818455,0.0266698106818455
detection,32,active_std_min,0.0256536092840023,0.0256536092840023
detection,32,bwd_pkt_len_min_max,-0.0252743719167895,0.0252743719167895
detection,32,subflow_fwd_byts_min,0.0250375547334236,0.0250375547334236
detection,32,idle_std_min,0.0247742809861719,0.0247742809861719
detection,32,bwd_iat_std_max,-0.0234326021880157,0.0234326021880157
detection,32,flow_iat_std_min,0.0233737288845768,0.0233737288845768
detection,32,fwd_seg_size_avg_std,-0.023045188516766,0.023045188516766
detection,32,fwd_pkt_len_mean_std,-0.023045188516766,0.023045188516766
detection,32,fwd_iat_std_min,0.0226195444169498,0.0226195444169498
detection,32,fwd_psh_flags_min,0.0226175262228274,0.0226175262228274
detection,32,ack_flag_cnt_min,0.0226175262228274,0.0226175262228274
detection,32,syn_flag_cnt_min,0.0226175262228274,0.0226175262228274
detection,32,packets_per_sec_std,0.0216250110952757,0.0216250110952757
detection,32,fwd_seg_size_avg_max,0.020931674436665,0.020931674436665
detection,32,fwd_pkt_len_mean_max,0.020931674436665,0.020931674436665
detection,32,bytes_per_sec_min,0.018804997071879,0.018804997071879
detection,32,fwd_act_data_pkts_std,-0.0181995022134661,0.0181995022134661
detection,32,bwd_header_len_min,0.0180518179336538,0.0180518179336538
detection,32,packet_count_fwd_max,0.0169858133431072,0.0169858133431072
detection,32,pkt_payload_size_p25,-0.0159948194794504,0.0159948194794504
detection,32,fwd_act_data_pkts_min,0.0114020221265797,0.0114020221265797
detection,32,bwd_iat_max_max,0.0112070054055978,0.0112070054055978
detection,32,flow_iat_mean_max,-0.0111422219186341,0.0111422219186341
detection,32,bwd_iat_mean_min,-0.006543182314543,0.006543182314543
detection,32,fwd_header_len_min,-0.0058379449152343,0.0058379449152343
detection,32,fin_flag_cnt_sum,0.0055903432868131,0.0055903432868131
detection,32,byte_count_fwd_min,0.0048867971835253,0.0048867971835253
detection,32,byte_count_fwd_mean,-0.0026378571645796,0.0026378571645796
detection,32,pkt_len_var_std,-0.0019325975713746,0.0019325975713746
detection,32,fwd_byts_b_avg_max,0.0,0.0
detection,32,mask_has_flow_timing_features,0.0,0.0
detection,32,mask_has_traffic_volume_features,0.0,0.0
detection,32,fin_flag_cnt_min,0.0,0.0
detection,32,rst_flag_cnt_min,0.0,0.0
detection,32,mask_has_identity_auth,0.0,0.0
detection,32,fwd_byts_b_avg_min,0.0,0.0
detection,32,fwd_byts_b_avg_sum,0.0,0.0
detection,32,fwd_byts_b_avg_std,0.0,0.0
detection,32,fwd_byts_b_avg_mean,0.0,0.0
detection,32,ece_flag_cnt_min,0.0,0.0
detection,32,urg_flag_cnt_min,0.0,0.0
detection,32,cwe_flag_cnt_min,0.0,0.0
detection,32,bwd_urg_flags_max,0.0,0.0
detection,32,mask_has_graph_topology,0.0,0.0
detection,32,pkt_frag_mf_count,0.0,0.0
detection,32,mask_has_tcp_flags,0.0,0.0
detection,32,bwd_pkts_b_avg_max,0.0,0.0
detection,32,bwd_blk_rate_avg_max,0.0,0.0
detection,32,bwd_blk_rate_avg_sum,0.0,0.0
detection,32,bwd_pkts_b_avg_sum,0.0,0.0
detection,32,fwd_pkts_b_avg_std,0.0,0.0
detection,32,fwd_pkts_b_avg_sum,0.0,0.0
detection,32,fwd_pkts_b_avg_mean,0.0,0.0
detection,32,bwd_blk_rate_avg_min,0.0,0.0
detection,32,bwd_pkts_b_avg_min,0.0,0.0
detection,32,bwd_blk_rate_avg_mean,0.0,0.0
detection,32,bwd_blk_rate_avg_std,0.0,0.0
detection,32,fwd_pkts_b_avg_min,0.0,0.0
detection,32,fwd_blk_rate_avg_min,0.0,0.0
detection,32,fwd_blk_rate_avg_max,0.0,0.0
detection,32,bwd_byts_b_avg_mean,0.0,0.0
detection,32,bwd_byts_b_avg_std,0.0,0.0
detection,32,fwd_pkts_b_avg_max,0.0,0.0
detection,32,fwd_blk_rate_avg_mean,0.0,0.0
detection,32,fwd_blk_rate_avg_std,0.0,0.0
detection,32,fwd_blk_rate_avg_sum,0.0,0.0
detection,32,bwd_pkts_b_avg_mean,0.0,0.0
detection,32,bwd_byts_b_avg_max,0.0,0.0
detection,32,bwd_byts_b_avg_min,0.0,0.0
detection,32,bwd_byts_b_avg_sum,0.0,0.0
detection,32,bwd_psh_flags_std,0.0,0.0
detection,32,bwd_psh_flags_sum,0.0,0.0
detection,32,bwd_pkts_b_avg_std,0.0,0.0
detection,32,bwd_psh_flags_mean,0.0,0.0
detection,32,bwd_psh_flags_max,0.0,0.0
detection,32,bwd_psh_flags_min,0.0,0.0
detection,32,fwd_urg_flags_min,0.0,0.0
detection,32,bwd_urg_flags_mean,0.0,0.0
detection,32,bwd_urg_flags_std,0.0,0.0
detection,32,bwd_urg_flags_sum,0.0,0.0
detection,32,bwd_urg_flags_min,0.0,0.0
detection,32,bwd_pkt_len_min_min,0.0,0.0
detection,33,fwd_pkt_len_std_mean,1.7992478522322135,1.7992478522322135
detection,33,bwd_pkt_len_std_mean,-1.7300506610382882,1.7300506610382882
detection,33,window_size_bwd_std,1.7121256947016266,1.7121256947016266
detection,33,byte_count_bwd_std,-1.6539325750240417,1.6539325750240417
detection,33,fwd_pkt_len_max_std,-1.5951566095091592,1.5951566095091592
detection,33,pkt_tcp_retrans_count,1.4620901300963187,1.4620901300963187
detection,33,pkt_port_scan_seq_score,1.3648534114973816,1.3648534114973816
detection,33,bwd_iat_std_mean,1.330270970001274,1.330270970001274
detection,33,packet_count_bwd_std,1.2628829533102608,1.2628829533102608
detection,33,down_up_ratio_std,-1.2429949451801492,1.2429949451801492
detection,33,byte_count_fwd_max,1.2400638292709838,1.2400638292709838
detection,33,bytes_per_sec_mean,-1.2329103581197227,1.2329103581197227
detection,33,flow_iat_std_std,-1.1999063051335388,1.1999063051335388
detection,33,bytes_per_sec_max,1.1810242171352066,1.1810242171352066
detection,33,window_size_fwd_std,-1.1247643061182768,1.1247643061182768
detection,33,bwd_iat_max_std,-1.1197998177450594,1.1197998177450594
detection,33,pkt_len_std_mean,-1.0982706509136977,1.0982706509136977
detection,33,bwd_pkt_len_min_mean,1.0341211392556895,1.0341211392556895
detection,33,bwd_iat_mean_std,1.0335098121329305,1.0335098121329305
detection,33,bwd_iat_min_std,-1.0288208827457055,1.0288208827457055
detection,33,ack_flag_cnt_std,0.988570874330644,0.988570874330644
detection,33,bwd_pkts_per_sec_sum,-0.9734144460625992,0.9734144460625992
detection,33,urg_flag_cnt_mean,-0.9646790511257032,0.9646790511257032
detection,33,bwd_pkt_len_std_std,0.9589375183976206,0.9589375183976206
detection,33,pkt_len_min_std,0.9451745146205942,0.9451745146205942
detection,33,fwd_seg_size_min_mean,0.9351262949750492,0.9351262949750492
detection,33,subflow_bwd_byts_sum,-0.9251461912205308,0.9251461912205308
detection,33,bwd_seg_size_avg_max,0.9127126051477044,0.9127126051477044
detection,33,bwd_pkt_len_mean_max,0.9127126051474692,0.9127126051474692
detection,33,bwd_iat_min_max,0.85968321633171,0.85968321633171
detection,33,bytes_per_sec_sum,-0.8568878771147378,0.8568878771147378
detection,33,fwd_header_len_mean,0.8329529237087279,0.8329529237087279
detection,33,pkt_len_mean_max,-0.8029907095597648,0.8029907095597648
detection,33,fwd_pkt_len_std_std,0.7945594355431606,0.7945594355431606
detection,33,pkt_payload_size_p95,-0.7798834135101332,0.7798834135101332
detection,33,pkt_len_max_std,-0.7518942904738615,0.7518942904738615
detection,33,bwd_pkts_per_sec_std,0.7388121015924198,0.7388121015924198
detection,33,active_max_sum,0.7371553487020943,0.7371553487020943
detection,33,bwd_pkt_len_max_std,0.7339998861630144,0.7339998861630144
detection,33,pkt_len_mean_mean,-0.7300560988975944,0.7300560988975944
detection,33,duration_sec_std,0.7146936777573838,0.7146936777573838
detection,33,bwd_iat_mean_sum,-0.7073195150117865,0.7073195150117865
detection,33,fwd_iat_mean_std,-0.6899749248258217,0.6899749248258217
detection,33,window_size_bwd_mean,-0.6887307181826285,0.6887307181826285
detection,33,pkt_size_avg_mean,-0.6849762688565216,0.6849762688565216
detection,33,packet_count_bwd_mean,0.6826922171059883,0.6826922171059883
detection,33,byte_count_bwd_max,-0.6725585234554609,0.6725585234554609
detection,33,urg_flag_cnt_max,0.6679926641071385,0.6679926641071385
detection,33,bwd_pkt_len_std_max,0.6651503858600833,0.6651503858600833
detection,33,active_mean_sum,-0.6643068800944826,0.6643068800944826
detection,33,window_size_bwd_sum,-0.6641619158353483,0.6641619158353483
detection,33,ece_flag_cnt_sum,0.65829562494583,0.65829562494583
detection,33,rst_flag_cnt_sum,0.6574733100275048,0.6574733100275048
detection,33,pkt_len_std_std,0.6385907541582878,0.6385907541582878
detection,33,bwd_iat_tot_mean,-0.6257625213047951,0.6257625213047951
detection,33,byte_count_bwd_mean,-0.6251363626380354,0.6251363626380354
detection,33,ece_flag_cnt_std,0.6198786231777226,0.6198786231777226
detection,33,byte_count_fwd_std,-0.6185188893789993,0.6185188893789993
detection,33,psh_flag_cnt_mean,0.6129206600943972,0.6129206600943972
detection,33,fwd_header_len_sum,0.6046044246956276,0.6046044246956276
detection,33,rst_flag_cnt_std,0.5939710327975289,0.5939710327975289
detection,33,pkt_len_var_sum,0.5852240033364721,0.5852240033364721
detection,33,flow_iat_max_std,-0.5800756250540633,0.5800756250540633
detection,33,urg_flag_cnt_std,0.5748742010080454,0.5748742010080454
detection,33,pkt_payload_size_p75,-0.5717014666281229,0.5717014666281229
detection,33,active_std_sum,-0.5689984050185555,0.5689984050185555
detection,33,window_size_bwd_max,0.5639202892800377,0.5639202892800377
detection,33,fwd_seg_size_min_std,-0.5541508239517563,0.5541508239517563
detection,33,pkt_frag_df_count,0.55102607034,0.55102607034
detection,33,subflow_fwd_byts_mean,-0.5477030681699042,0.5477030681699042
detection,33,pkt_len_max_mean,-0.5323449561981886,0.5323449561981886
detection,33,bwd_iat_mean_max,-0.5253152054772023,0.5253152054772023
detection,33,fwd_pkt_len_max_max,0.5188538833094496,0.5188538833094496
detection,33,bwd_pkt_len_mean_sum,0.5182291739503421,0.5182291739503421
detection,33,bwd_seg_size_avg_sum,0.5182291739498738,0.5182291739498738
detection,33,bwd_iat_mean_mean,0.4985147129676527,0.4985147129676527
detection,33,idle_std_mean,0.4948967187295285,0.4948967187295285
detection,33,subflow_bwd_byts_max,0.4926829826654743,0.4926829826654743
detection,33,byte_count_bwd_sum,-0.4829542069204348,0.4829542069204348
detection,33,flow_iat_std_sum,-0.4825955271191022,0.4825955271191022
detection,33,fwd_iat_std_mean,0.4824989940480974,0.4824989940480974
detection,33,subflow_fwd_byts_sum,0.4761344828816888,0.4761344828816888
detection,33,subflow_fwd_pkts_sum,0.4747491925832166,0.4747491925832166
detection,33,ack_flag_cnt_sum,0.4712234677696905,0.4712234677696905
detection,33,down_up_ratio_max,0.4672317993517808,0.4672317993517808
detection,33,active_std_mean,-0.453881614184007,0.453881614184007
detection,33,idle_max_mean,0.4533720312866052,0.4533720312866052
detection,33,active_max_std,0.4355182718681431,0.4355182718681431
detection,33,window_size_fwd_mean,0.4343502210877361,0.4343502210877361
detection,33,idle_min_std,-0.4217822730830848,0.4217822730830848
detection,33,bwd_header_len_max,0.4158447063585354,0.4158447063585354
detection,33,fwd_iat_min_std,-0.4114259908192804,0.4114259908192804
detection,33,down_up_ratio_mean,0.4058092234754287,0.4058092234754287
detection,33,mask_has_packet_level_features,-0.403920289765573,0.403920289765573
detection,33,pkt_ttl_max,-0.403920289765573,0.403920289765573
detection,33,fwd_pkt_len_std_sum,0.4011712884163048,0.4011712884163048
detection,33,fwd_pkt_len_mean_sum,0.3933492012376035,0.3933492012376035
detection,33,fwd_seg_size_avg_sum,0.3933492012376035,0.3933492012376035
detection,33,pkt_len_var_mean,-0.3915246567095576,0.3915246567095576
detection,33,fwd_iat_tot_std,0.3848848670409059,0.3848848670409059
detection,33,down_up_ratio_sum,0.3841605377752183,0.3841605377752183
detection,33,fwd_iat_std_sum,0.3817392695447128,0.3817392695447128
detection,33,bwd_header_len_std,-0.3802937210549065,0.3802937210549065
detection,33,pkt_ttl_std,0.3785554900177869,0.3785554900177869
detection,33,pkt_ttl_mode,0.374917600709909,0.374917600709909
detection,33,pkt_len_mean_sum,0.3729680451719483,0.3729680451719483
detection,33,fwd_pkts_per_sec_max,-0.3688170409645843,0.3688170409645843
detection,33,fwd_pkt_len_max_sum,0.3665683459137281,0.3665683459137281
detection,33,fwd_pkts_per_sec_sum,0.3653105832795857,0.3653105832795857
detection,33,pkt_len_max_max,0.3651084062541433,0.3651084062541433
detection,33,subflow_bwd_pkts_std,-0.3642972644999205,0.3642972644999205
detection,33,bwd_pkt_len_min_std,-0.3562541915374543,0.3562541915374543
detection,33,duration_microsec_std,0.3557775570516384,0.3557775570516384
detection,33,fwd_iat_max_sum,0.3469151833164812,0.3469151833164812
detection,33,pkt_len_mean_std,0.3438121950318824,0.3438121950318824
detection,33,pkt_len_min_max,-0.3393000761288636,0.3393000761288636
detection,33,pkt_size_avg_sum,0.3348348542125381,0.3348348542125381
detection,33,fwd_pkts_per_sec_mean,0.332867606502079,0.332867606502079
detection,33,packets_per_sec_max,-0.3279622329777392,0.3279622329777392
detection,33,packet_count_bwd_max,0.3250547684377757,0.3250547684377757
detection,33,fwd_iat_std_std,0.3236852864034166,0.3236852864034166
detection,33,active_min_std,-0.3205613323124447,0.3205613323124447
detection,33,fwd_urg_flags_std,0.3171976054865401,0.3171976054865401
detection,33,cwe_flag_cnt_std,0.3171976054865401,0.3171976054865401
detection,33,packet_count_fwd_std,-0.3165185698442631,0.3165185698442631
detection,33,pkt_len_max_sum,0.3132880414035515,0.3132880414035515
detection,33,flow_iat_min_sum,0.3116389509847002,0.3116389509847002
detection,33,fwd_iat_min_max,0.3092774898588693,0.3092774898588693
detection,33,pkt_size_avg_max,0.3088340983438442,0.3088340983438442
detection,33,fwd_act_data_pkts_max,-0.3041938616269488,0.3041938616269488
detection,33,pkt_len_std_sum,0.2955071344233181,0.2955071344233181
detection,33,flow_iat_max_mean,-0.2937944548626215,0.2937944548626215
detection,33,active_mean_std,-0.2910218197631313,0.2910218197631313
detection,33,fwd_iat_max_max,-0.2893626426522757,0.2893626426522757
detection,33,fwd_iat_min_sum,0.2837288842085465,0.2837288842085465
detection,33,subflow_bwd_pkts_sum,-0.2779161740249753,0.2779161740249753
detection,33,active_std_max,0.2777758892741135,0.2777758892741135
detection,33,packets_per_sec_sum,-0.2773115244883261,0.2773115244883261
detection,33,fwd_iat_mean_max,0.272757375043493,0.272757375043493
detection,33,active_max_mean,-0.2712429386731948,0.2712429386731948
detection,33,duration_sec_sum,-0.2707610900569681,0.2707610900569681
detection,33,duration_microsec_max,0.2704019562487196,0.2704019562487196
detection,33,fwd_act_data_pkts_mean,-0.266778619403834,0.266778619403834
detection,33,active_std_std,-0.2647433665773603,0.2647433665773603
detection,33,subflow_bwd_byts_std,-0.2644303158775525,0.2644303158775525
detection,33,bwd_iat_tot_max,-0.2639999097317259,0.2639999097317259
detection,33,idle_mean_mean,0.262985547539138,0.262985547539138
detection,33,bwd_pkts_per_sec_max,-0.2610058250485987,0.2610058250485987
detection,33,fwd_seg_size_min_sum,0.2536368753067604,0.2536368753067604
detection,33,packets_per_sec_mean,-0.252905985190946,0.252905985190946
detection,33,subflow_fwd_pkts_mean,0.2523087096821539,0.2523087096821539
detection,33,fwd_seg_size_avg_mean,-0.251332115895898,0.251332115895898
detection,33,fwd_pkt_len_mean_mean,-0.251332115895898,0.251332115895898
detection,33,packets_per_sec_min,-0.2502788928788068,0.2502788928788068
detection,33,pkt_len_var_max,0.2485765582779512,0.2485765582779512
detection,33,bwd_pkts_per_sec_mean,-0.247220382287408,0.247220382287408
detection,33,flow_iat_max_max,0.2384870373179521,0.2384870373179521
detection,33,flow_iat_mean_sum,0.2357957414683604,0.2357957414683604
detection,33,fwd_iat_std_max,0.2317720372596312,0.2317720372596312
detection,33,idle_mean_std,-0.2304408514443782,0.2304408514443782
detection,33,flow_iat_std_mean,-0.2259527957777165,0.2259527957777165
detection,33,bwd_pkt_len_max_sum,0.2251091086861128,0.2251091086861128
detection,33,duration_sec_max,0.2247706547053201,0.2247706547053201
detection,33,fwd_pkt_len_std_max,-0.2227072482726823,0.2227072482726823
detection,33,byte_count_fwd_sum,-0.2205324239507383,0.2205324239507383
detection,33,flow_iat_std_max,-0.2163593411058576,0.2163593411058576
detection,33,fwd_header_len_max,0.2091539520369039,0.2091539520369039
detection,33,fwd_urg_flags_mean,-0.2036200420027677,0.2036200420027677
detection,33,cwe_flag_cnt_mean,-0.2036200420027677,0.2036200420027677
detection,33,active_mean_mean,-0.1972007806672305,0.1972007806672305
detection,33,bwd_iat_std_std,0.1893801180112768,0.1893801180112768
detection,33,window_size_fwd_max,-0.188902376932486,0.188902376932486
detection,33,packet_count_fwd_sum,-0.1883308222807458,0.1883308222807458
detection,33,bwd_iat_std_sum,0.1879850882601399,0.1879850882601399
detection,33,fwd_pkt_len_max_mean,0.1834205003866376,0.1834205003866376
detection,33,flow_iat_max_sum,0.183155111402216,0.183155111402216
detection,33,bytes_per_sec_std,0.1804726614128231,0.1804726614128231
detection,33,idle_max_sum,0.1787968560930165,0.1787968560930165
detection,33,idle_max_max,-0.1767113157707177,0.1767113157707177
detection,33,pkt_ttl_min,-0.1701024780358794,0.1701024780358794
detection,33,active_max_max,0.1678496573916212,0.1678496573916212
detection,33,window_size_fwd_sum,0.1674648239651755,0.1674648239651755
detection,33,fin_flag_cnt_max,0.1666822503259384,0.1666822503259384
detection,33,fwd_seg_size_min_min,-0.1643094893946543,0.1643094893946543
detection,33,bwd_header_len_mean,-0.1625927678469276,0.1625927678469276
detection,33,unique_protocols_count,0.1619843580393516,0.1619843580393516
detection,33,bwd_iat_tot_sum,-0.1618867194032895,0.1618867194032895
detection,33,pkt_size_avg_std,0.1611027316645116,0.1611027316645116
detection,33,bwd_pkt_len_max_max,-0.1606501758831285,0.1606501758831285
detection,33,subflow_fwd_byts_std,0.1598007089461137,0.1598007089461137
detection,33,pkt_len_min_sum,-0.158254668711988,0.158254668711988
detection,33,active_min_sum,0.1571017047903993,0.1571017047903993
detection,33,bwd_pkt_len_min_sum,0.1539581857352827,0.1539581857352827
detection,33,bwd_header_len_sum,-0.1539570413534423,0.1539570413534423
detection,33,subflow_fwd_pkts_std,-0.1537957871059972,0.1537957871059972
detection,33,pkt_payload_size_p50,-0.1522292806857402,0.1522292806857402
detection,33,bwd_iat_max_sum,-0.1516129497257692,0.1516129497257692
detection,33,packet_count_bwd_min,-0.1502055751213807,0.1502055751213807
detection,33,flow_iat_mean_std,-0.1484325054597665,0.1484325054597665
detection,33,subflow_bwd_pkts_max,0.1472346729561995,0.1472346729561995
detection,33,fwd_pkts_per_sec_std,0.147051530488302,0.147051530488302
detection,33,fwd_iat_mean_mean,-0.1461328576429826,0.1461328576429826
detection,33,flow_count,0.1437166248506459,0.1437166248506459
detection,33,fwd_pkt_len_min_sum,-0.1436989785203858,0.1436989785203858
detection,33,flow_iat_mean_mean,0.1429126194070377,0.1429126194070377
detection,33,fwd_pkt_len_min_mean,-0.1386548796292643,0.1386548796292643
detection,33,fwd_psh_flags_std,-0.1383831744180341,0.1383831744180341
detection,33,syn_flag_cnt_std,-0.1383831744180341,0.1383831744180341
detection,33,fwd_iat_max_std,-0.1380331054555004,0.1380331054555004
detection,33,subflow_fwd_byts_max,0.1374343286641501,0.1374343286641501
detection,33,packet_count_bwd_sum,0.1361090348980672,0.1361090348980672
detection,33,ece_flag_cnt_max,-0.1357402766297679,0.1357402766297679
detection,33,rst_flag_cnt_max,-0.1357402766297679,0.1357402766297679
detection,33,subflow_fwd_pkts_max,-0.1328053742909105,0.1328053742909105
detection,33,ack_flag_cnt_mean,0.1326967641463617,0.1326967641463617
detection,33,ack_flag_cnt_max,-0.1318133871686141,0.1318133871686141
detection,33,fwd_iat_mean_sum,0.1293118076679909,0.1293118076679909
detection,33,bwd_iat_max_mean,-0.1287919257772846,0.1287919257772846
detection,33,bwd_pkt_len_mean_mean,0.1283869589070717,0.1283869589070717
detection,33,bwd_seg_size_avg_mean,0.1283869589032389,0.1283869589032389
detection,33,fwd_seg_size_min_max,-0.1275123284365487,0.1275123284365487
detection,33,fwd_iat_tot_sum,-0.1252583684839427,0.1252583684839427
detection,33,flow_iat_min_max,0.1218858470051628,0.1218858470051628
detection,33,bwd_iat_tot_std,-0.1208171102783756,0.1208171102783756
detection,33,fwd_urg_flags_max,0.1116386379058708,0.1116386379058708
detection,33,cwe_flag_cnt_max,0.1116386379058708,0.1116386379058708
detection,33,psh_flag_cnt_sum,0.1076655203665551,0.1076655203665551
detection,33,active_mean_max,0.1050514967102585,0.1050514967102585
detection,33,bwd_pkt_len_max_mean,0.1002882358747482,0.1002882358747482
detection,33,psh_flag_cnt_std,0.0975838690867651,0.0975838690867651
detection,33,unique_dst_ports_count,0.0971742600307652,0.0971742600307652
detection,33,bwd_pkt_len_mean_std,0.0967836872075069,0.0967836872075069
detection,33,bwd_seg_size_avg_std,0.0967836871886582,0.0967836871886582
detection,33,bwd_iat_min_sum,0.0922351038271405,0.0922351038271405
detection,33,idle_mean_sum,0.0884280635055321,0.0884280635055321
detection,33,fin_flag_cnt_mean,0.0875110419473716,0.0875110419473716
detection,33,duration_microsec_sum,-0.0864480405706565,0.0864480405706565
detection,33,urg_flag_cnt_sum,0.0853037796062213,0.0853037796062213
detection,33,bwd_iat_min_mean,-0.0839746596211469,0.0839746596211469
detection,33,subflow_bwd_pkts_mean,-0.0822567589061683,0.0822567589061683
detection,33,fwd_header_len_std,-0.0817678424124955,0.0817678424124955
detection,33,packet_count_fwd_mean,0.0813823086362637,0.0813823086362637
detection,33,rst_flag_cnt_mean,-0.0806684327975842,0.0806684327975842
detection,33,syn_flag_cnt_max,0.0802237663407899,0.0802237663407899
detection,33,fwd_psh_flags_max,0.0802237663407899,0.0802237663407899
detection,33,fwd_iat_max_mean,0.0791887252400074,0.0791887252400074
detection,33,idle_std_max,-0.0790635859487477,0.0790635859487477
detection,33,fwd_act_data_pkts_sum,-0.0778065183089256,0.0778065183089256
detection,33,duration_sec_mean,-0.0777547285753528,0.0777547285753528
detection,33,flow_iat_min_mean,0.0772266879703495,0.0772266879703495
detection,33,fwd_psh_flags_mean,-0.0761697275007225,0.0761697275007225
detection,33,syn_flag_cnt_mean,-0.0761697275007225,0.0761697275007225
detection,33,fwd_iat_min_mean,-0.0713596601736658,0.0713596601736658
detection,33,psh_flag_cnt_max,-0.0692081737581053,0.0692081737581053
detection,33,fwd_pkt_len_min_std,-0.066324184495629,0.066324184495629
detection,33,idle_std_std,0.0662143388766622,0.0662143388766622
detection,33,pkt_len_min_mean,0.0660965526109727,0.0660965526109727
detection,33,byte_count_bwd_min,0.0658772538760781,0.0658772538760781
detection,33,bwd_pkt_len_std_sum,0.0649553281667004,0.0649553281667004
detection,33,fwd_iat_tot_mean,-0.0641139570986273,0.0641139570986273
detection,33,pkt_len_max_min,0.0631478814436306,0.0631478814436306
detection,33,bwd_pkt_len_mean_min,0.0587145321288934,0.0587145321288934
detection,33,bwd_seg_size_avg_min,0.0587145321288934,0.0587145321288934
detection,33,idle_max_std,0.0564876795766344,0.0564876795766344
detection,33,duration_microsec_mean,-0.0561104639489706,0.0561104639489706
detection,33,pkt_len_std_min,0.0546727903896703,0.0546727903896703
detection,33,idle_mean_max,-0.0529504800690924,0.0529504800690924
detection,33,fwd_psh_flags_sum,-0.0525060808865162,0.0525060808865162
detection,33,syn_flag_cnt_sum,-0.0525060808865162,0.0525060808865162
detection,33,bwd_iat_min_min,-0.0520780601425874,0.0520780601425874
detection,33,bwd_pkt_len_max_min,0.0520286339511975,0.0520286339511975
detection,33,subflow_bwd_byts_min,0.0506495915612334,0.0506495915612334
detection,33,pkt_len_var_min,0.0494249326081994,0.0494249326081994
detection,33,bwd_iat_std_min,0.048709999052202,0.048709999052202
detection,33,duration_microsec_min,0.048476890394348,0.048476890394348
detection,33,bwd_pkt_len_std_min,0.0484716792935949,0.0484716792935949
detection,33,fwd_iat_tot_min,0.0484131722066334,0.0484131722066334
detection,33,pkt_len_std_max,0.04814721307496,0.04814721307496
detection,33,packet_count_fwd_min,0.0479429080893445,0.0479429080893445
detection,33,fwd_urg_flags_sum,0.0465503872454769,0.0465503872454769
detection,33,cwe_flag_cnt_sum,0.0465503872454769,0.0465503872454769
detection,33,flow_iat_min_std,0.0462938732398977,0.0462938732398977
detection,33,flow_iat_min_min,0.0461568594988896,0.0461568594988896
detection,33,fin_flag_cnt_std,0.0455927257468642,0.0455927257468642
detection,33,flow_iat_mean_min,0.045413783957,0.045413783957
detection,33,idle_min_max,-0.044934696212459,0.044934696212459
detection,33,fwd_pkt_len_std_min,0.0449320011249411,0.0449320011249411
detection,33,fwd_iat_mean_min,0.0442947237386787,0.0442947237386787
detection,33,duration_sec_min,0.0438113649980811,0.0438113649980811
detection,33,pkt_len_mean_min,0.0433216616145518,0.0433216616145518
detection,33,fwd_iat_max_min,0.042868956766743,0.042868956766743
detection,33,flow_iat_max_min,0.0427596096280978,0.0427596096280978
detection,33,pkt_size_avg_min,0.0423092971933865,0.0423092971933865
detection,33,idle_max_min,0.0422604002506889,0.0422604002506889
detection,33,window_size_bwd_min,0.0418822195492527,0.0418822195492527
detection,33,fwd_iat_tot_max,0.0414494775102706,0.0414494775102706
detection,33,subflow_fwd_pkts_min,0.0413510464756476,0.0413510464756476
detection,33,fwd_iat_min_min,0.041260286259799,0.041260286259799
detection,33,active_min_mean,0.041260148437499,0.041260148437499
detection,33,bwd_iat_tot_min,0.0411104590781881,0.0411104590781881
detection,33,ece_flag_cnt_mean,-0.0401167465653952,0.0401167465653952
detection,33,idle_mean_min,0.0384424226189948,0.0384424226189948
detection,33,subflow_bwd_pkts_min,-0.038297452130003,0.038297452130003
detection,33,fwd_pkts_per_sec_min,-0.0373269958299653,0.0373269958299653
detection,33,idle_min_sum,0.0371541824232156,0.0371541824232156
detection,33,subflow_bwd_byts_mean,-0.0366257852689142,0.0366257852689142
detection,33,idle_min_mean,-0.036110195441376,0.036110195441376
detection,33,window_size_fwd_min,0.0339266511653914,0.0339266511653914
detection,33,fwd_pkt_len_min_min,0.0332548459533705,0.0332548459533705
detection,33,idle_std_sum,0.0327278449970073,0.0327278449970073
detection,33,idle_min_min,0.0323847054034793,0.0323847054034793
detection,33,pkt_len_min_min,0.0309602712021593,0.0309602712021593
detection,33,active_min_max,0.0307154566303403,0.0307154566303403
detection,33,active_min_min,0.0306682728539905,0.0306682728539905
detection,33,bwd_iat_max_min,0.030435833799465,0.030435833799465
detection,33,fwd_seg_size_avg_min,0.0301890975677746,0.0301890975677746
detection,33,fwd_pkt_len_mean_min,0.0301890975677746,0.0301890975677746
detection,33,active_mean_min,0.0298314427738986,0.0298314427738986
detection,33,fwd_pkt_len_min_max,-0.0294563946980135,0.0294563946980135
detection,33,active_max_min,0.0284651805912667,0.0284651805912667
detection,33,psh_flag_cnt_min,0.0279953923625303,0.0279953923625303
detection,33,bwd_pkts_per_sec_min,0.0276078249992528,0.0276078249992528
detection,33,down_up_ratio_min,0.027276173063612,0.027276173063612
detection,33,fwd_pkt_len_max_min,0.0266698106818455,0.0266698106818455
detection,33,active_std_min,0.0256536092840023,0.0256536092840023
detection,33,bwd_pkt_len_min_max,-0.0252743719167895,0.0252743719167895
detection,33,subflow_fwd_byts_min,0.0250375547334236,0.0250375547334236
detection,33,idle_std_min,0.0247742809861719,0.0247742809861719
detection,33,bwd_iat_std_max,-0.0234326021880157,0.0234326021880157
detection,33,flow_iat_std_min,0.0233737288845768,0.0233737288845768
detection,33,fwd_seg_size_avg_std,-0.023045188516766,0.023045188516766
detection,33,fwd_pkt_len_mean_std,-0.023045188516766,0.023045188516766
detection,33,fwd_iat_std_min,0.0226195444169498,0.0226195444169498
detection,33,fwd_psh_flags_min,0.0226175262228274,0.0226175262228274
detection,33,ack_flag_cnt_min,0.0226175262228274,0.0226175262228274
detection,33,syn_flag_cnt_min,0.0226175262228274,0.0226175262228274
detection,33,packets_per_sec_std,0.0216250110952757,0.0216250110952757
detection,33,fwd_seg_size_avg_max,0.020931674436665,0.020931674436665
detection,33,fwd_pkt_len_mean_max,0.020931674436665,0.020931674436665
detection,33,bytes_per_sec_min,0.018804997071879,0.018804997071879
detection,33,fwd_act_data_pkts_std,-0.0181995022134661,0.0181995022134661
detection,33,bwd_header_len_min,0.0180518179336538,0.0180518179336538
detection,33,packet_count_fwd_max,0.0169858133431072,0.0169858133431072
detection,33,pkt_payload_size_p25,-0.0159948194794504,0.0159948194794504
detection,33,fwd_act_data_pkts_min,0.0114020221265797,0.0114020221265797
detection,33,bwd_iat_max_max,0.0112070054055978,0.0112070054055978
detection,33,flow_iat_mean_max,-0.0111422219186341,0.0111422219186341
detection,33,bwd_iat_mean_min,-0.006543182314543,0.006543182314543
detection,33,fwd_header_len_min,-0.0058379449152343,0.0058379449152343
detection,33,fin_flag_cnt_sum,0.0055903432868131,0.0055903432868131
detection,33,byte_count_fwd_min,0.0048867971835253,0.0048867971835253
detection,33,byte_count_fwd_mean,-0.0026378571645796,0.0026378571645796
detection,33,pkt_len_var_std,-0.0019325975713746,0.0019325975713746
detection,33,fwd_byts_b_avg_max,0.0,0.0
detection,33,mask_has_flow_timing_features,0.0,0.0
detection,33,mask_has_traffic_volume_features,0.0,0.0
detection,33,fin_flag_cnt_min,0.0,0.0
detection,33,rst_flag_cnt_min,0.0,0.0
detection,33,mask_has_identity_auth,0.0,0.0
detection,33,fwd_byts_b_avg_min,0.0,0.0
detection,33,fwd_byts_b_avg_sum,0.0,0.0
detection,33,fwd_byts_b_avg_std,0.0,0.0
detection,33,fwd_byts_b_avg_mean,0.0,0.0
detection,33,ece_flag_cnt_min,0.0,0.0
detection,33,urg_flag_cnt_min,0.0,0.0
detection,33,cwe_flag_cnt_min,0.0,0.0
detection,33,bwd_urg_flags_max,0.0,0.0
detection,33,mask_has_graph_topology,0.0,0.0
detection,33,pkt_frag_mf_count,0.0,0.0
detection,33,mask_has_tcp_flags,0.0,0.0
detection,33,bwd_pkts_b_avg_max,0.0,0.0
detection,33,bwd_blk_rate_avg_max,0.0,0.0
detection,33,bwd_blk_rate_avg_sum,0.0,0.0
detection,33,bwd_pkts_b_avg_sum,0.0,0.0
detection,33,fwd_pkts_b_avg_std,0.0,0.0
detection,33,fwd_pkts_b_avg_sum,0.0,0.0
detection,33,fwd_pkts_b_avg_mean,0.0,0.0
detection,33,bwd_blk_rate_avg_min,0.0,0.0
detection,33,bwd_pkts_b_avg_min,0.0,0.0
detection,33,bwd_blk_rate_avg_mean,0.0,0.0
detection,33,bwd_blk_rate_avg_std,0.0,0.0
detection,33,fwd_pkts_b_avg_min,0.0,0.0
detection,33,fwd_blk_rate_avg_min,0.0,0.0
detection,33,fwd_blk_rate_avg_max,0.0,0.0
detection,33,bwd_byts_b_avg_mean,0.0,0.0
detection,33,bwd_byts_b_avg_std,0.0,0.0
detection,33,fwd_pkts_b_avg_max,0.0,0.0
detection,33,fwd_blk_rate_avg_mean,0.0,0.0
detection,33,fwd_blk_rate_avg_std,0.0,0.0
detection,33,fwd_blk_rate_avg_sum,0.0,0.0
detection,33,bwd_pkts_b_avg_mean,0.0,0.0
detection,33,bwd_byts_b_avg_max,0.0,0.0
detection,33,bwd_byts_b_avg_min,0.0,0.0
detection,33,bwd_byts_b_avg_sum,0.0,0.0
detection,33,bwd_psh_flags_std,0.0,0.0
detection,33,bwd_psh_flags_sum,0.0,0.0
detection,33,bwd_pkts_b_avg_std,0.0,0.0
detection,33,bwd_psh_flags_mean,0.0,0.0
detection,33,bwd_psh_flags_max,0.0,0.0
detection,33,bwd_psh_flags_min,0.0,0.0
detection,33,fwd_urg_flags_min,0.0,0.0
detection,33,bwd_urg_flags_mean,0.0,0.0
detection,33,bwd_urg_flags_std,0.0,0.0
detection,33,bwd_urg_flags_sum,0.0,0.0
detection,33,bwd_urg_flags_min,0.0,0.0
detection,33,bwd_pkt_len_min_min,0.0,0.0
detection,34,fwd_pkt_len_std_mean,1.7992478522322135,1.7992478522322135
detection,34,bwd_pkt_len_std_mean,-1.7300506610382882,1.7300506610382882
detection,34,window_size_bwd_std,1.7121256947016266,1.7121256947016266
detection,34,byte_count_bwd_std,-1.6539325750240417,1.6539325750240417
detection,34,fwd_pkt_len_max_std,-1.5951566095091592,1.5951566095091592
detection,34,pkt_tcp_retrans_count,1.4620901300963187,1.4620901300963187
detection,34,pkt_port_scan_seq_score,1.3648534114973816,1.3648534114973816
detection,34,bwd_iat_std_mean,1.330270970001274,1.330270970001274
detection,34,packet_count_bwd_std,1.2628829533102608,1.2628829533102608
detection,34,down_up_ratio_std,-1.2429949451801492,1.2429949451801492
detection,34,byte_count_fwd_max,1.2400638292709838,1.2400638292709838
detection,34,bytes_per_sec_mean,-1.2329103581197227,1.2329103581197227
detection,34,flow_iat_std_std,-1.1999063051335388,1.1999063051335388
detection,34,bytes_per_sec_max,1.1810242171352066,1.1810242171352066
detection,34,window_size_fwd_std,-1.1247643061182768,1.1247643061182768
detection,34,bwd_iat_max_std,-1.1197998177450594,1.1197998177450594
detection,34,pkt_len_std_mean,-1.0982706509136977,1.0982706509136977
detection,34,bwd_pkt_len_min_mean,1.0341211392556895,1.0341211392556895
detection,34,bwd_iat_mean_std,1.0335098121329305,1.0335098121329305
detection,34,bwd_iat_min_std,-1.0288208827457055,1.0288208827457055
detection,34,ack_flag_cnt_std,0.988570874330644,0.988570874330644
detection,34,bwd_pkts_per_sec_sum,-0.9734144460625992,0.9734144460625992
detection,34,urg_flag_cnt_mean,-0.9646790511257032,0.9646790511257032
detection,34,bwd_pkt_len_std_std,0.9589375183976206,0.9589375183976206
detection,34,pkt_len_min_std,0.9451745146205942,0.9451745146205942
detection,34,fwd_seg_size_min_mean,0.9351262949750492,0.9351262949750492
detection,34,subflow_bwd_byts_sum,-0.9251461912205308,0.9251461912205308
detection,34,bwd_seg_size_avg_max,0.9127126051477044,0.9127126051477044
detection,34,bwd_pkt_len_mean_max,0.9127126051474692,0.9127126051474692
detection,34,bwd_iat_min_max,0.85968321633171,0.85968321633171
detection,34,bytes_per_sec_sum,-0.8568878771147378,0.8568878771147378
detection,34,fwd_header_len_mean,0.8329529237087279,0.8329529237087279
detection,34,pkt_len_mean_max,-0.8029907095597648,0.8029907095597648
detection,34,fwd_pkt_len_std_std,0.7945594355431606,0.7945594355431606
detection,34,pkt_payload_size_p95,-0.7798834135101332,0.7798834135101332
detection,34,pkt_len_max_std,-0.7518942904738615,0.7518942904738615
detection,34,bwd_pkts_per_sec_std,0.7388121015924198,0.7388121015924198
detection,34,active_max_sum,0.7371553487020943,0.7371553487020943
detection,34,bwd_pkt_len_max_std,0.7339998861630144,0.7339998861630144
detection,34,pkt_len_mean_mean,-0.7300560988975944,0.7300560988975944
detection,34,duration_sec_std,0.7146936777573838,0.7146936777573838
detection,34,bwd_iat_mean_sum,-0.7073195150117865,0.7073195150117865
detection,34,fwd_iat_mean_std,-0.6899749248258217,0.6899749248258217
detection,34,window_size_bwd_mean,-0.6887307181826285,0.6887307181826285
detection,34,pkt_size_avg_mean,-0.6849762688565216,0.6849762688565216
detection,34,packet_count_bwd_mean,0.6826922171059883,0.6826922171059883
detection,34,byte_count_bwd_max,-0.6725585234554609,0.6725585234554609
detection,34,urg_flag_cnt_max,0.6679926641071385,0.6679926641071385
detection,34,bwd_pkt_len_std_max,0.6651503858600833,0.6651503858600833
detection,34,active_mean_sum,-0.6643068800944826,0.6643068800944826
detection,34,window_size_bwd_sum,-0.6641619158353483,0.6641619158353483
detection,34,ece_flag_cnt_sum,0.65829562494583,0.65829562494583
detection,34,rst_flag_cnt_sum,0.6574733100275048,0.6574733100275048
detection,34,pkt_len_std_std,0.6385907541582878,0.6385907541582878
detection,34,bwd_iat_tot_mean,-0.6257625213047951,0.6257625213047951
detection,34,byte_count_bwd_mean,-0.6251363626380354,0.6251363626380354
detection,34,ece_flag_cnt_std,0.6198786231777226,0.6198786231777226
detection,34,byte_count_fwd_std,-0.6185188893789993,0.6185188893789993
detection,34,psh_flag_cnt_mean,0.6129206600943972,0.6129206600943972
detection,34,fwd_header_len_sum,0.6046044246956276,0.6046044246956276
detection,34,rst_flag_cnt_std,0.5939710327975289,0.5939710327975289
detection,34,pkt_len_var_sum,0.5852240033364721,0.5852240033364721
detection,34,flow_iat_max_std,-0.5800756250540633,0.5800756250540633
detection,34,urg_flag_cnt_std,0.5748742010080454,0.5748742010080454
detection,34,pkt_payload_size_p75,-0.5717014666281229,0.5717014666281229
detection,34,active_std_sum,-0.5689984050185555,0.5689984050185555
detection,34,window_size_bwd_max,0.5639202892800377,0.5639202892800377
detection,34,fwd_seg_size_min_std,-0.5541508239517563,0.5541508239517563
detection,34,pkt_frag_df_count,0.55102607034,0.55102607034
detection,34,subflow_fwd_byts_mean,-0.5477030681699042,0.5477030681699042
detection,34,pkt_len_max_mean,-0.5323449561981886,0.5323449561981886
detection,34,bwd_iat_mean_max,-0.5253152054772023,0.5253152054772023
detection,34,fwd_pkt_len_max_max,0.5188538833094496,0.5188538833094496
detection,34,bwd_pkt_len_mean_sum,0.5182291739503421,0.5182291739503421
detection,34,bwd_seg_size_avg_sum,0.5182291739498738,0.5182291739498738
detection,34,bwd_iat_mean_mean,0.4985147129676527,0.4985147129676527
detection,34,idle_std_mean,0.4948967187295285,0.4948967187295285
detection,34,subflow_bwd_byts_max,0.4926829826654743,0.4926829826654743
detection,34,byte_count_bwd_sum,-0.4829542069204348,0.4829542069204348
detection,34,flow_iat_std_sum,-0.4825955271191022,0.4825955271191022
detection,34,fwd_iat_std_mean,0.4824989940480974,0.4824989940480974
detection,34,subflow_fwd_byts_sum,0.4761344828816888,0.4761344828816888
detection,34,subflow_fwd_pkts_sum,0.4747491925832166,0.4747491925832166
detection,34,ack_flag_cnt_sum,0.4712234677696905,0.4712234677696905
detection,34,down_up_ratio_max,0.4672317993517808,0.4672317993517808
detection,34,active_std_mean,-0.453881614184007,0.453881614184007
detection,34,idle_max_mean,0.4533720312866052,0.4533720312866052
detection,34,active_max_std,0.4355182718681431,0.4355182718681431
detection,34,window_size_fwd_mean,0.4343502210877361,0.4343502210877361
detection,34,idle_min_std,-0.4217822730830848,0.4217822730830848
detection,34,bwd_header_len_max,0.4158447063585354,0.4158447063585354
detection,34,fwd_iat_min_std,-0.4114259908192804,0.4114259908192804
detection,34,down_up_ratio_mean,0.4058092234754287,0.4058092234754287
detection,34,mask_has_packet_level_features,-0.403920289765573,0.403920289765573
detection,34,pkt_ttl_max,-0.403920289765573,0.403920289765573
detection,34,fwd_pkt_len_std_sum,0.4011712884163048,0.4011712884163048
detection,34,fwd_pkt_len_mean_sum,0.3933492012376035,0.3933492012376035
detection,34,fwd_seg_size_avg_sum,0.3933492012376035,0.3933492012376035
detection,34,pkt_len_var_mean,-0.3915246567095576,0.3915246567095576
detection,34,fwd_iat_tot_std,0.3848848670409059,0.3848848670409059
detection,34,down_up_ratio_sum,0.3841605377752183,0.3841605377752183
detection,34,fwd_iat_std_sum,0.3817392695447128,0.3817392695447128
detection,34,bwd_header_len_std,-0.3802937210549065,0.3802937210549065
detection,34,pkt_ttl_std,0.3785554900177869,0.3785554900177869
detection,34,pkt_ttl_mode,0.374917600709909,0.374917600709909
detection,34,pkt_len_mean_sum,0.3729680451719483,0.3729680451719483
detection,34,fwd_pkts_per_sec_max,-0.3688170409645843,0.3688170409645843
detection,34,fwd_pkt_len_max_sum,0.3665683459137281,0.3665683459137281
detection,34,fwd_pkts_per_sec_sum,0.3653105832795857,0.3653105832795857
detection,34,pkt_len_max_max,0.3651084062541433,0.3651084062541433
detection,34,subflow_bwd_pkts_std,-0.3642972644999205,0.3642972644999205
detection,34,bwd_pkt_len_min_std,-0.3562541915374543,0.3562541915374543
detection,34,duration_microsec_std,0.3557775570516384,0.3557775570516384
detection,34,fwd_iat_max_sum,0.3469151833164812,0.3469151833164812
detection,34,pkt_len_mean_std,0.3438121950318824,0.3438121950318824
detection,34,pkt_len_min_max,-0.3393000761288636,0.3393000761288636
detection,34,pkt_size_avg_sum,0.3348348542125381,0.3348348542125381
detection,34,fwd_pkts_per_sec_mean,0.332867606502079,0.332867606502079
detection,34,packets_per_sec_max,-0.3279622329777392,0.3279622329777392
detection,34,packet_count_bwd_max,0.3250547684377757,0.3250547684377757
detection,34,fwd_iat_std_std,0.3236852864034166,0.3236852864034166
detection,34,active_min_std,-0.3205613323124447,0.3205613323124447
detection,34,fwd_urg_flags_std,0.3171976054865401,0.3171976054865401
detection,34,cwe_flag_cnt_std,0.3171976054865401,0.3171976054865401
detection,34,packet_count_fwd_std,-0.3165185698442631,0.3165185698442631
detection,34,pkt_len_max_sum,0.3132880414035515,0.3132880414035515
detection,34,flow_iat_min_sum,0.3116389509847002,0.3116389509847002
detection,34,fwd_iat_min_max,0.3092774898588693,0.3092774898588693
detection,34,pkt_size_avg_max,0.3088340983438442,0.3088340983438442
detection,34,fwd_act_data_pkts_max,-0.3041938616269488,0.3041938616269488
detection,34,pkt_len_std_sum,0.2955071344233181,0.2955071344233181
detection,34,flow_iat_max_mean,-0.2937944548626215,0.2937944548626215
detection,34,active_mean_std,-0.2910218197631313,0.2910218197631313
detection,34,fwd_iat_max_max,-0.2893626426522757,0.2893626426522757
detection,34,fwd_iat_min_sum,0.2837288842085465,0.2837288842085465
detection,34,subflow_bwd_pkts_sum,-0.2779161740249753,0.2779161740249753
detection,34,active_std_max,0.2777758892741135,0.2777758892741135
detection,34,packets_per_sec_sum,-0.2773115244883261,0.2773115244883261
detection,34,fwd_iat_mean_max,0.272757375043493,0.272757375043493
detection,34,active_max_mean,-0.2712429386731948,0.2712429386731948
detection,34,duration_sec_sum,-0.2707610900569681,0.2707610900569681
detection,34,duration_microsec_max,0.2704019562487196,0.2704019562487196
detection,34,fwd_act_data_pkts_mean,-0.266778619403834,0.266778619403834
detection,34,active_std_std,-0.2647433665773603,0.2647433665773603
detection,34,subflow_bwd_byts_std,-0.2644303158775525,0.2644303158775525
detection,34,bwd_iat_tot_max,-0.2639999097317259,0.2639999097317259
detection,34,idle_mean_mean,0.262985547539138,0.262985547539138
detection,34,bwd_pkts_per_sec_max,-0.2610058250485987,0.2610058250485987
detection,34,fwd_seg_size_min_sum,0.2536368753067604,0.2536368753067604
detection,34,packets_per_sec_mean,-0.252905985190946,0.252905985190946
detection,34,subflow_fwd_pkts_mean,0.2523087096821539,0.2523087096821539
detection,34,fwd_seg_size_avg_mean,-0.251332115895898,0.251332115895898
detection,34,fwd_pkt_len_mean_mean,-0.251332115895898,0.251332115895898
detection,34,packets_per_sec_min,-0.2502788928788068,0.2502788928788068
detection,34,pkt_len_var_max,0.2485765582779512,0.2485765582779512
detection,34,bwd_pkts_per_sec_mean,-0.247220382287408,0.247220382287408
detection,34,flow_iat_max_max,0.2384870373179521,0.2384870373179521
detection,34,flow_iat_mean_sum,0.2357957414683604,0.2357957414683604
detection,34,fwd_iat_std_max,0.2317720372596312,0.2317720372596312
detection,34,idle_mean_std,-0.2304408514443782,0.2304408514443782
detection,34,flow_iat_std_mean,-0.2259527957777165,0.2259527957777165
detection,34,bwd_pkt_len_max_sum,0.2251091086861128,0.2251091086861128
detection,34,duration_sec_max,0.2247706547053201,0.2247706547053201
detection,34,fwd_pkt_len_std_max,-0.2227072482726823,0.2227072482726823
detection,34,byte_count_fwd_sum,-0.2205324239507383,0.2205324239507383
detection,34,flow_iat_std_max,-0.2163593411058576,0.2163593411058576
detection,34,fwd_header_len_max,0.2091539520369039,0.2091539520369039
detection,34,fwd_urg_flags_mean,-0.2036200420027677,0.2036200420027677
detection,34,cwe_flag_cnt_mean,-0.2036200420027677,0.2036200420027677
detection,34,active_mean_mean,-0.1972007806672305,0.1972007806672305
detection,34,bwd_iat_std_std,0.1893801180112768,0.1893801180112768
detection,34,window_size_fwd_max,-0.188902376932486,0.188902376932486
detection,34,packet_count_fwd_sum,-0.1883308222807458,0.1883308222807458
detection,34,bwd_iat_std_sum,0.1879850882601399,0.1879850882601399
detection,34,fwd_pkt_len_max_mean,0.1834205003866376,0.1834205003866376
detection,34,flow_iat_max_sum,0.183155111402216,0.183155111402216
detection,34,bytes_per_sec_std,0.1804726614128231,0.1804726614128231
detection,34,idle_max_sum,0.1787968560930165,0.1787968560930165
detection,34,idle_max_max,-0.1767113157707177,0.1767113157707177
detection,34,pkt_ttl_min,-0.1701024780358794,0.1701024780358794
detection,34,active_max_max,0.1678496573916212,0.1678496573916212
detection,34,window_size_fwd_sum,0.1674648239651755,0.1674648239651755
detection,34,fin_flag_cnt_max,0.1666822503259384,0.1666822503259384
detection,34,fwd_seg_size_min_min,-0.1643094893946543,0.1643094893946543
detection,34,bwd_header_len_mean,-0.1625927678469276,0.1625927678469276
detection,34,unique_protocols_count,0.1619843580393516,0.1619843580393516
detection,34,bwd_iat_tot_sum,-0.1618867194032895,0.1618867194032895
detection,34,pkt_size_avg_std,0.1611027316645116,0.1611027316645116
detection,34,bwd_pkt_len_max_max,-0.1606501758831285,0.1606501758831285
detection,34,subflow_fwd_byts_std,0.1598007089461137,0.1598007089461137
detection,34,pkt_len_min_sum,-0.158254668711988,0.158254668711988
detection,34,active_min_sum,0.1571017047903993,0.1571017047903993
detection,34,bwd_pkt_len_min_sum,0.1539581857352827,0.1539581857352827
detection,34,bwd_header_len_sum,-0.1539570413534423,0.1539570413534423
detection,34,subflow_fwd_pkts_std,-0.1537957871059972,0.1537957871059972
detection,34,pkt_payload_size_p50,-0.1522292806857402,0.1522292806857402
detection,34,bwd_iat_max_sum,-0.1516129497257692,0.1516129497257692
detection,34,packet_count_bwd_min,-0.1502055751213807,0.1502055751213807
detection,34,flow_iat_mean_std,-0.1484325054597665,0.1484325054597665
detection,34,subflow_bwd_pkts_max,0.1472346729561995,0.1472346729561995
detection,34,fwd_pkts_per_sec_std,0.147051530488302,0.147051530488302
detection,34,fwd_iat_mean_mean,-0.1461328576429826,0.1461328576429826
detection,34,flow_count,0.1437166248506459,0.1437166248506459
detection,34,fwd_pkt_len_min_sum,-0.1436989785203858,0.1436989785203858
detection,34,flow_iat_mean_mean,0.1429126194070377,0.1429126194070377
detection,34,fwd_pkt_len_min_mean,-0.1386548796292643,0.1386548796292643
detection,34,fwd_psh_flags_std,-0.1383831744180341,0.1383831744180341
detection,34,syn_flag_cnt_std,-0.1383831744180341,0.1383831744180341
detection,34,fwd_iat_max_std,-0.1380331054555004,0.1380331054555004
detection,34,subflow_fwd_byts_max,0.1374343286641501,0.1374343286641501
detection,34,packet_count_bwd_sum,0.1361090348980672,0.1361090348980672
detection,34,ece_flag_cnt_max,-0.1357402766297679,0.1357402766297679
detection,34,rst_flag_cnt_max,-0.1357402766297679,0.1357402766297679
detection,34,subflow_fwd_pkts_max,-0.1328053742909105,0.1328053742909105
detection,34,ack_flag_cnt_mean,0.1326967641463617,0.1326967641463617
detection,34,ack_flag_cnt_max,-0.1318133871686141,0.1318133871686141
detection,34,fwd_iat_mean_sum,0.1293118076679909,0.1293118076679909
detection,34,bwd_iat_max_mean,-0.1287919257772846,0.1287919257772846
detection,34,bwd_pkt_len_mean_mean,0.1283869589070717,0.1283869589070717
detection,34,bwd_seg_size_avg_mean,0.1283869589032389,0.1283869589032389
detection,34,fwd_seg_size_min_max,-0.1275123284365487,0.1275123284365487
detection,34,fwd_iat_tot_sum,-0.1252583684839427,0.1252583684839427
detection,34,flow_iat_min_max,0.1218858470051628,0.1218858470051628
detection,34,bwd_iat_tot_std,-0.1208171102783756,0.1208171102783756
detection,34,fwd_urg_flags_max,0.1116386379058708,0.1116386379058708
detection,34,cwe_flag_cnt_max,0.1116386379058708,0.1116386379058708
detection,34,psh_flag_cnt_sum,0.1076655203665551,0.1076655203665551
detection,34,active_mean_max,0.1050514967102585,0.1050514967102585
detection,34,bwd_pkt_len_max_mean,0.1002882358747482,0.1002882358747482
detection,34,psh_flag_cnt_std,0.0975838690867651,0.0975838690867651
detection,34,unique_dst_ports_count,0.0971742600307652,0.0971742600307652
detection,34,bwd_pkt_len_mean_std,0.0967836872075069,0.0967836872075069
detection,34,bwd_seg_size_avg_std,0.0967836871886582,0.0967836871886582
detection,34,bwd_iat_min_sum,0.0922351038271405,0.0922351038271405
detection,34,idle_mean_sum,0.0884280635055321,0.0884280635055321
detection,34,fin_flag_cnt_mean,0.0875110419473716,0.0875110419473716
detection,34,duration_microsec_sum,-0.0864480405706565,0.0864480405706565
detection,34,urg_flag_cnt_sum,0.0853037796062213,0.0853037796062213
detection,34,bwd_iat_min_mean,-0.0839746596211469,0.0839746596211469
detection,34,subflow_bwd_pkts_mean,-0.0822567589061683,0.0822567589061683
detection,34,fwd_header_len_std,-0.0817678424124955,0.0817678424124955
detection,34,packet_count_fwd_mean,0.0813823086362637,0.0813823086362637
detection,34,rst_flag_cnt_mean,-0.0806684327975842,0.0806684327975842
detection,34,syn_flag_cnt_max,0.0802237663407899,0.0802237663407899
detection,34,fwd_psh_flags_max,0.0802237663407899,0.0802237663407899
detection,34,fwd_iat_max_mean,0.0791887252400074,0.0791887252400074
detection,34,idle_std_max,-0.0790635859487477,0.0790635859487477
detection,34,fwd_act_data_pkts_sum,-0.0778065183089256,0.0778065183089256
detection,34,duration_sec_mean,-0.0777547285753528,0.0777547285753528
detection,34,flow_iat_min_mean,0.0772266879703495,0.0772266879703495
detection,34,fwd_psh_flags_mean,-0.0761697275007225,0.0761697275007225
detection,34,syn_flag_cnt_mean,-0.0761697275007225,0.0761697275007225
detection,34,fwd_iat_min_mean,-0.0713596601736658,0.0713596601736658
detection,34,psh_flag_cnt_max,-0.0692081737581053,0.0692081737581053
detection,34,fwd_pkt_len_min_std,-0.066324184495629,0.066324184495629
detection,34,idle_std_std,0.0662143388766622,0.0662143388766622
detection,34,pkt_len_min_mean,0.0660965526109727,0.0660965526109727
detection,34,byte_count_bwd_min,0.0658772538760781,0.0658772538760781
detection,34,bwd_pkt_len_std_sum,0.0649553281667004,0.0649553281667004
detection,34,fwd_iat_tot_mean,-0.0641139570986273,0.0641139570986273
detection,34,pkt_len_max_min,0.0631478814436306,0.0631478814436306
detection,34,bwd_pkt_len_mean_min,0.0587145321288934,0.0587145321288934
detection,34,bwd_seg_size_avg_min,0.0587145321288934,0.0587145321288934
detection,34,idle_max_std,0.0564876795766344,0.0564876795766344
detection,34,duration_microsec_mean,-0.0561104639489706,0.0561104639489706
detection,34,pkt_len_std_min,0.0546727903896703,0.0546727903896703
detection,34,idle_mean_max,-0.0529504800690924,0.0529504800690924
detection,34,fwd_psh_flags_sum,-0.0525060808865162,0.0525060808865162
detection,34,syn_flag_cnt_sum,-0.0525060808865162,0.0525060808865162
detection,34,bwd_iat_min_min,-0.0520780601425874,0.0520780601425874
detection,34,bwd_pkt_len_max_min,0.0520286339511975,0.0520286339511975
detection,34,subflow_bwd_byts_min,0.0506495915612334,0.0506495915612334
detection,34,pkt_len_var_min,0.0494249326081994,0.0494249326081994
detection,34,bwd_iat_std_min,0.048709999052202,0.048709999052202
detection,34,duration_microsec_min,0.048476890394348,0.048476890394348
detection,34,bwd_pkt_len_std_min,0.0484716792935949,0.0484716792935949
detection,34,fwd_iat_tot_min,0.0484131722066334,0.0484131722066334
detection,34,pkt_len_std_max,0.04814721307496,0.04814721307496
detection,34,packet_count_fwd_min,0.0479429080893445,0.0479429080893445
detection,34,fwd_urg_flags_sum,0.0465503872454769,0.0465503872454769
detection,34,cwe_flag_cnt_sum,0.0465503872454769,0.0465503872454769
detection,34,flow_iat_min_std,0.0462938732398977,0.0462938732398977
detection,34,flow_iat_min_min,0.0461568594988896,0.0461568594988896
detection,34,fin_flag_cnt_std,0.0455927257468642,0.0455927257468642
detection,34,flow_iat_mean_min,0.045413783957,0.045413783957
detection,34,idle_min_max,-0.044934696212459,0.044934696212459
detection,34,fwd_pkt_len_std_min,0.0449320011249411,0.0449320011249411
detection,34,fwd_iat_mean_min,0.0442947237386787,0.0442947237386787
detection,34,duration_sec_min,0.0438113649980811,0.0438113649980811
detection,34,pkt_len_mean_min,0.0433216616145518,0.0433216616145518
detection,34,fwd_iat_max_min,0.042868956766743,0.042868956766743
detection,34,flow_iat_max_min,0.0427596096280978,0.0427596096280978
detection,34,pkt_size_avg_min,0.0423092971933865,0.0423092971933865
detection,34,idle_max_min,0.0422604002506889,0.0422604002506889
detection,34,window_size_bwd_min,0.0418822195492527,0.0418822195492527
detection,34,fwd_iat_tot_max,0.0414494775102706,0.0414494775102706
detection,34,subflow_fwd_pkts_min,0.0413510464756476,0.0413510464756476
detection,34,fwd_iat_min_min,0.041260286259799,0.041260286259799
detection,34,active_min_mean,0.041260148437499,0.041260148437499
detection,34,bwd_iat_tot_min,0.0411104590781881,0.0411104590781881
detection,34,ece_flag_cnt_mean,-0.0401167465653952,0.0401167465653952
detection,34,idle_mean_min,0.0384424226189948,0.0384424226189948
detection,34,subflow_bwd_pkts_min,-0.038297452130003,0.038297452130003
detection,34,fwd_pkts_per_sec_min,-0.0373269958299653,0.0373269958299653
detection,34,idle_min_sum,0.0371541824232156,0.0371541824232156
detection,34,subflow_bwd_byts_mean,-0.0366257852689142,0.0366257852689142
detection,34,idle_min_mean,-0.036110195441376,0.036110195441376
detection,34,window_size_fwd_min,0.0339266511653914,0.0339266511653914
detection,34,fwd_pkt_len_min_min,0.0332548459533705,0.0332548459533705
detection,34,idle_std_sum,0.0327278449970073,0.0327278449970073
detection,34,idle_min_min,0.0323847054034793,0.0323847054034793
detection,34,pkt_len_min_min,0.0309602712021593,0.0309602712021593
detection,34,active_min_max,0.0307154566303403,0.0307154566303403
detection,34,active_min_min,0.0306682728539905,0.0306682728539905
detection,34,bwd_iat_max_min,0.030435833799465,0.030435833799465
detection,34,fwd_seg_size_avg_min,0.0301890975677746,0.0301890975677746
detection,34,fwd_pkt_len_mean_min,0.0301890975677746,0.0301890975677746
detection,34,active_mean_min,0.0298314427738986,0.0298314427738986
detection,34,fwd_pkt_len_min_max,-0.0294563946980135,0.0294563946980135
detection,34,active_max_min,0.0284651805912667,0.0284651805912667
detection,34,psh_flag_cnt_min,0.0279953923625303,0.0279953923625303
detection,34,bwd_pkts_per_sec_min,0.0276078249992528,0.0276078249992528
detection,34,down_up_ratio_min,0.027276173063612,0.027276173063612
detection,34,fwd_pkt_len_max_min,0.0266698106818455,0.0266698106818455
detection,34,active_std_min,0.0256536092840023,0.0256536092840023
detection,34,bwd_pkt_len_min_max,-0.0252743719167895,0.0252743719167895
detection,34,subflow_fwd_byts_min,0.0250375547334236,0.0250375547334236
detection,34,idle_std_min,0.0247742809861719,0.0247742809861719
detection,34,bwd_iat_std_max,-0.0234326021880157,0.0234326021880157
detection,34,flow_iat_std_min,0.0233737288845768,0.0233737288845768
detection,34,fwd_seg_size_avg_std,-0.023045188516766,0.023045188516766
detection,34,fwd_pkt_len_mean_std,-0.023045188516766,0.023045188516766
detection,34,fwd_iat_std_min,0.0226195444169498,0.0226195444169498
detection,34,fwd_psh_flags_min,0.0226175262228274,0.0226175262228274
detection,34,ack_flag_cnt_min,0.0226175262228274,0.0226175262228274
detection,34,syn_flag_cnt_min,0.0226175262228274,0.0226175262228274
detection,34,packets_per_sec_std,0.0216250110952757,0.0216250110952757
detection,34,fwd_seg_size_avg_max,0.020931674436665,0.020931674436665
detection,34,fwd_pkt_len_mean_max,0.020931674436665,0.020931674436665
detection,34,bytes_per_sec_min,0.018804997071879,0.018804997071879
detection,34,fwd_act_data_pkts_std,-0.0181995022134661,0.0181995022134661
detection,34,bwd_header_len_min,0.0180518179336538,0.0180518179336538
detection,34,packet_count_fwd_max,0.0169858133431072,0.0169858133431072
detection,34,pkt_payload_size_p25,-0.0159948194794504,0.0159948194794504
detection,34,fwd_act_data_pkts_min,0.0114020221265797,0.0114020221265797
detection,34,bwd_iat_max_max,0.0112070054055978,0.0112070054055978
detection,34,flow_iat_mean_max,-0.0111422219186341,0.0111422219186341
detection,34,bwd_iat_mean_min,-0.006543182314543,0.006543182314543
detection,34,fwd_header_len_min,-0.0058379449152343,0.0058379449152343
detection,34,fin_flag_cnt_sum,0.0055903432868131,0.0055903432868131
detection,34,byte_count_fwd_min,0.0048867971835253,0.0048867971835253
detection,34,byte_count_fwd_mean,-0.0026378571645796,0.0026378571645796
detection,34,pkt_len_var_std,-0.0019325975713746,0.0019325975713746
detection,34,fwd_byts_b_avg_max,0.0,0.0
detection,34,mask_has_flow_timing_features,0.0,0.0
detection,34,mask_has_traffic_volume_features,0.0,0.0
detection,34,fin_flag_cnt_min,0.0,0.0
detection,34,rst_flag_cnt_min,0.0,0.0
detection,34,mask_has_identity_auth,0.0,0.0
detection,34,fwd_byts_b_avg_min,0.0,0.0
detection,34,fwd_byts_b_avg_sum,0.0,0.0
detection,34,fwd_byts_b_avg_std,0.0,0.0
detection,34,fwd_byts_b_avg_mean,0.0,0.0
detection,34,ece_flag_cnt_min,0.0,0.0
detection,34,urg_flag_cnt_min,0.0,0.0
detection,34,cwe_flag_cnt_min,0.0,0.0
detection,34,bwd_urg_flags_max,0.0,0.0
detection,34,mask_has_graph_topology,0.0,0.0
detection,34,pkt_frag_mf_count,0.0,0.0
detection,34,mask_has_tcp_flags,0.0,0.0
detection,34,bwd_pkts_b_avg_max,0.0,0.0
detection,34,bwd_blk_rate_avg_max,0.0,0.0
detection,34,bwd_blk_rate_avg_sum,0.0,0.0
detection,34,bwd_pkts_b_avg_sum,0.0,0.0
detection,34,fwd_pkts_b_avg_std,0.0,0.0
detection,34,fwd_pkts_b_avg_sum,0.0,0.0
detection,34,fwd_pkts_b_avg_mean,0.0,0.0
detection,34,bwd_blk_rate_avg_min,0.0,0.0
detection,34,bwd_pkts_b_avg_min,0.0,0.0
detection,34,bwd_blk_rate_avg_mean,0.0,0.0
detection,34,bwd_blk_rate_avg_std,0.0,0.0
detection,34,fwd_pkts_b_avg_min,0.0,0.0
detection,34,fwd_blk_rate_avg_min,0.0,0.0
detection,34,fwd_blk_rate_avg_max,0.0,0.0
detection,34,bwd_byts_b_avg_mean,0.0,0.0
detection,34,bwd_byts_b_avg_std,0.0,0.0
detection,34,fwd_pkts_b_avg_max,0.0,0.0
detection,34,fwd_blk_rate_avg_mean,0.0,0.0
detection,34,fwd_blk_rate_avg_std,0.0,0.0
detection,34,fwd_blk_rate_avg_sum,0.0,0.0
detection,34,bwd_pkts_b_avg_mean,0.0,0.0
detection,34,bwd_byts_b_avg_max,0.0,0.0
detection,34,bwd_byts_b_avg_min,0.0,0.0
detection,34,bwd_byts_b_avg_sum,0.0,0.0
detection,34,bwd_psh_flags_std,0.0,0.0
detection,34,bwd_psh_flags_sum,0.0,0.0
detection,34,bwd_pkts_b_avg_std,0.0,0.0
detection,34,bwd_psh_flags_mean,0.0,0.0
detection,34,bwd_psh_flags_max,0.0,0.0
detection,34,bwd_psh_flags_min,0.0,0.0
detection,34,fwd_urg_flags_min,0.0,0.0
detection,34,bwd_urg_flags_mean,0.0,0.0
detection,34,bwd_urg_flags_std,0.0,0.0
detection,34,bwd_urg_flags_sum,0.0,0.0
detection,34,bwd_urg_flags_min,0.0,0.0
detection,34,bwd_pkt_len_min_min,0.0,0.0
detection,35,fwd_pkt_len_std_mean,1.7992478522322135,1.7992478522322135
detection,35,bwd_pkt_len_std_mean,-1.7300506610382882,1.7300506610382882
detection,35,window_size_bwd_std,1.7121256947016266,1.7121256947016266
detection,35,byte_count_bwd_std,-1.6539325750240417,1.6539325750240417
detection,35,fwd_pkt_len_max_std,-1.5951566095091592,1.5951566095091592
detection,35,pkt_tcp_retrans_count,1.4620901300963187,1.4620901300963187
detection,35,pkt_port_scan_seq_score,1.3648534114973816,1.3648534114973816
detection,35,bwd_iat_std_mean,1.330270970001274,1.330270970001274
detection,35,packet_count_bwd_std,1.2628829533102608,1.2628829533102608
detection,35,down_up_ratio_std,-1.2429949451801492,1.2429949451801492
detection,35,byte_count_fwd_max,1.2400638292709838,1.2400638292709838
detection,35,bytes_per_sec_mean,-1.2329103581197227,1.2329103581197227
detection,35,flow_iat_std_std,-1.1999063051335388,1.1999063051335388
detection,35,bytes_per_sec_max,1.1810242171352066,1.1810242171352066
detection,35,window_size_fwd_std,-1.1247643061182768,1.1247643061182768
detection,35,bwd_iat_max_std,-1.1197998177450594,1.1197998177450594
detection,35,pkt_len_std_mean,-1.0982706509136977,1.0982706509136977
detection,35,bwd_pkt_len_min_mean,1.0341211392556895,1.0341211392556895
detection,35,bwd_iat_mean_std,1.0335098121329305,1.0335098121329305
detection,35,bwd_iat_min_std,-1.0288208827457055,1.0288208827457055
detection,35,ack_flag_cnt_std,0.988570874330644,0.988570874330644
detection,35,bwd_pkts_per_sec_sum,-0.9734144460625992,0.9734144460625992
detection,35,urg_flag_cnt_mean,-0.9646790511257032,0.9646790511257032
detection,35,bwd_pkt_len_std_std,0.9589375183976206,0.9589375183976206
detection,35,pkt_len_min_std,0.9451745146205942,0.9451745146205942
detection,35,fwd_seg_size_min_mean,0.9351262949750492,0.9351262949750492
detection,35,subflow_bwd_byts_sum,-0.9251461912205308,0.9251461912205308
detection,35,bwd_seg_size_avg_max,0.9127126051477044,0.9127126051477044
detection,35,bwd_pkt_len_mean_max,0.9127126051474692,0.9127126051474692
detection,35,bwd_iat_min_max,0.85968321633171,0.85968321633171
detection,35,bytes_per_sec_sum,-0.8568878771147378,0.8568878771147378
detection,35,fwd_header_len_mean,0.8329529237087279,0.8329529237087279
detection,35,pkt_len_mean_max,-0.8029907095597648,0.8029907095597648
detection,35,fwd_pkt_len_std_std,0.7945594355431606,0.7945594355431606
detection,35,pkt_payload_size_p95,-0.7798834135101332,0.7798834135101332
detection,35,pkt_len_max_std,-0.7518942904738615,0.7518942904738615
detection,35,bwd_pkts_per_sec_std,0.7388121015924198,0.7388121015924198
detection,35,active_max_sum,0.7371553487020943,0.7371553487020943
detection,35,bwd_pkt_len_max_std,0.7339998861630144,0.7339998861630144
detection,35,pkt_len_mean_mean,-0.7300560988975944,0.7300560988975944
detection,35,duration_sec_std,0.7146936777573838,0.7146936777573838
detection,35,bwd_iat_mean_sum,-0.7073195150117865,0.7073195150117865
detection,35,fwd_iat_mean_std,-0.6899749248258217,0.6899749248258217
detection,35,window_size_bwd_mean,-0.6887307181826285,0.6887307181826285
detection,35,pkt_size_avg_mean,-0.6849762688565216,0.6849762688565216
detection,35,packet_count_bwd_mean,0.6826922171059883,0.6826922171059883
detection,35,byte_count_bwd_max,-0.6725585234554609,0.6725585234554609
detection,35,urg_flag_cnt_max,0.6679926641071385,0.6679926641071385
detection,35,bwd_pkt_len_std_max,0.6651503858600833,0.6651503858600833
detection,35,active_mean_sum,-0.6643068800944826,0.6643068800944826
detection,35,window_size_bwd_sum,-0.6641619158353483,0.6641619158353483
detection,35,ece_flag_cnt_sum,0.65829562494583,0.65829562494583
detection,35,rst_flag_cnt_sum,0.6574733100275048,0.6574733100275048
detection,35,pkt_len_std_std,0.6385907541582878,0.6385907541582878
detection,35,bwd_iat_tot_mean,-0.6257625213047951,0.6257625213047951
detection,35,byte_count_bwd_mean,-0.6251363626380354,0.6251363626380354
detection,35,ece_flag_cnt_std,0.6198786231777226,0.6198786231777226
detection,35,byte_count_fwd_std,-0.6185188893789993,0.6185188893789993
detection,35,psh_flag_cnt_mean,0.6129206600943972,0.6129206600943972
detection,35,fwd_header_len_sum,0.6046044246956276,0.6046044246956276
detection,35,rst_flag_cnt_std,0.5939710327975289,0.5939710327975289
detection,35,pkt_len_var_sum,0.5852240033364721,0.5852240033364721
detection,35,flow_iat_max_std,-0.5800756250540633,0.5800756250540633
detection,35,urg_flag_cnt_std,0.5748742010080454,0.5748742010080454
detection,35,pkt_payload_size_p75,-0.5717014666281229,0.5717014666281229
detection,35,active_std_sum,-0.5689984050185555,0.5689984050185555
detection,35,window_size_bwd_max,0.5639202892800377,0.5639202892800377
detection,35,fwd_seg_size_min_std,-0.5541508239517563,0.5541508239517563
detection,35,pkt_frag_df_count,0.55102607034,0.55102607034
detection,35,subflow_fwd_byts_mean,-0.5477030681699042,0.5477030681699042
detection,35,pkt_len_max_mean,-0.5323449561981886,0.5323449561981886
detection,35,bwd_iat_mean_max,-0.5253152054772023,0.5253152054772023
detection,35,fwd_pkt_len_max_max,0.5188538833094496,0.5188538833094496
detection,35,bwd_pkt_len_mean_sum,0.5182291739503421,0.5182291739503421
detection,35,bwd_seg_size_avg_sum,0.5182291739498738,0.5182291739498738
detection,35,bwd_iat_mean_mean,0.4985147129676527,0.4985147129676527
detection,35,idle_std_mean,0.4948967187295285,0.4948967187295285
detection,35,subflow_bwd_byts_max,0.4926829826654743,0.4926829826654743
detection,35,byte_count_bwd_sum,-0.4829542069204348,0.4829542069204348
detection,35,flow_iat_std_sum,-0.4825955271191022,0.4825955271191022
detection,35,fwd_iat_std_mean,0.4824989940480974,0.4824989940480974
detection,35,subflow_fwd_byts_sum,0.4761344828816888,0.4761344828816888
detection,35,subflow_fwd_pkts_sum,0.4747491925832166,0.4747491925832166
detection,35,ack_flag_cnt_sum,0.4712234677696905,0.4712234677696905
detection,35,down_up_ratio_max,0.4672317993517808,0.4672317993517808
detection,35,active_std_mean,-0.453881614184007,0.453881614184007
detection,35,idle_max_mean,0.4533720312866052,0.4533720312866052
detection,35,active_max_std,0.4355182718681431,0.4355182718681431
detection,35,window_size_fwd_mean,0.4343502210877361,0.4343502210877361
detection,35,idle_min_std,-0.4217822730830848,0.4217822730830848
detection,35,bwd_header_len_max,0.4158447063585354,0.4158447063585354
detection,35,fwd_iat_min_std,-0.4114259908192804,0.4114259908192804
detection,35,down_up_ratio_mean,0.4058092234754287,0.4058092234754287
detection,35,mask_has_packet_level_features,-0.403920289765573,0.403920289765573
detection,35,pkt_ttl_max,-0.403920289765573,0.403920289765573
detection,35,fwd_pkt_len_std_sum,0.4011712884163048,0.4011712884163048
detection,35,fwd_pkt_len_mean_sum,0.3933492012376035,0.3933492012376035
detection,35,fwd_seg_size_avg_sum,0.3933492012376035,0.3933492012376035
detection,35,pkt_len_var_mean,-0.3915246567095576,0.3915246567095576
detection,35,fwd_iat_tot_std,0.3848848670409059,0.3848848670409059
detection,35,down_up_ratio_sum,0.3841605377752183,0.3841605377752183
detection,35,fwd_iat_std_sum,0.3817392695447128,0.3817392695447128
detection,35,bwd_header_len_std,-0.3802937210549065,0.3802937210549065
detection,35,pkt_ttl_std,0.3785554900177869,0.3785554900177869
detection,35,pkt_ttl_mode,0.374917600709909,0.374917600709909
detection,35,pkt_len_mean_sum,0.3729680451719483,0.3729680451719483
detection,35,fwd_pkts_per_sec_max,-0.3688170409645843,0.3688170409645843
detection,35,fwd_pkt_len_max_sum,0.3665683459137281,0.3665683459137281
detection,35,fwd_pkts_per_sec_sum,0.3653105832795857,0.3653105832795857
detection,35,pkt_len_max_max,0.3651084062541433,0.3651084062541433
detection,35,subflow_bwd_pkts_std,-0.3642972644999205,0.3642972644999205
detection,35,bwd_pkt_len_min_std,-0.3562541915374543,0.3562541915374543
detection,35,duration_microsec_std,0.3557775570516384,0.3557775570516384
detection,35,fwd_iat_max_sum,0.3469151833164812,0.3469151833164812
detection,35,pkt_len_mean_std,0.3438121950318824,0.3438121950318824
detection,35,pkt_len_min_max,-0.3393000761288636,0.3393000761288636
detection,35,pkt_size_avg_sum,0.3348348542125381,0.3348348542125381
detection,35,fwd_pkts_per_sec_mean,0.332867606502079,0.332867606502079
detection,35,packets_per_sec_max,-0.3279622329777392,0.3279622329777392
detection,35,packet_count_bwd_max,0.3250547684377757,0.3250547684377757
detection,35,fwd_iat_std_std,0.3236852864034166,0.3236852864034166
detection,35,active_min_std,-0.3205613323124447,0.3205613323124447
detection,35,fwd_urg_flags_std,0.3171976054865401,0.3171976054865401
detection,35,cwe_flag_cnt_std,0.3171976054865401,0.3171976054865401
detection,35,packet_count_fwd_std,-0.3165185698442631,0.3165185698442631
detection,35,pkt_len_max_sum,0.3132880414035515,0.3132880414035515
detection,35,flow_iat_min_sum,0.3116389509847002,0.3116389509847002
detection,35,fwd_iat_min_max,0.3092774898588693,0.3092774898588693
detection,35,pkt_size_avg_max,0.3088340983438442,0.3088340983438442
detection,35,fwd_act_data_pkts_max,-0.3041938616269488,0.3041938616269488
detection,35,pkt_len_std_sum,0.2955071344233181,0.2955071344233181
detection,35,flow_iat_max_mean,-0.2937944548626215,0.2937944548626215
detection,35,active_mean_std,-0.2910218197631313,0.2910218197631313
detection,35,fwd_iat_max_max,-0.2893626426522757,0.2893626426522757
detection,35,fwd_iat_min_sum,0.2837288842085465,0.2837288842085465
detection,35,subflow_bwd_pkts_sum,-0.2779161740249753,0.2779161740249753
detection,35,active_std_max,0.2777758892741135,0.2777758892741135
detection,35,packets_per_sec_sum,-0.2773115244883261,0.2773115244883261
detection,35,fwd_iat_mean_max,0.272757375043493,0.272757375043493
detection,35,active_max_mean,-0.2712429386731948,0.2712429386731948
detection,35,duration_sec_sum,-0.2707610900569681,0.2707610900569681
detection,35,duration_microsec_max,0.2704019562487196,0.2704019562487196
detection,35,fwd_act_data_pkts_mean,-0.266778619403834,0.266778619403834
detection,35,active_std_std,-0.2647433665773603,0.2647433665773603
detection,35,subflow_bwd_byts_std,-0.2644303158775525,0.2644303158775525
detection,35,bwd_iat_tot_max,-0.2639999097317259,0.2639999097317259
detection,35,idle_mean_mean,0.262985547539138,0.262985547539138
detection,35,bwd_pkts_per_sec_max,-0.2610058250485987,0.2610058250485987
detection,35,fwd_seg_size_min_sum,0.2536368753067604,0.2536368753067604
detection,35,packets_per_sec_mean,-0.252905985190946,0.252905985190946
detection,35,subflow_fwd_pkts_mean,0.2523087096821539,0.2523087096821539
detection,35,fwd_seg_size_avg_mean,-0.251332115895898,0.251332115895898
detection,35,fwd_pkt_len_mean_mean,-0.251332115895898,0.251332115895898
detection,35,packets_per_sec_min,-0.2502788928788068,0.2502788928788068
detection,35,pkt_len_var_max,0.2485765582779512,0.2485765582779512
detection,35,bwd_pkts_per_sec_mean,-0.247220382287408,0.247220382287408
detection,35,flow_iat_max_max,0.2384870373179521,0.2384870373179521
detection,35,flow_iat_mean_sum,0.2357957414683604,0.2357957414683604
detection,35,fwd_iat_std_max,0.2317720372596312,0.2317720372596312
detection,35,idle_mean_std,-0.2304408514443782,0.2304408514443782
detection,35,flow_iat_std_mean,-0.2259527957777165,0.2259527957777165
detection,35,bwd_pkt_len_max_sum,0.2251091086861128,0.2251091086861128
detection,35,duration_sec_max,0.2247706547053201,0.2247706547053201
detection,35,fwd_pkt_len_std_max,-0.2227072482726823,0.2227072482726823
detection,35,byte_count_fwd_sum,-0.2205324239507383,0.2205324239507383
detection,35,flow_iat_std_max,-0.2163593411058576,0.2163593411058576
detection,35,fwd_header_len_max,0.2091539520369039,0.2091539520369039
detection,35,fwd_urg_flags_mean,-0.2036200420027677,0.2036200420027677
detection,35,cwe_flag_cnt_mean,-0.2036200420027677,0.2036200420027677
detection,35,active_mean_mean,-0.1972007806672305,0.1972007806672305
detection,35,bwd_iat_std_std,0.1893801180112768,0.1893801180112768
detection,35,window_size_fwd_max,-0.188902376932486,0.188902376932486
detection,35,packet_count_fwd_sum,-0.1883308222807458,0.1883308222807458
detection,35,bwd_iat_std_sum,0.1879850882601399,0.1879850882601399
detection,35,fwd_pkt_len_max_mean,0.1834205003866376,0.1834205003866376
detection,35,flow_iat_max_sum,0.183155111402216,0.183155111402216
detection,35,bytes_per_sec_std,0.1804726614128231,0.1804726614128231
detection,35,idle_max_sum,0.1787968560930165,0.1787968560930165
detection,35,idle_max_max,-0.1767113157707177,0.1767113157707177
detection,35,pkt_ttl_min,-0.1701024780358794,0.1701024780358794
detection,35,active_max_max,0.1678496573916212,0.1678496573916212
detection,35,window_size_fwd_sum,0.1674648239651755,0.1674648239651755
detection,35,fin_flag_cnt_max,0.1666822503259384,0.1666822503259384
detection,35,fwd_seg_size_min_min,-0.1643094893946543,0.1643094893946543
detection,35,bwd_header_len_mean,-0.1625927678469276,0.1625927678469276
detection,35,unique_protocols_count,0.1619843580393516,0.1619843580393516
detection,35,bwd_iat_tot_sum,-0.1618867194032895,0.1618867194032895
detection,35,pkt_size_avg_std,0.1611027316645116,0.1611027316645116
detection,35,bwd_pkt_len_max_max,-0.1606501758831285,0.1606501758831285
detection,35,subflow_fwd_byts_std,0.1598007089461137,0.1598007089461137
detection,35,pkt_len_min_sum,-0.158254668711988,0.158254668711988
detection,35,active_min_sum,0.1571017047903993,0.1571017047903993
detection,35,bwd_pkt_len_min_sum,0.1539581857352827,0.1539581857352827
detection,35,bwd_header_len_sum,-0.1539570413534423,0.1539570413534423
detection,35,subflow_fwd_pkts_std,-0.1537957871059972,0.1537957871059972
detection,35,pkt_payload_size_p50,-0.1522292806857402,0.1522292806857402
detection,35,bwd_iat_max_sum,-0.1516129497257692,0.1516129497257692
detection,35,packet_count_bwd_min,-0.1502055751213807,0.1502055751213807
detection,35,flow_iat_mean_std,-0.1484325054597665,0.1484325054597665
detection,35,subflow_bwd_pkts_max,0.1472346729561995,0.1472346729561995
detection,35,fwd_pkts_per_sec_std,0.147051530488302,0.147051530488302
detection,35,fwd_iat_mean_mean,-0.1461328576429826,0.1461328576429826
detection,35,flow_count,0.1437166248506459,0.1437166248506459
detection,35,fwd_pkt_len_min_sum,-0.1436989785203858,0.1436989785203858
detection,35,flow_iat_mean_mean,0.1429126194070377,0.1429126194070377
detection,35,fwd_pkt_len_min_mean,-0.1386548796292643,0.1386548796292643
detection,35,fwd_psh_flags_std,-0.1383831744180341,0.1383831744180341
detection,35,syn_flag_cnt_std,-0.1383831744180341,0.1383831744180341
detection,35,fwd_iat_max_std,-0.1380331054555004,0.1380331054555004
detection,35,subflow_fwd_byts_max,0.1374343286641501,0.1374343286641501
detection,35,packet_count_bwd_sum,0.1361090348980672,0.1361090348980672
detection,35,ece_flag_cnt_max,-0.1357402766297679,0.1357402766297679
detection,35,rst_flag_cnt_max,-0.1357402766297679,0.1357402766297679
detection,35,subflow_fwd_pkts_max,-0.1328053742909105,0.1328053742909105
detection,35,ack_flag_cnt_mean,0.1326967641463617,0.1326967641463617
detection,35,ack_flag_cnt_max,-0.1318133871686141,0.1318133871686141
detection,35,fwd_iat_mean_sum,0.1293118076679909,0.1293118076679909
detection,35,bwd_iat_max_mean,-0.1287919257772846,0.1287919257772846
detection,35,bwd_pkt_len_mean_mean,0.1283869589070717,0.1283869589070717
detection,35,bwd_seg_size_avg_mean,0.1283869589032389,0.1283869589032389
detection,35,fwd_seg_size_min_max,-0.1275123284365487,0.1275123284365487
detection,35,fwd_iat_tot_sum,-0.1252583684839427,0.1252583684839427
detection,35,flow_iat_min_max,0.1218858470051628,0.1218858470051628
detection,35,bwd_iat_tot_std,-0.1208171102783756,0.1208171102783756
detection,35,fwd_urg_flags_max,0.1116386379058708,0.1116386379058708
detection,35,cwe_flag_cnt_max,0.1116386379058708,0.1116386379058708
detection,35,psh_flag_cnt_sum,0.1076655203665551,0.1076655203665551
detection,35,active_mean_max,0.1050514967102585,0.1050514967102585
detection,35,bwd_pkt_len_max_mean,0.1002882358747482,0.1002882358747482
detection,35,psh_flag_cnt_std,0.0975838690867651,0.0975838690867651
detection,35,unique_dst_ports_count,0.0971742600307652,0.0971742600307652
detection,35,bwd_pkt_len_mean_std,0.0967836872075069,0.0967836872075069
detection,35,bwd_seg_size_avg_std,0.0967836871886582,0.0967836871886582
detection,35,bwd_iat_min_sum,0.0922351038271405,0.0922351038271405
detection,35,idle_mean_sum,0.0884280635055321,0.0884280635055321
detection,35,fin_flag_cnt_mean,0.0875110419473716,0.0875110419473716
detection,35,duration_microsec_sum,-0.0864480405706565,0.0864480405706565
detection,35,urg_flag_cnt_sum,0.0853037796062213,0.0853037796062213
detection,35,bwd_iat_min_mean,-0.0839746596211469,0.0839746596211469
detection,35,subflow_bwd_pkts_mean,-0.0822567589061683,0.0822567589061683
detection,35,fwd_header_len_std,-0.0817678424124955,0.0817678424124955
detection,35,packet_count_fwd_mean,0.0813823086362637,0.0813823086362637
detection,35,rst_flag_cnt_mean,-0.0806684327975842,0.0806684327975842
detection,35,syn_flag_cnt_max,0.0802237663407899,0.0802237663407899
detection,35,fwd_psh_flags_max,0.0802237663407899,0.0802237663407899
detection,35,fwd_iat_max_mean,0.0791887252400074,0.0791887252400074
detection,35,idle_std_max,-0.0790635859487477,0.0790635859487477
detection,35,fwd_act_data_pkts_sum,-0.0778065183089256,0.0778065183089256
detection,35,duration_sec_mean,-0.0777547285753528,0.0777547285753528
detection,35,flow_iat_min_mean,0.0772266879703495,0.0772266879703495
detection,35,fwd_psh_flags_mean,-0.0761697275007225,0.0761697275007225
detection,35,syn_flag_cnt_mean,-0.0761697275007225,0.0761697275007225
detection,35,fwd_iat_min_mean,-0.0713596601736658,0.0713596601736658
detection,35,psh_flag_cnt_max,-0.0692081737581053,0.0692081737581053
detection,35,fwd_pkt_len_min_std,-0.066324184495629,0.066324184495629
detection,35,idle_std_std,0.0662143388766622,0.0662143388766622
detection,35,pkt_len_min_mean,0.0660965526109727,0.0660965526109727
detection,35,byte_count_bwd_min,0.0658772538760781,0.0658772538760781
detection,35,bwd_pkt_len_std_sum,0.0649553281667004,0.0649553281667004
detection,35,fwd_iat_tot_mean,-0.0641139570986273,0.0641139570986273
detection,35,pkt_len_max_min,0.0631478814436306,0.0631478814436306
detection,35,bwd_pkt_len_mean_min,0.0587145321288934,0.0587145321288934
detection,35,bwd_seg_size_avg_min,0.0587145321288934,0.0587145321288934
detection,35,idle_max_std,0.0564876795766344,0.0564876795766344
detection,35,duration_microsec_mean,-0.0561104639489706,0.0561104639489706
detection,35,pkt_len_std_min,0.0546727903896703,0.0546727903896703
detection,35,idle_mean_max,-0.0529504800690924,0.0529504800690924
detection,35,fwd_psh_flags_sum,-0.0525060808865162,0.0525060808865162
detection,35,syn_flag_cnt_sum,-0.0525060808865162,0.0525060808865162
detection,35,bwd_iat_min_min,-0.0520780601425874,0.0520780601425874
detection,35,bwd_pkt_len_max_min,0.0520286339511975,0.0520286339511975
detection,35,subflow_bwd_byts_min,0.0506495915612334,0.0506495915612334
detection,35,pkt_len_var_min,0.0494249326081994,0.0494249326081994
detection,35,bwd_iat_std_min,0.048709999052202,0.048709999052202
detection,35,duration_microsec_min,0.048476890394348,0.048476890394348
detection,35,bwd_pkt_len_std_min,0.0484716792935949,0.0484716792935949
detection,35,fwd_iat_tot_min,0.0484131722066334,0.0484131722066334
detection,35,pkt_len_std_max,0.04814721307496,0.04814721307496
detection,35,packet_count_fwd_min,0.0479429080893445,0.0479429080893445
detection,35,fwd_urg_flags_sum,0.0465503872454769,0.0465503872454769
detection,35,cwe_flag_cnt_sum,0.0465503872454769,0.0465503872454769
detection,35,flow_iat_min_std,0.0462938732398977,0.0462938732398977
detection,35,flow_iat_min_min,0.0461568594988896,0.0461568594988896
detection,35,fin_flag_cnt_std,0.0455927257468642,0.0455927257468642
detection,35,flow_iat_mean_min,0.045413783957,0.045413783957
detection,35,idle_min_max,-0.044934696212459,0.044934696212459
detection,35,fwd_pkt_len_std_min,0.0449320011249411,0.0449320011249411
detection,35,fwd_iat_mean_min,0.0442947237386787,0.0442947237386787
detection,35,duration_sec_min,0.0438113649980811,0.0438113649980811
detection,35,pkt_len_mean_min,0.0433216616145518,0.0433216616145518
detection,35,fwd_iat_max_min,0.042868956766743,0.042868956766743
detection,35,flow_iat_max_min,0.0427596096280978,0.0427596096280978
detection,35,pkt_size_avg_min,0.0423092971933865,0.0423092971933865
detection,35,idle_max_min,0.0422604002506889,0.0422604002506889
detection,35,window_size_bwd_min,0.0418822195492527,0.0418822195492527
detection,35,fwd_iat_tot_max,0.0414494775102706,0.0414494775102706
detection,35,subflow_fwd_pkts_min,0.0413510464756476,0.0413510464756476
detection,35,fwd_iat_min_min,0.041260286259799,0.041260286259799
detection,35,active_min_mean,0.041260148437499,0.041260148437499
detection,35,bwd_iat_tot_min,0.0411104590781881,0.0411104590781881
detection,35,ece_flag_cnt_mean,-0.0401167465653952,0.0401167465653952
detection,35,idle_mean_min,0.0384424226189948,0.0384424226189948
detection,35,subflow_bwd_pkts_min,-0.038297452130003,0.038297452130003
detection,35,fwd_pkts_per_sec_min,-0.0373269958299653,0.0373269958299653
detection,35,idle_min_sum,0.0371541824232156,0.0371541824232156
detection,35,subflow_bwd_byts_mean,-0.0366257852689142,0.0366257852689142
detection,35,idle_min_mean,-0.036110195441376,0.036110195441376
detection,35,window_size_fwd_min,0.0339266511653914,0.0339266511653914
detection,35,fwd_pkt_len_min_min,0.0332548459533705,0.0332548459533705
detection,35,idle_std_sum,0.0327278449970073,0.0327278449970073
detection,35,idle_min_min,0.0323847054034793,0.0323847054034793
detection,35,pkt_len_min_min,0.0309602712021593,0.0309602712021593
detection,35,active_min_max,0.0307154566303403,0.0307154566303403
detection,35,active_min_min,0.0306682728539905,0.0306682728539905
detection,35,bwd_iat_max_min,0.030435833799465,0.030435833799465
detection,35,fwd_seg_size_avg_min,0.0301890975677746,0.0301890975677746
detection,35,fwd_pkt_len_mean_min,0.0301890975677746,0.0301890975677746
detection,35,active_mean_min,0.0298314427738986,0.0298314427738986
detection,35,fwd_pkt_len_min_max,-0.0294563946980135,0.0294563946980135
detection,35,active_max_min,0.0284651805912667,0.0284651805912667
detection,35,psh_flag_cnt_min,0.0279953923625303,0.0279953923625303
detection,35,bwd_pkts_per_sec_min,0.0276078249992528,0.0276078249992528
detection,35,down_up_ratio_min,0.027276173063612,0.027276173063612
detection,35,fwd_pkt_len_max_min,0.0266698106818455,0.0266698106818455
detection,35,active_std_min,0.0256536092840023,0.0256536092840023
detection,35,bwd_pkt_len_min_max,-0.0252743719167895,0.0252743719167895
detection,35,subflow_fwd_byts_min,0.0250375547334236,0.0250375547334236
detection,35,idle_std_min,0.0247742809861719,0.0247742809861719
detection,35,bwd_iat_std_max,-0.0234326021880157,0.0234326021880157
detection,35,flow_iat_std_min,0.0233737288845768,0.0233737288845768
detection,35,fwd_seg_size_avg_std,-0.023045188516766,0.023045188516766
detection,35,fwd_pkt_len_mean_std,-0.023045188516766,0.023045188516766
detection,35,fwd_iat_std_min,0.0226195444169498,0.0226195444169498
detection,35,fwd_psh_flags_min,0.0226175262228274,0.0226175262228274
detection,35,ack_flag_cnt_min,0.0226175262228274,0.0226175262228274
detection,35,syn_flag_cnt_min,0.0226175262228274,0.0226175262228274
detection,35,packets_per_sec_std,0.0216250110952757,0.0216250110952757
detection,35,fwd_seg_size_avg_max,0.020931674436665,0.020931674436665
detection,35,fwd_pkt_len_mean_max,0.020931674436665,0.020931674436665
detection,35,bytes_per_sec_min,0.018804997071879,0.018804997071879
detection,35,fwd_act_data_pkts_std,-0.0181995022134661,0.0181995022134661
detection,35,bwd_header_len_min,0.0180518179336538,0.0180518179336538
detection,35,packet_count_fwd_max,0.0169858133431072,0.0169858133431072
detection,35,pkt_payload_size_p25,-0.0159948194794504,0.0159948194794504
detection,35,fwd_act_data_pkts_min,0.0114020221265797,0.0114020221265797
detection,35,bwd_iat_max_max,0.0112070054055978,0.0112070054055978
detection,35,flow_iat_mean_max,-0.0111422219186341,0.0111422219186341
detection,35,bwd_iat_mean_min,-0.006543182314543,0.006543182314543
detection,35,fwd_header_len_min,-0.0058379449152343,0.0058379449152343
detection,35,fin_flag_cnt_sum,0.0055903432868131,0.0055903432868131
detection,35,byte_count_fwd_min,0.0048867971835253,0.0048867971835253
detection,35,byte_count_fwd_mean,-0.0026378571645796,0.0026378571645796
detection,35,pkt_len_var_std,-0.0019325975713746,0.0019325975713746
detection,35,fwd_byts_b_avg_max,0.0,0.0
detection,35,mask_has_flow_timing_features,0.0,0.0
detection,35,mask_has_traffic_volume_features,0.0,0.0
detection,35,fin_flag_cnt_min,0.0,0.0
detection,35,rst_flag_cnt_min,0.0,0.0
detection,35,mask_has_identity_auth,0.0,0.0
detection,35,fwd_byts_b_avg_min,0.0,0.0
detection,35,fwd_byts_b_avg_sum,0.0,0.0
detection,35,fwd_byts_b_avg_std,0.0,0.0
detection,35,fwd_byts_b_avg_mean,0.0,0.0
detection,35,ece_flag_cnt_min,0.0,0.0
detection,35,urg_flag_cnt_min,0.0,0.0
detection,35,cwe_flag_cnt_min,0.0,0.0
detection,35,bwd_urg_flags_max,0.0,0.0
detection,35,mask_has_graph_topology,0.0,0.0
detection,35,pkt_frag_mf_count,0.0,0.0
detection,35,mask_has_tcp_flags,0.0,0.0
detection,35,bwd_pkts_b_avg_max,0.0,0.0
detection,35,bwd_blk_rate_avg_max,0.0,0.0
detection,35,bwd_blk_rate_avg_sum,0.0,0.0
detection,35,bwd_pkts_b_avg_sum,0.0,0.0
detection,35,fwd_pkts_b_avg_std,0.0,0.0
detection,35,fwd_pkts_b_avg_sum,0.0,0.0
detection,35,fwd_pkts_b_avg_mean,0.0,0.0
detection,35,bwd_blk_rate_avg_min,0.0,0.0
detection,35,bwd_pkts_b_avg_min,0.0,0.0
detection,35,bwd_blk_rate_avg_mean,0.0,0.0
detection,35,bwd_blk_rate_avg_std,0.0,0.0
detection,35,fwd_pkts_b_avg_min,0.0,0.0
detection,35,fwd_blk_rate_avg_min,0.0,0.0
detection,35,fwd_blk_rate_avg_max,0.0,0.0
detection,35,bwd_byts_b_avg_mean,0.0,0.0
detection,35,bwd_byts_b_avg_std,0.0,0.0
detection,35,fwd_pkts_b_avg_max,0.0,0.0
detection,35,fwd_blk_rate_avg_mean,0.0,0.0
detection,35,fwd_blk_rate_avg_std,0.0,0.0
detection,35,fwd_blk_rate_avg_sum,0.0,0.0
detection,35,bwd_pkts_b_avg_mean,0.0,0.0
detection,35,bwd_byts_b_avg_max,0.0,0.0
detection,35,bwd_byts_b_avg_min,0.0,0.0
detection,35,bwd_byts_b_avg_sum,0.0,0.0
detection,35,bwd_psh_flags_std,0.0,0.0
detection,35,bwd_psh_flags_sum,0.0,0.0
detection,35,bwd_pkts_b_avg_std,0.0,0.0
detection,35,bwd_psh_flags_mean,0.0,0.0
detection,35,bwd_psh_flags_max,0.0,0.0
detection,35,bwd_psh_flags_min,0.0,0.0
detection,35,fwd_urg_flags_min,0.0,0.0
detection,35,bwd_urg_flags_mean,0.0,0.0
detection,35,bwd_urg_flags_std,0.0,0.0
detection,35,bwd_urg_flags_sum,0.0,0.0
detection,35,bwd_urg_flags_min,0.0,0.0
detection,35,bwd_pkt_len_min_min,0.0,0.0
detection,36,fwd_pkt_len_std_mean,1.7992478522322135,1.7992478522322135
detection,36,bwd_pkt_len_std_mean,-1.7300506610382882,1.7300506610382882
detection,36,window_size_bwd_std,1.7121256947016266,1.7121256947016266
detection,36,byte_count_bwd_std,-1.6539325750240417,1.6539325750240417
detection,36,fwd_pkt_len_max_std,-1.5951566095091592,1.5951566095091592
detection,36,pkt_tcp_retrans_count,1.4620901300963187,1.4620901300963187
detection,36,pkt_port_scan_seq_score,1.3648534114973816,1.3648534114973816
detection,36,bwd_iat_std_mean,1.330270970001274,1.330270970001274
detection,36,packet_count_bwd_std,1.2628829533102608,1.2628829533102608
detection,36,down_up_ratio_std,-1.2429949451801492,1.2429949451801492
detection,36,byte_count_fwd_max,1.2400638292709838,1.2400638292709838
detection,36,bytes_per_sec_mean,-1.2329103581197227,1.2329103581197227
detection,36,flow_iat_std_std,-1.1999063051335388,1.1999063051335388
detection,36,bytes_per_sec_max,1.1810242171352066,1.1810242171352066
detection,36,window_size_fwd_std,-1.1247643061182768,1.1247643061182768
detection,36,bwd_iat_max_std,-1.1197998177450594,1.1197998177450594
detection,36,pkt_len_std_mean,-1.0982706509136977,1.0982706509136977
detection,36,bwd_pkt_len_min_mean,1.0341211392556895,1.0341211392556895
detection,36,bwd_iat_mean_std,1.0335098121329305,1.0335098121329305
detection,36,bwd_iat_min_std,-1.0288208827457055,1.0288208827457055
detection,36,ack_flag_cnt_std,0.988570874330644,0.988570874330644
detection,36,bwd_pkts_per_sec_sum,-0.9734144460625992,0.9734144460625992
detection,36,urg_flag_cnt_mean,-0.9646790511257032,0.9646790511257032
detection,36,bwd_pkt_len_std_std,0.9589375183976206,0.9589375183976206
detection,36,pkt_len_min_std,0.9451745146205942,0.9451745146205942
detection,36,fwd_seg_size_min_mean,0.9351262949750492,0.9351262949750492
detection,36,subflow_bwd_byts_sum,-0.9251461912205308,0.9251461912205308
detection,36,bwd_seg_size_avg_max,0.9127126051477044,0.9127126051477044
detection,36,bwd_pkt_len_mean_max,0.9127126051474692,0.9127126051474692
detection,36,bwd_iat_min_max,0.85968321633171,0.85968321633171
detection,36,bytes_per_sec_sum,-0.8568878771147378,0.8568878771147378
detection,36,fwd_header_len_mean,0.8329529237087279,0.8329529237087279
detection,36,pkt_len_mean_max,-0.8029907095597648,0.8029907095597648
detection,36,fwd_pkt_len_std_std,0.7945594355431606,0.7945594355431606
detection,36,pkt_payload_size_p95,-0.7798834135101332,0.7798834135101332
detection,36,pkt_len_max_std,-0.7518942904738615,0.7518942904738615
detection,36,bwd_pkts_per_sec_std,0.7388121015924198,0.7388121015924198
detection,36,active_max_sum,0.7371553487020943,0.7371553487020943
detection,36,bwd_pkt_len_max_std,0.7339998861630144,0.7339998861630144
detection,36,pkt_len_mean_mean,-0.7300560988975944,0.7300560988975944
detection,36,duration_sec_std,0.7146936777573838,0.7146936777573838
detection,36,bwd_iat_mean_sum,-0.7073195150117865,0.7073195150117865
detection,36,fwd_iat_mean_std,-0.6899749248258217,0.6899749248258217
detection,36,window_size_bwd_mean,-0.6887307181826285,0.6887307181826285
detection,36,pkt_size_avg_mean,-0.6849762688565216,0.6849762688565216
detection,36,packet_count_bwd_mean,0.6826922171059883,0.6826922171059883
detection,36,byte_count_bwd_max,-0.6725585234554609,0.6725585234554609
detection,36,urg_flag_cnt_max,0.6679926641071385,0.6679926641071385
detection,36,bwd_pkt_len_std_max,0.6651503858600833,0.6651503858600833
detection,36,active_mean_sum,-0.6643068800944826,0.6643068800944826
detection,36,window_size_bwd_sum,-0.6641619158353483,0.6641619158353483
detection,36,ece_flag_cnt_sum,0.65829562494583,0.65829562494583
detection,36,rst_flag_cnt_sum,0.6574733100275048,0.6574733100275048
detection,36,pkt_len_std_std,0.6385907541582878,0.6385907541582878
detection,36,bwd_iat_tot_mean,-0.6257625213047951,0.6257625213047951
detection,36,byte_count_bwd_mean,-0.6251363626380354,0.6251363626380354
detection,36,ece_flag_cnt_std,0.6198786231777226,0.6198786231777226
detection,36,byte_count_fwd_std,-0.6185188893789993,0.6185188893789993
detection,36,psh_flag_cnt_mean,0.6129206600943972,0.6129206600943972
detection,36,fwd_header_len_sum,0.6046044246956276,0.6046044246956276
detection,36,rst_flag_cnt_std,0.5939710327975289,0.5939710327975289
detection,36,pkt_len_var_sum,0.5852240033364721,0.5852240033364721
detection,36,flow_iat_max_std,-0.5800756250540633,0.5800756250540633
detection,36,urg_flag_cnt_std,0.5748742010080454,0.5748742010080454
detection,36,pkt_payload_size_p75,-0.5717014666281229,0.5717014666281229
detection,36,active_std_sum,-0.5689984050185555,0.5689984050185555
detection,36,window_size_bwd_max,0.5639202892800377,0.5639202892800377
detection,36,fwd_seg_size_min_std,-0.5541508239517563,0.5541508239517563
detection,36,pkt_frag_df_count,0.55102607034,0.55102607034
detection,36,subflow_fwd_byts_mean,-0.5477030681699042,0.5477030681699042
detection,36,pkt_len_max_mean,-0.5323449561981886,0.5323449561981886
detection,36,bwd_iat_mean_max,-0.5253152054772023,0.5253152054772023
detection,36,fwd_pkt_len_max_max,0.5188538833094496,0.5188538833094496
detection,36,bwd_pkt_len_mean_sum,0.5182291739503421,0.5182291739503421
detection,36,bwd_seg_size_avg_sum,0.5182291739498738,0.5182291739498738
detection,36,bwd_iat_mean_mean,0.4985147129676527,0.4985147129676527
detection,36,idle_std_mean,0.4948967187295285,0.4948967187295285
detection,36,subflow_bwd_byts_max,0.4926829826654743,0.4926829826654743
detection,36,byte_count_bwd_sum,-0.4829542069204348,0.4829542069204348
detection,36,flow_iat_std_sum,-0.4825955271191022,0.4825955271191022
detection,36,fwd_iat_std_mean,0.4824989940480974,0.4824989940480974
detection,36,subflow_fwd_byts_sum,0.4761344828816888,0.4761344828816888
detection,36,subflow_fwd_pkts_sum,0.4747491925832166,0.4747491925832166
detection,36,ack_flag_cnt_sum,0.4712234677696905,0.4712234677696905
detection,36,down_up_ratio_max,0.4672317993517808,0.4672317993517808
detection,36,active_std_mean,-0.453881614184007,0.453881614184007
detection,36,idle_max_mean,0.4533720312866052,0.4533720312866052
detection,36,active_max_std,0.4355182718681431,0.4355182718681431
detection,36,window_size_fwd_mean,0.4343502210877361,0.4343502210877361
detection,36,idle_min_std,-0.4217822730830848,0.4217822730830848
detection,36,bwd_header_len_max,0.4158447063585354,0.4158447063585354
detection,36,fwd_iat_min_std,-0.4114259908192804,0.4114259908192804
detection,36,down_up_ratio_mean,0.4058092234754287,0.4058092234754287
detection,36,mask_has_packet_level_features,-0.403920289765573,0.403920289765573
detection,36,pkt_ttl_max,-0.403920289765573,0.403920289765573
detection,36,fwd_pkt_len_std_sum,0.4011712884163048,0.4011712884163048
detection,36,fwd_pkt_len_mean_sum,0.3933492012376035,0.3933492012376035
detection,36,fwd_seg_size_avg_sum,0.3933492012376035,0.3933492012376035
detection,36,pkt_len_var_mean,-0.3915246567095576,0.3915246567095576
detection,36,fwd_iat_tot_std,0.3848848670409059,0.3848848670409059
detection,36,down_up_ratio_sum,0.3841605377752183,0.3841605377752183
detection,36,fwd_iat_std_sum,0.3817392695447128,0.3817392695447128
detection,36,bwd_header_len_std,-0.3802937210549065,0.3802937210549065
detection,36,pkt_ttl_std,0.3785554900177869,0.3785554900177869
detection,36,pkt_ttl_mode,0.374917600709909,0.374917600709909
detection,36,pkt_len_mean_sum,0.3729680451719483,0.3729680451719483
detection,36,fwd_pkts_per_sec_max,-0.3688170409645843,0.3688170409645843
detection,36,fwd_pkt_len_max_sum,0.3665683459137281,0.3665683459137281
detection,36,fwd_pkts_per_sec_sum,0.3653105832795857,0.3653105832795857
detection,36,pkt_len_max_max,0.3651084062541433,0.3651084062541433
detection,36,subflow_bwd_pkts_std,-0.3642972644999205,0.3642972644999205
detection,36,bwd_pkt_len_min_std,-0.3562541915374543,0.3562541915374543
detection,36,duration_microsec_std,0.3557775570516384,0.3557775570516384
detection,36,fwd_iat_max_sum,0.3469151833164812,0.3469151833164812
detection,36,pkt_len_mean_std,0.3438121950318824,0.3438121950318824
detection,36,pkt_len_min_max,-0.3393000761288636,0.3393000761288636
detection,36,pkt_size_avg_sum,0.3348348542125381,0.3348348542125381
detection,36,fwd_pkts_per_sec_mean,0.332867606502079,0.332867606502079
detection,36,packets_per_sec_max,-0.3279622329777392,0.3279622329777392
detection,36,packet_count_bwd_max,0.3250547684377757,0.3250547684377757
detection,36,fwd_iat_std_std,0.3236852864034166,0.3236852864034166
detection,36,active_min_std,-0.3205613323124447,0.3205613323124447
detection,36,fwd_urg_flags_std,0.3171976054865401,0.3171976054865401
detection,36,cwe_flag_cnt_std,0.3171976054865401,0.3171976054865401
detection,36,packet_count_fwd_std,-0.3165185698442631,0.3165185698442631
detection,36,pkt_len_max_sum,0.3132880414035515,0.3132880414035515
detection,36,flow_iat_min_sum,0.3116389509847002,0.3116389509847002
detection,36,fwd_iat_min_max,0.3092774898588693,0.3092774898588693
detection,36,pkt_size_avg_max,0.3088340983438442,0.3088340983438442
detection,36,fwd_act_data_pkts_max,-0.3041938616269488,0.3041938616269488
detection,36,pkt_len_std_sum,0.2955071344233181,0.2955071344233181
detection,36,flow_iat_max_mean,-0.2937944548626215,0.2937944548626215
detection,36,active_mean_std,-0.2910218197631313,0.2910218197631313
detection,36,fwd_iat_max_max,-0.2893626426522757,0.2893626426522757
detection,36,fwd_iat_min_sum,0.2837288842085465,0.2837288842085465
detection,36,subflow_bwd_pkts_sum,-0.2779161740249753,0.2779161740249753
detection,36,active_std_max,0.2777758892741135,0.2777758892741135
detection,36,packets_per_sec_sum,-0.2773115244883261,0.2773115244883261
detection,36,fwd_iat_mean_max,0.272757375043493,0.272757375043493
detection,36,active_max_mean,-0.2712429386731948,0.2712429386731948
detection,36,duration_sec_sum,-0.2707610900569681,0.2707610900569681
detection,36,duration_microsec_max,0.2704019562487196,0.2704019562487196
detection,36,fwd_act_data_pkts_mean,-0.266778619403834,0.266778619403834
detection,36,active_std_std,-0.2647433665773603,0.2647433665773603
detection,36,subflow_bwd_byts_std,-0.2644303158775525,0.2644303158775525
detection,36,bwd_iat_tot_max,-0.2639999097317259,0.2639999097317259
detection,36,idle_mean_mean,0.262985547539138,0.262985547539138
detection,36,bwd_pkts_per_sec_max,-0.2610058250485987,0.2610058250485987
detection,36,fwd_seg_size_min_sum,0.2536368753067604,0.2536368753067604
detection,36,packets_per_sec_mean,-0.252905985190946,0.252905985190946
detection,36,subflow_fwd_pkts_mean,0.2523087096821539,0.2523087096821539
detection,36,fwd_seg_size_avg_mean,-0.251332115895898,0.251332115895898
detection,36,fwd_pkt_len_mean_mean,-0.251332115895898,0.251332115895898
detection,36,packets_per_sec_min,-0.2502788928788068,0.2502788928788068
detection,36,pkt_len_var_max,0.2485765582779512,0.2485765582779512
detection,36,bwd_pkts_per_sec_mean,-0.247220382287408,0.247220382287408
detection,36,flow_iat_max_max,0.2384870373179521,0.2384870373179521
detection,36,flow_iat_mean_sum,0.2357957414683604,0.2357957414683604
detection,36,fwd_iat_std_max,0.2317720372596312,0.2317720372596312
detection,36,idle_mean_std,-0.2304408514443782,0.2304408514443782
detection,36,flow_iat_std_mean,-0.2259527957777165,0.2259527957777165
detection,36,bwd_pkt_len_max_sum,0.2251091086861128,0.2251091086861128
detection,36,duration_sec_max,0.2247706547053201,0.2247706547053201
detection,36,fwd_pkt_len_std_max,-0.2227072482726823,0.2227072482726823
detection,36,byte_count_fwd_sum,-0.2205324239507383,0.2205324239507383
detection,36,flow_iat_std_max,-0.2163593411058576,0.2163593411058576
detection,36,fwd_header_len_max,0.2091539520369039,0.2091539520369039
detection,36,fwd_urg_flags_mean,-0.2036200420027677,0.2036200420027677
detection,36,cwe_flag_cnt_mean,-0.2036200420027677,0.2036200420027677
detection,36,active_mean_mean,-0.1972007806672305,0.1972007806672305
detection,36,bwd_iat_std_std,0.1893801180112768,0.1893801180112768
detection,36,window_size_fwd_max,-0.188902376932486,0.188902376932486
detection,36,packet_count_fwd_sum,-0.1883308222807458,0.1883308222807458
detection,36,bwd_iat_std_sum,0.1879850882601399,0.1879850882601399
detection,36,fwd_pkt_len_max_mean,0.1834205003866376,0.1834205003866376
detection,36,flow_iat_max_sum,0.183155111402216,0.183155111402216
detection,36,bytes_per_sec_std,0.1804726614128231,0.1804726614128231
detection,36,idle_max_sum,0.1787968560930165,0.1787968560930165
detection,36,idle_max_max,-0.1767113157707177,0.1767113157707177
detection,36,pkt_ttl_min,-0.1701024780358794,0.1701024780358794
detection,36,active_max_max,0.1678496573916212,0.1678496573916212
detection,36,window_size_fwd_sum,0.1674648239651755,0.1674648239651755
detection,36,fin_flag_cnt_max,0.1666822503259384,0.1666822503259384
detection,36,fwd_seg_size_min_min,-0.1643094893946543,0.1643094893946543
detection,36,bwd_header_len_mean,-0.1625927678469276,0.1625927678469276
detection,36,unique_protocols_count,0.1619843580393516,0.1619843580393516
detection,36,bwd_iat_tot_sum,-0.1618867194032895,0.1618867194032895
detection,36,pkt_size_avg_std,0.1611027316645116,0.1611027316645116
detection,36,bwd_pkt_len_max_max,-0.1606501758831285,0.1606501758831285
detection,36,subflow_fwd_byts_std,0.1598007089461137,0.1598007089461137
detection,36,pkt_len_min_sum,-0.158254668711988,0.158254668711988
detection,36,active_min_sum,0.1571017047903993,0.1571017047903993
detection,36,bwd_pkt_len_min_sum,0.1539581857352827,0.1539581857352827
detection,36,bwd_header_len_sum,-0.1539570413534423,0.1539570413534423
detection,36,subflow_fwd_pkts_std,-0.1537957871059972,0.1537957871059972
detection,36,pkt_payload_size_p50,-0.1522292806857402,0.1522292806857402
detection,36,bwd_iat_max_sum,-0.1516129497257692,0.1516129497257692
detection,36,packet_count_bwd_min,-0.1502055751213807,0.1502055751213807
detection,36,flow_iat_mean_std,-0.1484325054597665,0.1484325054597665
detection,36,subflow_bwd_pkts_max,0.1472346729561995,0.1472346729561995
detection,36,fwd_pkts_per_sec_std,0.147051530488302,0.147051530488302
detection,36,fwd_iat_mean_mean,-0.1461328576429826,0.1461328576429826
detection,36,flow_count,0.1437166248506459,0.1437166248506459
detection,36,fwd_pkt_len_min_sum,-0.1436989785203858,0.1436989785203858
detection,36,flow_iat_mean_mean,0.1429126194070377,0.1429126194070377
detection,36,fwd_pkt_len_min_mean,-0.1386548796292643,0.1386548796292643
detection,36,fwd_psh_flags_std,-0.1383831744180341,0.1383831744180341
detection,36,syn_flag_cnt_std,-0.1383831744180341,0.1383831744180341
detection,36,fwd_iat_max_std,-0.1380331054555004,0.1380331054555004
detection,36,subflow_fwd_byts_max,0.1374343286641501,0.1374343286641501
detection,36,packet_count_bwd_sum,0.1361090348980672,0.1361090348980672
detection,36,ece_flag_cnt_max,-0.1357402766297679,0.1357402766297679
detection,36,rst_flag_cnt_max,-0.1357402766297679,0.1357402766297679
detection,36,subflow_fwd_pkts_max,-0.1328053742909105,0.1328053742909105
detection,36,ack_flag_cnt_mean,0.1326967641463617,0.1326967641463617
detection,36,ack_flag_cnt_max,-0.1318133871686141,0.1318133871686141
detection,36,fwd_iat_mean_sum,0.1293118076679909,0.1293118076679909
detection,36,bwd_iat_max_mean,-0.1287919257772846,0.1287919257772846
detection,36,bwd_pkt_len_mean_mean,0.1283869589070717,0.1283869589070717
detection,36,bwd_seg_size_avg_mean,0.1283869589032389,0.1283869589032389
detection,36,fwd_seg_size_min_max,-0.1275123284365487,0.1275123284365487
detection,36,fwd_iat_tot_sum,-0.1252583684839427,0.1252583684839427
detection,36,flow_iat_min_max,0.1218858470051628,0.1218858470051628
detection,36,bwd_iat_tot_std,-0.1208171102783756,0.1208171102783756
detection,36,fwd_urg_flags_max,0.1116386379058708,0.1116386379058708
detection,36,cwe_flag_cnt_max,0.1116386379058708,0.1116386379058708
detection,36,psh_flag_cnt_sum,0.1076655203665551,0.1076655203665551
detection,36,active_mean_max,0.1050514967102585,0.1050514967102585
detection,36,bwd_pkt_len_max_mean,0.1002882358747482,0.1002882358747482
detection,36,psh_flag_cnt_std,0.0975838690867651,0.0975838690867651
detection,36,unique_dst_ports_count,0.0971742600307652,0.0971742600307652
detection,36,bwd_pkt_len_mean_std,0.0967836872075069,0.0967836872075069
detection,36,bwd_seg_size_avg_std,0.0967836871886582,0.0967836871886582
detection,36,bwd_iat_min_sum,0.0922351038271405,0.0922351038271405
detection,36,idle_mean_sum,0.0884280635055321,0.0884280635055321
detection,36,fin_flag_cnt_mean,0.0875110419473716,0.0875110419473716
detection,36,duration_microsec_sum,-0.0864480405706565,0.0864480405706565
detection,36,urg_flag_cnt_sum,0.0853037796062213,0.0853037796062213
detection,36,bwd_iat_min_mean,-0.0839746596211469,0.0839746596211469
detection,36,subflow_bwd_pkts_mean,-0.0822567589061683,0.0822567589061683
detection,36,fwd_header_len_std,-0.0817678424124955,0.0817678424124955
detection,36,packet_count_fwd_mean,0.0813823086362637,0.0813823086362637
detection,36,rst_flag_cnt_mean,-0.0806684327975842,0.0806684327975842
detection,36,syn_flag_cnt_max,0.0802237663407899,0.0802237663407899
detection,36,fwd_psh_flags_max,0.0802237663407899,0.0802237663407899
detection,36,fwd_iat_max_mean,0.0791887252400074,0.0791887252400074
detection,36,idle_std_max,-0.0790635859487477,0.0790635859487477
detection,36,fwd_act_data_pkts_sum,-0.0778065183089256,0.0778065183089256
detection,36,duration_sec_mean,-0.0777547285753528,0.0777547285753528
detection,36,flow_iat_min_mean,0.0772266879703495,0.0772266879703495
detection,36,fwd_psh_flags_mean,-0.0761697275007225,0.0761697275007225
detection,36,syn_flag_cnt_mean,-0.0761697275007225,0.0761697275007225
detection,36,fwd_iat_min_mean,-0.0713596601736658,0.0713596601736658
detection,36,psh_flag_cnt_max,-0.0692081737581053,0.0692081737581053
detection,36,fwd_pkt_len_min_std,-0.066324184495629,0.066324184495629
detection,36,idle_std_std,0.0662143388766622,0.0662143388766622
detection,36,pkt_len_min_mean,0.0660965526109727,0.0660965526109727
detection,36,byte_count_bwd_min,0.0658772538760781,0.0658772538760781
detection,36,bwd_pkt_len_std_sum,0.0649553281667004,0.0649553281667004
detection,36,fwd_iat_tot_mean,-0.0641139570986273,0.0641139570986273
detection,36,pkt_len_max_min,0.0631478814436306,0.0631478814436306
detection,36,bwd_pkt_len_mean_min,0.0587145321288934,0.0587145321288934
detection,36,bwd_seg_size_avg_min,0.0587145321288934,0.0587145321288934
detection,36,idle_max_std,0.0564876795766344,0.0564876795766344
detection,36,duration_microsec_mean,-0.0561104639489706,0.0561104639489706
detection,36,pkt_len_std_min,0.0546727903896703,0.0546727903896703
detection,36,idle_mean_max,-0.0529504800690924,0.0529504800690924
detection,36,fwd_psh_flags_sum,-0.0525060808865162,0.0525060808865162
detection,36,syn_flag_cnt_sum,-0.0525060808865162,0.0525060808865162
detection,36,bwd_iat_min_min,-0.0520780601425874,0.0520780601425874
detection,36,bwd_pkt_len_max_min,0.0520286339511975,0.0520286339511975
detection,36,subflow_bwd_byts_min,0.0506495915612334,0.0506495915612334
detection,36,pkt_len_var_min,0.0494249326081994,0.0494249326081994
detection,36,bwd_iat_std_min,0.048709999052202,0.048709999052202
detection,36,duration_microsec_min,0.048476890394348,0.048476890394348
detection,36,bwd_pkt_len_std_min,0.0484716792935949,0.0484716792935949
detection,36,fwd_iat_tot_min,0.0484131722066334,0.0484131722066334
detection,36,pkt_len_std_max,0.04814721307496,0.04814721307496
detection,36,packet_count_fwd_min,0.0479429080893445,0.0479429080893445
detection,36,fwd_urg_flags_sum,0.0465503872454769,0.0465503872454769
detection,36,cwe_flag_cnt_sum,0.0465503872454769,0.0465503872454769
detection,36,flow_iat_min_std,0.0462938732398977,0.0462938732398977
detection,36,flow_iat_min_min,0.0461568594988896,0.0461568594988896
detection,36,fin_flag_cnt_std,0.0455927257468642,0.0455927257468642
detection,36,flow_iat_mean_min,0.045413783957,0.045413783957
detection,36,idle_min_max,-0.044934696212459,0.044934696212459
detection,36,fwd_pkt_len_std_min,0.0449320011249411,0.0449320011249411
detection,36,fwd_iat_mean_min,0.0442947237386787,0.0442947237386787
detection,36,duration_sec_min,0.0438113649980811,0.0438113649980811
detection,36,pkt_len_mean_min,0.0433216616145518,0.0433216616145518
detection,36,fwd_iat_max_min,0.042868956766743,0.042868956766743
detection,36,flow_iat_max_min,0.0427596096280978,0.0427596096280978
detection,36,pkt_size_avg_min,0.0423092971933865,0.0423092971933865
detection,36,idle_max_min,0.0422604002506889,0.0422604002506889
detection,36,window_size_bwd_min,0.0418822195492527,0.0418822195492527
detection,36,fwd_iat_tot_max,0.0414494775102706,0.0414494775102706
detection,36,subflow_fwd_pkts_min,0.0413510464756476,0.0413510464756476
detection,36,fwd_iat_min_min,0.041260286259799,0.041260286259799
detection,36,active_min_mean,0.041260148437499,0.041260148437499
detection,36,bwd_iat_tot_min,0.0411104590781881,0.0411104590781881
detection,36,ece_flag_cnt_mean,-0.0401167465653952,0.0401167465653952
detection,36,idle_mean_min,0.0384424226189948,0.0384424226189948
detection,36,subflow_bwd_pkts_min,-0.038297452130003,0.038297452130003
detection,36,fwd_pkts_per_sec_min,-0.0373269958299653,0.0373269958299653
detection,36,idle_min_sum,0.0371541824232156,0.0371541824232156
detection,36,subflow_bwd_byts_mean,-0.0366257852689142,0.0366257852689142
detection,36,idle_min_mean,-0.036110195441376,0.036110195441376
detection,36,window_size_fwd_min,0.0339266511653914,0.0339266511653914
detection,36,fwd_pkt_len_min_min,0.0332548459533705,0.0332548459533705
detection,36,idle_std_sum,0.0327278449970073,0.0327278449970073
detection,36,idle_min_min,0.0323847054034793,0.0323847054034793
detection,36,pkt_len_min_min,0.0309602712021593,0.0309602712021593
detection,36,active_min_max,0.0307154566303403,0.0307154566303403
detection,36,active_min_min,0.0306682728539905,0.0306682728539905
detection,36,bwd_iat_max_min,0.030435833799465,0.030435833799465
detection,36,fwd_seg_size_avg_min,0.0301890975677746,0.0301890975677746
detection,36,fwd_pkt_len_mean_min,0.0301890975677746,0.0301890975677746
detection,36,active_mean_min,0.0298314427738986,0.0298314427738986
detection,36,fwd_pkt_len_min_max,-0.0294563946980135,0.0294563946980135
detection,36,active_max_min,0.0284651805912667,0.0284651805912667
detection,36,psh_flag_cnt_min,0.0279953923625303,0.0279953923625303
detection,36,bwd_pkts_per_sec_min,0.0276078249992528,0.0276078249992528
detection,36,down_up_ratio_min,0.027276173063612,0.027276173063612
detection,36,fwd_pkt_len_max_min,0.0266698106818455,0.0266698106818455
detection,36,active_std_min,0.0256536092840023,0.0256536092840023
detection,36,bwd_pkt_len_min_max,-0.0252743719167895,0.0252743719167895
detection,36,subflow_fwd_byts_min,0.0250375547334236,0.0250375547334236
detection,36,idle_std_min,0.0247742809861719,0.0247742809861719
detection,36,bwd_iat_std_max,-0.0234326021880157,0.0234326021880157
detection,36,flow_iat_std_min,0.0233737288845768,0.0233737288845768
detection,36,fwd_seg_size_avg_std,-0.023045188516766,0.023045188516766
detection,36,fwd_pkt_len_mean_std,-0.023045188516766,0.023045188516766
detection,36,fwd_iat_std_min,0.0226195444169498,0.0226195444169498
detection,36,fwd_psh_flags_min,0.0226175262228274,0.0226175262228274
detection,36,ack_flag_cnt_min,0.0226175262228274,0.0226175262228274
detection,36,syn_flag_cnt_min,0.0226175262228274,0.0226175262228274
detection,36,packets_per_sec_std,0.0216250110952757,0.0216250110952757
detection,36,fwd_seg_size_avg_max,0.020931674436665,0.020931674436665
detection,36,fwd_pkt_len_mean_max,0.020931674436665,0.020931674436665
detection,36,bytes_per_sec_min,0.018804997071879,0.018804997071879
detection,36,fwd_act_data_pkts_std,-0.0181995022134661,0.0181995022134661
detection,36,bwd_header_len_min,0.0180518179336538,0.0180518179336538
detection,36,packet_count_fwd_max,0.0169858133431072,0.0169858133431072
detection,36,pkt_payload_size_p25,-0.0159948194794504,0.0159948194794504
detection,36,fwd_act_data_pkts_min,0.0114020221265797,0.0114020221265797
detection,36,bwd_iat_max_max,0.0112070054055978,0.0112070054055978
detection,36,flow_iat_mean_max,-0.0111422219186341,0.0111422219186341
detection,36,bwd_iat_mean_min,-0.006543182314543,0.006543182314543
detection,36,fwd_header_len_min,-0.0058379449152343,0.0058379449152343
detection,36,fin_flag_cnt_sum,0.0055903432868131,0.0055903432868131
detection,36,byte_count_fwd_min,0.0048867971835253,0.0048867971835253
detection,36,byte_count_fwd_mean,-0.0026378571645796,0.0026378571645796
detection,36,pkt_len_var_std,-0.0019325975713746,0.0019325975713746
detection,36,fwd_byts_b_avg_max,0.0,0.0
detection,36,mask_has_flow_timing_features,0.0,0.0
detection,36,mask_has_traffic_volume_features,0.0,0.0
detection,36,fin_flag_cnt_min,0.0,0.0
detection,36,rst_flag_cnt_min,0.0,0.0
detection,36,mask_has_identity_auth,0.0,0.0
detection,36,fwd_byts_b_avg_min,0.0,0.0
detection,36,fwd_byts_b_avg_sum,0.0,0.0
detection,36,fwd_byts_b_avg_std,0.0,0.0
detection,36,fwd_byts_b_avg_mean,0.0,0.0
detection,36,ece_flag_cnt_min,0.0,0.0
detection,36,urg_flag_cnt_min,0.0,0.0
detection,36,cwe_flag_cnt_min,0.0,0.0
detection,36,bwd_urg_flags_max,0.0,0.0
detection,36,mask_has_graph_topology,0.0,0.0
detection,36,pkt_frag_mf_count,0.0,0.0
detection,36,mask_has_tcp_flags,0.0,0.0
detection,36,bwd_pkts_b_avg_max,0.0,0.0
detection,36,bwd_blk_rate_avg_max,0.0,0.0
detection,36,bwd_blk_rate_avg_sum,0.0,0.0
detection,36,bwd_pkts_b_avg_sum,0.0,0.0
detection,36,fwd_pkts_b_avg_std,0.0,0.0
detection,36,fwd_pkts_b_avg_sum,0.0,0.0
detection,36,fwd_pkts_b_avg_mean,0.0,0.0
detection,36,bwd_blk_rate_avg_min,0.0,0.0
detection,36,bwd_pkts_b_avg_min,0.0,0.0
detection,36,bwd_blk_rate_avg_mean,0.0,0.0
detection,36,bwd_blk_rate_avg_std,0.0,0.0
detection,36,fwd_pkts_b_avg_min,0.0,0.0
detection,36,fwd_blk_rate_avg_min,0.0,0.0
detection,36,fwd_blk_rate_avg_max,0.0,0.0
detection,36,bwd_byts_b_avg_mean,0.0,0.0
detection,36,bwd_byts_b_avg_std,0.0,0.0
detection,36,fwd_pkts_b_avg_max,0.0,0.0
detection,36,fwd_blk_rate_avg_mean,0.0,0.0
detection,36,fwd_blk_rate_avg_std,0.0,0.0
detection,36,fwd_blk_rate_avg_sum,0.0,0.0
detection,36,bwd_pkts_b_avg_mean,0.0,0.0
detection,36,bwd_byts_b_avg_max,0.0,0.0
detection,36,bwd_byts_b_avg_min,0.0,0.0
detection,36,bwd_byts_b_avg_sum,0.0,0.0
detection,36,bwd_psh_flags_std,0.0,0.0
detection,36,bwd_psh_flags_sum,0.0,0.0
detection,36,bwd_pkts_b_avg_std,0.0,0.0
detection,36,bwd_psh_flags_mean,0.0,0.0
detection,36,bwd_psh_flags_max,0.0,0.0
detection,36,bwd_psh_flags_min,0.0,0.0
detection,36,fwd_urg_flags_min,0.0,0.0
detection,36,bwd_urg_flags_mean,0.0,0.0
detection,36,bwd_urg_flags_std,0.0,0.0
detection,36,bwd_urg_flags_sum,0.0,0.0
detection,36,bwd_urg_flags_min,0.0,0.0
detection,36,bwd_pkt_len_min_min,0.0,0.0
detection,4,window_size_bwd_std,1.8727788318647192,1.8727788318647192
detection,4,pkt_len_var_std,-1.7585366672844998,1.7585366672844998
detection,4,bwd_seg_size_avg_max,1.747882820238596,1.747882820238596
detection,4,bwd_pkt_len_mean_max,1.7478828202384875,1.7478828202384875
detection,4,pkt_len_var_max,-1.6743093752972693,1.6743093752972693
detection,4,bwd_iat_std_mean,1.6312608664252832,1.6312608664252832
detection,4,pkt_tcp_retrans_count,1.6073260788152002,1.6073260788152002
detection,4,fwd_pkt_len_std_mean,1.5770381005814724,1.5770381005814724
detection,4,flow_iat_std_std,-1.5249050130532622,1.5249050130532622
detection,4,pkt_port_scan_seq_score,1.5009063851127986,1.5009063851127986
detection,4,byte_count_fwd_max,1.4762201784382123,1.4762201784382123
detection,4,bwd_pkt_len_std_mean,-1.3942776972773194,1.3942776972773194
detection,4,pkt_len_var_mean,-1.3751076560300115,1.3751076560300115
detection,4,bwd_pkt_len_std_max,1.3457764822935383,1.3457764822935383
detection,4,bytes_per_sec_mean,-1.335518914004684,1.335518914004684
detection,4,fwd_pkt_len_max_std,-1.2962920586525637,1.2962920586525637
detection,4,byte_count_bwd_std,-1.2294310555295576,1.2294310555295576
detection,4,fwd_seg_size_min_mean,1.2195319030874443,1.2195319030874443
detection,4,window_size_fwd_std,-1.194754440971356,1.194754440971356
detection,4,pkt_len_min_std,1.0703707092543229,1.0703707092543229
detection,4,bwd_pkt_len_std_std,1.0421072695185325,1.0421072695185325
detection,4,bytes_per_sec_max,1.0334459958063305,1.0334459958063305
detection,4,pkt_len_std_mean,-0.990651236233147,0.990651236233147
detection,4,packet_count_bwd_std,0.956195109048412,0.956195109048412
detection,4,bwd_iat_min_max,0.9494724725037582,0.9494724725037582
detection,4,ack_flag_cnt_std,0.947929403263206,0.947929403263206
detection,4,byte_count_bwd_max,-0.9073975662707192,0.9073975662707192
detection,4,byte_count_fwd_std,-0.8814543357770303,0.8814543357770303
detection,4,pkt_len_mean_max,-0.8719562454839684,0.8719562454839684
detection,4,pkt_payload_size_p95,-0.8568628257591017,0.8568628257591017
detection,4,bytes_per_sec_sum,-0.8556461542980321,0.8556461542980321
detection,4,ece_flag_cnt_sum,0.8466504374175035,0.8466504374175035
detection,4,rst_flag_cnt_sum,0.845768310342136,0.845768310342136
detection,4,pkt_frag_df_count,0.8036699354203898,0.8036699354203898
detection,4,bwd_iat_max_std,-0.7913971262037642,0.7913971262037642
detection,4,bwd_pkts_per_sec_mean,-0.7770596979984272,0.7770596979984272
detection,4,flow_iat_max_std,-0.7679588529629083,0.7679588529629083
detection,4,fwd_pkt_len_std_std,0.7668313471218946,0.7668313471218946
detection,4,fwd_iat_std_std,0.7289828073877509,0.7289828073877509
detection,4,pkt_len_max_mean,-0.7286533144667121,0.7286533144667121
detection,4,bwd_pkt_len_min_mean,0.7093642459272151,0.7093642459272151
detection,4,subflow_bwd_byts_sum,-0.7053187908988089,0.7053187908988089
detection,4,ece_flag_cnt_std,0.7049089488420189,0.7049089488420189
detection,4,pkt_len_max_std,-0.6942236443365686,0.6942236443365686
detection,4,down_up_ratio_std,-0.6927574647082024,0.6927574647082024
detection,4,bwd_iat_min_std,-0.6873577261938966,0.6873577261938966
detection,4,urg_flag_cnt_mean,-0.6837079381432181,0.6837079381432181
detection,4,active_max_sum,0.6817527979133916,0.6817527979133916
detection,4,bwd_iat_tot_mean,-0.6808049746158455,0.6808049746158455
detection,4,rst_flag_cnt_std,0.6806193311603284,0.6806193311603284
detection,4,idle_min_std,-0.6621916549253231,0.6621916549253231
detection,4,packets_per_sec_mean,-0.654819546537189,0.654819546537189
detection,4,active_mean_sum,-0.652521728759183,0.652521728759183
detection,4,duration_sec_std,0.6514038583820456,0.6514038583820456
detection,4,fwd_pkt_len_max_max,0.6499121868862457,0.6499121868862457
detection,4,fwd_iat_mean_std,-0.6287998554994059,0.6287998554994059
detection,4,bwd_pkts_per_sec_std,0.6283909228523594,0.6283909228523594
detection,4,pkt_payload_size_p75,-0.6278014814451477,0.6278014814451477
detection,4,active_std_sum,-0.6233304614329491,0.6233304614329491
detection,4,subflow_bwd_byts_max,0.6160601393873514,0.6160601393873514
detection,4,bwd_iat_mean_max,-0.6125056857054882,0.6125056857054882
detection,4,pkt_len_mean_mean,-0.5975593290689193,0.5975593290689193
detection,4,bwd_pkt_len_min_std,-0.5788178351218594,0.5788178351218594
detection,4,pkt_size_avg_mean,-0.5782473856835935,0.5782473856835935
detection,4,fwd_pkts_per_sec_std,0.5745601919325831,0.5745601919325831
detection,4,bwd_header_len_std,-0.5632825457868066,0.5632825457868066
detection,4,subflow_bwd_byts_mean,-0.5520801000989383,0.5520801000989383
detection,4,urg_flag_cnt_std,0.5477116042041926,0.5477116042041926
detection,4,bwd_iat_mean_sum,-0.5452516264489605,0.5452516264489605
detection,4,pkt_len_var_sum,0.5395731257627255,0.5395731257627255
detection,4,psh_flag_cnt_max,-0.5338429851355975,0.5338429851355975
detection,4,bwd_iat_mean_mean,0.5161589643079714,0.5161589643079714
detection,4,packet_count_fwd_mean,0.5135369801797115,0.5135369801797115
detection,4,bwd_iat_mean_std,0.5103256652429491,0.5103256652429491
detection,4,fwd_pkts_per_sec_max,-0.5080989564204144,0.5080989564204144
detection,4,subflow_bwd_pkts_std,-0.5015163382964052,0.5015163382964052
detection,4,packet_count_bwd_mean,0.5005958037055834,0.5005958037055834
detection,4,bwd_iat_std_std,0.4981918533513613,0.4981918533513613
detection,4,subflow_bwd_byts_std,-0.4750796675588922,0.4750796675588922
detection,4,ack_flag_cnt_max,-0.4728631435657434,0.4728631435657434
detection,4,idle_mean_std,-0.4672310716564808,0.4672310716564808
detection,4,duration_microsec_max,0.4637026861684516,0.4637026861684516
detection,4,flow_iat_min_sum,0.4635798442818883,0.4635798442818883
detection,4,bwd_pkt_len_mean_sum,0.4616110507330817,0.4616110507330817
detection,4,bwd_seg_size_avg_sum,0.4616110507329145,0.4616110507329145
detection,4,duration_microsec_std,0.4486786925045105,0.4486786925045105
detection,4,fwd_pkt_len_mean_sum,0.447843812396637,0.447843812396637
detection,4,fwd_seg_size_avg_sum,0.447843812396637,0.447843812396637
detection,4,fwd_pkt_len_std_sum,0.4442976713018933,0.4442976713018933
detection,4,window_size_bwd_mean,-0.4436380949767262,0.4436380949767262
detection,4,pkt_ttl_max,-0.4431709132477616,0.4431709132477616
detection,4,mask_has_packet_level_features,-0.4431709132477616,0.4431709132477616
detection,4,fwd_pkt_len_max_sum,0.4419402391081363,0.4419402391081363
detection,4,bwd_iat_tot_std,-0.441389132378963,0.441389132378963
detection,4,bwd_header_len_max,0.4403524796978497,0.4403524796978497
detection,4,packets_per_sec_sum,-0.4383328555925506,0.4383328555925506
detection,4,window_size_bwd_sum,-0.4348833465904767,0.4348833465904767
detection,4,unique_dst_ports_count,0.4301347728221372,0.4301347728221372
detection,4,fwd_iat_max_std,-0.4263699395948031,0.4263699395948031
detection,4,fwd_iat_min_max,0.4217820161882356,0.4217820161882356
detection,4,fwd_pkts_per_sec_sum,0.4203517720902494,0.4203517720902494
detection,4,urg_flag_cnt_max,0.4195154010644665,0.4195154010644665
detection,4,pkt_ttl_std,0.4176962315924736,0.4176962315924736
detection,4,pkt_ttl_mode,0.4136958723909764,0.4136958723909764
detection,4,flow_iat_mean_sum,0.413117080556605,0.413117080556605
detection,4,down_up_ratio_max,0.4112431601324259,0.4112431601324259
detection,4,fwd_iat_min_sum,0.4033165781196366,0.4033165781196366
detection,4,fwd_iat_max_max,-0.4030649140816606,0.4030649140816606
detection,4,psh_flag_cnt_std,-0.3970777577231018,0.3970777577231018
detection,4,ack_flag_cnt_sum,0.3917646228966184,0.3917646228966184
detection,4,fwd_iat_min_std,-0.3910146149517418,0.3910146149517418
detection,4,bwd_iat_tot_max,-0.3804219226683352,0.3804219226683352
detection,4,fwd_iat_mean_max,0.3798279558955573,0.3798279558955573
detection,4,idle_std_mean,0.3784618519354896,0.3784618519354896
detection,4,bytes_per_sec_std,0.3781913142479408,0.3781913142479408
detection,4,fwd_iat_std_max,0.3777844744795405,0.3777844744795405
detection,4,fwd_iat_tot_std,0.3757419404557344,0.3757419404557344
detection,4,bwd_iat_max_sum,-0.3737704746821247,0.3737704746821247
detection,4,active_mean_std,-0.3707764493737556,0.3707764493737556
detection,4,bwd_pkt_len_mean_mean,0.3666156172783983,0.3666156172783983
detection,4,bwd_seg_size_avg_mean,0.3666156172773074,0.3666156172773074
detection,4,bwd_pkt_len_max_std,0.3641198482509228,0.3641198482509228
detection,4,pkt_len_max_sum,0.3627887460319127,0.3627887460319127
detection,4,window_size_bwd_max,0.3576823062544287,0.3576823062544287
detection,4,bwd_pkts_per_sec_sum,-0.3528485165483247,0.3528485165483247
detection,4,pkt_len_mean_sum,0.344594883802064,0.344594883802064
detection,4,rst_flag_cnt_max,-0.3332198356922718,0.3332198356922718
detection,4,ece_flag_cnt_max,-0.3332198356922718,0.3332198356922718
detection,4,fwd_act_data_pkts_std,0.3314901543131365,0.3314901543131365
detection,4,fwd_iat_max_sum,0.3293418251071471,0.3293418251071471
detection,4,active_max_std,0.3235977630718948,0.3235977630718948
detection,4,pkt_len_min_max,-0.3233940056611579,0.3233940056611579
detection,4,idle_max_mean,0.3227776255862195,0.3227776255862195
detection,4,pkt_len_max_max,0.3170250922203993,0.3170250922203993
detection,4,pkt_len_std_sum,0.3146237278092063,0.3146237278092063
detection,4,pkt_size_avg_sum,0.3128570760785634,0.3128570760785634
detection,4,flow_iat_min_mean,0.3091804182010692,0.3091804182010692
detection,4,subflow_fwd_pkts_std,0.307641814583675,0.307641814583675
detection,4,flow_iat_std_mean,-0.3064738768199825,0.3064738768199825
detection,4,flow_iat_mean_mean,0.3023853645880432,0.3023853645880432
detection,4,bwd_pkt_len_mean_std,0.299051849398548,0.299051849398548
detection,4,bwd_seg_size_avg_std,0.2990518493940727,0.2990518493940727
detection,4,active_std_max,0.297015235970576,0.297015235970576
detection,4,fwd_act_data_pkts_max,0.2967413970096929,0.2967413970096929
detection,4,ack_flag_cnt_mean,0.2926383061427862,0.2926383061427862
detection,4,active_min_std,-0.292340759721124,0.292340759721124
detection,4,fwd_seg_size_min_sum,0.2918415915498055,0.2918415915498055
detection,4,fwd_header_len_mean,0.2905632337352226,0.2905632337352226
detection,4,fwd_act_data_pkts_mean,0.2902846458725191,0.2902846458725191
detection,4,subflow_fwd_pkts_mean,0.2898949412005224,0.2898949412005224
detection,4,fwd_header_len_std,0.2867979218505809,0.2867979218505809
detection,4,bwd_iat_max_mean,-0.2864501762023403,0.2864501762023403
detection,4,subflow_bwd_pkts_max,0.2848115424333694,0.2848115424333694
detection,4,flow_iat_max_max,0.2777825339930181,0.2777825339930181
detection,4,bwd_iat_std_sum,0.275663538103148,0.275663538103148
detection,4,subflow_fwd_byts_mean,0.2737143376675276,0.2737143376675276
detection,4,pkt_len_mean_std,0.2728784386033084,0.2728784386033084
detection,4,subflow_bwd_pkts_mean,-0.272512656280764,0.272512656280764
detection,4,fwd_pkt_len_mean_mean,-0.2706724745494057,0.2706724745494057
detection,4,fwd_seg_size_avg_mean,-0.2706724745494057,0.2706724745494057
detection,4,flow_iat_max_sum,0.2688947767795311,0.2688947767795311
detection,4,window_size_fwd_mean,0.2687516891786718,0.2687516891786718
detection,4,bwd_pkt_len_min_sum,0.2646054463524517,0.2646054463524517
detection,4,fwd_iat_mean_sum,0.2615545539600103,0.2615545539600103
detection,4,fwd_seg_size_min_std,-0.257976927153758,0.257976927153758
detection,4,fwd_pkt_len_min_sum,-0.253894008852566,0.253894008852566
detection,4,packet_count_fwd_sum,0.2531212934550575,0.2531212934550575
detection,4,fwd_iat_std_sum,0.2521213090533395,0.2521213090533395
detection,4,packets_per_sec_max,-0.2510362910902814,0.2510362910902814
detection,4,bwd_pkt_len_max_sum,0.2507877699795194,0.2507877699795194
detection,4,psh_flag_cnt_mean,0.2471521964526351,0.2471521964526351
detection,4,flow_iat_std_max,-0.2454525503041579,0.2454525503041579
detection,4,pkt_len_std_std,0.2451937810855057,0.2451937810855057
detection,4,fwd_pkt_len_min_mean,-0.2372861461512082,0.2372861461512082
detection,4,down_up_ratio_sum,0.2355388774644897,0.2355388774644897
detection,4,flow_iat_mean_std,-0.235110906761312,0.235110906761312
detection,4,flow_iat_std_sum,-0.2344595271813407,0.2344595271813407
detection,4,fwd_header_len_sum,0.2342402523163153,0.2342402523163153
detection,4,bwd_header_len_mean,-0.2323288291077515,0.2323288291077515
detection,4,fwd_iat_tot_sum,-0.2296685327546602,0.2296685327546602
detection,4,pkt_len_std_max,0.2218340890878725,0.2218340890878725
detection,4,active_min_sum,0.2216145204197161,0.2216145204197161
detection,4,fin_flag_cnt_std,0.2202789800345048,0.2202789800345048
detection,4,pkt_len_min_sum,-0.220031488278207,0.220031488278207
detection,4,window_size_fwd_sum,0.2177249947271267,0.2177249947271267
detection,4,subflow_fwd_byts_max,-0.2155493085415845,0.2155493085415845
detection,4,active_std_mean,-0.2151375385122294,0.2151375385122294
detection,4,bwd_pkts_per_sec_max,-0.2099991604946753,0.2099991604946753
detection,4,fwd_seg_size_min_min,-0.2083851525104023,0.2083851525104023
detection,4,fwd_pkt_len_std_max,-0.2075770673246898,0.2075770673246898
detection,4,subflow_fwd_byts_sum,0.2072046295345814,0.2072046295345814
detection,4,idle_max_max,-0.2021424146252889,0.2021424146252889
detection,4,urg_flag_cnt_sum,-0.2015781343195754,0.2015781343195754
detection,4,psh_flag_cnt_sum,0.2008533418556058,0.2008533418556058
detection,4,subflow_fwd_pkts_sum,0.1969429596109487,0.1969429596109487
detection,4,window_size_fwd_max,-0.1944990369380132,0.1944990369380132
detection,4,cwe_flag_cnt_max,0.193459754144388,0.193459754144388
detection,4,fwd_urg_flags_max,0.193459754144388,0.193459754144388
detection,4,idle_mean_mean,0.1913383000575392,0.1913383000575392
detection,4,fwd_pkt_len_max_mean,0.1879557365740081,0.1879557365740081
detection,4,fwd_act_data_pkts_sum,0.18791820128323,0.18791820128323
detection,4,pkt_ttl_min,-0.1858703483967211,0.1858703483967211
detection,4,fin_flag_cnt_max,0.1852503308484931,0.1852503308484931
detection,4,active_std_std,-0.1811889631033996,0.1811889631033996
detection,4,syn_flag_cnt_std,-0.1803255774033363,0.1803255774033363
detection,4,fwd_psh_flags_std,-0.1803255774033363,0.1803255774033363
detection,4,flow_iat_max_mean,-0.1795807312598548,0.1795807312598548
detection,4,fwd_iat_std_mean,0.175676268879546,0.175676268879546
detection,4,cwe_flag_cnt_std,0.1693747699324442,0.1693747699324442
detection,4,fwd_urg_flags_std,0.1693747699324442,0.1693747699324442
detection,4,pkt_payload_size_p50,-0.1662030061138185,0.1662030061138185
detection,4,byte_count_fwd_min,0.1638836089219137,0.1638836089219137
detection,4,active_min_max,0.1594003752365077,0.1594003752365077
detection,4,syn_flag_cnt_sum,-0.1495440886183171,0.1495440886183171
detection,4,fwd_psh_flags_sum,-0.1495440886183171,0.1495440886183171
detection,4,packet_count_fwd_max,-0.1489226607312055,0.1489226607312055
detection,4,idle_max_std,-0.1441935718379034,0.1441935718379034
detection,4,active_min_mean,0.1389006664402144,0.1389006664402144
detection,4,down_up_ratio_mean,0.1362046243678674,0.1362046243678674
detection,4,flow_count,0.1359800498356095,0.1359800498356095
detection,4,fwd_act_data_pkts_min,0.1347101622494386,0.1347101622494386
detection,4,byte_count_fwd_sum,-0.1294465046701042,0.1294465046701042
detection,4,fwd_pkt_len_min_std,0.128683907155316,0.128683907155316
detection,4,duration_microsec_sum,-0.1272870069274841,0.1272870069274841
detection,4,duration_sec_sum,-0.1233335839267409,0.1233335839267409
detection,4,fwd_urg_flags_mean,-0.1232210763410289,0.1232210763410289
detection,4,cwe_flag_cnt_mean,-0.1232210763410289,0.1232210763410289
detection,4,pkt_size_avg_std,0.1225264451098756,0.1225264451098756
detection,4,subflow_fwd_byts_std,0.1221668230918218,0.1221668230918218
detection,4,flow_iat_min_std,-0.11839702018165,0.11839702018165
detection,4,packets_per_sec_std,0.1138768751076049,0.1138768751076049
detection,4,pkt_size_avg_max,0.1110345345228658,0.1110345345228658
detection,4,fwd_iat_tot_max,0.1099032697542307,0.1099032697542307
detection,4,bwd_header_len_sum,0.1083136543633146,0.1083136543633146
detection,4,idle_max_sum,0.1062404618850836,0.1062404618850836
detection,4,packets_per_sec_min,-0.1056251022358561,0.1056251022358561
detection,4,packet_count_fwd_std,-0.104712151185101,0.104712151185101
detection,4,active_max_mean,-0.1010830934513255,0.1010830934513255
detection,4,bwd_iat_min_min,-0.0952866739083318,0.0952866739083318
detection,4,fwd_iat_min_mean,0.0949848585239561,0.0949848585239561
detection,4,packet_count_bwd_min,-0.0918060175051635,0.0918060175051635
detection,4,duration_microsec_min,0.0899285659268777,0.0899285659268777
detection,4,idle_min_mean,-0.0894705931089532,0.0894705931089532
detection,4,idle_std_sum,0.0894436501167121,0.0894436501167121
detection,4,fwd_iat_tot_min,0.0882352840864642,0.0882352840864642
detection,4,byte_count_bwd_sum,-0.08817745524189,0.08817745524189
detection,4,packet_count_bwd_max,0.0858492761614342,0.0858492761614342
detection,4,bwd_pkt_len_max_max,-0.0847258013875614,0.0847258013875614
detection,4,fwd_seg_size_min_max,-0.0840808576620136,0.0840808576620136
detection,4,active_mean_max,-0.0787205866448993,0.0787205866448993
detection,4,idle_mean_max,-0.0764592444725842,0.0764592444725842
detection,4,fwd_pkt_len_max_min,-0.0745264584029769,0.0745264584029769
detection,4,bwd_iat_std_max,-0.0739636753945564,0.0739636753945564
detection,4,active_max_max,0.0677047061916073,0.0677047061916073
detection,4,flow_iat_min_max,0.0628836415338782,0.0628836415338782
detection,4,duration_sec_min,0.0623684076943037,0.0623684076943037
detection,4,bwd_iat_mean_min,-0.0619403316374868,0.0619403316374868
detection,4,idle_std_std,-0.0618947668979914,0.0618947668979914
detection,4,bwd_pkt_len_std_sum,0.0616738045700575,0.0616738045700575
detection,4,fwd_iat_std_min,-0.0593838737664901,0.0593838737664901
detection,4,subflow_fwd_pkts_max,0.0571654598044321,0.0571654598044321
detection,4,ece_flag_cnt_mean,0.0564058572228938,0.0564058572228938
detection,4,idle_min_max,-0.0563325702668199,0.0563325702668199
detection,4,byte_count_bwd_mean,0.0559952374674224,0.0559952374674224
detection,4,duration_sec_max,0.055090779617741,0.055090779617741
detection,4,idle_min_min,-0.0532134150943546,0.0532134150943546
detection,4,bwd_seg_size_avg_min,0.0528948150103471,0.0528948150103471
detection,4,bwd_pkt_len_mean_min,0.0528948150103471,0.0528948150103471
detection,4,flow_iat_std_min,-0.0518650616678227,0.0518650616678227
detection,4,byte_count_fwd_mean,-0.0508256609600146,0.0508256609600146
detection,4,pkt_len_min_mean,-0.050379420410725,0.050379420410725
detection,4,flow_iat_mean_max,-0.0493926120615314,0.0493926120615314
detection,4,fwd_psh_flags_mean,-0.0485637366741837,0.0485637366741837
detection,4,syn_flag_cnt_mean,-0.0485637366741837,0.0485637366741837
detection,4,window_size_fwd_min,0.0467894899517761,0.0467894899517761
detection,4,byte_count_bwd_min,0.0462336196630985,0.0462336196630985
detection,4,pkt_len_min_min,0.0449063926690736,0.0449063926690736
detection,4,fwd_pkt_len_min_min,0.0443384202420038,0.0443384202420038
detection,4,bwd_pkt_len_max_min,0.0436445602590577,0.0436445602590577
detection,4,fwd_urg_flags_sum,0.0435348835244706,0.0435348835244706
detection,4,cwe_flag_cnt_sum,0.0435348835244706,0.0435348835244706
detection,4,pkt_len_std_min,0.0435167828059326,0.0435167828059326
detection,4,fwd_header_len_max,-0.0430279710833419,0.0430279710833419
detection,4,pkt_len_var_min,0.0427213549874233,0.0427213549874233
detection,4,subflow_bwd_pkts_sum,-0.0426653262209142,0.0426653262209142
detection,4,syn_flag_cnt_max,0.0426509141059455,0.0426509141059455
detection,4,fwd_psh_flags_max,0.0426509141059455,0.0426509141059455
detection,4,subflow_bwd_byts_min,0.0420069858975067,0.0420069858975067
detection,4,bwd_pkt_len_std_min,0.0419170373590789,0.0419170373590789
detection,4,duration_microsec_mean,0.0395719251972098,0.0395719251972098
detection,4,idle_min_sum,-0.0394559008072849,0.0394559008072849
detection,4,fwd_iat_tot_mean,-0.0365508783831964,0.0365508783831964
detection,4,ack_flag_cnt_min,-0.0364008278092038,0.0364008278092038
detection,4,syn_flag_cnt_min,-0.0364008278092038,0.0364008278092038
detection,4,fwd_psh_flags_min,-0.0364008278092038,0.0364008278092038
detection,4,idle_std_min,-0.0363693489992505,0.0363693489992505
detection,4,bwd_pkt_len_max_mean,-0.0362535424138801,0.0362535424138801
detection,4,idle_mean_sum,0.0361025437621789,0.0361025437621789
detection,4,packet_count_fwd_min,0.0353774821087943,0.0353774821087943
detection,4,subflow_fwd_byts_min,-0.0353263386649418,0.0353263386649418
detection,4,fwd_header_len_min,-0.0349945030071613,0.0349945030071613
detection,4,window_size_bwd_min,0.0325270304402841,0.0325270304402841
detection,4,fin_flag_cnt_sum,0.0318549201870796,0.0318549201870796
detection,4,subflow_bwd_pkts_min,-0.0303128592331406,0.0303128592331406
detection,4,fwd_pkt_len_std_min,0.0302872098696691,0.0302872098696691
detection,4,fin_flag_cnt_mean,-0.0301091843893447,0.0301091843893447
detection,4,subflow_fwd_pkts_min,0.0287794890833433,0.0287794890833433
detection,4,fwd_iat_mean_mean,-0.0264287863995324,0.0264287863995324
detection,4,fwd_iat_max_mean,0.0248154252384124,0.0248154252384124
detection,4,fwd_pkts_per_sec_min,0.0243366171342091,0.0243366171342091
detection,4,bwd_pkts_per_sec_min,0.0242973789340901,0.0242973789340901
detection,4,flow_iat_min_min,0.024012003759835,0.024012003759835
detection,4,bwd_iat_max_min,-0.0237201542460591,0.0237201542460591
detection,4,active_mean_mean,-0.0198881492691374,0.0198881492691374
detection,4,idle_mean_min,-0.0193497832298135,0.0193497832298135
detection,4,active_min_min,-0.0189782689557859,0.0189782689557859
detection,4,bwd_iat_min_mean,0.0178846271119176,0.0178846271119176
detection,4,bwd_iat_max_max,-0.0171676281864597,0.0171676281864597
detection,4,flow_iat_mean_min,0.0166064956349815,0.0166064956349815
detection,4,psh_flag_cnt_min,0.0164720450144604,0.0164720450144604
detection,4,pkt_payload_size_p25,-0.0163012588623444,0.0163012588623444
detection,4,pkt_len_mean_min,0.014814936773214,0.014814936773214
detection,4,fwd_pkt_len_mean_std,-0.0146706466384105,0.0146706466384105
detection,4,fwd_seg_size_avg_std,-0.0146706466384105,0.0146706466384105
detection,4,rst_flag_cnt_mean,0.014381446789458,0.014381446789458
detection,4,packet_count_bwd_sum,0.0140697587249584,0.0140697587249584
detection,4,active_std_min,0.0136384052951849,0.0136384052951849
detection,4,fwd_seg_size_avg_max,-0.012750610476787,0.012750610476787
detection,4,fwd_pkt_len_mean_max,-0.012750610476787,0.012750610476787
detection,4,fwd_iat_min_min,0.0115488964943893,0.0115488964943893
detection,4,bwd_pkt_len_min_max,0.0109619864048785,0.0109619864048785
detection,4,bwd_iat_tot_min,0.0102610536790143,0.0102610536790143
detection,4,fwd_iat_mean_min,0.0096617692618015,0.0096617692618015
detection,4,down_up_ratio_min,-0.0095064239256973,0.0095064239256973
detection,4,bytes_per_sec_min,0.008887792059254,0.008887792059254
detection,4,fwd_pkt_len_min_max,-0.0080279585065791,0.0080279585065791
detection,4,active_mean_min,-0.0076965957822368,0.0076965957822368
detection,4,duration_sec_mean,0.0067880647663447,0.0067880647663447
detection,4,unique_protocols_count,0.0049628313351663,0.0049628313351663
detection,4,bwd_header_len_min,0.0046598959184839,0.0046598959184839
detection,4,idle_std_max,0.0045194793209445,0.0045194793209445
detection,4,fwd_pkts_per_sec_mean,-0.0045142876426711,0.0045142876426711
detection,4,pkt_size_avg_min,0.0031879494612954,0.0031879494612954
detection,4,bwd_iat_min_sum,0.0029522549806909,0.0029522549806909
detection,4,pkt_len_max_min,0.0025181030683918,0.0025181030683918
detection,4,bwd_iat_tot_sum,-0.0018241927278307,0.0018241927278307
detection,4,bwd_iat_std_min,-0.001024894044615,0.001024894044615
detection,4,active_max_min,-0.0006397408341984,0.0006397408341984
detection,4,fwd_iat_max_min,-0.0003547571061184,0.0003547571061184
detection,4,fwd_seg_size_avg_min,0.0001643863885298,0.0001643863885298
detection,4,fwd_pkt_len_mean_min,0.0001643863885298,0.0001643863885298
detection,4,flow_iat_max_min,-9.965183637810466e-05,9.965183637810466e-05
detection,4,idle_max_min,-9.009776734779915e-05,9.009776734779915e-05
detection,4,urg_flag_cnt_min,0.0,0.0
detection,4,fin_flag_cnt_min,0.0,0.0
detection,4,bwd_urg_flags_min,0.0,0.0
detection,4,rst_flag_cnt_min,0.0,0.0
detection,4,cwe_flag_cnt_min,0.0,0.0
detection,4,pkt_frag_mf_count,0.0,0.0
detection,4,mask_has_identity_auth,0.0,0.0
detection,4,mask_has_tcp_flags,0.0,0.0
detection,4,mask_has_graph_topology,0.0,0.0
detection,4,mask_has_flow_timing_features,0.0,0.0
detection,4,mask_has_traffic_volume_features,0.0,0.0
detection,4,bwd_urg_flags_max,0.0,0.0
detection,4,bwd_psh_flags_mean,0.0,0.0
detection,4,bwd_psh_flags_max,0.0,0.0
detection,4,bwd_psh_flags_min,0.0,0.0
detection,4,bwd_psh_flags_sum,0.0,0.0
detection,4,bwd_psh_flags_std,0.0,0.0
detection,4,fwd_urg_flags_min,0.0,0.0
detection,4,bwd_urg_flags_mean,0.0,0.0
detection,4,bwd_urg_flags_std,0.0,0.0
detection,4,bwd_urg_flags_sum,0.0,0.0
detection,4,fwd_byts_b_avg_mean,0.0,0.0
detection,4,ece_flag_cnt_min,0.0,0.0
detection,4,bwd_pkt_len_min_min,0.0,0.0
detection,4,bwd_blk_rate_avg_max,0.0,0.0
detection,4,bwd_pkts_b_avg_max,0.0,0.0
detection,4,bwd_blk_rate_avg_mean,0.0,0.0
detection,4,bwd_blk_rate_avg_sum,0.0,0.0
detection,4,bwd_blk_rate_avg_min,0.0,0.0
detection,4,fwd_pkts_b_avg_min,0.0,0.0
detection,4,fwd_pkts_b_avg_sum,0.0,0.0
detection,4,fwd_byts_b_avg_std,0.0,0.0
detection,4,fwd_byts_b_avg_sum,0.0,0.0
detection,4,fwd_pkts_b_avg_mean,0.0,0.0
detection,4,fwd_pkts_b_avg_std,0.0,0.0
detection,4,bwd_pkts_b_avg_min,0.0,0.0
detection,4,bwd_blk_rate_avg_std,0.0,0.0
detection,4,bwd_byts_b_avg_std,0.0,0.0
detection,4,bwd_byts_b_avg_mean,0.0,0.0
detection,4,fwd_blk_rate_avg_max,0.0,0.0
detection,4,fwd_blk_rate_avg_min,0.0,0.0
detection,4,fwd_blk_rate_avg_sum,0.0,0.0
detection,4,fwd_blk_rate_avg_std,0.0,0.0
detection,4,fwd_blk_rate_avg_mean,0.0,0.0
detection,4,fwd_pkts_b_avg_max,0.0,0.0
detection,4,bwd_byts_b_avg_sum,0.0,0.0
detection,4,bwd_byts_b_avg_min,0.0,0.0
detection,4,bwd_pkts_b_avg_std,0.0,0.0
detection,4,bwd_pkts_b_avg_mean,0.0,0.0
detection,4,bwd_byts_b_avg_max,0.0,0.0
detection,4,bwd_pkts_b_avg_sum,0.0,0.0
detection,4,fwd_byts_b_avg_min,0.0,0.0
detection,4,fwd_byts_b_avg_max,0.0,0.0
detection,5,window_size_bwd_std,1.8498950906902485,1.8498950906902485
detection,5,pkt_len_var_std,-1.6463582566060375,1.6463582566060375
detection,5,bwd_seg_size_avg_max,1.640548836560631,1.640548836560631
detection,5,bwd_pkt_len_mean_max,1.640548836560534,1.640548836560534
detection,5,pkt_len_var_max,-1.5627243447904016,1.5627243447904016
detection,5,fwd_pkt_len_std_mean,1.54797813704355,1.54797813704355
detection,5,pkt_tcp_retrans_count,1.4962863284228567,1.4962863284228567
detection,5,byte_count_fwd_max,1.4839491953555772,1.4839491953555772
detection,5,bwd_pkt_len_std_mean,-1.473591942613838,1.473591942613838
detection,5,flow_iat_std_std,-1.4653942531653097,1.4653942531653097
detection,5,pkt_port_scan_seq_score,1.3985644538178157,1.3985644538178157
detection,5,bytes_per_sec_mean,-1.3403176860334889,1.3403176860334889
detection,5,bwd_pkt_len_std_max,1.3194755134441551,1.3194755134441551
detection,5,bwd_iat_std_mean,1.273169701215925,1.273169701215925
detection,5,pkt_len_var_mean,-1.2474912702921743,1.2474912702921743
detection,5,byte_count_bwd_std,-1.2264933691514532,1.2264933691514532
detection,5,fwd_pkt_len_max_std,-1.193572665537871,1.193572665537871
detection,5,window_size_fwd_std,-1.1924602047922352,1.1924602047922352
detection,5,fwd_seg_size_min_mean,1.136925127686083,1.136925127686083
detection,5,bytes_per_sec_max,1.076491815874837,1.076491815874837
detection,5,pkt_len_min_std,1.0111102429080925,1.0111102429080925
detection,5,bwd_iat_min_max,1.000039308523823,1.000039308523823
detection,5,pkt_len_mean_max,-0.949271177828695,0.949271177828695
detection,5,packet_count_bwd_std,0.9348286638507326,0.9348286638507326
detection,5,bwd_pkt_len_std_std,0.9092208390466212,0.9092208390466212
detection,5,bytes_per_sec_sum,-0.9069905293007016,0.9069905293007016
detection,5,bwd_iat_min_std,-0.8917027944111133,0.8917027944111133
detection,5,fwd_iat_std_std,0.8681167936262041,0.8681167936262041
detection,5,ack_flag_cnt_std,0.8662246850074207,0.8662246850074207
detection,5,down_up_ratio_std,-0.8588637620908804,0.8588637620908804
detection,5,byte_count_bwd_max,-0.8555828156855694,0.8555828156855694
detection,5,pkt_len_std_mean,-0.8392435428561722,0.8392435428561722
detection,5,bwd_iat_max_std,-0.823433305761385,0.823433305761385
detection,5,ece_flag_cnt_sum,0.8148852851926087,0.8148852851926087
detection,5,rst_flag_cnt_sum,0.8140070169434871,0.8140070169434871
detection,5,urg_flag_cnt_mean,-0.7967330360565584,0.7967330360565584
detection,5,byte_count_fwd_std,-0.789133512521772,0.789133512521772
detection,5,pkt_payload_size_p95,-0.7823059852020431,0.7823059852020431
detection,5,bwd_pkt_len_min_mean,0.7796311920238925,0.7796311920238925
detection,5,pkt_frag_df_count,0.773444143512187,0.773444143512187
detection,5,fwd_pkt_len_std_std,0.7302094030083626,0.7302094030083626
detection,5,pkt_len_max_std,-0.7203350543712058,0.7203350543712058
detection,5,ece_flag_cnt_std,0.7136973277973244,0.7136973277973244
detection,5,bwd_pkts_per_sec_std,0.7062010126207624,0.7062010126207624
detection,5,flow_iat_max_std,-0.7031540993591556,0.7031540993591556
detection,5,rst_flag_cnt_std,0.6890618944634658,0.6890618944634658
detection,5,subflow_bwd_byts_sum,-0.6845568481988231,0.6845568481988231
detection,5,bwd_iat_mean_std,0.6585215854211702,0.6585215854211702
detection,5,bwd_iat_mean_max,-0.6502023493414923,0.6502023493414923
detection,5,packet_count_bwd_mean,0.6387478259026526,0.6387478259026526
detection,5,subflow_bwd_byts_max,0.6272607304879645,0.6272607304879645
detection,5,fwd_pkt_len_max_max,0.6259078023534079,0.6259078023534079
detection,5,bwd_header_len_std,-0.6206384183998584,0.6206384183998584
detection,5,urg_flag_cnt_max,0.6172940838339634,0.6172940838339634
detection,5,bwd_iat_mean_mean,0.6155042828844502,0.6155042828844502
detection,5,active_std_sum,-0.611550817938549,0.611550817938549
detection,5,pkt_len_mean_mean,-0.6097926962038719,0.6097926962038719
detection,5,active_mean_sum,-0.6089798107576588,0.6089798107576588
detection,5,active_max_sum,0.5975691984444419,0.5975691984444419
detection,5,bwd_pkts_per_sec_sum,-0.590741055212041,0.590741055212041
detection,5,pkt_len_var_sum,0.5872431849087835,0.5872431849087835
detection,5,pkt_size_avg_mean,-0.5788635554126308,0.5788635554126308
detection,5,pkt_len_max_mean,-0.5748300738190285,0.5748300738190285
detection,5,pkt_payload_size_p75,-0.5697364191365747,0.5697364191365747
detection,5,duration_sec_std,0.5663103889000356,0.5663103889000356
detection,5,packet_count_fwd_mean,0.5639419286164927,0.5639419286164927
detection,5,psh_flag_cnt_max,-0.5638362982843558,0.5638362982843558
detection,5,fwd_iat_mean_std,-0.5578527487467781,0.5578527487467781
detection,5,bwd_pkt_len_mean_sum,0.5474938244793547,0.5474938244793547
detection,5,bwd_seg_size_avg_sum,0.5474938244791593,0.5474938244791593
detection,5,bwd_iat_mean_sum,-0.5339128870222821,0.5339128870222821
detection,5,subflow_bwd_pkts_std,-0.5244808202329457,0.5244808202329457
detection,5,subflow_bwd_byts_mean,-0.5150252049217224,0.5150252049217224
detection,5,packets_per_sec_max,-0.506110565727849,0.506110565727849
detection,5,bwd_iat_tot_mean,-0.5014813900374236,0.5014813900374236
detection,5,idle_min_std,-0.4868334251440361,0.4868334251440361
detection,5,window_size_bwd_mean,-0.4756365795089667,0.4756365795089667
detection,5,subflow_bwd_byts_std,-0.4678960131945658,0.4678960131945658
detection,5,fwd_pkt_len_mean_sum,0.4592178007264094,0.4592178007264094
detection,5,fwd_seg_size_avg_sum,0.4592178007264094,0.4592178007264094
detection,5,down_up_ratio_mean,0.4590038604608248,0.4590038604608248
detection,5,urg_flag_cnt_std,0.4543995136632394,0.4543995136632394
detection,5,fwd_iat_max_max,-0.4458886230640711,0.4458886230640711
detection,5,fwd_pkt_len_std_sum,0.4439161109225236,0.4439161109225236
detection,5,window_size_bwd_sum,-0.4432099137781883,0.4432099137781883
detection,5,bwd_header_len_max,0.4409917120673701,0.4409917120673701
detection,5,ack_flag_cnt_sum,0.4398987521283255,0.4398987521283255
detection,5,fwd_pkt_len_max_sum,0.4368025715454703,0.4368025715454703
detection,5,fwd_iat_min_max,0.4323956344949978,0.4323956344949978
detection,5,active_max_std,0.43234303316495,0.43234303316495
detection,5,bwd_pkt_len_min_std,-0.4280536103288789,0.4280536103288789
detection,5,ack_flag_cnt_max,-0.4275683387356057,0.4275683387356057
detection,5,bwd_iat_std_std,0.4188435715016031,0.4188435715016031
detection,5,bwd_pkts_per_sec_mean,-0.4178991598002848,0.4178991598002848
detection,5,window_size_fwd_mean,0.4151302570256995,0.4151302570256995
detection,5,idle_max_mean,0.4074713475017087,0.4074713475017087
detection,5,fwd_pkts_per_sec_max,-0.4067370734313252,0.4067370734313252
detection,5,flow_iat_min_sum,0.4040533021033013,0.4040533021033013
detection,5,pkt_len_max_sum,0.403945467589656,0.403945467589656
detection,5,idle_std_mean,0.403069096149693,0.403069096149693
detection,5,pkt_len_mean_sum,0.4011850707627897,0.4011850707627897
detection,5,pkt_ttl_std,0.3988611850608975,0.3988611850608975
detection,5,pkt_ttl_max,-0.3984866176214913,0.3984866176214913
detection,5,mask_has_packet_level_features,-0.3984866176214913,0.3984866176214913
detection,5,duration_microsec_std,0.3966294629028777,0.3966294629028777
detection,5,fwd_iat_max_std,-0.3952843273385342,0.3952843273385342
detection,5,pkt_ttl_mode,0.3951608162233161,0.3951608162233161
detection,5,fwd_iat_mean_max,0.3855820924374574,0.3855820924374574
detection,5,ack_flag_cnt_mean,0.3821620515606201,0.3821620515606201
detection,5,pkt_len_std_std,0.3796205863266234,0.3796205863266234
detection,5,duration_microsec_max,0.3772599309490004,0.3772599309490004
detection,5,down_up_ratio_sum,0.3751923307243194,0.3751923307243194
detection,5,pkt_size_avg_sum,0.3709835825922303,0.3709835825922303
detection,5,fwd_iat_std_max,0.3626362612132535,0.3626362612132535
detection,5,bwd_iat_std_sum,0.3614405477269904,0.3614405477269904
detection,5,pkt_len_mean_std,0.3612815476650093,0.3612815476650093
detection,5,pkt_len_std_sum,0.3601737221047124,0.3601737221047124
detection,5,bwd_iat_tot_max,-0.3580777112690264,0.3580777112690264
detection,5,fwd_pkts_per_sec_sum,0.3537325354575375,0.3537325354575375
detection,5,subflow_bwd_pkts_mean,-0.3533249931692568,0.3533249931692568
detection,5,bwd_header_len_mean,-0.3457782871087328,0.3457782871087328
detection,5,flow_iat_mean_sum,0.3455733461959855,0.3455733461959855
detection,5,down_up_ratio_max,0.3435968111152706,0.3435968111152706
detection,5,fwd_act_data_pkts_std,0.3433450171677323,0.3433450171677323
detection,5,fwd_iat_min_sum,0.3432830895533117,0.3432830895533117
detection,5,idle_mean_std,-0.3405493971030325,0.3405493971030325
detection,5,active_mean_std,-0.3395191177965538,0.3395191177965538
detection,5,bwd_pkt_len_max_sum,0.3365162682457369,0.3365162682457369
detection,5,rst_flag_cnt_max,-0.3365000766396132,0.3365000766396132
detection,5,ece_flag_cnt_max,-0.3365000766396132,0.3365000766396132
detection,5,bwd_iat_max_mean,-0.3273761077733115,0.3273761077733115
detection,5,fwd_iat_tot_std,0.3263102941474829,0.3263102941474829
detection,5,pkt_len_max_max,0.3258376893704895,0.3258376893704895
detection,5,subflow_fwd_pkts_std,0.3190032848996511,0.3190032848996511
detection,5,subflow_bwd_pkts_max,0.3176899786361427,0.3176899786361427
detection,5,fwd_seg_size_min_sum,0.3140745253015278,0.3140745253015278
detection,5,fwd_iat_max_sum,0.3115743424424098,0.3115743424424098
detection,5,bwd_iat_tot_std,-0.3082299788726614,0.3082299788726614
detection,5,fwd_act_data_pkts_max,0.3064208502952915,0.3064208502952915
detection,5,cwe_flag_cnt_std,0.3053666479880846,0.3053666479880846
detection,5,fwd_urg_flags_std,0.3053666479880846,0.3053666479880846
detection,5,fwd_pkt_len_mean_mean,-0.3045635952196994,0.3045635952196994
detection,5,fwd_seg_size_avg_mean,-0.3045635952196994,0.3045635952196994
detection,5,fin_flag_cnt_std,0.3036259848533671,0.3036259848533671
detection,5,idle_mean_mean,0.3014600867513499,0.3014600867513499
detection,5,fwd_iat_min_std,-0.2989403724287944,0.2989403724287944
detection,5,flow_iat_std_sum,-0.2972560338977383,0.2972560338977383
detection,5,fwd_act_data_pkts_mean,0.2964554003277745,0.2964554003277745
detection,5,bwd_pkt_len_min_sum,0.2964150244782891,0.2964150244782891
detection,5,subflow_fwd_pkts_mean,0.2960046247163235,0.2960046247163235
detection,5,fwd_header_len_mean,0.2959531919460802,0.2959531919460802
detection,5,active_std_mean,-0.2935151938470003,0.2935151938470003
detection,5,bwd_pkt_len_max_std,0.291375618612588,0.291375618612588
detection,5,active_min_std,-0.2913221910481726,0.2913221910481726
detection,5,fwd_header_len_std,0.2901527044307948,0.2901527044307948
detection,5,fwd_iat_tot_sum,-0.2864820209349976,0.2864820209349976
detection,5,duration_sec_sum,-0.2851843318189259,0.2851843318189259
detection,5,bwd_iat_max_sum,-0.2824109236596688,0.2824109236596688
detection,5,flow_iat_std_mean,-0.2807405494265982,0.2807405494265982
detection,5,bytes_per_sec_std,0.2806738423317734,0.2806738423317734
detection,5,flow_iat_max_sum,0.2762576728919723,0.2762576728919723
detection,5,packet_count_fwd_max,-0.2725485954012532,0.2725485954012532
detection,5,flow_iat_max_max,0.270407124792187,0.270407124792187
detection,5,subflow_fwd_byts_mean,0.270181485074239,0.270181485074239
detection,5,flow_iat_std_max,-0.2700006846807039,0.2700006846807039
detection,5,pkt_len_min_max,-0.2665004191439418,0.2665004191439418
detection,5,bwd_pkts_per_sec_max,-0.2611818490172666,0.2611818490172666
detection,5,fwd_pkts_per_sec_std,0.2593750077412335,0.2593750077412335
detection,5,bwd_pkt_len_mean_mean,0.2461453499023085,0.2461453499023085
detection,5,bwd_seg_size_avg_mean,0.246145349900909,0.246145349900909
detection,5,packets_per_sec_sum,-0.2436090240658706,0.2436090240658706
detection,5,fwd_pkt_len_min_mean,-0.2400351977676905,0.2400351977676905
detection,5,flow_iat_max_mean,-0.2370690204311872,0.2370690204311872
detection,5,active_std_max,0.2369223835197218,0.2369223835197218
detection,5,fwd_header_len_sum,0.2265675198839493,0.2265675198839493
detection,5,packets_per_sec_mean,-0.2254067451328713,0.2254067451328713
detection,5,active_min_max,0.2235048522533838,0.2235048522533838
detection,5,fwd_iat_std_mean,0.2202507509972855,0.2202507509972855
detection,5,psh_flag_cnt_sum,0.2108358790904755,0.2108358790904755
detection,5,flow_iat_mean_mean,0.2102371193025468,0.2102371193025468
detection,5,window_size_fwd_sum,0.2076190461837314,0.2076190461837314
detection,5,psh_flag_cnt_mean,0.2074065078955139,0.2074065078955139
detection,5,fwd_seg_size_min_std,-0.2062318567344295,0.2062318567344295
detection,5,idle_max_max,-0.2042112178952397,0.2042112178952397
detection,5,packet_count_fwd_sum,0.2028697858079754,0.2028697858079754
detection,5,subflow_fwd_byts_max,-0.2014217851057207,0.2014217851057207
detection,5,fwd_pkt_len_min_sum,-0.2001630144911607,0.2001630144911607
detection,5,subflow_fwd_byts_sum,0.1995940381301083,0.1995940381301083
detection,5,window_size_bwd_max,0.1992156669863941,0.1992156669863941
detection,5,fin_flag_cnt_max,0.1991289258822169,0.1991289258822169
detection,5,window_size_fwd_max,-0.1974907514537656,0.1974907514537656
detection,5,bwd_pkt_len_mean_std,0.1938835663398009,0.1938835663398009
detection,5,bwd_seg_size_avg_std,0.193883566334467,0.193883566334467
detection,5,subflow_fwd_pkts_sum,0.1913321059222057,0.1913321059222057
detection,5,byte_count_fwd_min,0.1908826874075021,0.1908826874075021
detection,5,byte_count_fwd_sum,-0.190535047194655,0.190535047194655
detection,5,pkt_len_min_sum,-0.1857296685763539,0.1857296685763539
detection,5,fwd_act_data_pkts_sum,0.1822458666556521,0.1822458666556521
detection,5,flow_iat_min_mean,0.1814572612450983,0.1814572612450983
detection,5,flow_count,0.1794355747252324,0.1794355747252324
detection,5,fwd_iat_mean_sum,0.1789466236757241,0.1789466236757241
detection,5,fwd_iat_std_sum,0.1782736470050145,0.1782736470050145
detection,5,fwd_seg_size_min_min,-0.1776252694471451,0.1776252694471451
detection,5,fwd_psh_flags_std,-0.1742031974401969,0.1742031974401969
detection,5,syn_flag_cnt_std,-0.1742031974401969,0.1742031974401969
detection,5,pkt_size_avg_std,0.1713238898655866,0.1713238898655866
detection,5,fwd_pkt_len_std_max,-0.1704417699543884,0.1704417699543884
detection,5,active_max_mean,-0.1694081261456151,0.1694081261456151
detection,5,pkt_size_avg_max,0.1688671612254411,0.1688671612254411
detection,5,active_min_sum,0.1671226711620768,0.1671226711620768
detection,5,duration_microsec_sum,-0.1665394002309335,0.1665394002309335
detection,5,active_std_std,-0.1665257070498065,0.1665257070498065
detection,5,psh_flag_cnt_std,-0.1615335002785839,0.1615335002785839
detection,5,unique_dst_ports_count,0.161027986448605,0.161027986448605
detection,5,packet_count_bwd_max,0.160418830331818,0.160418830331818
detection,5,pkt_ttl_min,-0.1599680075460752,0.1599680075460752
detection,5,active_mean_max,-0.1587358247615427,0.1587358247615427
detection,5,fwd_act_data_pkts_min,0.1571730615304877,0.1571730615304877
detection,5,fwd_urg_flags_max,0.1552157805838653,0.1552157805838653
detection,5,cwe_flag_cnt_max,0.1552157805838653,0.1552157805838653
detection,5,bwd_iat_tot_sum,-0.1531714643553472,0.1531714643553472
detection,5,cwe_flag_cnt_mean,-0.1511714465075978,0.1511714465075978
detection,5,fwd_urg_flags_mean,-0.1511714465075978,0.1511714465075978
detection,5,fwd_pkt_len_max_mean,0.1510560628232164,0.1510560628232164
detection,5,pkt_payload_size_p50,-0.1417429811214856,0.1417429811214856
detection,5,bwd_pkt_len_std_sum,0.1392167651841422,0.1392167651841422
detection,5,duration_microsec_mean,0.1390963428172414,0.1390963428172414
detection,5,packet_count_bwd_min,-0.1316494216244089,0.1316494216244089
detection,5,fwd_iat_mean_mean,-0.1314635401612803,0.1314635401612803
detection,5,pkt_len_std_max,0.1291492090216976,0.1291492090216976
detection,5,fwd_pkts_per_sec_mean,0.1289038461275789,0.1289038461275789
detection,5,packets_per_sec_min,-0.12683268133263,0.12683268133263
detection,5,active_max_max,0.1201325348197088,0.1201325348197088
detection,5,subflow_fwd_byts_std,0.1198057287201879,0.1198057287201879
detection,5,idle_max_std,-0.1183223939245054,0.1183223939245054
detection,5,idle_max_sum,0.1145335200179086,0.1145335200179086
detection,5,byte_count_bwd_mean,0.1116605331311369,0.1116605331311369
detection,5,fwd_pkt_len_mean_std,-0.1073779260232895,0.1073779260232895
detection,5,fwd_seg_size_avg_std,-0.1073779260232895,0.1073779260232895
detection,5,flow_iat_mean_std,-0.1072768705443532,0.1072768705443532
detection,5,fwd_iat_tot_max,0.1062485538198188,0.1062485538198188
detection,5,ece_flag_cnt_mean,0.105313717524972,0.105313717524972
detection,5,fwd_header_len_max,-0.1046339063537382,0.1046339063537382
detection,5,byte_count_bwd_sum,-0.102634273854581,0.102634273854581
detection,5,packet_count_fwd_min,0.1012142782404047,0.1012142782404047
detection,5,syn_flag_cnt_sum,-0.0947457691349238,0.0947457691349238
detection,5,fwd_psh_flags_sum,-0.0947457691349238,0.0947457691349238
detection,5,duration_microsec_min,0.0921690229774117,0.0921690229774117
detection,5,fwd_iat_tot_min,0.0906860825034145,0.0906860825034145
detection,5,fwd_seg_size_min_max,-0.0903165272801099,0.0903165272801099
detection,5,duration_sec_mean,-0.0889366037260671,0.0889366037260671
detection,5,active_mean_mean,-0.0865034454863449,0.0865034454863449
detection,5,bwd_header_len_sum,0.086319769909111,0.086319769909111
detection,5,packet_count_fwd_std,-0.082184176920577,0.082184176920577
detection,5,idle_std_std,0.0787843349620847,0.0787843349620847
detection,5,bwd_iat_min_min,-0.0754410356299499,0.0754410356299499
detection,5,fwd_iat_tot_mean,0.0741421626967805,0.0741421626967805
detection,5,flow_iat_min_max,0.0713510010243171,0.0713510010243171
detection,5,packets_per_sec_std,0.0703329049083834,0.0703329049083834
detection,5,duration_sec_min,0.0676522534879063,0.0676522534879063
detection,5,active_min_mean,0.0670199140887534,0.0670199140887534
detection,5,duration_sec_max,0.0645291004304212,0.0645291004304212
detection,5,subflow_fwd_pkts_min,0.0643172260256758,0.0643172260256758
detection,5,idle_std_sum,0.0631855297020608,0.0631855297020608
detection,5,rst_flag_cnt_mean,0.0625049306893459,0.0625049306893459
detection,5,bwd_iat_std_max,-0.0622547543252621,0.0622547543252621
detection,5,fin_flag_cnt_mean,-0.0617296103991578,0.0617296103991578
detection,5,syn_flag_cnt_max,0.0610214052019895,0.0610214052019895
detection,5,fwd_psh_flags_max,0.0610214052019895,0.0610214052019895
detection,5,fwd_pkt_len_max_min,-0.0610020819554856,0.0610020819554856
detection,5,fwd_psh_flags_mean,-0.0585573854496783,0.0585573854496783
detection,5,syn_flag_cnt_mean,-0.0585573854496783,0.0585573854496783
detection,5,idle_mean_max,-0.0584776933113769,0.0584776933113769
detection,5,fwd_pkt_len_min_std,0.0584751029301943,0.0584751029301943
detection,5,subflow_bwd_pkts_sum,-0.0576027020806727,0.0576027020806727
detection,5,subflow_fwd_pkts_max,0.0574116031091436,0.0574116031091436
detection,5,flow_iat_mean_max,-0.0543661436065968,0.0543661436065968
detection,5,pkt_len_min_mean,-0.0532276148994621,0.0532276148994621
detection,5,fwd_iat_std_min,-0.0527832475415148,0.0527832475415148
detection,5,fwd_header_len_min,-0.0524883523074212,0.0524883523074212
detection,5,bwd_pkt_len_mean_min,0.0511698395496025,0.0511698395496025
detection,5,bwd_seg_size_avg_min,0.0511698395496025,0.0511698395496025
detection,5,pkt_len_min_min,0.0511048512932292,0.0511048512932292
detection,5,fwd_pkt_len_min_min,0.0495369259501075,0.0495369259501075
detection,5,subflow_bwd_pkts_min,-0.0470948936157218,0.0470948936157218
detection,5,flow_iat_std_min,-0.0461488149172848,0.0461488149172848
detection,5,bwd_pkt_len_max_max,-0.0461389636958309,0.0461389636958309
detection,5,bwd_iat_mean_min,-0.0460291665805538,0.0460291665805538
detection,5,bwd_pkt_len_max_min,0.0447683096081504,0.0447683096081504
detection,5,byte_count_bwd_min,0.0447565034537595,0.0447565034537595
detection,5,idle_mean_sum,0.0443225897267201,0.0443225897267201
detection,5,pkt_len_std_min,0.0440609406036705,0.0440609406036705
detection,5,pkt_len_var_min,0.0438423005946237,0.0438423005946237
detection,5,subflow_bwd_byts_min,0.0435912136645389,0.0435912136645389
detection,5,idle_min_min,-0.0428133352648079,0.0428133352648079
detection,5,bwd_pkt_len_std_min,0.0426065186242212,0.0426065186242212
detection,5,fwd_iat_min_mean,-0.0405954255175812,0.0405954255175812
detection,5,ack_flag_cnt_min,-0.0380406683256747,0.0380406683256747
detection,5,syn_flag_cnt_min,-0.0380406683256747,0.0380406683256747
detection,5,fwd_psh_flags_min,-0.0380406683256747,0.0380406683256747
detection,5,window_size_fwd_min,0.0357460850538485,0.0357460850538485
detection,5,window_size_bwd_min,0.0356534430486596,0.0356534430486596
detection,5,urg_flag_cnt_sum,-0.0347983718987111,0.0347983718987111
detection,5,bwd_iat_min_sum,0.0330510046665148,0.0330510046665148
detection,5,fwd_pkt_len_std_min,0.0330445499134378,0.0330445499134378
detection,5,idle_std_min,-0.032920450923796,0.032920450923796
detection,5,idle_min_sum,-0.028987254020408,0.028987254020408
detection,5,active_std_min,0.0286621528207831,0.0286621528207831
detection,5,flow_iat_min_std,0.028140368709231,0.028140368709231
detection,5,idle_min_max,-0.0280075113249665,0.0280075113249665
detection,5,idle_std_max,-0.02699234556621,0.02699234556621
detection,5,fwd_iat_max_mean,-0.0263134830588666,0.0263134830588666
detection,5,subflow_fwd_byts_min,-0.0249811401983905,0.0249811401983905
detection,5,bwd_iat_max_max,-0.0246824223126119,0.0246824223126119
detection,5,bwd_pkt_len_max_mean,-0.023809022676597,0.023809022676597
detection,5,unique_protocols_count,-0.0228728438211883,0.0228728438211883
detection,5,pkt_len_mean_min,0.0225094873668405,0.0225094873668405
detection,5,bwd_iat_min_mean,-0.0208583447833221,0.0208583447833221
detection,5,flow_iat_min_min,0.0200467062147132,0.0200467062147132
detection,5,fwd_pkts_per_sec_min,0.0193285889476664,0.0193285889476664
detection,5,bwd_pkts_per_sec_min,0.0193181683744094,0.0193181683744094
detection,5,bytes_per_sec_min,0.0186951720240295,0.0186951720240295
detection,5,bwd_iat_max_min,-0.0159500262608527,0.0159500262608527
detection,5,idle_mean_min,-0.0159218114087302,0.0159218114087302
detection,5,bwd_iat_tot_min,0.0152067715158609,0.0152067715158609
detection,5,active_max_min,0.0151228318406893,0.0151228318406893
detection,5,down_up_ratio_min,-0.013794956112917,0.013794956112917
detection,5,flow_iat_mean_min,0.0132782803006938,0.0132782803006938
detection,5,fin_flag_cnt_sum,-0.0132327736835347,0.0132327736835347
detection,5,psh_flag_cnt_min,0.0115224454972145,0.0115224454972145
detection,5,fwd_pkt_len_min_max,0.0110910103863747,0.0110910103863747
detection,5,packet_count_bwd_sum,-0.0110894122048472,0.0110894122048472
detection,5,fwd_pkt_len_mean_max,-0.0107702117389801,0.0107702117389801
detection,5,fwd_seg_size_avg_max,-0.0107702117389801,0.0107702117389801
detection,5,pkt_size_avg_min,0.0090866650571186,0.0090866650571186
detection,5,pkt_len_max_min,0.0078517494395254,0.0078517494395254
detection,5,active_mean_min,0.007710169430475,0.007710169430475
detection,5,fwd_seg_size_avg_min,0.0067304459548852,0.0067304459548852
detection,5,fwd_pkt_len_mean_min,0.0067304459548852,0.0067304459548852
detection,5,fwd_iat_mean_min,0.006589641597299,0.006589641597299
detection,5,active_min_min,-0.0054428205897204,0.0054428205897204
detection,5,fwd_iat_min_min,0.0048362546681306,0.0048362546681306
detection,5,bwd_pkt_len_min_max,-0.0032919683062777,0.0032919683062777
detection,5,pkt_payload_size_p25,-0.0028668312434486,0.0028668312434486
detection,5,byte_count_fwd_mean,-0.0028143598419357,0.0028143598419357
detection,5,idle_min_mean,0.0022314228349242,0.0022314228349242
detection,5,cwe_flag_cnt_sum,0.0018393913086648,0.0018393913086648
detection,5,fwd_urg_flags_sum,0.0018393913086648,0.0018393913086648
detection,5,bwd_header_len_min,-0.0017622301516508,0.0017622301516508
detection,5,fwd_iat_max_min,-0.0004110415349675,0.0004110415349675
detection,5,flow_iat_max_min,-0.0002425007944749,0.0002425007944749
detection,5,idle_max_min,0.0001817479585833,0.0001817479585833
detection,5,bwd_iat_std_min,0.0001057222789825,0.0001057222789825
detection,5,bwd_urg_flags_sum,0.0,0.0
detection,5,bwd_psh_flags_max,0.0,0.0
detection,5,bwd_psh_flags_min,0.0,0.0
detection,5,bwd_urg_flags_std,0.0,0.0
detection,5,ece_flag_cnt_min,0.0,0.0
detection,5,mask_has_tcp_flags,0.0,0.0
detection,5,mask_has_graph_topology,0.0,0.0
detection,5,mask_has_flow_timing_features,0.0,0.0
detection,5,mask_has_traffic_volume_features,0.0,0.0
detection,5,mask_has_identity_auth,0.0,0.0
detection,5,pkt_frag_mf_count,0.0,0.0
detection,5,fwd_urg_flags_min,0.0,0.0
detection,5,cwe_flag_cnt_min,0.0,0.0
detection,5,bwd_psh_flags_std,0.0,0.0
detection,5,bwd_psh_flags_mean,0.0,0.0
detection,5,urg_flag_cnt_min,0.0,0.0
detection,5,bwd_psh_flags_sum,0.0,0.0
detection,5,bwd_urg_flags_mean,0.0,0.0
detection,5,bwd_urg_flags_max,0.0,0.0
detection,5,fin_flag_cnt_min,0.0,0.0
detection,5,rst_flag_cnt_min,0.0,0.0
detection,5,bwd_urg_flags_min,0.0,0.0
detection,5,bwd_blk_rate_avg_std,0.0,0.0
detection,5,bwd_blk_rate_avg_sum,0.0,0.0
detection,5,bwd_pkts_b_avg_max,0.0,0.0
detection,5,bwd_pkts_b_avg_min,0.0,0.0
detection,5,bwd_pkts_b_avg_sum,0.0,0.0
detection,5,bwd_blk_rate_avg_mean,0.0,0.0
detection,5,bwd_blk_rate_avg_max,0.0,0.0
detection,5,bwd_byts_b_avg_mean,0.0,0.0
detection,5,fwd_blk_rate_avg_max,0.0,0.0
detection,5,fwd_byts_b_avg_mean,0.0,0.0
detection,5,fwd_byts_b_avg_std,0.0,0.0
detection,5,fwd_byts_b_avg_max,0.0,0.0
detection,5,fwd_pkts_b_avg_mean,0.0,0.0
detection,5,bwd_blk_rate_avg_min,0.0,0.0
detection,5,fwd_byts_b_avg_min,0.0,0.0
detection,5,fwd_pkts_b_avg_sum,0.0,0.0
detection,5,fwd_pkts_b_avg_std,0.0,0.0
detection,5,fwd_pkts_b_avg_min,0.0,0.0
detection,5,fwd_pkts_b_avg_max,0.0,0.0
detection,5,fwd_blk_rate_avg_sum,0.0,0.0
detection,5,fwd_blk_rate_avg_min,0.0,0.0
detection,5,fwd_blk_rate_avg_mean,0.0,0.0
detection,5,fwd_blk_rate_avg_std,0.0,0.0
detection,5,bwd_byts_b_avg_max,0.0,0.0
detection,5,bwd_byts_b_avg_min,0.0,0.0
detection,5,bwd_byts_b_avg_std,0.0,0.0
detection,5,bwd_byts_b_avg_sum,0.0,0.0
detection,5,bwd_pkts_b_avg_std,0.0,0.0
detection,5,bwd_pkts_b_avg_mean,0.0,0.0
detection,5,fwd_byts_b_avg_sum,0.0,0.0
detection,5,bwd_pkt_len_min_min,0.0,0.0
detection,6,window_size_bwd_std,1.8145676026412048,1.8145676026412048
detection,6,pkt_len_var_std,-1.615073020004723,1.615073020004723
detection,6,bwd_seg_size_avg_max,1.6042114916756247,1.6042114916756247
detection,6,bwd_pkt_len_mean_max,1.6042114916755172,1.6042114916755172
detection,6,pkt_len_var_max,-1.5417663489634403,1.5417663489634403
detection,6,byte_count_fwd_max,1.5292718849474711,1.5292718849474711
detection,6,fwd_pkt_len_std_mean,1.5179225876907008,1.5179225876907008
detection,6,flow_iat_std_std,-1.483266379186438,1.483266379186438
detection,6,bwd_pkt_len_std_mean,-1.4719836051141384,1.4719836051141384
detection,6,pkt_tcp_retrans_count,1.460852614106657,1.460852614106657
detection,6,pkt_port_scan_seq_score,1.3660818350224395,1.3660818350224395
detection,6,bytes_per_sec_mean,-1.3359204797805135,1.3359204797805135
detection,6,bwd_pkt_len_std_max,1.3304148921634693,1.3304148921634693
detection,6,bwd_iat_std_mean,1.237381764273635,1.237381764273635
detection,6,byte_count_bwd_std,-1.2168633094286103,1.2168633094286103
detection,6,pkt_len_var_mean,-1.198449423991539,1.198449423991539
detection,6,window_size_fwd_std,-1.1925043159239628,1.1925043159239628
detection,6,fwd_pkt_len_max_std,-1.161153632982295,1.161153632982295
detection,6,pkt_len_mean_max,-1.123337922242541,1.123337922242541
detection,6,bytes_per_sec_max,1.0963815015287042,1.0963815015287042
detection,6,pkt_len_min_std,1.0588866310320602,1.0588866310320602
detection,6,fwd_seg_size_min_mean,1.0228249085013328,1.0228249085013328
detection,6,bwd_iat_min_max,1.008772907374882,1.008772907374882
detection,6,bwd_iat_min_std,-0.9896989173685108,0.9896989173685108
detection,6,ack_flag_cnt_std,0.9783974079245752,0.9783974079245752
detection,6,fwd_iat_std_std,0.9369504047673138,0.9369504047673138
detection,6,bytes_per_sec_sum,-0.9260248387304002,0.9260248387304002
detection,6,packet_count_bwd_std,0.917856771620882,0.917856771620882
detection,6,down_up_ratio_std,-0.8875571284209633,0.8875571284209633
detection,6,bwd_pkt_len_std_std,0.8874052287992912,0.8874052287992912
detection,6,bwd_iat_max_std,-0.8580681632846572,0.8580681632846572
detection,6,byte_count_fwd_std,-0.8457185522567657,0.8457185522567657
detection,6,pkt_len_std_mean,-0.8256624556874101,0.8256624556874101
detection,6,bwd_pkt_len_min_mean,0.8187659344404886,0.8187659344404886
detection,6,bwd_iat_mean_std,0.7989602921953646,0.7989602921953646
detection,6,urg_flag_cnt_mean,-0.7970235751164759,0.7970235751164759
detection,6,ece_flag_cnt_sum,0.7932781620158537,0.7932781620158537
detection,6,rst_flag_cnt_sum,0.7924021300315713,0.7924021300315713
detection,6,bwd_pkts_per_sec_sum,-0.7737720776704781,0.7737720776704781
detection,6,pkt_payload_size_p95,-0.7564210746155711,0.7564210746155711
detection,6,pkt_frag_df_count,0.7535021826044356,0.7535021826044356
detection,6,byte_count_bwd_max,-0.7513414310121456,0.7513414310121456
detection,6,pkt_len_max_std,-0.7169298474699451,0.7169298474699451
detection,6,ece_flag_cnt_std,0.709963670897375,0.709963670897375
detection,6,bwd_pkts_per_sec_std,0.6961895513222354,0.6961895513222354
detection,6,flow_iat_max_std,-0.6945782815725269,0.6945782815725269
detection,6,rst_flag_cnt_std,0.6853380389553617,0.6853380389553617
detection,6,packet_count_bwd_mean,0.6747851156379,0.6747851156379
detection,6,bwd_iat_mean_max,-0.671135481002263,0.671135481002263
detection,6,fwd_pkt_len_max_max,0.667323480197844,0.667323480197844
detection,6,subflow_bwd_byts_sum,-0.6663212591107965,0.6663212591107965
detection,6,fwd_pkt_len_std_std,0.6410865584663459,0.6410865584663459
detection,6,active_std_sum,-0.6321178970085182,0.6321178970085182
detection,6,urg_flag_cnt_max,0.6245800113463166,0.6245800113463166
detection,6,active_max_sum,0.6209565792915505,0.6209565792915505
detection,6,subflow_bwd_byts_max,0.619658700352721,0.619658700352721
detection,6,bwd_header_len_std,-0.6065203016044303,0.6065203016044303
detection,6,active_mean_sum,-0.6025230246276231,0.6025230246276231
detection,6,pkt_len_mean_mean,-0.6020932616168142,0.6020932616168142
detection,6,pkt_len_var_sum,0.5945967873517928,0.5945967873517928
detection,6,window_size_bwd_mean,-0.5935949205642808,0.5935949205642808
detection,6,psh_flag_cnt_max,-0.5857261253137999,0.5857261253137999
detection,6,pkt_size_avg_mean,-0.5835838435542621,0.5835838435542621
detection,6,bwd_iat_mean_mean,0.579802985430383,0.579802985430383
detection,6,packet_count_fwd_mean,0.5786379814023075,0.5786379814023075
detection,6,duration_sec_std,0.5728135168234338,0.5728135168234338
detection,6,pkt_len_max_mean,-0.5645167242148104,0.5645167242148104
detection,6,bwd_pkt_len_mean_sum,0.5567330172864541,0.5567330172864541
detection,6,bwd_seg_size_avg_sum,0.5567330172862369,0.5567330172862369
detection,6,pkt_payload_size_p75,-0.5492218146918177,0.5492218146918177
detection,6,packets_per_sec_max,-0.5474091090269733,0.5474091090269733
detection,6,window_size_fwd_mean,0.5463212673283974,0.5463212673283974
detection,6,down_up_ratio_mean,0.5402849421367971,0.5402849421367971
detection,6,subflow_bwd_pkts_std,-0.5311052969889999,0.5311052969889999
detection,6,subflow_bwd_byts_mean,-0.5277238662493049,0.5277238662493049
detection,6,bwd_iat_mean_sum,-0.526387949686634,0.526387949686634
detection,6,bwd_iat_tot_mean,-0.5214196265586972,0.5214196265586972
detection,6,fwd_iat_mean_std,-0.5154973702113677,0.5154973702113677
detection,6,urg_flag_cnt_std,0.493950905001587,0.493950905001587
detection,6,pkt_len_std_std,0.4739051685458314,0.4739051685458314
detection,6,fwd_pkt_len_mean_sum,0.469873396118467,0.469873396118467
detection,6,fwd_seg_size_avg_sum,0.469873396118467,0.469873396118467
detection,6,subflow_bwd_byts_std,-0.4656150755767581,0.4656150755767581
detection,6,fwd_pkt_len_std_sum,0.4520726699369689,0.4520726699369689
detection,6,fwd_pkt_len_max_sum,0.4517168016791131,0.4517168016791131
detection,6,fwd_iat_max_max,-0.445145059726148,0.445145059726148
detection,6,ack_flag_cnt_max,-0.4415262990980603,0.4415262990980603
detection,6,ack_flag_cnt_sum,0.439810701627675,0.439810701627675
detection,6,bwd_pkt_len_min_std,-0.4382296031975315,0.4382296031975315
detection,6,bwd_header_len_max,0.4352212091929089,0.4352212091929089
detection,6,fwd_iat_min_max,0.4245020577003867,0.4245020577003867
detection,6,idle_min_std,-0.4234743379696621,0.4234743379696621
detection,6,pkt_len_max_sum,0.4203809099735258,0.4203809099735258
detection,6,pkt_len_mean_sum,0.4130080675602239,0.4130080675602239
detection,6,idle_max_mean,0.4126913117740733,0.4126913117740733
detection,6,bwd_iat_std_std,0.4065658338566853,0.4065658338566853
detection,6,fwd_iat_max_std,-0.4062231970676239,0.4062231970676239
detection,6,bwd_iat_std_sum,0.3973574942813244,0.3973574942813244
detection,6,flow_iat_min_sum,0.3958984281665741,0.3958984281665741
detection,6,duration_microsec_std,0.3949897435951069,0.3949897435951069
detection,6,active_max_std,0.3949103338136494,0.3949103338136494
detection,6,pkt_ttl_std,0.3941213000153977,0.3941213000153977
detection,6,window_size_bwd_sum,-0.3916046103636698,0.3916046103636698
detection,6,pkt_ttl_mode,0.3905200027399044,0.3905200027399044
detection,6,idle_std_mean,0.3865611816302478,0.3865611816302478
detection,6,active_mean_std,-0.3836465445665485,0.3836465445665485
detection,6,pkt_ttl_max,-0.3823432110359944,0.3823432110359944
detection,6,mask_has_packet_level_features,-0.3823432110359944,0.3823432110359944
detection,6,pkt_size_avg_sum,0.3800354221708873,0.3800354221708873
detection,6,pkt_len_mean_std,0.377644711337319,0.377644711337319
detection,6,fwd_iat_mean_max,0.3758462126943888,0.3758462126943888
detection,6,pkt_len_std_sum,0.3722899802702568,0.3722899802702568
detection,6,bwd_iat_max_mean,-0.3704063496219723,0.3704063496219723
detection,6,bwd_pkt_len_max_sum,0.3693727676973917,0.3693727676973917
detection,6,subflow_bwd_pkts_mean,-0.3681270481919551,0.3681270481919551
detection,6,ece_flag_cnt_max,-0.3608272522380465,0.3608272522380465
detection,6,rst_flag_cnt_max,-0.3608272522380465,0.3608272522380465
detection,6,fwd_pkts_per_sec_max,-0.3606868894753476,0.3606868894753476
detection,6,fwd_act_data_pkts_std,0.3591837253927972,0.3591837253927972
detection,6,bwd_header_len_mean,-0.3530243009373938,0.3530243009373938
detection,6,fwd_iat_std_max,0.3518671942327244,0.3518671942327244
detection,6,down_up_ratio_max,0.3414077135006227,0.3414077135006227
detection,6,flow_iat_mean_sum,0.3400714841541662,0.3400714841541662
detection,6,down_up_ratio_sum,0.3365299839754389,0.3365299839754389
detection,6,duration_microsec_max,0.3364193519147254,0.3364193519147254
detection,6,subflow_fwd_pkts_std,0.3343176477160598,0.3343176477160598
detection,6,fwd_iat_min_sum,0.333024148571912,0.333024148571912
detection,6,duration_sec_sum,-0.331250965927444,0.331250965927444
detection,6,fwd_iat_tot_std,0.3298029190097489,0.3298029190097489
detection,6,bwd_pkt_len_min_sum,0.3257170653490389,0.3257170653490389
detection,6,bwd_iat_tot_max,-0.3236099261647338,0.3236099261647338
detection,6,cwe_flag_cnt_std,0.3219637479136548,0.3219637479136548
detection,6,fwd_urg_flags_std,0.3219637479136548,0.3219637479136548
detection,6,bytes_per_sec_std,0.3202862236992668,0.3202862236992668
detection,6,fwd_act_data_pkts_max,0.3175416675813845,0.3175416675813845
detection,6,pkt_len_max_max,0.3159786245588712,0.3159786245588712
detection,6,fwd_act_data_pkts_mean,0.3064790376589774,0.3064790376589774
detection,6,fwd_header_len_std,0.3064592810878821,0.3064592810878821
detection,6,subflow_fwd_pkts_mean,0.3059804530694907,0.3059804530694907
detection,6,fwd_header_len_mean,0.3059679661192429,0.3059679661192429
detection,6,idle_mean_mean,0.3059180313397699,0.3059180313397699
detection,6,fwd_pkt_len_mean_mean,-0.3025418210038276,0.3025418210038276
detection,6,fwd_seg_size_avg_mean,-0.3025418210038276,0.3025418210038276
detection,6,active_std_mean,-0.3000454528878598,0.3000454528878598
detection,6,subflow_bwd_pkts_max,0.2997456762963239,0.2997456762963239
detection,6,pkt_len_min_max,-0.2962705976503628,0.2962705976503628
detection,6,fwd_seg_size_min_sum,0.2952749913312096,0.2952749913312096
detection,6,packet_count_fwd_max,-0.2929903793782847,0.2929903793782847
detection,6,fwd_iat_max_sum,0.2908201466692126,0.2908201466692126
detection,6,idle_mean_std,-0.2896188572000415,0.2896188572000415
detection,6,bwd_pkts_per_sec_max,-0.2857212104183709,0.2857212104183709
detection,6,pkt_size_avg_max,0.2827515353005508,0.2827515353005508
detection,6,subflow_fwd_byts_mean,0.2824616986781983,0.2824616986781983
detection,6,flow_iat_std_sum,-0.2816490259670109,0.2816490259670109
detection,6,psh_flag_cnt_mean,0.281110103273156,0.281110103273156
detection,6,bwd_iat_tot_std,-0.2788775307668452,0.2788775307668452
detection,6,flow_iat_std_max,-0.2784509815604753,0.2784509815604753
detection,6,flow_iat_std_mean,-0.2767045013288247,0.2767045013288247
detection,6,fwd_iat_tot_sum,-0.2761124611549361,0.2761124611549361
detection,6,bwd_pkt_len_max_std,0.2722181210692831,0.2722181210692831
detection,6,bwd_iat_max_sum,-0.2701891341552547,0.2701891341552547
detection,6,active_min_max,0.2690068730660219,0.2690068730660219
detection,6,ack_flag_cnt_mean,0.2663050419801726,0.2663050419801726
detection,6,window_size_bwd_max,0.2662731317491827,0.2662731317491827
detection,6,flow_iat_max_sum,0.2660315034859723,0.2660315034859723
detection,6,flow_iat_max_mean,-0.265887428819758,0.265887428819758
detection,6,flow_iat_max_max,0.2575245738779493,0.2575245738779493
detection,6,active_min_std,-0.2564862994638345,0.2564862994638345
detection,6,fwd_seg_size_min_std,-0.2560471752913602,0.2560471752913602
detection,6,fwd_iat_min_std,-0.2525459086695947,0.2525459086695947
detection,6,fwd_pkts_per_sec_sum,0.2508582259552233,0.2508582259552233
detection,6,fwd_pkt_len_min_sum,-0.2451117085388457,0.2451117085388457
detection,6,fwd_iat_std_mean,0.2431333558810208,0.2431333558810208
detection,6,fin_flag_cnt_max,0.2363306137635589,0.2363306137635589
detection,6,fwd_pkt_len_min_mean,-0.2307461058574024,0.2307461058574024
detection,6,fwd_pkts_per_sec_mean,0.2292346259553728,0.2292346259553728
detection,6,fwd_header_len_sum,0.2278092815180571,0.2278092815180571
detection,6,packet_count_bwd_max,0.218596881000258,0.218596881000258
detection,6,byte_count_fwd_sum,-0.2158968259035945,0.2158968259035945
detection,6,active_mean_max,-0.2152505195667352,0.2152505195667352
detection,6,subflow_fwd_byts_max,-0.2143943583779496,0.2143943583779496
detection,6,pkt_size_avg_std,0.2104764413862707,0.2104764413862707
detection,6,byte_count_fwd_min,0.2092060964751663,0.2092060964751663
detection,6,idle_max_max,-0.2046517337759326,0.2046517337759326
detection,6,subflow_fwd_byts_sum,0.2045365044491653,0.2045365044491653
detection,6,window_size_fwd_sum,0.2043183664111896,0.2043183664111896
detection,6,subflow_fwd_pkts_sum,0.1934894728957648,0.1934894728957648
detection,6,bwd_iat_tot_sum,-0.1910520791290535,0.1910520791290535
detection,6,packets_per_sec_sum,-0.1908698382286095,0.1908698382286095
detection,6,active_max_mean,-0.1906505159803948,0.1906505159803948
detection,6,fin_flag_cnt_std,0.1892877886295404,0.1892877886295404
detection,6,pkt_len_min_sum,-0.1889825398143715,0.1889825398143715
detection,6,fwd_seg_size_min_min,-0.1881431061449553,0.1881431061449553
detection,6,bwd_pkt_len_mean_mean,0.1879488825220321,0.1879488825220321
detection,6,bwd_seg_size_avg_mean,0.1879488825207353,0.1879488825207353
detection,6,active_std_max,0.187850982619151,0.187850982619151
detection,6,fwd_act_data_pkts_sum,0.184696744173422,0.184696744173422
detection,6,window_size_fwd_max,-0.1828932223175385,0.1828932223175385
detection,6,psh_flag_cnt_sum,0.1827511257045728,0.1827511257045728
detection,6,packet_count_fwd_sum,0.1754430459191694,0.1754430459191694
detection,6,fwd_act_data_pkts_min,0.1721791007164513,0.1721791007164513
detection,6,fwd_iat_mean_sum,0.1713653046971268,0.1713653046971268
detection,6,fwd_iat_mean_mean,-0.1712134998695852,0.1712134998695852
detection,6,flow_iat_mean_mean,0.1709062142753994,0.1709062142753994
detection,6,flow_count,0.1704582470370087,0.1704582470370087
detection,6,fwd_iat_std_sum,0.1672697274179561,0.1672697274179561
detection,6,active_min_sum,0.1664563628989779,0.1664563628989779
detection,6,ece_flag_cnt_mean,0.1644520695245034,0.1644520695245034
detection,6,bwd_pkt_len_mean_std,0.1610582868569188,0.1610582868569188
detection,6,bwd_seg_size_avg_std,0.1610582868517502,0.1610582868517502
detection,6,bwd_pkt_len_std_sum,0.1605427711852788,0.1605427711852788
detection,6,fwd_pkt_len_std_max,-0.1544726224528795,0.1544726224528795
detection,6,fwd_psh_flags_std,-0.1543507625363021,0.1543507625363021
detection,6,syn_flag_cnt_std,-0.1543507625363021,0.1543507625363021
detection,6,duration_microsec_sum,-0.1523282820636959,0.1523282820636959
detection,6,duration_microsec_mean,0.1522619342643358,0.1522619342643358
detection,6,fwd_urg_flags_mean,-0.1516400327560165,0.1516400327560165
detection,6,cwe_flag_cnt_mean,-0.1516400327560165,0.1516400327560165
detection,6,pkt_ttl_min,-0.1499784020032294,0.1499784020032294
detection,6,active_max_max,0.1491135494787599,0.1491135494787599
detection,6,fwd_seg_size_avg_std,-0.147198392430894,0.147198392430894
detection,6,fwd_pkt_len_mean_std,-0.147198392430894,0.147198392430894
detection,6,fwd_pkts_per_sec_std,0.1434567562117114,0.1434567562117114
detection,6,byte_count_bwd_sum,-0.1428436332052831,0.1428436332052831
detection,6,flow_iat_min_mean,0.1415363712429759,0.1415363712429759
detection,6,packet_count_fwd_min,0.1389001589330696,0.1389001589330696
detection,6,fwd_pkt_len_max_mean,0.1368887255833541,0.1368887255833541
detection,6,packets_per_sec_min,-0.1350965223716119,0.1350965223716119
detection,6,cwe_flag_cnt_max,0.1350171148178626,0.1350171148178626
detection,6,fwd_urg_flags_max,0.1350171148178626,0.1350171148178626
detection,6,pkt_payload_size_p50,-0.1322267428375986,0.1322267428375986
detection,6,subflow_fwd_byts_std,0.1309004931474555,0.1309004931474555
detection,6,active_mean_mean,-0.1226608820690293,0.1226608820690293
detection,6,rst_flag_cnt_mean,0.1216685761272503,0.1216685761272503
detection,6,idle_max_sum,0.1187286456077645,0.1187286456077645
detection,6,packet_count_bwd_min,-0.118526929304121,0.118526929304121
detection,6,fwd_pkt_len_min_std,0.1145197404127206,0.1145197404127206
detection,6,packet_count_fwd_std,-0.1077507753147691,0.1077507753147691
detection,6,unique_dst_ports_count,0.1058910995047572,0.1058910995047572
detection,6,pkt_len_std_max,0.1054584994850069,0.1054584994850069
detection,6,fwd_header_len_max,-0.095796242472446,0.095796242472446
detection,6,duration_microsec_min,0.09577862797256,0.09577862797256
detection,6,idle_max_std,-0.0948097582880498,0.0948097582880498
detection,6,fwd_iat_tot_min,0.0944140862711466,0.0944140862711466
detection,6,fwd_iat_min_mean,-0.094270069441589,0.094270069441589
detection,6,bwd_header_len_sum,0.0936590390639011,0.0936590390639011
detection,6,fwd_psh_flags_sum,-0.0935506536371302,0.0935506536371302
detection,6,syn_flag_cnt_sum,-0.0935506536371302,0.0935506536371302
detection,6,packets_per_sec_mean,-0.0925615485021662,0.0925615485021662
detection,6,fwd_iat_tot_max,0.0893841911384982,0.0893841911384982
detection,6,flow_iat_min_std,0.0893472671467858,0.0893472671467858
detection,6,fwd_seg_size_min_max,-0.0870125871647418,0.0870125871647418
detection,6,duration_sec_mean,-0.0852902484215128,0.0852902484215128
detection,6,fwd_iat_tot_mean,0.0841257274082325,0.0841257274082325
detection,6,byte_count_bwd_mean,0.0800200911659999,0.0800200911659999
detection,6,subflow_fwd_pkts_min,0.0755130227228608,0.0755130227228608
detection,6,idle_std_sum,0.0754408368271742,0.0754408368271742
detection,6,idle_std_std,0.0745148791748446,0.0745148791748446
detection,6,duration_sec_min,0.0740627362906579,0.0740627362906579
detection,6,fwd_iat_max_mean,-0.0727689681525259,0.0727689681525259
detection,6,bwd_pkts_per_sec_mean,-0.0727328587414282,0.0727328587414282
detection,6,duration_sec_max,0.0670997658806276,0.0670997658806276
detection,6,bwd_iat_std_max,-0.0662396891367109,0.0662396891367109
detection,6,flow_iat_min_max,0.0661381172599253,0.0661381172599253
detection,6,bwd_iat_min_min,-0.0653350041893371,0.0653350041893371
detection,6,subflow_fwd_pkts_max,0.0649072484398412,0.0649072484398412
detection,6,active_std_std,-0.0642079287991077,0.0642079287991077
detection,6,fwd_header_len_min,-0.0618409198926537,0.0618409198926537
detection,6,bwd_iat_min_sum,0.0590717885047777,0.0590717885047777
detection,6,flow_iat_mean_max,-0.056840081552432,0.056840081552432
detection,6,pkt_len_min_min,0.0555524897041961,0.0555524897041961
detection,6,psh_flag_cnt_std,-0.0538324994098222,0.0538324994098222
detection,6,fwd_pkt_len_max_min,-0.0536493404137506,0.0536493404137506
detection,6,fwd_pkt_len_min_min,0.0533009846469616,0.0533009846469616
detection,6,flow_iat_mean_std,-0.0527763990917604,0.0527763990917604
detection,6,bwd_pkt_len_mean_min,0.0504089395463526,0.0504089395463526
detection,6,bwd_seg_size_avg_min,0.0504089395463526,0.0504089395463526
detection,6,fwd_iat_std_min,-0.0489956838377659,0.0489956838377659
detection,6,syn_flag_cnt_max,0.0471873591325171,0.0471873591325171
detection,6,fwd_psh_flags_max,0.0471873591325171,0.0471873591325171
detection,6,idle_mean_sum,0.0448517361376515,0.0448517361376515
detection,6,subflow_bwd_pkts_sum,-0.0446941163769829,0.0446941163769829
detection,6,bwd_pkt_len_max_min,0.0440279506048741,0.0440279506048741
detection,6,byte_count_bwd_min,0.043618978333085,0.043618978333085
detection,6,pkt_len_std_min,0.0433382088797781,0.0433382088797781
detection,6,pkt_len_var_min,0.0432263571831274,0.0432263571831274
detection,6,flow_iat_std_min,-0.0429927105493948,0.0429927105493948
detection,6,subflow_bwd_byts_min,0.042829841671547,0.042829841671547
detection,6,bwd_pkt_len_std_min,0.0420271271943419,0.0420271271943419
detection,6,subflow_bwd_pkts_min,-0.0413794334261829,0.0413794334261829
detection,6,bwd_iat_min_mean,-0.0401987896072534,0.0401987896072534
detection,6,bwd_iat_mean_min,-0.0387501414977617,0.0387501414977617
detection,6,pkt_len_min_mean,-0.0386411394454902,0.0386411394454902
detection,6,syn_flag_cnt_min,-0.0384179970862398,0.0384179970862398
detection,6,fwd_psh_flags_min,-0.0384179970862398,0.0384179970862398
detection,6,ack_flag_cnt_min,-0.0384179970862398,0.0384179970862398
detection,6,fwd_psh_flags_mean,-0.0378959816408839,0.0378959816408839
detection,6,syn_flag_cnt_mean,-0.0378959816408839,0.0378959816408839
detection,6,urg_flag_cnt_sum,-0.0373224602498575,0.0373224602498575
detection,6,fwd_pkt_len_min_max,0.0360175888892638,0.0360175888892638
detection,6,idle_mean_max,-0.0357225004645509,0.0357225004645509
detection,6,idle_min_min,-0.0354023795599769,0.0354023795599769
detection,6,window_size_bwd_min,0.0348658858205375,0.0348658858205375
detection,6,bwd_pkt_len_max_max,-0.0338517619261606,0.0338517619261606
detection,6,fwd_pkt_len_std_min,0.032203876386544,0.032203876386544
detection,6,idle_min_sum,-0.031732138822698,0.031732138822698
detection,6,bwd_iat_max_max,-0.0315428817280793,0.0315428817280793
detection,6,idle_std_max,-0.0315395975623141,0.0315395975623141
detection,6,fin_flag_cnt_mean,0.0313070261888661,0.0313070261888661
detection,6,idle_std_min,-0.030913982905995,0.030913982905995
detection,6,pkt_len_mean_min,0.0282582658120521,0.0282582658120521
detection,6,packet_count_bwd_sum,-0.0281341218280416,0.0281341218280416
detection,6,active_std_min,0.0264577176909009,0.0264577176909009
detection,6,bytes_per_sec_min,0.0257779283659749,0.0257779283659749
detection,6,window_size_fwd_min,0.024794230579555,0.024794230579555
detection,6,flow_iat_min_min,0.0212568889562114,0.0212568889562114
detection,6,byte_count_fwd_mean,0.0208508869424543,0.0208508869424543
detection,6,unique_protocols_count,-0.0196326844811185,0.0196326844811185
detection,6,subflow_fwd_byts_min,-0.0187873003748796,0.0187873003748796
detection,6,bwd_pkt_len_max_mean,0.0173205573096776,0.0173205573096776
detection,6,bwd_iat_tot_min,0.0157960802779216,0.0157960802779216
detection,6,active_min_mean,0.0150052346820987,0.0150052346820987
detection,6,flow_iat_mean_min,0.0147784217759047,0.0147784217759047
detection,6,pkt_size_avg_min,0.0137234600959735,0.0137234600959735
detection,6,active_max_min,0.0136999894608986,0.0136999894608986
detection,6,bwd_iat_max_min,-0.0134784497158301,0.0134784497158301
detection,6,down_up_ratio_min,-0.0131020202347086,0.0131020202347086
detection,6,psh_flag_cnt_min,0.0120828504050964,0.0120828504050964
detection,6,pkt_len_max_min,0.0114614799936702,0.0114614799936702
detection,6,idle_mean_min,-0.011120151976492,0.011120151976492
detection,6,fwd_pkt_len_mean_min,0.0110091244541402,0.0110091244541402
detection,6,fwd_seg_size_avg_min,0.0110091244541402,0.0110091244541402
detection,6,idle_min_mean,0.0094228949320163,0.0094228949320163
detection,6,fwd_iat_mean_min,0.008222730493829,0.008222730493829
detection,6,fwd_pkt_len_mean_max,-0.0070760695352907,0.0070760695352907
detection,6,fwd_seg_size_avg_max,-0.0070760695352907,0.0070760695352907
detection,6,active_mean_min,0.0066584038643766,0.0066584038643766
detection,6,fwd_pkts_per_sec_min,0.0065788028976199,0.0065788028976199
detection,6,bwd_pkts_per_sec_min,0.0065660800428231,0.0065660800428231
detection,6,active_min_min,-0.0058328511152649,0.0058328511152649
detection,6,fwd_iat_min_min,0.0047723591742907,0.0047723591742907
detection,6,bwd_pkt_len_min_max,0.0043415573507219,0.0043415573507219
detection,6,idle_min_max,-0.0042719228589723,0.0042719228589723
detection,6,fin_flag_cnt_sum,0.0038484765524113,0.0038484765524113
detection,6,idle_max_min,0.0033911757786973,0.0033911757786973
detection,6,pkt_payload_size_p25,0.0030273054232025,0.0030273054232025
detection,6,cwe_flag_cnt_sum,0.0030134991111383,0.0030134991111383
detection,6,fwd_urg_flags_sum,0.0030134991111383,0.0030134991111383
detection,6,flow_iat_max_min,0.0027722601339214,0.0027722601339214
detection,6,fwd_iat_max_min,0.0026156827309833,0.0026156827309833
detection,6,bwd_header_len_min,-0.0017963633056562,0.0017963633056562
detection,6,packets_per_sec_std,-0.0009106896765121,0.0009106896765121
detection,6,bwd_iat_std_min,-0.0006050961477821,0.0006050961477821
detection,6,bwd_urg_flags_sum,0.0,0.0
detection,6,ece_flag_cnt_min,0.0,0.0
detection,6,bwd_psh_flags_min,0.0,0.0
detection,6,bwd_urg_flags_std,0.0,0.0
detection,6,bwd_urg_flags_mean,0.0,0.0
detection,6,mask_has_tcp_flags,0.0,0.0
detection,6,mask_has_graph_topology,0.0,0.0
detection,6,mask_has_flow_timing_features,0.0,0.0
detection,6,mask_has_traffic_volume_features,0.0,0.0
detection,6,mask_has_identity_auth,0.0,0.0
detection,6,pkt_frag_mf_count,0.0,0.0
detection,6,bwd_psh_flags_sum,0.0,0.0
detection,6,fwd_urg_flags_min,0.0,0.0
detection,6,bwd_psh_flags_mean,0.0,0.0
detection,6,cwe_flag_cnt_min,0.0,0.0
detection,6,urg_flag_cnt_min,0.0,0.0
detection,6,bwd_psh_flags_std,0.0,0.0
detection,6,bwd_psh_flags_max,0.0,0.0
detection,6,bwd_urg_flags_max,0.0,0.0
detection,6,fin_flag_cnt_min,0.0,0.0
detection,6,rst_flag_cnt_min,0.0,0.0
detection,6,bwd_urg_flags_min,0.0,0.0
detection,6,bwd_blk_rate_avg_sum,0.0,0.0
detection,6,bwd_blk_rate_avg_min,0.0,0.0
detection,6,bwd_blk_rate_avg_mean,0.0,0.0
detection,6,bwd_pkts_b_avg_max,0.0,0.0
detection,6,bwd_pkts_b_avg_min,0.0,0.0
detection,6,bwd_blk_rate_avg_std,0.0,0.0
detection,6,bwd_blk_rate_avg_max,0.0,0.0
detection,6,bwd_byts_b_avg_mean,0.0,0.0
detection,6,fwd_blk_rate_avg_max,0.0,0.0
detection,6,fwd_byts_b_avg_mean,0.0,0.0
detection,6,fwd_byts_b_avg_std,0.0,0.0
detection,6,fwd_byts_b_avg_max,0.0,0.0
detection,6,fwd_pkts_b_avg_mean,0.0,0.0
detection,6,bwd_pkts_b_avg_sum,0.0,0.0
detection,6,fwd_byts_b_avg_min,0.0,0.0
detection,6,fwd_pkts_b_avg_sum,0.0,0.0
detection,6,fwd_pkts_b_avg_std,0.0,0.0
detection,6,fwd_pkts_b_avg_min,0.0,0.0
detection,6,fwd_pkts_b_avg_max,0.0,0.0
detection,6,fwd_blk_rate_avg_sum,0.0,0.0
detection,6,fwd_blk_rate_avg_min,0.0,0.0
detection,6,fwd_blk_rate_avg_mean,0.0,0.0
detection,6,fwd_blk_rate_avg_std,0.0,0.0
detection,6,bwd_byts_b_avg_max,0.0,0.0
detection,6,bwd_byts_b_avg_min,0.0,0.0
detection,6,bwd_byts_b_avg_std,0.0,0.0
detection,6,bwd_byts_b_avg_sum,0.0,0.0
detection,6,bwd_pkts_b_avg_std,0.0,0.0
detection,6,bwd_pkts_b_avg_mean,0.0,0.0
detection,6,fwd_byts_b_avg_sum,0.0,0.0
detection,6,bwd_pkt_len_min_min,0.0,0.0
detection,7,window_size_bwd_std,1.859695871947061,1.859695871947061
detection,7,bwd_seg_size_avg_max,1.61158975451709,1.61158975451709
detection,7,bwd_pkt_len_mean_max,1.6115897545169868,1.6115897545169868
detection,7,pkt_len_var_std,-1.610914593778249,1.610914593778249
detection,7,pkt_len_var_max,-1.552761967853186,1.552761967853186
detection,7,fwd_pkt_len_std_mean,1.5450835473837676,1.5450835473837676
detection,7,byte_count_fwd_max,1.5220281233968131,1.5220281233968131
detection,7,flow_iat_std_std,-1.5170867965907713,1.5170867965907713
detection,7,pkt_tcp_retrans_count,1.5068675108926457,1.5068675108926457
detection,7,bwd_pkt_len_std_mean,-1.473927462005118,1.473927462005118
detection,7,pkt_port_scan_seq_score,1.409697887990665,1.409697887990665
detection,7,bwd_pkt_len_std_max,1.3253693907423307,1.3253693907423307
detection,7,bytes_per_sec_mean,-1.306677078902633,1.306677078902633
detection,7,byte_count_bwd_std,-1.2421605420892077,1.2421605420892077
detection,7,pkt_len_var_mean,-1.2338179011936543,1.2338179011936543
detection,7,fwd_pkt_len_max_std,-1.206666154477721,1.206666154477721
detection,7,bwd_iat_std_mean,1.1878043840996717,1.1878043840996717
detection,7,bytes_per_sec_max,1.1754627313595278,1.1754627313595278
detection,7,window_size_fwd_std,-1.154939710037597,1.154939710037597
detection,7,pkt_len_mean_max,-1.1169956098065257,1.1169956098065257
detection,7,fwd_seg_size_min_mean,1.0331886904750542,1.0331886904750542
detection,7,pkt_len_min_std,1.0272611717574691,1.0272611717574691
detection,7,bwd_iat_min_std,-1.0167761555436106,1.0167761555436106
detection,7,bwd_iat_min_max,1.0080196915496529,1.0080196915496529
detection,7,down_up_ratio_std,-1.007855667241032,1.007855667241032
detection,7,ack_flag_cnt_std,1.006016437723194,1.006016437723194
detection,7,bytes_per_sec_sum,-0.939221872358387,0.939221872358387
detection,7,packet_count_bwd_std,0.9303914356116972,0.9303914356116972
detection,7,fwd_iat_std_std,0.9125941203972002,0.9125941203972002
detection,7,subflow_bwd_byts_sum,-0.9022612836423236,0.9022612836423236
detection,7,bwd_pkt_len_std_std,0.8558791582651436,0.8558791582651436
detection,7,bwd_pkt_len_min_mean,0.8508157471540503,0.8508157471540503
detection,7,urg_flag_cnt_mean,-0.8171587904400398,0.8171587904400398
detection,7,bwd_iat_mean_std,0.81522793291696,0.81522793291696
detection,7,bwd_iat_max_std,-0.809692238129734,0.809692238129734
detection,7,pkt_len_std_mean,-0.806022446552965,0.806022446552965
detection,7,bwd_pkts_per_sec_sum,-0.8038929838361836,0.8038929838361836
detection,7,byte_count_fwd_std,-0.7950503796154289,0.7950503796154289
detection,7,pkt_payload_size_p95,-0.7703392031766768,0.7703392031766768
detection,7,ece_flag_cnt_sum,0.7676945817096058,0.7676945817096058
detection,7,rst_flag_cnt_sum,0.7668210198056343,0.7668210198056343
detection,7,packet_count_fwd_mean,0.7461638082686313,0.7461638082686313
detection,7,flow_iat_max_std,-0.7452182589973585,0.7452182589973585
detection,7,pkt_len_max_std,-0.7383210325667463,0.7383210325667463
detection,7,bwd_pkts_per_sec_std,0.7023750337329079,0.7023750337329079
detection,7,urg_flag_cnt_max,0.6992240942885611,0.6992240942885611
detection,7,fwd_pkt_len_std_std,0.6969530376863874,0.6969530376863874
detection,7,window_size_bwd_mean,-0.6912078858982429,0.6912078858982429
detection,7,pkt_frag_df_count,0.6850159569112014,0.6850159569112014
detection,7,ece_flag_cnt_std,0.6847333154844122,0.6847333154844122
detection,7,byte_count_bwd_max,-0.6737532626610439,0.6737532626610439
detection,7,fwd_pkt_len_max_max,0.6676155726973647,0.6676155726973647
detection,7,bwd_iat_mean_max,-0.6607655309080284,0.6607655309080284
detection,7,rst_flag_cnt_std,0.6603140684112243,0.6603140684112243
detection,7,active_max_sum,0.6540353870896544,0.6540353870896544
detection,7,active_std_sum,-0.6318406295443947,0.6318406295443947
detection,7,active_mean_sum,-0.6272754509393709,0.6272754509393709
detection,7,duration_sec_std,0.6141478525536151,0.6141478525536151
detection,7,pkt_len_mean_mean,-0.6128522290405444,0.6128522290405444
detection,7,pkt_len_var_sum,0.5825876005249242,0.5825876005249242
detection,7,pkt_size_avg_mean,-0.5807951302574164,0.5807951302574164
detection,7,pkt_payload_size_p75,-0.5571096991691674,0.5571096991691674
detection,7,pkt_len_std_std,0.5542530558098704,0.5542530558098704
detection,7,bwd_pkt_len_mean_sum,0.5423645072968909,0.5423645072968909
detection,7,bwd_seg_size_avg_sum,0.542364507296699,0.542364507296699
detection,7,bwd_iat_mean_mean,0.5423617446911494,0.5423617446911494
detection,7,bwd_iat_tot_mean,-0.5362471246547426,0.5362471246547426
detection,7,pkt_len_max_mean,-0.5298967447518566,0.5298967447518566
detection,7,packets_per_sec_max,-0.522624741222438,0.522624741222438
detection,7,window_size_fwd_mean,0.5215450658489608,0.5215450658489608
detection,7,urg_flag_cnt_std,0.5187226645410276,0.5187226645410276
detection,7,fwd_iat_mean_std,-0.5092462669640725,0.5092462669640725
detection,7,psh_flag_cnt_max,-0.5066691999650978,0.5066691999650978
detection,7,subflow_bwd_byts_max,0.4774507214519681,0.4774507214519681
detection,7,bwd_iat_mean_sum,-0.4730750269970957,0.4730750269970957
detection,7,fwd_pkt_len_mean_sum,0.4691856733356352,0.4691856733356352
detection,7,fwd_seg_size_avg_sum,0.4691856733356352,0.4691856733356352
detection,7,bwd_pkt_len_min_std,-0.4650619159612236,0.4650619159612236
detection,7,fwd_pkt_len_max_sum,0.4564220058689198,0.4564220058689198
detection,7,fwd_pkt_len_std_sum,0.4524943601339004,0.4524943601339004
detection,7,ack_flag_cnt_sum,0.4362537122524991,0.4362537122524991
detection,7,fwd_iat_max_max,-0.4354504220702629,0.4354504220702629
detection,7,idle_max_mean,0.4320015397778815,0.4320015397778815
detection,7,fwd_iat_max_std,-0.4290892607616732,0.4290892607616732
detection,7,pkt_len_max_sum,0.4281984114700537,0.4281984114700537
detection,7,packet_count_bwd_mean,0.4256214093413902,0.4256214093413902
detection,7,fwd_iat_min_max,0.4182000465663197,0.4182000465663197
detection,7,pkt_ttl_std,0.412644760889421,0.412644760889421
detection,7,bwd_header_len_std,-0.4105565352255901,0.4105565352255901
detection,7,pkt_ttl_mode,0.4089459646724893,0.4089459646724893
detection,7,bwd_iat_std_sum,0.4004930351143314,0.4004930351143314
detection,7,pkt_len_mean_sum,0.3985719169548495,0.3985719169548495
detection,7,flow_iat_min_sum,0.3985032962940708,0.3985032962940708
detection,7,idle_min_std,-0.3978865591185693,0.3978865591185693
detection,7,window_size_bwd_sum,-0.3969179326101428,0.3969179326101428
detection,7,duration_sec_sum,-0.395873511254902,0.395873511254902
detection,7,ack_flag_cnt_max,-0.3890032853701802,0.3890032853701802
detection,7,mask_has_packet_level_features,-0.3854355349507377,0.3854355349507377
detection,7,pkt_ttl_max,-0.3854355349507377,0.3854355349507377
detection,7,bwd_pkt_len_max_sum,0.3831515950568021,0.3831515950568021
detection,7,idle_std_mean,0.3829714825826961,0.3829714825826961
detection,7,down_up_ratio_max,0.3813042347197164,0.3813042347197164
detection,7,down_up_ratio_mean,0.3788106201441613,0.3788106201441613
detection,7,fwd_iat_mean_max,0.3776174679809618,0.3776174679809618
detection,7,fwd_pkts_per_sec_max,-0.3774994614922325,0.3774994614922325
detection,7,active_max_std,0.3732503612252414,0.3732503612252414
detection,7,pkt_len_std_sum,0.3728683209050142,0.3728683209050142
detection,7,active_mean_std,-0.3709133648544652,0.3709133648544652
detection,7,pkt_size_avg_sum,0.3679378199612289,0.3679378199612289
detection,7,duration_microsec_std,0.3528641302473819,0.3528641302473819
detection,7,window_size_bwd_max,0.3525395266131944,0.3525395266131944
detection,7,bwd_iat_std_std,0.3524620424879979,0.3524620424879979
detection,7,flow_iat_mean_sum,0.3518540593233656,0.3518540593233656
detection,7,fwd_iat_std_max,0.3505134337023042,0.3505134337023042
detection,7,duration_microsec_max,0.3409884673011413,0.3409884673011413
detection,7,fwd_iat_min_sum,0.3342369875155138,0.3342369875155138
detection,7,packet_count_fwd_max,-0.3339941645973396,0.3339941645973396
detection,7,rst_flag_cnt_max,-0.3271222116482881,0.3271222116482881
detection,7,ece_flag_cnt_max,-0.3271222116482881,0.3271222116482881
detection,7,fwd_urg_flags_std,0.326888991955817,0.326888991955817
detection,7,cwe_flag_cnt_std,0.326888991955817,0.326888991955817
detection,7,idle_mean_mean,0.3254385813111842,0.3254385813111842
detection,7,flow_iat_std_mean,-0.322489459250227,0.322489459250227
detection,7,bwd_pkt_len_min_sum,0.3224748465627976,0.3224748465627976
detection,7,flow_iat_max_max,0.3216382162031929,0.3216382162031929
detection,7,subflow_bwd_pkts_std,-0.31979127511108,0.31979127511108
detection,7,pkt_len_max_max,0.3185217969674374,0.3185217969674374
detection,7,packet_count_bwd_max,0.3151362659909845,0.3151362659909845
detection,7,bwd_iat_tot_std,-0.3136559130028854,0.3136559130028854
detection,7,fwd_iat_tot_std,0.3109898848045041,0.3109898848045041
detection,7,flow_iat_max_mean,-0.3102971148811725,0.3102971148811725
detection,7,fwd_header_len_std,0.3095752147473546,0.3095752147473546
detection,7,fwd_act_data_pkts_std,0.3086314838694404,0.3086314838694404
detection,7,byte_count_fwd_sum,-0.3027100547277018,0.3027100547277018
detection,7,subflow_fwd_pkts_std,0.3022745228423802,0.3022745228423802
detection,7,down_up_ratio_sum,0.3020371298040119,0.3020371298040119
detection,7,psh_flag_cnt_mean,0.3014770027962676,0.3014770027962676
detection,7,bwd_iat_tot_max,-0.300504017783656,0.300504017783656
detection,7,fwd_act_data_pkts_max,0.3004530258412001,0.3004530258412001
detection,7,fwd_seg_size_min_sum,0.2995609838353419,0.2995609838353419
detection,7,active_std_mean,-0.2951472771138649,0.2951472771138649
detection,7,fwd_header_len_max,0.2914158217756942,0.2914158217756942
detection,7,fwd_pkts_per_sec_sum,0.2907135010724762,0.2907135010724762
detection,7,bwd_pkt_len_mean_std,0.2886725096842941,0.2886725096842941
detection,7,bwd_seg_size_avg_std,0.2886725096791418,0.2886725096791418
detection,7,bwd_pkts_per_sec_max,-0.2865171073734647,0.2865171073734647
detection,7,pkt_len_mean_std,0.2857890949179983,0.2857890949179983
detection,7,byte_count_bwd_sum,-0.2853024821811017,0.2853024821811017
detection,7,bytes_per_sec_std,0.2841248677025013,0.2841248677025013
detection,7,bwd_iat_max_sum,-0.2792500253257035,0.2792500253257035
detection,7,fwd_iat_max_sum,0.2759474227929795,0.2759474227929795
detection,7,active_min_max,0.2706075569965449,0.2706075569965449
detection,7,fwd_iat_min_std,-0.2702447531060369,0.2702447531060369
detection,7,bwd_iat_max_mean,-0.2701553127638673,0.2701553127638673
detection,7,fin_flag_cnt_max,0.2701418869012076,0.2701418869012076
detection,7,flow_iat_std_sum,-0.2692573949484629,0.2692573949484629
detection,7,fwd_header_len_mean,0.2690758567770338,0.2690758567770338
detection,7,fwd_seg_size_avg_mean,-0.2683095239991917,0.2683095239991917
detection,7,fwd_pkt_len_mean_mean,-0.2683095239991917,0.2683095239991917
detection,7,subflow_fwd_pkts_mean,0.2675240268869071,0.2675240268869071
detection,7,pkt_len_min_max,-0.2670228560464853,0.2670228560464853
detection,7,fwd_act_data_pkts_mean,0.2670173532155843,0.2670173532155843
detection,7,active_min_std,-0.2648152275562759,0.2648152275562759
detection,7,fwd_seg_size_min_std,-0.264564645264592,0.264564645264592
detection,7,flow_iat_std_max,-0.2592825338038356,0.2592825338038356
detection,7,bwd_header_len_max,0.2568663661407227,0.2568663661407227
detection,7,subflow_fwd_byts_max,-0.2540014569362285,0.2540014569362285
detection,7,idle_mean_std,-0.2497088533341919,0.2497088533341919
detection,7,fwd_pkts_per_sec_mean,0.2475774298751875,0.2475774298751875
detection,7,pkt_size_avg_max,0.2468593271707482,0.2468593271707482
detection,7,fwd_iat_std_mean,0.242973932144587,0.242973932144587
detection,7,idle_max_max,-0.2394630388471224,0.2394630388471224
detection,7,flow_iat_max_sum,0.229155304158236,0.229155304158236
detection,7,subflow_fwd_byts_mean,0.2288726587035603,0.2288726587035603
detection,7,packet_count_fwd_sum,0.2271617154933088,0.2271617154933088
detection,7,fwd_pkt_len_min_sum,-0.2259085674329331,0.2259085674329331
detection,7,fwd_iat_tot_sum,-0.2245200543232455,0.2245200543232455
detection,7,active_std_max,0.2223741300179908,0.2223741300179908
detection,7,packets_per_sec_sum,-0.221845617752098,0.221845617752098
detection,7,fwd_header_len_sum,0.2184547042631164,0.2184547042631164
detection,7,ack_flag_cnt_mean,0.2155006068346332,0.2155006068346332
detection,7,fwd_pkt_len_min_std,0.2153865665926624,0.2153865665926624
detection,7,active_mean_max,-0.215033305175774,0.215033305175774
detection,7,subflow_bwd_pkts_sum,-0.2114592616467325,0.2114592616467325
detection,7,fwd_pkt_len_max_mean,0.2004447576588413,0.2004447576588413
detection,7,fwd_iat_mean_mean,-0.2000680107319526,0.2000680107319526
detection,7,pkt_len_min_sum,-0.1987065355411578,0.1987065355411578
detection,7,window_size_fwd_sum,0.1973267540791858,0.1973267540791858
detection,7,bwd_pkt_len_mean_mean,0.1932238851801369,0.1932238851801369
detection,7,bwd_seg_size_avg_mean,0.1932238851788883,0.1932238851788883
detection,7,psh_flag_cnt_sum,0.1901011196544597,0.1901011196544597
detection,7,window_size_fwd_max,-0.1889381844336877,0.1889381844336877
detection,7,fwd_pkt_len_min_mean,-0.1878565066405275,0.1878565066405275
detection,7,subflow_fwd_pkts_max,0.1858762361213722,0.1858762361213722
detection,7,subflow_fwd_byts_sum,0.1835744594054168,0.1835744594054168
detection,7,bwd_pkt_len_max_std,0.1798425663463113,0.1798425663463113
detection,7,subflow_fwd_pkts_sum,0.1793055767381673,0.1793055767381673
detection,7,fwd_iat_mean_sum,0.1781062885089696,0.1781062885089696
detection,7,ece_flag_cnt_mean,0.1779802431406232,0.1779802431406232
detection,7,active_min_sum,0.1763311865071229,0.1763311865071229
detection,7,flow_count,0.1740146800998097,0.1740146800998097
detection,7,byte_count_fwd_min,0.1705500716630194,0.1705500716630194
detection,7,fwd_act_data_pkts_sum,0.1688593397013448,0.1688593397013448
detection,7,active_max_mean,-0.168639928796516,0.168639928796516
detection,7,subflow_bwd_byts_std,-0.16794456177241,0.16794456177241
detection,7,bwd_pkt_len_std_sum,0.1679399029098179,0.1679399029098179
detection,7,fwd_urg_flags_mean,-0.1663486657342914,0.1663486657342914
detection,7,cwe_flag_cnt_mean,-0.1663486657342914,0.1663486657342914
detection,7,packet_count_fwd_std,-0.1617890024368647,0.1617890024368647
detection,7,fin_flag_cnt_std,0.1589312410524767,0.1589312410524767
detection,7,fwd_seg_size_min_min,-0.1566831084563835,0.1566831084563835
detection,7,subflow_bwd_pkts_max,0.1524950279515932,0.1524950279515932
detection,7,fwd_psh_flags_std,-0.1519483784487681,0.1519483784487681
detection,7,syn_flag_cnt_std,-0.1519483784487681,0.1519483784487681
detection,7,flow_iat_mean_mean,0.1514775481875916,0.1514775481875916
detection,7,packet_count_bwd_sum,-0.1465139817871699,0.1465139817871699
detection,7,pkt_ttl_min,-0.1464809916875754,0.1464809916875754
detection,7,fwd_pkt_len_std_max,-0.1452741200057889,0.1452741200057889
detection,7,fwd_act_data_pkts_min,0.1439808968889116,0.1439808968889116
detection,7,active_max_max,0.1407274108917446,0.1407274108917446
detection,7,idle_max_sum,0.1383231249019477,0.1383231249019477
detection,7,byte_count_bwd_mean,-0.1374345667431359,0.1374345667431359
detection,7,duration_sec_max,0.1369534350429844,0.1369534350429844
detection,7,packet_count_bwd_min,-0.1364353740555277,0.1364353740555277
detection,7,rst_flag_cnt_mean,0.1355719932546957,0.1355719932546957
detection,7,packets_per_sec_min,-0.1341842851679312,0.1341842851679312
detection,7,fwd_iat_std_sum,0.1327015618651494,0.1327015618651494
detection,7,fwd_pkt_len_mean_std,-0.1318073459847982,0.1318073459847982
detection,7,fwd_seg_size_avg_std,-0.1318073459847982,0.1318073459847982
detection,7,fwd_iat_min_mean,-0.1304538620288091,0.1304538620288091
detection,7,fwd_urg_flags_max,0.1287243154444527,0.1287243154444527
detection,7,cwe_flag_cnt_max,0.1287243154444527,0.1287243154444527
detection,7,pkt_payload_size_p50,-0.1282300728737814,0.1282300728737814
detection,7,flow_iat_min_mean,0.1207019240958567,0.1207019240958567
detection,7,duration_microsec_sum,-0.1162810710539269,0.1162810710539269
detection,7,unique_dst_ports_count,0.1138603358061841,0.1138603358061841
detection,7,packet_count_fwd_min,0.1137142535979073,0.1137142535979073
detection,7,bwd_header_len_mean,-0.1133536844105499,0.1133536844105499
detection,7,fwd_pkts_per_sec_std,0.1120986935133289,0.1120986935133289
detection,7,bwd_iat_tot_sum,-0.1120123523591694,0.1120123523591694
detection,7,fwd_seg_size_min_max,-0.1064517609042466,0.1064517609042466
detection,7,active_mean_mean,-0.1053665454386739,0.1053665454386739
detection,7,bwd_pkts_per_sec_mean,-0.1028521491792156,0.1028521491792156
detection,7,pkt_size_avg_std,0.1015581730842905,0.1015581730842905
detection,7,flow_iat_min_std,0.1004704187611229,0.1004704187611229
detection,7,duration_microsec_mean,0.0982393547300057,0.0982393547300057
detection,7,pkt_len_std_max,0.093055278538958,0.093055278538958
detection,7,duration_microsec_min,0.0878163270753132,0.0878163270753132
detection,7,idle_std_sum,0.0870068233774175,0.0870068233774175
detection,7,fwd_iat_tot_min,0.0864658598626165,0.0864658598626165
detection,7,active_std_std,-0.0850740492269741,0.0850740492269741
detection,7,packets_per_sec_mean,-0.0828072740722199,0.0828072740722199
detection,7,syn_flag_cnt_sum,-0.0817463780705955,0.0817463780705955
detection,7,fwd_psh_flags_sum,-0.0817463780705955,0.0817463780705955
detection,7,duration_sec_mean,-0.0815927097245175,0.0815927097245175
detection,7,fwd_iat_tot_max,0.0786787608666807,0.0786787608666807
detection,7,bwd_header_len_sum,-0.0760601088957192,0.0760601088957192
detection,7,subflow_bwd_byts_mean,0.0753271781501736,0.0753271781501736
detection,7,bwd_iat_min_min,-0.071156122656466,0.071156122656466
detection,7,duration_sec_min,0.067137087502176,0.067137087502176
detection,7,idle_mean_sum,0.0656535651209082,0.0656535651209082
detection,7,subflow_fwd_pkts_min,0.0656079597437423,0.0656079597437423
detection,7,flow_iat_min_max,0.0648967224529819,0.0648967224529819
detection,7,fwd_iat_max_mean,-0.0605328614884376,0.0605328614884376
detection,7,bwd_iat_std_max,-0.0592038531225532,0.0592038531225532
detection,7,fwd_iat_tot_mean,0.0568441514772782,0.0568441514772782
detection,7,idle_std_std,0.0567176459641357,0.0567176459641357
detection,7,bwd_seg_size_avg_min,0.0521806841505198,0.0521806841505198
detection,7,bwd_pkt_len_mean_min,0.0521806841505198,0.0521806841505198
detection,7,idle_std_max,-0.0505176605569801,0.0505176605569801
detection,7,flow_iat_mean_max,-0.0486378174118794,0.0486378174118794
detection,7,byte_count_bwd_min,0.0483660099063459,0.0483660099063459
detection,7,idle_mean_max,-0.0476368633801993,0.0476368633801993
detection,7,packets_per_sec_std,-0.0470926688325872,0.0470926688325872
detection,7,bwd_pkt_len_max_min,0.0466067253865523,0.0466067253865523
detection,7,syn_flag_cnt_max,0.0465794918336478,0.0465794918336478
detection,7,fwd_psh_flags_max,0.0465794918336478,0.0465794918336478
detection,7,fwd_pkt_len_max_min,-0.0464326684475557,0.0464326684475557
detection,7,pkt_len_std_min,0.0464255477394504,0.0464255477394504
detection,7,subflow_bwd_pkts_min,-0.0460712482535213,0.0460712482535213
detection,7,pkt_len_min_min,0.0458211211838047,0.0458211211838047
detection,7,fwd_pkt_len_min_min,0.0455475431512806,0.0455475431512806
detection,7,subflow_bwd_byts_min,0.0454924600934938,0.0454924600934938
detection,7,pkt_len_var_min,0.0454625300965893,0.0454625300965893
detection,7,fin_flag_cnt_mean,0.0442565787358385,0.0442565787358385
detection,7,bwd_pkt_len_std_min,0.0442159009917622,0.0442159009917622
detection,7,fwd_iat_std_min,-0.0441519322305905,0.0441519322305905
detection,7,idle_max_std,-0.0438836226386143,0.0438836226386143
detection,7,subflow_bwd_pkts_mean,-0.0436199160549066,0.0436199160549066
detection,7,active_min_mean,0.0404614631720561,0.0404614631720561
detection,7,fwd_psh_flags_mean,-0.0401654024877852,0.0401654024877852
detection,7,syn_flag_cnt_mean,-0.0401654024877852,0.0401654024877852
detection,7,flow_iat_std_min,-0.0390526066575763,0.0390526066575763
detection,7,bwd_iat_mean_min,-0.0383018707154462,0.0383018707154462
detection,7,window_size_bwd_min,0.0377068343818941,0.0377068343818941
detection,7,fwd_pkt_len_std_min,0.0361128799875146,0.0361128799875146
detection,7,fwd_header_len_min,-0.0357509594630677,0.0357509594630677
detection,7,idle_min_mean,0.0349526478995525,0.0349526478995525
detection,7,bwd_iat_max_max,-0.0312774817881039,0.0312774817881039
detection,7,idle_min_min,-0.0290414922465014,0.0290414922465014
detection,7,window_size_fwd_min,0.0281948620233522,0.0281948620233522
detection,7,idle_std_min,-0.0281905485071149,0.0281905485071149
detection,7,syn_flag_cnt_min,-0.0267215047920088,0.0267215047920088
detection,7,fwd_psh_flags_min,-0.0267215047920088,0.0267215047920088
detection,7,ack_flag_cnt_min,-0.0267215047920088,0.0267215047920088
detection,7,bwd_iat_min_sum,0.0263582620532745,0.0263582620532745
detection,7,fwd_pkt_len_min_max,0.0260221188692577,0.0260221188692577
detection,7,flow_iat_mean_std,-0.0248601234857685,0.0248601234857685
detection,7,active_std_min,0.0247185462920592,0.0247185462920592
detection,7,pkt_len_mean_min,0.0241248688369579,0.0241248688369579
detection,7,flow_iat_min_min,0.024114601778521,0.024114601778521
detection,7,psh_flag_cnt_std,-0.0229269206736386,0.0229269206736386
detection,7,idle_min_max,-0.0213797902664977,0.0213797902664977
detection,7,bwd_iat_tot_min,0.0208212509207122,0.0208212509207122
detection,7,bytes_per_sec_min,0.018796359089776,0.018796359089776
detection,7,flow_iat_mean_min,0.0182405789970562,0.0182405789970562
detection,7,subflow_fwd_byts_min,-0.0180745256998074,0.0180745256998074
detection,7,byte_count_fwd_mean,-0.0164503177924351,0.0164503177924351
detection,7,pkt_len_max_min,0.0163565945071873,0.0163565945071873
detection,7,fin_flag_cnt_sum,0.0143305953025875,0.0143305953025875
detection,7,psh_flag_cnt_min,0.0132196450661763,0.0132196450661763
detection,7,bwd_pkt_len_max_max,-0.013178801763765,0.013178801763765
detection,7,active_max_min,0.012856697345236,0.012856697345236
detection,7,fwd_iat_mean_min,0.0122756176665315,0.0122756176665315
detection,7,pkt_size_avg_min,0.0119294622387597,0.0119294622387597
detection,7,pkt_len_min_mean,-0.0115725820243391,0.0115725820243391
detection,7,pkt_payload_size_p25,0.0108084078468586,0.0108084078468586
detection,7,idle_min_sum,-0.0107777153857718,0.0107777153857718
detection,7,bwd_iat_min_mean,0.0105323071754127,0.0105323071754127
detection,7,subflow_fwd_byts_std,-0.0103125051914052,0.0103125051914052
detection,7,bwd_iat_std_min,0.0099364269287541,0.0099364269287541
detection,7,cwe_flag_cnt_sum,0.0089411094123255,0.0089411094123255
detection,7,fwd_urg_flags_sum,0.0089411094123255,0.0089411094123255
detection,7,fwd_pkt_len_mean_min,0.0088832354470377,0.0088832354470377
detection,7,fwd_seg_size_avg_min,0.0088832354470377,0.0088832354470377
detection,7,unique_protocols_count,-0.008082330133185,0.008082330133185
detection,7,fwd_iat_min_min,0.0079680514929184,0.0079680514929184
detection,7,down_up_ratio_min,-0.0075231096732228,0.0075231096732228
detection,7,idle_max_min,0.0074180052037901,0.0074180052037901
detection,7,flow_iat_max_min,0.0071250645352671,0.0071250645352671
detection,7,fwd_iat_max_min,0.0070031644023031,0.0070031644023031
detection,7,bwd_iat_max_min,-0.0065945848135627,0.0065945848135627
detection,7,fwd_pkts_per_sec_min,0.0064902022950238,0.0064902022950238
detection,7,bwd_pkts_per_sec_min,0.0064630359881141,0.0064630359881141
detection,7,active_mean_min,0.0063112248156428,0.0063112248156428
detection,7,idle_mean_min,-0.006168536581821,0.006168536581821
detection,7,active_min_min,-0.005305586270949,0.005305586270949
detection,7,bwd_pkt_len_min_max,-0.0040872269921069,0.0040872269921069
detection,7,bwd_pkt_len_max_mean,-0.0017361897177199,0.0017361897177199
detection,7,bwd_header_len_min,0.0006786512258023,0.0006786512258023
detection,7,urg_flag_cnt_sum,-0.0006229902028598,0.0006229902028598
detection,7,fwd_seg_size_avg_max,-0.0003502207783259,0.0003502207783259
detection,7,fwd_pkt_len_mean_max,-0.0003502207783259,0.0003502207783259
detection,7,bwd_urg_flags_min,0.0,0.0
detection,7,fwd_urg_flags_min,0.0,0.0
detection,7,bwd_urg_flags_sum,0.0,0.0
detection,7,bwd_urg_flags_std,0.0,0.0
detection,7,bwd_urg_flags_mean,0.0,0.0
detection,7,mask_has_traffic_volume_features,0.0,0.0
detection,7,mask_has_graph_topology,0.0,0.0
detection,7,mask_has_identity_auth,0.0,0.0
detection,7,mask_has_flow_timing_features,0.0,0.0
detection,7,mask_has_tcp_flags,0.0,0.0
detection,7,pkt_frag_mf_count,0.0,0.0
detection,7,urg_flag_cnt_min,0.0,0.0
detection,7,cwe_flag_cnt_min,0.0,0.0
detection,7,fin_flag_cnt_min,0.0,0.0
detection,7,bwd_urg_flags_max,0.0,0.0
detection,7,rst_flag_cnt_min,0.0,0.0
detection,7,bwd_psh_flags_mean,0.0,0.0
detection,7,bwd_psh_flags_std,0.0,0.0
detection,7,bwd_psh_flags_sum,0.0,0.0
detection,7,bwd_psh_flags_min,0.0,0.0
detection,7,bwd_psh_flags_max,0.0,0.0
detection,7,ece_flag_cnt_min,0.0,0.0
detection,7,bwd_blk_rate_avg_sum,0.0,0.0
detection,7,bwd_blk_rate_avg_std,0.0,0.0
detection,7,bwd_blk_rate_avg_max,0.0,0.0
detection,7,fwd_blk_rate_avg_max,0.0,0.0
detection,7,bwd_byts_b_avg_mean,0.0,0.0
detection,7,bwd_blk_rate_avg_min,0.0,0.0
detection,7,fwd_byts_b_avg_std,0.0,0.0
detection,7,fwd_byts_b_avg_sum,0.0,0.0
detection,7,fwd_byts_b_avg_min,0.0,0.0
detection,7,fwd_byts_b_avg_max,0.0,0.0
detection,7,fwd_pkts_b_avg_mean,0.0,0.0
detection,7,fwd_pkts_b_avg_std,0.0,0.0
detection,7,fwd_pkts_b_avg_sum,0.0,0.0
detection,7,fwd_byts_b_avg_mean,0.0,0.0
detection,7,fwd_pkts_b_avg_max,0.0,0.0
detection,7,fwd_blk_rate_avg_mean,0.0,0.0
detection,7,fwd_blk_rate_avg_std,0.0,0.0
detection,7,fwd_blk_rate_avg_sum,0.0,0.0
detection,7,fwd_blk_rate_avg_min,0.0,0.0
detection,7,bwd_pkts_b_avg_sum,0.0,0.0
detection,7,bwd_pkts_b_avg_min,0.0,0.0
detection,7,bwd_byts_b_avg_std,0.0,0.0
detection,7,bwd_byts_b_avg_sum,0.0,0.0
detection,7,bwd_byts_b_avg_min,0.0,0.0
detection,7,bwd_byts_b_avg_max,0.0,0.0
detection,7,bwd_pkts_b_avg_mean,0.0,0.0
detection,7,bwd_pkts_b_avg_std,0.0,0.0
detection,7,bwd_pkts_b_avg_max,0.0,0.0
detection,7,bwd_blk_rate_avg_mean,0.0,0.0
detection,7,fwd_pkts_b_avg_min,0.0,0.0
detection,7,bwd_pkt_len_min_min,0.0,0.0
detection,8,window_size_bwd_std,1.8442202161166952,1.8442202161166952
detection,8,bwd_seg_size_avg_max,1.6368265435376153,1.6368265435376153
detection,8,bwd_pkt_len_mean_max,1.636826543537515,1.636826543537515
detection,8,pkt_len_var_std,-1.59870560378742,1.59870560378742
detection,8,fwd_pkt_len_std_mean,1.539516630350337,1.539516630350337
detection,8,pkt_len_var_max,-1.5370185572545485,1.5370185572545485
detection,8,byte_count_fwd_max,1.5190959074883703,1.5190959074883703
detection,8,pkt_tcp_retrans_count,1.5101452336847954,1.5101452336847954
detection,8,flow_iat_std_std,-1.508597687845369,1.508597687845369
detection,8,bwd_pkt_len_std_mean,-1.4741896485195838,1.4741896485195838
detection,8,pkt_port_scan_seq_score,1.4129072036590442,1.4129072036590442
detection,8,bwd_pkt_len_std_max,1.3096001012783571,1.3096001012783571
detection,8,bytes_per_sec_mean,-1.2924244738906416,1.2924244738906416
detection,8,byte_count_bwd_std,-1.2553272448951922,1.2553272448951922
detection,8,pkt_len_var_mean,-1.2379342228894226,1.2379342228894226
detection,8,bwd_iat_std_mean,1.2072797940624411,1.2072797940624411
detection,8,fwd_pkt_len_max_std,-1.1910972218830822,1.1910972218830822
detection,8,bytes_per_sec_max,1.1696730603747652,1.1696730603747652
detection,8,window_size_fwd_std,-1.1497384640514687,1.1497384640514687
detection,8,pkt_len_mean_max,-1.1077991164918075,1.1077991164918075
detection,8,fwd_seg_size_min_mean,1.024125724017208,1.024125724017208
detection,8,bwd_iat_min_max,1.017897298659464,1.017897298659464
detection,8,bwd_iat_min_std,-1.0067999011677131,1.0067999011677131
detection,8,pkt_len_min_std,1.0055432736576555,1.0055432736576555
detection,8,ack_flag_cnt_std,0.999412846677394,0.999412846677394
detection,8,down_up_ratio_std,-0.9612210782777516,0.9612210782777516
detection,8,packet_count_bwd_std,0.9585789866433768,0.9585789866433768
detection,8,bytes_per_sec_sum,-0.930273682197342,0.930273682197342
detection,8,subflow_bwd_byts_sum,-0.8848245688634218,0.8848245688634218
detection,8,bwd_pkt_len_min_mean,0.8820504558530877,0.8820504558530877
detection,8,fwd_iat_std_std,0.8738204403778397,0.8738204403778397
detection,8,bwd_pkt_len_std_std,0.838112940426391,0.838112940426391
detection,8,byte_count_fwd_std,-0.8251234661362561,0.8251234661362561
detection,8,urg_flag_cnt_mean,-0.8110821893837286,0.8110821893837286
detection,8,bwd_pkts_per_sec_sum,-0.8079747629390995,0.8079747629390995
detection,8,pkt_len_std_mean,-0.8019288475424663,0.8019288475424663
detection,8,bwd_iat_max_std,-0.7840744042228627,0.7840744042228627
detection,8,bwd_iat_mean_std,0.7739966688367174,0.7739966688367174
detection,8,pkt_payload_size_p95,-0.7719737274831956,0.7719737274831956
detection,8,ece_flag_cnt_sum,0.7684366157352293,0.7684366157352293
detection,8,rst_flag_cnt_sum,0.7675527659983318,0.7675527659983318
detection,8,pkt_len_max_std,-0.732160331226262,0.732160331226262
detection,8,fwd_pkt_len_std_std,0.7305430476985688,0.7305430476985688
detection,8,flow_iat_max_std,-0.7298166576232362,0.7298166576232362
detection,8,pkt_frag_df_count,0.7011818400798776,0.7011818400798776
detection,8,urg_flag_cnt_max,0.698049172938769,0.698049172938769
detection,8,byte_count_bwd_max,-0.6961084675252232,0.6961084675252232
detection,8,window_size_bwd_mean,-0.693522088061707,0.693522088061707
detection,8,bwd_pkts_per_sec_std,0.6848865335536996,0.6848865335536996
detection,8,fwd_pkt_len_max_max,0.683831561699017,0.683831561699017
detection,8,ece_flag_cnt_std,0.6765678948018569,0.6765678948018569
detection,8,packet_count_fwd_mean,0.6699818675406871,0.6699818675406871
detection,8,bwd_iat_mean_max,-0.6552624208488234,0.6552624208488234
detection,8,rst_flag_cnt_std,0.6518701040393611,0.6518701040393611
detection,8,active_max_sum,0.6361579416270928,0.6361579416270928
detection,8,active_mean_sum,-0.6335697127579533,0.6335697127579533
detection,8,active_std_sum,-0.6240171746129904,0.6240171746129904
detection,8,pkt_len_mean_mean,-0.6039090998116458,0.6039090998116458
detection,8,duration_sec_std,0.5916556626950705,0.5916556626950705
detection,8,pkt_len_var_sum,0.5797775128963317,0.5797775128963317
detection,8,bwd_iat_mean_mean,0.5774376005912075,0.5774376005912075
detection,8,pkt_size_avg_mean,-0.5692352723714411,0.5692352723714411
detection,8,pkt_payload_size_p75,-0.5582296375498385,0.5582296375498385
detection,8,bwd_pkt_len_mean_sum,0.5448903668266422,0.5448903668266422
detection,8,bwd_seg_size_avg_sum,0.5448903668264421,0.5448903668264421
detection,8,pkt_len_max_mean,-0.5314889670120646,0.5314889670120646
detection,8,bwd_iat_tot_mean,-0.5271221008657206,0.5271221008657206
detection,8,pkt_len_std_std,0.5270278659782394,0.5270278659782394
detection,8,fwd_iat_mean_std,-0.5228277046754739,0.5228277046754739
detection,8,psh_flag_cnt_max,-0.518512750692973,0.518512750692973
detection,8,subflow_bwd_pkts_std,-0.5151715881228665,0.5151715881228665
detection,8,window_size_fwd_mean,0.504399262519924,0.504399262519924
detection,8,urg_flag_cnt_std,0.5019743778740311,0.5019743778740311
detection,8,bwd_header_len_max,0.49697559317197,0.49697559317197
detection,8,packets_per_sec_max,-0.4901830350050394,0.4901830350050394
detection,8,bwd_iat_mean_sum,-0.4877974357608662,0.4877974357608662
detection,8,fwd_seg_size_avg_sum,0.4642757471715188,0.4642757471715188
detection,8,fwd_pkt_len_mean_sum,0.4642757471715188,0.4642757471715188
detection,8,bwd_pkt_len_min_std,-0.4549544436949908,0.4549544436949908
detection,8,fwd_pkt_len_max_sum,0.4509443035313074,0.4509443035313074
detection,8,fwd_pkt_len_std_sum,0.4470575939913246,0.4470575939913246
detection,8,ack_flag_cnt_sum,0.4340003904947461,0.4340003904947461
detection,8,pkt_len_max_sum,0.4271178177663033,0.4271178177663033
detection,8,fwd_iat_min_max,0.4235480626339921,0.4235480626339921
detection,8,fwd_iat_max_max,-0.4234345335715054,0.4234345335715054
detection,8,idle_max_mean,0.4162500991738679,0.4162500991738679
detection,8,pkt_ttl_std,0.4138528737957724,0.4138528737957724
detection,8,subflow_bwd_byts_max,0.4137324777207875,0.4137324777207875
detection,8,fwd_iat_max_std,-0.4117637408539688,0.4117637408539688
detection,8,pkt_ttl_mode,0.4101456343071334,0.4101456343071334
detection,8,bwd_iat_std_sum,0.4052643297426441,0.4052643297426441
detection,8,pkt_len_mean_sum,0.3992867000474914,0.3992867000474914
detection,8,flow_iat_min_sum,0.3986444760041192,0.3986444760041192
detection,8,idle_min_std,-0.3925000796801861,0.3925000796801861
detection,8,bwd_pkt_len_max_sum,0.3883090324255492,0.3883090324255492
detection,8,pkt_ttl_max,-0.386136595769954,0.386136595769954
detection,8,mask_has_packet_level_features,-0.386136595769954,0.386136595769954
detection,8,fwd_pkts_per_sec_max,-0.3857967910439795,0.3857967910439795
detection,8,window_size_bwd_sum,-0.3855402483492259,0.3855402483492259
detection,8,ack_flag_cnt_max,-0.3855112342753634,0.3855112342753634
detection,8,idle_std_mean,0.3844820682643923,0.3844820682643923
detection,8,fwd_iat_mean_max,0.3814085743693698,0.3814085743693698
detection,8,active_max_std,0.3813587297575623,0.3813587297575623
detection,8,duration_sec_sum,-0.3800889733949915,0.3800889733949915
detection,8,down_up_ratio_mean,0.3744687671421577,0.3744687671421577
detection,8,pkt_len_std_sum,0.3712214619722405,0.3712214619722405
detection,8,pkt_size_avg_sum,0.3686389785197169,0.3686389785197169
detection,8,fwd_iat_std_max,0.3639806714754969,0.3639806714754969
detection,8,down_up_ratio_max,0.3616384020209494,0.3616384020209494
detection,8,active_mean_std,-0.3576198065699234,0.3576198065699234
detection,8,bwd_iat_std_std,0.356982254727477,0.356982254727477
detection,8,duration_microsec_max,0.3534331611285241,0.3534331611285241
detection,8,flow_iat_mean_sum,0.3530505479142211,0.3530505479142211
detection,8,fwd_header_len_max,0.3512217146137371,0.3512217146137371
detection,8,window_size_bwd_max,0.3451013380270825,0.3451013380270825
detection,8,packet_count_bwd_mean,0.3438183487790366,0.3438183487790366
detection,8,fwd_iat_min_sum,0.3399810368913922,0.3399810368913922
detection,8,duration_microsec_std,0.3373582725882038,0.3373582725882038
detection,8,fwd_urg_flags_std,0.3369213026418993,0.3369213026418993
detection,8,cwe_flag_cnt_std,0.3369213026418993,0.3369213026418993
detection,8,packet_count_fwd_max,-0.3325795548307151,0.3325795548307151
detection,8,bwd_iat_tot_max,-0.3320769941100385,0.3320769941100385
detection,8,psh_flag_cnt_mean,0.3295645661699878,0.3295645661699878
detection,8,ece_flag_cnt_max,-0.3251514487365035,0.3251514487365035
detection,8,rst_flag_cnt_max,-0.3251514487365035,0.3251514487365035
detection,8,bwd_iat_tot_std,-0.3242236405059964,0.3242236405059964
detection,8,flow_iat_std_mean,-0.3196721266569518,0.3196721266569518
detection,8,packet_count_bwd_max,0.3188531630063533,0.3188531630063533
detection,8,flow_iat_max_mean,-0.3171743103724138,0.3171743103724138
detection,8,fwd_header_len_std,0.3164388750806511,0.3164388750806511
detection,8,bwd_iat_max_mean,-0.3129451116325573,0.3129451116325573
detection,8,flow_iat_max_max,0.3128314836418374,0.3128314836418374
detection,8,idle_mean_mean,0.3112291242198433,0.3112291242198433
detection,8,pkt_len_max_max,0.3085890338601573,0.3085890338601573
detection,8,bwd_pkt_len_min_sum,0.304799235745712,0.304799235745712
detection,8,fwd_act_data_pkts_std,0.3026565962084431,0.3026565962084431
detection,8,subflow_fwd_pkts_std,0.3023919798485709,0.3023919798485709
detection,8,fwd_iat_tot_std,0.2988734898876028,0.2988734898876028
detection,8,active_std_mean,-0.2986086413793264,0.2986086413793264
detection,8,pkt_len_mean_std,0.2975267049019019,0.2975267049019019
detection,8,fwd_seg_size_min_sum,0.2945474638098414,0.2945474638098414
detection,8,bwd_pkts_per_sec_max,-0.2893767371197374,0.2893767371197374
detection,8,down_up_ratio_sum,0.2824732683130589,0.2824732683130589
detection,8,fwd_iat_min_std,-0.2823803155582838,0.2823803155582838
detection,8,bytes_per_sec_std,0.2816238027296442,0.2816238027296442
detection,8,byte_count_bwd_sum,-0.2809936061176306,0.2809936061176306
detection,8,fwd_pkts_per_sec_sum,0.280728412215862,0.280728412215862
detection,8,fwd_seg_size_min_std,-0.2783454594112952,0.2783454594112952
detection,8,fwd_iat_max_sum,0.27832720467749,0.27832720467749
detection,8,bwd_pkt_len_mean_std,0.2761758932941103,0.2761758932941103
detection,8,bwd_seg_size_avg_std,0.2761758932890424,0.2761758932890424
detection,8,flow_iat_std_max,-0.2738042380231251,0.2738042380231251
detection,8,fwd_pkt_len_mean_mean,-0.2732694482418245,0.2732694482418245
detection,8,fwd_seg_size_avg_mean,-0.2732694482418245,0.2732694482418245
detection,8,fwd_header_len_mean,0.2716403390191542,0.2716403390191542
detection,8,byte_count_fwd_sum,-0.2707853978387075,0.2707853978387075
detection,8,subflow_fwd_pkts_mean,0.2700237018546553,0.2700237018546553
detection,8,fwd_act_data_pkts_mean,0.2693284472378955,0.2693284472378955
detection,8,active_min_std,-0.2680033756109246,0.2680033756109246
detection,8,pkt_len_min_max,-0.2576430234157765,0.2576430234157765
detection,8,fwd_pkts_per_sec_mean,0.2569375999754589,0.2569375999754589
detection,8,bwd_iat_max_sum,-0.2536699753378701,0.2536699753378701
detection,8,subflow_bwd_pkts_sum,-0.2536636256673238,0.2536636256673238
detection,8,fin_flag_cnt_max,0.2519406658103408,0.2519406658103408
detection,8,active_min_max,0.250180920214007,0.250180920214007
detection,8,flow_iat_std_sum,-0.2496666718236677,0.2496666718236677
detection,8,idle_mean_std,-0.2443110782484173,0.2443110782484173
detection,8,flow_iat_max_sum,0.2357123793387724,0.2357123793387724
detection,8,pkt_size_avg_max,0.2345286103281846,0.2345286103281846
detection,8,fwd_iat_std_mean,0.2318916612304731,0.2318916612304731
detection,8,subflow_fwd_byts_mean,0.2312165246436526,0.2312165246436526
detection,8,idle_max_max,-0.2286100769375841,0.2286100769375841
detection,8,fwd_pkt_len_min_sum,-0.2275044789120114,0.2275044789120114
detection,8,fwd_iat_tot_sum,-0.2227314168671227,0.2227314168671227
detection,8,packets_per_sec_sum,-0.2206940985374387,0.2206940985374387
detection,8,ack_flag_cnt_mean,0.2202670289347666,0.2202670289347666
detection,8,fwd_header_len_sum,0.2198310635146297,0.2198310635146297
detection,8,active_std_max,0.2181534427129368,0.2181534427129368
detection,8,subflow_bwd_byts_std,-0.2135813830765137,0.2135813830765137
detection,8,fwd_pkt_len_min_std,0.2124508851662173,0.2124508851662173
detection,8,bwd_pkt_len_mean_mean,0.2110687511245066,0.2110687511245066
detection,8,bwd_seg_size_avg_mean,0.2110687511231758,0.2110687511231758
detection,8,fwd_act_data_pkts_max,0.2093061421734248,0.2093061421734248
detection,8,pkt_len_min_sum,-0.1998112416820648,0.1998112416820648
detection,8,fwd_pkt_len_min_mean,-0.1987642338522028,0.1987642338522028
detection,8,fwd_pkt_len_max_mean,0.1946582128984726,0.1946582128984726
detection,8,window_size_fwd_sum,0.1938330987380358,0.1938330987380358
detection,8,subflow_fwd_byts_sum,0.190478920057916,0.190478920057916
detection,8,fin_flag_cnt_std,0.1892419247712184,0.1892419247712184
detection,8,active_mean_max,-0.186722322027083,0.186722322027083
detection,8,subflow_fwd_byts_max,-0.1857006965020571,0.1857006965020571
detection,8,psh_flag_cnt_sum,0.1844998118029769,0.1844998118029769
detection,8,fwd_iat_mean_mean,-0.1822378830872091,0.1822378830872091
detection,8,fwd_iat_mean_sum,0.181773177324184,0.181773177324184
detection,8,window_size_fwd_max,-0.1794122319770545,0.1794122319770545
detection,8,active_min_sum,0.1788366137275198,0.1788366137275198
detection,8,subflow_fwd_pkts_sum,0.1780544420366451,0.1780544420366451
detection,8,packet_count_fwd_sum,0.1773324577709426,0.1773324577709426
detection,8,byte_count_fwd_min,0.1753280973626767,0.1753280973626767
detection,8,fwd_urg_flags_mean,-0.1739831361299841,0.1739831361299841
detection,8,cwe_flag_cnt_mean,-0.1739831361299841,0.1739831361299841
detection,8,bwd_pkt_len_std_sum,0.170906553208751,0.170906553208751
detection,8,flow_count,0.1698463087212572,0.1698463087212572
detection,8,ece_flag_cnt_mean,0.1689880596861744,0.1689880596861744
detection,8,fwd_act_data_pkts_sum,0.1655758255490649,0.1655758255490649
detection,8,packet_count_bwd_sum,-0.1647435858644117,0.1647435858644117
detection,8,subflow_fwd_pkts_max,0.1635330983718184,0.1635330983718184
detection,8,flow_iat_mean_mean,0.1630572178493896,0.1630572178493896
detection,8,bwd_pkt_len_max_std,0.1612297623843643,0.1612297623843643
detection,8,subflow_bwd_pkts_mean,-0.158631990717972,0.158631990717972
detection,8,active_max_mean,-0.1560032405786949,0.1560032405786949
detection,8,fwd_seg_size_min_min,-0.1549767039851082,0.1549767039851082
detection,8,syn_flag_cnt_std,-0.1516429456483375,0.1516429456483375
detection,8,fwd_psh_flags_std,-0.1516429456483375,0.1516429456483375
detection,8,fwd_act_data_pkts_min,0.1493627510861159,0.1493627510861159
detection,8,packet_count_fwd_std,-0.1475159923521158,0.1475159923521158
detection,8,pkt_ttl_min,-0.1465986010554969,0.1465986010554969
detection,8,fwd_pkt_len_std_max,-0.1403330345067965,0.1403330345067965
detection,8,bwd_header_len_std,-0.1402297933766128,0.1402297933766128
detection,8,packet_count_bwd_min,-0.1364026544783056,0.1364026544783056
detection,8,idle_max_sum,0.1350969366037416,0.1350969366037416
detection,8,packets_per_sec_min,-0.1347384992874342,0.1347384992874342
detection,8,flow_iat_min_mean,0.1342978957104761,0.1342978957104761
detection,8,active_max_max,0.1323718322598131,0.1323718322598131
detection,8,cwe_flag_cnt_max,0.1315122381494711,0.1315122381494711
detection,8,fwd_urg_flags_max,0.1315122381494711,0.1315122381494711
detection,8,bwd_iat_tot_sum,-0.1300605247458766,0.1300605247458766
detection,8,fwd_iat_std_sum,0.129895290879303,0.129895290879303
detection,8,byte_count_bwd_mean,-0.1297359534015124,0.1297359534015124
detection,8,pkt_payload_size_p50,-0.1283032996133744,0.1283032996133744
detection,8,duration_sec_max,0.1269647934623565,0.1269647934623565
detection,8,rst_flag_cnt_mean,0.1261023605854171,0.1261023605854171
detection,8,duration_microsec_mean,0.1246965751194145,0.1246965751194145
detection,8,fwd_seg_size_avg_std,-0.1228742652590175,0.1228742652590175
detection,8,fwd_pkt_len_mean_std,-0.1228742652590175,0.1228742652590175
detection,8,packet_count_fwd_min,0.1176092287956323,0.1176092287956323
detection,8,fwd_seg_size_min_max,-0.114685532121335,0.114685532121335
detection,8,duration_microsec_sum,-0.1129789911475467,0.1129789911475467
detection,8,pkt_size_avg_std,0.1127074290275503,0.1127074290275503
detection,8,fwd_iat_min_mean,-0.1100665226603082,0.1100665226603082
detection,8,unique_dst_ports_count,0.1025799839810949,0.1025799839810949
detection,8,fwd_pkts_per_sec_std,0.1012741136798582,0.1012741136798582
detection,8,active_mean_mean,-0.0924489955636161,0.0924489955636161
detection,8,idle_std_sum,0.0864872402508818,0.0864872402508818
detection,8,flow_iat_min_std,0.0853396107367364,0.0853396107367364
detection,8,duration_microsec_min,0.0839832164751425,0.0839832164751425
detection,8,fwd_iat_tot_max,0.0829165789814817,0.0829165789814817
detection,8,fwd_iat_tot_min,0.0826642661193989,0.0826642661193989
detection,8,fwd_iat_tot_mean,0.081918433547279,0.081918433547279
detection,8,packets_per_sec_mean,-0.0816471633799053,0.0816471633799053
detection,8,bwd_pkts_per_sec_mean,-0.078080698467167,0.078080698467167
detection,8,fwd_iat_max_mean,-0.0727804244614324,0.0727804244614324
detection,8,syn_flag_cnt_sum,-0.0713001225238049,0.0713001225238049
detection,8,fwd_psh_flags_sum,-0.0713001225238049,0.0713001225238049
detection,8,active_std_std,-0.0698895303520424,0.0698895303520424
detection,8,bwd_iat_min_min,-0.0690479217365516,0.0690479217365516
detection,8,active_min_mean,0.0684599629401191,0.0684599629401191
detection,8,subflow_fwd_pkts_min,0.0666137963861076,0.0666137963861076
detection,8,idle_mean_sum,0.0643270926805477,0.0643270926805477
detection,8,duration_sec_min,0.0642453863810705,0.0642453863810705
detection,8,pkt_len_std_max,0.0641872062469591,0.0641872062469591
detection,8,subflow_bwd_byts_mean,0.0609200095638003,0.0609200095638003
detection,8,flow_iat_min_max,0.060762563140681,0.060762563140681
detection,8,idle_mean_max,-0.0604198511826272,0.0604198511826272
detection,8,packets_per_sec_std,-0.0603989536967467,0.0603989536967467
detection,8,bwd_iat_std_max,-0.0598814959551562,0.0598814959551562
detection,8,fwd_psh_flags_max,0.0578929249433143,0.0578929249433143
detection,8,syn_flag_cnt_max,0.0578929249433143,0.0578929249433143
detection,8,flow_iat_mean_max,-0.0543034352034463,0.0543034352034463
detection,8,idle_std_max,-0.0542692445949458,0.0542692445949458
detection,8,bwd_seg_size_avg_min,0.0513667209878905,0.0513667209878905
detection,8,bwd_pkt_len_mean_min,0.0513667209878905,0.0513667209878905
detection,8,syn_flag_cnt_mean,-0.0492759535599477,0.0492759535599477
detection,8,fwd_psh_flags_mean,-0.0492759535599477,0.0492759535599477
detection,8,byte_count_bwd_min,0.0473895339714669,0.0473895339714669
detection,8,duration_sec_mean,-0.0471300770265537,0.0471300770265537
detection,8,subflow_bwd_pkts_min,-0.0467865775174425,0.0467865775174425
detection,8,fwd_iat_std_min,-0.0467863118127773,0.0467863118127773
detection,8,idle_std_std,0.046041686409435,0.046041686409435
detection,8,fwd_pkt_len_max_min,-0.0459359688230172,0.0459359688230172
detection,8,bwd_pkt_len_max_min,0.0450873235454245,0.0450873235454245
detection,8,pkt_len_std_min,0.0450808610289809,0.0450808610289809
detection,8,pkt_len_var_min,0.0439811754620177,0.0439811754620177
detection,8,subflow_bwd_byts_min,0.0438695960520136,0.0438695960520136
detection,8,pkt_len_min_min,0.043117651619464,0.043117651619464
detection,8,fwd_pkt_len_min_min,0.0428779612000741,0.0428779612000741
detection,8,bwd_pkt_len_std_min,0.0428492826060135,0.0428492826060135
detection,8,flow_iat_mean_std,-0.0426766491062817,0.0426766491062817
detection,8,flow_iat_std_min,-0.0421178388490651,0.0421178388490651
detection,8,fwd_header_len_min,-0.038360738707218,0.038360738707218
detection,8,bwd_iat_mean_min,-0.0373850105096709,0.0373850105096709
detection,8,window_size_bwd_min,0.0358443175373587,0.0358443175373587
detection,8,subflow_bwd_pkts_max,-0.0355343945006179,0.0355343945006179
detection,8,fin_flag_cnt_mean,0.0352156467846419,0.0352156467846419
detection,8,idle_max_std,-0.0344589258877062,0.0344589258877062
detection,8,fwd_pkt_len_std_min,0.0343515615988495,0.0343515615988495
detection,8,bwd_iat_max_max,-0.0328681167916989,0.0328681167916989
detection,8,idle_std_min,-0.0323765281096845,0.0323765281096845
detection,8,idle_min_max,-0.0316233360821097,0.0316233360821097
detection,8,idle_min_min,-0.0280463481804766,0.0280463481804766
detection,8,window_size_fwd_min,0.0274301695613194,0.0274301695613194
detection,8,byte_count_fwd_mean,0.0268090653791596,0.0268090653791596
detection,8,fwd_pkt_len_min_max,0.0262642946565937,0.0262642946565937
detection,8,fwd_psh_flags_min,-0.0258975467697129,0.0258975467697129
detection,8,ack_flag_cnt_min,-0.0258975467697129,0.0258975467697129
detection,8,syn_flag_cnt_min,-0.0258975467697129,0.0258975467697129
detection,8,pkt_len_min_mean,-0.0249935839584281,0.0249935839584281
detection,8,active_std_min,0.0243522595204479,0.0243522595204479
detection,8,bwd_iat_min_mean,0.0237295294945366,0.0237295294945366
detection,8,psh_flag_cnt_std,-0.0230939146320893,0.0230939146320893
detection,8,pkt_len_mean_min,0.0226048086504739,0.0226048086504739
detection,8,bwd_iat_min_sum,0.0220659623013289,0.0220659623013289
detection,8,subflow_fwd_byts_min,-0.0201044810188054,0.0201044810188054
detection,8,flow_iat_min_min,0.0199253168972798,0.0199253168972798
detection,8,bwd_iat_tot_min,0.0196135709220473,0.0196135709220473
detection,8,bytes_per_sec_min,0.0193767706389511,0.0193767706389511
detection,8,bwd_header_len_sum,-0.0191161385714433,0.0191161385714433
detection,8,idle_min_mean,0.0177584165738239,0.0177584165738239
detection,8,bwd_header_len_mean,-0.0172004653116762,0.0172004653116762
detection,8,pkt_len_max_min,0.0160968167769419,0.0160968167769419
detection,8,flow_iat_mean_min,0.0143200755635128,0.0143200755635128
detection,8,unique_protocols_count,-0.0133591243481956,0.0133591243481956
detection,8,urg_flag_cnt_sum,0.0132940737539278,0.0132940737539278
detection,8,subflow_fwd_byts_std,0.0131139025340084,0.0131139025340084
detection,8,active_max_min,0.0114012423153469,0.0114012423153469
detection,8,psh_flag_cnt_min,0.011234782066529,0.011234782066529
detection,8,pkt_payload_size_p25,0.0110716288461997,0.0110716288461997
detection,8,idle_min_sum,-0.0103198577270806,0.0103198577270806
detection,8,pkt_size_avg_min,0.0097947804689161,0.0097947804689161
detection,8,cwe_flag_cnt_sum,0.0093783433697558,0.0093783433697558
detection,8,fwd_urg_flags_sum,0.0093783433697558,0.0093783433697558
detection,8,bwd_iat_std_min,0.0091934888368482,0.0091934888368482
detection,8,down_up_ratio_min,-0.0089276153224566,0.0089276153224566
detection,8,active_min_min,-0.0088735989239151,0.0088735989239151
detection,8,fwd_iat_mean_min,0.0085420580329461,0.0085420580329461
detection,8,idle_mean_min,-0.0075225619494268,0.0075225619494268
detection,8,fin_flag_cnt_sum,0.0070595059308942,0.0070595059308942
detection,8,bwd_iat_max_min,-0.0068953344954312,0.0068953344954312
detection,8,fwd_pkt_len_mean_min,0.0061723238733968,0.0061723238733968
detection,8,fwd_seg_size_avg_min,0.0061723238733968,0.0061723238733968
detection,8,bwd_pkt_len_max_max,-0.0061319973900836,0.0061319973900836
detection,8,fwd_pkts_per_sec_min,0.0053956793043399,0.0053956793043399
detection,8,bwd_pkts_per_sec_min,0.0053675947049943,0.0053675947049943
detection,8,idle_max_min,0.0047998945399674,0.0047998945399674
detection,8,flow_iat_max_min,0.0043507447590009,0.0043507447590009
detection,8,fwd_iat_max_min,0.0042245083571391,0.0042245083571391
detection,8,active_mean_min,0.0040735401327465,0.0040735401327465
detection,8,fwd_iat_min_min,0.0034694942565995,0.0034694942565995
detection,8,bwd_pkt_len_min_max,-0.0028304983305242,0.0028304983305242
detection,8,fwd_seg_size_avg_max,0.0019910540505456,0.0019910540505456
detection,8,fwd_pkt_len_mean_max,0.0019910540505456,0.0019910540505456
detection,8,bwd_pkt_len_max_mean,0.0009576409855394,0.0009576409855394
detection,8,bwd_header_len_min,-0.0002243402290632,0.0002243402290632
detection,8,bwd_psh_flags_min,0.0,0.0
detection,8,bwd_urg_flags_mean,0.0,0.0
detection,8,bwd_urg_flags_std,0.0,0.0
detection,8,bwd_psh_flags_sum,0.0,0.0
detection,8,fwd_urg_flags_min,0.0,0.0
detection,8,mask_has_traffic_volume_features,0.0,0.0
detection,8,mask_has_graph_topology,0.0,0.0
detection,8,mask_has_identity_auth,0.0,0.0
detection,8,mask_has_flow_timing_features,0.0,0.0
detection,8,mask_has_tcp_flags,0.0,0.0
detection,8,pkt_frag_mf_count,0.0,0.0
detection,8,bwd_psh_flags_std,0.0,0.0
detection,8,bwd_psh_flags_mean,0.0,0.0
detection,8,bwd_psh_flags_max,0.0,0.0
detection,8,bwd_urg_flags_min,0.0,0.0
detection,8,bwd_urg_flags_sum,0.0,0.0
detection,8,bwd_urg_flags_max,0.0,0.0
detection,8,rst_flag_cnt_min,0.0,0.0
detection,8,fin_flag_cnt_min,0.0,0.0
detection,8,urg_flag_cnt_min,0.0,0.0
detection,8,cwe_flag_cnt_min,0.0,0.0
detection,8,ece_flag_cnt_min,0.0,0.0
detection,8,bwd_blk_rate_avg_std,0.0,0.0
detection,8,bwd_blk_rate_avg_mean,0.0,0.0
detection,8,bwd_blk_rate_avg_max,0.0,0.0
detection,8,bwd_blk_rate_avg_min,0.0,0.0
detection,8,fwd_blk_rate_avg_max,0.0,0.0
detection,8,bwd_blk_rate_avg_sum,0.0,0.0
detection,8,fwd_byts_b_avg_mean,0.0,0.0
detection,8,fwd_byts_b_avg_std,0.0,0.0
detection,8,fwd_byts_b_avg_sum,0.0,0.0
detection,8,fwd_byts_b_avg_min,0.0,0.0
detection,8,fwd_byts_b_avg_max,0.0,0.0
detection,8,fwd_pkts_b_avg_mean,0.0,0.0
detection,8,fwd_pkts_b_avg_std,0.0,0.0
detection,8,bwd_byts_b_avg_mean,0.0,0.0
detection,8,fwd_pkts_b_avg_min,0.0,0.0
detection,8,fwd_pkts_b_avg_max,0.0,0.0
detection,8,fwd_blk_rate_avg_mean,0.0,0.0
detection,8,fwd_blk_rate_avg_std,0.0,0.0
detection,8,fwd_blk_rate_avg_sum,0.0,0.0
detection,8,fwd_blk_rate_avg_min,0.0,0.0
detection,8,bwd_pkts_b_avg_sum,0.0,0.0
detection,8,bwd_pkts_b_avg_min,0.0,0.0
detection,8,bwd_byts_b_avg_std,0.0,0.0
detection,8,bwd_byts_b_avg_sum,0.0,0.0
detection,8,bwd_byts_b_avg_min,0.0,0.0
detection,8,bwd_byts_b_avg_max,0.0,0.0
detection,8,bwd_pkts_b_avg_mean,0.0,0.0
detection,8,bwd_pkts_b_avg_std,0.0,0.0
detection,8,bwd_pkts_b_avg_max,0.0,0.0
detection,8,fwd_pkts_b_avg_sum,0.0,0.0
detection,8,bwd_pkt_len_min_min,0.0,0.0
detection,9,window_size_bwd_std,1.8410504986275988,1.8410504986275988
detection,9,bwd_seg_size_avg_max,1.6205703936841285,1.6205703936841285
detection,9,bwd_pkt_len_mean_max,1.6205703936840214,1.6205703936840214
detection,9,pkt_len_var_std,-1.6046555640018112,1.6046555640018112
detection,9,fwd_pkt_len_std_mean,1.5517666240629022,1.5517666240629022
detection,9,pkt_len_var_max,-1.5451809790618103,1.5451809790618103
detection,9,byte_count_fwd_max,1.533814632760565,1.533814632760565
detection,9,pkt_tcp_retrans_count,1.5108191556029893,1.5108191556029893
detection,9,flow_iat_std_std,-1.5044071868799809,1.5044071868799809
detection,9,bwd_pkt_len_std_mean,-1.466400648487842,1.466400648487842
detection,9,pkt_port_scan_seq_score,1.413414839705295,1.413414839705295
detection,9,bytes_per_sec_mean,-1.3098204062497618,1.3098204062497618
detection,9,bwd_pkt_len_std_max,1.3055071721365223,1.3055071721365223
detection,9,byte_count_bwd_std,-1.2426388898186609,1.2426388898186609
detection,9,pkt_len_var_mean,-1.237786018923842,1.237786018923842
detection,9,fwd_pkt_len_max_std,-1.2102716506664613,1.2102716506664613
detection,9,bwd_iat_std_mean,1.20936384357295,1.20936384357295
detection,9,bytes_per_sec_max,1.1811870649897709,1.1811870649897709
detection,9,window_size_fwd_std,-1.151377711329264,1.151377711329264
detection,9,pkt_len_mean_max,-1.1017062682883458,1.1017062682883458
detection,9,bwd_iat_min_max,1.0209143501593338,1.0209143501593338
detection,9,fwd_seg_size_min_mean,1.0185323345763586,1.0185323345763586
detection,9,bwd_iat_min_std,-1.006510308966096,1.006510308966096
detection,9,ack_flag_cnt_std,0.9988098809927156,0.9988098809927156
detection,9,pkt_len_min_std,0.9968096321528324,0.9968096321528324
detection,9,bytes_per_sec_sum,-0.9433996245090064,0.9433996245090064
detection,9,down_up_ratio_std,-0.9421583568613856,0.9421583568613856
detection,9,packet_count_bwd_std,0.9236787266136044,0.9236787266136044
detection,9,fwd_iat_std_std,0.8987145809189541,0.8987145809189541
detection,9,subflow_bwd_byts_sum,-0.870631564224226,0.870631564224226
detection,9,bwd_pkt_len_min_mean,0.8622756551540725,0.8622756551540725
detection,9,bwd_pkt_len_std_std,0.842464568311134,0.842464568311134
detection,9,byte_count_fwd_std,-0.8169112083894506,0.8169112083894506
detection,9,urg_flag_cnt_mean,-0.812840832214277,0.812840832214277
detection,9,bwd_pkts_per_sec_sum,-0.8078607570176747,0.8078607570176747
detection,9,pkt_len_std_mean,-0.805070172621356,0.805070172621356
detection,9,bwd_iat_max_std,-0.7906456244421798,0.7906456244421798
detection,9,bwd_iat_mean_std,0.7901211041531137,0.7901211041531137
detection,9,pkt_payload_size_p95,-0.7731595305956693,0.7731595305956693
detection,9,ece_flag_cnt_sum,0.7668429805800628,0.7668429805800628
detection,9,rst_flag_cnt_sum,0.7659660911007444,0.7659660911007444
detection,9,flow_iat_max_std,-0.7328744197421141,0.7328744197421141
detection,9,pkt_len_max_std,-0.7312665896118441,0.7312665896118441
detection,9,fwd_pkt_len_std_std,0.7025398505091298,0.7025398505091298
detection,9,packet_count_fwd_mean,0.697726903872255,0.697726903872255
detection,9,pkt_frag_df_count,0.6965678753771478,0.6965678753771478
detection,9,window_size_bwd_mean,-0.6965374278001629,0.6965374278001629
detection,9,urg_flag_cnt_max,0.6900679351822909,0.6900679351822909
detection,9,bwd_pkts_per_sec_std,0.6843458400753756,0.6843458400753756
detection,9,fwd_pkt_len_max_max,0.684145745198312,0.684145745198312
detection,9,bwd_iat_mean_max,-0.6710138316863214,0.6710138316863214
detection,9,ece_flag_cnt_std,0.6656667471171055,0.6656667471171055
detection,9,byte_count_bwd_max,-0.6514715572116511,0.6514715572116511
detection,9,active_max_sum,0.6422558534201566,0.6422558534201566
detection,9,rst_flag_cnt_std,0.6411736359453369,0.6411736359453369
detection,9,active_mean_sum,-0.6276317317353911,0.6276317317353911
detection,9,pkt_len_mean_mean,-0.6129147175211066,0.6129147175211066
detection,9,duration_sec_std,0.6124610412809895,0.6124610412809895
detection,9,active_std_sum,-0.6114678716870736,0.6114678716870736
detection,9,bwd_iat_mean_mean,0.5807931473108324,0.5807931473108324
detection,9,pkt_len_var_sum,0.5803743782270471,0.5803743782270471
detection,9,pkt_size_avg_mean,-0.5790000722874024,0.5790000722874024
detection,9,pkt_payload_size_p75,-0.559303240778027,0.559303240778027
detection,9,pkt_len_std_std,0.5471220194456269,0.5471220194456269
detection,9,bwd_iat_tot_mean,-0.5448842955000389,0.5448842955000389
detection,9,bwd_pkt_len_mean_sum,0.5446690962423876,0.5446690962423876
detection,9,bwd_seg_size_avg_sum,0.5446690962422097,0.5446690962422097
detection,9,pkt_len_max_mean,-0.5270721153868861,0.5270721153868861
detection,9,fwd_iat_mean_std,-0.5180436826985053,0.5180436826985053
detection,9,window_size_fwd_mean,0.5166151839236679,0.5166151839236679
detection,9,packets_per_sec_max,-0.5155022004465929,0.5155022004465929
detection,9,psh_flag_cnt_max,-0.5045059467281513,0.5045059467281513
detection,9,urg_flag_cnt_std,0.5044814358928522,0.5044814358928522
detection,9,subflow_bwd_byts_max,0.4822690974496267,0.4822690974496267
detection,9,bwd_iat_mean_sum,-0.4670942688697456,0.4670942688697456
detection,9,fwd_pkt_len_mean_sum,0.4587300727130902,0.4587300727130902
detection,9,fwd_seg_size_avg_sum,0.4587300727130902,0.4587300727130902
detection,9,bwd_pkt_len_min_std,-0.4579749166640766,0.4579749166640766
detection,9,fwd_pkt_len_max_sum,0.4474978855517301,0.4474978855517301
detection,9,fwd_pkt_len_std_sum,0.4434732625620055,0.4434732625620055
detection,9,fwd_iat_max_max,-0.4415836057919939,0.4415836057919939
detection,9,ack_flag_cnt_sum,0.4322324140474597,0.4322324140474597
detection,9,pkt_len_max_sum,0.4211378464952574,0.4211378464952574
detection,9,fwd_iat_min_max,0.4158996006254624,0.4158996006254624
detection,9,idle_max_mean,0.4150273721936633,0.4150273721936633
detection,9,pkt_ttl_std,0.413382534775676,0.413382534775676
detection,9,fwd_iat_max_std,-0.4112316862117634,0.4112316862117634
detection,9,pkt_ttl_mode,0.4096725150478087,0.4096725150478087
detection,9,flow_iat_min_sum,0.4080438464835278,0.4080438464835278
detection,9,window_size_bwd_sum,-0.4068621031823302,0.4068621031823302
detection,9,bwd_iat_std_sum,0.4040019502881165,0.4040019502881165
detection,9,pkt_len_mean_sum,0.3971648886290456,0.3971648886290456
detection,9,idle_min_std,-0.3931186552887649,0.3931186552887649
detection,9,down_up_ratio_mean,0.3927641031908814,0.3927641031908814
detection,9,bwd_header_len_std,-0.3918226116666624,0.3918226116666624
detection,9,pkt_ttl_max,-0.3871168417897453,0.3871168417897453
detection,9,mask_has_packet_level_features,-0.3871168417897453,0.3871168417897453
detection,9,idle_std_mean,0.3860412436504674,0.3860412436504674
detection,9,fwd_header_len_max,0.3849121164119738,0.3849121164119738
detection,9,duration_sec_sum,-0.3816058385356178,0.3816058385356178
detection,9,bwd_pkt_len_max_sum,0.379552370359589,0.379552370359589
detection,9,fwd_pkts_per_sec_max,-0.3737444643617343,0.3737444643617343
detection,9,ack_flag_cnt_max,-0.3733892631346147,0.3733892631346147
detection,9,fwd_iat_mean_max,0.373184130276783,0.373184130276783
detection,9,active_max_std,0.3731463473597907,0.3731463473597907
detection,9,pkt_len_std_sum,0.3674524139939321,0.3674524139939321
detection,9,pkt_size_avg_sum,0.3670564713381004,0.3670564713381004
detection,9,flow_iat_mean_sum,0.3589249314375711,0.3589249314375711
detection,9,down_up_ratio_max,0.3508191047376783,0.3508191047376783
detection,9,fwd_iat_std_max,0.3505039795891027,0.3505039795891027
detection,9,packet_count_bwd_mean,0.3493244713889917,0.3493244713889917
detection,9,duration_microsec_max,0.3478687794883848,0.3478687794883848
detection,9,active_mean_std,-0.3467782481871174,0.3467782481871174
detection,9,fwd_iat_min_sum,0.3449345547694441,0.3449345547694441
detection,9,bwd_iat_tot_max,-0.3441058623447381,0.3441058623447381
detection,9,window_size_bwd_max,0.3393578556919743,0.3393578556919743
detection,9,flow_iat_max_max,0.3354335473078705,0.3354335473078705
detection,9,bwd_iat_std_std,0.3351901655947901,0.3351901655947901
detection,9,duration_microsec_std,0.3343965051103322,0.3343965051103322
detection,9,cwe_flag_cnt_std,0.3343026451302885,0.3343026451302885
detection,9,fwd_urg_flags_std,0.3343026451302885,0.3343026451302885
detection,9,packet_count_bwd_max,0.3218102993128819,0.3218102993128819
detection,9,packet_count_fwd_max,-0.3171741602738001,0.3171741602738001
detection,9,rst_flag_cnt_max,-0.3158730974761595,0.3158730974761595
detection,9,ece_flag_cnt_max,-0.3158730974761595,0.3158730974761595
detection,9,flow_iat_max_mean,-0.315591823894235,0.315591823894235
detection,9,bwd_pkt_len_min_sum,0.3151737583948489,0.3151737583948489
detection,9,pkt_len_max_max,0.3130385476095449,0.3130385476095449
detection,9,fwd_header_len_std,0.310297860616906,0.310297860616906
detection,9,subflow_bwd_pkts_std,-0.3097460739876783,0.3097460739876783
detection,9,flow_iat_std_mean,-0.3095201078133844,0.3095201078133844
detection,9,psh_flag_cnt_mean,0.3087028199837401,0.3087028199837401
detection,9,bwd_iat_max_mean,-0.3086238550822805,0.3086238550822805
detection,9,idle_mean_mean,0.3071124479763649,0.3071124479763649
detection,9,bwd_iat_tot_std,-0.3050005735072509,0.3050005735072509
detection,9,pkt_len_mean_std,0.3023918927667193,0.3023918927667193
detection,9,fwd_act_data_pkts_std,0.2994615753997877,0.2994615753997877
detection,9,active_std_mean,-0.2975263243832755,0.2975263243832755
detection,9,subflow_fwd_pkts_std,0.2957805428915703,0.2957805428915703
detection,9,fwd_pkts_per_sec_sum,0.2950509067689271,0.2950509067689271
detection,9,fwd_iat_tot_std,0.2926184051370246,0.2926184051370246
detection,9,byte_count_bwd_sum,-0.2911765398824452,0.2911765398824452
detection,9,fwd_seg_size_min_sum,0.2901156303943656,0.2901156303943656
detection,9,down_up_ratio_sum,0.2886561287403364,0.2886561287403364
detection,9,bwd_pkts_per_sec_max,-0.2872023101538754,0.2872023101538754
detection,9,bytes_per_sec_std,0.285821103178268,0.285821103178268
detection,9,byte_count_fwd_sum,-0.2839340737294069,0.2839340737294069
detection,9,bwd_pkt_len_mean_std,0.2806865181729318,0.2806865181729318
detection,9,bwd_seg_size_avg_std,0.280686518167955,0.280686518167955
detection,9,fwd_iat_min_std,-0.2795389281069944,0.2795389281069944
detection,9,fwd_seg_size_avg_mean,-0.2772311697271081,0.2772311697271081
detection,9,fwd_pkt_len_mean_mean,-0.2772311697271081,0.2772311697271081
detection,9,fwd_iat_max_sum,0.2762006870429974,0.2762006870429974
detection,9,fwd_act_data_pkts_max,0.269777545690446,0.269777545690446
detection,9,flow_iat_std_sum,-0.2673555303478687,0.2673555303478687
detection,9,fwd_header_len_mean,0.2648081819737489,0.2648081819737489
detection,9,subflow_fwd_pkts_mean,0.2630893472509528,0.2630893472509528
detection,9,fwd_act_data_pkts_mean,0.262562826590969,0.262562826590969
detection,9,pkt_len_min_max,-0.2602820665754954,0.2602820665754954
detection,9,flow_iat_std_max,-0.2579592718442229,0.2579592718442229
detection,9,active_min_std,-0.2538717202893961,0.2538717202893961
detection,9,bwd_iat_max_sum,-0.2529102534605683,0.2529102534605683
detection,9,bwd_header_len_max,0.2501872628841347,0.2501872628841347
detection,9,subflow_fwd_byts_max,-0.2487007853384963,0.2487007853384963
detection,9,fwd_seg_size_min_std,-0.2481927454872655,0.2481927454872655
detection,9,idle_mean_std,-0.247174311469047,0.247174311469047
detection,9,active_min_max,0.2426191350026693,0.2426191350026693
detection,9,fwd_iat_std_mean,0.2392391067575108,0.2392391067575108
detection,9,fwd_pkts_per_sec_mean,0.2388475005213736,0.2388475005213736
detection,9,idle_max_max,-0.2387171839845002,0.2387171839845002
detection,9,fin_flag_cnt_max,0.2378659055903878,0.2378659055903878
detection,9,flow_iat_max_sum,0.2344293499614518,0.2344293499614518
detection,9,active_std_max,0.234074999822198,0.234074999822198
detection,9,subflow_bwd_pkts_sum,-0.2328413090005487,0.2328413090005487
detection,9,fwd_iat_tot_sum,-0.2324507755044106,0.2324507755044106
detection,9,pkt_size_avg_max,0.2318745357632654,0.2318745357632654
detection,9,subflow_fwd_byts_mean,0.2265512348077695,0.2265512348077695
detection,9,fwd_pkt_len_min_sum,-0.223714040947425,0.223714040947425
detection,9,fwd_header_len_sum,0.2209499432377811,0.2209499432377811
detection,9,fwd_pkt_len_min_std,0.2143324435072804,0.2143324435072804
detection,9,packets_per_sec_sum,-0.2124103740071434,0.2124103740071434
detection,9,fwd_pkt_len_max_mean,0.2113367064903606,0.2113367064903606
detection,9,ack_flag_cnt_mean,0.2108544633160377,0.2108544633160377
detection,9,active_mean_max,-0.2006911565740917,0.2006911565740917
detection,9,fwd_pkt_len_min_mean,-0.2002468388107835,0.2002468388107835
detection,9,bwd_pkt_len_mean_mean,0.1979692121660178,0.1979692121660178
detection,9,bwd_seg_size_avg_mean,0.1979692121647376,0.1979692121647376
detection,9,window_size_fwd_sum,0.1947231238302703,0.1947231238302703
detection,9,subflow_fwd_pkts_max,0.1931253558997556,0.1931253558997556
detection,9,fin_flag_cnt_std,0.1887755545390278,0.1887755545390278
detection,9,window_size_fwd_max,-0.1886293143511023,0.1886293143511023
detection,9,pkt_len_min_sum,-0.1885584141145413,0.1885584141145413
detection,9,packet_count_fwd_sum,0.1869701884677794,0.1869701884677794
detection,9,fwd_iat_mean_sum,0.1860504934738757,0.1860504934738757
detection,9,fwd_iat_mean_mean,-0.1805572250398621,0.1805572250398621
detection,9,subflow_fwd_byts_sum,0.1804975758395691,0.1804975758395691
detection,9,ece_flag_cnt_mean,0.17981054291505,0.17981054291505
detection,9,subflow_fwd_pkts_sum,0.1767241128819172,0.1767241128819172
detection,9,psh_flag_cnt_sum,0.1756585822701719,0.1756585822701719
detection,9,bwd_pkt_len_max_std,0.1754121087726313,0.1754121087726313
detection,9,fwd_urg_flags_mean,-0.1742896284721949,0.1742896284721949
detection,9,cwe_flag_cnt_mean,-0.1742896284721949,0.1742896284721949
detection,9,active_min_sum,0.1722564113910178,0.1722564113910178
detection,9,packet_count_bwd_sum,-0.1716773565620263,0.1716773565620263
detection,9,byte_count_fwd_min,0.1661936876313693,0.1661936876313693
detection,9,flow_iat_mean_mean,0.1656537322430324,0.1656537322430324
detection,9,fwd_act_data_pkts_sum,0.1651746940111287,0.1651746940111287
detection,9,flow_count,0.165166648106102,0.165166648106102
detection,9,bwd_pkt_len_std_sum,0.1642834688741546,0.1642834688741546
detection,9,active_max_mean,-0.1639115596039853,0.1639115596039853
detection,9,fwd_seg_size_min_min,-0.1598998163087,0.1598998163087
detection,9,packet_count_fwd_std,-0.1591364894350715,0.1591364894350715
detection,9,subflow_bwd_pkts_max,0.1487805301093213,0.1487805301093213
detection,9,pkt_ttl_min,-0.1474417463588861,0.1474417463588861
detection,9,byte_count_bwd_mean,-0.1456465008879812,0.1456465008879812
detection,9,fwd_act_data_pkts_min,0.1447100792061252,0.1447100792061252
detection,9,fwd_psh_flags_std,-0.1430013829682485,0.1430013829682485
detection,9,syn_flag_cnt_std,-0.1430013829682485,0.1430013829682485
detection,9,active_max_max,0.1419695814296029,0.1419695814296029
detection,9,packet_count_bwd_min,-0.1378912703900415,0.1378912703900415
detection,9,rst_flag_cnt_mean,0.1372685141795463,0.1372685141795463
detection,9,idle_max_sum,0.1363824447428309,0.1363824447428309
detection,9,flow_iat_min_mean,0.1351210839643095,0.1351210839643095
detection,9,duration_sec_max,0.1331485771087786,0.1331485771087786
detection,9,subflow_bwd_byts_std,-0.1329319352955417,0.1329319352955417
detection,9,packets_per_sec_min,-0.1322788458337755,0.1322788458337755
detection,9,cwe_flag_cnt_max,0.1311366850804893,0.1311366850804893
detection,9,fwd_urg_flags_max,0.1311366850804893,0.1311366850804893
detection,9,fwd_pkt_len_std_max,-0.1306353091675559,0.1306353091675559
detection,9,pkt_payload_size_p50,-0.1291355413934375,0.1291355413934375
detection,9,bwd_iat_tot_sum,-0.1250219868254572,0.1250219868254572
detection,9,fwd_seg_size_avg_std,-0.1231752610309012,0.1231752610309012
detection,9,fwd_pkt_len_mean_std,-0.1231752610309012,0.1231752610309012
detection,9,duration_microsec_sum,-0.1188403670317136,0.1188403670317136
detection,9,bwd_header_len_mean,-0.1182879783934259,0.1182879783934259
detection,9,fwd_iat_std_sum,0.1181291594993283,0.1181291594993283
detection,9,fwd_seg_size_min_max,-0.1106950268142962,0.1106950268142962
detection,9,fwd_iat_min_mean,-0.1097882667840773,0.1097882667840773
detection,9,packet_count_fwd_min,0.1084349978643603,0.1084349978643603
detection,9,fwd_pkts_per_sec_std,0.1068037175913502,0.1068037175913502
detection,9,pkt_size_avg_std,0.1059890931183385,0.1059890931183385
detection,9,active_mean_mean,-0.1058574708771071,0.1058574708771071
detection,9,duration_microsec_mean,0.1035434580475685,0.1035434580475685
detection,9,active_std_std,-0.1027857068734896,0.1027857068734896
detection,9,subflow_bwd_byts_mean,0.0938138211633179,0.0938138211633179
detection,9,unique_dst_ports_count,0.093088340779271,0.093088340779271
detection,9,pkt_len_std_max,0.0914372021499071,0.0914372021499071
detection,9,bwd_header_len_sum,-0.0909555435826856,0.0909555435826856
detection,9,idle_std_sum,0.086552173685798,0.086552173685798
detection,9,duration_microsec_min,0.0852988712542953,0.0852988712542953
detection,9,flow_iat_min_std,0.0847975923739716,0.0847975923739716
detection,9,fwd_iat_tot_min,0.0838837258985958,0.0838837258985958
detection,9,fwd_iat_tot_max,0.0802365535774757,0.0802365535774757
detection,9,fwd_psh_flags_sum,-0.0759065839899309,0.0759065839899309
detection,9,syn_flag_cnt_sum,-0.0759065839899309,0.0759065839899309
detection,9,bwd_pkts_per_sec_mean,-0.0744531857310687,0.0744531857310687
detection,9,fwd_iat_max_mean,-0.0717726333097158,0.0717726333097158
detection,9,bwd_iat_min_min,-0.0696705147255975,0.0696705147255975
detection,9,idle_mean_sum,0.0654791811559691,0.0654791811559691
detection,9,duration_sec_min,0.0643734613363294,0.0643734613363294
detection,9,subflow_fwd_pkts_min,0.0643149590746524,0.0643149590746524
detection,9,subflow_bwd_pkts_mean,-0.0640901838423977,0.0640901838423977
detection,9,flow_iat_min_max,0.0621004755196924,0.0621004755196924
detection,9,packets_per_sec_mean,-0.0612270541376708,0.0612270541376708
detection,9,packets_per_sec_std,-0.0611881608897322,0.0611881608897322
detection,9,fwd_iat_tot_mean,0.0571618908172263,0.0571618908172263
detection,9,bwd_iat_std_max,-0.0549793439373008,0.0549793439373008
detection,9,flow_iat_mean_max,-0.0543373760900812,0.0543373760900812
detection,9,bwd_pkt_len_mean_min,0.0524575769572118,0.0524575769572118
detection,9,bwd_seg_size_avg_min,0.0524575769572118,0.0524575769572118
detection,9,idle_std_max,-0.051634853541349,0.051634853541349
detection,9,idle_mean_max,-0.0515794394936968,0.0515794394936968
detection,9,syn_flag_cnt_mean,-0.0501835117411824,0.0501835117411824
detection,9,fwd_psh_flags_mean,-0.0501835117411824,0.0501835117411824
detection,9,byte_count_bwd_min,0.0490233513660008,0.0490233513660008
detection,9,syn_flag_cnt_max,0.048571975602574,0.048571975602574
detection,9,fwd_psh_flags_max,0.048571975602574,0.048571975602574
detection,9,subflow_bwd_pkts_min,-0.047037114547553,0.047037114547553
detection,9,fwd_header_len_min,-0.04613583909124,0.04613583909124
detection,9,idle_std_std,0.0460272311317768,0.0460272311317768
detection,9,active_min_mean,0.0459794505175618,0.0459794505175618
detection,9,pkt_len_std_min,0.0454798075947416,0.0454798075947416
detection,9,bwd_pkt_len_max_min,0.0453503869930138,0.0453503869930138
detection,9,pkt_len_min_min,0.0443046298301756,0.0443046298301756
detection,9,fwd_pkt_len_max_min,-0.04420425292654,0.04420425292654
detection,9,fwd_pkt_len_min_min,0.0441709845481787,0.0441709845481787
detection,9,subflow_bwd_byts_min,0.0441161367288737,0.0441161367288737
detection,9,pkt_len_var_min,0.0438536522257975,0.0438536522257975
detection,9,fwd_iat_std_min,-0.0431430419869772,0.0431430419869772
detection,9,bwd_pkt_len_std_min,0.0425686935187976,0.0425686935187976
detection,9,flow_iat_mean_std,-0.0423745816552338,0.0423745816552338
detection,9,idle_max_std,-0.0410030542117837,0.0410030542117837
detection,9,fin_flag_cnt_mean,0.0400153163456273,0.0400153163456273
detection,9,duration_sec_mean,-0.0391734945694334,0.0391734945694334
detection,9,flow_iat_std_min,-0.0385875736191564,0.0385875736191564
detection,9,bwd_iat_mean_min,-0.0372413963421185,0.0372413963421185
detection,9,window_size_bwd_min,0.0360760496110639,0.0360760496110639
detection,9,fwd_pkt_len_std_min,0.0347593438856228,0.0347593438856228
detection,9,bwd_iat_max_max,-0.0318051429012443,0.0318051429012443
detection,9,fwd_pkt_len_min_max,0.0302762915248497,0.0302762915248497
detection,9,idle_std_min,-0.028800243188023,0.028800243188023
detection,9,window_size_fwd_min,0.0278178837407767,0.0278178837407767
detection,9,idle_min_min,-0.0252134265526034,0.0252134265526034
detection,9,pkt_len_min_mean,-0.0250242223289739,0.0250242223289739
detection,9,active_std_min,0.0245156699693292,0.0245156699693292
detection,9,pkt_len_mean_min,0.0240351765299137,0.0240351765299137
detection,9,syn_flag_cnt_min,-0.0236996940910579,0.0236996940910579
detection,9,ack_flag_cnt_min,-0.0236996940910579,0.0236996940910579
detection,9,fwd_psh_flags_min,-0.0236996940910579,0.0236996940910579
detection,9,idle_min_max,-0.0234324307015728,0.0234324307015728
detection,9,flow_iat_min_min,0.0227466018793733,0.0227466018793733
detection,9,psh_flag_cnt_std,-0.0225177979678179,0.0225177979678179
detection,9,bwd_iat_tot_min,0.0202652588567347,0.0202652588567347
detection,9,bwd_pkt_len_max_mean,0.0190129000393798,0.0190129000393798
detection,9,subflow_fwd_byts_min,-0.017541387792409,0.017541387792409
detection,9,flow_iat_mean_min,0.017114984665155,0.017114984665155
detection,9,pkt_len_max_min,0.0169059602029933,0.0169059602029933
detection,9,byte_count_fwd_mean,0.0164660992961374,0.0164660992961374
detection,9,urg_flag_cnt_sum,0.016030132211927,0.016030132211927
detection,9,bytes_per_sec_min,0.0149286884872557,0.0149286884872557
detection,9,idle_min_mean,0.0140768576467824,0.0140768576467824
detection,9,bwd_iat_min_sum,0.01385343831745,0.01385343831745
detection,9,psh_flag_cnt_min,0.0132531577946491,0.0132531577946491
detection,9,active_max_min,0.0125646636098669,0.0125646636098669
detection,9,pkt_size_avg_min,0.011582433637124,0.011582433637124
detection,9,fwd_iat_mean_min,0.0113069649210122,0.0113069649210122
detection,9,bwd_iat_std_min,0.0107772553972631,0.0107772553972631
detection,9,pkt_payload_size_p25,0.0103248550217923,0.0103248550217923
detection,9,bwd_pkt_len_max_max,-0.0088728077833091,0.0088728077833091
detection,9,cwe_flag_cnt_sum,0.0086205677392371,0.0086205677392371
detection,9,fwd_urg_flags_sum,0.0086205677392371,0.0086205677392371
detection,9,fwd_pkts_per_sec_min,0.0083669353639969,0.0083669353639969
detection,9,bwd_pkts_per_sec_min,0.0083458869646499,0.0083458869646499
detection,9,bwd_iat_min_mean,0.008313926896695,0.008313926896695
detection,9,idle_min_sum,-0.0079620125574776,0.0079620125574776
detection,9,fwd_seg_size_avg_min,0.0077674272166082,0.0077674272166082
detection,9,fwd_pkt_len_mean_min,0.0077674272166082,0.0077674272166082
detection,9,idle_max_min,0.0076652963847434,0.0076652963847434
detection,9,flow_iat_max_min,0.0071509212510748,0.0071509212510748
detection,9,fwd_iat_max_min,0.0070272349794129,0.0070272349794129
detection,9,subflow_fwd_byts_std,-0.0067471454277481,0.0067471454277481
detection,9,active_min_min,-0.0061501619057743,0.0061501619057743
detection,9,fwd_iat_min_min,0.0058638978214398,0.0058638978214398
detection,9,active_mean_min,0.0058349508500557,0.0058349508500557
detection,9,bwd_iat_max_min,-0.0057892975509043,0.0057892975509043
detection,9,fwd_seg_size_avg_max,-0.0046652902602866,0.0046652902602866
detection,9,fwd_pkt_len_mean_max,-0.0046652902602866,0.0046652902602866
detection,9,idle_mean_min,-0.0046414283114465,0.0046414283114465
detection,9,down_up_ratio_min,-0.0045341243890911,0.0045341243890911
detection,9,bwd_pkt_len_min_max,-0.0033234885263807,0.0033234885263807
detection,9,bwd_header_len_min,0.000747507142899,0.000747507142899
detection,9,unique_protocols_count,0.0006312242659997,0.0006312242659997
detection,9,fin_flag_cnt_sum,0.0004123392409995,0.0004123392409995
detection,9,bwd_urg_flags_mean,0.0,0.0
detection,9,bwd_urg_flags_min,0.0,0.0
detection,9,urg_flag_cnt_min,0.0,0.0
detection,9,bwd_urg_flags_std,0.0,0.0
detection,9,bwd_urg_flags_sum,0.0,0.0
detection,9,pkt_frag_mf_count,0.0,0.0
detection,9,mask_has_traffic_volume_features,0.0,0.0
detection,9,mask_has_flow_timing_features,0.0,0.0
detection,9,mask_has_identity_auth,0.0,0.0
detection,9,mask_has_graph_topology,0.0,0.0
detection,9,mask_has_tcp_flags,0.0,0.0
detection,9,cwe_flag_cnt_min,0.0,0.0
detection,9,fwd_urg_flags_min,0.0,0.0
detection,9,fin_flag_cnt_min,0.0,0.0
detection,9,rst_flag_cnt_min,0.0,0.0
detection,9,bwd_psh_flags_mean,0.0,0.0
detection,9,bwd_psh_flags_std,0.0,0.0
detection,9,bwd_psh_flags_min,0.0,0.0
detection,9,bwd_psh_flags_sum,0.0,0.0
detection,9,bwd_psh_flags_max,0.0,0.0
detection,9,bwd_urg_flags_max,0.0,0.0
detection,9,ece_flag_cnt_min,0.0,0.0
detection,9,bwd_blk_rate_avg_std,0.0,0.0
detection,9,bwd_blk_rate_avg_sum,0.0,0.0
detection,9,bwd_pkts_b_avg_max,0.0,0.0
detection,9,bwd_pkts_b_avg_min,0.0,0.0
detection,9,bwd_pkts_b_avg_sum,0.0,0.0
detection,9,bwd_blk_rate_avg_mean,0.0,0.0
detection,9,bwd_blk_rate_avg_max,0.0,0.0
detection,9,bwd_byts_b_avg_max,0.0,0.0
detection,9,bwd_byts_b_avg_min,0.0,0.0
detection,9,fwd_byts_b_avg_max,0.0,0.0
detection,9,fwd_pkts_b_avg_mean,0.0,0.0
detection,9,fwd_byts_b_avg_mean,0.0,0.0
detection,9,fwd_byts_b_avg_std,0.0,0.0
detection,9,bwd_blk_rate_avg_min,0.0,0.0
detection,9,fwd_byts_b_avg_min,0.0,0.0
detection,9,fwd_blk_rate_avg_std,0.0,0.0
detection,9,fwd_blk_rate_avg_mean,0.0,0.0
detection,9,fwd_pkts_b_avg_max,0.0,0.0
detection,9,fwd_pkts_b_avg_min,0.0,0.0
detection,9,fwd_pkts_b_avg_sum,0.0,0.0
detection,9,fwd_pkts_b_avg_std,0.0,0.0
detection,9,fwd_blk_rate_avg_sum,0.0,0.0
detection,9,fwd_blk_rate_avg_min,0.0,0.0
detection,9,bwd_byts_b_avg_mean,0.0,0.0
detection,9,fwd_blk_rate_avg_max,0.0,0.0
detection,9,bwd_byts_b_avg_sum,0.0,0.0
detection,9,bwd_byts_b_avg_std,0.0,0.0
detection,9,bwd_pkts_b_avg_mean,0.0,0.0
detection,9,bwd_pkts_b_avg_std,0.0,0.0
detection,9,fwd_byts_b_avg_sum,0.0,0.0
detection,9,bwd_pkt_len_min_min,0.0,0.0
