timestamp,deviation_score,future_attack_label,protocol,fold_id,actual_state,predicted_mean,predicted_std
2018-03-02 03:31:00+00:00,68.31468,1,LOEO,0,"[np.float32(-1986.2001), np.float32(-62.387527), np.float32(-14.246305), np.float32(-11.349159), np.float32(-0.2616241), np.float32(15.227153), np.float32(3.383967), np.float32(-3.287099), np.float32(8.67504), np.float32(8.607851), np.float32(-10.426353), np.float32(21.267756), np.float32(-8.748681), np.float32(-0.6447326), np.float32(-0.88750964), np.float32(-0.7348354), np.float32(-3.0581288), np.float32(-3.2940226), np.float32(0.76450276), np.float32(1.0966074), np.float32(-1.3154469), np.float32(1.4724127), np.float32(-4.2427454), np.float32(-0.97977895), np.float32(1.3936394), np.float32(-0.37925172), np.float32(-4.224656), np.float32(-1.2336336), np.float32(7.497402), np.float32(-0.91471326), np.float32(-2.9212384), np.float32(0.5734794)]","[np.float32(-1.894387), np.float32(-0.72081417), np.float32(-0.18507029), np.float32(0.15212207), np.float32(-0.43052125), np.float32(0.2620139), np.float32(0.6985963), np.float32(0.43665892), np.float32(0.30160558), np.float32(0.5818908), np.float32(-1.1239662), np.float32(-0.4921407), np.float32(-0.18878272), np.float32(-0.16876204), np.float32(0.14330095), np.float32(0.35710895), np.float32(-0.8650322), np.float32(-0.34603164), np.float32(-0.032013245), np.float32(-0.005127918), np.float32(0.14236943), np.float32(0.07076833), np.float32(-0.21305105), np.float32(0.045232106), np.float32(-0.062828526), np.float32(0.08248767), np.float32(0.06276011), np.float32(0.2419362), np.float32(0.11545433), np.float32(-0.11475292), np.float32(0.05658224), np.float32(-0.0035620893)]","[np.float32(1.606801), np.float32(0.9762493), np.float32(1.0530628), np.float32(0.9100137), np.float32(0.9268404), np.float32(0.92810535), np.float32(1.1909294), np.float32(0.8059361), np.float32(1.204728), np.float32(1.1604793), np.float32(1.0822356), np.float32(0.9371335), np.float32(1.1016783), np.float32(1.1018289), np.float32(1.1153065), np.float32(1.0588815), np.float32(1.0924976), np.float32(1.0106727), np.float32(1.1639265), np.float32(1.3373982), np.float32(1.0934587), np.float32(1.183456), np.float32(1.5200032), np.float32(1.1570041), np.float32(0.8663773), np.float32(1.3832761), np.float32(1.2121298), np.float32(1.0975219), np.float32(1.4544876), np.float32(1.0559506), np.float32(1.2633568), np.float32(1.3342962)]"
2018-03-02 03:32:00+00:00,68.3949,1,LOEO,0,"[np.float32(-1987.2609), np.float32(-62.833763), np.float32(-14.100305), np.float32(-11.962181), np.float32(-0.9973426), np.float32(13.800492), np.float32(1.7056103), np.float32(-3.4477136), np.float32(12.561882), np.float32(6.771779), np.float32(-14.295615), np.float32(27.962307), np.float32(-7.3299985), np.float32(-0.13272741), np.float32(-0.32498273), np.float32(-1.0102415), np.float32(-6.584126), np.float32(-3.0889037), np.float32(-0.70997703), np.float32(0.91743255), np.float32(-0.7130345), np.float32(-3.1669924), np.float32(0.98928696), np.float32(-2.708016), np.float32(0.91392154), np.float32(1.8186849), np.float32(-1.6423244), np.float32(0.70720947), np.float32(0.05395932), np.float32(-0.08374017), np.float32(2.3343692), np.float32(1.6738479)]","[np.float32(-1.8945363), np.float32(-0.72093886), np.float32(-0.18508364), np.float32(0.15220723), np.float32(-0.43057767), np.float32(0.2620401), np.float32(0.6987023), np.float32(0.43665877), np.float32(0.301657), np.float32(0.58191615), np.float32(-1.1240286), np.float32(-0.49217802), np.float32(-0.18880351), np.float32(-0.16878866), np.float32(0.14336827), np.float32(0.3571435), np.float32(-0.86503386), np.float32(-0.34601727), np.float32(-0.03201405), np.float32(-0.0050817505), np.float32(0.14238523), np.float32(0.07078987), np.float32(-0.21307078), np.float32(0.04525848), np.float32(-0.06284319), np.float32(0.082521565), np.float32(0.06274312), np.float32(0.24188465), np.float32(0.1154844), np.float32(-0.11474945), np.float32(0.056558423), np.float32(-0.003514981)]","[np.float32(1.6068441), np.float32(0.9763125), np.float32(1.0531379), np.float32(0.9100092), np.float32(0.9269212), np.float32(0.9280898), np.float32(1.1910156), np.float32(0.8059103), np.float32(1.2047709), np.float32(1.1605338), np.float32(1.082214), np.float32(0.93714154), np.float32(1.1016887), np.float32(1.1018271), np.float32(1.1153055), np.float32(1.0589079), np.float32(1.0925633), np.float32(1.010716), np.float32(1.1639626), np.float32(1.3374287), np.float32(1.0934948), np.float32(1.1834654), np.float32(1.5200768), np.float32(1.1570303), np.float32(0.8663774), np.float32(1.383305), np.float32(1.2121502), np.float32(1.0975254), np.float32(1.4545228), np.float32(1.0559653), np.float32(1.2633325), np.float32(1.3343211)]"
2018-03-02 03:33:00+00:00,68.23758,1,LOEO,0,"[np.float32(-1986.6378), np.float32(-62.724876), np.float32(-14.236708), np.float32(-11.395362), np.float32(-0.39497894), np.float32(15.089676), np.float32(3.1949866), np.float32(-3.5276308), np.float32(8.368635), np.float32(8.689954), np.float32(-11.722214), np.float32(22.183605), np.float32(-8.672983), np.float32(0.044864077), np.float32(-0.44961402), np.float32(-1.2490383), np.float32(-3.6070235), np.float32(-3.4001074), np.float32(0.45542285), np.float32(0.93274295), np.float32(-1.2641971), np.float32(0.6929248), np.float32(-3.5074735), np.float32(0.027594678), np.float32(0.24366085), np.float32(0.05479955), np.float32(-4.9771123), np.float32(-2.2252436), np.float32(6.6612754), np.float32(-1.2313623), np.float32(0.9037524), np.float32(0.66989654)]","[np.float32(-1.8945413), np.float32(-0.7209409), np.float32(-0.18508428), np.float32(0.15220767), np.float32(-0.430577), np.float32(0.26204118), np.float32(0.6987033), np.float32(0.43665823), np.float32(0.30165848), np.float32(0.5819169), np.float32(-1.1240302), np.float32(-0.49217921), np.float32(-0.18880269), np.float32(-0.1687901), np.float32(0.14336792), np.float32(0.35714284), np.float32(-0.8650353), np.float32(-0.34601757), np.float32(-0.032014534), np.float32(-0.0050811954), np.float32(0.14238794), np.float32(0.07079175), np.float32(-0.21307108), np.float32(0.045258585), np.float32(-0.06284301), np.float32(0.08252266), np.float32(0.06274513), np.float32(0.24188402), np.float32(0.11548494), np.float32(-0.114751115), np.float32(0.05656018), np.float32(-0.0035149297)]","[np.float32(1.606847), np.float32(0.97631294), np.float32(1.0531374), np.float32(0.9100107), np.float32(0.926922), np.float32(0.92808884), np.float32(1.1910176), np.float32(0.8059105), np.float32(1.2047718), np.float32(1.1605351), np.float32(1.0822144), np.float32(0.9371424), np.float32(1.10169), np.float32(1.101828), np.float32(1.1153079), np.float32(1.0589087), np.float32(1.0925632), np.float32(1.0107164), np.float32(1.1639655), np.float32(1.3374285), np.float32(1.0934966), np.float32(1.1834648), np.float32(1.5200783), np.float32(1.157031), np.float32(0.8663791), np.float32(1.3833063), np.float32(1.2121516), np.float32(1.0975262), np.float32(1.4545248), np.float32(1.055967), np.float32(1.2633337), np.float32(1.3343226)]"
2018-03-02 03:34:00+00:00,68.262505,1,LOEO,0,"[np.float32(-1987.279), np.float32(-62.911976), np.float32(-14.179079), np.float32(-12.078772), np.float32(-1.1497443), np.float32(15.095983), np.float32(1.8793057), np.float32(1.7090147), np.float32(2.8834796), np.float32(3.137779), np.float32(-12.880141), np.float32(19.29861), np.float32(-9.41196), np.float32(-0.89632976), np.float32(-0.85315686), np.float32(-2.0025096), np.float32(-6.923046), np.float32(-2.7013977), np.float32(-0.42895934), np.float32(1.855459), np.float32(-0.26108602), np.float32(-4.1200733), np.float32(4.038615), np.float32(-2.6452496), np.float32(2.6363113), np.float32(2.998857), np.float32(-3.850196), np.float32(-2.9421387), np.float32(0.8678129), np.float32(-0.9026858), np.float32(3.254787), np.float32(2.9405272)]","[np.float32(-1.8945665), np.float32(-0.7209647), np.float32(-0.1850864), np.float32(0.1522251), np.float32(-0.4305897), np.float32(0.2620454), np.float32(0.6987244), np.float32(0.43665883), np.float32(0.30166754), np.float32(0.5819214), np.float32(-1.1240414), np.float32(-0.49218577), np.float32(-0.188808), np.float32(-0.16879398), np.float32(0.14338255), np.float32(0.35715088), np.float32(-0.86503386), np.float32(-0.34601426), np.float32(-0.03201413), np.float32(-0.0050721467), np.float32(0.1423881), np.float32(0.07079415), np.float32(-0.2130749), np.float32(0.04526406), np.float32(-0.06284638), np.float32(0.08252859), np.float32(0.0627392), np.float32(0.24187389), np.float32(0.115490645), np.float32(-0.11474837), np.float32(0.05655304), np.float32(-0.003505065)]","[np.float32(1.6068528), np.float32(0.97632575), np.float32(1.0531539), np.float32(0.9100081), np.float32(0.926938), np.float32(0.9280867), np.float32(1.1910335), np.float32(0.8059048), np.float32(1.2047796), np.float32(1.160545), np.float32(1.0822092), np.float32(0.9371431), np.float32(1.1016908), np.float32(1.1018265), np.float32(1.1153048), np.float32(1.0589132), np.float32(1.0925771), np.float32(1.0107249), np.float32(1.1639698), np.float32(1.337435), np.float32(1.0935019), np.float32(1.1834676), np.float32(1.5200918), np.float32(1.1570356), np.float32(0.8663772), np.float32(1.3833108), np.float32(1.2121544), np.float32(1.0975258), np.float32(1.45453), np.float32(1.055968), np.float32(1.2633269), np.float32(1.334326)]"
2018-03-02 03:35:00+00:00,67.99821,1,LOEO,0,"[np.float32(-1985.3058), np.float32(-61.132877), np.float32(-14.258585), np.float32(-9.788898), np.float32(0.76962936), np.float32(15.266483), np.float32(3.3836184), np.float32(0.25779867), np.float32(8.106568), np.float32(11.354441), np.float32(-9.542401), np.float32(19.80833), np.float32(-8.66307), np.float32(-0.45560145), np.float32(-0.03870372), np.float32(-2.5681162), np.float32(2.55177), np.float32(-2.4189558), np.float32(0.27328897), np.float32(0.8071799), np.float32(-1.3758295), np.float32(1.2453827), np.float32(-5.908833), np.float32(-1.6965014), np.float32(0.80843014), np.float32(-0.32470608), np.float32(-3.2177362), np.float32(-1.3403614), np.float32(4.055253), np.float32(-0.0748521), np.float32(-1.3393294), np.float32(-1.6207471)]","[np.float32(-1.8945444), np.float32(-0.720949), np.float32(-0.18508427), np.float32(0.15221545), np.float32(-0.43058443), np.float32(0.2620414), np.float32(0.6987116), np.float32(0.43665951), np.float32(0.3016605), np.float32(0.5819176), np.float32(-1.1240329), np.float32(-0.4921804), np.float32(-0.18880685), np.float32(-0.16878948), np.float32(0.14337593), np.float32(0.35714808), np.float32(-0.86503184), np.float32(-0.34601548), np.float32(-0.032013483), np.float32(-0.0050777234), np.float32(0.14238317), np.float32(0.07078971), np.float32(-0.2130723), np.float32(0.04526108), np.float32(-0.06284505), np.float32(0.0825237), np.float32(0.062738575), np.float32(0.24188012), np.float32(0.115486845), np.float32(-0.11474666), np.float32(0.056553364), np.float32(-0.0035100994)]","[np.float32(1.6068448), np.float32(0.97631854), np.float32(1.0531466), np.float32(0.91000676), np.float32(0.9269285), np.float32(0.92808956), np.float32(1.1910223), np.float32(0.8059071), np.float32(1.204774), np.float32(1.1605375), np.float32(1.082211), np.float32(0.9371412), np.float32(1.1016879), np.float32(1.1018257), np.float32(1.1153022), np.float32(1.0589095), np.float32(1.0925703), np.float32(1.0107198), np.float32(1.1639625), np.float32(1.3374321), np.float32(1.0934962), np.float32(1.1834673), np.float32(1.5200822), np.float32(1.1570315), np.float32(0.86637515), np.float32(1.3833063), np.float32(1.2121507), np.float32(1.0975245), np.float32(1.4545243), np.float32(1.0559647), np.float32(1.2633282), np.float32(1.3343216)]"
2018-03-02 03:36:00+00:00,68.39273,1,LOEO,0,"[np.float32(-1986.1337), np.float32(-62.267387), np.float32(-14.236563), np.float32(-10.893927), np.float32(0.45517695), np.float32(15.110009), np.float32(2.7246654), np.float32(-2.757292), np.float32(6.719885), np.float32(9.987938), np.float32(-10.632158), np.float32(20.92072), np.float32(-8.919123), np.float32(0.0063805096), np.float32(-0.6610805), np.float32(-2.5501184), np.float32(-2.9095645), np.float32(-4.551196), np.float32(0.042963542), np.float32(1.0009068), np.float32(-2.084019), np.float32(2.8355212), np.float32(-6.480578), np.float32(-0.20803757), np.float32(-0.4881508), np.float32(-0.2221562), np.float32(-5.2504697), np.float32(-2.531239), np.float32(5.4964113), np.float32(-1.6498532), np.float32(0.59704953), np.float32(2.248869)]","[np.float32(-1.8945744), np.float32(-0.7209629), np.float32(-0.18508762), np.float32(0.15222046), np.float32(-0.43058318), np.float32(0.2620474), np.float32(0.69872105), np.float32(0.43665665), np.float32(0.3016689), np.float32(0.58192253), np.float32(-1.1240426), np.float32(-0.49218714), np.float32(-0.18880358), np.float32(-0.1687971), np.float32(0.14337614), np.float32(0.357146), np.float32(-0.8650393), np.float32(-0.34601623), np.float32(-0.032015704), np.float32(-0.0050734133), np.float32(0.14239663), np.float32(0.07079914), np.float32(-0.2130746), np.float32(0.045262475), np.float32(-0.06284443), np.float32(0.08252987), np.float32(0.062747695), np.float32(0.24187541), np.float32(0.1154903), np.float32(-0.11475484), np.float32(0.056561437), np.float32(-0.0035083313)]","[np.float32(1.6068593), np.float32(0.97632265), np.float32(1.0531462), np.float32(0.9100136), np.float32(0.926935), np.float32(0.9280844), np.float32(1.1910338), np.float32(0.8059078), np.float32(1.20478), np.float32(1.160546), np.float32(1.0822127), np.float32(0.93714553), np.float32(1.1016948), np.float32(1.1018298), np.float32(1.1153135), np.float32(1.0589144), np.float32(1.092572), np.float32(1.0107236), np.float32(1.1639773), np.float32(1.3374321), np.float32(1.0935055), np.float32(1.1834646), np.float32(1.5200921), np.float32(1.157037), np.float32(0.8663831), np.float32(1.3833132), np.float32(1.2121575), np.float32(1.0975288), np.float32(1.4545337), np.float32(1.0559727), np.float32(1.2633333), np.float32(1.3343292)]"
2018-03-02 03:37:00+00:00,68.02797,1,LOEO,0,"[np.float32(-1986.7258), np.float32(-62.667618), np.float32(-14.221015), np.float32(-11.934937), np.float32(-0.39908385), np.float32(14.979983), np.float32(2.919529), np.float32(-2.8040915), np.float32(8.252176), np.float32(7.993384), np.float32(-12.2016), np.float32(22.739042), np.float32(-8.529738), np.float32(-0.2853073), np.float32(-0.35341245), np.float32(-1.2196437), np.float32(-4.165547), np.float32(-2.9670088), np.float32(0.531237), np.float32(1.1290365), np.float32(-1.20049), np.float32(-1.8130194), np.float32(-0.6206497), np.float32(-1.6130546), np.float32(0.39504537), np.float32(-0.5927149), np.float32(-2.5927958), np.float32(-0.14601307), np.float32(1.2967799), np.float32(-1.658098), np.float32(2.486002), np.float32(1.3355623)]","[np.float32(-1.8945789), np.float32(-0.7209722), np.float32(-0.18508758), np.float32(0.15222901), np.float32(-0.43059108), np.float32(0.2620478), np.float32(0.6987301), np.float32(0.43665814), np.float32(0.30167136), np.float32(0.58192337), np.float32(-1.1240457), np.float32(-0.49218863), np.float32(-0.18880785), np.float32(-0.16879676), np.float32(0.14338475), np.float32(0.35715157), np.float32(-0.86503583), np.float32(-0.34601402), np.float32(-0.032014713), np.float32(-0.0050695874), np.float32(0.14239195), np.float32(0.07079716), np.float32(-0.21307607), np.float32(0.045265216), np.float32(-0.062846646), np.float32(0.08253116), np.float32(0.06274093), np.float32(0.24187109), np.float32(0.11549251), np.float32(-0.11475031), np.float32(0.056554295), np.float32(-0.0035030989)]","[np.float32(1.6068579), np.float32(0.9763288), np.float32(1.0531563), np.float32(0.9100096), np.float32(0.9269423), np.float32(0.9280849), np.float32(1.1910391), np.float32(0.80590403), np.float32(1.2047826), np.float32(1.1605488), np.float32(1.082209), np.float32(0.9371444), np.float32(1.1016928), np.float32(1.1018275), np.float32(1.1153077), np.float32(1.0589155), np.float32(1.0925796), np.float32(1.0107273), np.float32(1.1639746), np.float32(1.337436), np.float32(1.0935055), np.float32(1.183467), np.float32(1.5200967), np.float32(1.1570377), np.float32(0.86637914), np.float32(1.3833135), np.float32(1.2121568), np.float32(1.0975271), np.float32(1.4545336), np.float32(1.0559705), np.float32(1.2633276), np.float32(1.3343288)]"
2018-03-02 03:38:00+00:00,68.03689,1,LOEO,0,"[np.float32(-1986.7919), np.float32(-62.593464), np.float32(-14.231613), np.float32(-11.71416), np.float32(-0.37838143), np.float32(15.089126), np.float32(3.2553926), np.float32(-2.7519925), np.float32(7.729933), np.float32(8.69982), np.float32(-11.875424), np.float32(21.41545), np.float32(-8.944962), np.float32(0.056534175), np.float32(-0.06736549), np.float32(-1.1520803), np.float32(-5.1285925), np.float32(-2.8074014), np.float32(0.2649851), np.float32(1.0514013), np.float32(-1.24673), np.float32(-1.5497841), np.float32(-0.7359889), np.float32(-1.2985387), np.float32(-0.70310163), np.float32(1.0832921), np.float32(-1.5504603), np.float32(0.3266168), np.float32(-0.9183527), np.float32(-1.0199645), np.float32(3.8115895), np.float32(2.9752307)]","[np.float32(-1.894553), np.float32(-0.72095454), np.float32(-0.185085), np.float32(0.15221858), np.float32(-0.43058586), np.float32(0.26204294), np.float32(0.698716), np.float32(0.43665916), np.float32(0.30166304), np.float32(0.58191895), np.float32(-1.1240361), np.float32(-0.49218243), np.float32(-0.18880698), np.float32(-0.16879128), np.float32(0.1433779), np.float32(0.35714877), np.float32(-0.865033), np.float32(-0.34601513), np.float32(-0.03201378), np.float32(-0.005075842), np.float32(0.14238541), np.float32(0.07079147), np.float32(-0.21307324), np.float32(0.045262013), np.float32(-0.06284539), np.float32(0.08252546), np.float32(0.062739305), np.float32(0.24187806), np.float32(0.11548816), np.float32(-0.11474763), np.float32(0.05655369), np.float32(-0.0035085245)]","[np.float32(1.6068479), np.float32(0.9763209), np.float32(1.0531487), np.float32(0.9100076), np.float32(0.9269317), np.float32(0.9280884), np.float32(1.1910262), np.float32(0.8059064), np.float32(1.204776), np.float32(1.1605401), np.float32(1.0822105), np.float32(0.93714195), np.float32(1.1016891), np.float32(1.1018263), np.float32(1.1153036), np.float32(1.058911), np.float32(1.0925723), np.float32(1.0107214), np.float32(1.1639655), np.float32(1.337433), np.float32(1.0934985), np.float32(1.1834671), np.float32(1.5200857), np.float32(1.1570332), np.float32(0.8663762), np.float32(1.3833079), np.float32(1.2121521), np.float32(1.0975251), np.float32(1.4545265), np.float32(1.0559661), np.float32(1.2633282), np.float32(1.3343234)]"
2018-03-02 03:39:00+00:00,68.21345,1,LOEO,0,"[np.float32(-1986.364), np.float32(-62.15996), np.float32(-14.240906), np.float32(-9.871096), np.float32(-0.20938072), np.float32(15.152919), np.float32(3.0190737), np.float32(-1.8228971), np.float32(7.8713784), np.float32(9.051033), np.float32(-10.212896), np.float32(20.87877), np.float32(-8.510883), np.float32(-0.11798324), np.float32(0.22005518), np.float32(-1.3641993), np.float32(-3.579601), np.float32(-3.804008), np.float32(0.22433972), np.float32(1.2336639), np.float32(-0.7538126), np.float32(1.6092138), np.float32(-4.3427377), np.float32(-0.658492), np.float32(2.0573092), np.float32(-0.48765853), np.float32(-3.9330938), np.float32(-1.0058208), np.float32(9.685839), np.float32(-0.7916465), np.float32(-2.8472486), np.float32(0.45690012)]","[np.float32(-1.8945577), np.float32(-0.7209593), np.float32(-0.18508537), np.float32(0.1522224), np.float32(-0.43058887), np.float32(0.26204365), np.float32(0.69872034), np.float32(0.43665946), np.float32(0.30166477), np.float32(0.58191985), np.float32(-1.1240382), np.float32(-0.49218363), np.float32(-0.1888083), np.float32(-0.16879185), np.float32(0.14338124), np.float32(0.3571507), np.float32(-0.8650324), np.float32(-0.34601435), np.float32(-0.032013632), np.float32(-0.0050739422), np.float32(0.14238492), np.float32(0.07079168), np.float32(-0.21307397), np.float32(0.045263212), np.float32(-0.0628462), np.float32(0.082526624), np.float32(0.06273761), np.float32(0.24187589), np.float32(0.115489334), np.float32(-0.11474672), np.float32(0.05655175), np.float32(-0.0035063522)]","[np.float32(1.6068488), np.float32(0.97632366), np.float32(1.0531524), np.float32(0.91000664), np.float32(0.9269351), np.float32(0.9280881), np.float32(1.1910294), np.float32(0.80590504), np.float32(1.2047776), np.float32(1.1605421), np.float32(1.0822093), np.float32(0.93714195), np.float32(1.101689), np.float32(1.1018258), np.float32(1.1153026), np.float32(1.0589119), np.float32(1.0925754), np.float32(1.0107232), np.float32(1.1639658), np.float32(1.3374343), np.float32(1.0934994), np.float32(1.183468), np.float32(1.5200883), np.float32(1.1570339), np.float32(0.86637545), np.float32(1.3833089), np.float32(1.2121525), np.float32(1.0975249), np.float32(1.4545273), np.float32(1.0559661), np.float32(1.2633264), np.float32(1.334324)]"
2018-03-02 03:40:00+00:00,67.278244,1,LOEO,0,"[np.float32(-1986.1339), np.float32(-62.24749), np.float32(-14.3055105), np.float32(-11.379666), np.float32(0.50115705), np.float32(17.07156), np.float32(3.2102947), np.float32(-0.14529066), np.float32(-2.551553), np.float32(10.71109), np.float32(-5.6085014), np.float32(5.16096), np.float32(-12.02223), np.float32(0.0421151), np.float32(0.65724796), np.float32(-2.922003), np.float32(-0.68035877), np.float32(-2.2657075), np.float32(-0.4070581), np.float32(0.47426745), np.float32(-1.6862351), np.float32(0.15566404), np.float32(-2.868222), np.float32(-1.1476443), np.float32(-1.56303), np.float32(0.6251309), np.float32(-1.0578241), np.float32(-0.4157468), np.float32(-2.6550457), np.float32(-1.04018), np.float32(2.8495328), np.float32(2.6596663)]","[np.float32(-1.8945403), np.float32(-0.72094166), np.float32(-0.18508402), np.float32(0.15220898), np.float32(-0.43057865), np.float32(0.26204082), np.float32(0.69870454), np.float32(0.43665862), np.float32(0.3016583), np.float32(0.58191663), np.float32(-1.12403), np.float32(-0.49217904), np.float32(-0.18880372), np.float32(-0.16878943), np.float32(0.14336956), np.float32(0.3571441), np.float32(-0.86503416), np.float32(-0.34601703), np.float32(-0.03201416), np.float32(-0.005080715), np.float32(0.14238606), np.float32(0.07079072), np.float32(-0.21307121), np.float32(0.045259025), np.float32(-0.06284347), np.float32(0.08252248), np.float32(0.06274315), np.float32(0.24188352), np.float32(0.11548515), np.float32(-0.114749685), np.float32(0.05655827), np.float32(-0.0035140105)]","[np.float32(1.6068456), np.float32(0.9763138), np.float32(1.0531393), np.float32(0.91000944), np.float32(0.9269229), np.float32(0.9280893), np.float32(1.1910177), np.float32(0.8059098), np.float32(1.2047719), np.float32(1.1605351), np.float32(1.0822135), np.float32(0.93714184), np.float32(1.1016892), np.float32(1.1018273), np.float32(1.115306), np.float32(1.0589086), np.float32(1.0925645), np.float32(1.0107169), np.float32(1.1639638), np.float32(1.3374292), np.float32(1.0934958), np.float32(1.1834656), np.float32(1.5200783), np.float32(1.1570308), np.float32(0.8663778), np.float32(1.3833057), np.float32(1.2121509), np.float32(1.0975256), np.float32(1.4545242), np.float32(1.0559659), np.float32(1.2633324), np.float32(1.3343219)]"
2018-03-02 03:55:00+00:00,66.269936,0,LOEO,0,"[np.float32(-1963.5819), np.float32(-32.251667), np.float32(-14.23744), np.float32(-6.206463), np.float32(1.040622), np.float32(17.131199), np.float32(7.294991), np.float32(16.720259), np.float32(4.6916184), np.float32(4.0537267), np.float32(2.3565044), np.float32(-0.1570034), np.float32(-11.803572), np.float32(-4.1795173), np.float32(-1.3291467), np.float32(-0.490204), np.float32(-1.9753171), np.float32(0.22345373), np.float32(0.569621), np.float32(0.3077295), np.float32(1.4164144), np.float32(-3.6825106), np.float32(2.5413888), np.float32(1.4065415), np.float32(3.5526695), np.float32(-1.2341043), np.float32(4.344147), np.float32(-2.5374641), np.float32(-0.6593987), np.float32(0.57433105), np.float32(6.9450254), np.float32(4.079121)]","[np.float32(-1.8942087), np.float32(-0.7206537), np.float32(-0.18505523), np.float32(0.152008), np.float32(-0.43044096), np.float32(0.26198325), np.float32(0.6984573), np.float32(0.43665624), np.float32(0.30154225), np.float32(0.5818603), np.float32(-1.1238886), np.float32(-0.4920951), np.float32(-0.18875048), np.float32(-0.16873255), np.float32(0.14320698), np.float32(0.3570585), np.float32(-0.8650371), np.float32(-0.34605247), np.float32(-0.03201437), np.float32(-0.005188264), np.float32(0.1423609), np.float32(0.07074763), np.float32(-0.21302575), np.float32(0.045196604), np.float32(-0.06280735), np.float32(0.08244646), np.float32(0.06279307), np.float32(0.24200359), np.float32(0.11541571), np.float32(-0.11476605), np.float32(0.056623753), np.float32(-0.0036262753)]","[np.float32(1.6067557), np.float32(0.9761649), np.float32(1.0529573), np.float32(0.9100266), np.float32(0.9267342), np.float32(0.928122), np.float32(1.1908205), np.float32(0.805973), np.float32(1.2046738), np.float32(1.1604118), np.float32(1.0822676), np.float32(0.9371267), np.float32(1.1016704), np.float32(1.1018355), np.float32(1.1153194), np.float32(1.0588493), np.float32(1.0924073), np.float32(1.010616), np.float32(1.1638908), np.float32(1.3373556), np.float32(1.0934174), np.float32(1.1834401), np.float32(1.5199103), np.float32(1.1569731), np.float32(0.8663851), np.float32(1.3832426), np.float32(1.2121083), np.float32(1.0975213), np.float32(1.4544476), np.float32(1.0559385), np.float32(1.2633963), np.float32(1.3342692)]"
2018-03-02 03:56:00+00:00,67.40399,0,LOEO,0,"[np.float32(-1981.334), np.float32(-57.310497), np.float32(-14.167375), np.float32(-10.000014), np.float32(-1.1807233), np.float32(16.956112), np.float32(6.7319217), np.float32(6.167404), np.float32(2.1256306), np.float32(2.1288195), np.float32(1.184084), np.float32(0.28549433), np.float32(-11.797705), np.float32(-2.5972395), np.float32(-1.6646866), np.float32(-1.4956417), np.float32(-4.061852), np.float32(-1.4487318), np.float32(-0.067262635), np.float32(0.49424478), np.float32(0.26285058), np.float32(-6.011547), np.float32(4.041132), np.float32(-0.030453533), np.float32(4.5624347), np.float32(-6.6881843), np.float32(2.7731688), np.float32(-2.4306314), np.float32(-0.88791746), np.float32(-2.536065), np.float32(6.1087117), np.float32(1.7743704)]","[np.float32(-1.8940475), np.float32(-0.7205097), np.float32(-0.18504164), np.float32(0.15190572), np.float32(-0.4303691), np.float32(0.26195568), np.float32(0.6983327), np.float32(0.43665394), np.float32(0.30148536), np.float32(0.581833), np.float32(-1.1238189), np.float32(-0.49205428), np.float32(-0.18872164), np.float32(-0.16870596), np.float32(0.14312276), np.float32(0.3570133), np.float32(-0.8650413), np.float32(-0.346071), np.float32(-0.032015353), np.float32(-0.005242355), np.float32(0.14235291), np.float32(0.07072881), np.float32(-0.2130031), np.float32(0.045164753), np.float32(-0.06278838), np.float32(0.08240933), np.float32(0.062822394), np.float32(0.24206412), np.float32(0.11538105), np.float32(-0.11477761), np.float32(0.056660715), np.float32(-0.0036837999)]","[np.float32(1.6067148), np.float32(0.97608924), np.float32(1.0528629), np.float32(0.9100381), np.float32(0.92663884), np.float32(0.9281368), np.float32(1.1907225), np.float32(0.806006), np.float32(1.2046251), np.float32(1.160351), np.float32(1.0822964), np.float32(0.9371205), np.float32(1.1016634), np.float32(1.1018413), np.float32(1.1153306), np.float32(1.0588204), np.float32(1.0923265), np.float32(1.0105653), np.float32(1.1638587), np.float32(1.3373176), np.float32(1.0933802), np.float32(1.1834257), np.float32(1.519827), np.float32(1.1569452), np.float32(0.86639184), np.float32(1.3832126), np.float32(1.2120886), np.float32(1.0975208), np.float32(1.4544119), np.float32(1.0559273), np.float32(1.2634315), np.float32(1.3342447)]"
2018-03-02 03:57:00+00:00,66.92418,0,LOEO,0,"[np.float32(-1974.5125), np.float32(-41.766354), np.float32(-14.266613), np.float32(-4.367591), np.float32(1.7117285), np.float32(16.934015), np.float32(7.9799447), np.float32(20.106064), np.float32(8.481315), np.float32(10.154215), np.float32(4.58865), np.float32(0.56537306), np.float32(-11.520831), np.float32(-3.585981), np.float32(-0.9797208), np.float32(-0.94828004), np.float32(-2.4135337), np.float32(-0.21229853), np.float32(-0.48221895), np.float32(0.6638162), np.float32(0.1556537), np.float32(-3.014817), np.float32(0.94822466), np.float32(-0.19311954), np.float32(1.2975334), np.float32(-0.089644216), np.float32(1.6508529), np.float32(-1.086834), np.float32(-2.637733), np.float32(0.07086584), np.float32(4.1882334), np.float32(3.0204623)]","[np.float32(-1.8941965), np.float32(-0.72064376), np.float32(-0.18505432), np.float32(0.15200117), np.float32(-0.43043643), np.float32(0.2619812), np.float32(0.6984488), np.float32(0.43665627), np.float32(0.30153817), np.float32(0.58185834), np.float32(-1.1238837), np.float32(-0.4920922), np.float32(-0.18874876), np.float32(-0.16873045), np.float32(0.14320153), np.float32(0.35705572), np.float32(-0.86503685), np.float32(-0.34605357), np.float32(-0.032014333), np.float32(-0.0051919483), np.float32(0.1423597), np.float32(0.07074593), np.float32(-0.21302427), np.float32(0.045194488), np.float32(-0.062806174), np.float32(0.08244373), np.float32(0.0627945), np.float32(0.24200773), np.float32(0.11541331), np.float32(-0.114766374), np.float32(0.056625724), np.float32(-0.0036301096)]","[np.float32(1.6067523), np.float32(0.9761598), np.float32(1.0529512), np.float32(0.9100271), np.float32(0.9267277), np.float32(0.9281232), np.float32(1.1908135), np.float32(0.8059751), np.float32(1.2046704), np.float32(1.1604074), np.float32(1.0822694), np.float32(0.9371261), np.float32(1.1016697), np.float32(1.1018357), np.float32(1.1153195), np.float32(1.0588472), np.float32(1.0924021), np.float32(1.0106125), np.float32(1.163888), np.float32(1.3373532), np.float32(1.0934145), np.float32(1.1834393), np.float32(1.5199044), np.float32(1.1569712), np.float32(0.86638516), np.float32(1.3832403), np.float32(1.2121065), np.float32(1.0975211), np.float32(1.454445), np.float32(1.0559372), np.float32(1.2633983), np.float32(1.3342673)]"
2018-03-02 03:58:00+00:00,67.37496,0,LOEO,0,"[np.float32(-1981.8983), np.float32(-61.610714), np.float32(-14.284403), np.float32(-5.3896194), np.float32(-0.66355497), np.float32(16.934717), np.float32(7.119005), np.float32(-0.61606663), np.float32(2.6406186), np.float32(3.932118), np.float32(-2.5589147), np.float32(3.7039819), np.float32(-11.825961), np.float32(-0.62570745), np.float32(-2.9874167), np.float32(-1.5732198), np.float32(6.8390126), np.float32(-1.3494406), np.float32(0.61792636), np.float32(-0.19090986), np.float32(0.0543031), np.float32(2.655888), np.float32(-6.1771684), np.float32(1.8175913), np.float32(3.1871445), np.float32(-2.9499857), np.float32(-1.0918999), np.float32(-4.4861684), np.float32(6.976203), np.float32(0.34396243), np.float32(-2.1611478), np.float32(-0.9572966)]","[np.float32(-1.8943465), np.float32(-0.7207771), np.float32(-0.18506692), np.float32(0.15209547), np.float32(-0.4305023), np.float32(0.262007), np.float32(0.6985639), np.float32(0.43665817), np.float32(0.30159107), np.float32(0.58188385), np.float32(-1.1239485), np.float32(-0.49213034), np.float32(-0.18877494), np.float32(-0.1687555), np.float32(0.14327884), np.float32(0.3570969), np.float32(-0.8650337), np.float32(-0.34603655), np.float32(-0.032013647), np.float32(-0.0051419362), np.float32(0.14236818), np.float32(0.070763916), np.float32(-0.21304524), np.float32(0.04522386), np.float32(-0.062823504), np.float32(0.082478315), np.float32(0.06276839), np.float32(0.2419518), np.float32(0.115445405), np.float32(-0.11475648), np.float32(0.056592464), np.float32(-0.0035771094)]","[np.float32(1.6067913), np.float32(0.97622955), np.float32(1.0530379), np.float32(0.9100171), np.float32(0.92681575), np.float32(0.928109), np.float32(1.1909044), np.float32(0.80594486), np.float32(1.2047155), np.float32(1.1604639), np.float32(1.0822432), np.float32(0.9371322), np.float32(1.1016768), np.float32(1.1018307), np.float32(1.1153101), np.float32(1.0588741), np.float32(1.0924764), np.float32(1.0106596), np.float32(1.1639187), np.float32(1.337388), np.float32(1.0934494), np.float32(1.1834521), np.float32(1.5199817), np.float32(1.1569971), np.float32(0.86637956), np.float32(1.3832686), np.float32(1.2121252), np.float32(1.0975219), np.float32(1.4544786), np.float32(1.0559483), np.float32(1.2633665), np.float32(1.3342903)]"
2018-03-02 03:59:00+00:00,67.50702,0,LOEO,0,"[np.float32(-1982.7722), np.float32(-61.654373), np.float32(-14.256458), np.float32(-10.271961), np.float32(-0.6293044), np.float32(17.19303), np.float32(8.057358), np.float32(-1.3242732), np.float32(3.7690907), np.float32(6.2974124), np.float32(1.2482872), np.float32(0.73753184), np.float32(-12.288558), np.float32(-1.1285398), np.float32(-1.821661), np.float32(-0.65130526), np.float32(0.737094), np.float32(-2.5190666), np.float32(0.8908179), np.float32(-0.49021715), np.float32(-0.7176321), np.float32(4.304349), np.float32(-6.503431), np.float32(3.1690116), np.float32(-0.09274788), np.float32(-2.3701432), np.float32(-2.1513941), np.float32(-4.461168), np.float32(7.6405115), np.float32(0.026806854), np.float32(0.6923458), np.float32(1.4535671)]","[np.float32(-1.8942688), np.float32(-0.72069997), np.float32(-0.18506102), np.float32(0.15203774), np.float32(-0.43045896), np.float32(0.26199418), np.float32(0.6984955), np.float32(0.43665507), np.float32(0.30156234), np.float32(0.5818706), np.float32(-1.1239127), np.float32(-0.49211), np.float32(-0.18875602), np.float32(-0.1687442), np.float32(0.14322907), np.float32(0.357069), np.float32(-0.8650405), np.float32(-0.346048), np.float32(-0.032015502), np.float32(-0.0051714927), np.float32(0.14237127), np.float32(0.07075839), np.float32(-0.21303314), np.float32(0.04520574), np.float32(-0.062811926), np.float32(0.0824599), np.float32(0.06279106), np.float32(0.24198493), np.float32(0.11542688), np.float32(-0.1147681), np.float32(0.05661911), np.float32(-0.0036101947)]","[np.float32(1.6067756), np.float32(0.97618717), np.float32(1.0529819), np.float32(0.91002786), np.float32(0.9267631), np.float32(0.92811483), np.float32(1.1908531), np.float32(0.80596477), np.float32(1.20469), np.float32(1.1604329), np.float32(1.0822612), np.float32(0.9371309), np.float32(1.1016767), np.float32(1.1018366), np.float32(1.1153234), np.float32(1.0588598), np.float32(1.0924294), np.float32(1.0106317), np.float32(1.1639085), np.float32(1.3373656), np.float32(1.0934328), np.float32(1.183442), np.float32(1.5199382), np.float32(1.1569839), np.float32(0.8663882), np.float32(1.3832549), np.float32(1.2121176), np.float32(1.0975242), np.float32(1.4544631), np.float32(1.0559464), np.float32(1.2633905), np.float32(1.3342803)]"
2018-03-02 04:00:00+00:00,66.89728,0,LOEO,0,"[np.float32(-1983.6488), np.float32(-63.003307), np.float32(-14.205893), np.float32(-10.789556), np.float32(-1.7351916), np.float32(17.031908), np.float32(7.302535), np.float32(-0.11376393), np.float32(-0.044701017), np.float32(0.7159641), np.float32(-1.7298864), np.float32(0.040435888), np.float32(-12.339846), np.float32(-1.3048298), np.float32(-0.88049453), np.float32(-1.0793769), np.float32(-3.4744713), np.float32(-2.020462), np.float32(-0.64220613), np.float32(0.6628759), np.float32(0.8085718), np.float32(-2.122883), np.float32(1.1920373), np.float32(0.59527975), np.float32(2.2751698), np.float32(-0.20573887), np.float32(3.0503433), np.float32(-2.1823568), np.float32(-0.6721096), np.float32(0.829789), np.float32(4.784005), np.float32(4.240051)]","[np.float32(-1.8944423), np.float32(-0.7208624), np.float32(-0.18507515), np.float32(0.1521559), np.float32(-0.4305445), np.float32(0.2620235), np.float32(0.6986379), np.float32(0.4366594), np.float32(0.301625), np.float32(0.5819003), np.float32(-1.1239897), np.float32(-0.49215472), np.float32(-0.18879181), np.float32(-0.16877148), np.float32(0.14332843), np.float32(0.35712337), np.float32(-0.86503154), np.float32(-0.3460257), np.float32(-0.032013148), np.float32(-0.005109884), np.float32(0.14237337), np.float32(0.070775345), np.float32(-0.21305875), np.float32(0.045242604), np.float32(-0.062834635), np.float32(0.0825004), np.float32(0.06275151), np.float32(0.24191603), np.float32(0.11546594), np.float32(-0.11474997), np.float32(0.056570996), np.float32(-0.0035432251)]","[np.float32(1.6068159), np.float32(0.9762743), np.float32(1.0530936), np.float32(0.9100106), np.float32(0.92687213), np.float32(0.9281), np.float32(1.1909626), np.float32(0.8059254), np.float32(1.2047443), np.float32(1.1604999), np.float32(1.0822264), np.float32(0.937136), np.float32(1.1016811), np.float32(1.1018275), np.float32(1.1153039), np.float32(1.0588913), np.float32(1.092524), np.float32(1.0106895), np.float32(1.1639384), np.float32(1.3374106), np.float32(1.0934715), np.float32(1.1834605), np.float32(1.5200313), np.float32(1.1570139), np.float32(0.86637586), np.float32(1.3832867), np.float32(1.2121369), np.float32(1.0975224), np.float32(1.4545002), np.float32(1.0559552), np.float32(1.2633458), np.float32(1.334305)]"
2018-03-02 04:01:00+00:00,67.34452,0,LOEO,0,"[np.float32(-1984.3682), np.float32(-63.42858), np.float32(-14.2095995), np.float32(-11.601433), np.float32(-1.927), np.float32(17.064796), np.float32(7.114773), np.float32(2.459154), np.float32(-2.5131004), np.float32(-1.202322), np.float32(-4.418079), np.float32(-0.3724942), np.float32(-13.113871), np.float32(-1.686666), np.float32(-1.246139), np.float32(0.11809975), np.float32(-4.0400033), np.float32(-1.0841969), np.float32(-0.5074691), np.float32(1.0456021), np.float32(1.5261892), np.float32(-4.00624), np.float32(1.5856311), np.float32(-1.5574367), np.float32(4.373651), np.float32(1.6312248), np.float32(3.3032205), np.float32(-1.3383828), np.float32(0.08218791), np.float32(2.1658335), np.float32(1.8783609), np.float32(3.9961007)]","[np.float32(-1.8943195), np.float32(-0.7207533), np.float32(-0.18506467), np.float32(0.15207884), np.float32(-0.43049076), np.float32(0.26200226), np.float32(0.6985435), np.float32(0.4366579), np.float32(0.30158156), np.float32(0.5818792), np.float32(-1.1239369), np.float32(-0.49212343), np.float32(-0.18877053), np.float32(-0.16875088), np.float32(0.1432653), np.float32(0.3570897), np.float32(-0.86503404), np.float32(-0.34603947), np.float32(-0.032013677), np.float32(-0.0051507875), np.float32(0.14236626), np.float32(0.07076052), np.float32(-0.21304148), np.float32(0.045218635), np.float32(-0.06282049), np.float32(0.08247201), np.float32(0.06277264), np.float32(0.24196175), np.float32(0.11543967), np.float32(-0.11475788), np.float32(0.056597993), np.float32(-0.0035864066)]","[np.float32(1.6067839), np.float32(0.97621727), np.float32(1.0530229), np.float32(0.91001856), np.float32(0.9268002), np.float32(0.9281116), np.float32(1.1908882), np.float32(0.8059501), np.float32(1.2047074), np.float32(1.1604537), np.float32(1.0822476), np.float32(0.93713087), np.float32(1.1016754), np.float32(1.1018316), np.float32(1.1153114), np.float32(1.0588692), np.float32(1.0924634), np.float32(1.0106512), np.float32(1.163913), np.float32(1.3373821), np.float32(1.093443), np.float32(1.1834499), np.float32(1.5199678), np.float32(1.1569924), np.float32(0.8663803), np.float32(1.3832635), np.float32(1.2121216), np.float32(1.0975217), np.float32(1.4544725), np.float32(1.055946), np.float32(1.2633718), np.float32(1.3342859)]"
2018-03-02 04:02:00+00:00,66.85746,0,LOEO,0,"[np.float32(-1983.7235), np.float32(-62.9994), np.float32(-14.2195215), np.float32(-10.776185), np.float32(-1.6252208), np.float32(17.065128), np.float32(7.3310432), np.float32(-0.39655006), np.float32(0.16500899), np.float32(1.3155466), np.float32(-1.8013784), np.float32(0.38882545), np.float32(-12.601494), np.float32(-1.7167109), np.float32(-2.079199), np.float32(0.28254938), np.float32(-2.5560195), np.float32(-2.5935159), np.float32(0.14096573), np.float32(0.22500747), np.float32(0.6877958), np.float32(-2.036758), np.float32(-0.6489306), np.float32(-0.1539884), np.float32(3.2657502), np.float32(-1.7549564), np.float32(4.4763527), np.float32(-1.9477423), np.float32(-1.5734199), np.float32(1.0670274), np.float32(0.66485167), np.float32(3.3366559)]","[np.float32(-1.8943386), np.float32(-0.7207706), np.float32(-0.18506636), np.float32(0.15209112), np.float32(-0.43049937), np.float32(0.2620056), np.float32(0.6985585), np.float32(0.4366582), np.float32(0.3015885), np.float32(0.5818826), np.float32(-1.1239451), np.float32(-0.49212843), np.float32(-0.18877393), np.float32(-0.16875413), np.float32(0.14327538), np.float32(0.35709518), np.float32(-0.86503357), np.float32(-0.34603727), np.float32(-0.032013588), np.float32(-0.0051442795), np.float32(0.14236727), np.float32(0.07076275), np.float32(-0.21304424), np.float32(0.04522245), np.float32(-0.06282276), np.float32(0.08247654), np.float32(0.0627692), np.float32(0.24195448), np.float32(0.11544384), np.float32(-0.11475657), np.float32(0.05659361), np.float32(-0.0035795358)]","[np.float32(1.6067888), np.float32(0.97622633), np.float32(1.0530342), np.float32(0.91001725), np.float32(0.92681164), np.float32(0.9281098), np.float32(1.1909), np.float32(0.8059462), np.float32(1.2047132), np.float32(1.1604611), np.float32(1.0822444), np.float32(0.9371317), np.float32(1.1016762), np.float32(1.1018308), np.float32(1.1153102), np.float32(1.0588728), np.float32(1.0924731), np.float32(1.0106572), np.float32(1.163917), np.float32(1.3373866), np.float32(1.0934474), np.float32(1.1834517), np.float32(1.5199782), np.float32(1.1569959), np.float32(0.8663795), np.float32(1.3832672), np.float32(1.212124), np.float32(1.0975218), np.float32(1.454477), np.float32(1.0559474), np.float32(1.2633677), np.float32(1.334289)]"
2018-03-02 04:03:00+00:00,67.01279,0,LOEO,0,"[np.float32(-1984.1597), np.float32(-63.099133), np.float32(-14.207745), np.float32(-11.689232), np.float32(-1.7172023), np.float32(17.065819), np.float32(7.3254876), np.float32(-0.19635254), np.float32(-0.01867729), np.float32(1.0006919), np.float32(-1.7696154), np.float32(0.29796204), np.float32(-12.582127), np.float32(-1.5056808), np.float32(-1.8033589), np.float32(-0.14936337), np.float32(-2.6039746), np.float32(-1.5889573), np.float32(0.46451858), np.float32(0.23104976), np.float32(0.72739464), np.float32(-2.561118), np.float32(1.5974427), np.float32(0.23731822), np.float32(2.295406), np.float32(-2.2799044), np.float32(3.1246388), np.float32(-2.0750086), np.float32(-1.8791313), np.float32(-0.8794699), np.float32(5.2548685), np.float32(3.1978629)]","[np.float32(-1.894155), np.float32(-0.72060573), np.float32(-0.18505076), np.float32(0.1519739), np.float32(-0.43041703), np.float32(0.26197413), np.float32(0.6984158), np.float32(0.4366555), np.float32(0.3015234), np.float32(0.58185124), np.float32(-1.1238656), np.float32(-0.49208164), np.float32(-0.18874083), np.float32(-0.16872376), np.float32(0.14317888), np.float32(0.35704336), np.float32(-0.8650386), np.float32(-0.34605858), np.float32(-0.032014735), np.float32(-0.005206272), np.float32(0.14235839), np.float32(0.070741415), np.float32(-0.21301828), np.float32(0.045185987), np.float32(-0.062801), np.float32(0.08243414), np.float32(0.06280298), np.float32(0.2420237), np.float32(0.11540419), np.float32(-0.114770025), np.float32(0.056636177), np.float32(-0.0036454396)]","[np.float32(1.6067421), np.float32(0.97613966), np.float32(1.0529258), np.float32(0.91003054), np.float32(0.92670244), np.float32(0.92812693), np.float32(1.1907879), np.float32(0.805984), np.float32(1.2046577), np.float32(1.1603917), np.float32(1.0822772), np.float32(0.93712467), np.float32(1.1016682), np.float32(1.1018374), np.float32(1.1153233), np.float32(1.0588397), np.float32(1.0923804), np.float32(1.0105991), np.float32(1.1638802), np.float32(1.3373429), np.float32(1.0934051), np.float32(1.1834352), np.float32(1.5198827), np.float32(1.156964), np.float32(0.8663875), np.float32(1.3832328), np.float32(1.2121016), np.float32(1.0975212), np.float32(1.4544358), np.float32(1.0559348), np.float32(1.263408), np.float32(1.3342612)]"
2018-03-02 04:04:00+00:00,66.97701,0,LOEO,0,"[np.float32(-1982.6298), np.float32(-63.235435), np.float32(-14.215826), np.float32(-10.641813), np.float32(-1.7659875), np.float32(17.15094), np.float32(7.5929127), np.float32(-0.16419415), np.float32(0.23915628), np.float32(0.86424226), np.float32(-1.8405914), np.float32(-0.046173017), np.float32(-12.46576), np.float32(-1.8084537), np.float32(-1.2862738), np.float32(-0.36131042), np.float32(-1.4288579), np.float32(-1.5114391), np.float32(0.4306951), np.float32(-0.19717692), np.float32(0.9410786), np.float32(-2.751004), np.float32(0.99006087), np.float32(1.3847685), np.float32(2.9397018), np.float32(-1.9824754), np.float32(4.354381), np.float32(-3.35703), np.float32(-0.927704), np.float32(0.9655485), np.float32(4.6515584), np.float32(3.670977)]","[np.float32(-1.89431), np.float32(-0.72074497), np.float32(-0.18506399), np.float32(0.15207295), np.float32(-0.43048665), np.float32(0.26200068), np.float32(0.69853634), np.float32(0.4366578), np.float32(0.30157837), np.float32(0.58187765), np.float32(-1.1239326), np.float32(-0.49212116), np.float32(-0.18876883), np.float32(-0.16874935), np.float32(0.14326045), np.float32(0.3570872), np.float32(-0.8650343), np.float32(-0.3460405), np.float32(-0.032013737), np.float32(-0.0051539093), np.float32(0.14236578), np.float32(0.070759416), np.float32(-0.2130402), np.float32(0.045216795), np.float32(-0.06281938), np.float32(0.08246994), np.float32(0.06277432), np.float32(0.24196523), np.float32(0.11543767), np.float32(-0.114758566), np.float32(0.056600172), np.float32(-0.003589732)]","[np.float32(1.6067817), np.float32(0.97621286), np.float32(1.0530174), np.float32(0.9100193), np.float32(0.92679465), np.float32(0.9281125), np.float32(1.1908824), np.float32(0.805952), np.float32(1.2047048), np.float32(1.1604502), np.float32(1.0822494), np.float32(0.93713063), np.float32(1.1016749), np.float32(1.1018318), np.float32(1.1153121), np.float32(1.0588677), np.float32(1.0924587), np.float32(1.0106483), np.float32(1.163911), np.float32(1.3373798), np.float32(1.0934409), np.float32(1.1834491), np.float32(1.5199631), np.float32(1.1569906), np.float32(0.8663807), np.float32(1.3832617), np.float32(1.2121205), np.float32(1.0975217), np.float32(1.4544704), np.float32(1.0559454), np.float32(1.2633739), np.float32(1.3342845)]"
2018-03-02 03:42:00+00:00,67.25379,1,LOEO,1,"[np.float32(-1983.4221), np.float32(-62.671402), np.float32(-14.26259), np.float32(-11.982455), np.float32(-0.46855402), np.float32(17.13798), np.float32(3.2470503), np.float32(-0.30727035), np.float32(-3.522447), np.float32(9.414457), np.float32(-5.456341), np.float32(4.0277233), np.float32(-12.431202), np.float32(-0.37666297), np.float32(-0.19035615), np.float32(-1.8890432), np.float32(-5.032786), np.float32(-2.079482), np.float32(-1.1968989), np.float32(1.0464238), np.float32(-0.65762806), np.float32(-3.5444717), np.float32(1.4831425), np.float32(-1.5867798), np.float32(0.27326983), np.float32(1.2427502), np.float32(-0.04882364), np.float32(0.5228262), np.float32(-1.49661), np.float32(-1.0422881), np.float32(2.5232832), np.float32(3.1141038)]","[np.float32(-2.0090349), np.float32(-1.4368807), np.float32(-0.47177735), np.float32(-0.22317606), np.float32(0.036902897), np.float32(0.285234), np.float32(0.98411477), np.float32(0.23316503), np.float32(0.32474452), np.float32(0.57575655), np.float32(-1.1030279), np.float32(-0.5517875), np.float32(0.27849507), np.float32(0.07462508), np.float32(0.07071898), np.float32(0.02780965), np.float32(-0.6821373), np.float32(-0.15777601), np.float32(-0.17164998), np.float32(-0.005042918), np.float32(0.30304813), np.float32(0.04481323), np.float32(-0.3864978), np.float32(0.091469064), np.float32(0.08494586), np.float32(-0.005468117), np.float32(0.022086322), np.float32(-0.009784743), np.float32(0.044234343), np.float32(-0.046473004), np.float32(-0.024319096), np.float32(-0.11916803)]","[np.float32(2.0139303), np.float32(1.0225105), np.float32(1.0210009), np.float32(1.260826), np.float32(1.1005168), np.float32(0.9310478), np.float32(1.0545409), np.float32(0.93540484), np.float32(1.0974034), np.float32(0.78038824), np.float32(1.3074187), np.float32(1.0792627), np.float32(1.5144684), np.float32(1.0883213), np.float32(1.2141985), np.float32(1.1148286), np.float32(1.2810963), np.float32(1.1665723), np.float32(1.0623063), np.float32(1.3938153), np.float32(1.2360287), np.float32(1.5675042), np.float32(1.4783186), np.float32(1.304173), np.float32(1.2386055), np.float32(1.4646055), np.float32(1.7434871), np.float32(1.4121845), np.float32(1.66947), np.float32(1.1155955), np.float32(1.3429697), np.float32(1.4021436)]"
2018-03-02 03:43:00+00:00,67.1312,1,LOEO,1,"[np.float32(-1982.9172), np.float32(-62.409763), np.float32(-14.206797), np.float32(-11.700039), np.float32(0.01141987), np.float32(16.305954), np.float32(4.3698373), np.float32(0.15281165), np.float32(-3.4739685), np.float32(10.353218), np.float32(-5.083194), np.float32(4.4744964), np.float32(-12.472697), np.float32(-0.7184156), np.float32(-0.73873544), np.float32(-1.2675174), np.float32(-3.3996613), np.float32(-2.3145895), np.float32(-0.8999547), np.float32(1.0061092), np.float32(-0.9635834), np.float32(-2.3133414), np.float32(-1.0931698), np.float32(-2.6424632), np.float32(0.63923085), np.float32(1.4004354), np.float32(0.12948512), np.float32(1.3438346), np.float32(-1.9137437), np.float32(-0.6021523), np.float32(-0.63651425), np.float32(3.0178006)]","[np.float32(-2.0091367), np.float32(-1.4371104), np.float32(-0.4720935), np.float32(-0.22313678), np.float32(0.036809772), np.float32(0.28547785), np.float32(0.9842891), np.float32(0.2333503), np.float32(0.32511398), np.float32(0.57598054), np.float32(-1.1031846), np.float32(-0.55158895), np.float32(0.27842665), np.float32(0.07437683), np.float32(0.07056265), np.float32(0.02761992), np.float32(-0.68216693), np.float32(-0.15799248), np.float32(-0.17170599), np.float32(-0.005269397), np.float32(0.30314624), np.float32(0.044481464), np.float32(-0.38657445), np.float32(0.09125067), np.float32(0.08487903), np.float32(-0.0055113826), np.float32(0.021946564), np.float32(-0.010059267), np.float32(0.044263728), np.float32(-0.046183415), np.float32(-0.02417569), np.float32(-0.11899008)]","[np.float32(2.0133276), np.float32(1.0223624), np.float32(1.021122), np.float32(1.2606003), np.float32(1.100161), np.float32(0.9310274), np.float32(1.0546077), np.float32(0.9352074), np.float32(1.0973262), np.float32(0.78028846), np.float32(1.3072602), np.float32(1.0791985), np.float32(1.5141463), np.float32(1.0882083), np.float32(1.2139393), np.float32(1.1148301), np.float32(1.2811526), np.float32(1.1663321), np.float32(1.0620122), np.float32(1.3936732), np.float32(1.2357459), np.float32(1.5672966), np.float32(1.4782265), np.float32(1.3040723), np.float32(1.2383194), np.float32(1.4639485), np.float32(1.7430484), np.float32(1.4115869), np.float32(1.6690412), np.float32(1.115492), np.float32(1.3424263), np.float32(1.401844)]"
2018-03-02 03:44:00+00:00,67.312584,1,LOEO,1,"[np.float32(-1983.1625), np.float32(-62.73003), np.float32(-14.178919), np.float32(-12.007646), np.float32(-0.5837985), np.float32(16.225058), np.float32(4.5529637), np.float32(-0.1313271), np.float32(-3.7931705), np.float32(8.856723), np.float32(-4.9775305), np.float32(3.9799736), np.float32(-12.636856), np.float32(-0.73109514), np.float32(-0.97026956), np.float32(-1.1100706), np.float32(-4.5257325), np.float32(-1.5900632), np.float32(-0.7314815), np.float32(0.91257495), np.float32(-0.8068259), np.float32(-3.7713728), np.float32(1.9280828), np.float32(-2.2147608), np.float32(0.9344324), np.float32(0.9717251), np.float32(0.84336317), np.float32(1.1228577), np.float32(-2.3169036), np.float32(-0.9536997), np.float32(2.2998846), np.float32(3.0769947)]","[np.float32(-2.0092685), np.float32(-1.4374084), np.float32(-0.47250286), np.float32(-0.22308585), np.float32(0.0366892), np.float32(0.28579375), np.float32(0.98451495), np.float32(0.23359033), np.float32(0.3255926), np.float32(0.5762708), np.float32(-1.1033878), np.float32(-0.55133164), np.float32(0.27833802), np.float32(0.07405517), np.float32(0.07036012), np.float32(0.027374104), np.float32(-0.6822052), np.float32(-0.15827301), np.float32(-0.17177865), np.float32(-0.005562801), np.float32(0.30327338), np.float32(0.044051617), np.float32(-0.38667363), np.float32(0.090967745), np.float32(0.08479248), np.float32(-0.0055674408), np.float32(0.021765545), np.float32(-0.0104150325), np.float32(0.04430174), np.float32(-0.045808263), np.float32(-0.023989938), np.float32(-0.1187596)]","[np.float32(2.0125468), np.float32(1.0221703), np.float32(1.0212789), np.float32(1.2603079), np.float32(1.0997001), np.float32(0.9310011), np.float32(1.0546944), np.float32(0.9349516), np.float32(1.0972261), np.float32(0.78015906), np.float32(1.3070548), np.float32(1.0791152), np.float32(1.5137289), np.float32(1.0880618), np.float32(1.2136034), np.float32(1.1148324), np.float32(1.2812254), np.float32(1.1660209), np.float32(1.0616312), np.float32(1.3934889), np.float32(1.2353792), np.float32(1.5670276), np.float32(1.4781071), np.float32(1.3039416), np.float32(1.2379487), np.float32(1.4630979), np.float32(1.7424803), np.float32(1.410813), np.float32(1.6684855), np.float32(1.1153581), np.float32(1.3417222), np.float32(1.4014556)]"
2018-03-02 03:45:00+00:00,67.2601,1,LOEO,1,"[np.float32(-1982.5319), np.float32(-62.487133), np.float32(-14.189153), np.float32(-11.895936), np.float32(0.25560123), np.float32(16.295593), np.float32(4.683966), np.float32(-0.47211748), np.float32(-3.3048046), np.float32(10.225404), np.float32(-4.986835), np.float32(4.273075), np.float32(-12.656907), np.float32(-0.45094118), np.float32(-0.6479563), np.float32(-3.162846), np.float32(-1.8356215), np.float32(-2.2600663), np.float32(-1.3827329), np.float32(0.20012918), np.float32(-2.1612825), np.float32(-0.086985186), np.float32(-2.8227801), np.float32(0.6322178), np.float32(-3.1795447), np.float32(-0.99583596), np.float32(0.45451504), np.float32(2.8161569), np.float32(-1.1674567), np.float32(-2.2528267), np.float32(2.2532904), np.float32(1.7960542)]","[np.float32(-2.009161), np.float32(-1.437165), np.float32(-0.47216833), np.float32(-0.22312745), np.float32(0.03678766), np.float32(0.2855356), np.float32(0.98433036), np.float32(0.2333942), np.float32(0.3252015), np.float32(0.5760337), np.float32(-1.1032218), np.float32(-0.5515419), np.float32(0.27841043), np.float32(0.07431803), np.float32(0.07052564), np.float32(0.027574971), np.float32(-0.68217385), np.float32(-0.15804382), np.float32(-0.17171927), np.float32(-0.005322989), np.float32(0.3031695), np.float32(0.044402897), np.float32(-0.3865927), np.float32(0.09119898), np.float32(0.084863186), np.float32(-0.005521618), np.float32(0.021913469), np.float32(-0.010124311), np.float32(0.044270657), np.float32(-0.04611484), np.float32(-0.024141751), np.float32(-0.11894795)]","[np.float32(2.013185), np.float32(1.0223272), np.float32(1.0211507), np.float32(1.2605468), np.float32(1.1000768), np.float32(0.93102264), np.float32(1.0546236), np.float32(0.93516064), np.float32(1.0973078), np.float32(0.78026474), np.float32(1.3072225), np.float32(1.0791833), np.float32(1.5140699), np.float32(1.0881815), np.float32(1.2138778), np.float32(1.1148306), np.float32(1.2811657), np.float32(1.1662753), np.float32(1.0619426), np.float32(1.3936396), np.float32(1.2356787), np.float32(1.5672474), np.float32(1.4782046), np.float32(1.3040484), np.float32(1.2382516), np.float32(1.4637928), np.float32(1.7429445), np.float32(1.4114453), np.float32(1.6689394), np.float32(1.1154675), np.float32(1.3422976), np.float32(1.401773)]"
2018-03-02 03:46:00+00:00,67.23953,1,LOEO,1,"[np.float32(-1983.3647), np.float32(-62.83762), np.float32(-14.139883), np.float32(-12.10557), np.float32(-0.7155652), np.float32(15.943567), np.float32(4.089709), np.float32(-0.40421793), np.float32(-3.6948347), np.float32(8.477201), np.float32(-4.469019), np.float32(4.2658734), np.float32(-12.428555), np.float32(-0.5479313), np.float32(-1.0549124), np.float32(-0.6946507), np.float32(-4.8401117), np.float32(-1.9094296), np.float32(-0.35747176), np.float32(0.9528339), np.float32(-1.0375365), np.float32(-2.6452813), np.float32(3.0876708), np.float32(-1.7895948), np.float32(0.94881696), np.float32(-0.38447565), np.float32(-0.5599092), np.float32(0.06712257), np.float32(-1.0989553), np.float32(-2.0528224), np.float32(3.7774403), np.float32(2.5101924)]","[np.float32(-2.0090246), np.float32(-1.4368569), np.float32(-0.4717448), np.float32(-0.22318017), np.float32(0.03691247), np.float32(0.2852089), np.float32(0.98409677), np.float32(0.23314595), np.float32(0.3247064), np.float32(0.5757334), np.float32(-1.1030117), np.float32(-0.551808), np.float32(0.2785021), np.float32(0.07465065), np.float32(0.070735075), np.float32(0.027829163), np.float32(-0.68213415), np.float32(-0.15775377), np.float32(-0.1716442), np.float32(-0.005019564), np.float32(0.303038), np.float32(0.044847406), np.float32(-0.38649), np.float32(0.09149155), np.float32(0.08495274), np.float32(-0.0054636374), np.float32(0.022100717), np.float32(-0.009756461), np.float32(0.04423134), np.float32(-0.04650282), np.float32(-0.024333876), np.float32(-0.1191863)]","[np.float32(2.0139925), np.float32(1.0225257), np.float32(1.0209883), np.float32(1.2608494), np.float32(1.1005536), np.float32(0.9310499), np.float32(1.0545338), np.float32(0.93542516), np.float32(1.0974113), np.float32(0.78039855), np.float32(1.307435), np.float32(1.0792694), np.float32(1.5145017), np.float32(1.0883329), np.float32(1.2142253), np.float32(1.1148283), np.float32(1.2810905), np.float32(1.1665971), np.float32(1.0623366), np.float32(1.39383), np.float32(1.2360578), np.float32(1.5675259), np.float32(1.4783283), np.float32(1.3041834), np.float32(1.238635), np.float32(1.4646729), np.float32(1.7435321), np.float32(1.4122461), np.float32(1.6695144), np.float32(1.1156061), np.float32(1.3430258), np.float32(1.4021746)]"
2018-03-02 03:47:00+00:00,67.23944,1,LOEO,1,"[np.float32(-1983.117), np.float32(-62.88271), np.float32(-14.165202), np.float32(-11.912536), np.float32(-0.6399223), np.float32(16.202866), np.float32(4.2761297), np.float32(-0.1543682), np.float32(-4.002812), np.float32(8.184461), np.float32(-4.2630534), np.float32(3.8766425), np.float32(-12.345242), np.float32(-0.62523127), np.float32(-0.6241871), np.float32(-2.3009698), np.float32(-4.994424), np.float32(-1.9472024), np.float32(-1.4529042), np.float32(1.2446159), np.float32(-0.74588674), np.float32(-2.8661435), np.float32(2.546366), np.float32(-1.383442), np.float32(0.8725281), np.float32(1.3780845), np.float32(-0.4523235), np.float32(0.14662856), np.float32(-0.1401646), np.float32(-1.0701953), np.float32(3.2088773), np.float32(3.2170997)]","[np.float32(-2.0090494), np.float32(-1.4369125), np.float32(-0.4718213), np.float32(-0.22317061), np.float32(0.03688988), np.float32(0.28526792), np.float32(0.98413885), np.float32(0.23319077), np.float32(0.324796), np.float32(0.57578766), np.float32(-1.1030496), np.float32(-0.55175996), np.float32(0.27848557), np.float32(0.07459054), np.float32(0.07069727), np.float32(0.02778329), np.float32(-0.68214136), np.float32(-0.1578061), np.float32(-0.17165774), np.float32(-0.005074337), np.float32(0.30306178), np.float32(0.04476717), np.float32(-0.38650852), np.float32(0.091438696), np.float32(0.084936544), np.float32(-0.005474141), np.float32(0.022066869), np.float32(-0.009822831), np.float32(0.044238437), np.float32(-0.046432756), np.float32(-0.02429917), np.float32(-0.11914326)]","[np.float32(2.0138464), np.float32(1.0224898), np.float32(1.0210177), np.float32(1.2607948), np.float32(1.1004674), np.float32(0.93104494), np.float32(1.05455), np.float32(0.9353774), np.float32(1.0973926), np.float32(0.78037435), np.float32(1.3073967), np.float32(1.0792538), np.float32(1.5144236), np.float32(1.0883056), np.float32(1.2141623), np.float32(1.1148288), np.float32(1.281104), np.float32(1.1665391), np.float32(1.0622654), np.float32(1.3937957), np.float32(1.2359893), np.float32(1.5674753), np.float32(1.4783059), np.float32(1.304159), np.float32(1.2385656), np.float32(1.4645143), np.float32(1.7434262), np.float32(1.4121015), np.float32(1.6694105), np.float32(1.115581), np.float32(1.3428942), np.float32(1.402102)]"
2018-03-02 03:48:00+00:00,67.27015,1,LOEO,1,"[np.float32(-1982.9922), np.float32(-62.735107), np.float32(-14.2682905), np.float32(-12.046412), np.float32(-0.26661637), np.float32(17.21339), np.float32(3.390371), np.float32(-0.2141433), np.float32(-3.8705876), np.float32(9.427276), np.float32(-5.4240284), np.float32(3.458117), np.float32(-12.849041), np.float32(-0.703506), np.float32(-0.99207723), np.float32(-1.4369301), np.float32(-4.3962293), np.float32(-2.0825613), np.float32(-1.5132952), np.float32(1.4371722), np.float32(-1.0352565), np.float32(-3.6326447), np.float32(0.0071800887), np.float32(-3.0652425), np.float32(1.6369025), np.float32(1.3628694), np.float32(1.103626), np.float32(0.8751432), np.float32(-1.4003582), np.float32(-0.41069508), np.float32(-0.11165103), np.float32(2.956771)]","[np.float32(-2.0090694), np.float32(-1.4369583), np.float32(-0.4718841), np.float32(-0.22316283), np.float32(0.036871456), np.float32(0.28531632), np.float32(0.9841737), np.float32(0.23322761), np.float32(0.32486933), np.float32(0.5758321), np.float32(-1.1030807), np.float32(-0.55172056), np.float32(0.27847198), np.float32(0.07454123), np.float32(0.0706662), np.float32(0.027745552), np.float32(-0.6821472), np.float32(-0.15784913), np.float32(-0.17166887), np.float32(-0.00511935), np.float32(0.3030812), np.float32(0.04470122), np.float32(-0.38652372), np.float32(0.09139532), np.float32(0.08492329), np.float32(-0.005482724), np.float32(0.02203913), np.float32(-0.009877443), np.float32(0.044244267), np.float32(-0.046375223), np.float32(-0.024270678), np.float32(-0.11910789)]","[np.float32(2.0137267), np.float32(1.0224605), np.float32(1.0210418), np.float32(1.2607498), np.float32(1.1003966), np.float32(0.93104094), np.float32(1.0545633), np.float32(0.93533814), np.float32(1.0973773), np.float32(0.78035456), np.float32(1.3073651), np.float32(1.079241), np.float32(1.5143597), np.float32(1.0882832), np.float32(1.2141109), np.float32(1.114829), np.float32(1.2811152), np.float32(1.1664914), np.float32(1.062207), np.float32(1.3937674), np.float32(1.2359331), np.float32(1.5674342), np.float32(1.4782878), np.float32(1.3041389), np.float32(1.2385089), np.float32(1.4643835), np.float32(1.7433391), np.float32(1.4119825), np.float32(1.6693254), np.float32(1.1155605), np.float32(1.3427862), np.float32(1.4020425)]"
2018-03-02 03:49:00+00:00,67.29438,1,LOEO,1,"[np.float32(-1981.9707), np.float32(-62.220905), np.float32(-14.284276), np.float32(-10.734966), np.float32(0.85926366), np.float32(17.196127), np.float32(3.0844104), np.float32(0.10013924), np.float32(-3.8070786), np.float32(10.900143), np.float32(-4.4449215), np.float32(3.76897), np.float32(-12.809083), np.float32(-0.44522238), np.float32(-1.4000684), np.float32(-2.054543), np.float32(-2.466021), np.float32(-2.466162), np.float32(0.040888365), np.float32(0.54201007), np.float32(-2.295053), np.float32(-0.3245367), np.float32(-2.0808387), np.float32(-0.9691888), np.float32(0.009189749), np.float32(-1.732299), np.float32(-1.5808269), np.float32(-1.7008376), np.float32(-2.4424512), np.float32(-3.4463708), np.float32(3.6148837), np.float32(3.7945542)]","[np.float32(-2.009272), np.float32(-1.4374168), np.float32(-0.4725145), np.float32(-0.22308442), np.float32(0.03668572), np.float32(0.28580275), np.float32(0.9845214), np.float32(0.23359713), np.float32(0.3256062), np.float32(0.57627904), np.float32(-1.1033937), np.float32(-0.55132437), np.float32(0.27833554), np.float32(0.07404611), np.float32(0.070354365), np.float32(0.027367085), np.float32(-0.6822063), np.float32(-0.15828097), np.float32(-0.1717807), np.float32(-0.005571101), np.float32(0.30327696), np.float32(0.044039436), np.float32(-0.38667643), np.float32(0.09095971), np.float32(0.08479002), np.float32(-0.0055689923), np.float32(0.021760419), np.float32(-0.010425106), np.float32(0.04430285), np.float32(-0.045797653), np.float32(-0.023984658), np.float32(-0.118753076)]","[np.float32(2.0125241), np.float32(1.022165), np.float32(1.0212834), np.float32(1.2602996), np.float32(1.099687), np.float32(0.93100035), np.float32(1.054697), np.float32(0.9349443), np.float32(1.0972233), np.float32(0.78015536), np.float32(1.3070489), np.float32(1.0791128), np.float32(1.513717), np.float32(1.0880576), np.float32(1.213594), np.float32(1.1148324), np.float32(1.2812274), np.float32(1.166012), np.float32(1.0616205), np.float32(1.3934836), np.float32(1.2353688), np.float32(1.5670198), np.float32(1.4781035), np.float32(1.3039378), np.float32(1.2379382), np.float32(1.4630735), np.float32(1.7424643), np.float32(1.4107906), np.float32(1.6684698), np.float32(1.1153543), np.float32(1.3417022), np.float32(1.4014446)]"
2018-03-02 03:50:00+00:00,67.25939,1,LOEO,1,"[np.float32(-1982.5325), np.float32(-62.511555), np.float32(-14.132011), np.float32(-11.639832), np.float32(0.19565307), np.float32(15.898469), np.float32(3.40926), np.float32(-0.05617748), np.float32(-4.486717), np.float32(9.31075), np.float32(-3.7083502), np.float32(4.296233), np.float32(-11.784229), np.float32(-0.40269667), np.float32(-1.1651875), np.float32(-3.5094123), np.float32(3.6306932), np.float32(0.6927184), np.float32(-1.737631), np.float32(1.6949222), np.float32(-1.4472487), np.float32(-2.567338), np.float32(-0.70563036), np.float32(-1.5833545), np.float32(-1.501023), np.float32(0.3663018), np.float32(0.13847035), np.float32(0.8999223), np.float32(-3.883866), np.float32(-0.23088875), np.float32(5.0491247), np.float32(-1.9898626)]","[np.float32(-2.0090315), np.float32(-1.436872), np.float32(-0.47176555), np.float32(-0.22317758), np.float32(0.036906358), np.float32(0.28522488), np.float32(0.9841082), np.float32(0.23315811), np.float32(0.3247307), np.float32(0.5757482), np.float32(-1.103022), np.float32(-0.551795), np.float32(0.27849764), np.float32(0.074634366), np.float32(0.07072487), np.float32(0.027816713), np.float32(-0.68213624), np.float32(-0.15776798), np.float32(-0.17164783), np.float32(-0.005034387), np.float32(0.30304444), np.float32(0.04482565), np.float32(-0.386495), np.float32(0.09147729), np.float32(0.084948376), np.float32(-0.0054665226), np.float32(0.02209156), np.float32(-0.009774432), np.float32(0.04423321), np.float32(-0.046483807), np.float32(-0.024324484), np.float32(-0.11917466)]","[np.float32(2.0139527), np.float32(1.022516), np.float32(1.0209963), np.float32(1.2608345), np.float32(1.1005301), np.float32(0.9310485), np.float32(1.0545381), np.float32(0.9354122), np.float32(1.0974061), np.float32(0.780392), np.float32(1.3074247), np.float32(1.0792651), np.float32(1.5144804), np.float32(1.0883256), np.float32(1.2142081), np.float32(1.1148285), np.float32(1.2810942), np.float32(1.1665814), np.float32(1.0623174), np.float32(1.3938205), np.float32(1.2360393), np.float32(1.567512), np.float32(1.4783223), np.float32(1.3041768), np.float32(1.2386162), np.float32(1.4646301), np.float32(1.7435036), np.float32(1.4122069), np.float32(1.6694859), np.float32(1.1155993), np.float32(1.34299), np.float32(1.4021549)]"
2018-03-02 03:51:00+00:00,67.3192,1,LOEO,1,"[np.float32(-1982.4241), np.float32(-61.16135), np.float32(-14.217509), np.float32(-9.953479), np.float32(-0.059621315), np.float32(15.978031), np.float32(4.990394), np.float32(2.2154484), np.float32(2.8023636), np.float32(10.346111), np.float32(-7.0283766), np.float32(10.0556555), np.float32(-11.23674), np.float32(-0.48853633), np.float32(-0.82206666), np.float32(-2.2432008), np.float32(0.73172396), np.float32(-0.5082573), np.float32(-1.5592215), np.float32(0.89693934), np.float32(-1.7287129), np.float32(-3.2100015), np.float32(-1.5056106), np.float32(-2.0653925), np.float32(-0.77629703), np.float32(-0.102821775), np.float32(2.196999), np.float32(5.1867094), np.float32(-1.5080442), np.float32(-0.3623079), np.float32(0.17642704), np.float32(-1.9006993)]","[np.float32(-2.0090055), np.float32(-1.4368129), np.float32(-0.47168446), np.float32(-0.22318763), np.float32(0.03693024), np.float32(0.28516233), np.float32(0.9840634), np.float32(0.23311058), np.float32(0.3246359), np.float32(0.57569075), np.float32(-1.1029817), np.float32(-0.55184597), np.float32(0.2785152), np.float32(0.07469805), np.float32(0.07076497), np.float32(0.027865462), np.float32(-0.68212855), np.float32(-0.15771244), np.float32(-0.17163351), np.float32(-0.0049762838), np.float32(0.3030193), np.float32(0.04491079), np.float32(-0.38647538), np.float32(0.09153333), np.float32(0.084965505), np.float32(-0.0054553766), np.float32(0.022127435), np.float32(-0.009704009), np.float32(0.044225745), np.float32(-0.046558134), np.float32(-0.024361292), np.float32(-0.11922027)]","[np.float32(2.0141075), np.float32(1.0225539), np.float32(1.0209652), np.float32(1.2608925), np.float32(1.1006215), np.float32(0.9310538), np.float32(1.0545211), np.float32(0.93546295), np.float32(1.0974259), np.float32(0.7804176), np.float32(1.3074653), np.float32(1.0792816), np.float32(1.5145633), np.float32(1.0883545), np.float32(1.2142745), np.float32(1.114828), np.float32(1.2810798), np.float32(1.166643), np.float32(1.0623927), np.float32(1.3938569), np.float32(1.2361118), np.float32(1.5675652), np.float32(1.4783459), np.float32(1.3042027), np.float32(1.2386897), np.float32(1.4647985), np.float32(1.7436159), np.float32(1.4123605), np.float32(1.6695962), np.float32(1.1156259), np.float32(1.3431299), np.float32(1.4022319)]"
2018-03-02 03:52:00+00:00,67.218956,1,LOEO,1,"[np.float32(-1982.523), np.float32(-62.35068), np.float32(-14.178237), np.float32(-11.031922), np.float32(-0.41747588), np.float32(16.334309), np.float32(5.14254), np.float32(0.81190413), np.float32(-3.1266944), np.float32(8.521164), np.float32(-4.1409383), np.float32(2.8500276), np.float32(-13.011405), np.float32(-0.48607495), np.float32(-1.5124149), np.float32(-1.0672965), np.float32(-4.88783), np.float32(-0.9543746), np.float32(-1.287796), np.float32(1.1309929), np.float32(-1.7437612), np.float32(-4.0679774), np.float32(2.7104464), np.float32(-1.5434433), np.float32(0.7854993), np.float32(0.2911451), np.float32(-0.1328304), np.float32(0.43682688), np.float32(-1.8271992), np.float32(-1.613272), np.float32(3.5884917), np.float32(2.5447557)]","[np.float32(-2.0091164), np.float32(-1.4370643), np.float32(-0.47202966), np.float32(-0.22314471), np.float32(0.036828563), np.float32(0.2854287), np.float32(0.984254), np.float32(0.23331293), np.float32(0.32503948), np.float32(0.57593536), np.float32(-1.103153), np.float32(-0.55162895), np.float32(0.27844045), np.float32(0.0744269), np.float32(0.070594214), np.float32(0.027658194), np.float32(-0.6821609), np.float32(-0.1579489), np.float32(-0.17169471), np.float32(-0.005223699), np.float32(0.30312645), np.float32(0.044548377), np.float32(-0.386559), np.float32(0.09129472), np.float32(0.084892526), np.float32(-0.005502656), np.float32(0.02197475), np.float32(-0.010003939), np.float32(0.044257797), np.float32(-0.046241798), np.float32(-0.024204621), np.float32(-0.119025916)]","[np.float32(2.013449), np.float32(1.0223922), np.float32(1.0210977), np.float32(1.2606457), np.float32(1.1002327), np.float32(0.9310316), np.float32(1.0545943), np.float32(0.9352472), np.float32(1.0973417), np.float32(0.78030854), np.float32(1.3072922), np.float32(1.0792114), np.float32(1.514211), np.float32(1.0882311), np.float32(1.2139914), np.float32(1.1148299), np.float32(1.2811414), np.float32(1.1663806), np.float32(1.0620714), np.float32(1.3937018), np.float32(1.2358028), np.float32(1.5673385), np.float32(1.4782453), np.float32(1.3040925), np.float32(1.238377), np.float32(1.464081), np.float32(1.7431366), np.float32(1.4117074), np.float32(1.6691277), np.float32(1.115513), np.float32(1.3425359), np.float32(1.4019045)]"
2018-03-02 03:53:00+00:00,66.95965,1,LOEO,1,"[np.float32(-1976.7036), np.float32(-52.34895), np.float32(-14.1726675), np.float32(-9.246524), np.float32(0.8274983), np.float32(16.497892), np.float32(5.1675963), np.float32(8.688413), np.float32(-0.5041465), np.float32(8.610484), np.float32(-0.43811253), np.float32(1.6845021), np.float32(-12.289853), np.float32(-2.0477407), np.float32(-1.3352329), np.float32(-2.3717327), np.float32(-4.897706), np.float32(-0.23935868), np.float32(-1.4790395), np.float32(1.2002512), np.float32(-1.0053023), np.float32(-5.194417), np.float32(4.523761), np.float32(-1.3110224), np.float32(2.1865578), np.float32(-1.3449417), np.float32(0.47995865), np.float32(0.22111626), np.float32(-1.6366067), np.float32(-2.6894553), np.float32(3.8553185), np.float32(2.3530216)]","[np.float32(-2.0090892), np.float32(-1.4370031), np.float32(-0.47194597), np.float32(-0.2231552), np.float32(0.036853217), np.float32(0.28536406), np.float32(0.9842077), np.float32(0.23326388), np.float32(0.32494164), np.float32(0.575876), np.float32(-1.1031114), np.float32(-0.5516816), np.float32(0.2784586), np.float32(0.07449267), np.float32(0.07063564), np.float32(0.027708478), np.float32(-0.6821531), np.float32(-0.15789147), np.float32(-0.17167982), np.float32(-0.0051636845), np.float32(0.30310035), np.float32(0.04463633), np.float32(-0.38653874), np.float32(0.09135263), np.float32(0.08491021), np.float32(-0.0054912083), np.float32(0.022011772), np.float32(-0.009931177), np.float32(0.04425002), np.float32(-0.04631854), np.float32(-0.024242647), np.float32(-0.11907309)]","[np.float32(2.0136085), np.float32(1.0224315), np.float32(1.0210655), np.float32(1.2607056), np.float32(1.1003271), np.float32(0.93103695), np.float32(1.0545765), np.float32(0.9352995), np.float32(1.097362), np.float32(0.780335), np.float32(1.3073343), np.float32(1.0792285), np.float32(1.5142964), np.float32(1.0882611), np.float32(1.2140602), np.float32(1.1148293), np.float32(1.2811263), np.float32(1.1664442), np.float32(1.0621494), np.float32(1.3937395), np.float32(1.2358778), np.float32(1.5673934), np.float32(1.4782696), np.float32(1.3041191), np.float32(1.2384528), np.float32(1.4642552), np.float32(1.7432529), np.float32(1.4118655), np.float32(1.6692413), np.float32(1.1155403), np.float32(1.3426799), np.float32(1.4019837)]"
2018-03-02 03:55:00+00:00,66.08594,0,LOEO,1,"[np.float32(-1959.9062), np.float32(-32.152126), np.float32(-14.210899), np.float32(-6.1893663), np.float32(1.0434562), np.float32(17.100134), np.float32(7.2848034), np.float32(16.712713), np.float32(4.673254), np.float32(4.0480857), np.float32(2.3528552), np.float32(-0.15813206), np.float32(-11.776338), np.float32(-4.173151), np.float32(-1.3236884), np.float32(-0.42184252), np.float32(-2.0005205), np.float32(0.25098008), np.float32(0.56666523), np.float32(0.30923688), np.float32(1.4212658), np.float32(-3.7211478), np.float32(2.4766724), np.float32(1.4046677), np.float32(3.54992), np.float32(-1.2454989), np.float32(4.307319), np.float32(-2.5932071), np.float32(-0.59182364), np.float32(0.6845676), np.float32(6.813431), np.float32(4.2754006)]","[np.float32(-2.0090244), np.float32(-1.4368564), np.float32(-0.4717441), np.float32(-0.22318026), np.float32(0.036912672), np.float32(0.28520837), np.float32(0.98409635), np.float32(0.23314553), np.float32(0.3247057), np.float32(0.57573295), np.float32(-1.1030113), np.float32(-0.5518085), np.float32(0.2785023), np.float32(0.07465119), np.float32(0.07073543), np.float32(0.027829573), np.float32(-0.68213415), np.float32(-0.15775327), np.float32(-0.17164405), np.float32(-0.0050190613), np.float32(0.30303776), np.float32(0.044848144), np.float32(-0.3864898), np.float32(0.09149206), np.float32(0.08495287), np.float32(-0.0054635685), np.float32(0.022101015), np.float32(-0.009755865), np.float32(0.044231288), np.float32(-0.046503462), np.float32(-0.02433417), np.float32(-0.11918673)]","[np.float32(2.0139933), np.float32(1.022526), np.float32(1.020988), np.float32(1.2608498), np.float32(1.1005543), np.float32(0.93104994), np.float32(1.0545337), np.float32(0.9354256), np.float32(1.0974114), np.float32(0.7803987), np.float32(1.3074353), np.float32(1.0792695), np.float32(1.5145025), np.float32(1.0883332), np.float32(1.2142258), np.float32(1.1148282), np.float32(1.2810904), np.float32(1.1665977), np.float32(1.0623373), np.float32(1.3938301), np.float32(1.2360585), np.float32(1.567526), np.float32(1.4783285), np.float32(1.3041836), np.float32(1.2386357), np.float32(1.4646746), np.float32(1.7435333), np.float32(1.4122474), np.float32(1.6695151), np.float32(1.1156063), np.float32(1.343027), np.float32(1.4021752)]"
2018-03-02 03:56:00+00:00,67.258575,0,LOEO,1,"[np.float32(-1977.6583), np.float32(-57.21094), np.float32(-14.140823), np.float32(-9.982886), np.float32(-1.1778725), np.float32(16.924685), np.float32(6.719072), np.float32(6.1576133), np.float32(2.1123886), np.float32(2.1257327), np.float32(1.1817213), np.float32(0.28495556), np.float32(-11.772303), np.float32(-2.5907488), np.float32(-1.6585706), np.float32(-1.3577522), np.float32(-4.132056), np.float32(-1.3870878), np.float32(-0.07237095), np.float32(0.49620703), np.float32(0.2754666), np.float32(-6.083551), np.float32(3.9538631), np.float32(-0.028691439), np.float32(4.552371), np.float32(-6.69885), np.float32(2.7294247), np.float32(-2.4697666), np.float32(-0.83519506), np.float32(-2.380922), np.float32(6.1491303), np.float32(1.8848444)]","[np.float32(-2.0089417), np.float32(-1.4366688), np.float32(-0.47148606), np.float32(-0.22321233), np.float32(0.036988694), np.float32(0.28500918), np.float32(0.983954), np.float32(0.23299423), np.float32(0.32440397), np.float32(0.57554996), np.float32(-1.1028832), np.float32(-0.5519707), np.float32(0.27855816), np.float32(0.074853964), np.float32(0.07086309), np.float32(0.027984567), np.float32(-0.6821101), np.float32(-0.15757646), np.float32(-0.17159827), np.float32(-0.0048340857), np.float32(0.30295765), np.float32(0.04511912), np.float32(-0.38642722), np.float32(0.091670424), np.float32(0.085007414), np.float32(-0.0054282565), np.float32(0.022215128), np.float32(-0.009531602), np.float32(0.044207264), np.float32(-0.04673996), np.float32(-0.0244513), np.float32(-0.119332)]","[np.float32(2.0144854), np.float32(1.022647), np.float32(1.0208892), np.float32(1.2610343), np.float32(1.100845), np.float32(0.9310665), np.float32(1.0544791), np.float32(0.9355869), np.float32(1.0974743), np.float32(0.7804803), np.float32(1.3075649), np.float32(1.079322), np.float32(1.5147657), np.float32(1.0884256), np.float32(1.2144374), np.float32(1.1148269), np.float32(1.2810445), np.float32(1.166794), np.float32(1.0625775), np.float32(1.3939463), np.float32(1.2362895), np.float32(1.5676956), np.float32(1.4784039), np.float32(1.304266), np.float32(1.2388694), np.float32(1.465211), np.float32(1.7438914), np.float32(1.4127358), np.float32(1.6698654), np.float32(1.1156908), np.float32(1.3434712), np.float32(1.40242)]"
2018-03-02 03:57:00+00:00,66.743286,0,LOEO,1,"[np.float32(-1970.8368), np.float32(-41.6668), np.float32(-14.240056), np.float32(-4.350495), np.float32(1.7145637), np.float32(16.903063), np.float32(7.970901), np.float32(20.10165), np.float32(8.463159), np.float32(10.1465845), np.float32(4.5837297), np.float32(0.5633693), np.float32(-11.490973), np.float32(-3.5788321), np.float32(-0.97360456), np.float32(-0.8616727), np.float32(-2.4722066), np.float32(-0.18213974), np.float32(-0.4858093), np.float32(0.66517085), np.float32(0.15919778), np.float32(-3.034984), np.float32(0.8949744), np.float32(-0.19288833), np.float32(1.294072), np.float32(-0.09842309), np.float32(1.6507015), np.float32(-1.0897847), np.float32(-2.6033201), np.float32(0.13240986), np.float32(4.123379), np.float32(3.1175025)]","[np.float32(-2.0089438), np.float32(-1.4366741), np.float32(-0.47149342), np.float32(-0.22321144), np.float32(0.036986496), np.float32(0.28501484), np.float32(0.983958), np.float32(0.23299846), np.float32(0.3244125), np.float32(0.5755552), np.float32(-1.1028868), np.float32(-0.5519662), np.float32(0.2785566), np.float32(0.0748482), np.float32(0.070859484), np.float32(0.027980223), np.float32(-0.6821107), np.float32(-0.1575815), np.float32(-0.17159958), np.float32(-0.0048393756), np.float32(0.30295998), np.float32(0.045111477), np.float32(-0.386429), np.float32(0.09166542), np.float32(0.085005894), np.float32(-0.005429229), np.float32(0.022211947), np.float32(-0.00953792), np.float32(0.044207945), np.float32(-0.046733268), np.float32(-0.024447985), np.float32(-0.1193279)]","[np.float32(2.014472), np.float32(1.0226436), np.float32(1.020892), np.float32(1.2610289), np.float32(1.1008368), np.float32(0.93106604), np.float32(1.0544806), np.float32(0.93558234), np.float32(1.0974727), np.float32(0.780478), np.float32(1.3075612), np.float32(1.0793205), np.float32(1.514758), np.float32(1.0884229), np.float32(1.2144314), np.float32(1.1148269), np.float32(1.2810458), np.float32(1.1667883), np.float32(1.0625707), np.float32(1.3939431), np.float32(1.2362831), np.float32(1.5676908), np.float32(1.4784017), np.float32(1.3042636), np.float32(1.2388626), np.float32(1.4651957), np.float32(1.7438811), np.float32(1.4127219), np.float32(1.6698555), np.float32(1.1156883), np.float32(1.3434584), np.float32(1.4024132)]"
2018-03-02 03:58:00+00:00,67.21261,0,LOEO,1,"[np.float32(-1978.2227), np.float32(-61.511158), np.float32(-14.257827), np.float32(-5.3725076), np.float32(-0.6607169), np.float32(16.903505), np.float32(7.10604), np.float32(-0.624114), np.float32(2.6337702), np.float32(3.9303696), np.float32(-2.5603259), np.float32(3.7046828), np.float32(-11.804153), np.float32(-0.6227248), np.float32(-2.9866443), np.float32(-1.7792394), np.float32(6.7268972), np.float32(-1.4682207), np.float32(0.6180787), np.float32(-0.19202192), np.float32(0.03548506), np.float32(2.7667146), np.float32(-6.16), np.float32(1.806722), np.float32(3.1939652), np.float32(-2.9445775), np.float32(-1.1771721), np.float32(-4.5441647), np.float32(6.9024696), np.float32(0.2715921), np.float32(-2.2063694), np.float32(-1.0654594)]","[np.float32(-2.00894), np.float32(-1.4366648), np.float32(-0.47148064), np.float32(-0.22321302), np.float32(0.036990277), np.float32(0.28500503), np.float32(0.98395103), np.float32(0.2329911), np.float32(0.32439762), np.float32(0.57554615), np.float32(-1.1028805), np.float32(-0.5519741), np.float32(0.27855936), np.float32(0.07485821), np.float32(0.07086579), np.float32(0.027987823), np.float32(-0.68210953), np.float32(-0.1575728), np.float32(-0.17159732), np.float32(-0.0048302226), np.float32(0.30295599), np.float32(0.045124806), np.float32(-0.38642597), np.float32(0.09167415), np.float32(0.08500859), np.float32(-0.0054275095), np.float32(0.022217564), np.float32(-0.009526908), np.float32(0.044206854), np.float32(-0.04674489), np.float32(-0.024453744), np.float32(-0.11933504)]","[np.float32(2.0144958), np.float32(1.0226495), np.float32(1.0208871), np.float32(1.2610381), np.float32(1.100851), np.float32(0.9310669), np.float32(1.0544779), np.float32(0.9355903), np.float32(1.0974758), np.float32(0.78048205), np.float32(1.3075675), np.float32(1.0793232), np.float32(1.514771), np.float32(1.0884275), np.float32(1.2144419), np.float32(1.1148269), np.float32(1.2810434), np.float32(1.166798), np.float32(1.0625824), np.float32(1.3939488), np.float32(1.2362944), np.float32(1.5676992), np.float32(1.4784054), np.float32(1.3042678), np.float32(1.2388743), np.float32(1.4652222), np.float32(1.743899), np.float32(1.412746), np.float32(1.6698729), np.float32(1.1156925), np.float32(1.3434802), np.float32(1.4024253)]"
2018-03-02 03:59:00+00:00,67.34711,0,LOEO,1,"[np.float32(-1979.0966), np.float32(-61.554817), np.float32(-14.229923), np.float32(-10.254846), np.float32(-0.6264716), np.float32(17.161728), np.float32(8.044073), np.float32(-1.3321767), np.float32(3.76261), np.float32(6.2950516), np.float32(1.2464452), np.float32(0.73734176), np.float32(-12.265602), np.float32(-1.1229714), np.float32(-1.8173136), np.float32(-0.655518), np.float32(0.62552863), np.float32(-2.5488386), np.float32(0.89451766), np.float32(-0.4936297), np.float32(-0.7291167), np.float32(4.4318695), np.float32(-6.4530683), np.float32(3.1724825), np.float32(-0.08312825), np.float32(-2.3626785), np.float32(-2.2459173), np.float32(-4.527397), np.float32(7.57766), np.float32(-0.030092906), np.float32(0.57557255), np.float32(1.4399513)]","[np.float32(-2.0090976), np.float32(-1.4370216), np.float32(-0.47197115), np.float32(-0.22315198), np.float32(0.036845855), np.float32(0.28538343), np.float32(0.98422164), np.float32(0.23327857), np.float32(0.32497105), np.float32(0.5758939), np.float32(-1.103124), np.float32(-0.5516659), np.float32(0.27845314), np.float32(0.07447293), np.float32(0.07062314), np.float32(0.027693354), np.float32(-0.6821553), np.float32(-0.15790874), np.float32(-0.17168432), np.float32(-0.005181771), np.float32(0.30310827), np.float32(0.04460995), np.float32(-0.38654482), np.float32(0.09133524), np.float32(0.084904924), np.float32(-0.0054946393), np.float32(0.022000678), np.float32(-0.009952992), np.float32(0.04425227), np.float32(-0.046295516), np.float32(-0.024231229), np.float32(-0.11905897)]","[np.float32(2.013561), np.float32(1.0224197), np.float32(1.0210751), np.float32(1.2606877), np.float32(1.1002988), np.float32(0.93103534), np.float32(1.0545818), np.float32(0.93528384), np.float32(1.097356), np.float32(0.7803271), np.float32(1.3073217), np.float32(1.0792234), np.float32(1.5142709), np.float32(1.0882521), np.float32(1.2140394), np.float32(1.1148295), np.float32(1.2811308), np.float32(1.1664252), np.float32(1.062126), np.float32(1.393728), np.float32(1.2358552), np.float32(1.5673771), np.float32(1.4782622), np.float32(1.3041114), np.float32(1.2384301), np.float32(1.4642028), np.float32(1.7432184), np.float32(1.411818), np.float32(1.6692072), np.float32(1.115532), np.float32(1.3426367), np.float32(1.4019598)]"
2018-03-02 04:00:00+00:00,66.73199,0,LOEO,1,"[np.float32(-1979.9731), np.float32(-62.903748), np.float32(-14.179335), np.float32(-10.77242), np.float32(-1.7323427), np.float32(17.000349), np.float32(7.2881813), np.float32(-0.12557805), np.float32(-0.05514452), np.float32(0.7144399), np.float32(-1.7313176), np.float32(0.04048602), np.float32(-12.316506), np.float32(-1.2983658), np.float32(-0.87441826), np.float32(-0.95527023), np.float32(-3.5596924), np.float32(-1.9733015), np.float32(-0.64587545), np.float32(0.66361576), np.float32(0.81463784), np.float32(-2.1448617), np.float32(1.1555363), np.float32(0.59181136), np.float32(2.2741256), np.float32(-0.21474065), np.float32(3.0255232), np.float32(-2.2190254), np.float32(-0.6406595), np.float32(0.86004883), np.float32(4.633692), np.float32(4.393459)]","[np.float32(-2.0090218), np.float32(-1.4368502), np.float32(-0.4717355), np.float32(-0.22318128), np.float32(0.03691516), np.float32(0.2852017), np.float32(0.98409176), np.float32(0.2331405), np.float32(0.32469565), np.float32(0.57572687), np.float32(-1.1030072), np.float32(-0.5518139), np.float32(0.27850416), np.float32(0.07465797), np.float32(0.070739724), np.float32(0.027834766), np.float32(-0.6821334), np.float32(-0.15774734), np.float32(-0.17164253), np.float32(-0.005012866), np.float32(0.30303508), np.float32(0.044857234), np.float32(-0.38648778), np.float32(0.09149802), np.float32(0.08495471), np.float32(-0.005462367), np.float32(0.022104844), np.float32(-0.009748325), np.float32(0.044230424), np.float32(-0.046511374), np.float32(-0.024338134), np.float32(-0.11919157)]","[np.float32(2.0140102), np.float32(1.0225301), np.float32(1.0209848), np.float32(1.2608562), np.float32(1.1005639), np.float32(0.9310504), np.float32(1.0545319), np.float32(0.93543094), np.float32(1.0974134), np.float32(0.7804015), np.float32(1.3074398), np.float32(1.0792712), np.float32(1.5145111), np.float32(1.0883362), np.float32(1.2142327), np.float32(1.1148283), np.float32(1.281089), np.float32(1.1666043), np.float32(1.0623454), np.float32(1.3938341), np.float32(1.2360662), np.float32(1.5675318), np.float32(1.4783309), np.float32(1.3041863), np.float32(1.2386434), np.float32(1.4646924), np.float32(1.7435449), np.float32(1.4122639), np.float32(1.6695268), np.float32(1.1156092), np.float32(1.3430418), np.float32(1.4021834)]"
2018-03-02 04:01:00+00:00,67.20965,0,LOEO,1,"[np.float32(-1980.6926), np.float32(-63.32902), np.float32(-14.183047), np.float32(-11.584296), np.float32(-1.9241523), np.float32(17.03321), np.float32(7.1004744), np.float32(2.4452932), np.float32(-2.5260918), np.float32(-1.2036045), np.float32(-4.4193974), np.float32(-0.37210482), np.float32(-13.090936), np.float32(-1.6800265), np.float32(-1.239752), np.float32(0.256698), np.float32(-4.068018), np.float32(-1.0238423), np.float32(-0.5133365), np.float32(1.0480897), np.float32(1.5350657), np.float32(-4.0494013), np.float32(1.527529), np.float32(-1.568267), np.float32(4.3639054), np.float32(1.6275657), np.float32(3.284608), np.float32(-1.3768196), np.float32(0.09412342), np.float32(2.0973873), np.float32(1.6754539), np.float32(4.134046)]","[np.float32(-2.0090952), np.float32(-1.4370161), np.float32(-0.47196388), np.float32(-0.2231529), np.float32(0.036847934), np.float32(0.28537792), np.float32(0.9842175), np.float32(0.23327434), np.float32(0.3249626), np.float32(0.57588875), np.float32(-1.1031203), np.float32(-0.5516703), np.float32(0.27845475), np.float32(0.074478604), np.float32(0.07062674), np.float32(0.027697667), np.float32(-0.6821547), np.float32(-0.15790376), np.float32(-0.17168304), np.float32(-0.0051764958), np.float32(0.303106), np.float32(0.04461751), np.float32(-0.38654304), np.float32(0.09134023), np.float32(0.084906474), np.float32(-0.0054936428), np.float32(0.022003852), np.float32(-0.009946749), np.float32(0.044251665), np.float32(-0.046302147), np.float32(-0.024234505), np.float32(-0.119063035)]","[np.float32(2.0135744), np.float32(1.022423), np.float32(1.0210724), np.float32(1.260693), np.float32(1.1003069), np.float32(0.93103576), np.float32(1.0545803), np.float32(0.9352883), np.float32(1.0973579), np.float32(0.78032935), np.float32(1.3073252), np.float32(1.0792248), np.float32(1.5142784), np.float32(1.0882547), np.float32(1.2140454), np.float32(1.1148294), np.float32(1.2811295), np.float32(1.1664307), np.float32(1.0621328), np.float32(1.3937312), np.float32(1.2358618), np.float32(1.5673816), np.float32(1.4782643), np.float32(1.3041136), np.float32(1.2384366), np.float32(1.4642179), np.float32(1.7432281), np.float32(1.4118319), np.float32(1.669217), np.float32(1.1155344), np.float32(1.3426491), np.float32(1.4019668)]"
2018-03-02 04:02:00+00:00,66.71209,0,LOEO,1,"[np.float32(-1980.0479), np.float32(-62.899845), np.float32(-14.192963), np.float32(-10.7590475), np.float32(-1.6223707), np.float32(17.033558), np.float32(7.3166533), np.float32(-0.40809682), np.float32(0.15502883), np.float32(1.3140122), np.float32(-1.8028485), np.float32(0.38895032), np.float32(-12.577835), np.float32(-1.710299), np.float32(-2.0730994), np.float32(0.37914667), np.float32(-2.6117103), np.float32(-2.5592232), np.float32(0.1355265), np.float32(0.22676703), np.float32(0.69226146), np.float32(-2.043584), np.float32(-0.68057024), np.float32(-0.16905068), np.float32(3.2703745), np.float32(-1.7656097), np.float32(4.466075), np.float32(-1.972338), np.float32(-1.5652354), np.float32(0.9981236), np.float32(0.5460214), np.float32(3.3734615)]","[np.float32(-2.009386), np.float32(-1.4376745), np.float32(-0.47286874), np.float32(-0.22304037), np.float32(0.036581375), np.float32(0.28607607), np.float32(0.9847169), np.float32(0.23380491), np.float32(0.32602036), np.float32(0.5765302), np.float32(-1.1035695), np.float32(-0.5511017), np.float32(0.2782588), np.float32(0.0737678), np.float32(0.07017917), np.float32(0.027154423), np.float32(-0.6822394), np.float32(-0.15852365), np.float32(-0.1718435), np.float32(-0.005825065), np.float32(0.30338693), np.float32(0.043667488), np.float32(-0.38676232), np.float32(0.0907149), np.float32(0.08471516), np.float32(-0.005617529), np.float32(0.021603733), np.float32(-0.010732934), np.float32(0.044335723), np.float32(-0.045472987), np.float32(-0.023823906), np.float32(-0.11855361)]","[np.float32(2.0118492), np.float32(1.0219989), np.float32(1.0214193), np.float32(1.2600466), np.float32(1.0992881), np.float32(0.9309776), np.float32(1.054772), np.float32(0.9347229), np.float32(1.097137), np.float32(0.7800434), np.float32(1.3068712), np.float32(1.0790408), np.float32(1.513356), np.float32(1.0879309), np.float32(1.2133034), np.float32(1.1148343), np.float32(1.2812905), np.float32(1.1657428), np.float32(1.0612909), np.float32(1.3933245), np.float32(1.2350518), np.float32(1.5667874), np.float32(1.4780003), np.float32(1.3038249), np.float32(1.2376174), np.float32(1.4623377), np.float32(1.7419726), np.float32(1.410121), np.float32(1.6679889), np.float32(1.1152384), np.float32(1.341093), np.float32(1.4011083)]"
2018-03-02 04:03:00+00:00,66.8577,0,LOEO,1,"[np.float32(-1980.484), np.float32(-62.999573), np.float32(-14.181199), np.float32(-11.672097), np.float32(-1.7143532), np.float32(17.03428), np.float32(7.3112454), np.float32(-0.20785339), np.float32(-0.028662847), np.float32(0.9992868), np.float32(-1.7709898), np.float32(0.2981931), np.float32(-12.558906), np.float32(-1.4996307), np.float32(-1.797763), np.float32(-0.05612349), np.float32(-2.647071), np.float32(-1.5518634), np.float32(0.460592), np.float32(0.23239426), np.float32(0.73353845), np.float32(-2.5929806), np.float32(1.5556784), np.float32(0.23363476), np.float32(2.2945986), np.float32(-2.2916107), np.float32(3.1064339), np.float32(-2.0993803), np.float32(-1.8386865), np.float32(-0.78874004), np.float32(5.2095447), np.float32(3.2971938)]","[np.float32(-2.0092092), np.float32(-1.4372736), np.float32(-0.47231779), np.float32(-0.22310883), np.float32(0.036743663), np.float32(0.28565106), np.float32(0.9844129), np.float32(0.23348191), np.float32(0.32537633), np.float32(0.5761397), np.float32(-1.1032962), np.float32(-0.55144787), np.float32(0.27837807), np.float32(0.07420055), np.float32(0.07045167), np.float32(0.027485132), np.float32(-0.68218786), np.float32(-0.15814625), np.float32(-0.17174582), np.float32(-0.005430214), np.float32(0.30321592), np.float32(0.04424587), np.float32(-0.38662887), np.float32(0.09109561), np.float32(0.08483161), np.float32(-0.0055420995), np.float32(0.021847315), np.float32(-0.010254294), np.float32(0.044284537), np.float32(-0.045977764), np.float32(-0.024073878), np.float32(-0.11886372)]","[np.float32(2.0128996), np.float32(1.0222571), np.float32(1.021208), np.float32(1.2604399), np.float32(1.0999084), np.float32(0.93101305), np.float32(1.0546553), np.float32(0.9350672), np.float32(1.0972713), np.float32(0.78021747), np.float32(1.3071476), np.float32(1.0791528), np.float32(1.5139176), np.float32(1.088128), np.float32(1.2137551), np.float32(1.1148313), np.float32(1.2811925), np.float32(1.1661614), np.float32(1.0618035), np.float32(1.3935722), np.float32(1.2355448), np.float32(1.5671493), np.float32(1.478161), np.float32(1.3040006), np.float32(1.2381161), np.float32(1.463482), np.float32(1.7427368), np.float32(1.4111625), np.float32(1.6687367), np.float32(1.1154187), np.float32(1.3420404), np.float32(1.4016311)]"
2018-03-02 04:04:00+00:00,66.821915,0,LOEO,1,"[np.float32(-1978.9541), np.float32(-63.135876), np.float32(-14.189276), np.float32(-10.624683), np.float32(-1.7631425), np.float32(17.119453), np.float32(7.5788465), np.float32(-0.17541814), np.float32(0.22927332), np.float32(0.8628093), np.float32(-1.8419257), np.float32(-0.04587325), np.float32(-12.442987), np.float32(-1.8027993), np.float32(-1.2812896), np.float32(-0.30557987), np.float32(-1.4808146), np.float32(-1.4937564), np.float32(0.42775425), np.float32(-0.19628972), np.float32(0.94414866), np.float32(-2.7645552), np.float32(0.9392738), np.float32(1.3833368), np.float32(2.9390244), np.float32(-1.9936546), np.float32(4.3136888), np.float32(-3.4062066), np.float32(-0.87878823), np.float32(1.017044), np.float32(4.526937), np.float32(3.8085659)]","[np.float32(-2.009046), np.float32(-1.4369059), np.float32(-0.4718117), np.float32(-0.22317177), np.float32(0.03689272), np.float32(0.28526047), np.float32(0.9841337), np.float32(0.23318514), np.float32(0.3247847), np.float32(0.57578087), np.float32(-1.1030449), np.float32(-0.5517659), np.float32(0.27848762), np.float32(0.0745981), np.float32(0.07070198), np.float32(0.027788997), np.float32(-0.68214047), np.float32(-0.1577996), np.float32(-0.17165603), np.float32(-0.0050674863), np.float32(0.30305874), np.float32(0.044777192), np.float32(-0.3865062), np.float32(0.09144537), np.float32(0.08493859), np.float32(-0.0054728296), np.float32(0.022071086), np.float32(-0.00981459), np.float32(0.04423751), np.float32(-0.046441503), np.float32(-0.024303515), np.float32(-0.11914864)]","[np.float32(2.0138645), np.float32(1.0224943), np.float32(1.021014), np.float32(1.2608016), np.float32(1.1004782), np.float32(0.93104565), np.float32(1.054548), np.float32(0.9353833), np.float32(1.097395), np.float32(0.78037745), np.float32(1.3074014), np.float32(1.0792558), np.float32(1.5144334), np.float32(1.088309), np.float32(1.2141703), np.float32(1.1148286), np.float32(1.2811024), np.float32(1.1665463), np.float32(1.0622743), np.float32(1.3937999), np.float32(1.2359979), np.float32(1.5674818), np.float32(1.4783087), np.float32(1.304162), np.float32(1.2385744), np.float32(1.4645337), np.float32(1.7434393), np.float32(1.4121196), np.float32(1.6694233), np.float32(1.1155841), np.float32(1.3429108), np.float32(1.4021112)]"
2018-03-02 04:05:00+00:00,66.77127,0,LOEO,1,"[np.float32(-1979.7472), np.float32(-62.99754), np.float32(-14.140468), np.float32(-10.864771), np.float32(-1.8991565), np.float32(16.702927), np.float32(7.3505793), np.float32(-0.11462576), np.float32(0.7078547), np.float32(0.8232111), np.float32(-2.3312042), np.float32(0.37065765), np.float32(-12.569775), np.float32(-1.7114718), np.float32(-2.0103574), np.float32(0.406308), np.float32(-3.152594), np.float32(-1.5769116), np.float32(-0.5512555), np.float32(0.4302136), np.float32(1.128614), np.float32(-3.8531659), np.float32(0.5789675), np.float32(-0.29679987), np.float32(4.2632036), np.float32(-1.079468), np.float32(4.6459203), np.float32(-1.8287129), np.float32(-0.7337142), np.float32(1.3435357), np.float32(0.25893047), np.float32(3.0823424)]","[np.float32(-2.0090635), np.float32(-1.4369445), np.float32(-0.47186515), np.float32(-0.22316518), np.float32(0.03687697), np.float32(0.28530174), np.float32(0.9841631), np.float32(0.23321643), np.float32(0.3248471), np.float32(0.5758188), np.float32(-1.1030713), np.float32(-0.5517324), np.float32(0.2784761), np.float32(0.07455612), np.float32(0.070675544), np.float32(0.027756982), np.float32(-0.6821455), np.float32(-0.15783621), np.float32(-0.17166552), np.float32(-0.0051058605), np.float32(0.30307537), np.float32(0.04472112), np.float32(-0.38651913), np.float32(0.09140842), np.float32(0.08492729), np.float32(-0.0054801367), np.float32(0.02204749), np.float32(-0.009860948), np.float32(0.044242524), np.float32(-0.046392597), np.float32(-0.024279289), np.float32(-0.119118616)]","[np.float32(2.0137627), np.float32(1.0224693), np.float32(1.0210345), np.float32(1.2607634), np.float32(1.1004181), np.float32(0.9310422), np.float32(1.0545594), np.float32(0.93534994), np.float32(1.0973818), np.float32(0.7803606), np.float32(1.3073747), np.float32(1.0792449), np.float32(1.514379), np.float32(1.0882899), np.float32(1.2141266), np.float32(1.1148288), np.float32(1.281112), np.float32(1.1665058), np.float32(1.0622246), np.float32(1.3937758), np.float32(1.2359501), np.float32(1.5674467), np.float32(1.4782932), np.float32(1.304145), np.float32(1.238526), np.float32(1.464423), np.float32(1.743365), np.float32(1.4120185), np.float32(1.6693511), np.float32(1.1155668), np.float32(1.3428189), np.float32(1.4020603)]"
2018-03-02 04:06:00+00:00,67.077576,0,LOEO,1,"[np.float32(-1980.5208), np.float32(-62.53787), np.float32(-14.181884), np.float32(-9.310243), np.float32(-1.562669), np.float32(16.820793), np.float32(6.936999), np.float32(-1.5524188), np.float32(0.43861264), np.float32(2.2256017), np.float32(-0.97904736), np.float32(0.6344994), np.float32(-12.304838), np.float32(-2.1206896), np.float32(-1.5879421), np.float32(0.8479999), np.float32(-1.3727721), np.float32(-2.8064601), np.float32(0.16735701), np.float32(0.7867276), np.float32(0.50321376), np.float32(2.7840257), np.float32(-5.6291795), np.float32(1.0734587), np.float32(3.6904242), np.float32(-2.7885911), np.float32(-0.3112038), np.float32(-4.379226), np.float32(9.273419), np.float32(0.26176232), np.float32(-2.2022498), np.float32(1.3115963)]","[np.float32(-2.0092328), np.float32(-1.4373285), np.float32(-0.47239283), np.float32(-0.22309956), np.float32(0.0367216), np.float32(0.2857089), np.float32(0.98445433), np.float32(0.23352581), np.float32(0.3254641), np.float32(0.57619286), np.float32(-1.1033334), np.float32(-0.5514008), np.float32(0.27836183), np.float32(0.074141614), np.float32(0.070414566), np.float32(0.027440138), np.float32(-0.6821949), np.float32(-0.15819763), np.float32(-0.17175907), np.float32(-0.0054839663), np.float32(0.30323917), np.float32(0.04416716), np.float32(-0.386647), np.float32(0.091043815), np.float32(0.084815726), np.float32(-0.005552374), np.float32(0.021814182), np.float32(-0.010319442), np.float32(0.04429152), np.float32(-0.04590907), np.float32(-0.024039835), np.float32(-0.11882155)]","[np.float32(2.0127566), np.float32(1.0222219), np.float32(1.0212368), np.float32(1.2603863), np.float32(1.099824), np.float32(0.93100816), np.float32(1.0546713), np.float32(0.93502027), np.float32(1.097253), np.float32(0.7801938), np.float32(1.30711), np.float32(1.0791376), np.float32(1.5138409), np.float32(1.0881011), np.float32(1.2136936), np.float32(1.1148317), np.float32(1.2812059), np.float32(1.1661044), np.float32(1.0617336), np.float32(1.3935384), np.float32(1.2354777), np.float32(1.5670999), np.float32(1.4781388), np.float32(1.3039767), np.float32(1.2380481), np.float32(1.4633262), np.float32(1.7426329), np.float32(1.4110208), np.float32(1.6686348), np.float32(1.115394), np.float32(1.3419113), np.float32(1.4015598)]"
2018-03-02 10:08:00+00:00,68.55127,1,LOEO,2,"[np.float32(-1991.4932), np.float32(-57.14884), np.float32(-14.344743), np.float32(-9.1689825), np.float32(2.80536), np.float32(17.024698), np.float32(6.606421), np.float32(5.6107802), np.float32(1.4095162), np.float32(9.521233), np.float32(0.9353312), np.float32(1.7231752), np.float32(-11.930265), np.float32(-1.8188816), np.float32(-0.7672074), np.float32(-2.85823), np.float32(2.8858728), np.float32(-3.0402846), np.float32(0.99960744), np.float32(-0.80276704), np.float32(-3.7370403), np.float32(4.851236), np.float32(-10.843041), np.float32(0.77630323), np.float32(-4.442081), np.float32(-2.6623733), np.float32(-3.2866466), np.float32(-4.025001), np.float32(-7.4087734), np.float32(-3.4013672), np.float32(1.9977918), np.float32(6.3460274)]","[np.float32(-1.8901472), np.float32(-0.1866301), np.float32(-0.91283494), np.float32(-0.024563473), np.float32(-0.1850777), np.float32(1.3182583), np.float32(0.3318157), np.float32(0.13692603), np.float32(0.914601), np.float32(0.48082578), np.float32(-1.078341), np.float32(-0.76275045), np.float32(-0.26904798), np.float32(-0.2508766), np.float32(0.3304787), np.float32(-0.09288762), np.float32(-0.5423596), np.float32(-0.025169238), np.float32(-0.09724476), np.float32(-0.17043033), np.float32(0.22568856), np.float32(-0.38613394), np.float32(-0.14051253), np.float32(-0.15422271), np.float32(-0.09279967), np.float32(-0.044032842), np.float32(0.1551866), np.float32(0.093022674), np.float32(0.124496184), np.float32(-0.050583452), np.float32(-0.06974056), np.float32(-0.09582485)]","[np.float32(2.2411702), np.float32(1.0355345), np.float32(0.6906813), np.float32(1.184965), np.float32(1.1062924), np.float32(1.2054144), np.float32(1.3267378), np.float32(1.0478069), np.float32(1.1864259), np.float32(1.3575482), np.float32(1.2247314), np.float32(1.2187928), np.float32(1.4417937), np.float32(1.051034), np.float32(1.04465), np.float32(1.1819403), np.float32(1.5927527), np.float32(1.0505353), np.float32(1.278221), np.float32(1.5873004), np.float32(1.4661196), np.float32(1.3973725), np.float32(2.1288345), np.float32(1.5554351), np.float32(1.4881963), np.float32(1.319031), np.float32(1.8034543), np.float32(1.0539951), np.float32(1.6841166), np.float32(1.2250838), np.float32(1.3773422), np.float32(1.3057468)]"
2018-03-02 10:09:00+00:00,67.177475,1,LOEO,2,"[np.float32(-1994.7101), np.float32(-61.57798), np.float32(-14.303606), np.float32(-11.361937), np.float32(-1.9446319), np.float32(17.290688), np.float32(8.11821), np.float32(1.5088098), np.float32(2.4346657), np.float32(1.5107244), np.float32(-0.7501514), np.float32(0.11342097), np.float32(-11.999539), np.float32(-0.74376583), np.float32(0.55983466), np.float32(-0.28055012), np.float32(-3.6723626), np.float32(-1.3897704), np.float32(0.1529004), np.float32(0.7096782), np.float32(0.53010505), np.float32(0.8954186), np.float32(-0.7610768), np.float32(0.77546877), np.float32(1.0089616), np.float32(0.75639254), np.float32(-1.7819883), np.float32(-2.5449314), np.float32(7.7760463), np.float32(0.06234274), np.float32(2.4488516), np.float32(1.8263878)]","[np.float32(-1.8856924), np.float32(-0.18540175), np.float32(-0.91285354), np.float32(-0.023910608), np.float32(-0.18451113), np.float32(1.3174564), np.float32(0.3303607), np.float32(0.13544516), np.float32(0.91380453), np.float32(0.4805835), np.float32(-1.076072), np.float32(-0.7624597), np.float32(-0.27117297), np.float32(-0.25197178), np.float32(0.33090812), np.float32(-0.0932421), np.float32(-0.5415741), np.float32(-0.023579672), np.float32(-0.09606423), np.float32(-0.16944282), np.float32(0.22486654), np.float32(-0.38705823), np.float32(-0.13872606), np.float32(-0.15464348), np.float32(-0.09298178), np.float32(-0.04512331), np.float32(0.15437113), np.float32(0.09516901), np.float32(0.124832824), np.float32(-0.05166745), np.float32(-0.06738538), np.float32(-0.097112805)]","[np.float32(2.2408373), np.float32(1.0367973), np.float32(0.6908679), np.float32(1.1845651), np.float32(1.1068377), np.float32(1.2036214), np.float32(1.326336), np.float32(1.0468181), np.float32(1.1873409), np.float32(1.3575393), np.float32(1.2247277), np.float32(1.2201793), np.float32(1.4400516), np.float32(1.0512213), np.float32(1.0444329), np.float32(1.1807531), np.float32(1.5916711), np.float32(1.0484904), np.float32(1.2766762), np.float32(1.5865109), np.float32(1.4649287), np.float32(1.3964036), np.float32(2.1294968), np.float32(1.5538031), np.float32(1.4860046), np.float32(1.3178209), np.float32(1.803088), np.float32(1.0532666), np.float32(1.6845623), np.float32(1.2238888), np.float32(1.3745232), np.float32(1.3062164)]"
2018-03-02 10:10:00+00:00,67.36425,1,LOEO,2,"[np.float32(-1987.5647), np.float32(-46.12674), np.float32(-14.356132), np.float32(-5.4302974), np.float32(0.69098866), np.float32(17.208496), np.float32(8.495471), np.float32(14.91679), np.float32(10.192014), np.float32(10.725814), np.float32(5.491017), np.float32(0.8529531), np.float32(-10.792334), np.float32(-2.3802555), np.float32(1.9407663), np.float32(-0.971075), np.float32(-2.3257143), np.float32(-1.0959512), np.float32(-0.6665396), np.float32(1.1640815), np.float32(0.36462379), np.float32(-1.4854112), np.float32(0.1778808), np.float32(-0.66398233), np.float32(-1.2739648), np.float32(3.6987522), np.float32(0.17546982), np.float32(1.5992779), np.float32(-1.1123471), np.float32(1.8512795), np.float32(4.329304), np.float32(1.7235857)]","[np.float32(-1.8880253), np.float32(-0.18604441), np.float32(-0.91284424), np.float32(-0.024251964), np.float32(-0.18480709), np.float32(1.3178766), np.float32(0.3311217), np.float32(0.13621977), np.float32(0.9142212), np.float32(0.48071134), np.float32(-1.0772603), np.float32(-0.7626126), np.float32(-0.27006072), np.float32(-0.25139856), np.float32(0.33068243), np.float32(-0.0930564), np.float32(-0.5419856), np.float32(-0.024411917), np.float32(-0.09668244), np.float32(-0.16996008), np.float32(0.22529617), np.float32(-0.38657463), np.float32(-0.1396612), np.float32(-0.15442318), np.float32(-0.09288714), np.float32(-0.04455191), np.float32(0.15479794), np.float32(0.09404588), np.float32(0.12465653), np.float32(-0.051100392), np.float32(-0.06861777), np.float32(-0.09643826)]","[np.float32(2.2410102), np.float32(1.0361358), np.float32(0.69077003), np.float32(1.1847742), np.float32(1.106552), np.float32(1.2045598), np.float32(1.3265464), np.float32(1.0473355), np.float32(1.186862), np.float32(1.3575445), np.float32(1.2247299), np.float32(1.2194537), np.float32(1.4409636), np.float32(1.0511227), np.float32(1.0445464), np.float32(1.1813747), np.float32(1.592237), np.float32(1.0495611), np.float32(1.2774843), np.float32(1.5869251), np.float32(1.465552), np.float32(1.3969119), np.float32(2.12915), np.float32(1.554657), np.float32(1.4871519), np.float32(1.3184551), np.float32(1.80328), np.float32(1.053648), np.float32(1.6843281), np.float32(1.224514), np.float32(1.3759985), np.float32(1.3059702)]"
2018-03-02 10:11:00+00:00,67.191414,1,LOEO,2,"[np.float32(-1994.8436), np.float32(-61.67803), np.float32(-14.284588), np.float32(-11.562085), np.float32(-2.0466464), np.float32(17.236526), np.float32(7.9839935), np.float32(1.8367629), np.float32(2.173), np.float32(0.759849), np.float32(-0.34360528), np.float32(-0.38475886), np.float32(-12.315349), np.float32(-1.2976857), np.float32(-0.6898353), np.float32(-1.6822703), np.float32(-4.9716477), np.float32(-0.09357708), np.float32(-0.1951379), np.float32(0.6404968), np.float32(0.82850087), np.float32(-2.101864), np.float32(2.715609), np.float32(-0.5810204), np.float32(0.6578492), np.float32(2.7141542), np.float32(0.9740491), np.float32(-0.29605955), np.float32(-0.46726072), np.float32(1.1605659), np.float32(5.0468516), np.float32(2.524369)]","[np.float32(-1.8811659), np.float32(-0.18414968), np.float32(-0.91287553), np.float32(-0.02324361), np.float32(-0.18392816), np.float32(1.3166412), np.float32(0.32887542), np.float32(0.13393193), np.float32(0.9129894), np.float32(0.48034567), np.float32(-1.073767), np.float32(-0.76217073), np.float32(-0.27333802), np.float32(-0.25308612), np.float32(0.33133873), np.float32(-0.093600295), np.float32(-0.54077864), np.float32(-0.02196341), np.float32(-0.09486433), np.float32(-0.16844124), np.float32(0.22402538), np.float32(-0.3880019), np.float32(-0.13690883), np.float32(-0.1550712), np.float32(-0.09317046), np.float32(-0.04622908), np.float32(0.15354079), np.float32(0.09735663), np.float32(0.12517354), np.float32(-0.05277425), np.float32(-0.064982176), np.float32(-0.09842129)]","[np.float32(2.2404876), np.float32(1.0380799), np.float32(0.69105643), np.float32(1.1841546), np.float32(1.1073899), np.float32(1.2017963), np.float32(1.3259271), np.float32(1.0458112), np.float32(1.1882718), np.float32(1.357532), np.float32(1.2247233), np.float32(1.2215928), np.float32(1.4382808), np.float32(1.051408), np.float32(1.0442107), np.float32(1.1795462), np.float32(1.5905671), np.float32(1.0464151), np.float32(1.2750994), np.float32(1.5857123), np.float32(1.4637153), np.float32(1.3954254), np.float32(2.1301658), np.float32(1.5521357), np.float32(1.4837741), np.float32(1.3165951), np.float32(1.8027154), np.float32(1.0525264), np.float32(1.6850095), np.float32(1.2226695), np.float32(1.3716552), np.float32(1.3066894)]"
2018-03-02 10:12:00+00:00,67.41727,1,LOEO,2,"[np.float32(-1991.2411), np.float32(-58.713318), np.float32(-14.256649), np.float32(-10.8282795), np.float32(-2.026812), np.float32(17.275663), np.float32(8.128403), np.float32(3.4242113), np.float32(3.0537114), np.float32(1.0412884), np.float32(1.2439635), np.float32(-1.0517004), np.float32(-12.301581), np.float32(-2.4717088), np.float32(-2.041962), np.float32(-1.4459468), np.float32(-3.2882347), np.float32(-1.1570288), np.float32(-1.1233696), np.float32(0.9659556), np.float32(1.1009507), np.float32(-4.882818), np.float32(2.157129), np.float32(-0.70162576), np.float32(4.803289), np.float32(-2.8534071), np.float32(4.8179684), np.float32(-1.8420712), np.float32(0.121649325), np.float32(-0.06693106), np.float32(2.245455), np.float32(2.1507115)]","[np.float32(-1.8817884), np.float32(-0.18432349), np.float32(-0.91287094), np.float32(-0.02333735), np.float32(-0.18401375), np.float32(1.316754), np.float32(0.32908332), np.float32(0.13414632), np.float32(0.91310614), np.float32(0.4803723), np.float32(-1.0740836), np.float32(-0.76220566), np.float32(-0.2730355), np.float32(-0.25293258), np.float32(0.331282), np.float32(-0.09355325), np.float32(-0.5408857), np.float32(-0.022186257), np.float32(-0.09503), np.float32(-0.16857705), np.float32(0.22414407), np.float32(-0.38786742), np.float32(-0.1371594), np.float32(-0.1550126), np.float32(-0.093143664), np.float32(-0.04607737), np.float32(0.15365615), np.float32(0.09705137), np.float32(0.12512848), np.float32(-0.05261813), np.float32(-0.06532092), np.float32(-0.09824076)]","[np.float32(2.2405446), np.float32(1.0379043), np.float32(0.6910311), np.float32(1.1842145), np.float32(1.1073164), np.float32(1.2020514), np.float32(1.3259835), np.float32(1.0459518), np.float32(1.1881444), np.float32(1.3575337), np.float32(1.2247257), np.float32(1.2213969), np.float32(1.438527), np.float32(1.0513844), np.float32(1.0442426), np.float32(1.1797138), np.float32(1.5907241), np.float32(1.0467014), np.float32(1.2753221), np.float32(1.5858229), np.float32(1.4638851), np.float32(1.3955576), np.float32(2.1300795), np.float32(1.5523734), np.float32(1.4840854), np.float32(1.3167628), np.float32(1.8027686), np.float32(1.0526286), np.float32(1.684953), np.float32(1.2228419), np.float32(1.3720548), np.float32(1.3066285)]"
2018-03-02 10:45:00+00:00,74.916084,1,LOEO,2,"[np.float32(-1991.7029), np.float32(-57.907402), np.float32(-14.360854), np.float32(-8.671012), np.float32(2.6232014), np.float32(16.721546), np.float32(6.744509), np.float32(4.092425), np.float32(1.2347406), np.float32(14.688836), np.float32(-3.586586), np.float32(4.282286), np.float32(-9.53643), np.float32(-3.7327309), np.float32(-2.522551), np.float32(-18.162046), np.float32(83.45962), np.float32(19.439178), np.float32(-3.9273453), np.float32(2.1520982), np.float32(4.3869724), np.float32(-4.913608), np.float32(2.9113648), np.float32(-13.228743), np.float32(-0.9263012), np.float32(9.448427), np.float32(-1.2479384), np.float32(10.437638), np.float32(-12.284048), np.float32(9.5974045), np.float32(13.428885), np.float32(-51.385597)]","[np.float32(-1.8812252), np.float32(-0.18416834), np.float32(-0.9128733), np.float32(-0.023254886), np.float32(-0.18394229), np.float32(1.3166527), np.float32(0.32889968), np.float32(0.13395937), np.float32(0.9130057), np.float32(0.4803415), np.float32(-1.0737967), np.float32(-0.76216865), np.float32(-0.27330393), np.float32(-0.2530709), np.float32(0.33133644), np.float32(-0.09359812), np.float32(-0.54078627), np.float32(-0.021985374), np.float32(-0.09488086), np.float32(-0.1684522), np.float32(0.22404027), np.float32(-0.3879841), np.float32(-0.13693367), np.float32(-0.15506577), np.float32(-0.09316657), np.float32(-0.04621531), np.float32(0.1535531), np.float32(0.097322434), np.float32(0.12517107), np.float32(-0.052755028), np.float32(-0.06502351), np.float32(-0.09840359)]","[np.float32(2.2405026), np.float32(1.038064), np.float32(0.6910547), np.float32(1.184164), np.float32(1.1073854), np.float32(1.2018253), np.float32(1.3259326), np.float32(1.045827), np.float32(1.1882601), np.float32(1.3575326), np.float32(1.2247254), np.float32(1.2215723), np.float32(1.438307), np.float32(1.0514082), np.float32(1.0442152), np.float32(1.1795639), np.float32(1.5905875), np.float32(1.0464435), np.float32(1.2751272), np.float32(1.585723), np.float32(1.4637347), np.float32(1.3954351), np.float32(2.1301632), np.float32(1.5521675), np.float32(1.4838085), np.float32(1.3166097), np.float32(1.8027222), np.float32(1.0525365), np.float32(1.6850094), np.float32(1.222691), np.float32(1.371699), np.float32(1.306688)]"
2018-03-02 10:07:00+00:00,67.69368,0,LOEO,2,"[np.float32(-1992.9353), np.float32(-61.55515), np.float32(-14.324649), np.float32(-7.908013), np.float32(-0.5028427), np.float32(17.198675), np.float32(7.505328), np.float32(-0.20858547), np.float32(1.7387408), np.float32(3.1543531), np.float32(-0.22307158), np.float32(1.1451335), np.float32(-11.906602), np.float32(-0.4488855), np.float32(-2.6631644), np.float32(-2.8032436), np.float32(6.5524907), np.float32(-1.1373432), np.float32(0.36106637), np.float32(-0.30666947), np.float32(-1.1361768), np.float32(3.2515538), np.float32(-6.4535656), np.float32(1.6944523), np.float32(0.7643119), np.float32(-3.275619), np.float32(-3.5264056), np.float32(-3.7032735), np.float32(5.125927), np.float32(-1.3186296), np.float32(-3.9057438), np.float32(-1.4195949)]","[np.float32(-1.8807063), np.float32(-0.1840217), np.float32(-0.91287863), np.float32(-0.02317515), np.float32(-0.18386829), np.float32(1.3165588), np.float32(0.32872325), np.float32(0.1337774), np.float32(0.9129065), np.float32(0.48032254), np.float32(-1.0735333), np.float32(-0.7621422), np.float32(-0.27355808), np.float32(-0.25319964), np.float32(0.33138087), np.float32(-0.09363667), np.float32(-0.5406982), np.float32(-0.021799207), np.float32(-0.09474287), np.float32(-0.1683395), np.float32(0.22393866), np.float32(-0.38809752), np.float32(-0.13672383), np.float32(-0.15511481), np.float32(-0.093190916), np.float32(-0.046340317), np.float32(0.15345626), np.float32(0.09757966), np.float32(0.12520832), np.float32(-0.0528872), np.float32(-0.06473757), np.float32(-0.09855373)]","[np.float32(2.2404513), np.float32(1.0382099), np.float32(0.6910753), np.float32(1.1841127), np.float32(1.1074461), np.float32(1.201611), np.float32(1.3258853), np.float32(1.0457088), np.float32(1.1883672), np.float32(1.3575323), np.float32(1.2247236), np.float32(1.2217369), np.float32(1.4381015), np.float32(1.0514263), np.float32(1.0441878), np.float32(1.179424), np.float32(1.5904552), np.float32(1.0462053), np.float32(1.2749386), np.float32(1.5856333), np.float32(1.4635918), np.float32(1.3953278), np.float32(2.1302347), np.float32(1.551966), np.float32(1.4835476), np.float32(1.3164719), np.float32(1.8026786), np.float32(1.0524513), np.float32(1.6850542), np.float32(1.2225454), np.float32(1.3713641), np.float32(1.3067375)]"
2018-03-02 10:06:00+00:00,67.32916,0,LOEO,2,"[np.float32(-1989.304), np.float32(-51.692684), np.float32(-14.287098), np.float32(-8.52555), np.float32(-0.83244866), np.float32(17.167736), np.float32(7.661983), np.float32(9.306503), np.float32(5.14974), np.float32(4.9426274), np.float32(2.946393), np.float32(-0.64207625), np.float32(-11.834707), np.float32(-2.6920142), np.float32(-1.0620944), np.float32(-0.4586306), np.float32(-3.959749), np.float32(0.31307614), np.float32(-1.4309196), np.float32(1.8822387), np.float32(1.3096064), np.float32(-5.3135643), np.float32(2.5324671), np.float32(-1.9302454), np.float32(3.8441622), np.float32(1.084939), np.float32(3.3465924), np.float32(0.22494042), np.float32(-0.3298682), np.float32(1.3951997), np.float32(1.590276), np.float32(2.479733)]","[np.float32(-1.8813843), np.float32(-0.1842116), np.float32(-0.9128732), np.float32(-0.023277652), np.float32(-0.18396142), np.float32(1.3166811), np.float32(0.3289505), np.float32(0.13401094), np.float32(0.9130331), np.float32(0.48035133), np.float32(-1.0738777), np.float32(-0.7621801), np.float32(-0.27322894), np.float32(-0.25303215), np.float32(0.3313202), np.float32(-0.093585156), np.float32(-0.54081476), np.float32(-0.022041887), np.float32(-0.09492289), np.float32(-0.16848768), np.float32(0.22406875), np.float32(-0.3879518), np.float32(-0.13699707), np.float32(-0.15505077), np.float32(-0.09316067), np.float32(-0.046176), np.float32(0.15358193), np.float32(0.097246855), np.float32(0.12515888), np.float32(-0.05271712), np.float32(-0.06510606), np.float32(-0.09835753)]","[np.float32(2.2405128), np.float32(1.0380187), np.float32(0.69104785), np.float32(1.1841776), np.float32(1.1073656), np.float32(1.2018884), np.float32(1.3259469), np.float32(1.0458617), np.float32(1.1882277), np.float32(1.3575331), np.float32(1.2247255), np.float32(1.2215233), np.float32(1.438369), np.float32(1.0514009), np.float32(1.0442227), np.float32(1.1796061), np.float32(1.5906258), np.float32(1.0465162), np.float32(1.275181), np.float32(1.5857518), np.float32(1.4637767), np.float32(1.3954705), np.float32(2.130139), np.float32(1.5522242), np.float32(1.483886), np.float32(1.3166534), np.float32(1.8027353), np.float32(1.0525625), np.float32(1.6849926), np.float32(1.2227328), np.float32(1.3717985), np.float32(1.3066705)]"
2018-03-02 10:05:00+00:00,67.54794,0,LOEO,2,"[np.float32(-1993.4948), np.float32(-61.64329), np.float32(-14.276729), np.float32(-10.992569), np.float32(-2.1943808), np.float32(17.24341), np.float32(7.5858297), np.float32(5.1331825), np.float32(0.7654711), np.float32(-1.9236618), np.float32(-2.5112526), np.float32(-0.7818015), np.float32(-12.879996), np.float32(-1.9880666), np.float32(-1.2627255), np.float32(-0.98831373), np.float32(-4.850276), np.float32(0.41915792), np.float32(0.07975452), np.float32(0.6622352), np.float32(1.4000105), np.float32(-3.4872127), np.float32(4.1632786), np.float32(-0.33042702), np.float32(3.0905728), np.float32(2.0313506), np.float32(1.6172626), np.float32(-1.8934443), np.float32(0.69248), np.float32(0.8575934), np.float32(4.995854), np.float32(3.2377229)]","[np.float32(-1.8819611), np.float32(-0.18437056), np.float32(-0.91287065), np.float32(-0.023362096), np.float32(-0.18403447), np.float32(1.316785), np.float32(0.32913876), np.float32(0.13420227), np.float32(0.91313595), np.float32(0.4803831), np.float32(-1.0741714), np.float32(-0.76221806), np.float32(-0.27295414), np.float32(-0.2528903), np.float32(0.33126453), np.float32(-0.09353911), np.float32(-0.54091656), np.float32(-0.022247687), np.float32(-0.09507572), np.float32(-0.16861567), np.float32(0.22417505), np.float32(-0.38783258), np.float32(-0.13722841), np.float32(-0.15499626), np.float32(-0.09313703), np.float32(-0.046034858), np.float32(0.15368745), np.float32(0.09696929), np.float32(0.12511511), np.float32(-0.052577008), np.float32(-0.06541042), np.float32(-0.0981909)]","[np.float32(2.2405558), np.float32(1.0378551), np.float32(0.6910237), np.float32(1.1842293), np.float32(1.1072948), np.float32(1.2021201), np.float32(1.325999), np.float32(1.0459896), np.float32(1.1881089), np.float32(1.357534), np.float32(1.2247257), np.float32(1.2213435), np.float32(1.4385941), np.float32(1.0513766), np.float32(1.0442507), np.float32(1.1797595), np.float32(1.590765), np.float32(1.0467805), np.float32(1.2753806), np.float32(1.5858537), np.float32(1.4639306), np.float32(1.3955959), np.float32(2.1300526), np.float32(1.5524348), np.float32(1.4841691), np.float32(1.3168099), np.float32(1.8027825), np.float32(1.0526568), np.float32(1.6849343), np.float32(1.2228869), np.float32(1.3721627), np.float32(1.3066096)]"
2018-03-02 10:04:00+00:00,67.17857,0,LOEO,2,"[np.float32(-1991.4637), np.float32(-58.2736), np.float32(-14.2713175), np.float32(-11.08158), np.float32(-1.870574), np.float32(17.05514), np.float32(7.8534994), np.float32(2.620881), np.float32(3.9021728), np.float32(1.3891324), np.float32(-0.28320616), np.float32(1.1972086), np.float32(-11.859769), np.float32(-1.8294694), np.float32(-0.8701249), np.float32(-0.5509421), np.float32(-3.9986732), np.float32(0.19660491), np.float32(0.121115886), np.float32(0.4636914), np.float32(1.1860685), np.float32(-2.6897278), np.float32(2.4174786), np.float32(1.1755484), np.float32(1.3564805), np.float32(1.5375359), np.float32(2.0158186), np.float32(-1.708359), np.float32(1.2603213), np.float32(1.8436459), np.float32(4.9365373), np.float32(2.220677)]","[np.float32(-1.8873234), np.float32(-0.18584745), np.float32(-0.9128502), np.float32(-0.024145346), np.float32(-0.1847094), np.float32(1.3177495), np.float32(0.3308854), np.float32(0.13597645), np.float32(0.9140887), np.float32(0.4806828), np.float32(-1.0769036), np.float32(-0.7625745), np.float32(-0.27040264), np.float32(-0.25157213), np.float32(0.3307447), np.float32(-0.0931093), np.float32(-0.5418654), np.float32(-0.024160467), np.float32(-0.09649577), np.float32(-0.16980705), np.float32(0.22516073), np.float32(-0.3867266), np.float32(-0.13937798), np.float32(-0.15448949), np.float32(-0.09291864), np.float32(-0.044721946), np.float32(0.15466757), np.float32(0.09439142), np.float32(0.1247073), np.float32(-0.0512774), np.float32(-0.06823435), np.float32(-0.09664151)]","[np.float32(2.2409441), np.float32(1.0363334), np.float32(0.69079834), np.float32(1.184706), np.float32(1.1066347), np.float32(1.2042713), np.float32(1.3264824), np.float32(1.0471765), np.float32(1.1870061), np.float32(1.3575435), np.float32(1.2247276), np.float32(1.2196753), np.float32(1.440686), np.float32(1.0511484), np.float32(1.0445098), np.float32(1.1811856), np.float32(1.5920591), np.float32(1.0492383), np.float32(1.2772315), np.float32(1.5868021), np.float32(1.4653598), np.float32(1.3967644), np.float32(2.1292477), np.float32(1.5543873), np.float32(1.4867998), np.float32(1.3182671), np.float32(1.8032203), np.float32(1.0535327), np.float32(1.6843908), np.float32(1.2243185), np.float32(1.3755468), np.float32(1.3060385)]"
2018-03-02 10:03:00+00:00,67.41545,0,LOEO,2,"[np.float32(-1987.0569), np.float32(-48.259407), np.float32(-14.358644), np.float32(-3.6311429), np.float32(1.1341833), np.float32(17.08437), np.float32(7.5998144), np.float32(9.592599), np.float32(6.752734), np.float32(9.866913), np.float32(4.310835), np.float32(1.6725972), np.float32(-11.341188), np.float32(-2.2310264), np.float32(-1.4030873), np.float32(-1.4183843), np.float32(1.7130554), np.float32(-1.4664706), np.float32(-0.00021602908), np.float32(0.35150054), np.float32(-0.65539706), np.float32(3.0238636), np.float32(-4.576503), np.float32(2.3376496), np.float32(0.7951139), np.float32(-2.019502), np.float32(-2.619584), np.float32(-4.0575137), np.float32(5.841991), np.float32(-1.1036556), np.float32(0.41569313), np.float32(1.3501506)]","[np.float32(-1.8806759), np.float32(-0.183986), np.float32(-0.91290224), np.float32(-0.02314175), np.float32(-0.1838026), np.float32(1.3165493), np.float32(0.32865897), np.float32(0.13369347), np.float32(0.9128511), np.float32(0.48039198), np.float32(-1.0735236), np.float32(-0.7621961), np.float32(-0.27362433), np.float32(-0.25321627), np.float32(0.3313417), np.float32(-0.09361828), np.float32(-0.5407183), np.float32(-0.021780394), np.float32(-0.09473079), np.float32(-0.16835076), np.float32(0.22388713), np.float32(-0.38814908), np.float32(-0.13669741), np.float32(-0.15511808), np.float32(-0.09321629), np.float32(-0.046333432), np.float32(0.15343608), np.float32(0.09764983), np.float32(0.12519519), np.float32(-0.052940696), np.float32(-0.06463134), np.float32(-0.098563924)]","[np.float32(2.2403474), np.float32(1.0382088), np.float32(0.69106823), np.float32(1.184072), np.float32(1.1074283), np.float32(1.2015556), np.float32(1.3258781), np.float32(1.0456773), np.float32(1.1883748), np.float32(1.3575382), np.float32(1.2247125), np.float32(1.2217712), np.float32(1.438068), np.float32(1.0513991), np.float32(1.0441694), np.float32(1.1794028), np.float32(1.5903966), np.float32(1.0461886), np.float32(1.2748587), np.float32(1.5856419), np.float32(1.4635507), np.float32(1.3953632), np.float32(2.130196), np.float32(1.5518652), np.float32(1.4834839), np.float32(1.3164858), np.float32(1.8026644), np.float32(1.0524418), np.float32(1.6850023), np.float32(1.2224852), np.float32(1.3712901), np.float32(1.3067002)]"
2018-03-02 10:02:00+00:00,66.71944,0,LOEO,2,"[np.float32(-1977.9218), np.float32(-32.527172), np.float32(-14.38074), np.float32(0.58057934), np.float32(1.1357967), np.float32(17.181368), np.float32(8.034348), np.float32(16.164137), np.float32(9.681432), np.float32(11.467905), np.float32(7.5252485), np.float32(0.47044536), np.float32(-11.293153), np.float32(-4.1025734), np.float32(-1.4592589), np.float32(-0.54117787), np.float32(-0.94777656), np.float32(-1.1596586), np.float32(0.9649154), np.float32(-0.42684308), np.float32(1.1927886), np.float32(-0.5360566), np.float32(1.0129013), np.float32(2.490255), np.float32(2.1156933), np.float32(-0.024720732), np.float32(3.2165003), np.float32(-2.4806094), np.float32(-0.5284512), np.float32(2.0166063), np.float32(4.3059072), np.float32(2.1128733)]","[np.float32(-1.8811241), np.float32(-0.18413967), np.float32(-0.9128743), np.float32(-0.023239404), np.float32(-0.18392804), np.float32(1.3166344), np.float32(0.32886526), np.float32(0.13392408), np.float32(0.9129865), np.float32(0.48033756), np.float32(-1.0737451), np.float32(-0.76216334), np.float32(-0.27335334), np.float32(-0.25309604), np.float32(0.3313451), np.float32(-0.093605764), np.float32(-0.5407689), np.float32(-0.021949068), np.float32(-0.09485396), np.float32(-0.16843013), np.float32(0.22402054), np.float32(-0.388006), np.float32(-0.13689275), np.float32(-0.15507536), np.float32(-0.09317135), np.float32(-0.046239704), np.float32(0.1535343), np.float32(0.0973725), np.float32(0.12517843), np.float32(-0.052780658), np.float32(-0.064968035), np.float32(-0.09843284)]","[np.float32(2.2404928), np.float32(1.0380925), np.float32(0.69105875), np.float32(1.1841542), np.float32(1.1073974), np.float32(1.2017837), np.float32(1.3259236), np.float32(1.045804), np.float32(1.188281), np.float32(1.3575325), np.float32(1.2247251), np.float32(1.2216045), np.float32(1.4382672), np.float32(1.0514117), np.float32(1.04421), np.float32(1.1795367), np.float32(1.5905621), np.float32(1.046397), np.float32(1.2750907), np.float32(1.5857058), np.float32(1.4637071), np.float32(1.395414), np.float32(2.1301773), np.float32(1.5521284), np.float32(1.4837581), np.float32(1.3165829), np.float32(1.8027141), np.float32(1.0525199), np.float32(1.6850184), np.float32(1.2226628), np.float32(1.3716339), np.float32(1.3066977)]"
2018-03-02 10:47:00+00:00,69.13635,1,LOEO,3,"[np.float32(-1998.3362), np.float32(-62.694374), np.float32(-14.313421), np.float32(-11.24384), np.float32(-0.45130336), np.float32(15.087709), np.float32(2.4223943), np.float32(-4.1404734), np.float32(4.150847), np.float32(13.615084), np.float32(-11.718527), np.float32(21.626455), np.float32(-7.003519), np.float32(1.9297231), np.float32(4.66116), np.float32(-4.923675), np.float32(9.090067), np.float32(-0.7457064), np.float32(-1.4345921), np.float32(0.4197257), np.float32(-5.1808534), np.float32(1.3259645), np.float32(-3.6125524), np.float32(-0.46466258), np.float32(-1.5060158), np.float32(-1.7660933), np.float32(0.9856814), np.float32(-1.9881548), np.float32(-5.646975), np.float32(0.8988199), np.float32(-3.1325936), np.float32(0.80604017)]","[np.float32(-2.2195761), np.float32(-0.16490537), np.float32(-0.50639325), np.float32(-0.25709587), np.float32(0.335115), np.float32(0.2209872), np.float32(0.65286124), np.float32(-0.17837746), np.float32(0.58562386), np.float32(0.65528446), np.float32(-0.67949146), np.float32(-0.3842264), np.float32(0.22470152), np.float32(-0.08061838), np.float32(0.2671405), np.float32(-0.022736631), np.float32(-0.54634076), np.float32(-0.28629783), np.float32(-0.16117677), np.float32(0.0045477673), np.float32(0.33051), np.float32(-0.08901009), np.float32(-0.28232712), np.float32(-0.119868405), np.float32(-0.027822655), np.float32(0.1703491), np.float32(0.09645209), np.float32(0.22956678), np.float32(0.15893897), np.float32(-0.03346811), np.float32(-0.10231875), np.float32(0.05132072)]","[np.float32(1.9066588), np.float32(1.0355544), np.float32(0.84234935), np.float32(0.7006348), np.float32(1.249247), np.float32(1.2187197), np.float32(1.1370305), np.float32(1.2254424), np.float32(1.2796797), np.float32(0.9259129), np.float32(0.8387365), np.float32(1.1914601), np.float32(1.2362849), np.float32(0.9351834), np.float32(1.2220378), np.float32(1.0332228), np.float32(1.174001), np.float32(1.1528585), np.float32(1.2051342), np.float32(1.1068755), np.float32(1.1158285), np.float32(1.389929), np.float32(1.3207076), np.float32(1.2228308), np.float32(1.0263035), np.float32(1.1308308), np.float32(1.2794808), np.float32(1.4115447), np.float32(1.3116732), np.float32(1.1914688), np.float32(1.1109022), np.float32(1.2132088)]"
2018-03-02 10:07:00+00:00,67.75052,0,LOEO,3,"[np.float32(-1993.8694), np.float32(-61.584618), np.float32(-14.331392), np.float32(-7.913273), np.float32(-0.5039122), np.float32(17.20683), np.float32(7.509091), np.float32(-0.20873436), np.float32(1.7396141), np.float32(3.154273), np.float32(-0.22330062), np.float32(1.1452614), np.float32(-11.913075), np.float32(-0.4481822), np.float32(-2.6626823), np.float32(-2.8008397), np.float32(6.5505524), np.float32(-1.137304), np.float32(0.3609899), np.float32(-0.3058793), np.float32(-1.1367561), np.float32(3.2477586), np.float32(-6.453956), np.float32(1.6947652), np.float32(0.76469904), np.float32(-3.2765965), np.float32(-3.528665), np.float32(-3.7006557), np.float32(5.1270776), np.float32(-1.3059133), np.float32(-3.9095695), np.float32(-1.425738)]","[np.float32(-2.2135837), np.float32(-0.1633851), np.float32(-0.5056294), np.float32(-0.2566496), np.float32(0.334537), np.float32(0.21936563), np.float32(0.65101224), np.float32(-0.17856511), np.float32(0.5839437), np.float32(0.65267414), np.float32(-0.677305), np.float32(-0.3858996), np.float32(0.22411227), np.float32(-0.078778446), np.float32(0.2669818), np.float32(-0.022002071), np.float32(-0.5462822), np.float32(-0.28627425), np.float32(-0.16104707), np.float32(0.004337527), np.float32(0.3308907), np.float32(-0.08745289), np.float32(-0.28237823), np.float32(-0.11950714), np.float32(-0.027611315), np.float32(0.16947539), np.float32(0.09500727), np.float32(0.2292706), np.float32(0.15757722), np.float32(-0.0340732), np.float32(-0.1014921), np.float32(0.049533095)]","[np.float32(1.9062011), np.float32(1.0361376), np.float32(0.8421775), np.float32(0.70124227), np.float32(1.2490647), np.float32(1.2180898), np.float32(1.1368291), np.float32(1.2247169), np.float32(1.2792953), np.float32(0.9247798), np.float32(0.838973), np.float32(1.1911415), np.float32(1.235052), np.float32(0.93600494), np.float32(1.2224599), np.float32(1.0339676), np.float32(1.1742524), np.float32(1.1533343), np.float32(1.2047501), np.float32(1.1077881), np.float32(1.1161771), np.float32(1.3896582), np.float32(1.320238), np.float32(1.2223943), np.float32(1.025803), np.float32(1.1309032), np.float32(1.2804666), np.float32(1.4089513), np.float32(1.3117472), np.float32(1.1933963), np.float32(1.1110471), np.float32(1.2134571)]"
2018-03-02 10:06:00+00:00,67.422585,0,LOEO,3,"[np.float32(-1990.238), np.float32(-51.72215), np.float32(-14.293834), np.float32(-8.530805), np.float32(-0.83351445), np.float32(17.175861), np.float32(7.665631), np.float32(9.306367), np.float32(5.150565), np.float32(4.9425416), np.float32(2.9461832), np.float32(-0.6419208), np.float32(-11.840872), np.float32(-2.6913955), np.float32(-1.0617204), np.float32(-0.45899215), np.float32(-3.961889), np.float32(0.31220084), np.float32(-1.4311984), np.float32(1.8835518), np.float32(1.3089079), np.float32(-5.3148346), np.float32(2.5351188), np.float32(-1.9356549), np.float32(3.841749), np.float32(1.0893985), np.float32(3.3422744), np.float32(0.22558933), np.float32(-0.33084202), np.float32(1.3885962), np.float32(1.5875559), np.float32(2.4809327)]","[np.float32(-2.213726), np.float32(-0.16342103), np.float32(-0.5056476), np.float32(-0.2566602), np.float32(0.33455068), np.float32(0.21940407), np.float32(0.65105605), np.float32(-0.17856064), np.float32(0.5839835), np.float32(0.6527358), np.float32(-0.6773567), np.float32(-0.38586003), np.float32(0.22412619), np.float32(-0.078822106), np.float32(0.26698563), np.float32(-0.022019394), np.float32(-0.5462836), np.float32(-0.28627482), np.float32(-0.16105029), np.float32(0.0043425187), np.float32(0.3308816), np.float32(-0.087489754), np.float32(-0.28237703), np.float32(-0.119515695), np.float32(-0.027616274), np.float32(0.16949604), np.float32(0.09504147), np.float32(0.2292777), np.float32(0.15760943), np.float32(-0.034058888), np.float32(-0.1015117), np.float32(0.049575415)]","[np.float32(1.9062121), np.float32(1.0361239), np.float32(0.8421816), np.float32(0.70122784), np.float32(1.2490692), np.float32(1.2181047), np.float32(1.136834), np.float32(1.2247342), np.float32(1.2793045), np.float32(0.9248066), np.float32(0.83896744), np.float32(1.1911491), np.float32(1.2350814), np.float32(0.93598557), np.float32(1.22245), np.float32(1.03395), np.float32(1.1742465), np.float32(1.1533229), np.float32(1.2047594), np.float32(1.1077665), np.float32(1.1161689), np.float32(1.3896646), np.float32(1.3202491), np.float32(1.2224046), np.float32(1.0258148), np.float32(1.1309015), np.float32(1.2804432), np.float32(1.4090127), np.float32(1.3117454), np.float32(1.1933508), np.float32(1.1110437), np.float32(1.2134513)]"
2018-03-02 10:05:00+00:00,67.68467,0,LOEO,3,"[np.float32(-1994.4288), np.float32(-61.67276), np.float32(-14.283458), np.float32(-10.997825), np.float32(-2.195447), np.float32(17.251549), np.float32(7.5894794), np.float32(5.133041), np.float32(0.7662489), np.float32(-1.923731), np.float32(-2.5114305), np.float32(-0.7816082), np.float32(-12.886314), np.float32(-1.9874173), np.float32(-1.2623255), np.float32(-0.9887731), np.float32(-4.8527956), np.float32(0.41800135), np.float32(0.0794011), np.float32(0.6638634), np.float32(1.3991928), np.float32(-3.4886482), np.float32(4.16567), np.float32(-0.33590108), np.float32(3.0884376), np.float32(2.0364575), np.float32(1.6081587), np.float32(-1.8880516), np.float32(0.6907533), np.float32(0.83976877), np.float32(4.98996), np.float32(3.2429726)]","[np.float32(-2.21372), np.float32(-0.16341951), np.float32(-0.5056469), np.float32(-0.25665978), np.float32(0.33455014), np.float32(0.21940249), np.float32(0.65105426), np.float32(-0.17856082), np.float32(0.5839818), np.float32(0.6527334), np.float32(-0.6773546), np.float32(-0.3858616), np.float32(0.22412568), np.float32(-0.07882032), np.float32(0.2669855), np.float32(-0.022018708), np.float32(-0.5462835), np.float32(-0.2862748), np.float32(-0.16105017), np.float32(0.0043423027), np.float32(0.33088204), np.float32(-0.08748822), np.float32(-0.28237706), np.float32(-0.11951531), np.float32(-0.027616072), np.float32(0.16949524), np.float32(0.09504013), np.float32(0.22927737), np.float32(0.15760809), np.float32(-0.034059484), np.float32(-0.10151089), np.float32(0.049573753)]","[np.float32(1.9062116), np.float32(1.0361245), np.float32(0.8421815), np.float32(0.70122844), np.float32(1.249069), np.float32(1.2181041), np.float32(1.1368338), np.float32(1.2247335), np.float32(1.2793041), np.float32(0.9248056), np.float32(0.8389677), np.float32(1.1911488), np.float32(1.2350801), np.float32(0.93598634), np.float32(1.2224505), np.float32(1.0339508), np.float32(1.1742468), np.float32(1.1533235), np.float32(1.204759), np.float32(1.1077675), np.float32(1.1161691), np.float32(1.3896644), np.float32(1.3202485), np.float32(1.2224041), np.float32(1.0258143), np.float32(1.1309016), np.float32(1.2804441), np.float32(1.4090102), np.float32(1.3117456), np.float32(1.1933527), np.float32(1.1110439), np.float32(1.2134516)]"
2018-03-02 10:04:00+00:00,67.263405,0,LOEO,3,"[np.float32(-1992.3978), np.float32(-58.30307), np.float32(-14.278048), np.float32(-11.086836), np.float32(-1.8716421), np.float32(17.063282), np.float32(7.8571696), np.float32(2.6207404), np.float32(3.90301), np.float32(1.389049), np.float32(-0.28342918), np.float32(1.1973462), np.float32(-11.866034), np.float32(-1.8288275), np.float32(-0.86972386), np.float32(-0.5511856), np.float32(-4.0013046), np.float32(0.19551592), np.float32(0.120771945), np.float32(0.46529868), np.float32(1.1852443), np.float32(-2.6918385), np.float32(2.4196756), np.float32(1.171198), np.float32(1.3549929), np.float32(1.5422777), np.float32(2.0078518), np.float32(-1.7042308), np.float32(1.2587911), np.float32(1.8266369), np.float32(4.9368505), np.float32(2.2265394)]","[np.float32(-2.2141051), np.float32(-0.16351724), np.float32(-0.5056958), np.float32(-0.25668848), np.float32(0.33458722), np.float32(0.21950659), np.float32(0.651173), np.float32(-0.17854887), np.float32(0.58408976), np.float32(0.65290105), np.float32(-0.67749506), np.float32(-0.38575414), np.float32(0.22416338), np.float32(-0.07893832), np.float32(0.26699555), np.float32(-0.022065982), np.float32(-0.54628724), np.float32(-0.28627646), np.float32(-0.16105829), np.float32(0.004355781), np.float32(0.33085746), np.float32(-0.08758825), np.float32(-0.28237385), np.float32(-0.11953851), np.float32(-0.02762977), np.float32(0.1695513), np.float32(0.09513301), np.float32(0.22929627), np.float32(0.15769547), np.float32(-0.034020644), np.float32(-0.10156394), np.float32(0.04968835)]","[np.float32(1.9062408), np.float32(1.0360869), np.float32(0.8421924), np.float32(0.7011894), np.float32(1.2490805), np.float32(1.2181445), np.float32(1.1368468), np.float32(1.2247802), np.float32(1.2793288), np.float32(0.9248783), np.float32(0.83895254), np.float32(1.1911691), np.float32(1.2351592), np.float32(0.9359335), np.float32(1.2224234), np.float32(1.033903), np.float32(1.1742307), np.float32(1.1532929), np.float32(1.2047836), np.float32(1.1077087), np.float32(1.1161469), np.float32(1.3896817), np.float32(1.3202788), np.float32(1.2224323), np.float32(1.0258464), np.float32(1.1308969), np.float32(1.2803807), np.float32(1.4091766), np.float32(1.311741), np.float32(1.1932288), np.float32(1.1110345), np.float32(1.2134358)]"
2018-03-02 10:03:00+00:00,67.44141,0,LOEO,3,"[np.float32(-1987.991), np.float32(-48.288876), np.float32(-14.365397), np.float32(-3.6364014), np.float32(1.1331147), np.float32(17.092503), np.float32(7.6035647), np.float32(9.592459), np.float32(6.753629), np.float32(9.8668165), np.float32(4.310583), np.float32(1.6727083), np.float32(-11.347525), np.float32(-2.230353), np.float32(-1.4026412), np.float32(-1.4171731), np.float32(1.7106512), np.float32(-1.466997), np.float32(-0.0004690054), np.float32(0.35286963), np.float32(-0.65628135), np.float32(3.0197659), np.float32(-4.576395), np.float32(2.3366902), np.float32(0.7951017), np.float32(-2.018486), np.float32(-2.6255155), np.float32(-4.0522485), np.float32(5.8419814), np.float32(-1.1055555), np.float32(0.40859455), np.float32(1.3494275)]","[np.float32(-2.213944), np.float32(-0.16347644), np.float32(-0.5056753), np.float32(-0.25667652), np.float32(0.3345718), np.float32(0.21946305), np.float32(0.6511234), np.float32(-0.1785539), np.float32(0.5840447), np.float32(0.65283084), np.float32(-0.6774365), np.float32(-0.38579917), np.float32(0.22414756), np.float32(-0.07888892), np.float32(0.26699138), np.float32(-0.0220462), np.float32(-0.54628575), np.float32(-0.2862758), np.float32(-0.16105485), np.float32(0.0043501332), np.float32(0.33086774), np.float32(-0.08754648), np.float32(-0.28237525), np.float32(-0.11952888), np.float32(-0.027624138), np.float32(0.16952778), np.float32(0.095094174), np.float32(0.22928834), np.float32(0.15765885), np.float32(-0.034036916), np.float32(-0.10154185), np.float32(0.049640264)]","[np.float32(1.9062287), np.float32(1.0361027), np.float32(0.8421879), np.float32(0.70120573), np.float32(1.2490757), np.float32(1.2181278), np.float32(1.1368414), np.float32(1.2247607), np.float32(1.2793185), np.float32(0.9248479), np.float32(0.838959), np.float32(1.1911607), np.float32(1.2351261), np.float32(0.9359556), np.float32(1.2224346), np.float32(1.0339229), np.float32(1.1742375), np.float32(1.1533058), np.float32(1.2047733), np.float32(1.1077332), np.float32(1.1161563), np.float32(1.3896744), np.float32(1.320266), np.float32(1.2224207), np.float32(1.025833), np.float32(1.1308988), np.float32(1.2804073), np.float32(1.409107), np.float32(1.3117429), np.float32(1.1932807), np.float32(1.1110384), np.float32(1.2134424)]"
2018-03-02 10:51:00+00:00,67.73402,1,LOEO,4,"[np.float32(-2000.287), np.float32(-61.15669), np.float32(-14.425741), np.float32(-1.8003109), np.float32(-0.97240657), np.float32(16.909018), np.float32(6.330438), np.float32(0.09320931), np.float32(-2.8481212), np.float32(8.58637), np.float32(-3.7202954), np.float32(2.0230803), np.float32(-13.00837), np.float32(3.5115967), np.float32(-1.2395511), np.float32(-1.5894108), np.float32(0.17753513), np.float32(-1.6348174), np.float32(-0.81285053), np.float32(0.6053075), np.float32(-0.7617122), np.float32(2.5702438), np.float32(-5.180274), np.float32(1.3344796), np.float32(-0.72361815), np.float32(4.1465254), np.float32(-6.3132296), np.float32(0.7682309), np.float32(9.383527), np.float32(0.8113208), np.float32(0.29995242), np.float32(-2.0309095)]","[np.float32(-3.0528321), np.float32(-1.3703486), np.float32(-0.6390406), np.float32(-0.8756482), np.float32(-0.843945), np.float32(1.4190452), np.float32(0.8565059), np.float32(0.37727243), np.float32(0.7672614), np.float32(0.4313345), np.float32(-1.1881285), np.float32(-0.82609457), np.float32(0.039032556), np.float32(0.3193319), np.float32(0.13364147), np.float32(0.21121308), np.float32(-0.77947575), np.float32(-0.32584658), np.float32(-0.057129715), np.float32(-0.11637576), np.float32(0.3276537), np.float32(-0.13019139), np.float32(-0.37081808), np.float32(-0.04897704), np.float32(-0.07057709), np.float32(0.032532003), np.float32(0.025490798), np.float32(0.08044996), np.float32(0.12679121), np.float32(-0.021325678), np.float32(0.12392437), np.float32(-0.0011568442)]","[np.float32(2.1130328), np.float32(0.9429723), np.float32(0.835067), np.float32(0.6603539), np.float32(0.9214515), np.float32(0.96841925), np.float32(1.6953127), np.float32(1.0739114), np.float32(1.0812317), np.float32(1.3582795), np.float32(1.1918344), np.float32(0.9326947), np.float32(1.4780533), np.float32(1.1374203), np.float32(1.3314983), np.float32(1.1803653), np.float32(1.4085124), np.float32(1.2950854), np.float32(1.3643888), np.float32(0.89845914), np.float32(1.1150008), np.float32(1.3980495), np.float32(1.682555), np.float32(1.1653954), np.float32(1.1164181), np.float32(1.1896836), np.float32(1.2215556), np.float32(1.4718168), np.float32(1.5057749), np.float32(1.2828207), np.float32(1.3046579), np.float32(1.4291157)]"
2018-03-02 10:07:00+00:00,67.74601,0,LOEO,4,"[np.float32(-1996.6742), np.float32(-61.67336), np.float32(-14.351665), np.float32(-7.9286966), np.float32(-0.50669426), np.float32(17.231241), np.float32(7.5193877), np.float32(-0.20994318), np.float32(1.7421112), np.float32(3.154448), np.float32(-0.22340946), np.float32(1.1451778), np.float32(-11.93136), np.float32(-0.44883624), np.float32(-2.6649573), np.float32(-2.799987), np.float32(6.5463877), np.float32(-1.1356473), np.float32(0.36132884), np.float32(-0.30490914), np.float32(-1.1331079), np.float32(3.1911964), np.float32(-6.4637337), np.float32(1.7048467), np.float32(0.7588746), np.float32(-3.2581372), np.float32(-3.4751527), np.float32(-3.710506), np.float32(5.1719985), np.float32(-1.3180268), np.float32(-3.9231381), np.float32(-1.429138)]","[np.float32(-3.0528345), np.float32(-1.3703495), np.float32(-0.63904023), np.float32(-0.87564886), np.float32(-0.8439459), np.float32(1.4190468), np.float32(0.8565061), np.float32(0.37727305), np.float32(0.7672621), np.float32(0.4313352), np.float32(-1.1881299), np.float32(-0.82609564), np.float32(0.039032854), np.float32(0.31933245), np.float32(0.13364133), np.float32(0.21121302), np.float32(-0.77947646), np.float32(-0.32584736), np.float32(-0.0571291), np.float32(-0.116375476), np.float32(0.32765436), np.float32(-0.13019097), np.float32(-0.3708182), np.float32(-0.048976436), np.float32(-0.07057728), np.float32(0.03253184), np.float32(0.025490422), np.float32(0.08045015), np.float32(0.1267922), np.float32(-0.021326393), np.float32(0.12392468), np.float32(-0.0011566617)]","[np.float32(2.113035), np.float32(0.9429725), np.float32(0.83506763), np.float32(0.6603537), np.float32(0.9214517), np.float32(0.96842015), np.float32(1.6953154), np.float32(1.0739115), np.float32(1.0812324), np.float32(1.3582808), np.float32(1.1918352), np.float32(0.93269575), np.float32(1.4780549), np.float32(1.1374207), np.float32(1.331499), np.float32(1.1803666), np.float32(1.4085137), np.float32(1.2950866), np.float32(1.3643895), np.float32(0.89846), np.float32(1.1150013), np.float32(1.3980502), np.float32(1.6825558), np.float32(1.1653954), np.float32(1.1164185), np.float32(1.1896846), np.float32(1.221556), np.float32(1.4718184), np.float32(1.5057757), np.float32(1.282821), np.float32(1.3046584), np.float32(1.4291165)]"
2018-03-02 10:06:00+00:00,67.36755,0,LOEO,4,"[np.float32(-1993.0428), np.float32(-51.81089), np.float32(-14.314111), np.float32(-8.546236), np.float32(-0.8363014), np.float32(17.200392), np.float32(7.6763945), np.float32(9.304988), np.float32(5.1530094), np.float32(4.9428368), np.float32(2.9461265), np.float32(-0.6419651), np.float32(-11.860498), np.float32(-2.6919146), np.float32(-1.0645317), np.float32(-0.459478), np.float32(-3.9659839), np.float32(0.30565512), np.float32(-1.4247398), np.float32(1.880788), np.float32(1.3021721), np.float32(-5.2810535), np.float32(2.5614922), np.float32(-1.9342476), np.float32(3.8491344), np.float32(1.0830971), np.float32(3.3509989), np.float32(0.26820406), np.float32(-0.35433766), np.float32(1.390211), np.float32(1.5924847), np.float32(2.482249)]","[np.float32(-3.052834), np.float32(-1.3703494), np.float32(-0.6390403), np.float32(-0.87564886), np.float32(-0.84394604), np.float32(1.4190468), np.float32(0.8565061), np.float32(0.37727305), np.float32(0.7672621), np.float32(0.4313352), np.float32(-1.1881299), np.float32(-0.8260955), np.float32(0.03903286), np.float32(0.3193324), np.float32(0.13364133), np.float32(0.21121298), np.float32(-0.7794766), np.float32(-0.32584733), np.float32(-0.05712916), np.float32(-0.116375476), np.float32(0.3276543), np.float32(-0.13019091), np.float32(-0.37081826), np.float32(-0.04897646), np.float32(-0.07057722), np.float32(0.032531846), np.float32(0.025490422), np.float32(0.08045018), np.float32(0.1267922), np.float32(-0.021326393), np.float32(0.12392465), np.float32(-0.0011566505)]","[np.float32(2.113035), np.float32(0.9429725), np.float32(0.8350677), np.float32(0.6603537), np.float32(0.9214517), np.float32(0.9684202), np.float32(1.6953154), np.float32(1.0739115), np.float32(1.0812324), np.float32(1.3582808), np.float32(1.1918352), np.float32(0.93269575), np.float32(1.4780549), np.float32(1.1374207), np.float32(1.3314987), np.float32(1.1803666), np.float32(1.4085138), np.float32(1.2950866), np.float32(1.3643894), np.float32(0.89846), np.float32(1.1150013), np.float32(1.3980502), np.float32(1.6825558), np.float32(1.1653954), np.float32(1.1164185), np.float32(1.1896847), np.float32(1.221556), np.float32(1.4718183), np.float32(1.5057757), np.float32(1.282821), np.float32(1.3046583), np.float32(1.4291164)]"
2018-03-02 10:05:00+00:00,67.55866,0,LOEO,4,"[np.float32(-1997.2336), np.float32(-61.7615), np.float32(-14.303713), np.float32(-11.013254), np.float32(-2.1982312), np.float32(17.276083), np.float32(7.600124), np.float32(5.131515), np.float32(0.76854986), np.float32(-1.9233369), np.float32(-2.511483), np.float32(-0.7816883), np.float32(-12.905298), np.float32(-1.9879631), np.float32(-1.2650391), np.float32(-0.9892706), np.float32(-4.856293), np.float32(0.41346428), np.float32(0.08541248), np.float32(0.66130996), np.float32(1.3934203), np.float32(-3.44991), np.float32(4.1858063), np.float32(-0.33860838), np.float32(3.0957303), np.float32(2.0347095), np.float32(1.643744), np.float32(-1.8622527), np.float32(0.69789064), np.float32(0.81595445), np.float32(4.9898186), np.float32(3.246294)]","[np.float32(-3.0528336), np.float32(-1.370349), np.float32(-0.63904005), np.float32(-0.87564874), np.float32(-0.8439459), np.float32(1.4190468), np.float32(0.8565061), np.float32(0.37727293), np.float32(0.76726204), np.float32(0.43133527), np.float32(-1.1881297), np.float32(-0.8260953), np.float32(0.039032824), np.float32(0.31933215), np.float32(0.1336413), np.float32(0.21121296), np.float32(-0.77947646), np.float32(-0.32584718), np.float32(-0.05712913), np.float32(-0.11637531), np.float32(0.32765424), np.float32(-0.13019091), np.float32(-0.3708182), np.float32(-0.048976347), np.float32(-0.07057719), np.float32(0.03253178), np.float32(0.025490548), np.float32(0.08045014), np.float32(0.12679213), np.float32(-0.021326318), np.float32(0.123924606), np.float32(-0.0011565834)]","[np.float32(2.113035), np.float32(0.9429725), np.float32(0.83506763), np.float32(0.66035366), np.float32(0.9214517), np.float32(0.96842015), np.float32(1.6953154), np.float32(1.0739113), np.float32(1.0812323), np.float32(1.3582807), np.float32(1.1918352), np.float32(0.93269575), np.float32(1.4780548), np.float32(1.1374207), np.float32(1.331499), np.float32(1.1803666), np.float32(1.4085138), np.float32(1.2950865), np.float32(1.3643894), np.float32(0.8984599), np.float32(1.1150013), np.float32(1.3980498), np.float32(1.6825557), np.float32(1.1653953), np.float32(1.1164185), np.float32(1.1896847), np.float32(1.2215561), np.float32(1.4718182), np.float32(1.5057756), np.float32(1.2828208), np.float32(1.3046582), np.float32(1.4291164)]"
2018-03-02 10:04:00+00:00,67.203606,0,LOEO,4,"[np.float32(-1995.2026), np.float32(-58.39181), np.float32(-14.298297), np.float32(-11.102263), np.float32(-1.8744282), np.float32(17.087784), np.float32(7.8676767), np.float32(2.619334), np.float32(3.9054646), np.float32(1.3894199), np.float32(-0.28349182), np.float32(1.1972907), np.float32(-11.885201), np.float32(-1.8293856), np.float32(-0.87232196), np.float32(-0.5515359), np.float32(-4.0047984), np.float32(0.19189557), np.float32(0.12603813), np.float32(0.463316), np.float32(1.1811918), np.float32(-2.671574), np.float32(2.439537), np.float32(1.1678544), np.float32(1.3567767), np.float32(1.5388044), np.float32(2.0397284), np.float32(-1.6726263), np.float32(1.2663473), np.float32(1.802993), np.float32(4.9400115), np.float32(2.229641)]","[np.float32(-3.0528312), np.float32(-1.3703488), np.float32(-0.63903904), np.float32(-0.8756479), np.float32(-0.8439458), np.float32(1.4190459), np.float32(0.8565053), np.float32(0.37727243), np.float32(0.76726174), np.float32(0.43133524), np.float32(-1.188129), np.float32(-0.8260945), np.float32(0.03903278), np.float32(0.31933135), np.float32(0.13364132), np.float32(0.21121278), np.float32(-0.7794763), np.float32(-0.32584673), np.float32(-0.057129096), np.float32(-0.11637479), np.float32(0.32765448), np.float32(-0.13019097), np.float32(-0.3708182), np.float32(-0.048975877), np.float32(-0.07057711), np.float32(0.032531645), np.float32(0.02549094), np.float32(0.080450214), np.float32(0.12679212), np.float32(-0.021325938), np.float32(0.123924725), np.float32(-0.001156304)]","[np.float32(2.1130335), np.float32(0.9429726), np.float32(0.83506763), np.float32(0.6603534), np.float32(0.92145175), np.float32(0.96842027), np.float32(1.695315), np.float32(1.073911), np.float32(1.0812323), np.float32(1.3582801), np.float32(1.191835), np.float32(0.93269587), np.float32(1.4780544), np.float32(1.1374204), np.float32(1.3314986), np.float32(1.1803664), np.float32(1.408514), np.float32(1.2950864), np.float32(1.3643894), np.float32(0.89845943), np.float32(1.1150011), np.float32(1.3980491), np.float32(1.6825551), np.float32(1.1653949), np.float32(1.1164181), np.float32(1.1896849), np.float32(1.2215558), np.float32(1.4718179), np.float32(1.5057745), np.float32(1.2828203), np.float32(1.3046577), np.float32(1.429116)]"
2018-03-02 10:03:00+00:00,67.450195,0,LOEO,4,"[np.float32(-1990.7958), np.float32(-48.377613), np.float32(-14.385704), np.float32(-3.6518219), np.float32(1.1303343), np.float32(17.116865), np.float32(7.6139083), np.float32(9.591438), np.float32(6.7560883), np.float32(9.866753), np.float32(4.3104877), np.float32(1.6726474), np.float32(-11.365906), np.float32(-2.231002), np.float32(-1.4048861), np.float32(-1.4167134), np.float32(1.7063406), np.float32(-1.4666895), np.float32(0.0021022079), np.float32(0.35344732), np.float32(-0.65309095), np.float32(2.9751968), np.float32(-4.5824194), np.float32(2.3432906), np.float32(0.7915884), np.float32(-2.003698), np.float32(-2.5582523), np.float32(-4.045771), np.float32(5.8858576), np.float32(-1.1369753), np.float32(0.3915161), np.float32(1.3487799)]","[np.float32(-3.0528314), np.float32(-1.3703486), np.float32(-0.6390392), np.float32(-0.87564796), np.float32(-0.8439457), np.float32(1.419046), np.float32(0.8565053), np.float32(0.37727243), np.float32(0.7672618), np.float32(0.43133524), np.float32(-1.1881291), np.float32(-0.82609457), np.float32(0.039032757), np.float32(0.3193314), np.float32(0.13364133), np.float32(0.21121275), np.float32(-0.7794765), np.float32(-0.3258468), np.float32(-0.057129167), np.float32(-0.116374865), np.float32(0.32765442), np.float32(-0.13019097), np.float32(-0.3708182), np.float32(-0.048975937), np.float32(-0.07057713), np.float32(0.032531668), np.float32(0.02549085), np.float32(0.08045023), np.float32(0.12679203), np.float32(-0.021325953), np.float32(0.123924725), np.float32(-0.0011563227)]","[np.float32(2.1130338), np.float32(0.9429726), np.float32(0.83506763), np.float32(0.6603535), np.float32(0.92145175), np.float32(0.96842027), np.float32(1.6953149), np.float32(1.0739111), np.float32(1.0812322), np.float32(1.3582802), np.float32(1.191835), np.float32(0.93269575), np.float32(1.4780546), np.float32(1.1374204), np.float32(1.3314986), np.float32(1.1803664), np.float32(1.408514), np.float32(1.2950864), np.float32(1.3643892), np.float32(0.8984595), np.float32(1.1150011), np.float32(1.3980494), np.float32(1.6825551), np.float32(1.1653949), np.float32(1.1164182), np.float32(1.1896849), np.float32(1.2215558), np.float32(1.471818), np.float32(1.5057747), np.float32(1.2828205), np.float32(1.3046579), np.float32(1.4291161)]"
2018-03-02 11:06:00+00:00,68.08104,1,LOEO,5,"[np.float32(-2014.3413), np.float32(-63.172195), np.float32(-14.421402), np.float32(-12.051764), np.float32(-0.9042391), np.float32(16.581205), np.float32(5.031538), np.float32(-0.12648025), np.float32(-2.8057294), np.float32(8.030363), np.float32(-5.6246133), np.float32(5.589164), np.float32(-12.235346), np.float32(-0.38451922), np.float32(-1.1716449), np.float32(-2.0504627), np.float32(1.6691767), np.float32(-0.68070984), np.float32(-1.0551635), np.float32(1.1624373), np.float32(-1.0621061), np.float32(-3.2417529), np.float32(0.4261341), np.float32(-3.6880698), np.float32(0.10899592), np.float32(1.8386561), np.float32(-0.43133265), np.float32(2.0224738), np.float32(-3.5802956), np.float32(-0.14433606), np.float32(4.7706244e-06), np.float32(-1.0830607)]","[np.float32(-3.5148773), np.float32(-1.3745925), np.float32(-1.2658182), np.float32(-0.29025105), np.float32(-0.90091366), np.float32(1.2727021), np.float32(1.645722), np.float32(-0.49982026), np.float32(0.99633044), np.float32(0.44394806), np.float32(-0.4476297), np.float32(-1.0162432), np.float32(-0.6004308), np.float32(-0.40664685), np.float32(0.051312286), np.float32(-0.13098538), np.float32(-0.96141154), np.float32(0.36097333), np.float32(0.0652298), np.float32(-0.0017436966), np.float32(0.18241763), np.float32(-0.010883655), np.float32(-0.46988636), np.float32(-0.10669729), np.float32(-0.061358713), np.float32(0.11400219), np.float32(0.033177406), np.float32(0.030136563), np.float32(-0.037620313), np.float32(-0.03550856), np.float32(-0.02753253), np.float32(-0.012857012)]","[np.float32(1.7457868), np.float32(1.464058), np.float32(0.99229115), np.float32(0.7686839), np.float32(0.9310966), np.float32(1.1674652), np.float32(0.9200654), np.float32(1.1679265), np.float32(0.9023358), np.float32(1.0122122), np.float32(1.1284918), np.float32(0.841502), np.float32(1.2615011), np.float32(0.9454292), np.float32(1.0563678), np.float32(1.1894685), np.float32(1.2770629), np.float32(1.1097207), np.float32(0.77450055), np.float32(1.2396011), np.float32(1.2063652), np.float32(1.2807727), np.float32(1.2965478), np.float32(1.3061883), np.float32(1.3078411), np.float32(1.3429911), np.float32(1.4431974), np.float32(1.339592), np.float32(1.0295719), np.float32(1.297328), np.float32(1.7680328), np.float32(1.2778673)]"
2018-03-02 11:07:00+00:00,67.84425,1,LOEO,5,"[np.float32(-2013.6177), np.float32(-62.20621), np.float32(-14.404577), np.float32(-11.447134), np.float32(-1.1588433), np.float32(16.717522), np.float32(5.986061), np.float32(1.6087862), np.float32(-0.51408947), np.float32(6.4606495), np.float32(-2.947042), np.float32(3.6770988), np.float32(-12.025114), np.float32(-0.88915545), np.float32(-1.1987753), np.float32(-2.4412646), np.float32(1.9474657), np.float32(-0.24471036), np.float32(-0.78724504), np.float32(0.87343806), np.float32(-0.43250322), np.float32(-3.2894487), np.float32(1.3948756), np.float32(-2.921422), np.float32(0.12991573), np.float32(2.548344), np.float32(-0.70921415), np.float32(1.9559442), np.float32(-1.9209723), np.float32(0.63905734), np.float32(0.050010808), np.float32(-1.7154704)]","[np.float32(-3.5149868), np.float32(-1.3746588), np.float32(-1.2658596), np.float32(-0.2902805), np.float32(-0.9009033), np.float32(1.2727523), np.float32(1.6458064), np.float32(-0.49983594), np.float32(0.9963856), np.float32(0.44396177), np.float32(-0.4476285), np.float32(-1.0162861), np.float32(-0.60045224), np.float32(-0.40665853), np.float32(0.051298678), np.float32(-0.13100578), np.float32(-0.96146077), np.float32(0.36099225), np.float32(0.06523578), np.float32(-0.001748167), np.float32(0.1824296), np.float32(-0.010894697), np.float32(-0.46991906), np.float32(-0.10669575), np.float32(-0.06136691), np.float32(0.11398668), np.float32(0.033192508), np.float32(0.030157946), np.float32(-0.037612967), np.float32(-0.035517246), np.float32(-0.027578462), np.float32(-0.012871608)]","[np.float32(1.7458562), np.float32(1.4640921), np.float32(0.99227947), np.float32(0.7686797), np.float32(0.9311148), np.float32(1.167481), np.float32(0.92007744), np.float32(1.1679534), np.float32(0.902355), np.float32(1.0122274), np.float32(1.1284975), np.float32(0.84152275), np.float32(1.2615306), np.float32(0.9454263), np.float32(1.0563619), np.float32(1.1895), np.float32(1.2770803), np.float32(1.1097298), np.float32(0.77449584), np.float32(1.2396069), np.float32(1.2063797), np.float32(1.2807695), np.float32(1.2965789), np.float32(1.3062043), np.float32(1.3078802), np.float32(1.3430398), np.float32(1.443241), np.float32(1.3396115), np.float32(1.0295938), np.float32(1.2973465), np.float32(1.7680835), np.float32(1.2778713)]"
2018-03-02 11:08:00+00:00,68.023766,1,LOEO,5,"[np.float32(-2014.2281), np.float32(-63.194016), np.float32(-14.394436), np.float32(-12.173864), np.float32(-0.73220134), np.float32(16.372725), np.float32(4.5311613), np.float32(-0.24951276), np.float32(-3.5153422), np.float32(8.487657), np.float32(-5.007369), np.float32(5.7581325), np.float32(-12.036063), np.float32(-0.48413712), np.float32(-0.7641952), np.float32(-2.346735), np.float32(-2.6526868), np.float32(-1.7413137), np.float32(-1.4581282), np.float32(1.1026495), np.float32(-1.0923305), np.float32(-3.413331), np.float32(1.0347012), np.float32(-2.5372784), np.float32(0.5753762), np.float32(1.0005409), np.float32(-0.12634191), np.float32(1.0459198), np.float32(-2.3824346), np.float32(-0.7020808), np.float32(-0.80499965), np.float32(0.84297365)]","[np.float32(-3.5147576), np.float32(-1.374509), np.float32(-1.2657744), np.float32(-0.29020947), np.float32(-0.9009307), np.float32(1.2726487), np.float32(1.6456206), np.float32(-0.49980476), np.float32(0.99626684), np.float32(0.44393003), np.float32(-0.4476301), np.float32(-1.0161984), np.float32(-0.60040987), np.float32(-0.40664107), np.float32(0.05133289), np.float32(-0.13096471), np.float32(-0.9613542), np.float32(0.36095238), np.float32(0.06522554), np.float32(-0.0017383918), np.float32(0.18240014), np.float32(-0.010865208), np.float32(-0.46985015), np.float32(-0.10669603), np.float32(-0.06135183), np.float32(0.11401671), np.float32(0.033155218), np.float32(0.030108903), np.float32(-0.037633456), np.float32(-0.035492778), np.float32(-0.02748236), np.float32(-0.012838665)]","[np.float32(1.7457038), np.float32(1.4640213), np.float32(0.9923041), np.float32(0.7686857), np.float32(0.9310758), np.float32(1.1674485), np.float32(0.9200548), np.float32(1.1678932), np.float32(0.90230966), np.float32(1.0121948), np.float32(1.1284857), np.float32(0.8414756), np.float32(1.2614663), np.float32(0.9454298), np.float32(1.0563703), np.float32(1.18943), np.float32(1.2770369), np.float32(1.109709), np.float32(0.7745054), np.float32(1.2395949), np.float32(1.206347), np.float32(1.2807753), np.float32(1.2965125), np.float32(1.3061752), np.float32(1.307792), np.float32(1.3429333), np.float32(1.4431492), np.float32(1.3395706), np.float32(1.0295426), np.float32(1.2973057), np.float32(1.7679696), np.float32(1.2778697)]"
2018-03-02 11:09:00+00:00,68.469284,1,LOEO,5,"[np.float32(-2014.9592), np.float32(-63.503242), np.float32(-14.370078), np.float32(-12.442246), np.float32(-1.6612282), np.float32(16.449167), np.float32(4.609244), np.float32(3.0207357), np.float32(-4.4952517), np.float32(4.825048), np.float32(-6.169086), np.float32(3.8961284), np.float32(-12.496104), np.float32(-0.508145), np.float32(-0.011167698), np.float32(-0.9180087), np.float32(-6.292945), np.float32(-1.3002816), np.float32(-1.1777971), np.float32(1.2771778), np.float32(-0.22532466), np.float32(-6.208275), np.float32(4.724796), np.float32(-2.8664703), np.float32(2.6402702), np.float32(2.3918633), np.float32(-1.6489731), np.float32(0.27165), np.float32(1.5200964), np.float32(-0.86716163), np.float32(-1.4550571), np.float32(1.6065685)]","[np.float32(-3.514834), np.float32(-1.3746043), np.float32(-1.265798), np.float32(-0.29026973), np.float32(-0.9008992), np.float32(1.2726765), np.float32(1.6457186), np.float32(-0.49980965), np.float32(0.9963197), np.float32(0.44395205), np.float32(-0.4476325), np.float32(-1.01622), np.float32(-0.60041445), np.float32(-0.4066197), np.float32(0.05129942), np.float32(-0.130972), np.float32(-0.9614039), np.float32(0.3609673), np.float32(0.06522052), np.float32(-0.0017429069), np.float32(0.18242766), np.float32(-0.010900494), np.float32(-0.46987543), np.float32(-0.10670736), np.float32(-0.061348684), np.float32(0.114016145), np.float32(0.033191293), np.float32(0.030142352), np.float32(-0.037605982), np.float32(-0.035526052), np.float32(-0.027515285), np.float32(-0.012859009)]","[np.float32(1.7457863), np.float32(1.4640424), np.float32(0.9922952), np.float32(0.76869464), np.float32(0.9310926), np.float32(1.1674575), np.float32(0.92005247), np.float32(1.1679307), np.float32(0.9023458), np.float32(1.0122083), np.float32(1.1284887), np.float32(0.84150606), np.float32(1.2614977), np.float32(0.9454388), np.float32(1.0563827), np.float32(1.18947), np.float32(1.2770795), np.float32(1.1097225), np.float32(0.77450275), np.float32(1.2396), np.float32(1.2063679), np.float32(1.2807773), np.float32(1.296539), np.float32(1.306168), np.float32(1.3078468), np.float32(1.3429866), np.float32(1.4431815), np.float32(1.339585), np.float32(1.029581), np.float32(1.2973281), np.float32(1.7680403), np.float32(1.2778437)]"
2018-03-02 10:07:00+00:00,68.0802,0,LOEO,5,"[np.float32(-2009.8744), np.float32(-62.09172), np.float32(-14.446263), np.float32(-8.005944), np.float32(-0.5235056), np.float32(17.341251), np.float32(7.564918), np.float32(-0.20959325), np.float32(1.7603391), np.float32(3.143831), np.float32(-0.22369273), np.float32(1.1452013), np.float32(-12.0192795), np.float32(-0.45515597), np.float32(-2.6754), np.float32(-2.7900355), np.float32(6.5187635), np.float32(-1.137304), np.float32(0.35725278), np.float32(-0.3068786), np.float32(-1.1332421), np.float32(3.2288642), np.float32(-6.433597), np.float32(1.7144995), np.float32(0.7443516), np.float32(-3.2579262), np.float32(-3.4268332), np.float32(-3.7143512), np.float32(5.221966), np.float32(-1.3874164), np.float32(-3.8788023), np.float32(-1.4862593)]","[np.float32(-3.5144932), np.float32(-1.3743341), np.float32(-1.2656701), np.float32(-0.29012758), np.float32(-0.9009627), np.float32(1.2725267), np.float32(1.6454118), np.float32(-0.49977335), np.float32(0.996141), np.float32(0.44389006), np.float32(-0.44762987), np.float32(-1.0160991), np.float32(-0.6003669), np.float32(-0.4066325), np.float32(0.051369626), np.float32(-0.1309214), np.float32(-0.9612317), np.float32(0.3609092), np.float32(0.06522558), np.float32(-0.0017244443), np.float32(0.18235701), np.float32(-0.010837298), np.float32(-0.46976924), np.float32(-0.10669859), np.float32(-0.061329655), np.float32(0.11405666), np.float32(0.033122048), np.float32(0.030056154), np.float32(-0.037659235), np.float32(-0.035460696), np.float32(-0.027374253), np.float32(-0.01280272)]","[np.float32(1.7455409), np.float32(1.4639452), np.float32(0.9923327), np.float32(0.76868916), np.float32(0.9310337), np.float32(1.167413), np.float32(0.9200318), np.float32(1.1678239), np.float32(0.9022565), np.float32(1.0121565), np.float32(1.1284709), np.float32(0.84141845), np.float32(1.2614031), np.float32(0.9454347), np.float32(1.0563756), np.float32(1.1893505), np.float32(1.2769945), np.float32(1.1096795), np.float32(0.7745114), np.float32(1.2395898), np.float32(1.2063113), np.float32(1.2807851), np.float32(1.2964427), np.float32(1.3061332), np.float32(1.3076893), np.float32(1.3428267), np.float32(1.4430465), np.float32(1.339523), np.float32(1.0294805), np.float32(1.297268), np.float32(1.7678478), np.float32(1.2778698)]"
2018-03-02 10:06:00+00:00,67.70331,0,LOEO,5,"[np.float32(-2006.243), np.float32(-52.229237), np.float32(-14.408636), np.float32(-8.623439), np.float32(-0.85308224), np.float32(17.310219), np.float32(7.720983), np.float32(9.305254), np.float32(5.172058), np.float32(4.9304314), np.float32(2.945909), np.float32(-0.6418769), np.float32(-11.947242), np.float32(-2.698023), np.float32(-1.0743268), np.float32(-0.46203384), np.float32(-4.004514), np.float32(0.29730922), np.float32(-1.3936675), np.float32(1.874184), np.float32(1.297128), np.float32(-5.271047), np.float32(2.5422335), np.float32(-1.9286541), np.float32(3.8551986), np.float32(1.0937757), np.float32(3.3408158), np.float32(0.2904379), np.float32(-0.3554688), np.float32(1.4317704), np.float32(1.5280156), np.float32(2.485013)]","[np.float32(-3.5124428), np.float32(-1.374406), np.float32(-1.2647572), np.float32(-0.29063225), np.float32(-0.9005093), np.float32(1.271387), np.float32(1.6448852), np.float32(-0.4993293), np.float32(0.99549603), np.float32(0.44396204), np.float32(-0.44773513), np.float32(-1.0150731), np.float32(-0.59968835), np.float32(-0.4056297), np.float32(0.05098831), np.float32(-0.13035358), np.float32(-0.96072155), np.float32(0.36060417), np.float32(0.06487105), np.float32(-0.0016757697), np.float32(0.18264636), np.float32(-0.011367742), np.float32(-0.46922353), np.float32(-0.10705784), np.float32(-0.060940795), np.float32(0.11461835), np.float32(0.033526964), np.float32(0.030151006), np.float32(-0.037199024), np.float32(-0.03602642), np.float32(-0.026543668), np.float32(-0.012799554)]","[np.float32(1.7451699), np.float32(1.4632375), np.float32(0.992534), np.float32(0.7690834), np.float32(0.93080616), np.float32(1.1670687), np.float32(0.919522), np.float32(1.1678333), np.float32(0.9025064), np.float32(1.0119458), np.float32(1.1283375), np.float32(0.84145474), np.float32(1.261142), np.float32(0.9457824), np.float32(1.0569245), np.float32(1.1892434), np.float32(1.2774788), np.float32(1.1096961), np.float32(0.7746143), np.float32(1.2395209), np.float32(1.2063335), np.float32(1.280963), np.float32(1.2959806), np.float32(1.3053465), np.float32(1.3076916), np.float32(1.342425), np.float32(1.4422781), np.float32(1.3391825), np.float32(1.0296891), np.float32(1.2971793), np.float32(1.7678509), np.float32(1.2770314)]"
2018-03-02 10:05:00+00:00,67.95377,0,LOEO,5,"[np.float32(-2010.4337), np.float32(-62.17985), np.float32(-14.398125), np.float32(-11.090445), np.float32(-2.2149904), np.float32(17.385923), np.float32(7.6440477), np.float32(5.13168), np.float32(0.78290373), np.float32(-1.9325727), np.float32(-2.5116987), np.float32(-0.781653), np.float32(-12.991333), np.float32(-1.9939934), np.float32(-1.2744727), np.float32(-0.99235404), np.float32(-4.887192), np.float32(0.40093863), np.float32(0.11399833), np.float32(0.6556715), np.float32(1.3887469), np.float32(-3.4565446), np.float32(4.1787696), np.float32(-0.34160224), np.float32(3.0997663), np.float32(2.0488827), np.float32(1.6535016), np.float32(-1.8340743), np.float32(0.7160615), np.float32(0.9344768), np.float32(4.9342623), np.float32(3.2654047)]","[np.float32(-3.513975), np.float32(-1.3744115), np.float32(-1.2654331), np.float32(-0.29030275), np.float32(-0.90081906), np.float32(1.2722298), np.float32(1.6453264), np.float32(-0.49965426), np.float32(0.99599546), np.float32(0.44392306), np.float32(-0.44766015), np.float32(-1.0158298), np.float32(-0.60018295), np.float32(-0.40634382), np.float32(0.05124454), np.float32(-0.13076954), np.float32(-0.9611214), np.float32(0.3608343), np.float32(0.06512503), np.float32(-0.0017137304), np.float32(0.18245322), np.float32(-0.011004504), np.float32(-0.4696343), np.float32(-0.106804244), np.float32(-0.061220787), np.float32(0.114210844), np.float32(0.03325525), np.float32(0.030102478), np.float32(-0.037516057), np.float32(-0.035636425), np.float32(-0.027165607), np.float32(-0.012814112)]","[np.float32(1.7454884), np.float32(1.4637632), np.float32(0.99238276), np.float32(0.768803), np.float32(0.9309812), np.float32(1.1673238), np.float32(0.9198901), np.float32(1.1678492), np.float32(0.902347), np.float32(1.0121065), np.float32(1.1284361), np.float32(0.8414468), np.float32(1.2613503), np.float32(0.9455357), np.float32(1.056534), np.float32(1.1893451), np.float32(1.2771534), np.float32(1.1096921), np.float32(0.7745381), np.float32(1.239574), np.float32(1.2063301), np.float32(1.2808353), np.float32(1.2963316), np.float32(1.3059123), np.float32(1.3077229), np.float32(1.3427482), np.float32(1.4428544), np.float32(1.339438), np.float32(1.029561), np.float32(1.2972571), np.float32(1.7678909), np.float32(1.2776235)]"
2018-03-02 10:04:00+00:00,67.551056,0,LOEO,5,"[np.float32(-2008.4028), np.float32(-58.810158), np.float32(-14.392709), np.float32(-11.179459), np.float32(-1.8912128), np.float32(17.19764), np.float32(7.9118223), np.float32(2.6195698), np.float32(3.9222538), np.float32(1.3779738), np.float32(-0.28370383), np.float32(1.1973003), np.float32(-11.971665), np.float32(-1.8353217), np.float32(-0.88159966), np.float32(-0.55362165), np.float32(-4.0351844), np.float32(0.1806708), np.float32(0.15123531), np.float32(0.4581448), np.float32(1.1774938), np.float32(-2.6735952), np.float32(2.4377725), np.float32(1.1605444), np.float32(1.3556309), np.float32(1.5491904), np.float32(2.054477), np.float32(-1.6413203), np.float32(1.2734104), np.float32(1.9183755), np.float32(4.873755), np.float32(2.2458532)]","[np.float32(-3.5153337), np.float32(-1.3749483), np.float32(-1.265976), np.float32(-0.2904397), np.float32(-0.9008309), np.float32(1.2728968), np.float32(1.6461444), np.float32(-0.49987993), np.float32(0.9965957), np.float32(0.44402236), np.float32(-0.44762814), np.float32(-1.0164104), np.float32(-0.60050815), np.float32(-0.4066581), np.float32(0.051212702), np.float32(-0.13106285), np.float32(-0.9616423), np.float32(0.36105803), np.float32(0.06525118), np.float32(-0.001761891), np.float32(0.18249023), np.float32(-0.010981429), np.float32(-0.47002512), np.float32(-0.1067136), np.float32(-0.06137351), np.float32(0.11395994), np.float32(0.033292837), np.float32(0.030260388), np.float32(-0.037554603), np.float32(-0.035586268), np.float32(-0.027727872), np.float32(-0.012936592)]","[np.float32(1.7461438), np.float32(1.4642013), np.float32(0.9922417), np.float32(0.76868266), np.float32(0.9311822), np.float32(1.1675295), np.float32(0.92010033), np.float32(1.1680691), np.float32(0.90245235), np.float32(1.0122794), np.float32(1.1285126), np.float32(0.84161234), np.float32(1.2616532), np.float32(0.9454359), np.float32(1.0563668), np.float32(1.1896311), np.float32(1.2771939), np.float32(1.1097645), np.float32(0.7744772), np.float32(1.2396356), np.float32(1.2064456), np.float32(1.2807686), np.float32(1.2966925), np.float32(1.3062155), np.float32(1.3080485), np.float32(1.3432422), np.float32(1.4433852), np.float32(1.3396735), np.float32(1.0296988), np.float32(1.2974306), np.float32(1.7683114), np.float32(1.2778385)]"
2018-03-02 10:03:00+00:00,67.82178,0,LOEO,5,"[np.float32(-2003.9961), np.float32(-48.795963), np.float32(-14.480459), np.float32(-3.729048), np.float32(1.1135408), np.float32(17.226542), np.float32(7.659086), np.float32(9.591871), np.float32(6.778224), np.float32(9.853064), np.float32(4.3102627), np.float32(1.6725606), np.float32(-11.452343), np.float32(-2.2371097), np.float32(-1.4147539), np.float32(-1.4120238), np.float32(1.675971), np.float32(-1.4720478), np.float32(0.009880212), np.float32(0.35101038), np.float32(-0.65437794), np.float32(3.003414), np.float32(-4.5494676), np.float32(2.3460622), np.float32(0.7784665), np.float32(-1.9973062), np.float32(-2.5033128), np.float32(-4.0289097), np.float32(5.942114), np.float32(-1.0999132), np.float32(0.39749423), np.float32(1.3093904)]","[np.float32(-3.5148711), np.float32(-1.3744622), np.float32(-1.2658231), np.float32(-0.29014876), np.float32(-0.9009765), np.float32(1.2727149), np.float32(1.6456221), np.float32(-0.49983856), np.float32(0.9963016), np.float32(0.44391236), np.float32(-0.44761956), np.float32(-1.0162638), np.float32(-0.6004617), np.float32(-0.40673238), np.float32(0.051371023), np.float32(-0.13100582), np.float32(-0.9613698), np.float32(0.36097062), np.float32(0.06526457), np.float32(-0.001737237), np.float32(0.18235907), np.float32(-0.010819104), np.float32(-0.46987677), np.float32(-0.106668085), np.float32(-0.061375804), np.float32(0.11398258), np.float32(0.033121414), np.float32(0.030092115), np.float32(-0.03767956), np.float32(-0.035435125), np.float32(-0.027530046), np.float32(-0.012832444)]","[np.float32(1.7457081), np.float32(1.4640677), np.float32(0.9922938), np.float32(0.76865065), np.float32(0.9310877), np.float32(1.167471), np.float32(0.9200948), np.float32(1.1678768), np.float32(0.902276), np.float32(1.0122032), np.float32(1.1284926), np.float32(0.84145766), np.float32(1.2614825), np.float32(0.9454023), np.float32(1.0563221), np.float32(1.1894222), np.float32(1.2769927), np.float32(1.1096965), np.float32(0.77449423), np.float32(1.2396064), np.float32(1.2063388), np.float32(1.2807648), np.float32(1.2965412), np.float32(1.3062253), np.float32(1.307768), np.float32(1.3429557), np.float32(1.443193), np.float32(1.339588), np.float32(1.0295088), np.float32(1.2973118), np.float32(1.7679492), np.float32(1.2779418)]"
2018-03-02 11:11:00+00:00,68.37254,1,LOEO,6,"[np.float32(-2017.7155), np.float32(-62.84119), np.float32(-14.426722), np.float32(-11.666212), np.float32(-0.5175653), np.float32(16.475424), np.float32(4.828163), np.float32(0.24222758), np.float32(-3.049522), np.float32(9.061607), np.float32(-4.4666457), np.float32(5.00972), np.float32(-12.312997), np.float32(-0.49584004), np.float32(-1.1844282), np.float32(-3.1116977), np.float32(1.1023924), np.float32(-0.48568088), np.float32(-1.4933891), np.float32(0.9829908), np.float32(-1.1777221), np.float32(-2.4807408), np.float32(1.0941287), np.float32(-2.286448), np.float32(-1.2259711), np.float32(2.1266882), np.float32(-1.075261), np.float32(1.162179), np.float32(-4.0260687), np.float32(-0.3940753), np.float32(3.1419573), np.float32(-1.7962704)]","[np.float32(-2.878549), np.float32(-0.74378157), np.float32(-0.65784585), np.float32(1.0575908), np.float32(-0.070198916), np.float32(0.80980396), np.float32(1.2482543), np.float32(-0.575943), np.float32(0.53215754), np.float32(0.61095375), np.float32(-1.2340591), np.float32(-0.30117086), np.float32(-0.55494016), np.float32(0.044633888), np.float32(-0.057239003), np.float32(-0.11871751), np.float32(-0.8362702), np.float32(-0.3219169), np.float32(0.16295934), np.float32(-0.0141901225), np.float32(0.2504831), np.float32(-0.15827611), np.float32(-0.25439218), np.float32(0.06755124), np.float32(-0.025572285), np.float32(0.03582162), np.float32(0.120664746), np.float32(0.17173442), np.float32(0.065900765), np.float32(-0.07209662), np.float32(-0.05512645), np.float32(-0.10510456)]","[np.float32(2.1073377), np.float32(1.4479872), np.float32(0.7868069), np.float32(1.3176715), np.float32(1.2798673), np.float32(1.0128002), np.float32(1.081403), np.float32(1.2545367), np.float32(1.1208214), np.float32(1.2771093), np.float32(1.209925), np.float32(1.3259751), np.float32(1.1733704), np.float32(1.2343495), np.float32(1.659485), np.float32(1.3206825), np.float32(1.4324682), np.float32(1.0428908), np.float32(1.0728254), np.float32(1.1655439), np.float32(0.8378201), np.float32(1.3118949), np.float32(1.3599666), np.float32(1.0793391), np.float32(1.086188), np.float32(1.3647524), np.float32(1.4965298), np.float32(1.3805188), np.float32(1.4033153), np.float32(0.9471397), np.float32(1.273213), np.float32(1.4568217)]"
2018-03-02 11:12:00+00:00,68.35981,1,LOEO,6,"[np.float32(-2018.52), np.float32(-63.440575), np.float32(-14.414178), np.float32(-12.415951), np.float32(-1.333816), np.float32(16.532036), np.float32(4.997375), np.float32(-0.32829115), np.float32(-3.1136038), np.float32(7.381871), np.float32(-3.9320636), np.float32(4.466301), np.float32(-12.156933), np.float32(-0.24201345), np.float32(-0.5058762), np.float32(-1.758857), np.float32(-5.1551332), np.float32(-1.60124), np.float32(-1.1877037), np.float32(1.3010387), np.float32(-1.0063021), np.float32(-4.154458), np.float32(2.434817), np.float32(-2.7082903), np.float32(1.2350515), np.float32(1.118227), np.float32(-1.4291323), np.float32(1.8137139), np.float32(0.63248456), np.float32(-1.4206741), np.float32(-1.4411075), np.float32(1.1806514)]","[np.float32(-2.8787253), np.float32(-0.74377495), np.float32(-0.6578829), np.float32(1.0576619), np.float32(-0.07025481), np.float32(0.809832), np.float32(1.248349), np.float32(-0.5759615), np.float32(0.53220123), np.float32(0.6109732), np.float32(-1.2340682), np.float32(-0.3012019), np.float32(-0.554959), np.float32(0.04461182), np.float32(-0.057285085), np.float32(-0.1187658), np.float32(-0.8363235), np.float32(-0.32187676), np.float32(0.16293451), np.float32(-0.014281914), np.float32(0.2505157), np.float32(-0.1582622), np.float32(-0.25435895), np.float32(0.067557216), np.float32(-0.025589272), np.float32(0.035769198), np.float32(0.12071188), np.float32(0.17179596), np.float32(0.06588858), np.float32(-0.07213818), np.float32(-0.055145256), np.float32(-0.10519325)]","[np.float32(2.107358), np.float32(1.4480039), np.float32(0.7868019), np.float32(1.3177135), np.float32(1.2798069), np.float32(1.0128105), np.float32(1.0813912), np.float32(1.2545211), np.float32(1.1208407), np.float32(1.2771304), np.float32(1.209935), np.float32(1.3259857), np.float32(1.1733899), np.float32(1.2343872), np.float32(1.6595416), np.float32(1.3206987), np.float32(1.4324936), np.float32(1.0428774), np.float32(1.0727998), np.float32(1.1655524), np.float32(0.83786124), np.float32(1.3119272), np.float32(1.3599448), np.float32(1.0792986), np.float32(1.0862395), np.float32(1.3647163), np.float32(1.4965758), np.float32(1.3805381), np.float32(1.4033304), np.float32(0.9471358), np.float32(1.2732232), np.float32(1.4568795)]"
2018-03-02 11:13:00+00:00,68.75229,1,LOEO,6,"[np.float32(-2017.7601), np.float32(-62.577694), np.float32(-14.455781), np.float32(-11.597561), np.float32(-0.79678744), np.float32(16.609106), np.float32(5.5987244), np.float32(0.5566058), np.float32(-1.2905344), np.float32(9.418087), np.float32(-4.5885844), np.float32(5.5512176), np.float32(-12.125548), np.float32(-0.7901071), np.float32(-1.0023115), np.float32(-2.978163), np.float32(6.213505), np.float32(1.0056344), np.float32(-1.0108289), np.float32(1.1760583), np.float32(-0.44611853), np.float32(-2.6634114), np.float32(1.7707239), np.float32(-3.0255587), np.float32(-1.0430136), np.float32(4.0011196), np.float32(-2.546185), np.float32(2.5497866), np.float32(-0.94400024), np.float32(0.84083056), np.float32(3.8051498), np.float32(-4.0813465)]","[np.float32(-2.878018), np.float32(-0.7438018), np.float32(-0.65773445), np.float32(1.0573756), np.float32(-0.070030086), np.float32(0.8097204), np.float32(1.2479686), np.float32(-0.57588726), np.float32(0.5320257), np.float32(0.61089516), np.float32(-1.2340322), np.float32(-0.30107743), np.float32(-0.5548832), np.float32(0.044700712), np.float32(-0.05709986), np.float32(-0.118571594), np.float32(-0.83610916), np.float32(-0.3220382), np.float32(0.16303408), np.float32(-0.013912886), np.float32(0.25038454), np.float32(-0.15831843), np.float32(-0.2544925), np.float32(0.06753347), np.float32(-0.02552113), np.float32(0.035979822), np.float32(0.120522514), np.float32(0.17154858), np.float32(0.06593744), np.float32(-0.07197099), np.float32(-0.0550697), np.float32(-0.10483702)]","[np.float32(2.1072757), np.float32(1.4479374), np.float32(0.7868221), np.float32(1.3175452), np.float32(1.2800494), np.float32(1.0127696), np.float32(1.0814389), np.float32(1.2545838), np.float32(1.1207635), np.float32(1.2770458), np.float32(1.2098958), np.float32(1.3259442), np.float32(1.1733112), np.float32(1.234236), np.float32(1.6593138), np.float32(1.3206338), np.float32(1.4323924), np.float32(1.0429317), np.float32(1.0729028), np.float32(1.1655188), np.float32(0.837696), np.float32(1.3117976), np.float32(1.3600324), np.float32(1.0794625), np.float32(1.0860319), np.float32(1.3648615), np.float32(1.4963908), np.float32(1.3804607), np.float32(1.4032698), np.float32(0.9471515), np.float32(1.2731823), np.float32(1.4566468)]"
2018-03-02 11:14:00+00:00,68.63659,1,LOEO,6,"[np.float32(-2018.6567), np.float32(-63.541847), np.float32(-14.382749), np.float32(-12.432864), np.float32(-1.4606006), np.float32(16.286787), np.float32(4.065052), np.float32(2.5130334), np.float32(-3.978872), np.float32(5.0181828), np.float32(-5.6675677), np.float32(5.2661796), np.float32(-12.123646), np.float32(-0.49861577), np.float32(-0.31949067), np.float32(-1.9556289), np.float32(-6.2575507), np.float32(-1.1975201), np.float32(-1.5574993), np.float32(1.62753), np.float32(-0.25558123), np.float32(-4.4641047), np.float32(4.3946223), np.float32(-1.2835382), np.float32(0.21535829), np.float32(4.048273), np.float32(-2.884021), np.float32(0.15933414), np.float32(1.862504), np.float32(-0.7618435), np.float32(2.0760126), np.float32(2.2118545)]","[np.float32(-2.8787997), np.float32(-0.743772), np.float32(-0.6578981), np.float32(1.0576918), np.float32(-0.070278294), np.float32(0.80984366), np.float32(1.2483886), np.float32(-0.5759693), np.float32(0.53221965), np.float32(0.61098117), np.float32(-1.2340716), np.float32(-0.30121487), np.float32(-0.5549669), np.float32(0.044602484), np.float32(-0.057304457), np.float32(-0.11878617), np.float32(-0.83634585), np.float32(-0.32185993), np.float32(0.16292411), np.float32(-0.014320523), np.float32(0.25052944), np.float32(-0.15825623), np.float32(-0.254345), np.float32(0.067559585), np.float32(-0.025596336), np.float32(0.0357472), np.float32(0.12073168), np.float32(0.17182183), np.float32(0.06588347), np.float32(-0.07215574), np.float32(-0.055153146), np.float32(-0.10523049)]","[np.float32(2.1073666), np.float32(1.4480108), np.float32(0.7867998), np.float32(1.3177311), np.float32(1.2797815), np.float32(1.0128146), np.float32(1.0813861), np.float32(1.2545146), np.float32(1.1208487), np.float32(1.2771391), np.float32(1.209939), np.float32(1.3259898), np.float32(1.1733981), np.float32(1.2344029), np.float32(1.6595656), np.float32(1.3207053), np.float32(1.432504), np.float32(1.0428717), np.float32(1.0727891), np.float32(1.1655557), np.float32(0.83787847), np.float32(1.3119407), np.float32(1.3599355), np.float32(1.0792813), np.float32(1.0862613), np.float32(1.3647008), np.float32(1.4965954), np.float32(1.3805463), np.float32(1.4033366), np.float32(0.94713414), np.float32(1.2732275), np.float32(1.4569039)]"
2018-03-02 10:07:00+00:00,68.338974,0,LOEO,6,"[np.float32(-2013.6781), np.float32(-62.212437), np.float32(-14.473388), np.float32(-8.028198), np.float32(-0.5287468), np.float32(17.371986), np.float32(7.5777583), np.float32(-0.20881018), np.float32(1.7662319), np.float32(3.1393373), np.float32(-0.22411908), np.float32(1.1454111), np.float32(-12.045621), np.float32(-0.45694712), np.float32(-2.6782765), np.float32(-2.7876525), np.float32(6.50533), np.float32(-1.1379596), np.float32(0.35767892), np.float32(-0.30902663), np.float32(-1.13338), np.float32(3.2561035), np.float32(-6.413422), np.float32(1.7150826), np.float32(0.7438492), np.float32(-3.2623463), np.float32(-3.420228), np.float32(-3.7305522), np.float32(5.205164), np.float32(-1.4137493), np.float32(-3.8766596), np.float32(-1.4992466)]","[np.float32(-2.878705), np.float32(-0.7437756), np.float32(-0.65787834), np.float32(1.0576537), np.float32(-0.07024864), np.float32(0.8098285), np.float32(1.2483383), np.float32(-0.5759595), np.float32(0.5321964), np.float32(0.61097056), np.float32(-1.2340667), np.float32(-0.30119827), np.float32(-0.5549568), np.float32(0.04461421), np.float32(-0.057279862), np.float32(-0.118760526), np.float32(-0.8363174), np.float32(-0.32188115), np.float32(0.16293728), np.float32(-0.014271721), np.float32(0.25051206), np.float32(-0.15826347), np.float32(-0.2543628), np.float32(0.06755644), np.float32(-0.025587201), np.float32(0.03577509), np.float32(0.12070657), np.float32(0.1717892), np.float32(0.06588992), np.float32(-0.07213365), np.float32(-0.05514317), np.float32(-0.10518331)]","[np.float32(2.1073556), np.float32(1.4480019), np.float32(0.7868024), np.float32(1.3177087), np.float32(1.2798135), np.float32(1.012809), np.float32(1.0813922), np.float32(1.2545228), np.float32(1.1208383), np.float32(1.2771279), np.float32(1.2099338), np.float32(1.3259842), np.float32(1.1733878), np.float32(1.2343829), np.float32(1.6595354), np.float32(1.3206966), np.float32(1.4324903), np.float32(1.0428787), np.float32(1.0728025), np.float32(1.1655512), np.float32(0.8378566), np.float32(1.3119235), np.float32(1.3599471), np.float32(1.0793028), np.float32(1.086234), np.float32(1.3647201), np.float32(1.4965707), np.float32(1.3805358), np.float32(1.4033284), np.float32(0.94713616), np.float32(1.2732219), np.float32(1.4568733)]"
2018-03-02 10:06:00+00:00,68.04713,0,LOEO,6,"[np.float32(-2010.0469), np.float32(-52.349945), np.float32(-14.435726), np.float32(-8.645666), np.float32(-0.85829806), np.float32(17.34079), np.float32(7.7331424), np.float32(9.305962), np.float32(5.1782613), np.float32(4.925268), np.float32(2.9455326), np.float32(-0.6416249), np.float32(-11.971853), np.float32(-2.6995645), np.float32(-1.0765034), np.float32(-0.46247736), np.float32(-4.0175967), np.float32(0.2995248), np.float32(-1.3845447), np.float32(1.8703288), np.float32(1.2971449), np.float32(-5.2774415), np.float32(2.5325546), np.float32(-1.9254603), np.float32(3.8541088), np.float32(1.0999217), np.float32(3.3379207), np.float32(0.29523456), np.float32(-0.35001865), np.float32(1.4504632), np.float32(1.5121912), np.float32(2.486362)]","[np.float32(-2.8786252), np.float32(-0.74377865), np.float32(-0.65786165), np.float32(1.0576216), np.float32(-0.07022331), np.float32(0.8098161), np.float32(1.2482957), np.float32(-0.5759511), np.float32(0.5321766), np.float32(0.6109618), np.float32(-1.2340628), np.float32(-0.30118427), np.float32(-0.5549483), np.float32(0.044624247), np.float32(-0.057258945), np.float32(-0.11873861), np.float32(-0.8362932), np.float32(-0.32189932), np.float32(0.16294852), np.float32(-0.014230177), np.float32(0.25049722), np.float32(-0.15826984), np.float32(-0.25437778), np.float32(0.06755376), np.float32(-0.025579497), np.float32(0.03579887), np.float32(0.12068519), np.float32(0.1717613), np.float32(0.065895386), np.float32(-0.0721148), np.float32(-0.055134602), np.float32(-0.10514312)]","[np.float32(2.1073463), np.float32(1.4479944), np.float32(0.78680474), np.float32(1.3176898), np.float32(1.2798408), np.float32(1.0128045), np.float32(1.0813975), np.float32(1.2545298), np.float32(1.1208296), np.float32(1.2771183), np.float32(1.2099293), np.float32(1.3259796), np.float32(1.1733787), np.float32(1.2343657), np.float32(1.6595098), np.float32(1.3206893), np.float32(1.432479), np.float32(1.0428847), np.float32(1.0728141), np.float32(1.1655475), np.float32(0.83783793), np.float32(1.311909), np.float32(1.3599569), np.float32(1.0793213), np.float32(1.0862105), np.float32(1.3647364), np.float32(1.4965497), np.float32(1.380527), np.float32(1.4033216), np.float32(0.94713795), np.float32(1.2732172), np.float32(1.4568467)]"
2018-03-02 10:05:00+00:00,68.26333,0,LOEO,6,"[np.float32(-2014.2375), np.float32(-62.300564), np.float32(-14.425177), np.float32(-11.112662), np.float32(-2.2201934), np.float32(17.416456), np.float32(7.655849), np.float32(5.1323395), np.float32(0.78704983), np.float32(-1.9362748), np.float32(-2.5120206), np.float32(-0.78133565), np.float32(-13.015835), np.float32(-1.9954852), np.float32(-1.2764246), np.float32(-0.99293554), np.float32(-4.896192), np.float32(0.40267727), np.float32(0.12251649), np.float32(0.6526181), np.float32(1.3889298), np.float32(-3.469378), np.float32(4.17212), np.float32(-0.34058768), np.float32(3.0994341), np.float32(2.0536528), np.float32(1.6544785), np.float32(-1.8268057), np.float32(0.7374835), np.float32(0.9936049), np.float32(4.925171), np.float32(3.2721057)]","[np.float32(-2.8786206), np.float32(-0.74377877), np.float32(-0.6578606), np.float32(1.0576198), np.float32(-0.07022188), np.float32(0.8098155), np.float32(1.248293), np.float32(-0.5759506), np.float32(0.53217554), np.float32(0.6109613), np.float32(-1.2340624), np.float32(-0.30118343), np.float32(-0.5549478), np.float32(0.044624843), np.float32(-0.057257738), np.float32(-0.11873734), np.float32(-0.836292), np.float32(-0.32190043), np.float32(0.1629492), np.float32(-0.014227748), np.float32(0.25049642), np.float32(-0.15827015), np.float32(-0.25437874), np.float32(0.067553654), np.float32(-0.025579065), np.float32(0.03580018), np.float32(0.120684), np.float32(0.1717597), np.float32(0.06589576), np.float32(-0.072113775), np.float32(-0.055134088), np.float32(-0.10514078)]","[np.float32(2.1073456), np.float32(1.447994), np.float32(0.78680485), np.float32(1.3176888), np.float32(1.2798424), np.float32(1.0128042), np.float32(1.0813979), np.float32(1.2545303), np.float32(1.1208291), np.float32(1.2771177), np.float32(1.2099291), np.float32(1.3259794), np.float32(1.1733782), np.float32(1.2343647), np.float32(1.6595081), np.float32(1.3206888), np.float32(1.4324783), np.float32(1.0428851), np.float32(1.072815), np.float32(1.1655471), np.float32(0.8378369), np.float32(1.3119079), np.float32(1.3599575), np.float32(1.0793225), np.float32(1.0862092), np.float32(1.3647374), np.float32(1.4965485), np.float32(1.3805267), np.float32(1.403321), np.float32(0.947138), np.float32(1.2732168), np.float32(1.4568453)]"
2018-03-02 10:04:00+00:00,67.85737,0,LOEO,6,"[np.float32(-2012.2065), np.float32(-58.930866), np.float32(-14.419764), np.float32(-11.201681), np.float32(-1.8964274), np.float32(17.228205), np.float32(7.923825), np.float32(2.6202376), np.float32(3.9273868), np.float32(1.3733119), np.float32(-0.28408885), np.float32(1.1975435), np.float32(-11.99608), np.float32(-1.8368086), np.float32(-0.8835773), np.float32(-0.5539661), np.float32(-4.0445194), np.float32(0.1821819), np.float32(0.15913369), np.float32(0.4551988), np.float32(1.1776812), np.float32(-2.6800377), np.float32(2.432762), np.float32(1.1605853), np.float32(1.3547701), np.float32(1.55217), np.float32(2.0571957), np.float32(-1.6361982), np.float32(1.2890279), np.float32(1.9778736), np.float32(4.852993), np.float32(2.2510517)]","[np.float32(-2.8788195), np.float32(-0.74377114), np.float32(-0.65790224), np.float32(1.0577002), np.float32(-0.070284866), np.float32(0.8098465), np.float32(1.2483996), np.float32(-0.5759714), np.float32(0.53222483), np.float32(0.61098295), np.float32(-1.2340727), np.float32(-0.30121827), np.float32(-0.5549691), np.float32(0.044599928), np.float32(-0.057309713), np.float32(-0.11879183), np.float32(-0.836352), np.float32(-0.3218552), np.float32(0.16292131), np.float32(-0.014331266), np.float32(0.25053322), np.float32(-0.15825441), np.float32(-0.25434124), np.float32(0.06756029), np.float32(-0.025598139), np.float32(0.035741128), np.float32(0.12073706), np.float32(0.17182904), np.float32(0.06588206), np.float32(-0.07216064), np.float32(-0.0551553), np.float32(-0.105240695)]","[np.float32(2.1073687), np.float32(1.4480126), np.float32(0.7867992), np.float32(1.3177358), np.float32(1.2797744), np.float32(1.0128156), np.float32(1.0813844), np.float32(1.2545127), np.float32(1.1208507), np.float32(1.2771415), np.float32(1.2099402), np.float32(1.3259909), np.float32(1.1734004), np.float32(1.2344073), np.float32(1.6595721), np.float32(1.320707), np.float32(1.4325067), np.float32(1.0428699), np.float32(1.072786), np.float32(1.1655566), np.float32(0.8378832), np.float32(1.3119444), np.float32(1.3599329), np.float32(1.0792764), np.float32(1.0862674), np.float32(1.3646966), np.float32(1.4966004), np.float32(1.3805484), np.float32(1.4033382), np.float32(0.94713354), np.float32(1.2732285), np.float32(1.4569106)]"
2018-03-02 10:03:00+00:00,68.064026,0,LOEO,6,"[np.float32(-2007.7998), np.float32(-48.916676), np.float32(-14.507625), np.float32(-3.7512913), np.float32(1.1083107), np.float32(17.257145), np.float32(7.6717153), np.float32(9.592635), np.float32(6.7858787), np.float32(9.84726), np.float32(4.3098593), np.float32(1.6727678), np.float32(-11.477267), np.float32(-2.2387624), np.float32(-1.4172527), np.float32(-1.4108415), np.float32(1.6630714), np.float32(-1.4716225), np.float32(0.014150374), np.float32(0.34834364), np.float32(-0.65434563), np.float32(3.0238912), np.float32(-4.5310354), np.float32(2.3455617), np.float32(0.77831936), np.float32(-2.0000842), np.float32(-2.495207), np.float32(-4.039732), np.float32(5.946458), np.float32(-1.0737346), np.float32(0.39805892), np.float32(1.3026148)]","[np.float32(-2.8788865), np.float32(-0.74376863), np.float32(-0.65791637), np.float32(1.0577271), np.float32(-0.070306174), np.float32(0.809857), np.float32(1.248436), np.float32(-0.5759786), np.float32(0.53224146), np.float32(0.6109902), np.float32(-1.2340758), np.float32(-0.30123013), np.float32(-0.55497617), np.float32(0.044591464), np.float32(-0.05732726), np.float32(-0.118810266), np.float32(-0.8363724), np.float32(-0.32183987), np.float32(0.16291183), np.float32(-0.014366254), np.float32(0.2505456), np.float32(-0.15824902), np.float32(-0.25432867), np.float32(0.067562565), np.float32(-0.025604546), np.float32(0.035721198), np.float32(0.12075505), np.float32(0.17185259), np.float32(0.06587742), np.float32(-0.07217652), np.float32(-0.055162504), np.float32(-0.105274536)]","[np.float32(2.1073766), np.float32(1.4480188), np.float32(0.7867972), np.float32(1.3177519), np.float32(1.2797513), np.float32(1.0128194), np.float32(1.0813799), np.float32(1.2545067), np.float32(1.1208581), np.float32(1.2771494), np.float32(1.2099438), np.float32(1.3259948), np.float32(1.1734079), np.float32(1.2344216), np.float32(1.6595936), np.float32(1.320713), np.float32(1.4325162), np.float32(1.0428648), np.float32(1.0727762), np.float32(1.1655598), np.float32(0.83789885), np.float32(1.3119565), np.float32(1.3599246), np.float32(1.0792608), np.float32(1.0862871), np.float32(1.3646828), np.float32(1.4966179), np.float32(1.3805556), np.float32(1.4033442), np.float32(0.9471322), np.float32(1.2732322), np.float32(1.4569327)]"
2018-03-02 11:16:00+00:00,68.52927,1,LOEO,7,"[np.float32(-2022.5123), np.float32(-63.626743), np.float32(-14.429906), np.float32(-12.446548), np.float32(-1.1283377), np.float32(16.331902), np.float32(3.773886), np.float32(1.137561), np.float32(-4.596419), np.float32(6.7223697), np.float32(-4.5135565), np.float32(5.336665), np.float32(-11.809569), np.float32(-0.069620274), np.float32(0.19559105), np.float32(-1.6277524), np.float32(-5.161963), np.float32(-2.0690367), np.float32(-0.73220754), np.float32(1.5476878), np.float32(-0.67070687), np.float32(-1.5290809), np.float32(2.4238238), np.float32(-1.5131865), np.float32(-0.5944369), np.float32(2.1985466), np.float32(-2.2620692), np.float32(0.9653251), np.float32(0.6231862), np.float32(-1.4545126), np.float32(1.8737658), np.float32(2.2188685)]","[np.float32(-1.3874121), np.float32(-0.940921), np.float32(0.10509907), np.float32(-0.48422414), np.float32(-0.3379898), np.float32(1.0666574), np.float32(0.7619867), np.float32(-0.005392015), np.float32(0.49148828), np.float32(0.13515708), np.float32(-0.6893868), np.float32(-0.37467018), np.float32(0.06427535), np.float32(0.09681735), np.float32(0.13263498), np.float32(0.040153198), np.float32(-0.64597774), np.float32(-0.047377884), np.float32(0.08927369), np.float32(0.4991018), np.float32(0.12662184), np.float32(0.0063565187), np.float32(-0.39916885), np.float32(-0.15748987), np.float32(0.11992598), np.float32(0.10398542), np.float32(0.018496754), np.float32(-0.17161098), np.float32(-0.05355939), np.float32(-0.018030286), np.float32(-0.14583403), np.float32(0.06072051)]","[np.float32(2.4374757), np.float32(1.1002302), np.float32(1.0558704), np.float32(0.9552064), np.float32(1.0437175), np.float32(1.0334394), np.float32(1.2919769), np.float32(0.8715189), np.float32(1.1273712), np.float32(1.3993601), np.float32(1.1013515), np.float32(1.2305583), np.float32(1.8859222), np.float32(0.84454244), np.float32(1.1466854), np.float32(1.1967416), np.float32(1.6116822), np.float32(1.7291921), np.float32(1.2315328), np.float32(1.5088513), np.float32(1.7064418), np.float32(1.2966847), np.float32(1.409229), np.float32(1.4287139), np.float32(1.148624), np.float32(1.7565588), np.float32(1.3753142), np.float32(1.903555), np.float32(1.3385606), np.float32(1.3322755), np.float32(1.7756829), np.float32(1.5663497)]"
2018-03-02 11:17:00+00:00,68.768295,1,LOEO,7,"[np.float32(-2021.9625), np.float32(-63.347527), np.float32(-14.552602), np.float32(-11.328227), np.float32(-0.83802176), np.float32(17.480564), np.float32(3.7560015), np.float32(-1.427537), np.float32(-2.287654), np.float32(9.142844), np.float32(-4.9596553), np.float32(5.6888547), np.float32(-11.801181), np.float32(0.075163096), np.float32(0.14753768), np.float32(-3.188909), np.float32(2.2377243), np.float32(-1.5382781), np.float32(-1.7145344), np.float32(1.6749296), np.float32(-0.6622737), np.float32(-0.60069555), np.float32(-2.7462773), np.float32(-2.360107), np.float32(1.2221265), np.float32(1.9421511), np.float32(-3.5665617), np.float32(0.9040999), np.float32(7.8351965), np.float32(0.07855444), np.float32(-2.4698818), np.float32(-2.2491329)]","[np.float32(-1.3874218), np.float32(-0.94091487), np.float32(0.10510414), np.float32(-0.48422146), np.float32(-0.33800057), np.float32(1.0666611), np.float32(0.76199126), np.float32(-0.0053951144), np.float32(0.49149102), np.float32(0.13515335), np.float32(-0.68937635), np.float32(-0.37467906), np.float32(0.06426957), np.float32(0.09681584), np.float32(0.13262033), np.float32(0.04015114), np.float32(-0.64597034), np.float32(-0.047367208), np.float32(0.08927226), np.float32(0.49910536), np.float32(0.12662601), np.float32(0.006352257), np.float32(-0.3991644), np.float32(-0.15749264), np.float32(0.11992821), np.float32(0.10399026), np.float32(0.018502476), np.float32(-0.17161477), np.float32(-0.053557005), np.float32(-0.018035196), np.float32(-0.14583945), np.float32(0.060728185)]","[np.float32(2.4374578), np.float32(1.1002271), np.float32(1.0558659), np.float32(0.95520705), np.float32(1.0437118), np.float32(1.0334394), np.float32(1.2919726), np.float32(0.871523), np.float32(1.1273743), np.float32(1.3993545), np.float32(1.1013455), np.float32(1.2305521), np.float32(1.885914), np.float32(0.8445438), np.float32(1.1466846), np.float32(1.1967341), np.float32(1.6116616), np.float32(1.7291741), np.float32(1.2315258), np.float32(1.50884), np.float32(1.7064292), np.float32(1.2966747), np.float32(1.4092195), np.float32(1.4287024), np.float32(1.1486251), np.float32(1.7565491), np.float32(1.3753074), np.float32(1.903541), np.float32(1.3385519), np.float32(1.3322636), np.float32(1.7756591), np.float32(1.5663387)]"
2018-03-02 11:18:00+00:00,68.48507,1,LOEO,7,"[np.float32(-2021.7461), np.float32(-62.994972), np.float32(-14.459457), np.float32(-11.579877), np.float32(-0.40220317), np.float32(16.49601), np.float32(4.669678), np.float32(0.9137303), np.float32(-3.825036), np.float32(9.189601), np.float32(-4.1347017), np.float32(4.519263), np.float32(-11.916269), np.float32(0.14417136), np.float32(0.52402866), np.float32(-3.24256), np.float32(-1.7798945), np.float32(-1.2680821), np.float32(-1.8310586), np.float32(1.39869), np.float32(-1.14248), np.float32(-2.5824971), np.float32(0.371016), np.float32(-3.2292094), np.float32(-0.3782168), np.float32(3.8311985), np.float32(-1.4876145), np.float32(2.831855), np.float32(-2.5496626), np.float32(0.6825611), np.float32(-0.60302377), np.float32(0.51390713)]","[np.float32(-1.387422), np.float32(-0.9409149), np.float32(0.1051041), np.float32(-0.48422146), np.float32(-0.3380004), np.float32(1.0666611), np.float32(0.76199126), np.float32(-0.0053950697), np.float32(0.49149102), np.float32(0.13515341), np.float32(-0.6893764), np.float32(-0.3746789), np.float32(0.06426963), np.float32(0.096815825), np.float32(0.1326205), np.float32(0.040151186), np.float32(-0.64597046), np.float32(-0.047367312), np.float32(0.089272246), np.float32(0.4991053), np.float32(0.12662597), np.float32(0.006352354), np.float32(-0.39916453), np.float32(-0.15749261), np.float32(0.119928166), np.float32(0.10399025), np.float32(0.018502383), np.float32(-0.17161474), np.float32(-0.053557027), np.float32(-0.018035084), np.float32(-0.1458394), np.float32(0.06072808)]","[np.float32(2.4374578), np.float32(1.1002271), np.float32(1.0558658), np.float32(0.9552071), np.float32(1.0437119), np.float32(1.0334394), np.float32(1.2919728), np.float32(0.87152296), np.float32(1.1273743), np.float32(1.3993546), np.float32(1.1013454), np.float32(1.2305521), np.float32(1.885914), np.float32(0.84454376), np.float32(1.1466846), np.float32(1.1967341), np.float32(1.6116618), np.float32(1.7291744), np.float32(1.2315258), np.float32(1.50884), np.float32(1.7064292), np.float32(1.296675), np.float32(1.4092196), np.float32(1.4287024), np.float32(1.1486251), np.float32(1.7565492), np.float32(1.3753076), np.float32(1.9035413), np.float32(1.338552), np.float32(1.3322638), np.float32(1.7756594), np.float32(1.5663388)]"
2018-03-02 10:07:00+00:00,68.51558,0,LOEO,7,"[np.float32(-2017.4972), np.float32(-62.333477), np.float32(-14.500749), np.float32(-8.051296), np.float32(-0.53393275), np.float32(17.40388), np.float32(7.5911922), np.float32(-0.20791326), np.float32(1.7716165), np.float32(3.1350684), np.float32(-0.22432707), np.float32(1.1455667), np.float32(-12.071712), np.float32(-0.45820743), np.float32(-2.6816735), np.float32(-2.7831879), np.float32(6.4929833), np.float32(-1.1393838), np.float32(0.35548997), np.float32(-0.30928043), np.float32(-1.1335868), np.float32(3.2625213), np.float32(-6.4044104), np.float32(1.7183872), np.float32(0.7464281), np.float32(-3.2720416), np.float32(-3.4094248), np.float32(-3.7332425), np.float32(5.213972), np.float32(-1.4564017), np.float32(-3.853711), np.float32(-1.4947506)]","[np.float32(-1.387422), np.float32(-0.9409147), np.float32(0.10510424), np.float32(-0.4842214), np.float32(-0.33800068), np.float32(1.0666611), np.float32(0.7619914), np.float32(-0.0053951815), np.float32(0.49149108), np.float32(0.13515334), np.float32(-0.6893761), np.float32(-0.37467918), np.float32(0.0642695), np.float32(0.09681579), np.float32(0.13262011), np.float32(0.040151156), np.float32(-0.6459703), np.float32(-0.047367055), np.float32(0.089272216), np.float32(0.4991054), np.float32(0.12662607), np.float32(0.006352201), np.float32(-0.39916432), np.float32(-0.15749273), np.float32(0.119928226), np.float32(0.10399036), np.float32(0.018502561), np.float32(-0.17161489), np.float32(-0.05355696), np.float32(-0.01803524), np.float32(-0.14583953), np.float32(0.06072826)]","[np.float32(2.4374573), np.float32(1.100227), np.float32(1.0558658), np.float32(0.95520717), np.float32(1.0437118), np.float32(1.0334394), np.float32(1.2919725), np.float32(0.871523), np.float32(1.1273743), np.float32(1.3993542), np.float32(1.1013454), np.float32(1.2305518), np.float32(1.8859137), np.float32(0.8445438), np.float32(1.1466846), np.float32(1.1967338), np.float32(1.6116612), np.float32(1.7291739), np.float32(1.2315257), np.float32(1.5088398), np.float32(1.7064295), np.float32(1.2966746), np.float32(1.4092195), np.float32(1.4287021), np.float32(1.1486253), np.float32(1.7565489), np.float32(1.3753072), np.float32(1.9035406), np.float32(1.3385518), np.float32(1.3322632), np.float32(1.7756587), np.float32(1.5663382)]"
2018-03-02 10:06:00+00:00,68.18582,0,LOEO,7,"[np.float32(-2013.8658), np.float32(-52.47098), np.float32(-14.463056), np.float32(-8.668738), np.float32(-0.8634625), np.float32(17.372545), np.float32(7.7459693), np.float32(9.306755), np.float32(5.183968), np.float32(4.9204135), np.float32(2.9453423), np.float32(-0.64141375), np.float32(-11.996655), np.float32(-2.700697), np.float32(-1.0792028), np.float32(-0.4639769), np.float32(-4.0301995), np.float32(0.3043998), np.float32(-1.3745446), np.float32(1.8696431), np.float32(1.2960119), np.float32(-5.276794), np.float32(2.5363648), np.float32(-1.9295378), np.float32(3.850431), np.float32(1.1119726), np.float32(3.3321562), np.float32(0.2962545), np.float32(-0.35308114), np.float32(1.4679748), np.float32(1.5009279), np.float32(2.481962)]","[np.float32(-1.387422), np.float32(-0.9409147), np.float32(0.10510422), np.float32(-0.48422146), np.float32(-0.33800066), np.float32(1.0666611), np.float32(0.7619914), np.float32(-0.0053951964), np.float32(0.49149102), np.float32(0.13515331), np.float32(-0.6893762), np.float32(-0.37467915), np.float32(0.064269505), np.float32(0.096815795), np.float32(0.13262014), np.float32(0.04015114), np.float32(-0.6459703), np.float32(-0.047367055), np.float32(0.089272216), np.float32(0.4991054), np.float32(0.12662607), np.float32(0.006352216), np.float32(-0.39916432), np.float32(-0.15749273), np.float32(0.11992821), np.float32(0.10399036), np.float32(0.018502528), np.float32(-0.17161489), np.float32(-0.05355696), np.float32(-0.01803524), np.float32(-0.14583954), np.float32(0.06072823)]","[np.float32(2.4374576), np.float32(1.100227), np.float32(1.0558658), np.float32(0.9552071), np.float32(1.0437118), np.float32(1.0334393), np.float32(1.2919725), np.float32(0.871523), np.float32(1.1273743), np.float32(1.3993543), np.float32(1.1013454), np.float32(1.230552), np.float32(1.8859136), np.float32(0.8445438), np.float32(1.1466846), np.float32(1.1967338), np.float32(1.6116612), np.float32(1.7291739), np.float32(1.2315257), np.float32(1.50884), np.float32(1.7064295), np.float32(1.2966746), np.float32(1.4092195), np.float32(1.428702), np.float32(1.1486251), np.float32(1.7565489), np.float32(1.3753072), np.float32(1.9035406), np.float32(1.3385518), np.float32(1.3322634), np.float32(1.775659), np.float32(1.5663383)]"
2018-03-02 10:05:00+00:00,68.39597,0,LOEO,7,"[np.float32(-2018.0565), np.float32(-62.4216), np.float32(-14.452471), np.float32(-11.135729), np.float32(-2.2253501), np.float32(17.448206), np.float32(7.6683984), np.float32(5.1330976), np.float32(0.7910088), np.float32(-1.9399158), np.float32(-2.512199), np.float32(-0.7811095), np.float32(-13.040759), np.float32(-1.9966326), np.float32(-1.2790782), np.float32(-0.99466604), np.float32(-4.906109), np.float32(0.40512687), np.float32(0.13234529), np.float32(0.65197784), np.float32(1.387835), np.float32(-3.4710202), np.float32(4.1775174), np.float32(-0.34637824), np.float32(3.0964825), np.float32(2.063939), np.float32(1.648651), np.float32(-1.8239915), np.float32(0.73010147), np.float32(1.0464472), np.float32(4.9270535), np.float32(3.2575753)]","[np.float32(-1.387422), np.float32(-0.9409147), np.float32(0.105104215), np.float32(-0.48422146), np.float32(-0.33800063), np.float32(1.0666612), np.float32(0.7619914), np.float32(-0.0053951815), np.float32(0.49149102), np.float32(0.13515334), np.float32(-0.6893762), np.float32(-0.37467918), np.float32(0.06426953), np.float32(0.0968158), np.float32(0.13262019), np.float32(0.04015114), np.float32(-0.64597034), np.float32(-0.047367077), np.float32(0.0892722), np.float32(0.49910533), np.float32(0.12662607), np.float32(0.006352242), np.float32(-0.39916444), np.float32(-0.15749271), np.float32(0.1199282), np.float32(0.103990324), np.float32(0.018502517), np.float32(-0.17161484), np.float32(-0.053556953), np.float32(-0.018035248), np.float32(-0.1458395), np.float32(0.0607282)]","[np.float32(2.4374576), np.float32(1.1002271), np.float32(1.0558658), np.float32(0.9552071), np.float32(1.0437118), np.float32(1.0334394), np.float32(1.2919725), np.float32(0.871523), np.float32(1.1273743), np.float32(1.3993545), np.float32(1.1013454), np.float32(1.230552), np.float32(1.8859137), np.float32(0.8445438), np.float32(1.1466845), np.float32(1.1967338), np.float32(1.6116613), np.float32(1.7291739), np.float32(1.2315257), np.float32(1.50884), np.float32(1.7064295), np.float32(1.2966746), np.float32(1.4092194), np.float32(1.4287021), np.float32(1.1486251), np.float32(1.7565489), np.float32(1.3753073), np.float32(1.9035407), np.float32(1.3385518), np.float32(1.3322634), np.float32(1.775659), np.float32(1.5663387)]"
2018-03-02 10:04:00+00:00,68.00835,0,LOEO,7,"[np.float32(-2016.0256), np.float32(-59.051903), np.float32(-14.44706), np.float32(-11.224751), np.float32(-1.9015942), np.float32(17.259975), np.float32(7.9365544), np.float32(2.621004), np.float32(3.9321823), np.float32(1.3688428), np.float32(-0.2842961), np.float32(1.1977243), np.float32(-12.020896), np.float32(-1.8379482), np.float32(-0.8862443), np.float32(-0.5552739), np.float32(-4.054501), np.float32(0.18406624), np.float32(0.16760659), np.float32(0.4546225), np.float32(1.1766146), np.float32(-2.680459), np.float32(2.4373088), np.float32(1.1566235), np.float32(1.3532519), np.float32(1.5597036), np.float32(2.0563462), np.float32(-1.6364617), np.float32(1.2779691), np.float32(2.03005), np.float32(4.8369064), np.float32(2.237798)]","[np.float32(-1.3874214), np.float32(-0.94091517), np.float32(0.105103835), np.float32(-0.48422164), np.float32(-0.3379999), np.float32(1.066661), np.float32(0.7619911), np.float32(-0.0053949803), np.float32(0.49149084), np.float32(0.1351535), np.float32(-0.68937683), np.float32(-0.37467855), np.float32(0.06426994), np.float32(0.09681591), np.float32(0.13262112), np.float32(0.040151246), np.float32(-0.6459707), np.float32(-0.047367774), np.float32(0.089272305), np.float32(0.49910507), np.float32(0.1266258), np.float32(0.006352503), np.float32(-0.39916465), np.float32(-0.15749252), np.float32(0.1199281), np.float32(0.10399002), np.float32(0.018502155), np.float32(-0.17161463), np.float32(-0.05355713), np.float32(-0.018034905), np.float32(-0.14583917), np.float32(0.060727783)]","[np.float32(2.4374588), np.float32(1.1002272), np.float32(1.055866), np.float32(0.95520705), np.float32(1.0437121), np.float32(1.0334394), np.float32(1.2919729), np.float32(0.8715227), np.float32(1.127374), np.float32(1.3993548), np.float32(1.1013458), np.float32(1.2305523), np.float32(1.8859141), np.float32(0.8445437), np.float32(1.1466846), np.float32(1.1967345), np.float32(1.6116626), np.float32(1.7291751), np.float32(1.2315261), np.float32(1.5088407), np.float32(1.7064301), np.float32(1.2966753), np.float32(1.4092201), np.float32(1.4287028), np.float32(1.1486251), np.float32(1.7565498), np.float32(1.3753079), np.float32(1.9035417), np.float32(1.3385526), np.float32(1.3322642), np.float32(1.7756605), np.float32(1.5663391)]"
2018-03-02 10:03:00+00:00,68.21168,0,LOEO,7,"[np.float32(-2011.6188), np.float32(-49.037712), np.float32(-14.535029), np.float32(-3.7743795), np.float32(1.1031337), np.float32(17.288916), np.float32(7.684954), np.float32(9.593511), np.float32(6.792838), np.float32(9.841819), np.float32(4.309652), np.float32(1.6729146), np.float32(-11.502354), np.float32(-2.239971), np.float32(-1.4203622), np.float32(-1.4087251), np.float32(1.650344), np.float32(-1.4710686), np.float32(0.015455878), np.float32(0.3480393), np.float32(-0.65483046), np.float32(3.028641), np.float32(-4.521403), np.float32(2.346469), np.float32(0.7809985), np.float32(-2.0064986), np.float32(-2.4834735), np.float32(-4.0414524), np.float32(5.9463315), np.float32(-1.0688826), np.float32(0.42088047), np.float32(1.2952278)]","[np.float32(-1.3874218), np.float32(-0.94091487), np.float32(0.10510412), np.float32(-0.4842214), np.float32(-0.33800048), np.float32(1.0666611), np.float32(0.76199126), np.float32(-0.005395159), np.float32(0.49149102), np.float32(0.13515332), np.float32(-0.68937635), np.float32(-0.374679), np.float32(0.064269654), np.float32(0.09681584), np.float32(0.1326204), np.float32(0.040151156), np.float32(-0.64597034), np.float32(-0.047367193), np.float32(0.089272186), np.float32(0.49910524), np.float32(0.12662604), np.float32(0.0063522607), np.float32(-0.39916447), np.float32(-0.15749273), np.float32(0.119928166), np.float32(0.1039903), np.float32(0.018502465), np.float32(-0.17161478), np.float32(-0.053557042), np.float32(-0.018035151), np.float32(-0.14583945), np.float32(0.060728125)]","[np.float32(2.4374576), np.float32(1.1002271), np.float32(1.0558659), np.float32(0.9552071), np.float32(1.0437118), np.float32(1.0334394), np.float32(1.2919725), np.float32(0.871523), np.float32(1.1273743), np.float32(1.3993545), np.float32(1.1013454), np.float32(1.2305521), np.float32(1.8859137), np.float32(0.8445438), np.float32(1.1466845), np.float32(1.1967341), np.float32(1.6116616), np.float32(1.7291739), np.float32(1.2315257), np.float32(1.50884), np.float32(1.7064291), np.float32(1.2966747), np.float32(1.4092195), np.float32(1.4287022), np.float32(1.1486251), np.float32(1.756549), np.float32(1.3753073), np.float32(1.903541), np.float32(1.3385519), np.float32(1.3322635), np.float32(1.7756592), np.float32(1.5663387)]"
2018-03-02 11:21:00+00:00,68.81886,1,LOEO,8,"[np.float32(-2027.7751), np.float32(-63.401543), np.float32(-14.501289), np.float32(-10.616385), np.float32(-1.0176896), np.float32(16.492659), np.float32(4.8317456), np.float32(-0.21326871), np.float32(-2.6871), np.float32(8.549724), np.float32(-4.9565263), np.float32(5.7241), np.float32(-11.528399), np.float32(0.51980746), np.float32(0.282096), np.float32(-3.3468432), np.float32(1.8975852), np.float32(-0.7362151), np.float32(-2.3352702), np.float32(1.7590516), np.float32(-0.32374376), np.float32(-3.8939378), np.float32(1.0257586), np.float32(-3.6880894), np.float32(1.2879722), np.float32(3.0198488), np.float32(-0.80958), np.float32(2.9664576), np.float32(0.10048196), np.float32(0.9174315), np.float32(-1.0864496), np.float32(-2.2633588)]","[np.float32(-1.4973711), np.float32(-0.8407056), np.float32(-0.62597984), np.float32(-0.0029880852), np.float32(-0.14400409), np.float32(0.27613494), np.float32(0.6183718), np.float32(0.016817719), np.float32(0.13919522), np.float32(0.2530067), np.float32(-0.084880054), np.float32(-0.7507917), np.float32(-0.24183232), np.float32(-0.28337348), np.float32(-0.40506083), np.float32(-0.24342966), np.float32(-0.39385873), np.float32(0.10640355), np.float32(-0.16918567), np.float32(0.06788324), np.float32(0.25992402), np.float32(0.15378311), np.float32(-0.17487189), np.float32(-0.0027235784), np.float32(-0.02838789), np.float32(-0.2865185), np.float32(0.005131498), np.float32(0.25318813), np.float32(0.0991519), np.float32(-0.16565727), np.float32(-0.017849222), np.float32(-0.08317029)]","[np.float32(1.9425501), np.float32(1.1964853), np.float32(0.73673236), np.float32(0.7434299), np.float32(1.2462852), np.float32(0.9413408), np.float32(1.0526305), np.float32(1.4472666), np.float32(0.91379136), np.float32(1.1908041), np.float32(1.3306011), np.float32(1.1033292), np.float32(1.1295011), np.float32(0.9542525), np.float32(0.90155613), np.float32(1.0570397), np.float32(1.3269603), np.float32(0.9945406), np.float32(1.0313469), np.float32(1.0074781), np.float32(1.1037931), np.float32(1.3080626), np.float32(1.3938739), np.float32(1.1691706), np.float32(1.2711904), np.float32(1.2382005), np.float32(1.3999112), np.float32(1.3427038), np.float32(1.6885712), np.float32(1.1059746), np.float32(1.2056154), np.float32(1.4803746)]"
2018-03-02 11:22:00+00:00,68.79127,1,LOEO,8,"[np.float32(-2027.7356), np.float32(-63.55536), np.float32(-14.522329), np.float32(-12.017531), np.float32(-0.74346226), np.float32(16.771458), np.float32(4.897731), np.float32(0.22965822), np.float32(-3.8305576), np.float32(9.3031025), np.float32(-4.8327127), np.float32(4.3390484), np.float32(-12.363496), np.float32(0.03367783), np.float32(1.1050539), np.float32(-1.8794588), np.float32(-3.5860617), np.float32(-1.4198653), np.float32(-1.0822749), np.float32(0.9754472), np.float32(-0.45676583), np.float32(-2.4260998), np.float32(1.5099254), np.float32(-1.3935491), np.float32(-1.1243272), np.float32(3.7769773), np.float32(-1.963256), np.float32(2.0335512), np.float32(0.85994273), np.float32(0.25388598), np.float32(2.2811944), np.float32(1.0456127)]","[np.float32(-1.4971825), np.float32(-0.84056574), np.float32(-0.6258067), np.float32(-0.0030334964), np.float32(-0.14395386), np.float32(0.27610186), np.float32(0.6182889), np.float32(0.016947895), np.float32(0.13909964), np.float32(0.25300393), np.float32(-0.08474977), np.float32(-0.75063974), np.float32(-0.24197051), np.float32(-0.28332967), np.float32(-0.40490302), np.float32(-0.24358904), np.float32(-0.3939351), np.float32(0.10651375), np.float32(-0.16908874), np.float32(0.06786202), np.float32(0.25997126), np.float32(0.1537115), np.float32(-0.17473282), np.float32(-0.0027907304), np.float32(-0.028232597), np.float32(-0.2864284), np.float32(0.004989624), np.float32(0.25319123), np.float32(0.09909965), np.float32(-0.16582704), np.float32(-0.017750883), np.float32(-0.083149575)]","[np.float32(1.9426556), np.float32(1.1965618), np.float32(0.73671085), np.float32(0.7433799), np.float32(1.2462927), np.float32(0.94136274), np.float32(1.0526034), np.float32(1.4472916), np.float32(0.9138887), np.float32(1.1909804), np.float32(1.3307285), np.float32(1.1033758), np.float32(1.1295235), np.float32(0.9542391), np.float32(0.90151703), np.float32(1.0570489), np.float32(1.3269616), np.float32(0.9946133), np.float32(1.0313717), np.float32(1.0075741), np.float32(1.1037707), np.float32(1.3081942), np.float32(1.3939037), np.float32(1.1691434), np.float32(1.2712879), np.float32(1.2381508), np.float32(1.4000208), np.float32(1.3427424), np.float32(1.6885077), np.float32(1.1061311), np.float32(1.2055984), np.float32(1.4803827)]"
2018-03-02 11:23:00+00:00,68.95523,1,LOEO,8,"[np.float32(-2026.8481), np.float32(-62.481995), np.float32(-14.575784), np.float32(-3.290784), np.float32(-0.7408959), np.float32(16.648987), np.float32(4.8700857), np.float32(-1.0269054), np.float32(-2.2151217), np.float32(9.587454), np.float32(-4.215691), np.float32(6.111271), np.float32(-11.889636), np.float32(2.6089385), np.float32(-1.8203473), np.float32(-3.7405305), np.float32(4.9055934), np.float32(-0.90424407), np.float32(-1.3168274), np.float32(0.7925321), np.float32(-0.7219409), np.float32(1.5529883), np.float32(-2.1507275), np.float32(1.3162053), np.float32(0.47378314), np.float32(2.4690375), np.float32(-6.1103563), np.float32(-0.78318316), np.float32(9.591842), np.float32(-0.3103451), np.float32(0.31469113), np.float32(-3.7828984)]","[np.float32(-1.4973572), np.float32(-0.8405362), np.float32(-0.62583536), np.float32(-0.0030112714), np.float32(-0.1438666), np.float32(0.27599412), np.float32(0.6183136), np.float32(0.016969211), np.float32(0.1390689), np.float32(0.25311428), np.float32(-0.08480878), np.float32(-0.75067604), np.float32(-0.24207298), np.float32(-0.28336865), np.float32(-0.40479025), np.float32(-0.2437624), np.float32(-0.39392623), np.float32(0.106560744), np.float32(-0.1690008), np.float32(0.06785309), np.float32(0.26011026), np.float32(0.1536026), np.float32(-0.17465554), np.float32(-0.0027130805), np.float32(-0.028205447), np.float32(-0.28644142), np.float32(0.0049622506), np.float32(0.2533334), np.float32(0.09911177), np.float32(-0.16599827), np.float32(-0.017760169), np.float32(-0.08311754)]","[np.float32(1.942866), np.float32(1.1965835), np.float32(0.7366885), np.float32(0.7433585), np.float32(1.2464066), np.float32(0.94138634), np.float32(1.0525993), np.float32(1.447439), np.float32(0.91391176), np.float32(1.1910661), np.float32(1.3308961), np.float32(1.1033903), np.float32(1.1295692), np.float32(0.95427716), np.float32(0.901513), np.float32(1.0571264), np.float32(1.327064), np.float32(0.99474025), np.float32(1.0314615), np.float32(1.007646), np.float32(1.103753), np.float32(1.3082973), np.float32(1.3940661), np.float32(1.1692214), np.float32(1.2713832), np.float32(1.2382638), np.float32(1.4001169), np.float32(1.3428502), np.float32(1.6885943), np.float32(1.1062278), np.float32(1.2056844), np.float32(1.4803872)]"
2018-03-02 11:24:00+00:00,68.45636,1,LOEO,8,"[np.float32(-2024.0818), np.float32(-55.43212), np.float32(-14.5193205), np.float32(-9.027585), np.float32(0.15035765), np.float32(16.661247), np.float32(4.91533), np.float32(7.602826), np.float32(1.197753), np.float32(12.442477), np.float32(-0.033717018), np.float32(4.966389), np.float32(-11.704672), np.float32(-2.0307972), np.float32(-0.93126756), np.float32(-1.8572608), np.float32(-4.0811744), np.float32(-1.3011521), np.float32(-1.4103324), np.float32(1.4437327), np.float32(-0.5959065), np.float32(-4.2971883), np.float32(2.5086136), np.float32(-2.5142355), np.float32(1.6776317), np.float32(1.945369), np.float32(-1.1496942), np.float32(1.5516198), np.float32(0.97077334), np.float32(-0.6460554), np.float32(-1.3545588), np.float32(0.20455338)]","[np.float32(-1.4971194), np.float32(-0.8404824), np.float32(-0.6257188), np.float32(-0.003053166), np.float32(-0.14390619), np.float32(0.27605894), np.float32(0.6182494), np.float32(0.017024115), np.float32(0.13904001), np.float32(0.25302783), np.float32(-0.08469193), np.float32(-0.7505648), np.float32(-0.24207002), np.float32(-0.2833147), np.float32(-0.40479055), np.float32(-0.24371645), np.float32(-0.393975), np.float32(0.10658503), np.float32(-0.16901524), np.float32(0.06784838), np.float32(0.26002935), np.float32(0.15364717), np.float32(-0.17463876), np.float32(-0.0028095618), np.float32(-0.028141372), np.float32(-0.286382), np.float32(0.004905544), np.float32(0.2532258), np.float32(0.099073835), np.float32(-0.16595963), np.float32(-0.017699081), np.float32(-0.08313074)]","[np.float32(1.9427621), np.float32(1.1966087), np.float32(0.7366939), np.float32(0.74334747), np.float32(1.2463232), np.float32(0.94138014), np.float32(1.0525877), np.float32(1.4473395), np.float32(0.9139474), np.float32(1.191097), np.float32(1.3308372), np.float32(1.1034045), np.float32(1.1295464), np.float32(0.95424056), np.float32(0.9014947), np.float32(1.0570719), np.float32(1.3269861), np.float32(0.9946826), np.float32(1.0314062), np.float32(1.0076432), np.float32(1.1037546), np.float32(1.30829), np.float32(1.3939576), np.float32(1.1691468), np.float32(1.2713636), np.float32(1.2381498), np.float32(1.4001033), np.float32(1.3427889), np.float32(1.6884927), np.float32(1.1062393), np.float32(1.2056091), np.float32(1.4803882)]"
2018-03-02 11:25:00+00:00,68.47058,1,LOEO,8,"[np.float32(-2024.5466), np.float32(-56.70404), np.float32(-14.5420685), np.float32(-7.4505463), np.float32(0.2779203), np.float32(16.536104), np.float32(5.365338), np.float32(7.991194), np.float32(2.7060952), np.float32(14.176055), np.float32(-0.55622137), np.float32(6.247349), np.float32(-10.978338), np.float32(-1.19981), np.float32(1.3949144), np.float32(-2.180985), np.float32(0.99924797), np.float32(-0.14004955), np.float32(-0.73165196), np.float32(0.89204794), np.float32(-0.3637643), np.float32(-3.2051034), np.float32(2.735051), np.float32(-1.6333325), np.float32(-0.0885121), np.float32(2.7516477), np.float32(-1.9019347), np.float32(0.4410107), np.float32(0.3188951), np.float32(0.2905404), np.float32(3.1088793), np.float32(-1.5690459)]","[np.float32(-1.4981883), np.float32(-0.84063244), np.float32(-0.6261715), np.float32(-0.0028733462), np.float32(-0.14365534), np.float32(0.27569327), np.float32(0.6185089), np.float32(0.016857117), np.float32(0.13910587), np.float32(0.2534755), np.float32(-0.08518331), np.float32(-0.75101006), np.float32(-0.2422135), np.float32(-0.28356063), np.float32(-0.40464398), np.float32(-0.24410185), np.float32(-0.39379257), np.float32(0.106557965), np.float32(-0.16885193), np.float32(0.067852356), np.float32(0.26049674), np.float32(0.15335153), np.float32(-0.17459892), np.float32(-0.0023646913), np.float32(-0.02833514), np.float32(-0.28661034), np.float32(0.00507161), np.float32(0.25379074), np.float32(0.09922556), np.float32(-0.16631547), np.float32(-0.017927887), np.float32(-0.08304175)]","[np.float32(1.9433964), np.float32(1.1965435), np.float32(0.73664623), np.float32(0.7433597), np.float32(1.2467638), np.float32(0.9414295), np.float32(1.0526209), np.float32(1.4478797), np.float32(0.91384864), np.float32(1.1910974), np.float32(1.331261), np.float32(1.1033714), np.float32(1.1296836), np.float32(0.9544191), np.float32(0.90155387), np.float32(1.057364), np.float32(1.3273946), np.float32(0.9950518), np.float32(1.0317168), np.float32(1.0077426), np.float32(1.1037248), np.float32(1.308444), np.float32(1.3945496), np.float32(1.1695131), np.float32(1.2715547), np.float32(1.238701), np.float32(1.4002723), np.float32(1.3431414), np.float32(1.6889619), np.float32(1.1063217), np.float32(1.205986), np.float32(1.4803865)]"
2018-03-02 11:26:00+00:00,68.51467,1,LOEO,8,"[np.float32(-2022.0428), np.float32(-53.463387), np.float32(-14.558992), np.float32(-6.433426), np.float32(2.3556302), np.float32(16.600985), np.float32(5.1956873), np.float32(12.329565), np.float32(2.9034967), np.float32(17.784746), np.float32(2.4313555), np.float32(4.973667), np.float32(-11.567177), np.float32(-2.824153), np.float32(-0.43379498), np.float32(-2.482371), np.float32(-0.051803496), np.float32(-1.3009971), np.float32(-0.6961937), np.float32(0.5126676), np.float32(-1.503054), np.float32(-0.8995623), np.float32(-0.3315706), np.float32(-0.19994871), np.float32(-1.599061), np.float32(1.3141651), np.float32(-1.9073532), np.float32(-0.23053192), np.float32(-1.7506455), np.float32(-1.1841927), np.float32(2.5016785), np.float32(1.6230533)]","[np.float32(-1.4979793), np.float32(-0.8405885), np.float32(-0.6260724), np.float32(-0.0029093027), np.float32(-0.14369315), np.float32(0.27575335), np.float32(0.6184535), np.float32(0.016902119), np.float32(0.13908374), np.float32(0.25339746), np.float32(-0.08508256), np.float32(-0.7509154), np.float32(-0.24220584), np.float32(-0.28351396), np.float32(-0.4046498), np.float32(-0.2440544), np.float32(-0.39383405), np.float32(0.10657572), np.float32(-0.16886863), np.float32(0.06784864), np.float32(0.26042187), np.float32(0.15339473), np.float32(-0.17458874), np.float32(-0.0024491847), np.float32(-0.028282963), np.float32(-0.28655994), np.float32(0.005025521), np.float32(0.25369346), np.float32(0.0991934), np.float32(-0.16627416), np.float32(-0.01787631), np.float32(-0.0830543)]","[np.float32(1.9432977), np.float32(1.1965632), np.float32(0.73665196), np.float32(0.7433517), np.float32(1.246688), np.float32(0.9414227), np.float32(1.0526109), np.float32(1.4477885), np.float32(0.9138771), np.float32(1.1911186), np.float32(1.331203), np.float32(1.1033821), np.float32(1.1296617), np.float32(0.95438635), np.float32(0.9015387), np.float32(1.0573142), np.float32(1.3273239), np.float32(0.994997), np.float32(1.0316658), np.float32(1.0077363), np.float32(1.1037269), np.float32(1.3084326), np.float32(1.3944501), np.float32(1.1694468), np.float32(1.2715335), np.float32(1.2385998), np.float32(1.4002552), np.float32(1.3430835), np.float32(1.688872), np.float32(1.1063263), np.float32(1.2059182), np.float32(1.4803865)]"
2018-03-02 11:27:00+00:00,68.60296,1,LOEO,8,"[np.float32(-2026.5366), np.float32(-60.80726), np.float32(-14.594576), np.float32(-8.985431), np.float32(-0.5064184), np.float32(17.469818), np.float32(3.9757802), np.float32(3.7935176), np.float32(-0.22687745), np.float32(10.656496), np.float32(-3.0239468), np.float32(5.170173), np.float32(-12.287299), np.float32(-0.9608983), np.float32(-1.487284), np.float32(-2.4675133), np.float32(0.8639679), np.float32(-0.12873682), np.float32(-0.38595977), np.float32(1.0486445), np.float32(-0.66407275), np.float32(-3.7336473), np.float32(2.8660913), np.float32(-2.5724254), np.float32(0.7131384), np.float32(1.2008585), np.float32(-2.1530933), np.float32(0.84858793), np.float32(-1.4892222), np.float32(-1.6638651), np.float32(4.4562454), np.float32(-1.4200155)]","[np.float32(-1.4995303), np.float32(-0.8407892), np.float32(-0.6267185), np.float32(-0.002647847), np.float32(-0.1433175), np.float32(0.27521154), np.float32(0.6188253), np.float32(0.016674496), np.float32(0.13916968), np.float32(0.25405693), np.float32(-0.08578995), np.float32(-0.75155467), np.float32(-0.24243829), np.float32(-0.28387392), np.float32(-0.40441123), np.float32(-0.24464524), np.float32(-0.39357752), np.float32(0.10655037), np.float32(-0.16861464), np.float32(0.0678508), np.float32(0.26111975), np.float32(0.1529507), np.float32(-0.17451055), np.float32(-0.0017997846), np.float32(-0.028548703), np.float32(-0.2868848), np.float32(0.0052505955), np.float32(0.2545284), np.float32(0.09941125), np.float32(-0.16682196), np.float32(-0.018200045), np.float32(-0.08291895)]","[np.float32(1.9442464), np.float32(1.1964753), np.float32(0.7365788), np.float32(0.7433629), np.float32(1.247339), np.float32(0.9414959), np.float32(1.0526539), np.float32(1.4485879), np.float32(0.91374385), np.float32(1.1911441), np.float32(1.3318467), np.float32(1.1033385), np.float32(1.1298656), np.float32(0.9546477), np.float32(0.90162015), np.float32(1.0577459), np.float32(1.3279268), np.float32(0.99555343), np.float32(1.0321277), np.float32(1.0078943), np.float32(1.1036791), np.float32(1.3086756), np.float32(1.3953274), np.float32(1.1699852), np.float32(1.27183), np.float32(1.2394067), np.float32(1.400518), np.float32(1.3436061), np.float32(1.6895536), np.float32(1.10647), np.float32(1.2064713), np.float32(1.4803822)]"
2018-03-02 10:07:00+00:00,68.68563,0,LOEO,8,"[np.float32(-2023.2513), np.float32(-62.515537), np.float32(-14.542174), np.float32(-8.086451), np.float32(-0.54086536), np.float32(17.453423), np.float32(7.6123943), np.float32(-0.20845102), np.float32(1.7789949), np.float32(3.132171), np.float32(-0.22431469), np.float32(1.1458797), np.float32(-12.1089325), np.float32(-0.458929), np.float32(-2.6831686), np.float32(-2.7810323), np.float32(6.4829855), np.float32(-1.1376636), np.float32(0.3550764), np.float32(-0.30679816), np.float32(-1.1321837), np.float32(3.2473645), np.float32(-6.396685), np.float32(1.7224878), np.float32(0.74717724), np.float32(-3.2704053), np.float32(-3.2943268), np.float32(-3.7272298), np.float32(5.2926197), np.float32(-1.4988492), np.float32(-3.841029), np.float32(-1.5484113)]","[np.float32(-1.4986095), np.float32(-0.8406619), np.float32(-0.6263263), np.float32(-0.0028058067), np.float32(-0.14353196), np.float32(0.27552375), np.float32(0.61860126), np.float32(0.016816951), np.float32(0.13911082), np.float32(0.25367194), np.float32(-0.08536661), np.float32(-0.75116724), np.float32(-0.242312), np.float32(-0.2836582), np.float32(-0.40453857), np.float32(-0.2443124), np.float32(-0.3937318), np.float32(0.106574126), np.float32(-0.16875526), np.float32(0.067848384), np.float32(0.2607146), np.float32(0.15320301), np.float32(-0.1745455), np.float32(-0.002185829), np.float32(-0.028380401), np.float32(-0.28668794), np.float32(0.0051083416), np.float32(0.2540403), np.float32(0.09927921), np.float32(-0.16651577), np.float32(-0.018003635), np.float32(-0.082997255)]","[np.float32(1.943702), np.float32(1.1965338), np.float32(0.7366197), np.float32(0.7433524), np.float32(1.2469596), np.float32(0.94145674), np.float32(1.052628), np.float32(1.4481232), np.float32(0.91383), np.float32(1.1911424), np.float32(1.33148), np.float32(1.1033683), np.float32(1.1297495), np.float32(0.95449406), np.float32(0.9015698), np.float32(1.0574946), np.float32(1.327575), np.float32(0.99523324), np.float32(1.0318598), np.float32(1.0078108), np.float32(1.1037056), np.float32(1.3085455), np.float32(1.3948176), np.float32(1.1696677), np.float32(1.2716635), np.float32(1.2389314), np.float32(1.4003739), np.float32(1.3433056), np.float32(1.6891521), np.float32(1.1063979), np.float32(1.2061476), np.float32(1.4803872)]"
2018-03-02 10:06:00+00:00,68.36172,0,LOEO,8,"[np.float32(-2019.62), np.float32(-52.653034), np.float32(-14.504474), np.float32(-8.7038965), np.float32(-0.87040657), np.float32(17.422205), np.float32(7.7673974), np.float32(9.3061495), np.float32(5.191765), np.float32(4.9170003), np.float32(2.9456263), np.float32(-0.6409585), np.float32(-12.036198), np.float32(-2.7016754), np.float32(-1.0818899), np.float32(-0.46635082), np.float32(-4.0427117), np.float32(0.29517463), np.float32(-1.3630168), np.float32(1.8674461), np.float32(1.2898157), np.float32(-5.24652), np.float32(2.537891), np.float32(-1.9309388), np.float32(3.8513007), np.float32(1.1258656), np.float32(3.3193533), np.float32(0.33303812), np.float32(-0.37571836), np.float32(1.4759897), np.float32(1.4847466), np.float32(2.4909909)]","[np.float32(-1.4979591), np.float32(-0.84058225), np.float32(-0.62605864), np.float32(-0.002914846), np.float32(-0.14369309), np.float32(0.27575478), np.float32(0.6184472), np.float32(0.01690936), np.float32(0.13907716), np.float32(0.2533923), np.float32(-0.085070565), np.float32(-0.75090134), np.float32(-0.24220943), np.float32(-0.2835067), np.float32(-0.40464532), np.float32(-0.24405685), np.float32(-0.39383847), np.float32(0.1065815), np.float32(-0.16886593), np.float32(0.067848444), np.float32(0.26041752), np.float32(0.15339378), np.float32(-0.17458338), np.float32(-0.0024588704), np.float32(-0.028273389), np.float32(-0.28655303), np.float32(0.005017422), np.float32(0.25368643), np.float32(0.09918844), np.float32(-0.16627795), np.float32(-0.017869242), np.float32(-0.08305503)]","[np.float32(1.9432976), np.float32(1.1965691), np.float32(0.7366514), np.float32(0.743349), np.float32(1.2466838), np.float32(0.9414248), np.float32(1.0526112), np.float32(1.4477842), np.float32(0.91388345), np.float32(1.1911266), np.float32(1.3312037), np.float32(1.1033857), np.float32(1.1296626), np.float32(0.9543839), np.float32(0.90153664), np.float32(1.0573118), np.float32(1.3273191), np.float32(0.9949951), np.float32(1.0316637), np.float32(1.0077407), np.float32(1.1037271), np.float32(1.3084384), np.float32(1.3944453), np.float32(1.1694405), np.float32(1.2715355), np.float32(1.2385905), np.float32(1.40026), np.float32(1.3430839), np.float32(1.6888653), np.float32(1.1063323), np.float32(1.2059137), np.float32(1.4803892)]"
2018-03-02 10:05:00+00:00,68.64355,0,LOEO,8,"[np.float32(-2023.8107), np.float32(-62.603657), np.float32(-14.4938345), np.float32(-11.17088), np.float32(-2.2322845), np.float32(17.497856), np.float32(7.689515), np.float32(5.132462), np.float32(0.79749775), np.float32(-1.942517), np.float32(-2.5120091), np.float32(-0.78057736), np.float32(-13.07913), np.float32(-1.9975709), np.float32(-1.2814795), np.float32(-0.9962949), np.float32(-4.917424), np.float32(0.39759907), np.float32(0.14182647), np.float32(0.6507704), np.float32(1.3830447), np.float32(-3.4549043), np.float32(4.18242), np.float32(-0.35244855), np.float32(3.0988164), np.float32(2.0782819), np.float32(1.6677028), np.float32(-1.7911838), np.float32(0.7624564), np.float32(1.0475298), np.float32(4.910678), np.float32(3.2593548)]","[np.float32(-1.4981161), np.float32(-0.84062725), np.float32(-0.626145), np.float32(-0.0028851107), np.float32(-0.14367612), np.float32(0.27572176), np.float32(0.6184928), np.float32(0.016863637), np.float32(0.1391052), np.float32(0.25344238), np.float32(-0.08515254), np.float32(-0.7509832), np.float32(-0.24219629), np.float32(-0.28354397), np.float32(-0.4046619), np.float32(-0.24406582), np.float32(-0.3938025), np.float32(0.10655503), np.float32(-0.16886851), np.float32(0.06785296), np.float32(0.26045924), np.float32(0.15337661), np.float32(-0.17460807), np.float32(-0.0023952052), np.float32(-0.028327346), np.float32(-0.2865973), np.float32(0.0050655976), np.float32(0.25374818), np.float32(0.09921654), np.float32(-0.16628137), np.float32(-0.017915335), np.float32(-0.08304951)]","[np.float32(1.9433441), np.float32(1.1965451), np.float32(0.7366507), np.float32(0.74336106), np.float32(1.2467304), np.float32(0.9414252), np.float32(1.0526197), np.float32(1.4478376), np.float32(0.9138517), np.float32(1.191089), np.float32(1.3312232), np.float32(1.1033717), np.float32(1.1296724), np.float32(0.9544062), np.float32(0.90155125), np.float32(1.0573417), np.float32(1.3273642), np.float32(0.99502075), np.float32(1.0316924), np.float32(1.0077311), np.float32(1.103728), np.float32(1.308427), np.float32(1.3945037), np.float32(1.1694869), np.float32(1.2715358), np.float32(1.238662), np.float32(1.4002545), np.float32(1.3431131), np.float32(1.6889298), np.float32(1.1063083), np.float32(1.2059585), np.float32(1.4803865)]"
2018-03-02 10:04:00+00:00,68.233345,0,LOEO,8,"[np.float32(-2021.7798), np.float32(-59.233955), np.float32(-14.488419), np.float32(-11.259901), np.float32(-1.9085343), np.float32(17.309595), np.float32(7.9576125), np.float32(2.6204185), np.float32(3.9393978), np.float32(1.3656472), np.float32(-0.28409788), np.float32(1.1981312), np.float32(-12.059131), np.float32(-1.8388548), np.float32(-0.8885012), np.float32(-0.5564075), np.float32(-4.0651116), np.float32(0.17752498), np.float32(0.17574893), np.float32(0.45406508), np.float32(1.1728845), np.float32(-2.6728961), np.float32(2.4428368), np.float32(1.1500808), np.float32(1.3525312), np.float32(1.5687604), np.float32(2.087424), np.float32(-1.5992156), np.float32(1.2889779), np.float32(2.0295665), np.float32(4.8196507), np.float32(2.2426288)]","[np.float32(-1.4981871), np.float32(-0.840717), np.float32(-0.6262414), np.float32(-0.0028630123), np.float32(-0.14372674), np.float32(0.27576715), np.float32(0.61853606), np.float32(0.01678127), np.float32(0.13916984), np.float32(0.25341785), np.float32(-0.085216284), np.float32(-0.7510657), np.float32(-0.24209003), np.float32(-0.28356147), np.float32(-0.4047822), np.float32(-0.2439301), np.float32(-0.3937594), np.float32(0.10647824), np.float32(-0.16894703), np.float32(0.0678675), np.float32(0.2603987), np.float32(0.15344515), np.float32(-0.17470893), np.float32(-0.0023731925), np.float32(-0.028426155), np.float32(-0.28664798), np.float32(0.0051564425), np.float32(0.253713), np.float32(0.09924501), np.float32(-0.16613986), np.float32(-0.01797172), np.float32(-0.08306926)]","[np.float32(1.9432311), np.float32(1.1964939), np.float32(0.7366688), np.float32(0.743396), np.float32(1.2466989), np.float32(0.94140613), np.float32(1.0526363), np.float32(1.447788), np.float32(0.9137882), np.float32(1.1909639), np.float32(1.3311077), np.float32(1.1033403), np.float32(1.129648), np.float32(0.9544051), np.float32(0.9015754), np.float32(1.0573177), np.float32(1.327339), np.float32(0.9949477), np.float32(1.0316563), np.float32(1.0076567), np.float32(1.1037452), np.float32(1.3083239), np.float32(1.3944476), np.float32(1.1694847), np.float32(1.2714552), np.float32(1.2386651), np.float32(1.400166), np.float32(1.3430636), np.float32(1.6889468), np.float32(1.1061924), np.float32(1.2059481), np.float32(1.4803799)]"
2018-03-02 10:03:00+00:00,68.368614,0,LOEO,8,"[np.float32(-2017.373), np.float32(-49.219765), np.float32(-14.576526), np.float32(-3.8095198), np.float32(1.0962121), np.float32(17.338282), np.float32(7.70589), np.float32(9.593043), np.float32(6.8010426), np.float32(9.838184), np.float32(4.3097), np.float32(1.673232), np.float32(-11.539047), np.float32(-2.2407033), np.float32(-1.4218475), np.float32(-1.4075243), np.float32(1.6411102), np.float32(-1.4724772), np.float32(0.017055921), np.float32(0.35087824), np.float32(-0.6535445), np.float32(3.0097673), np.float32(-4.512294), np.float32(2.347105), np.float32(0.78313905), np.float32(-2.0052605), np.float32(-2.35227), np.float32(-4.0150127), np.float32(6.021725), np.float32(-1.1106738), np.float32(0.41934827), np.float32(1.2491049)]","[np.float32(-1.5096617), np.float32(-0.842096), np.float32(-0.6309616), np.float32(-0.0009270236), np.float32(-0.14087817), np.float32(0.27169), np.float32(0.621251), np.float32(0.0151736215), np.float32(0.13976061), np.float32(0.2583588), np.float32(-0.09042999), np.float32(-0.7557607), np.float32(-0.24393739), np.float32(-0.28625095), np.float32(-0.4028671), np.float32(-0.24847656), np.float32(-0.39189875), np.float32(0.10636269), np.float32(-0.16697498), np.float32(0.067859076), np.float32(0.2656711), np.float32(0.15007193), np.float32(-0.17401627), np.float32(0.0024575964), np.float32(-0.030303039), np.float32(-0.28901967), np.float32(0.006738849), np.float32(0.2599777), np.float32(0.10084804), np.float32(-0.17036843), np.float32(-0.020329162), np.float32(-0.08203613)]","[np.float32(1.9503947), np.float32(1.1958737), np.float32(0.7361052), np.float32(0.743448), np.float32(1.2515792), np.float32(0.94195807), np.float32(1.0529182), np.float32(1.4537903), np.float32(0.9128541), np.float32(1.1912806), np.float32(1.3360257), np.float32(1.1030338), np.float32(1.1311767), np.float32(0.95635134), np.float32(0.9021537), np.float32(1.0605556), np.float32(1.3318642), np.float32(0.999184), np.float32(1.035134), np.float32(1.0088999), np.float32(1.1033596), np.float32(1.310229), np.float32(1.4010392), np.float32(1.1735106), np.float32(1.2737466), np.float32(1.2446944), np.float32(1.4021934), np.float32(1.3469809), np.float32(1.6939968), np.float32(1.107381), np.float32(1.2100782), np.float32(1.480331)]"
2018-03-02 10:02:00+00:00,67.76398,0,LOEO,8,"[np.float32(-2008.2379), np.float32(-33.487473), np.float32(-14.598943), np.float32(0.40229207), np.float32(1.0979286), np.float32(17.43483), np.float32(8.139471), np.float32(16.164383), np.float32(9.731845), np.float32(11.435692), np.float32(7.524296), np.float32(0.47120738), np.float32(-11.492711), np.float32(-4.1119328), np.float32(-1.4781779), np.float32(-0.5382366), np.float32(-1.0144997), np.float32(-1.1765175), np.float32(1.0016485), np.float32(-0.43362254), np.float32(1.1817635), np.float32(-0.5080114), np.float32(1.0613918), np.float32(2.4916415), np.float32(2.0794044), np.float32(0.017809402), np.float32(3.2459884), np.float32(-2.3987613), np.float32(-0.48853403), np.float32(2.1759055), np.float32(4.184598), np.float32(2.1491575)]","[np.float32(-1.4973676), np.float32(-0.8405499), np.float32(-0.62584734), np.float32(-0.0030100942), np.float32(-0.1438723), np.float32(0.27599826), np.float32(0.6183196), np.float32(0.016957186), np.float32(0.1390761), np.float32(0.2531117), np.float32(-0.084817514), np.float32(-0.75068486), np.float32(-0.24205728), np.float32(-0.2833686), np.float32(-0.4048072), np.float32(-0.2437439), np.float32(-0.39391866), np.float32(0.10655076), np.float32(-0.16901119), np.float32(0.06785576), np.float32(0.26010075), np.float32(0.1536102), np.float32(-0.17466952), np.float32(-0.002711635), np.float32(-0.028218195), np.float32(-0.2864482), np.float32(0.004975021), np.float32(0.25332808), np.float32(0.09911485), np.float32(-0.1659797), np.float32(-0.017768208), np.float32(-0.08312111)]","[np.float32(1.9428527), np.float32(1.1965781), np.float32(0.7366908), np.float32(0.74336314), np.float32(1.246403), np.float32(0.9413859), np.float32(1.0526036), np.float32(1.4474332), np.float32(0.91390383), np.float32(1.1910485), np.float32(1.3308799), np.float32(1.1033871), np.float32(1.1295675), np.float32(0.95427734), np.float32(0.90151674), np.float32(1.0571239), np.float32(1.327061), np.float32(0.99472934), np.float32(1.0314568), np.float32(1.0076374), np.float32(1.1037562), np.float32(1.3082851), np.float32(1.3940593), np.float32(1.1692203), np.float32(1.2713716), np.float32(1.2382642), np.float32(1.4001064), np.float32(1.3428463), np.float32(1.6885986), np.float32(1.1062117), np.float32(1.205684), np.float32(1.4803889)]"
2018-03-02 10:01:00+00:00,68.0029,0,LOEO,8,"[np.float32(-2020.1705), np.float32(-57.845726), np.float32(-14.53851), np.float32(-10.188498), np.float32(-0.82899076), np.float32(17.71104), np.float32(7.5002427), np.float32(4.365598), np.float32(3.3512273), np.float32(3.6136155), np.float32(0.8215321), np.float32(0.33591253), np.float32(-12.150134), np.float32(-2.6438468), np.float32(-1.6673957), np.float32(-1.3601832), np.float32(2.0552788), np.float32(-1.4913398), np.float32(-0.22642073), np.float32(0.4479525), np.float32(0.78945106), np.float32(-2.049464), np.float32(0.35641837), np.float32(-0.38189992), np.float32(2.3325148), np.float32(-0.69076806), np.float32(3.362708), np.float32(-1.4808892), np.float32(-2.2641714), np.float32(1.6790103), np.float32(1.0774164), np.float32(0.39109644)]","[np.float32(-1.5158764), np.float32(-0.8428999), np.float32(-0.6335649), np.float32(0.000128977), np.float32(-0.13938372), np.float32(0.26953214), np.float32(0.6227403), np.float32(0.014252968), np.float32(0.1401229), np.float32(0.2609957), np.float32(-0.09327477), np.float32(-0.75834113), np.float32(-0.2448564), np.float32(-0.28770792), np.float32(-0.40192255), np.float32(-0.25082448), np.float32(-0.39086983), np.float32(0.10624724), np.float32(-0.16597027), np.float32(0.067864805), np.float32(0.26846173), np.float32(0.14830822), np.float32(-0.17371464), np.float32(0.005068369), np.float32(-0.031380914), np.float32(-0.290329), np.float32(0.0076520517), np.float32(0.26331866), np.float32(0.10172905), np.float32(-0.17254114), np.float32(-0.021634474), np.float32(-0.08149449)]","[np.float32(1.9541682), np.float32(1.1955051), np.float32(0.7358152), np.float32(0.7435), np.float32(1.2541829), np.float32(0.9422409), np.float32(1.0530814), np.float32(1.4569848), np.float32(0.9123082), np.float32(1.1913642), np.float32(1.3385915), np.float32(1.1028477), np.float32(1.1319815), np.float32(0.95739716), np.float32(0.90248114), np.float32(1.0622809), np.float32(1.3342803), np.float32(1.0014132), np.float32(1.0369802), np.float32(1.009516), np.float32(1.1031648), np.float32(1.3111806), np.float32(1.4045473), np.float32(1.1756748), np.float32(1.2749231), np.float32(1.247941), np.float32(1.4032227), np.float32(1.3490535), np.float32(1.6967236), np.float32(1.1079392), np.float32(1.2122926), np.float32(1.4803)]"
2018-03-02 11:30:00+00:00,68.64387,1,LOEO,9,"[np.float32(-2024.4865), np.float32(-61.765327), np.float32(-14.481672), np.float32(-10.857532), np.float32(-0.73405194), np.float32(16.603539), np.float32(4.88912), np.float32(1.8300327), np.float32(-2.8692431), np.float32(9.986558), np.float32(-2.121764), np.float32(3.601447), np.float32(-11.695268), np.float32(0.26714826), np.float32(1.4102706), np.float32(-0.48807457), np.float32(-4.1406083), np.float32(-2.0836518), np.float32(-1.0369401), np.float32(1.7922666), np.float32(-0.7095589), np.float32(-1.8054196), np.float32(-1.3717562), np.float32(-2.0071442), np.float32(1.5348202), np.float32(1.5693212), np.float32(-3.9675128), np.float32(0.8483994), np.float32(8.349112), np.float32(-0.8848155), np.float32(-3.4319427), np.float32(0.6440343)]","[np.float32(-2.1369684), np.float32(-0.10463624), np.float32(-0.8343567), np.float32(0.00090259314), np.float32(-0.769696), np.float32(1.327567), np.float32(1.0734421), np.float32(-0.14102384), np.float32(0.44615898), np.float32(0.68216234), np.float32(-0.6586314), np.float32(-0.2646629), np.float32(0.38430908), np.float32(-0.022153703), np.float32(0.08296935), np.float32(0.05559878), np.float32(-0.6825928), np.float32(-0.28551668), np.float32(-0.08608634), np.float32(-0.32312045), np.float32(0.22608262), np.float32(-0.08526497), np.float32(-0.51222193), np.float32(0.09462155), np.float32(0.09411085), np.float32(0.12999731), np.float32(0.07703964), np.float32(0.09386314), np.float32(0.041711282), np.float32(-0.048439756), np.float32(-0.19267167), np.float32(-0.15471262)]","[np.float32(2.5882413), np.float32(1.3879838), np.float32(1.2135744), np.float32(1.3433822), np.float32(0.8308597), np.float32(1.4746029), np.float32(1.6468226), np.float32(0.94209784), np.float32(1.7510077), np.float32(1.1551538), np.float32(1.3489453), np.float32(0.9796927), np.float32(1.7069801), np.float32(0.9335624), np.float32(1.5717291), np.float32(1.5061114), np.float32(1.1912755), np.float32(1.0784887), np.float32(1.1189749), np.float32(1.0180895), np.float32(1.7052276), np.float32(1.5935928), np.float32(1.5284901), np.float32(1.2222817), np.float32(1.6645567), np.float32(1.6150097), np.float32(1.5066592), np.float32(1.1623367), np.float32(1.9804664), np.float32(1.2341594), np.float32(1.4303464), np.float32(1.8598802)]"
2018-03-02 11:31:00+00:00,68.7381,1,LOEO,9,"[np.float32(-2025.0819), np.float32(-63.269466), np.float32(-14.511418), np.float32(-10.223409), np.float32(-0.9656582), np.float32(16.694298), np.float32(5.461639), np.float32(0.35461858), np.float32(-3.159945), np.float32(8.93999), np.float32(-5.3486238), np.float32(4.341622), np.float32(-12.146543), np.float32(1.0692346), np.float32(1.1406957), np.float32(-2.7187724), np.float32(1.2102606), np.float32(-0.15137006), np.float32(-1.4521941), np.float32(1.3399886), np.float32(-0.30975989), np.float32(-2.871389), np.float32(0.1145979), np.float32(-3.7337646), np.float32(-0.52782), np.float32(5.5707064), np.float32(-1.8655636), np.float32(4.003294), np.float32(-1.2946063), np.float32(2.0409644), np.float32(0.999399), np.float32(-1.331611)]","[np.float32(-2.1354375), np.float32(-0.10383579), np.float32(-0.8343344), np.float32(0.0015669875), np.float32(-0.76900494), np.float32(1.327588), np.float32(1.0721593), np.float32(-0.13986722), np.float32(0.4450644), np.float32(0.681678), np.float32(-0.65791076), np.float32(-0.2641442), np.float32(0.38454852), np.float32(-0.02318067), np.float32(0.082789764), np.float32(0.056403123), np.float32(-0.68260413), np.float32(-0.28525805), np.float32(-0.08455229), np.float32(-0.3224738), np.float32(0.2263539), np.float32(-0.08518864), np.float32(-0.51120615), np.float32(0.09414502), np.float32(0.09433785), np.float32(0.13044089), np.float32(0.07743082), np.float32(0.09489161), np.float32(0.04002284), np.float32(-0.048694685), np.float32(-0.19210272), np.float32(-0.15263058)]","[np.float32(2.5914445), np.float32(1.3889396), np.float32(1.2140526), np.float32(1.3443004), np.float32(0.83041304), np.float32(1.4752569), np.float32(1.6493775), np.float32(0.9420021), np.float32(1.7518609), np.float32(1.1549399), np.float32(1.3494402), np.float32(0.9809112), np.float32(1.7088342), np.float32(0.93392736), np.float32(1.5733055), np.float32(1.507838), np.float32(1.1921109), np.float32(1.0787926), np.float32(1.1198167), np.float32(1.0197023), np.float32(1.7069046), np.float32(1.5950991), np.float32(1.5301225), np.float32(1.2242886), np.float32(1.666483), np.float32(1.6160434), np.float32(1.5076292), np.float32(1.1635016), np.float32(1.9825299), np.float32(1.2346039), np.float32(1.4322388), np.float32(1.8617578)]"
2018-03-02 11:32:00+00:00,68.32834,1,LOEO,9,"[np.float32(-2024.5476), np.float32(-63.302906), np.float32(-14.487292), np.float32(-11.529708), np.float32(-0.69014895), np.float32(16.668577), np.float32(5.005372), np.float32(-0.33508462), np.float32(-4.2388988), np.float32(8.557096), np.float32(-4.1045594), np.float32(3.8007746), np.float32(-12.415706), np.float32(0.047278434), np.float32(-0.3046922), np.float32(-1.7272395), np.float32(-3.21836), np.float32(-2.3230689), np.float32(-1.2130054), np.float32(0.9331022), np.float32(-1.2397546), np.float32(-2.200358), np.float32(-0.01926066), np.float32(-1.8178545), np.float32(0.19505541), np.float32(1.340373), np.float32(-0.44759732), np.float32(1.2299362), np.float32(-1.388649), np.float32(-0.70139104), np.float32(-1.3586175), np.float32(1.7394276)]","[np.float32(-2.1387298), np.float32(-0.1055574), np.float32(-0.8343823), np.float32(0.00013795123), np.float32(-0.77049136), np.float32(1.3275428), np.float32(1.0749183), np.float32(-0.1423549), np.float32(0.44741872), np.float32(0.68272), np.float32(-0.65946084), np.float32(-0.26525986), np.float32(0.38403353), np.float32(-0.020971974), np.float32(0.08317603), np.float32(0.05467304), np.float32(-0.6825799), np.float32(-0.28581423), np.float32(-0.087851785), np.float32(-0.3238647), np.float32(0.22577035), np.float32(-0.085352786), np.float32(-0.513391), np.float32(0.09516999), np.float32(0.093849584), np.float32(0.12948683), np.float32(0.07658949), np.float32(0.09267953), np.float32(0.04365432), np.float32(-0.048146337), np.float32(-0.19332676), np.float32(-0.1571087)]","[np.float32(2.5845556), np.float32(1.3868842), np.float32(1.2130243), np.float32(1.3423262), np.float32(0.831374), np.float32(1.4738504), np.float32(1.6438842), np.float32(0.942208), np.float32(1.7500257), np.float32(1.1553998), np.float32(1.3483759), np.float32(0.97829133), np.float32(1.704848), np.float32(0.93314254), np.float32(1.5699155), np.float32(1.5041251), np.float32(1.1903142), np.float32(1.078139), np.float32(1.1180066), np.float32(1.0162354), np.float32(1.7032984), np.float32(1.5918602), np.float32(1.526612), np.float32(1.2199739), np.float32(1.6623405), np.float32(1.6138202), np.float32(1.5055435), np.float32(1.1609968), np.float32(1.9780922), np.float32(1.2336481), np.float32(1.4281695), np.float32(1.8577205)]"
2018-03-02 11:33:00+00:00,68.468925,1,LOEO,9,"[np.float32(-2024.0024), np.float32(-62.858723), np.float32(-14.494863), np.float32(-10.030859), np.float32(-0.4696543), np.float32(16.603167), np.float32(5.1333213), np.float32(-1.6047852), np.float32(-2.726753), np.float32(9.779003), np.float32(-3.3216836), np.float32(5.0758333), np.float32(-12.117829), np.float32(0.0109832), np.float32(-1.4724746), np.float32(-3.5732014), np.float32(4.1095386), np.float32(-0.17577523), np.float32(-0.8175589), np.float32(0.5963746), np.float32(-1.0940188), np.float32(-0.36050197), np.float32(-0.20011334), np.float32(-0.26511136), np.float32(-0.52669805), np.float32(0.56761026), np.float32(-3.7831342), np.float32(-0.3437794), np.float32(3.0083146), np.float32(-1.6136073), np.float32(2.352823), np.float32(-2.505408)]","[np.float32(-2.1373887), np.float32(-0.10485618), np.float32(-0.83436275), np.float32(0.0007200092), np.float32(-0.76988596), np.float32(1.3275613), np.float32(1.0737945), np.float32(-0.14134164), np.float32(0.44645977), np.float32(0.6822956), np.float32(-0.65882945), np.float32(-0.2648054), np.float32(0.3842433), np.float32(-0.021871539), np.float32(0.08301872), np.float32(0.05537773), np.float32(-0.68258965), np.float32(-0.2855877), np.float32(-0.08650784), np.float32(-0.3232982), np.float32(0.22600803), np.float32(-0.08528592), np.float32(-0.51250106), np.float32(0.09475252), np.float32(0.094048485), np.float32(0.12987548), np.float32(0.07693214), np.float32(0.093580544), np.float32(0.042175192), np.float32(-0.048369676), np.float32(-0.19282822), np.float32(-0.15528472)]","[np.float32(2.5873606), np.float32(1.3877213), np.float32(1.2134429), np.float32(1.3431302), np.float32(0.8309825), np.float32(1.4744232), np.float32(1.6461209), np.float32(0.94212407), np.float32(1.7507731), np.float32(1.1552124), np.float32(1.3488094), np.float32(0.979358), np.float32(1.7064708), np.float32(0.93346214), np.float32(1.5712961), np.float32(1.5056369), np.float32(1.1910459), np.float32(1.0784051), np.float32(1.1187437), np.float32(1.0176467), np.float32(1.7047669), np.float32(1.593179), np.float32(1.5280416), np.float32(1.2217305), np.float32(1.6640273), np.float32(1.6147257), np.float32(1.5063927), np.float32(1.1620167), np.float32(1.9798996), np.float32(1.2340373), np.float32(1.4298264), np.float32(1.8593644)]"
2018-03-02 11:34:00+00:00,68.5779,1,LOEO,9,"[np.float32(-2023.7186), np.float32(-62.706104), np.float32(-14.503989), np.float32(-10.740279), np.float32(-0.047994964), np.float32(16.688955), np.float32(5.1151576), np.float32(0.52511835), np.float32(-3.6936655), np.float32(9.754894), np.float32(-4.2090044), np.float32(4.1745343), np.float32(-12.278564), np.float32(-0.31947586), np.float32(-0.8412598), np.float32(-2.9099662), np.float32(5.0135064), np.float32(-0.13492551), np.float32(-1.0316374), np.float32(0.8684023), np.float32(-0.94914144), np.float32(-2.6531775), np.float32(-0.3523707), np.float32(-3.4536667), np.float32(0.33033976), np.float32(1.0149578), np.float32(-0.60288346), np.float32(1.3199543), np.float32(-4.1524105), np.float32(-0.032623406), np.float32(0.57774353), np.float32(-3.7675855)]","[np.float32(-2.1333365), np.float32(-0.10273695), np.float32(-0.83430403), np.float32(0.0024790429), np.float32(-0.7680562), np.float32(1.327617), np.float32(1.0703987), np.float32(-0.1382795), np.float32(0.4435618), np.float32(0.6810131), np.float32(-0.6569214), np.float32(-0.2634322), np.float32(0.38487715), np.float32(-0.024590308), np.float32(0.08254319), np.float32(0.057507373), np.float32(-0.6826195), np.float32(-0.28490317), np.float32(-0.08244631), np.float32(-0.3215861), np.float32(0.22672641), np.float32(-0.08508395), np.float32(-0.5098116), np.float32(0.09349087), np.float32(0.09464945), np.float32(0.13104989), np.float32(0.07796777), np.float32(0.09630345), np.float32(0.03770506), np.float32(-0.049044684), np.float32(-0.19132148), np.float32(-0.14977244)]","[np.float32(2.5958433), np.float32(1.3902522), np.float32(1.2147092), np.float32(1.3455611), np.float32(0.8298001), np.float32(1.4761549), np.float32(1.6528873), np.float32(0.94187075), np.float32(1.7530328), np.float32(1.1546466), np.float32(1.3501195), np.float32(0.98258555), np.float32(1.7113798), np.float32(0.9344285), np.float32(1.5754709), np.float32(1.5102096), np.float32(1.1932585), np.float32(1.0792099), np.float32(1.1209726), np.float32(1.0219187), np.float32(1.7092079), np.float32(1.5971674), np.float32(1.5323647), np.float32(1.2270465), np.float32(1.6691295), np.float32(1.6174631), np.float32(1.5089613), np.float32(1.1651019), np.float32(1.985364), np.float32(1.2352141), np.float32(1.4348391), np.float32(1.8643365)]"
2018-03-02 10:07:00+00:00,68.53405,0,LOEO,9,"[np.float32(-2020.3717), np.float32(-62.42443), np.float32(-14.521429), np.float32(-8.0692625), np.float32(-0.5376169), np.float32(17.428658), np.float32(7.602207), np.float32(-0.20790486), np.float32(1.7756863), np.float32(3.133201), np.float32(-0.22447853), np.float32(1.1459169), np.float32(-12.091202), np.float32(-0.45825225), np.float32(-2.6819718), np.float32(-2.7796333), np.float32(6.486378), np.float32(-1.1384953), np.float32(0.35546052), np.float32(-0.3078991), np.float32(-1.1334325), np.float32(3.2717288), np.float32(-6.3961043), np.float32(1.7245768), np.float32(0.7459569), np.float32(-3.303773), np.float32(-3.363911), np.float32(-3.747814), np.float32(5.2287455), np.float32(-1.4591452), np.float32(-3.8389006), np.float32(-1.5119208)]","[np.float32(-2.1320438), np.float32(-0.10206105), np.float32(-0.83428526), np.float32(0.003040146), np.float32(-0.7674727), np.float32(1.3276348), np.float32(1.0693153), np.float32(-0.13730279), np.float32(0.4426373), np.float32(0.680604), np.float32(-0.6563128), np.float32(-0.26299414), np.float32(0.38507935), np.float32(-0.025457567), np.float32(0.082391486), np.float32(0.058186673), np.float32(-0.68262905), np.float32(-0.28468484), np.float32(-0.08115087), np.float32(-0.32104), np.float32(0.22695556), np.float32(-0.0850195), np.float32(-0.50895375), np.float32(0.09308847), np.float32(0.09484109), np.float32(0.13142455), np.float32(0.078298084), np.float32(0.09717201), np.float32(0.036279228), np.float32(-0.049259976), np.float32(-0.19084091), np.float32(-0.1480142)]","[np.float32(2.59855), np.float32(1.3910601), np.float32(1.2151129), np.float32(1.346337), np.float32(0.82942325), np.float32(1.4767073), np.float32(1.655048), np.float32(0.9417899), np.float32(1.7537535), np.float32(1.1544659), np.float32(1.3505375), np.float32(0.9836164), np.float32(1.7129469), np.float32(0.9347368), np.float32(1.5768033), np.float32(1.5116695), np.float32(1.1939646), np.float32(1.0794667), np.float32(1.1216842), np.float32(1.0232834), np.float32(1.7106254), np.float32(1.5984404), np.float32(1.5337447), np.float32(1.2287446), np.float32(1.670758), np.float32(1.6183364), np.float32(1.5097806), np.float32(1.1660869), np.float32(1.9871078), np.float32(1.2355894), np.float32(1.4364396), np.float32(1.8659234)]"
2018-03-02 10:06:00+00:00,68.2696,0,LOEO,9,"[np.float32(-2016.7405), np.float32(-52.56193), np.float32(-14.483719), np.float32(-8.686693), np.float32(-0.8671382), np.float32(17.397272), np.float32(7.756702), np.float32(9.30676), np.float32(5.188121), np.float32(4.918291), np.float32(2.945216), np.float32(-0.6410343), np.float32(-12.016019), np.float32(-2.700724), np.float32(-1.0794259), np.float32(-0.46539825), np.float32(-4.039548), np.float32(0.3003412), np.float32(-1.3719996), np.float32(1.8706234), np.float32(1.2945029), np.float32(-5.2722645), np.float32(2.5344684), np.float32(-1.931808), np.float32(3.8496401), np.float32(1.1377763), np.float32(3.32191), np.float32(0.30203643), np.float32(-0.3608149), np.float32(1.4773642), np.float32(1.4865488), np.float32(2.4803596)]","[np.float32(-2.1374009), np.float32(-0.104862496), np.float32(-0.834363), np.float32(0.00071474165), np.float32(-0.7698914), np.float32(1.3275609), np.float32(1.0738047), np.float32(-0.1413508), np.float32(0.4464684), np.float32(0.6822995), np.float32(-0.6588351), np.float32(-0.26480964), np.float32(0.3842414), np.float32(-0.021863403), np.float32(0.0830201), np.float32(0.05537132), np.float32(-0.68258965), np.float32(-0.28558972), np.float32(-0.086520046), np.float32(-0.32330334), np.float32(0.22600588), np.float32(-0.08528656), np.float32(-0.5125091), np.float32(0.09475633), np.float32(0.09404659), np.float32(0.12987195), np.float32(0.07692907), np.float32(0.09357236), np.float32(0.042188536), np.float32(-0.048367634), np.float32(-0.1928327), np.float32(-0.1553012)]","[np.float32(2.5873356), np.float32(1.3877137), np.float32(1.2134392), np.float32(1.343123), np.float32(0.8309861), np.float32(1.4744178), np.float32(1.6461005), np.float32(0.9421249), np.float32(1.7507665), np.float32(1.1552142), np.float32(1.3488053), np.float32(0.9793483), np.float32(1.7064563), np.float32(0.9334592), np.float32(1.5712836), np.float32(1.5056233), np.float32(1.1910392), np.float32(1.0784028), np.float32(1.118737), np.float32(1.0176339), np.float32(1.7047539), np.float32(1.5931671), np.float32(1.5280286), np.float32(1.2217145), np.float32(1.6640123), np.float32(1.6147176), np.float32(1.5063851), np.float32(1.1620076), np.float32(1.9798833), np.float32(1.234034), np.float32(1.4298114), np.float32(1.8593495)]"
2018-03-02 10:05:00+00:00,68.537926,0,LOEO,9,"[np.float32(-2020.931), np.float32(-62.51255), np.float32(-14.473107), np.float32(-11.15368), np.float32(-2.2290213), np.float32(17.472935), np.float32(7.6789823), np.float32(5.1331034), np.float32(0.7943048), np.float32(-1.9415051), np.float32(-2.5123177), np.float32(-0.78060275), np.float32(-13.059842), np.float32(-1.9966674), np.float32(-1.2792873), np.float32(-0.99590456), np.float32(-4.9142733), np.float32(0.40093255), np.float32(0.13466324), np.float32(0.65337443), np.float32(1.386819), np.float32(-3.4717772), np.float32(4.179006), np.float32(-0.35238144), np.float32(3.0981836), np.float32(2.080431), np.float32(1.6379595), np.float32(-1.8150681), np.float32(0.73757577), np.float32(1.0712388), np.float32(4.917025), np.float32(3.254594)]","[np.float32(-2.1362903), np.float32(-0.10428156), np.float32(-0.83434683), np.float32(0.0011969581), np.float32(-0.7693898), np.float32(1.3275765), np.float32(1.0728737), np.float32(-0.14051133), np.float32(0.4456739), np.float32(0.6819478), np.float32(-0.6583121), np.float32(-0.2644331), np.float32(0.3844152), np.float32(-0.022608725), np.float32(0.08288978), np.float32(0.055955164), np.float32(-0.6825978), np.float32(-0.28540206), np.float32(-0.08540667), np.float32(-0.32283399), np.float32(0.22620279), np.float32(-0.08523118), np.float32(-0.51177186), np.float32(0.09441046), np.float32(0.09421146), np.float32(0.13019387), np.float32(0.07721297), np.float32(0.09431886), np.float32(0.040963147), np.float32(-0.048552737), np.float32(-0.1924196), np.float32(-0.15379009)]","[np.float32(2.5896606), np.float32(1.3884072), np.float32(1.2137862), np.float32(1.3437891), np.float32(0.8306618), np.float32(1.4748924), np.float32(1.6479545), np.float32(0.94205534), np.float32(1.7513857), np.float32(1.155059), np.float32(1.3491645), np.float32(0.9802324), np.float32(1.7078013), np.float32(0.9337241), np.float32(1.5724275), np.float32(1.5068761), np.float32(1.1916456), np.float32(1.0786234), np.float32(1.1193478), np.float32(1.018804), np.float32(1.7059708), np.float32(1.5942601), np.float32(1.5292131), np.float32(1.2231706), np.float32(1.6654102), np.float32(1.6154677), np.float32(1.507089), np.float32(1.1628529), np.float32(1.9813808), np.float32(1.2343563), np.float32(1.4311846), np.float32(1.860712)]"
2018-03-02 10:04:00+00:00,68.088066,0,LOEO,9,"[np.float32(-2018.9001), np.float32(-59.142853), np.float32(-14.467694), np.float32(-11.2427025), np.float32(-1.9052696), np.float32(17.284697), np.float32(7.9471526), np.float32(2.6210108), np.float32(3.9359326), np.float32(1.3668647), np.float32(-0.2844398), np.float32(1.1981008), np.float32(-12.039723), np.float32(-1.8379838), np.float32(-0.886452), np.float32(-0.5560546), np.float32(-4.062071), np.float32(0.1803049), np.float32(0.16957569), np.float32(0.45616636), np.float32(1.1759459), np.float32(-2.6812665), np.float32(2.43953), np.float32(1.1516484), np.float32(1.3540508), np.float32(1.5723519), np.float32(2.0582478), np.float32(-1.632491), np.float32(1.2676207), np.float32(2.0524893), np.float32(4.82342), np.float32(2.2357414)]","[np.float32(-2.1142855), np.float32(-0.09277445), np.float32(-0.8340277), np.float32(0.010748491), np.float32(-0.7594549), np.float32(1.3278798), np.float32(1.054434), np.float32(-0.12388395), np.float32(0.4299377), np.float32(0.67498386), np.float32(-0.6479514), np.float32(-0.25697652), np.float32(0.38785705), np.float32(-0.037371606), np.float32(0.08030776), np.float32(0.06751903), np.float32(-0.68276006), np.float32(-0.28168505), np.float32(-0.06335287), np.float32(-0.3135372), np.float32(0.23010354), np.float32(-0.08413423), np.float32(-0.4971681), np.float32(0.08755992), np.float32(0.0974748), np.float32(0.13657139), np.float32(0.08283634), np.float32(0.1091042), np.float32(0.01669072), np.float32(-0.052217796), np.float32(-0.1842386), np.float32(-0.12385872)]","[np.float32(2.6357965), np.float32(1.4021797), np.float32(1.2206697), np.float32(1.3570173), np.float32(0.8242562), np.float32(1.4843076), np.float32(1.6848423), np.float32(0.9406804), np.float32(1.7636696), np.float32(1.1519877), np.float32(1.3562875), np.float32(0.99784255), np.float32(1.7345271), np.float32(0.9389793), np.float32(1.5951577), np.float32(1.5317856), np.float32(1.2036889), np.float32(1.082998), np.float32(1.131484), np.float32(1.042139), np.float32(1.7301435), np.float32(1.6159717), np.float32(1.5527569), np.float32(1.2521945), np.float32(1.6931951), np.float32(1.6303569), np.float32(1.5210605), np.float32(1.1796633), np.float32(2.0111156), np.float32(1.2407535), np.float32(1.458509), np.float32(1.8877709)]"
2018-03-02 10:03:00+00:00,68.303185,0,LOEO,9,"[np.float32(-2014.4934), np.float32(-49.128662), np.float32(-14.555743), np.float32(-3.7923348), np.float32(1.0994593), np.float32(17.313572), np.float32(7.695718), np.float32(9.593519), np.float32(6.7975154), np.float32(9.839478), np.float32(4.309505), np.float32(1.6732408), np.float32(-11.521029), np.float32(-2.2400131), np.float32(-1.4206103), np.float32(-1.4069988), np.float32(1.6444882), np.float32(-1.4722737), np.float32(0.01620542), np.float32(0.3499304), np.float32(-0.6545156), np.float32(3.033914), np.float32(-4.5129824), np.float32(2.3498487), np.float32(0.7827888), np.float32(-2.0357966), np.float32(-2.4342175), np.float32(-4.0530596), np.float32(5.9561286), np.float32(-1.0529482), np.float32(0.4288477), np.float32(1.2809384)]","[np.float32(-2.1058986), np.float32(-0.08873382), np.float32(-0.8333157), np.float32(0.013388362), np.float32(-0.75502867), np.float32(1.328415), np.float32(1.0475882), np.float32(-0.11850363), np.float32(0.42373955), np.float32(0.6720704), np.float32(-0.6433326), np.float32(-0.25357312), np.float32(0.39032254), np.float32(-0.043659016), np.float32(0.07974359), np.float32(0.071460925), np.float32(-0.68219656), np.float32(-0.27980563), np.float32(-0.053913362), np.float32(-0.31064823), np.float32(0.23272821), np.float32(-0.08395931), np.float32(-0.490849), np.float32(0.084884845), np.float32(0.09769815), np.float32(0.13914306), np.float32(0.08525067), np.float32(0.11497212), np.float32(0.008502949), np.float32(-0.054075584), np.float32(-0.1805137), np.float32(-0.112931624)]","[np.float32(2.6534786), np.float32(1.4074613), np.float32(1.2233067), np.float32(1.3620906), np.float32(0.82181567), np.float32(1.4879138), np.float32(1.6990281), np.float32(0.940155), np.float32(1.7683741), np.float32(1.1508145), np.float32(1.3590152), np.float32(1.0046233), np.float32(1.7447854), np.float32(0.9409932), np.float32(1.6038829), np.float32(1.5413542), np.float32(1.2083097), np.float32(1.084673), np.float32(1.1361424), np.float32(1.0511397), np.float32(1.7394184), np.float32(1.624303), np.float32(1.5617974), np.float32(1.263381), np.float32(1.7038639), np.float32(1.6360636), np.float32(1.5264161), np.float32(1.1861235), np.float32(2.0225196), np.float32(1.2432036), np.float32(1.4690158), np.float32(1.8981502)]"
2018-02-14 01:56:00+00:00,66.34922,1,LOEO,10,"[np.float32(-1971.9556), np.float32(-62.292492), np.float32(-14.020722), np.float32(-11.367585), np.float32(-2.4829745), np.float32(16.242468), np.float32(8.625154), np.float32(-0.15182918), np.float32(2.210999), np.float32(-1.535203), np.float32(-3.0697253), np.float32(-2.3161812), np.float32(-8.418143), np.float32(-1.0450859), np.float32(-1.0890507), np.float32(-0.018365324), np.float32(-4.2153883), np.float32(-0.94095397), np.float32(-1.7554076), np.float32(0.19673544), np.float32(0.7298931), np.float32(-1.178461), np.float32(-3.723815), np.float32(0.98594064), np.float32(0.24507244), np.float32(2.5235074), np.float32(-0.22042999), np.float32(0.6919381), np.float32(-2.0432034), np.float32(1.3195077), np.float32(0.27663663), np.float32(-0.3077857)]","[np.float32(-1.9014988), np.float32(-0.83723915), np.float32(-0.08055845), np.float32(-0.2682997), np.float32(-0.23575321), np.float32(0.65560097), np.float32(0.81005096), np.float32(-0.3820766), np.float32(0.28197965), np.float32(0.46412498), np.float32(-0.6245995), np.float32(-0.27617398), np.float32(-0.06055356), np.float32(0.309456), np.float32(0.017671052), np.float32(0.12769078), np.float32(-0.60213184), np.float32(-0.03178095), np.float32(-0.15112802), np.float32(-0.0056601577), np.float32(0.18934448), np.float32(-0.17058702), np.float32(0.3237755), np.float32(-0.21839051), np.float32(-0.007047414), np.float32(0.0837618), np.float32(-0.0377397), np.float32(-0.17247711), np.float32(0.16122802), np.float32(-0.09030581), np.float32(-0.15199223), np.float32(0.14941296)]","[np.float32(2.0156796), np.float32(1.061618), np.float32(0.863143), np.float32(0.81829023), np.float32(0.9542972), np.float32(0.99495006), np.float32(1.4861318), np.float32(0.80191195), np.float32(1.2266245), np.float32(0.85748744), np.float32(1.1186779), np.float32(0.80119115), np.float32(1.1200271), np.float32(0.9051909), np.float32(0.8360325), np.float32(0.82915723), np.float32(1.1660422), np.float32(1.1834478), np.float32(0.94183886), np.float32(1.1383508), np.float32(1.3735112), np.float32(1.698511), np.float32(1.1064504), np.float32(1.324574), np.float32(1.080949), np.float32(1.16997), np.float32(1.2263198), np.float32(1.3696209), np.float32(1.4996411), np.float32(1.1400499), np.float32(1.1333333), np.float32(1.2359352)]"
2018-02-14 01:57:00+00:00,66.46569,1,LOEO,10,"[np.float32(-1972.8102), np.float32(-62.20254), np.float32(-14.086179), np.float32(-11.797464), np.float32(-1.502603), np.float32(16.546124), np.float32(9.080359), np.float32(-1.0615982), np.float32(2.6035328), np.float32(1.6243677), np.float32(-3.3951323), np.float32(-2.0140305), np.float32(-8.457574), np.float32(-0.36403075), np.float32(-1.4780031), np.float32(-0.86397046), np.float32(-1.0437778), np.float32(-2.1367116), np.float32(-1.1157459), np.float32(0.46451658), np.float32(-0.75352657), np.float32(-0.0330028), np.float32(4.3194766), np.float32(0.26595464), np.float32(-1.8237728), np.float32(1.8560365), np.float32(-1.3622674), np.float32(-1.5352587), np.float32(-0.32606134), np.float32(1.3605506), np.float32(-4.8086257), np.float32(1.1745555)]","[np.float32(-1.9014988), np.float32(-0.83723915), np.float32(-0.08055845), np.float32(-0.26829967), np.float32(-0.23575322), np.float32(0.65560097), np.float32(0.81005096), np.float32(-0.3820766), np.float32(0.28197965), np.float32(0.46412498), np.float32(-0.6245995), np.float32(-0.27617395), np.float32(-0.06055355), np.float32(0.30945602), np.float32(0.017671052), np.float32(0.12769078), np.float32(-0.60213184), np.float32(-0.03178095), np.float32(-0.15112804), np.float32(-0.00566015), np.float32(0.18934451), np.float32(-0.17058702), np.float32(0.3237755), np.float32(-0.21839054), np.float32(-0.007047436), np.float32(0.08376178), np.float32(-0.037739716), np.float32(-0.17247713), np.float32(0.16122802), np.float32(-0.09030578), np.float32(-0.15199223), np.float32(0.14941296)]","[np.float32(2.0156796), np.float32(1.061618), np.float32(0.863143), np.float32(0.81829023), np.float32(0.9542972), np.float32(0.99495006), np.float32(1.4861318), np.float32(0.80191195), np.float32(1.2266245), np.float32(0.85748744), np.float32(1.1186779), np.float32(0.80119115), np.float32(1.1200271), np.float32(0.9051909), np.float32(0.8360325), np.float32(0.82915723), np.float32(1.1660422), np.float32(1.1834478), np.float32(0.94183886), np.float32(1.1383508), np.float32(1.3735112), np.float32(1.698511), np.float32(1.1064504), np.float32(1.324574), np.float32(1.080949), np.float32(1.16997), np.float32(1.2263198), np.float32(1.3696209), np.float32(1.4996411), np.float32(1.1400499), np.float32(1.1333333), np.float32(1.2359352)]"
2018-02-14 01:58:00+00:00,66.54526,1,LOEO,10,"[np.float32(-1972.7384), np.float32(-62.418964), np.float32(-14.072127), np.float32(-11.453222), np.float32(-2.5186534), np.float32(16.519867), np.float32(9.000844), np.float32(1.1639973), np.float32(1.2956336), np.float32(-2.1440752), np.float32(-5.171656), np.float32(-2.344519), np.float32(-8.409424), np.float32(-0.8760471), np.float32(-0.41052106), np.float32(1.3929143), np.float32(-4.724713), np.float32(-0.9746417), np.float32(-0.9524983), np.float32(0.7303023), np.float32(0.93444926), np.float32(-2.1936667), np.float32(-3.447253), np.float32(0.28217793), np.float32(0.78670406), np.float32(1.5857525), np.float32(1.1031847), np.float32(0.20718732), np.float32(-0.23137496), np.float32(1.4930935), np.float32(-2.7827349), np.float32(0.58788556)]","[np.float32(-1.9014988), np.float32(-0.83723915), np.float32(-0.08055845), np.float32(-0.2682997), np.float32(-0.23575321), np.float32(0.6556009), np.float32(0.81005096), np.float32(-0.38207662), np.float32(0.28197965), np.float32(0.46412498), np.float32(-0.6245995), np.float32(-0.27617398), np.float32(-0.060553566), np.float32(0.309456), np.float32(0.017671045), np.float32(0.1276908), np.float32(-0.60213184), np.float32(-0.031780973), np.float32(-0.15112801), np.float32(-0.005660139), np.float32(0.18934448), np.float32(-0.17058702), np.float32(0.3237755), np.float32(-0.21839054), np.float32(-0.007047414), np.float32(0.08376178), np.float32(-0.037739698), np.float32(-0.17247711), np.float32(0.16122799), np.float32(-0.09030581), np.float32(-0.15199223), np.float32(0.14941296)]","[np.float32(2.0156796), np.float32(1.061618), np.float32(0.863143), np.float32(0.81829023), np.float32(0.9542972), np.float32(0.99495006), np.float32(1.4861318), np.float32(0.801912), np.float32(1.2266245), np.float32(0.85748744), np.float32(1.1186779), np.float32(0.80119115), np.float32(1.1200271), np.float32(0.9051909), np.float32(0.8360325), np.float32(0.82915723), np.float32(1.1660422), np.float32(1.1834477), np.float32(0.94183886), np.float32(1.1383508), np.float32(1.3735111), np.float32(1.6985108), np.float32(1.1064504), np.float32(1.324574), np.float32(1.080949), np.float32(1.1699699), np.float32(1.2263198), np.float32(1.3696209), np.float32(1.499641), np.float32(1.1400499), np.float32(1.1333333), np.float32(1.2359352)]"
2018-02-14 01:59:00+00:00,66.12614,1,LOEO,10,"[np.float32(-1971.7079), np.float32(-62.141953), np.float32(-13.981455), np.float32(-11.420952), np.float32(-1.4933636), np.float32(15.822766), np.float32(8.17928), np.float32(0.0074472786), np.float32(1.577304), np.float32(0.6855783), np.float32(-3.2326815), np.float32(-2.789435), np.float32(-8.732682), np.float32(-1.3358984), np.float32(-1.9455593), np.float32(0.86897963), np.float32(-0.6804384), np.float32(-1.9140179), np.float32(-0.44343975), np.float32(-0.30767128), np.float32(-0.090136915), np.float32(-0.4564504), np.float32(1.0572608), np.float32(0.48423323), np.float32(-0.13112555), np.float32(-0.25937468), np.float32(-1.2542831), np.float32(1.0263928), np.float32(-3.0407827), np.float32(0.5217585), np.float32(-4.6628394), np.float32(-0.11489966)]","[np.float32(-1.9014988), np.float32(-0.83723915), np.float32(-0.08055845), np.float32(-0.2682997), np.float32(-0.23575321), np.float32(0.6556009), np.float32(0.81005096), np.float32(-0.38207662), np.float32(0.28197965), np.float32(0.46412498), np.float32(-0.6245995), np.float32(-0.27617398), np.float32(-0.060553566), np.float32(0.309456), np.float32(0.017671045), np.float32(0.1276908), np.float32(-0.60213184), np.float32(-0.031780973), np.float32(-0.15112801), np.float32(-0.005660139), np.float32(0.18934448), np.float32(-0.17058702), np.float32(0.3237755), np.float32(-0.21839054), np.float32(-0.0070474213), np.float32(0.08376178), np.float32(-0.037739698), np.float32(-0.17247711), np.float32(0.16122799), np.float32(-0.09030581), np.float32(-0.15199223), np.float32(0.14941296)]","[np.float32(2.0156796), np.float32(1.061618), np.float32(0.863143), np.float32(0.81829023), np.float32(0.9542972), np.float32(0.99495006), np.float32(1.4861318), np.float32(0.80191195), np.float32(1.2266245), np.float32(0.85748744), np.float32(1.1186779), np.float32(0.80119115), np.float32(1.1200271), np.float32(0.9051909), np.float32(0.83603257), np.float32(0.82915723), np.float32(1.1660422), np.float32(1.1834478), np.float32(0.94183886), np.float32(1.1383508), np.float32(1.3735111), np.float32(1.6985109), np.float32(1.1064504), np.float32(1.324574), np.float32(1.080949), np.float32(1.1699699), np.float32(1.2263198), np.float32(1.3696209), np.float32(1.499641), np.float32(1.1400499), np.float32(1.1333333), np.float32(1.2359352)]"
2018-02-14 02:00:00+00:00,66.455,1,LOEO,10,"[np.float32(-1973.2938), np.float32(-62.160954), np.float32(-13.872723), np.float32(-11.521282), np.float32(-2.6227992), np.float32(15.143704), np.float32(7.889313), np.float32(0.34538496), np.float32(1.8442852), np.float32(-2.0123475), np.float32(-3.302519), np.float32(-3.3414803), np.float32(-8.57974), np.float32(-0.88645256), np.float32(-1.3746463), np.float32(2.021054), np.float32(-4.2487803), np.float32(-0.9979313), np.float32(-1.091768), np.float32(0.62450254), np.float32(0.43937644), np.float32(-2.5116973), np.float32(-2.9652348), np.float32(-1.6033146), np.float32(0.8282919), np.float32(0.38043156), np.float32(0.92939246), np.float32(-0.34348178), np.float32(-1.8568375), np.float32(0.27651814), np.float32(-2.7351408), np.float32(0.7969904)]","[np.float32(-1.9014988), np.float32(-0.83723915), np.float32(-0.080558434), np.float32(-0.2682997), np.float32(-0.23575321), np.float32(0.65560097), np.float32(0.81005096), np.float32(-0.3820766), np.float32(0.28197965), np.float32(0.46412498), np.float32(-0.6245995), np.float32(-0.27617398), np.float32(-0.06055356), np.float32(0.309456), np.float32(0.017671052), np.float32(0.12769078), np.float32(-0.60213184), np.float32(-0.03178095), np.float32(-0.15112804), np.float32(-0.00566015), np.float32(0.18934448), np.float32(-0.17058702), np.float32(0.3237755), np.float32(-0.21839054), np.float32(-0.007047414), np.float32(0.0837618), np.float32(-0.0377397), np.float32(-0.17247713), np.float32(0.16122802), np.float32(-0.0903058), np.float32(-0.15199223), np.float32(0.14941296)]","[np.float32(2.0156796), np.float32(1.061618), np.float32(0.863143), np.float32(0.81829023), np.float32(0.9542972), np.float32(0.99495006), np.float32(1.4861318), np.float32(0.80191195), np.float32(1.2266245), np.float32(0.85748744), np.float32(1.1186779), np.float32(0.80119115), np.float32(1.1200271), np.float32(0.9051909), np.float32(0.8360325), np.float32(0.82915723), np.float32(1.1660422), np.float32(1.1834478), np.float32(0.94183886), np.float32(1.1383508), np.float32(1.3735112), np.float32(1.698511), np.float32(1.1064504), np.float32(1.324574), np.float32(1.080949), np.float32(1.16997), np.float32(1.2263198), np.float32(1.3696209), np.float32(1.4996411), np.float32(1.1400499), np.float32(1.1333333), np.float32(1.2359352)]"
2018-02-14 02:02:00+00:00,70.96805,1,LOEO,10,"[np.float32(-1958.4326), np.float32(-64.311005), np.float32(-14.07461), np.float32(-11.126176), np.float32(5.108577), np.float32(16.231068), np.float32(11.658683), np.float32(-0.60478973), np.float32(1.4043493), np.float32(9.473538), np.float32(-19.275547), np.float32(-13.690015), np.float32(87.43265), np.float32(-15.718456), np.float32(-20.980085), np.float32(-0.05210637), np.float32(-2.3827424), np.float32(-0.5252442), np.float32(0.6165182), np.float32(-0.948057), np.float32(0.4311445), np.float32(-1.4512295), np.float32(-3.180696), np.float32(4.158148), np.float32(3.8699715), np.float32(-2.0782244), np.float32(-0.45344043), np.float32(0.053617723), np.float32(-0.3838222), np.float32(-1.6948818), np.float32(-0.13611883), np.float32(-4.8510847)]","[np.float32(-1.901485), np.float32(-0.83723885), np.float32(-0.08056317), np.float32(-0.2682957), np.float32(-0.2357509), np.float32(0.65559494), np.float32(0.81005067), np.float32(-0.38208082), np.float32(0.28197724), np.float32(0.46411955), np.float32(-0.624595), np.float32(-0.27617422), np.float32(-0.0605428), np.float32(0.30945557), np.float32(0.017669931), np.float32(0.12768987), np.float32(-0.60212934), np.float32(-0.031782128), np.float32(-0.15112363), np.float32(-0.005667258), np.float32(0.1893388), np.float32(-0.17058752), np.float32(0.32376713), np.float32(-0.21838082), np.float32(-0.0070421463), np.float32(0.08376427), np.float32(-0.03773473), np.float32(-0.17247352), np.float32(0.16122185), np.float32(-0.09031254), np.float32(-0.1519911), np.float32(0.14941496)]","[np.float32(2.015668), np.float32(1.0616148), np.float32(0.8631404), np.float32(0.81828785), np.float32(0.9542946), np.float32(0.99494725), np.float32(1.4861245), np.float32(0.8019113), np.float32(1.226622), np.float32(0.85748655), np.float32(1.1186733), np.float32(0.8011893), np.float32(1.1200225), np.float32(0.90519184), np.float32(0.83602923), np.float32(0.8291566), np.float32(1.1660346), np.float32(1.1834418), np.float32(0.9418328), np.float32(1.1383477), np.float32(1.373508), np.float32(1.6984992), np.float32(1.1064458), np.float32(1.3245655), np.float32(1.080947), np.float32(1.1699641), np.float32(1.2263193), np.float32(1.3696156), np.float32(1.4996305), np.float32(1.1400468), np.float32(1.1333286), np.float32(1.2359306)]"
2018-02-14 01:55:00+00:00,66.756424,0,LOEO,10,"[np.float32(-1971.2462), np.float32(-61.887123), np.float32(-14.070837), np.float32(-11.2688675), np.float32(-1.9587569), np.float32(16.569092), np.float32(9.361026), np.float32(-0.11513829), np.float32(2.5610049), np.float32(-0.53277785), np.float32(-3.775313), np.float32(-2.580874), np.float32(-8.162797), np.float32(-1.0162648), np.float32(-1.6434338), np.float32(-3.1664522), np.float32(8.769166), np.float32(0.5687955), np.float32(-1.530745), np.float32(0.7698256), np.float32(0.62240577), np.float32(-1.726802), np.float32(-0.26918444), np.float32(-1.3770134), np.float32(-0.7449455), np.float32(1.2785394), np.float32(1.3815109), np.float32(0.18920015), np.float32(-3.2295892), np.float32(1.7921721), np.float32(-1.4076413), np.float32(5.289911)]","[np.float32(-1.9014988), np.float32(-0.83723915), np.float32(-0.08055845), np.float32(-0.2682997), np.float32(-0.23575321), np.float32(0.6556009), np.float32(0.81005096), np.float32(-0.3820766), np.float32(0.28197965), np.float32(0.46412498), np.float32(-0.6245995), np.float32(-0.27617398), np.float32(-0.06055356), np.float32(0.309456), np.float32(0.017671052), np.float32(0.1276908), np.float32(-0.60213184), np.float32(-0.031780966), np.float32(-0.15112801), np.float32(-0.0056601316), np.float32(0.18934448), np.float32(-0.17058702), np.float32(0.3237755), np.float32(-0.21839054), np.float32(-0.007047414), np.float32(0.08376178), np.float32(-0.037739698), np.float32(-0.17247711), np.float32(0.16122802), np.float32(-0.09030581), np.float32(-0.15199222), np.float32(0.14941296)]","[np.float32(2.0156796), np.float32(1.061618), np.float32(0.863143), np.float32(0.81829023), np.float32(0.9542972), np.float32(0.99495006), np.float32(1.4861318), np.float32(0.80191195), np.float32(1.2266245), np.float32(0.85748744), np.float32(1.1186779), np.float32(0.80119115), np.float32(1.1200271), np.float32(0.9051909), np.float32(0.83603257), np.float32(0.82915723), np.float32(1.1660422), np.float32(1.1834478), np.float32(0.94183886), np.float32(1.1383508), np.float32(1.3735112), np.float32(1.698511), np.float32(1.1064504), np.float32(1.324574), np.float32(1.080949), np.float32(1.1699699), np.float32(1.2263198), np.float32(1.3696209), np.float32(1.4996411), np.float32(1.1400499), np.float32(1.1333333), np.float32(1.2359352)]"
2018-02-14 01:54:00+00:00,66.38186,0,LOEO,10,"[np.float32(-1972.202), np.float32(-61.900715), np.float32(-14.091851), np.float32(-11.814029), np.float32(-1.107123), np.float32(16.544083), np.float32(9.014417), np.float32(-0.5998174), np.float32(1.9375805), np.float32(1.618668), np.float32(-3.857897), np.float32(-2.2150788), np.float32(-8.485204), np.float32(-0.051059823), np.float32(-0.9745226), np.float32(0.121718645), np.float32(-0.87514496), np.float32(-1.6311333), np.float32(0.21585709), np.float32(0.069567695), np.float32(-1.5090641), np.float32(0.5700559), np.float32(3.8191576), np.float32(0.92262906), np.float32(-2.6768456), np.float32(0.70228666), np.float32(-2.3637083), np.float32(-1.4501956), np.float32(-2.9112449), np.float32(-1.3083636), np.float32(-2.588154), np.float32(-1.1925206)]","[np.float32(-1.9014988), np.float32(-0.83723915), np.float32(-0.08055845), np.float32(-0.2682997), np.float32(-0.23575321), np.float32(0.65560097), np.float32(0.81005096), np.float32(-0.3820766), np.float32(0.28197965), np.float32(0.46412498), np.float32(-0.6245995), np.float32(-0.27617398), np.float32(-0.06055356), np.float32(0.309456), np.float32(0.017671052), np.float32(0.12769078), np.float32(-0.60213184), np.float32(-0.03178095), np.float32(-0.15112802), np.float32(-0.0056601577), np.float32(0.18934448), np.float32(-0.17058702), np.float32(0.3237755), np.float32(-0.21839051), np.float32(-0.007047414), np.float32(0.0837618), np.float32(-0.0377397), np.float32(-0.17247711), np.float32(0.16122802), np.float32(-0.09030581), np.float32(-0.15199223), np.float32(0.14941296)]","[np.float32(2.0156796), np.float32(1.061618), np.float32(0.863143), np.float32(0.81829023), np.float32(0.9542972), np.float32(0.99495006), np.float32(1.4861318), np.float32(0.80191195), np.float32(1.2266245), np.float32(0.85748744), np.float32(1.1186779), np.float32(0.80119115), np.float32(1.1200271), np.float32(0.9051909), np.float32(0.8360325), np.float32(0.82915723), np.float32(1.1660422), np.float32(1.1834478), np.float32(0.94183886), np.float32(1.1383508), np.float32(1.3735112), np.float32(1.698511), np.float32(1.1064504), np.float32(1.324574), np.float32(1.080949), np.float32(1.16997), np.float32(1.2263198), np.float32(1.3696209), np.float32(1.4996411), np.float32(1.1400499), np.float32(1.1333333), np.float32(1.2359352)]"
2018-02-14 01:53:00+00:00,66.93581,0,LOEO,10,"[np.float32(-1972.5159), np.float32(-62.262386), np.float32(-13.7325115), np.float32(-11.754887), np.float32(-2.3356125), np.float32(14.218907), np.float32(7.1144147), np.float32(0.16610767), np.float32(2.4202092), np.float32(-0.9523138), np.float32(-3.1859136), np.float32(-3.167303), np.float32(-8.064346), np.float32(-1.1308609), np.float32(-2.077183), np.float32(-1.9846128), np.float32(6.715483), np.float32(1.9504658), np.float32(-3.3730388), np.float32(0.49724218), np.float32(1.2804577), np.float32(-4.486713), np.float32(-4.5634403), np.float32(-1.821414), np.float32(1.3044342), np.float32(-0.45341098), np.float32(1.3141109), np.float32(-1.0912074), np.float32(-1.4400513), np.float32(-0.30897388), np.float32(-3.0627608), np.float32(5.971051)]","[np.float32(-1.9014988), np.float32(-0.83723915), np.float32(-0.080558434), np.float32(-0.26829967), np.float32(-0.23575322), np.float32(0.6556009), np.float32(0.8100509), np.float32(-0.38207662), np.float32(0.28197965), np.float32(0.46412498), np.float32(-0.6245995), np.float32(-0.27617395), np.float32(-0.06055356), np.float32(0.30945596), np.float32(0.017671064), np.float32(0.12769078), np.float32(-0.60213184), np.float32(-0.03178096), np.float32(-0.151128), np.float32(-0.0056601446), np.float32(0.18934448), np.float32(-0.17058702), np.float32(0.3237755), np.float32(-0.21839054), np.float32(-0.0070474064), np.float32(0.08376178), np.float32(-0.037739683), np.float32(-0.1724771), np.float32(0.16122802), np.float32(-0.0903058), np.float32(-0.15199222), np.float32(0.14941296)]","[np.float32(2.0156796), np.float32(1.061618), np.float32(0.863143), np.float32(0.81829023), np.float32(0.9542972), np.float32(0.99495006), np.float32(1.4861318), np.float32(0.801912), np.float32(1.2266245), np.float32(0.85748744), np.float32(1.1186779), np.float32(0.80119115), np.float32(1.1200271), np.float32(0.9051909), np.float32(0.8360325), np.float32(0.82915723), np.float32(1.1660422), np.float32(1.1834477), np.float32(0.94183886), np.float32(1.1383508), np.float32(1.3735111), np.float32(1.6985108), np.float32(1.1064504), np.float32(1.324574), np.float32(1.080949), np.float32(1.1699699), np.float32(1.2263198), np.float32(1.3696209), np.float32(1.499641), np.float32(1.1400499), np.float32(1.1333333), np.float32(1.2359352)]"
2018-02-14 01:52:00+00:00,66.86366,0,LOEO,10,"[np.float32(-1971.5457), np.float32(-61.720028), np.float32(-14.1236105), np.float32(-11.197096), np.float32(-0.65267324), np.float32(16.982368), np.float32(7.830476), np.float32(-1.9230301), np.float32(2.5318475), np.float32(3.04974), np.float32(-2.5193632), np.float32(-2.1813369), np.float32(-8.431434), np.float32(-0.834943), np.float32(-1.2083794), np.float32(-1.118692), np.float32(0.2045281), np.float32(-2.5104501), np.float32(-0.5931522), np.float32(0.21444876), np.float32(-1.2588439), np.float32(2.9564688), np.float32(7.2584763), np.float32(1.5538535), np.float32(-1.0850757), np.float32(-0.4072985), np.float32(-3.6473768), np.float32(-2.5597954), np.float32(6.072609), np.float32(-0.66616213), np.float32(-6.5158515), np.float32(-0.41401422)]","[np.float32(-1.9014988), np.float32(-0.83723915), np.float32(-0.08055845), np.float32(-0.2682997), np.float32(-0.23575321), np.float32(0.6556009), np.float32(0.81005096), np.float32(-0.38207662), np.float32(0.28197965), np.float32(0.46412498), np.float32(-0.6245995), np.float32(-0.27617398), np.float32(-0.060553566), np.float32(0.309456), np.float32(0.017671045), np.float32(0.12769079), np.float32(-0.60213184), np.float32(-0.031780973), np.float32(-0.15112801), np.float32(-0.005660139), np.float32(0.18934448), np.float32(-0.17058702), np.float32(0.3237755), np.float32(-0.21839051), np.float32(-0.0070474213), np.float32(0.08376178), np.float32(-0.0377397), np.float32(-0.17247711), np.float32(0.16122799), np.float32(-0.09030581), np.float32(-0.15199223), np.float32(0.14941296)]","[np.float32(2.0156796), np.float32(1.061618), np.float32(0.863143), np.float32(0.81829023), np.float32(0.9542972), np.float32(0.99495006), np.float32(1.4861318), np.float32(0.801912), np.float32(1.2266245), np.float32(0.85748744), np.float32(1.1186779), np.float32(0.80119115), np.float32(1.1200271), np.float32(0.9051909), np.float32(0.83603257), np.float32(0.82915723), np.float32(1.1660422), np.float32(1.1834478), np.float32(0.94183886), np.float32(1.1383508), np.float32(1.3735112), np.float32(1.6985108), np.float32(1.1064504), np.float32(1.324574), np.float32(1.080949), np.float32(1.16997), np.float32(1.2263198), np.float32(1.3696209), np.float32(1.499641), np.float32(1.1400499), np.float32(1.1333333), np.float32(1.2359352)]"
2018-02-14 01:51:00+00:00,67.07146,0,LOEO,10,"[np.float32(-1972.3936), np.float32(-62.302185), np.float32(-13.399598), np.float32(-11.617195), np.float32(-2.6300843), np.float32(11.722152), np.float32(6.0266604), np.float32(-1.150163), np.float32(4.724613), np.float32(0.15763229), np.float32(-3.0268028), np.float32(-4.458582), np.float32(-8.150902), np.float32(-0.924552), np.float32(-1.5990214), np.float32(0.3981185), np.float32(8.801809), np.float32(3.0597813), np.float32(-3.7360713), np.float32(-0.7386746), np.float32(1.9779894), np.float32(-1.646024), np.float32(-1.4722551), np.float32(-1.6354531), np.float32(1.2049153), np.float32(1.7247032), np.float32(1.0054848), np.float32(-3.1327398), np.float32(6.9649453), np.float32(1.8182383), np.float32(-2.9041367), np.float32(6.208976)]","[np.float32(-1.9014988), np.float32(-0.83723915), np.float32(-0.08055845), np.float32(-0.2682997), np.float32(-0.2357532), np.float32(0.6556009), np.float32(0.81005096), np.float32(-0.38207662), np.float32(0.28197965), np.float32(0.46412498), np.float32(-0.6245995), np.float32(-0.27617398), np.float32(-0.060553566), np.float32(0.309456), np.float32(0.017671049), np.float32(0.1276908), np.float32(-0.60213184), np.float32(-0.031780973), np.float32(-0.15112801), np.float32(-0.005660141), np.float32(0.18934448), np.float32(-0.17058702), np.float32(0.3237755), np.float32(-0.21839054), np.float32(-0.0070474213), np.float32(0.08376177), np.float32(-0.037739698), np.float32(-0.17247711), np.float32(0.16122802), np.float32(-0.09030581), np.float32(-0.15199223), np.float32(0.14941296)]","[np.float32(2.0156796), np.float32(1.061618), np.float32(0.863143), np.float32(0.81829023), np.float32(0.9542972), np.float32(0.99495006), np.float32(1.4861318), np.float32(0.801912), np.float32(1.2266245), np.float32(0.85748744), np.float32(1.1186779), np.float32(0.80119115), np.float32(1.1200271), np.float32(0.9051909), np.float32(0.8360325), np.float32(0.82915723), np.float32(1.1660422), np.float32(1.1834477), np.float32(0.94183886), np.float32(1.1383508), np.float32(1.3735111), np.float32(1.6985108), np.float32(1.1064504), np.float32(1.324574), np.float32(1.080949), np.float32(1.1699699), np.float32(1.2263198), np.float32(1.3696209), np.float32(1.499641), np.float32(1.1400499), np.float32(1.1333333), np.float32(1.2359352)]"
2018-02-14 01:50:00+00:00,66.424515,0,LOEO,10,"[np.float32(-1970.9557), np.float32(-61.900105), np.float32(-14.034565), np.float32(-11.387166), np.float32(-1.7199413), np.float32(16.297316), np.float32(8.652973), np.float32(-1.187624), np.float32(2.5092769), np.float32(0.3611619), np.float32(-1.7400132), np.float32(-2.50236), np.float32(-8.5723715), np.float32(-1.2428037), np.float32(-1.9717611), np.float32(-0.57283294), np.float32(-0.48235133), np.float32(-1.9849092), np.float32(-0.72746366), np.float32(0.39974636), np.float32(-0.52117777), np.float32(1.7736741), np.float32(2.7145774), np.float32(1.2483832), np.float32(0.5768462), np.float32(-0.7617975), np.float32(-3.015762), np.float32(-1.270776), np.float32(4.6731653), np.float32(0.017378155), np.float32(-6.1671777), np.float32(0.63613236)]","[np.float32(-1.9014988), np.float32(-0.83723915), np.float32(-0.08055845), np.float32(-0.26829967), np.float32(-0.23575322), np.float32(0.65560097), np.float32(0.81005096), np.float32(-0.3820766), np.float32(0.28197965), np.float32(0.46412498), np.float32(-0.6245995), np.float32(-0.27617395), np.float32(-0.06055355), np.float32(0.30945602), np.float32(0.017671052), np.float32(0.12769078), np.float32(-0.60213184), np.float32(-0.03178095), np.float32(-0.15112804), np.float32(-0.00566015), np.float32(0.18934451), np.float32(-0.17058702), np.float32(0.3237755), np.float32(-0.21839054), np.float32(-0.007047436), np.float32(0.08376178), np.float32(-0.037739716), np.float32(-0.17247713), np.float32(0.16122802), np.float32(-0.0903058), np.float32(-0.15199223), np.float32(0.14941296)]","[np.float32(2.0156796), np.float32(1.061618), np.float32(0.863143), np.float32(0.81829023), np.float32(0.9542972), np.float32(0.99495006), np.float32(1.4861318), np.float32(0.80191195), np.float32(1.2266245), np.float32(0.85748744), np.float32(1.1186779), np.float32(0.80119115), np.float32(1.1200271), np.float32(0.9051909), np.float32(0.8360325), np.float32(0.82915723), np.float32(1.1660422), np.float32(1.1834478), np.float32(0.94183886), np.float32(1.1383508), np.float32(1.3735112), np.float32(1.698511), np.float32(1.1064504), np.float32(1.324574), np.float32(1.080949), np.float32(1.16997), np.float32(1.2263198), np.float32(1.3696209), np.float32(1.4996411), np.float32(1.1400499), np.float32(1.1333333), np.float32(1.2359352)]"
2018-02-14 02:04:00+00:00,71.10998,1,LOEO,11,"[np.float32(-1961.5172), np.float32(-64.12838), np.float32(-14.16899), np.float32(-10.979951), np.float32(5.1791954), np.float32(16.780079), np.float32(12.207445), np.float32(-0.56981677), np.float32(1.5505226), np.float32(9.723789), np.float32(-18.344643), np.float32(-12.877088), np.float32(87.87426), np.float32(-16.134071), np.float32(-21.32245), np.float32(0.02515976), np.float32(-2.532024), np.float32(-0.8316801), np.float32(0.5935815), np.float32(-1.0089611), np.float32(0.38723594), np.float32(-1.0966372), np.float32(-1.770397), np.float32(4.4043045), np.float32(3.31744), np.float32(-1.4477972), np.float32(0.011541847), np.float32(1.3595243), np.float32(-1.0958275), np.float32(-0.3389944), np.float32(-1.0399631), np.float32(-5.034699)]","[np.float32(-1.4268925), np.float32(-0.6402095), np.float32(-0.1525509), np.float32(0.054470006), np.float32(0.09107526), np.float32(1.0254999), np.float32(0.7569117), np.float32(0.1960794), np.float32(0.63772804), np.float32(-0.27883688), np.float32(-0.63796645), np.float32(-0.5068316), np.float32(-0.21772128), np.float32(0.18219914), np.float32(0.2059668), np.float32(-0.071636096), np.float32(-0.19546627), np.float32(-0.03860748), np.float32(-0.06941049), np.float32(0.06592462), np.float32(0.23782808), np.float32(-0.037935063), np.float32(0.30795026), np.float32(-0.08781695), np.float32(0.072816946), np.float32(0.16521047), np.float32(0.29032493), np.float32(-0.094153516), np.float32(0.05624438), np.float32(0.16885231), np.float32(-0.22398473), np.float32(0.058281496)]","[np.float32(1.9764646), np.float32(1.1037511), np.float32(1.05762), np.float32(0.83664984), np.float32(1.0395854), np.float32(1.1095741), np.float32(1.1280333), np.float32(0.9473666), np.float32(0.99933964), np.float32(1.2131479), np.float32(0.89133507), np.float32(1.0855595), np.float32(1.1925745), np.float32(0.7737081), np.float32(0.8655927), np.float32(1.3581274), np.float32(1.226196), np.float32(0.93126625), np.float32(0.9638716), np.float32(1.3995055), np.float32(1.2127717), np.float32(1.1330018), np.float32(1.2980088), np.float32(1.0443606), np.float32(1.1644958), np.float32(1.4502717), np.float32(1.2194269), np.float32(1.212115), np.float32(1.1442391), np.float32(1.3874584), np.float32(1.3457291), np.float32(1.1842709)]"
2018-02-14 02:05:00+00:00,71.15127,1,LOEO,11,"[np.float32(-1960.3752), np.float32(-64.64118), np.float32(-13.872608), np.float32(-11.246842), np.float32(5.0664554), np.float32(14.757532), np.float32(10.249843), np.float32(-0.9364329), np.float32(1.1932187), np.float32(8.362733), np.float32(-18.72847), np.float32(-13.086043), np.float32(88.37137), np.float32(-16.410145), np.float32(-21.525694), np.float32(-2.4983466), np.float32(4.7817426), np.float32(0.78895193), np.float32(-1.548469), np.float32(-1.3625333), np.float32(1.5473042), np.float32(-3.1178837), np.float32(-3.0369253), np.float32(2.6001456), np.float32(4.3705115), np.float32(-1.5307409), np.float32(1.3376309), np.float32(1.6165051), np.float32(-1.7988136), np.float32(0.30080694), np.float32(-0.050582033), np.float32(-0.22574459)]","[np.float32(-1.4268925), np.float32(-0.64020944), np.float32(-0.152551), np.float32(0.054470044), np.float32(0.09107526), np.float32(1.0254999), np.float32(0.7569117), np.float32(0.19607943), np.float32(0.6377281), np.float32(-0.2788369), np.float32(-0.6379666), np.float32(-0.5068315), np.float32(-0.21772131), np.float32(0.1821991), np.float32(0.20596674), np.float32(-0.071636125), np.float32(-0.1954663), np.float32(-0.038607433), np.float32(-0.06941049), np.float32(0.065924704), np.float32(0.23782802), np.float32(-0.0379351), np.float32(0.30795023), np.float32(-0.087816924), np.float32(0.072816946), np.float32(0.16521055), np.float32(0.290325), np.float32(-0.09415354), np.float32(0.05624433), np.float32(0.16885234), np.float32(-0.22398473), np.float32(0.058281463)]","[np.float32(1.9764647), np.float32(1.1037511), np.float32(1.0576202), np.float32(0.83664984), np.float32(1.0395854), np.float32(1.1095741), np.float32(1.1280333), np.float32(0.9473666), np.float32(0.9993396), np.float32(1.2131479), np.float32(0.89133507), np.float32(1.0855595), np.float32(1.1925744), np.float32(0.7737081), np.float32(0.8655927), np.float32(1.3581275), np.float32(1.226196), np.float32(0.9312662), np.float32(0.96387166), np.float32(1.3995055), np.float32(1.2127717), np.float32(1.1330018), np.float32(1.2980088), np.float32(1.0443606), np.float32(1.1644958), np.float32(1.4502717), np.float32(1.2194268), np.float32(1.212115), np.float32(1.1442391), np.float32(1.3874583), np.float32(1.3457291), np.float32(1.184271)]"
2018-02-14 02:06:00+00:00,71.22607,1,LOEO,11,"[np.float32(-1961.0875), np.float32(-64.624245), np.float32(-14.156723), np.float32(-11.484348), np.float32(5.177787), np.float32(16.78608), np.float32(11.827769), np.float32(-1.4546295), np.float32(0.87465584), np.float32(9.153762), np.float32(-18.267591), np.float32(-12.546216), np.float32(88.027275), np.float32(-16.57241), np.float32(-21.160763), np.float32(-1.4289525), np.float32(-2.2807474), np.float32(-1.0378578), np.float32(-0.63128996), np.float32(-0.40023747), np.float32(0.89270884), np.float32(-2.0306442), np.float32(-1.9687922), np.float32(4.531128), np.float32(3.7215426), np.float32(-1.2712476), np.float32(1.4925334), np.float32(1.5908811), np.float32(-0.3634945), np.float32(0.78546846), np.float32(-1.8998059), np.float32(-5.0166984)]","[np.float32(-1.4268925), np.float32(-0.64020956), np.float32(-0.1525509), np.float32(0.054470014), np.float32(0.091075286), np.float32(1.0254999), np.float32(0.75691175), np.float32(0.1960794), np.float32(0.637728), np.float32(-0.27883688), np.float32(-0.6379665), np.float32(-0.50683165), np.float32(-0.21772125), np.float32(0.18219912), np.float32(0.2059668), np.float32(-0.071636125), np.float32(-0.19546627), np.float32(-0.038607493), np.float32(-0.06941049), np.float32(0.06592461), np.float32(0.23782808), np.float32(-0.037935086), np.float32(0.30795023), np.float32(-0.08781695), np.float32(0.07281693), np.float32(0.16521046), np.float32(0.2903249), np.float32(-0.09415353), np.float32(0.056244418), np.float32(0.16885231), np.float32(-0.22398469), np.float32(0.058281504)]","[np.float32(1.9764644), np.float32(1.1037512), np.float32(1.0576202), np.float32(0.8366499), np.float32(1.0395854), np.float32(1.1095741), np.float32(1.1280333), np.float32(0.9473666), np.float32(0.99933964), np.float32(1.2131479), np.float32(0.891335), np.float32(1.0855595), np.float32(1.1925744), np.float32(0.7737081), np.float32(0.8655927), np.float32(1.3581274), np.float32(1.226196), np.float32(0.93126625), np.float32(0.9638716), np.float32(1.3995055), np.float32(1.2127717), np.float32(1.1330018), np.float32(1.2980088), np.float32(1.0443606), np.float32(1.1644958), np.float32(1.4502717), np.float32(1.2194269), np.float32(1.212115), np.float32(1.1442391), np.float32(1.3874584), np.float32(1.3457291), np.float32(1.1842709)]"
2018-02-14 02:07:00+00:00,71.19054,1,LOEO,11,"[np.float32(-1962.2429), np.float32(-63.86778), np.float32(-14.187955), np.float32(-11.140031), np.float32(5.7090116), np.float32(16.882053), np.float32(12.119857), np.float32(-1.281207), np.float32(0.9012401), np.float32(10.185236), np.float32(-19.05659), np.float32(-12.560692), np.float32(87.92819), np.float32(-16.356117), np.float32(-22.038445), np.float32(-1.9525096), np.float32(5.577564), np.float32(0.551015), np.float32(0.43183374), np.float32(-0.81953454), np.float32(0.63955665), np.float32(-1.5576413), np.float32(-1.2644101), np.float32(2.8182495), np.float32(3.1058042), np.float32(-2.272737), np.float32(0.28450328), np.float32(0.94443256), np.float32(-2.344011), np.float32(-0.63156116), np.float32(-0.41309625), np.float32(0.5031867)]","[np.float32(-1.4268925), np.float32(-0.6402094), np.float32(-0.152551), np.float32(0.054470036), np.float32(0.09107523), np.float32(1.0254998), np.float32(0.7569117), np.float32(0.19607943), np.float32(0.6377281), np.float32(-0.2788369), np.float32(-0.6379665), np.float32(-0.50683147), np.float32(-0.21772131), np.float32(0.18219909), np.float32(0.20596674), np.float32(-0.07163611), np.float32(-0.1954663), np.float32(-0.038607433), np.float32(-0.0694105), np.float32(0.065924734), np.float32(0.23782799), np.float32(-0.03793508), np.float32(0.3079503), np.float32(-0.087816924), np.float32(0.072816975), np.float32(0.16521055), np.float32(0.29032493), np.float32(-0.094153516), np.float32(0.05624429), np.float32(0.16885234), np.float32(-0.22398475), np.float32(0.058281492)]","[np.float32(1.9764646), np.float32(1.1037511), np.float32(1.05762), np.float32(0.8366499), np.float32(1.0395854), np.float32(1.1095741), np.float32(1.1280332), np.float32(0.9473666), np.float32(0.9993396), np.float32(1.2131479), np.float32(0.89133507), np.float32(1.0855595), np.float32(1.1925744), np.float32(0.7737081), np.float32(0.8655927), np.float32(1.3581274), np.float32(1.2261959), np.float32(0.93126625), np.float32(0.96387166), np.float32(1.3995055), np.float32(1.2127717), np.float32(1.1330018), np.float32(1.2980088), np.float32(1.0443606), np.float32(1.1644958), np.float32(1.4502717), np.float32(1.2194268), np.float32(1.2121149), np.float32(1.144239), np.float32(1.3874583), np.float32(1.345729), np.float32(1.184271)]"
2018-02-14 01:55:00+00:00,66.796585,0,LOEO,11,"[np.float32(-1973.9485), np.float32(-61.98214), np.float32(-14.089448), np.float32(-11.28638), np.float32(-1.9458557), np.float32(16.583628), np.float32(9.376879), np.float32(-0.1171083), np.float32(2.5603616), np.float32(-0.49961424), np.float32(-3.8903599), np.float32(-2.728899), np.float32(-7.8746805), np.float32(-0.96613693), np.float32(-1.6310307), np.float32(-3.150777), np.float32(8.7782955), np.float32(0.5360319), np.float32(-1.5306596), np.float32(0.7698508), np.float32(0.6222105), np.float32(-1.7479404), np.float32(-0.3495637), np.float32(-1.3224639), np.float32(-0.744565), np.float32(1.2741907), np.float32(1.3772193), np.float32(0.19880359), np.float32(-3.2431366), np.float32(1.7739367), np.float32(-1.4585215), np.float32(5.39501)]","[np.float32(-1.4268928), np.float32(-0.6402101), np.float32(-0.1525503), np.float32(0.054469768), np.float32(0.091075525), np.float32(1.0255009), np.float32(0.75691205), np.float32(0.19607922), np.float32(0.6377279), np.float32(-0.27883667), np.float32(-0.63796693), np.float32(-0.5068324), np.float32(-0.21772116), np.float32(0.18219939), np.float32(0.20596734), np.float32(-0.07163595), np.float32(-0.19546609), np.float32(-0.038607717), np.float32(-0.06941049), np.float32(0.065923624), np.float32(0.23782897), np.float32(-0.03793505), np.float32(0.30794984), np.float32(-0.0878171), np.float32(0.0728169), np.float32(0.1652103), np.float32(0.2903247), np.float32(-0.09415358), np.float32(0.056245163), np.float32(0.16885199), np.float32(-0.22398444), np.float32(0.05828182)]","[np.float32(1.9764646), np.float32(1.1037512), np.float32(1.05762), np.float32(0.8366498), np.float32(1.0395854), np.float32(1.1095738), np.float32(1.1280334), np.float32(0.94736695), np.float32(0.9993401), np.float32(1.2131476), np.float32(0.89133483), np.float32(1.0855597), np.float32(1.1925744), np.float32(0.7737081), np.float32(0.8655928), np.float32(1.3581278), np.float32(1.2261964), np.float32(0.9312664), np.float32(0.9638711), np.float32(1.3995056), np.float32(1.2127715), np.float32(1.1330019), np.float32(1.298009), np.float32(1.0443605), np.float32(1.1644961), np.float32(1.4502717), np.float32(1.2194275), np.float32(1.2121154), np.float32(1.1442394), np.float32(1.3874582), np.float32(1.3457298), np.float32(1.1842711)]"
2018-02-14 01:54:00+00:00,66.53445,0,LOEO,11,"[np.float32(-1974.9043), np.float32(-61.995735), np.float32(-14.110468), np.float32(-11.831553), np.float32(-1.094195), np.float32(16.558752), np.float32(9.030537), np.float32(-0.6017335), np.float32(1.9365433), np.float32(1.6529976), np.float32(-3.982658), np.float32(-2.370123), np.float32(-8.182431), np.float32(-0.0014468785), np.float32(-0.9496175), np.float32(0.12248158), np.float32(-0.87408584), np.float32(-1.6244879), np.float32(0.23383816), np.float32(0.06648546), np.float32(-1.5088267), np.float32(0.45227838), np.float32(3.833381), np.float32(0.9382827), np.float32(-2.6949294), np.float32(0.7234317), np.float32(-2.3723512), np.float32(-1.4780217), np.float32(-2.8928263), np.float32(-1.2490166), np.float32(-2.5779996), np.float32(-1.1903043)]","[np.float32(-1.4268928), np.float32(-0.6402101), np.float32(-0.1525503), np.float32(0.054469775), np.float32(0.091075525), np.float32(1.0255009), np.float32(0.75691205), np.float32(0.19607916), np.float32(0.6377279), np.float32(-0.27883667), np.float32(-0.63796693), np.float32(-0.5068324), np.float32(-0.21772116), np.float32(0.1821994), np.float32(0.20596734), np.float32(-0.07163592), np.float32(-0.19546609), np.float32(-0.0386077), np.float32(-0.06941047), np.float32(0.06592364), np.float32(0.23782897), np.float32(-0.03793505), np.float32(0.30794984), np.float32(-0.0878171), np.float32(0.072816916), np.float32(0.16521032), np.float32(0.2903247), np.float32(-0.09415358), np.float32(0.056245193), np.float32(0.16885199), np.float32(-0.22398444), np.float32(0.05828185)]","[np.float32(1.9764646), np.float32(1.1037512), np.float32(1.05762), np.float32(0.8366498), np.float32(1.0395854), np.float32(1.1095738), np.float32(1.1280334), np.float32(0.94736695), np.float32(0.9993401), np.float32(1.2131478), np.float32(0.89133495), np.float32(1.0855597), np.float32(1.1925745), np.float32(0.7737081), np.float32(0.8655928), np.float32(1.3581278), np.float32(1.2261964), np.float32(0.9312664), np.float32(0.9638711), np.float32(1.3995057), np.float32(1.2127715), np.float32(1.1330019), np.float32(1.298009), np.float32(1.0443606), np.float32(1.1644961), np.float32(1.4502717), np.float32(1.2194275), np.float32(1.2121154), np.float32(1.1442395), np.float32(1.3874584), np.float32(1.3457298), np.float32(1.1842712)]"
2018-02-14 01:53:00+00:00,66.98144,0,LOEO,11,"[np.float32(-1975.2181), np.float32(-62.357403), np.float32(-13.751105), np.float32(-11.772381), np.float32(-2.3226197), np.float32(14.233349), np.float32(7.1299114), np.float32(0.16423471), np.float32(2.419661), np.float32(-0.92038316), np.float32(-3.2927465), np.float32(-3.3080006), np.float32(-7.8056917), np.float32(-1.0709136), np.float32(-2.0531015), np.float32(-1.9826763), np.float32(6.726815), np.float32(1.893769), np.float32(-3.388337), np.float32(0.5015041), np.float32(1.2755203), np.float32(-4.3615193), np.float32(-4.7109685), np.float32(-1.7537682), np.float32(1.3292078), np.float32(-0.4752008), np.float32(1.3148336), np.float32(-1.0760889), np.float32(-1.4440986), np.float32(-0.29831386), np.float32(-3.1475353), np.float32(6.1639147)]","[np.float32(-1.4268928), np.float32(-0.64021003), np.float32(-0.1525503), np.float32(0.054469775), np.float32(0.091075525), np.float32(1.0255008), np.float32(0.75691205), np.float32(0.19607916), np.float32(0.637728), np.float32(-0.27883667), np.float32(-0.63796693), np.float32(-0.50683236), np.float32(-0.21772122), np.float32(0.18219943), np.float32(0.20596728), np.float32(-0.07163593), np.float32(-0.19546609), np.float32(-0.0386077), np.float32(-0.06941053), np.float32(0.06592365), np.float32(0.23782894), np.float32(-0.037935026), np.float32(0.30794993), np.float32(-0.08781709), np.float32(0.0728169), np.float32(0.1652103), np.float32(0.29032472), np.float32(-0.09415357), np.float32(0.056245133), np.float32(0.16885199), np.float32(-0.22398444), np.float32(0.058281824)]","[np.float32(1.9764646), np.float32(1.1037512), np.float32(1.0576202), np.float32(0.8366498), np.float32(1.0395854), np.float32(1.1095738), np.float32(1.1280335), np.float32(0.94736695), np.float32(0.9993401), np.float32(1.2131478), np.float32(0.89133495), np.float32(1.0855597), np.float32(1.1925745), np.float32(0.7737081), np.float32(0.8655928), np.float32(1.358128), np.float32(1.2261965), np.float32(0.9312664), np.float32(0.9638712), np.float32(1.3995057), np.float32(1.2127715), np.float32(1.1330018), np.float32(1.298009), np.float32(1.0443606), np.float32(1.1644962), np.float32(1.4502717), np.float32(1.2194275), np.float32(1.2121154), np.float32(1.1442394), np.float32(1.3874584), np.float32(1.3457298), np.float32(1.1842711)]"
2018-02-14 01:52:00+00:00,66.98758,0,LOEO,11,"[np.float32(-1974.2479), np.float32(-61.81505), np.float32(-14.142235), np.float32(-11.214623), np.float32(-0.6397498), np.float32(16.997095), np.float32(7.846635), np.float32(-1.9249134), np.float32(2.530468), np.float32(3.0861442), np.float32(-2.6457682), np.float32(-2.3305368), np.float32(-8.143612), np.float32(-0.78562695), np.float32(-1.1933299), np.float32(-1.1145717), np.float32(0.20769678), np.float32(-2.5171192), np.float32(-0.5626106), np.float32(0.20945929), np.float32(-1.2565154), np.float32(2.7482755), np.float32(7.3576584), np.float32(1.4754618), np.float32(-1.1245319), np.float32(-0.39749733), np.float32(-3.643955), np.float32(-2.5758045), np.float32(6.097278), np.float32(-0.5273011), np.float32(-6.494105), np.float32(-0.3560757)]","[np.float32(-1.4268928), np.float32(-0.64021003), np.float32(-0.1525503), np.float32(0.054469775), np.float32(0.091075525), np.float32(1.0255008), np.float32(0.756912), np.float32(0.19607916), np.float32(0.6377279), np.float32(-0.2788367), np.float32(-0.6379669), np.float32(-0.50683236), np.float32(-0.2177212), np.float32(0.18219939), np.float32(0.20596734), np.float32(-0.07163593), np.float32(-0.19546609), np.float32(-0.0386077), np.float32(-0.0694105), np.float32(0.065923624), np.float32(0.23782897), np.float32(-0.03793502), np.float32(0.3079499), np.float32(-0.0878171), np.float32(0.072816886), np.float32(0.16521029), np.float32(0.2903247), np.float32(-0.0941536), np.float32(0.056245156), np.float32(0.16885199), np.float32(-0.22398442), np.float32(0.058281828)]","[np.float32(1.9764646), np.float32(1.1037512), np.float32(1.05762), np.float32(0.8366498), np.float32(1.0395854), np.float32(1.1095738), np.float32(1.1280334), np.float32(0.94736695), np.float32(0.9993401), np.float32(1.2131478), np.float32(0.89133495), np.float32(1.0855597), np.float32(1.1925745), np.float32(0.7737081), np.float32(0.8655928), np.float32(1.358128), np.float32(1.2261964), np.float32(0.9312664), np.float32(0.9638711), np.float32(1.3995057), np.float32(1.2127715), np.float32(1.1330019), np.float32(1.298009), np.float32(1.0443606), np.float32(1.1644961), np.float32(1.4502717), np.float32(1.2194275), np.float32(1.2121154), np.float32(1.1442395), np.float32(1.3874584), np.float32(1.3457298), np.float32(1.1842712)]"
2018-02-14 01:51:00+00:00,67.184525,0,LOEO,11,"[np.float32(-1975.096), np.float32(-62.397205), np.float32(-13.418212), np.float32(-11.6347065), np.float32(-2.616931), np.float32(11.736684), np.float32(6.0423875), np.float32(-1.151984), np.float32(4.723848), np.float32(0.19032489), np.float32(-3.1325634), np.float32(-4.602047), np.float32(-7.857504), np.float32(-0.872364), np.float32(-1.5804518), np.float32(0.4008937), np.float32(8.808168), np.float32(3.0045922), np.float32(-3.769697), np.float32(-0.73880994), np.float32(1.9815308), np.float32(-1.6297967), np.float32(-1.547001), np.float32(-1.6070102), np.float32(1.2202122), np.float32(1.6910307), np.float32(1.0162032), np.float32(-3.1102095), np.float32(6.956504), np.float32(1.8422369), np.float32(-2.9522684), np.float32(6.4525495)]","[np.float32(-1.4268928), np.float32(-0.64021003), np.float32(-0.15255028), np.float32(0.054469775), np.float32(0.091075525), np.float32(1.0255008), np.float32(0.756912), np.float32(0.19607916), np.float32(0.6377279), np.float32(-0.2788367), np.float32(-0.6379669), np.float32(-0.50683236), np.float32(-0.21772122), np.float32(0.1821994), np.float32(0.20596732), np.float32(-0.07163593), np.float32(-0.19546609), np.float32(-0.038607717), np.float32(-0.06941053), np.float32(0.06592363), np.float32(0.23782897), np.float32(-0.03793501), np.float32(0.3079499), np.float32(-0.0878171), np.float32(0.07281687), np.float32(0.16521029), np.float32(0.2903247), np.float32(-0.09415358), np.float32(0.056245156), np.float32(0.16885199), np.float32(-0.22398442), np.float32(0.058281824)]","[np.float32(1.9764646), np.float32(1.1037512), np.float32(1.05762), np.float32(0.8366498), np.float32(1.0395854), np.float32(1.1095738), np.float32(1.1280335), np.float32(0.94736695), np.float32(0.9993401), np.float32(1.2131476), np.float32(0.89133495), np.float32(1.0855597), np.float32(1.1925745), np.float32(0.7737081), np.float32(0.8655928), np.float32(1.358128), np.float32(1.2261965), np.float32(0.9312664), np.float32(0.9638711), np.float32(1.3995057), np.float32(1.2127715), np.float32(1.1330018), np.float32(1.298009), np.float32(1.0443606), np.float32(1.1644962), np.float32(1.4502717), np.float32(1.2194275), np.float32(1.2121154), np.float32(1.1442394), np.float32(1.3874583), np.float32(1.3457298), np.float32(1.1842711)]"
2018-02-14 02:09:00+00:00,71.721245,1,LOEO,12,"[np.float32(-1971.858), np.float32(-65.4269), np.float32(-11.917596), np.float32(-11.953693), np.float32(4.5333023), np.float32(-0.123455), np.float32(-7.894572), np.float32(-1.6542063), np.float32(-0.5305776), np.float32(4.1059012), np.float32(-9.094943), np.float32(-9.091645), np.float32(90.437096), np.float32(-17.741997), np.float32(-24.50504), np.float32(10.691576), np.float32(1.1804811), np.float32(11.618051), np.float32(-7.247365), np.float32(-0.99450123), np.float32(4.3734384), np.float32(-7.471859), np.float32(-0.3098801), np.float32(9.768209), np.float32(1.2313808), np.float32(-1.7160048), np.float32(1.1926994), np.float32(2.1191673), np.float32(-1.0192554), np.float32(0.33128387), np.float32(-0.5205556), np.float32(-2.8219962)]","[np.float32(-1.5995991), np.float32(-0.45171005), np.float32(-0.27471963), np.float32(-0.07133941), np.float32(-0.31858036), np.float32(0.88015777), np.float32(0.34348044), np.float32(0.3105463), np.float32(0.22371101), np.float32(-0.21200581), np.float32(-0.4146759), np.float32(-0.55916685), np.float32(0.050260074), np.float32(0.0928257), np.float32(0.122813456), np.float32(0.07687685), np.float32(-0.285968), np.float32(-0.11203587), np.float32(0.04951906), np.float32(0.100892134), np.float32(0.2502238), np.float32(-0.119444594), np.float32(0.20785598), np.float32(-0.014974033), np.float32(-0.06036626), np.float32(-0.024126355), np.float32(0.1262445), np.float32(-0.10466878), np.float32(0.10810213), np.float32(0.10397946), np.float32(0.07599659), np.float32(0.10104031)]","[np.float32(1.9013698), np.float32(1.0078433), np.float32(0.95782834), np.float32(1.0216594), np.float32(0.97108155), np.float32(0.7707166), np.float32(1.0629468), np.float32(0.85185206), np.float32(0.7437338), np.float32(0.9691485), np.float32(1.0860379), np.float32(0.7461788), np.float32(1.2114717), np.float32(1.0860766), np.float32(0.9786582), np.float32(0.9555567), np.float32(1.263489), np.float32(0.79545236), np.float32(1.0655484), np.float32(1.2158116), np.float32(1.1953788), np.float32(1.2307324), np.float32(1.1157253), np.float32(1.3536841), np.float32(1.0925453), np.float32(1.0599922), np.float32(1.1445483), np.float32(1.0866221), np.float32(1.1127888), np.float32(0.9971246), np.float32(1.3897374), np.float32(1.2362733)]"
2018-02-14 02:10:00+00:00,72.109535,1,LOEO,12,"[np.float32(-1970.7521), np.float32(-65.98634), np.float32(-11.632646), np.float32(-12.254303), np.float32(4.4228487), np.float32(-2.1897883), np.float32(-11.381576), np.float32(-1.0230469), np.float32(-2.187152), np.float32(2.599835), np.float32(-7.473559), np.float32(-8.033086), np.float32(91.52416), np.float32(-17.427845), np.float32(-23.23923), np.float32(13.129004), np.float32(0.39636517), np.float32(14.543705), np.float32(-8.311326), np.float32(0.5683399), np.float32(5.5735264), np.float32(-9.870437), np.float32(0.13345742), np.float32(10.863522), np.float32(1.7723088), np.float32(1.004733), np.float32(-0.4652769), np.float32(2.5043373), np.float32(1.3512871), np.float32(1.6736968), np.float32(0.62214875), np.float32(-3.5192132)]","[np.float32(-1.5741746), np.float32(-0.44842046), np.float32(-0.2667573), np.float32(-0.07139903), np.float32(-0.33773482), np.float32(0.8615274), np.float32(0.3593827), np.float32(0.27639335), np.float32(0.22554334), np.float32(-0.21274984), np.float32(-0.4200503), np.float32(-0.55442244), np.float32(0.06405355), np.float32(0.0999741), np.float32(0.111286916), np.float32(0.094664626), np.float32(-0.2972243), np.float32(-0.13130319), np.float32(0.053998005), np.float32(0.087413006), np.float32(0.24111319), np.float32(-0.11268073), np.float32(0.19859287), np.float32(-0.025852306), np.float32(-0.084882714), np.float32(-0.03345976), np.float32(0.11111814), np.float32(-0.08604856), np.float32(0.11556213), np.float32(0.12805325), np.float32(0.077628635), np.float32(0.09117538)]","[np.float32(1.9460962), np.float32(1.0066898), np.float32(0.9655418), np.float32(1.0187966), np.float32(0.9624438), np.float32(0.772867), np.float32(1.0986814), np.float32(0.8425244), np.float32(0.73665786), np.float32(0.9571499), np.float32(1.0997442), np.float32(0.74076146), np.float32(1.2407055), np.float32(1.08842), np.float32(0.9927954), np.float32(0.96909016), np.float32(1.2863686), np.float32(0.79099685), np.float32(1.05549), np.float32(1.2141556), np.float32(1.2318453), np.float32(1.2255781), np.float32(1.1204128), np.float32(1.384496), np.float32(1.1027348), np.float32(1.0689708), np.float32(1.1642457), np.float32(1.0980809), np.float32(1.1088003), np.float32(1.0297941), np.float32(1.3834321), np.float32(1.2571969)]"
2018-02-14 02:11:00+00:00,71.740234,1,LOEO,12,"[np.float32(-1971.5619), np.float32(-65.78674), np.float32(-14.198803), np.float32(-12.110283), np.float32(5.038683), np.float32(16.601913), np.float32(11.198017), np.float32(-1.4903603), np.float32(0.80021757), np.float32(7.4731326), np.float32(-16.506618), np.float32(-10.131131), np.float32(87.836716), np.float32(-19.142267), np.float32(-24.729588), np.float32(-1.4853632), np.float32(-2.412816), np.float32(-1.1933866), np.float32(-0.22496021), np.float32(-0.83007234), np.float32(0.49801138), np.float32(-1.9350435), np.float32(-3.041999), np.float32(3.9912226), np.float32(5.387393), np.float32(-2.2962203), np.float32(-0.50513965), np.float32(1.681087), np.float32(-0.74667513), np.float32(-0.4754104), np.float32(-2.300005), np.float32(-5.5451617)]","[np.float32(-1.57317), np.float32(-0.44840795), np.float32(-0.2663988), np.float32(-0.07147454), np.float32(-0.33859015), np.float32(0.8608567), np.float32(0.36005554), np.float32(0.27508947), np.float32(0.22561868), np.float32(-0.2126205), np.float32(-0.42028326), np.float32(-0.5543548), np.float32(0.06458858), np.float32(0.10011677), np.float32(0.11071236), np.float32(0.0954555), np.float32(-0.29775566), np.float32(-0.13205731), np.float32(0.054232854), np.float32(0.08684261), np.float32(0.2406989), np.float32(-0.112433806), np.float32(0.19835314), np.float32(-0.026380142), np.float32(-0.08586481), np.float32(-0.03391072), np.float32(0.11045193), np.float32(-0.08521688), np.float32(0.11569548), np.float32(0.12897885), np.float32(0.07765947), np.float32(0.09087706)]","[np.float32(1.9478356), np.float32(1.0066354), np.float32(0.965861), np.float32(1.0186803), np.float32(0.9621061), np.float32(0.77296203), np.float32(1.1001115), np.float32(0.8421586), np.float32(0.73637915), np.float32(0.956698), np.float32(1.1002796), np.float32(0.7405634), np.float32(1.2418512), np.float32(1.0884995), np.float32(0.99335575), np.float32(0.9696212), np.float32(1.2872576), np.float32(0.79083246), np.float32(1.0550978), np.float32(1.2141088), np.float32(1.2332937), np.float32(1.2253729), np.float32(1.1205932), np.float32(1.3857148), np.float32(1.1031408), np.float32(1.0693103), np.float32(1.1650143), np.float32(1.0985454), np.float32(1.1086406), np.float32(1.0310693), np.float32(1.3832083), np.float32(1.2580184)]"
2018-02-14 02:12:00+00:00,71.858116,1,LOEO,12,"[np.float32(-1972.297), np.float32(-65.44778), np.float32(-14.24523), np.float32(-11.886336), np.float32(5.336929), np.float32(16.9333), np.float32(11.77699), np.float32(-1.5825541), np.float32(0.53717405), np.float32(8.80136), np.float32(-16.467752), np.float32(-11.140348), np.float32(87.439095), np.float32(-19.136534), np.float32(-25.184944), np.float32(-0.40383264), np.float32(-1.5867044), np.float32(-1.038766), np.float32(0.63304967), np.float32(-1.2675052), np.float32(0.35141382), np.float32(-1.7145408), np.float32(-1.9445869), np.float32(4.4762917), np.float32(4.567945), np.float32(-4.0421915), np.float32(-0.51278347), np.float32(1.9622564), np.float32(-1.387848), np.float32(-1.259824), np.float32(-2.723195), np.float32(-4.946786)]","[np.float32(-1.6004174), np.float32(-0.45192248), np.float32(-0.27495265), np.float32(-0.071383476), np.float32(-0.31806058), np.float32(0.88079965), np.float32(0.34304002), np.float32(0.3116976), np.float32(0.22364616), np.float32(-0.21182182), np.float32(-0.4145356), np.float32(-0.55944175), np.float32(0.049814045), np.float32(0.09245136), np.float32(0.123067595), np.float32(0.076407075), np.float32(-0.28568783), np.float32(-0.11139837), np.float32(0.049449258), np.float32(0.1012797), np.float32(0.25046548), np.float32(-0.11970547), np.float32(0.20827366), np.float32(-0.014717331), np.float32(-0.05958595), np.float32(-0.023908064), np.float32(0.12666582), np.float32(-0.10517891), np.float32(0.10769411), np.float32(0.10316784), np.float32(0.07593118), np.float32(0.10142025)]","[np.float32(1.899905), np.float32(1.0078623), np.float32(0.95761716), np.float32(1.0217437), np.float32(0.97136146), np.float32(0.7706711), np.float32(1.0618482), np.float32(0.8521504), np.float32(0.7439564), np.float32(0.9695738), np.float32(1.0855942), np.float32(0.74638313), np.float32(1.2105305), np.float32(1.0859771), np.float32(0.97821677), np.float32(0.95512336), np.float32(1.2627352), np.float32(0.79561573), np.float32(1.0658767), np.float32(1.2159069), np.float32(1.1942364), np.float32(1.2308946), np.float32(1.1155711), np.float32(1.3527138), np.float32(1.0922331), np.float32(1.0596813), np.float32(1.1439062), np.float32(1.0862874), np.float32(1.1129159), np.float32(0.99604917), np.float32(1.3899934), np.float32(1.2356031)]"
2018-02-14 02:13:00+00:00,74.71397,1,LOEO,12,"[np.float32(-1969.8278), np.float32(-66.5037), np.float32(-13.254783), np.float32(-12.256125), np.float32(5.0080442), np.float32(9.219422), np.float32(-13.091166), np.float32(0.35231066), np.float32(-14.372769), np.float32(-1.6586263), np.float32(4.827971), np.float32(5.8162136), np.float32(94.772835), np.float32(-16.286486), np.float32(-23.130178), np.float32(19.94852), np.float32(-1.9770455), np.float32(25.239128), np.float32(-4.485329), np.float32(20.16482), np.float32(7.6245327), np.float32(-16.557684), np.float32(3.2085395), np.float32(21.256124), np.float32(-0.9752261), np.float32(1.6629283), np.float32(-2.0404842), np.float32(5.4684415), np.float32(2.206541), np.float32(3.2458847), np.float32(-1.4118329), np.float32(-5.477222)]","[np.float32(-1.6002862), np.float32(-0.45188814), np.float32(-0.274914), np.float32(-0.071378455), np.float32(-0.31815168), np.float32(0.88069475), np.float32(0.3431173), np.float32(0.31149688), np.float32(0.22366077), np.float32(-0.21185464), np.float32(-0.41456175), np.float32(-0.5593996), np.float32(0.049892336), np.float32(0.09251659), np.float32(0.123025656), np.float32(0.07648899), np.float32(-0.28573656), np.float32(-0.111511715), np.float32(0.04945996), np.float32(0.10121273), np.float32(0.25042906), np.float32(-0.119663134), np.float32(0.20820405), np.float32(-0.014762653), np.float32(-0.05972038), np.float32(-0.023943864), np.float32(0.12659201), np.float32(-0.1050932), np.float32(0.10776436), np.float32(0.1033084), np.float32(0.07594305), np.float32(0.101355225)]","[np.float32(1.9001623), np.float32(1.0078605), np.float32(0.9576546), np.float32(1.0217305), np.float32(0.9713156), np.float32(0.7706796), np.float32(1.0620391), np.float32(0.85210043), np.float32(0.74391794), np.float32(0.96950394), np.float32(1.085672), np.float32(0.74634886), np.float32(1.2106973), np.float32(1.0859962), np.float32(0.97829413), np.float32(0.9552001), np.float32(1.2628661), np.float32(0.7955867), np.float32(1.0658231), np.float32(1.2158935), np.float32(1.1944342), np.float32(1.2308701), np.float32(1.1156008), np.float32(1.3528831), np.float32(1.0922883), np.float32(1.0597384), np.float32(1.144018), np.float32(1.0863463), np.float32(1.1129001), np.float32(0.9962323), np.float32(1.3899534), np.float32(1.23572)]"
2018-02-14 02:14:00+00:00,71.62408,1,LOEO,12,"[np.float32(-1969.7643), np.float32(-66.432945), np.float32(-14.098252), np.float32(-11.809581), np.float32(4.727409), np.float32(15.931799), np.float32(11.186416), np.float32(-0.5522869), np.float32(1.121154), np.float32(7.659567), np.float32(-16.933111), np.float32(-11.4242525), np.float32(88.07441), np.float32(-19.243586), np.float32(-23.75008), np.float32(-0.11737816), np.float32(-0.8876013), np.float32(0.016315384), np.float32(-0.22252327), np.float32(-1.4952726), np.float32(1.2182169), np.float32(-3.3454647), np.float32(-4.1627183), np.float32(4.435486), np.float32(6.0673113), np.float32(-1.6948098), np.float32(0.79556), np.float32(1.7526609), np.float32(0.35685575), np.float32(0.60086894), np.float32(-1.1748642), np.float32(-4.8367043)]","[np.float32(-1.5905032), np.float32(-0.44934845), np.float32(-0.2721365), np.float32(-0.07084578), np.float32(-0.3244418), np.float32(0.87299114), np.float32(0.3484754), np.float32(0.29761225), np.float32(0.22446002), np.float32(-0.21406108), np.float32(-0.4162831), np.float32(-0.55614674), np.float32(0.05528617), np.float32(0.09701183), np.float32(0.11996264), np.float32(0.08218753), np.float32(-0.28912), np.float32(-0.11921267), np.float32(0.05031416), np.float32(0.09652385), np.float32(0.24755877), np.float32(-0.116571054), np.float32(0.20319864), np.float32(-0.01787793), np.float32(-0.06912007), np.float32(-0.026566945), np.float32(0.12149904), np.float32(-0.098958716), np.float32(0.11265451), np.float32(0.113080524), np.float32(0.076759025), np.float32(0.0967579)]","[np.float32(1.9178045), np.float32(1.0075731), np.float32(0.96034646), np.float32(1.0206903), np.float32(0.96795464), np.float32(0.7713172), np.float32(1.0755128), np.float32(0.8484979), np.float32(0.74120975), np.float32(0.9645311), np.float32(1.091034), np.float32(0.74399364), np.float32(1.2221013), np.float32(1.0871236), np.float32(0.9836868), np.float32(0.9604594), np.float32(1.2719172), np.float32(0.7936815), np.float32(1.0618924), np.float32(1.2149141), np.float32(1.2083589), np.float32(1.2289228), np.float32(1.1174717), np.float32(1.3646961), np.float32(1.0961263), np.float32(1.0634398), np.float32(1.1517556), np.float32(1.0905212), np.float32(1.1113997), np.float32(1.0091321), np.float32(1.387076), np.float32(1.2438407)]"
2018-02-14 02:15:00+00:00,71.59895,1,LOEO,12,"[np.float32(-1972.7052), np.float32(-65.06849), np.float32(-14.224829), np.float32(-11.468057), np.float32(5.418712), np.float32(16.702124), np.float32(11.5579), np.float32(-0.9576178), np.float32(1.0027714), np.float32(9.008846), np.float32(-16.249199), np.float32(-10.955557), np.float32(88.00842), np.float32(-18.48185), np.float32(-24.033413), np.float32(-0.8451718), np.float32(-2.0965576), np.float32(-1.4144336), np.float32(0.2934659), np.float32(-1.1537656), np.float32(0.4303289), np.float32(-1.2857265), np.float32(-1.0501003), np.float32(4.0489163), np.float32(4.097217), np.float32(-1.651852), np.float32(0.24029158), np.float32(1.8326755), np.float32(-1.3674464), np.float32(0.4806619), np.float32(-1.4606953), np.float32(-5.607054)]","[np.float32(-1.6002092), np.float32(-0.4518683), np.float32(-0.27489334), np.float32(-0.07137211), np.float32(-0.31819278), np.float32(0.88063616), np.float32(0.34315196), np.float32(0.31140482), np.float32(0.22366248), np.float32(-0.21186855), np.float32(-0.41457117), np.float32(-0.55937165), np.float32(0.04992743), np.float32(0.09254653), np.float32(0.12300288), np.float32(0.07652657), np.float32(-0.28575912), np.float32(-0.111560374), np.float32(0.049467076), np.float32(0.10118109), np.float32(0.25040367), np.float32(-0.11963898), np.float32(0.20816728), np.float32(-0.014782542), np.float32(-0.059784498), np.float32(-0.023963735), np.float32(0.12655868), np.float32(-0.10504901), np.float32(0.107797906), np.float32(0.103374295), np.float32(0.07594776), np.float32(0.10132356)]","[np.float32(1.9002773), np.float32(1.0078574), np.float32(0.9576708), np.float32(1.0217222), np.float32(0.9712901), np.float32(0.7706827), np.float32(1.0621276), np.float32(0.8520744), np.float32(0.74389976), np.float32(0.9694654), np.float32(1.085707), np.float32(0.7463311), np.float32(1.2107697), np.float32(1.0860023), np.float32(0.97832894), np.float32(0.9552336), np.float32(1.2629269), np.float32(0.7955742), np.float32(1.065793), np.float32(1.2158824), np.float32(1.194527), np.float32(1.2308531), np.float32(1.1156102), np.float32(1.3529606), np.float32(1.0923125), np.float32(1.0597601), np.float32(1.1440696), np.float32(1.0863725), np.float32(1.1128832), np.float32(0.99632275), np.float32(1.3899281), np.float32(1.2357736)]"
2018-02-14 02:16:00+00:00,72.05308,1,LOEO,12,"[np.float32(-1972.3105), np.float32(-65.26522), np.float32(-14.241506), np.float32(-11.551819), np.float32(5.3769813), np.float32(16.813568), np.float32(11.47783), np.float32(-1.9984148), np.float32(1.3753802), np.float32(9.372206), np.float32(-15.034178), np.float32(-10.625926), np.float32(87.719315), np.float32(-18.804497), np.float32(-24.65578), np.float32(0.44729084), np.float32(-1.3542725), np.float32(-1.4344718), np.float32(1.5951489), np.float32(-1.2158487), np.float32(0.3261188), np.float32(2.181334), np.float32(1.2922065), np.float32(5.1741686), np.float32(4.798946), np.float32(-4.163188), np.float32(-2.4996195), np.float32(-0.3373805), np.float32(6.7938056), np.float32(-1.3709247), np.float32(-3.6171663), np.float32(-4.8019876)]","[np.float32(-1.6003642), np.float32(-0.45190835), np.float32(-0.27493694), np.float32(-0.07138136), np.float32(-0.31809765), np.float32(0.88075686), np.float32(0.34307146), np.float32(0.31161585), np.float32(0.22365203), np.float32(-0.21183516), np.float32(-0.41454625), np.float32(-0.5594244), np.float32(0.049845934), np.float32(0.09247788), np.float32(0.123050466), np.float32(0.076440446), np.float32(-0.28570768), np.float32(-0.11144449), np.float32(0.049453657), np.float32(0.10125242), np.float32(0.2504505), np.float32(-0.1196882), np.float32(0.20824525), np.float32(-0.014735797), np.float32(-0.05964072), np.float32(-0.023922738), np.float32(0.12663575), np.float32(-0.10514395), np.float32(0.10772271), np.float32(0.103225045), np.float32(0.07593601), np.float32(0.10139376)]","[np.float32(1.9000098), np.float32(1.0078616), np.float32(0.95763236), np.float32(1.0217384), np.float32(0.97134274), np.float32(0.7706746), np.float32(1.061926), np.float32(0.85212994), np.float32(0.7439408), np.float32(0.9695452), np.float32(1.0856258), np.float32(0.7463691), np.float32(1.2105983), np.float32(1.085985), np.float32(0.9782483), np.float32(0.95515454), np.float32(1.2627884), np.float32(0.7956039), np.float32(1.0658548), np.float32(1.2159014), np.float32(1.1943171), np.float32(1.2308844), np.float32(1.1155832), np.float32(1.3527828), np.float32(1.0922555), np.float32(1.0597044), np.float32(1.1439518), np.float32(1.0863113), np.float32(1.1129093), np.float32(0.9961238), np.float32(1.389977), np.float32(1.2356508)]"
2018-02-14 02:17:00+00:00,71.64952,1,LOEO,12,"[np.float32(-1972.656), np.float32(-65.24157), np.float32(-14.2419815), np.float32(-12.103817), np.float32(5.120656), np.float32(16.931816), np.float32(11.772722), np.float32(-1.7535269), np.float32(1.0455555), np.float32(8.461794), np.float32(-15.953764), np.float32(-10.930938), np.float32(87.61901), np.float32(-18.890427), np.float32(-24.843727), np.float32(-1.1598678), np.float32(-1.8980545), np.float32(-1.663297), np.float32(0.10108287), np.float32(-0.7940663), np.float32(0.39029634), np.float32(-0.16817561), np.float32(0.052023824), np.float32(4.0553374), np.float32(4.3631296), np.float32(-2.1436884), np.float32(-1.1145048), np.float32(0.9528082), np.float32(2.7703216), np.float32(-0.33382893), np.float32(-2.1246684), np.float32(-5.0249166)]","[np.float32(-1.5988181), np.float32(-0.45150644), np.float32(-0.27449214), np.float32(-0.07130517), np.float32(-0.3191058), np.float32(0.87953836), np.float32(0.3439259), np.float32(0.30938718), np.float32(0.2237888), np.float32(-0.21219394), np.float32(-0.41482365), np.float32(-0.55891156), np.float32(0.050711162), np.float32(0.093202434), np.float32(0.12256645), np.float32(0.07734974), np.float32(-0.28624952), np.float32(-0.11268596), np.float32(0.049583837), np.float32(0.10050413), np.float32(0.25000185), np.float32(-0.11919361), np.float32(0.20744748), np.float32(-0.015234569), np.float32(-0.06114594), np.float32(-0.024337437), np.float32(0.12581909), np.float32(-0.10416728), np.float32(0.10850963), np.float32(0.1047932), np.float32(0.0760643), np.float32(0.10066208)]","[np.float32(1.9028537), np.float32(1.0078298), np.float32(0.9580435), np.float32(1.0215799), np.float32(0.9708107), np.float32(0.7707644), np.float32(1.0640516), np.float32(0.85155934), np.float32(0.743511), np.float32(0.9687364), np.float32(1.0864868), np.float32(0.74597806), np.float32(1.2124301), np.float32(1.0861832), np.float32(0.97910446), np.float32(0.9559973), np.float32(1.2642459), np.float32(0.79528594), np.float32(1.0652312), np.float32(1.2157282), np.float32(1.1965245), np.float32(1.2305841), np.float32(1.1158909), np.float32(1.3546618), np.float32(1.0928627), np.float32(1.0603163), np.float32(1.1451946), np.float32(1.0869615), np.float32(1.112685), np.float32(0.99819225), np.float32(1.3894968), np.float32(1.2369493)]"
2018-02-14 02:18:00+00:00,71.7498,1,LOEO,12,"[np.float32(-1972.1022), np.float32(-65.486694), np.float32(-14.231008), np.float32(-12.086582), np.float32(4.8293986), np.float32(16.847595), np.float32(11.772126), np.float32(-1.5197109), np.float32(0.68965894), np.float32(8.277258), np.float32(-16.601374), np.float32(-11.107686), np.float32(88.088356), np.float32(-18.508024), np.float32(-23.62154), np.float32(-0.02839461), np.float32(-3.0592046), np.float32(-0.5213534), np.float32(0.39550027), np.float32(-0.8733435), np.float32(0.83885586), np.float32(-2.985694), np.float32(-4.02388), np.float32(4.1587734), np.float32(5.27396), np.float32(-2.8741016), np.float32(0.37572375), np.float32(1.3183846), np.float32(0.057068493), np.float32(-0.7556793), np.float32(-1.5220145), np.float32(-5.102402)]","[np.float32(-1.5999298), np.float32(-0.45179558), np.float32(-0.2748123), np.float32(-0.07135965), np.float32(-0.31837934), np.float32(0.88041514), np.float32(0.34331024), np.float32(0.31099296), np.float32(0.22368969), np.float32(-0.21193528), np.float32(-0.4146235), np.float32(-0.5592802), np.float32(0.050087646), np.float32(0.09268048), np.float32(0.122914776), np.float32(0.07669459), np.float32(-0.28585914), np.float32(-0.111791104), np.float32(0.049490284), np.float32(0.10104319), np.float32(0.25032416), np.float32(-0.11954947), np.float32(0.20802173), np.float32(-0.01487506), np.float32(-0.06006166), np.float32(-0.024038991), np.float32(0.12640756), np.float32(-0.10487047), np.float32(0.10794279), np.float32(0.10366347), np.float32(0.0759718), np.float32(0.101189055)]","[np.float32(1.900804), np.float32(1.0078524), np.float32(0.9577471), np.float32(1.0216938), np.float32(0.97119355), np.float32(0.7706996), np.float32(1.0625199), np.float32(0.85197014), np.float32(0.74382055), np.float32(0.96931845), np.float32(1.0858663), np.float32(0.74625957), np.float32(1.2111096), np.float32(1.0860401), np.float32(0.97848743), np.float32(0.95538986), np.float32(1.2631959), np.float32(0.7955151), np.float32(1.0656799), np.float32(1.2158524), np.float32(1.194934), np.float32(1.2307999), np.float32(1.1156687), np.float32(1.353308), np.float32(1.092425), np.float32(1.0598749), np.float32(1.144299), np.float32(1.0864929), np.float32(1.1128457), np.float32(0.9967024), np.float32(1.3898419), np.float32(1.2360137)]"
2018-02-14 01:55:00+00:00,67.24104,0,LOEO,12,"[np.float32(-1985.8289), np.float32(-62.380978), np.float32(-14.173788), np.float32(-11.361269), np.float32(-1.9227704), np.float32(16.672285), np.float32(9.452915), np.float32(-0.1271516), np.float32(2.574617), np.float32(-0.42299244), np.float32(-4.1295576), np.float32(-2.994974), np.float32(-7.2922177), np.float32(-0.84152853), np.float32(-1.6037668), np.float32(-3.1215549), np.float32(8.787363), np.float32(0.5352996), np.float32(-1.5304422), np.float32(0.76142645), np.float32(0.62424976), np.float32(-1.7586943), np.float32(-0.4786849), np.float32(-1.2473173), np.float32(-0.7264854), np.float32(1.2408512), np.float32(1.4140444), np.float32(0.15280898), np.float32(-3.2318516), np.float32(1.7635012), np.float32(-1.5452302), np.float32(5.5801687)]","[np.float32(-1.5907016), np.float32(-0.44968486), np.float32(-0.27367514), np.float32(-0.0684807), np.float32(-0.31541497), np.float32(0.87526137), np.float32(0.3407347), np.float32(0.31619924), np.float32(0.21962453), np.float32(-0.21023609), np.float32(-0.41202044), np.float32(-0.5539899), np.float32(0.047468625), np.float32(0.091047175), np.float32(0.12139562), np.float32(0.074586965), np.float32(-0.28475875), np.float32(-0.10643877), np.float32(0.050815813), np.float32(0.10212242), np.float32(0.24495462), np.float32(-0.11720231), np.float32(0.20629689), np.float32(-0.013083899), np.float32(-0.058332257), np.float32(-0.025651319), np.float32(0.1286872), np.float32(-0.10352373), np.float32(0.1070948), np.float32(0.10097846), np.float32(0.07510082), np.float32(0.10156855)]","[np.float32(1.891356), np.float32(1.0060755), np.float32(0.95630413), np.float32(1.020341), np.float32(0.9691256), np.float32(0.77001137), np.float32(1.0584271), np.float32(0.8509797), np.float32(0.7443925), np.float32(0.96665627), np.float32(1.0831949), np.float32(0.7458677), np.float32(1.2036825), np.float32(1.0834804), np.float32(0.976088), np.float32(0.95216435), np.float32(1.2603227), np.float32(0.797001), np.float32(1.0631495), np.float32(1.2127686), np.float32(1.1914437), np.float32(1.2269922), np.float32(1.1118078), np.float32(1.3488395), np.float32(1.0901872), np.float32(1.0550033), np.float32(1.1414123), np.float32(1.0844767), np.float32(1.106076), np.float32(0.996434), np.float32(1.3860903), np.float32(1.2327185)]"
2018-02-14 01:54:00+00:00,66.94253,0,LOEO,12,"[np.float32(-1986.7847), np.float32(-62.39458), np.float32(-14.194811), np.float32(-11.906472), np.float32(-1.0710472), np.float32(16.647724), np.float32(9.10721), np.float32(-0.61159307), np.float32(1.9497188), np.float32(1.73221), np.float32(-4.2423525), np.float32(-2.6493258), np.float32(-7.5536594), np.float32(0.118606545), np.float32(-0.89307314), np.float32(0.12231007), np.float32(-0.87417585), np.float32(-1.6236993), np.float32(0.22511327), np.float32(0.054162707), np.float32(-1.5012617), np.float32(0.24591638), np.float32(3.835464), np.float32(1.0022249), np.float32(-2.7195256), np.float32(0.8292685), np.float32(-2.356408), np.float32(-1.5443803), np.float32(-2.8688214), np.float32(-1.1559558), np.float32(-2.5500228), np.float32(-1.1602354)]","[np.float32(-1.563118), np.float32(-0.4432757), np.float32(-0.26974756), np.float32(-0.060720757), np.float32(-0.30968595), np.float32(0.85911816), np.float32(0.3357124), np.float32(0.325308), np.float32(0.20917565), np.float32(-0.20649606), np.float32(-0.40572485), np.float32(-0.53895444), np.float32(0.04235398), np.float32(0.088242404), np.float32(0.11637729), np.float32(0.07091421), np.float32(-0.28298095), np.float32(-0.09489019), np.float32(0.054586567), np.float32(0.10341485), np.float32(0.22984332), np.float32(-0.10997589), np.float32(0.20008262), np.float32(-0.009392148), np.float32(-0.056898072), np.float32(-0.030771514), np.float32(0.13300706), np.float32(-0.09793559), np.float32(0.106493294), np.float32(0.09715187), np.float32(0.07306808), np.float32(0.101047955)]","[np.float32(1.8714899), np.float32(1.0021135), np.float32(0.9535649), np.float32(1.0151141), np.float32(0.9635182), np.float32(0.77067155), np.float32(1.054015), np.float32(0.84796154), np.float32(0.74456286), np.float32(0.96043974), np.float32(1.0784628), np.float32(0.7441978), np.float32(1.189792), np.float32(1.0771555), np.float32(0.97145694), np.float32(0.944663), np.float32(1.2558924), np.float32(0.80190593), np.float32(1.0548093), np.float32(1.206665), np.float32(1.1868768), np.float32(1.2165089), np.float32(1.1027088), np.float32(1.3424594), np.float32(1.0859728), np.float32(1.0442526), np.float32(1.1374266), np.float32(1.0830557), np.float32(1.0884079), np.float32(0.9986288), np.float32(1.3780781), np.float32(1.2273966)]"
2018-02-14 01:53:00+00:00,67.42385,0,LOEO,12,"[np.float32(-1987.0985), np.float32(-62.756245), np.float32(-13.835435), np.float32(-11.847267), np.float32(-2.2992883), np.float32(14.321827), np.float32(7.2047086), np.float32(0.15446356), np.float32(2.4336617), np.float32(-0.8455927), np.float32(-3.5165308), np.float32(-3.5616255), np.float32(-7.2757034), np.float32(-0.92675996), np.float32(-2.0078452), np.float32(-1.962438), np.float32(6.738941), np.float32(1.8903815), np.float32(-3.3834805), np.float32(0.5083643), np.float32(1.2680901), np.float32(-4.13009), np.float32(-4.9250903), np.float32(-1.7208772), np.float32(1.3668029), np.float32(-0.54729086), np.float32(1.3099047), np.float32(-1.0824804), np.float32(-1.4157051), np.float32(-0.27646276), np.float32(-3.294168), np.float32(6.4792075)]","[np.float32(-1.593853), np.float32(-0.45037574), np.float32(-0.27390605), np.float32(-0.069715455), np.float32(-0.3173597), np.float32(0.87680125), np.float32(0.34241095), np.float32(0.3124999), np.float32(0.22151954), np.float32(-0.21121503), np.float32(-0.4133515), np.float32(-0.5560279), np.float32(0.04917101), np.float32(0.09222338), np.float32(0.12177219), np.float32(0.07608888), np.float32(-0.2855845), np.float32(-0.109591424), np.float32(0.05030617), np.float32(0.10117818), np.float32(0.24706763), np.float32(-0.11794111), np.float32(0.20657067), np.float32(-0.014190583), np.float32(-0.060035057), np.float32(-0.02519039), np.float32(0.12716606), np.float32(-0.10351826), np.float32(0.10796004), np.float32(0.103145815), np.float32(0.07556818), np.float32(0.10094622)]","[np.float32(1.8974233), np.float32(1.0069169), np.float32(0.9570695), np.float32(1.0208787), np.float32(0.9697246), np.float32(0.77028924), np.float32(1.061403), np.float32(0.85108775), np.float32(0.7438964), np.float32(0.96722317), np.float32(1.0849285), np.float32(0.74570006), np.float32(1.2081397), np.float32(1.0848335), np.float32(0.9776406), np.float32(0.9541184), np.float32(1.2625681), np.float32(0.79607147), np.float32(1.0638913), np.float32(1.213894), np.float32(1.1942668), np.float32(1.2285298), np.float32(1.1137351), np.float32(1.3519223), np.float32(1.0915041), np.float32(1.0576361), np.float32(1.1434988), np.float32(1.085656), np.float32(1.1089749), np.float32(0.99793255), np.float32(1.3872895), np.float32(1.2349815)]"
2018-02-14 01:52:00+00:00,67.38407,0,LOEO,12,"[np.float32(-1986.1283), np.float32(-62.21389), np.float32(-14.226598), np.float32(-11.289538), np.float32(-0.61665523), np.float32(17.086126), np.float32(7.9229355), np.float32(-1.9344412), np.float32(2.543016), np.float32(3.1694462), np.float32(-2.9078794), np.float32(-2.5972989), np.float32(-7.5677743), np.float32(-0.658063), np.float32(-1.1491704), np.float32(-1.1117892), np.float32(0.21381506), np.float32(-2.5157166), np.float32(-0.57207525), np.float32(0.19418964), np.float32(-1.245794), np.float32(2.3765562), np.float32(7.492183), np.float32(1.4114766), np.float32(-1.2205212), np.float32(-0.29319468), np.float32(-3.6432147), np.float32(-2.5411704), np.float32(6.1498294), np.float32(-0.3509893), np.float32(-6.4222994), np.float32(-0.33091977)]","[np.float32(-1.5803435), np.float32(-0.44718874), np.float32(-0.2717294), np.float32(-0.0663192), np.float32(-0.3160515), np.float32(0.8685413), np.float32(0.34123114), np.float32(0.31387466), np.float32(0.21721607), np.float32(-0.21002375), np.float32(-0.4109784), np.float32(-0.5490357), np.float32(0.047964007), np.float32(0.091843285), np.float32(0.11908602), np.float32(0.07554661), np.float32(-0.28543666), np.float32(-0.10606352), np.float32(0.052061513), np.float32(0.100886405), np.float32(0.24011567), np.float32(-0.1143011), np.float32(0.20302078), np.float32(-0.013177579), np.float32(-0.061119106), np.float32(-0.02784188), np.float32(0.1280888), np.float32(-0.100033924), np.float32(0.108590126), np.float32(0.10328012), np.float32(0.07484557), np.float32(0.09989987)]","[np.float32(1.8920171), np.float32(1.0048543), np.float32(0.95668054), np.float32(1.0186228), np.float32(0.966536), np.float32(0.77047867), np.float32(1.0619835), np.float32(0.8489587), np.float32(0.7434991), np.float32(0.9635214), np.float32(1.0837485), np.float32(0.74478555), np.float32(1.2038559), np.float32(1.0821067), np.float32(0.9767642), np.float32(0.9520058), np.float32(1.2621212), np.float32(0.79769164), np.float32(1.0596939), np.float32(1.2110324), np.float32(1.1950545), np.float32(1.2236043), np.float32(1.1100618), np.float32(1.3512224), np.float32(1.0904584), np.float32(1.0533423), np.float32(1.1429158), np.float32(1.08564), np.float32(1.1009828), np.float32(1.0011978), np.float32(1.3832687), np.float32(1.2340673)]"
2018-02-14 01:51:00+00:00,67.62949,0,LOEO,12,"[np.float32(-1986.9762), np.float32(-62.796055), np.float32(-13.502599), np.float32(-11.7096405), np.float32(-2.5932984), np.float32(11.825257), np.float32(6.1165123), np.float32(-1.1612958), np.float32(4.736958), np.float32(0.26627666), np.float32(-3.3532422), np.float32(-4.859176), np.float32(-7.2671123), np.float32(-0.7446693), np.float32(-1.5426655), np.float32(0.42685604), np.float32(8.813956), np.float32(3.001784), np.float32(-3.7674527), np.float32(-0.74174356), np.float32(1.9825788), np.float32(-1.5738113), np.float32(-1.6517147), np.float32(-1.5979229), np.float32(1.2337711), np.float32(1.5895908), np.float32(1.0526516), np.float32(-3.0472493), np.float32(7.0209975), np.float32(1.8531494), np.float32(-2.9817238), np.float32(6.7542553)]","[np.float32(-1.5910063), np.float32(-0.449737), np.float32(-0.27362025), np.float32(-0.0687235), np.float32(-0.31606025), np.float32(0.8753023), np.float32(0.34128752), np.float32(0.31489936), np.float32(0.22005625), np.float32(-0.21052626), np.float32(-0.412366), np.float32(-0.55430037), np.float32(0.04802946), np.float32(0.09146417), np.float32(0.12136226), np.float32(0.07511572), np.float32(-0.2850593), np.float32(-0.10739328), np.float32(0.050738618), np.float32(0.10174883), np.float32(0.24529585), np.float32(-0.11724292), np.float32(0.20616876), np.float32(-0.013433566), np.float32(-0.0590423), np.float32(-0.025650742), np.float32(0.12817596), np.float32(-0.10329497), np.float32(0.10746073), np.float32(0.10180118), np.float32(0.07522933), np.float32(0.10126675)]","[np.float32(1.8932819), np.float32(1.0062351), np.float32(0.9565812), np.float32(1.0204124), np.float32(0.96912694), np.float32(0.7701036), np.float32(1.0595733), np.float32(0.85086656), np.float32(0.7441839), np.float32(0.9666053), np.float32(1.0837592), np.float32(0.7457563), np.float32(1.205045), np.float32(1.0837984), np.float32(0.9766216), np.float32(0.9527729), np.float32(1.261126), np.float32(0.79674125), np.float32(1.0631605), np.float32(1.2129867), np.float32(1.1925673), np.float32(1.2272424), np.float32(1.1122831), np.float32(1.3499372), np.float32(1.0906146), np.float32(1.0556877), np.float32(1.1421368), np.float32(1.0848949), np.float32(1.1066313), np.float32(0.9972174), np.float32(1.3862575), np.float32(1.2334992)]"
2018-02-14 01:50:00+00:00,66.96949,0,LOEO,12,"[np.float32(-1985.5383), np.float32(-62.393967), np.float32(-14.137559), np.float32(-11.479622), np.float32(-1.6838032), np.float32(16.400923), np.float32(8.747561), np.float32(-1.1999614), np.float32(2.523416), np.float32(0.48428014), np.float32(-2.10991), np.float32(-2.9030144), np.float32(-7.8051515), np.float32(-1.026969), np.float32(-1.8996613), np.float32(-0.57158643), np.float32(-0.47385174), np.float32(-1.991526), np.float32(-0.7100709), np.float32(0.39110577), np.float32(-0.5163773), np.float32(1.5721706), np.float32(2.8847587), np.float32(1.1170352), np.float32(0.5502222), np.float32(-0.7117756), np.float32(-3.013009), np.float32(-1.2261032), np.float32(4.723562), np.float32(0.26881385), np.float32(-6.1490993), np.float32(0.46921316)]","[np.float32(-1.5787146), np.float32(-0.4468636), np.float32(-0.2717784), np.float32(-0.065411925), np.float32(-0.31404972), np.float32(0.8679808), np.float32(0.33951294), np.float32(0.31784067), np.float32(0.2156949), np.float32(-0.20909157), np.float32(-0.40981776), np.float32(-0.547735), np.float32(0.046220325), np.float32(0.09057414), np.float32(0.11904332), np.float32(0.07393415), np.float32(-0.28452885), np.float32(-0.10301775), np.float32(0.052385803), np.float32(0.101989865), np.float32(0.23872471), np.float32(-0.11398628), np.float32(0.20321624), np.float32(-0.012076499), np.float32(-0.059050154), np.float32(-0.027984478), np.float32(0.12966892), np.float32(-0.10053415), np.float32(0.10752756), np.float32(0.100823306), np.float32(0.074422374), np.float32(0.10074815)]","[np.float32(1.8859845), np.float32(1.0044154), np.float32(0.95571506), np.float32(1.0181955), np.float32(0.966462), np.float32(0.7703461), np.float32(1.0586026), np.float32(0.8492803), np.float32(0.7440855), np.float32(0.96359473), np.float32(1.0820581), np.float32(0.74498457), np.float32(1.199751), np.float32(1.0811051), np.float32(0.9750648), np.float32(0.94999635), np.float32(1.2597687), np.float32(0.7986409), np.float32(1.0594026), np.float32(1.2103133), np.float32(1.1916336), np.float32(1.2226404), np.float32(1.1085058), np.float32(1.3479699), np.float32(1.0891073), np.float32(1.0512339), np.float32(1.1408485), np.float32(1.0845066), np.float32(1.0989828), np.float32(0.9989857), np.float32(1.3826528), np.float32(1.2317371)]"
2018-02-14 01:49:00+00:00,67.186905,0,LOEO,12,"[np.float32(-1984.2617), np.float32(-61.650543), np.float32(-14.1699), np.float32(-11.344453), np.float32(-1.1101321), np.float32(16.575975), np.float32(9.201714), np.float32(0.843402), np.float32(3.5051596), np.float32(1.6968045), np.float32(-3.4003432), np.float32(-2.1989295), np.float32(-7.590617), np.float32(-1.4946256), np.float32(-2.388749), np.float32(-3.6761336), np.float32(10.292964), np.float32(0.73721606), np.float32(-1.5328158), np.float32(0.11554358), np.float32(0.25665724), np.float32(-0.86066246), np.float32(-0.05775286), np.float32(0.6826232), np.float32(-1.0076329), np.float32(0.389894), np.float32(-0.18337412), np.float32(1.0780675), np.float32(-3.7360764), np.float32(1.4970206), np.float32(-2.795629), np.float32(4.102153)]","[np.float32(-1.5768237), np.float32(-0.44649297), np.float32(-0.2718714), np.float32(-0.06430106), np.float32(-0.3115123), np.float32(0.86738), np.float32(0.33733585), np.float32(0.32288465), np.float32(0.21381289), np.float32(-0.20791811), np.float32(-0.40836912), np.float32(-0.54617184), np.float32(0.044011123), np.float32(0.088959225), np.float32(0.11902635), np.float32(0.07188314), np.float32(-0.2833719), np.float32(-0.09917859), np.float32(0.052775297), np.float32(0.10340263), np.float32(0.23704588), np.float32(-0.1136352), np.float32(0.2035153), np.float32(-0.010684798), np.float32(-0.05639363), np.float32(-0.02812943), np.float32(0.13167338), np.float32(-0.10122141), np.float32(0.10616227), np.float32(0.09768491), np.float32(0.073892154), np.float32(0.10184579)]","[np.float32(1.878367), np.float32(1.0038787), np.float32(0.95449287), np.float32(1.017685), np.float32(0.9664085), np.float32(0.7701693), np.float32(1.0542862), np.float32(0.8497172), np.float32(0.74484074), np.float32(0.96373546), np.float32(1.0799164), np.float32(0.7452546), np.float32(1.194573), np.float32(1.0798619), np.float32(0.972912), np.float32(0.9474668), np.float32(1.2567722), np.float32(0.7998281), np.float32(1.0590906), np.float32(1.2094322), np.float32(1.187266), np.float32(1.2214774), np.float32(1.10657), np.float32(1.3438298), np.float32(1.0873989), np.float32(1.0485991), np.float32(1.1382152), np.float32(1.0830566), np.float32(1.0965405), np.float32(0.99612176), np.float32(1.3819188), np.float32(1.228776)]"
2018-02-14 01:48:00+00:00,66.74769,0,LOEO,12,"[np.float32(-1986.4175), np.float32(-62.6122), np.float32(-14.190707), np.float32(-11.352654), np.float32(-1.8628433), np.float32(16.691309), np.float32(9.4353895), np.float32(-0.39689934), np.float32(1.9945892), np.float32(0.18824899), np.float32(-4.6489367), np.float32(-3.1524048), np.float32(-7.9964566), np.float32(-0.7486593), np.float32(-1.5197083), np.float32(0.4981183), np.float32(-2.1102734), np.float32(-1.255059), np.float32(-0.6416284), np.float32(0.4357229), np.float32(-0.28386244), np.float32(-1.1008857), np.float32(0.53648937), np.float32(0.3558376), np.float32(-0.675095), np.float32(1.3824906), np.float32(-0.24041195), np.float32(0.3224399), np.float32(-2.9721808), np.float32(1.3962507), np.float32(-2.9538488), np.float32(-0.076205716)]","[np.float32(-1.5821059), np.float32(-0.44751096), np.float32(-0.27152044), np.float32(-0.06755023), np.float32(-0.31914112), np.float32(0.8689302), np.float32(0.34387952), np.float32(0.30768037), np.float32(0.219364), np.float32(-0.21142732), np.float32(-0.4126722), np.float32(-0.5506723), np.float32(0.050650977), np.float32(0.09382909), np.float32(0.11899137), np.float32(0.078066155), np.float32(-0.28686467), np.float32(-0.110671364), np.float32(0.051654264), np.float32(0.09912227), np.float32(0.24189752), np.float32(-0.11457954), np.float32(0.20249704), np.float32(-0.0148591865), np.float32(-0.0644594), np.float32(-0.027776513), np.float32(0.1256435), np.float32(-0.09903164), np.float32(0.11030994), np.float32(0.10717692), np.float32(0.07547172), np.float32(0.09849377)]","[np.float32(1.9012544), np.float32(1.0054479), np.float32(0.9581688), np.float32(1.0191481), np.float32(0.9664763), np.float32(0.7707216), np.float32(1.0673869), np.float32(0.8483365), np.float32(0.7425448), np.float32(0.9632013), np.float32(1.0863653), np.float32(0.7444022), np.float32(1.2101402), np.float32(1.0835428), np.float32(0.979396), np.float32(0.9550518), np.float32(1.265834), np.float32(0.7963021), np.float32(1.0598962), np.float32(1.2120124), np.float32(1.2005124), np.float32(1.2248405), np.float32(1.1123145), np.float32(1.356348), np.float32(1.0925333), np.float32(1.0564507), np.float32(1.1461784), np.float32(1.0874537), np.float32(1.1036828), np.float32(1.0048966), np.float32(1.3840176), np.float32(1.2377144)]"
2018-02-14 01:47:00+00:00,67.709435,0,LOEO,12,"[np.float32(-1985.0139), np.float32(-63.058804), np.float32(-13.430993), np.float32(-11.300211), np.float32(-2.834152), np.float32(11.354875), np.float32(5.0836973), np.float32(-0.3980572), np.float32(4.1960745), np.float32(-1.7799714), np.float32(-3.5642986), np.float32(-3.7034009), np.float32(-7.2704434), np.float32(-2.1411767), np.float32(-2.2529604), np.float32(-0.5677596), np.float32(13.142973), np.float32(4.5881267), np.float32(-3.4219973), np.float32(-1.3392441), np.float32(2.8669062), np.float32(-3.39039), np.float32(-8.35312), np.float32(-1.0919074), np.float32(4.0630717), np.float32(-1.381963), np.float32(0.75981575), np.float32(0.81114787), np.float32(0.8663847), np.float32(-0.22117299), np.float32(-1.7330891), np.float32(4.9870586)]","[np.float32(-1.5781045), np.float32(-0.44677824), np.float32(-0.27198938), np.float32(-0.0647642), np.float32(-0.31215942), np.float32(0.86803955), np.float32(0.33789477), np.float32(0.32167637), np.float32(0.21450514), np.float32(-0.20825472), np.float32(-0.40884215), np.float32(-0.54696447), np.float32(0.044578895), np.float32(0.08934223), np.float32(0.11920121), np.float32(0.072373405), np.float32(-0.28363842), np.float32(-0.10025636), np.float32(0.052576967), np.float32(0.10310729), np.float32(0.23786166), np.float32(-0.11394504), np.float32(0.20367493), np.float32(-0.011058537), np.float32(-0.05691489), np.float32(-0.02792837), np.float32(0.13116919), np.float32(-0.10129063), np.float32(0.10642552), np.float32(0.09837378), np.float32(0.07405596), np.float32(0.10166848)]","[np.float32(1.8803997), np.float32(1.0041047), np.float32(0.9548077), np.float32(1.0179578), np.float32(0.96660674), np.float32(0.7701737), np.float32(1.0552028), np.float32(0.84973973), np.float32(0.7447012), np.float32(0.9639195), np.float32(1.0804569), np.float32(0.7452666), np.float32(1.1959614), np.float32(1.0802962), np.float32(0.9734549), np.float32(0.94817543), np.float32(1.2574537), np.float32(0.7994462), np.float32(1.0594327), np.float32(1.2097951), np.float32(1.1882012), np.float32(1.2220417), np.float32(1.1072234), np.float32(1.3447813), np.float32(1.0878471), np.float32(1.0494297), np.float32(1.1388149), np.float32(1.0833589), np.float32(1.0975766), np.float32(0.99655646), np.float32(1.3823205), np.float32(1.2294823)]"
2018-02-14 01:46:00+00:00,66.79056,0,LOEO,12,"[np.float32(-1986.9424), np.float32(-62.815704), np.float32(-14.151059), np.float32(-11.89247), np.float32(-2.3948855), np.float32(16.593943), np.float32(8.843276), np.float32(-0.6514936), np.float32(2.3582063), np.float32(-0.9236444), np.float32(-2.4382637), np.float32(-2.672194), np.float32(-7.897982), np.float32(-0.74263114), np.float32(-2.0493033), np.float32(0.14645009), np.float32(-3.6802847), np.float32(-2.285408), np.float32(-0.7825328), np.float32(0.7190338), np.float32(0.14392449), np.float32(-1.2154509), np.float32(-1.0041182), np.float32(0.0337034), np.float32(1.294855), np.float32(-1.1432161), np.float32(-0.7746886), np.float32(0.96363354), np.float32(0.48952055), np.float32(0.23542392), np.float32(-3.7828293), np.float32(0.38384113)]","[np.float32(-1.5853214), np.float32(-0.4484033), np.float32(-0.27274323), np.float32(-0.067232236), np.float32(-0.31527978), np.float32(0.87188095), np.float32(0.34059447), np.float32(0.31595188), np.float32(0.21812032), np.float32(-0.20992658), np.float32(-0.41125825), np.float32(-0.551301), np.float32(0.04732219), np.float32(0.0911516), np.float32(0.120267004), np.float32(0.07469458), np.float32(-0.28488603), np.float32(-0.105581865), np.float32(0.0514913), np.float32(0.101768084), np.float32(0.24230146), np.float32(-0.11572671), np.float32(0.20475274), np.float32(-0.012885196), np.float32(-0.059224106), np.float32(-0.026744436), np.float32(0.1287475), np.float32(-0.10194358), np.float32(0.10758384), np.float32(0.101549216), np.float32(0.07488331), np.float32(0.10094797)]","[np.float32(1.8903289), np.float32(1.0053121), np.float32(0.95633054), np.float32(1.0194603), np.float32(0.9678043), np.float32(0.7701418), np.float32(1.0593892), np.float32(0.85002327), np.float32(0.74409795), np.float32(0.9650944), np.float32(1.0830573), np.float32(0.74543065), np.float32(1.2027571), np.float32(1.0825453), np.float32(0.97606665), np.float32(0.9516802), np.float32(1.2606338), np.float32(0.7975039), np.float32(1.0614274), np.float32(1.2117254), np.float32(1.1924824), np.float32(1.2251134), np.float32(1.1105864), np.float32(1.3492368), np.float32(1.0900271), np.float32(1.0536474), np.float32(1.1416156), np.float32(1.0847291), np.float32(1.1031219), np.float32(0.9982678), np.float32(1.3845377), np.float32(1.2328274)]"
2018-02-14 02:20:00+00:00,71.33732,1,LOEO,13,"[np.float32(-1972.3092), np.float32(-64.54253), np.float32(-14.204166), np.float32(-11.500364), np.float32(5.48421), np.float32(16.573175), np.float32(11.380381), np.float32(-1.5814078), np.float32(0.36617932), np.float32(9.246703), np.float32(-16.70432), np.float32(-10.761522), np.float32(87.4253), np.float32(-19.219973), np.float32(-25.599226), np.float32(-0.58202356), np.float32(-1.6649765), np.float32(-0.93565613), np.float32(0.19211866), np.float32(-1.1895539), np.float32(0.52341497), np.float32(-1.3803678), np.float32(-1.1466551), np.float32(3.8025098), np.float32(3.8920956), np.float32(-1.716682), np.float32(-0.24967624), np.float32(1.712358), np.float32(-1.3932222), np.float32(-0.09920388), np.float32(-1.1965353), np.float32(-4.6573358)]","[np.float32(-3.3280602), np.float32(-1.5869004), np.float32(-0.49714792), np.float32(-1.01348), np.float32(-1.1995804), np.float32(1.0705462), np.float32(0.97252023), np.float32(-0.18823737), np.float32(0.9830615), np.float32(0.3807026), np.float32(-1.6860085), np.float32(-0.720021), np.float32(-0.03298992), np.float32(0.021137562), np.float32(0.14908332), np.float32(-0.06421785), np.float32(-0.9745678), np.float32(0.05873488), np.float32(0.019015864), np.float32(0.09499275), np.float32(0.1896362), np.float32(-0.17801479), np.float32(0.23588288), np.float32(-0.03283805), np.float32(-0.0307481), np.float32(0.017134435), np.float32(0.17110938), np.float32(0.028308244), np.float32(0.12011948), np.float32(-0.075484164), np.float32(0.040296953), np.float32(0.07863358)]","[np.float32(2.1270201), np.float32(1.0341444), np.float32(1.4356279), np.float32(1.0546566), np.float32(1.1049856), np.float32(1.1154065), np.float32(1.3861648), np.float32(0.8024392), np.float32(1.0178766), np.float32(1.0221602), np.float32(1.1399562), np.float32(1.0297909), np.float32(1.3163342), np.float32(1.0408331), np.float32(1.2353046), np.float32(1.2585716), np.float32(1.1658258), np.float32(0.9375741), np.float32(1.062254), np.float32(1.244241), np.float32(1.2318432), np.float32(1.2350965), np.float32(1.4126041), np.float32(1.3569385), np.float32(1.1772746), np.float32(1.6628492), np.float32(1.7899469), np.float32(1.1885157), np.float32(1.352439), np.float32(1.2202408), np.float32(1.2298604), np.float32(1.4626302)]"
2018-02-14 01:55:00+00:00,66.9483,0,LOEO,13,"[np.float32(-1983.9677), np.float32(-62.322803), np.float32(-14.160861), np.float32(-11.348658), np.float32(-1.9144018), np.float32(16.658758), np.float32(9.451745), np.float32(-0.12931514), np.float32(2.5719984), np.float32(-0.40898526), np.float32(-4.1591716), np.float32(-3.0305514), np.float32(-7.168958), np.float32(-0.8127315), np.float32(-1.5957184), np.float32(-3.1369607), np.float32(8.7822), np.float32(0.53673005), np.float32(-1.5329635), np.float32(0.7619152), np.float32(0.6245113), np.float32(-1.7635193), np.float32(-0.47596928), np.float32(-1.2356378), np.float32(-0.7255759), np.float32(1.2526785), np.float32(1.3787112), np.float32(0.19414209), np.float32(-3.2691085), np.float32(1.7591467), np.float32(-1.5604846), np.float32(5.569938)]","[np.float32(-3.225919), np.float32(-1.5089595), np.float32(-0.43704653), np.float32(-1.0077279), np.float32(-1.1828766), np.float32(1.0719764), np.float32(0.95027673), np.float32(-0.16355464), np.float32(0.9624887), np.float32(0.36941788), np.float32(-1.641942), np.float32(-0.6990809), np.float32(-0.06692652), np.float32(0.024326894), np.float32(0.1312713), np.float32(-0.071394846), np.float32(-0.9613205), np.float32(0.077144295), np.float32(0.012691557), np.float32(0.080110215), np.float32(0.18189856), np.float32(-0.19869536), np.float32(0.23289809), np.float32(-0.059573848), np.float32(-0.029599003), np.float32(0.03438671), np.float32(0.16478372), np.float32(0.043563686), np.float32(0.124650046), np.float32(-0.09146329), np.float32(0.022942066), np.float32(0.096330516)]","[np.float32(2.1181476), np.float32(1.0051683), np.float32(1.436989), np.float32(1.0446627), np.float32(1.090249), np.float32(1.1238368), np.float32(1.4235163), np.float32(0.7906673), np.float32(1.0206401), np.float32(1.027717), np.float32(1.1419499), np.float32(1.0130318), np.float32(1.3267121), np.float32(1.0302162), np.float32(1.2243888), np.float32(1.2305946), np.float32(1.152846), np.float32(0.9417168), np.float32(1.0522541), np.float32(1.2465125), np.float32(1.236265), np.float32(1.2504736), np.float32(1.4175713), np.float32(1.3500007), np.float32(1.1664433), np.float32(1.6651304), np.float32(1.793808), np.float32(1.1928998), np.float32(1.3784856), np.float32(1.2126342), np.float32(1.2365527), np.float32(1.4308935)]"
2018-02-14 01:54:00+00:00,66.605835,0,LOEO,13,"[np.float32(-1984.9235), np.float32(-62.336407), np.float32(-14.181887), np.float32(-11.89386), np.float32(-1.0626749), np.float32(16.634233), np.float32(9.105996), np.float32(-0.6137427), np.float32(1.9469652), np.float32(1.746507), np.float32(-4.274866), np.float32(-2.6867547), np.float32(-7.425433), np.float32(0.14805852), np.float32(-0.8755788), np.float32(0.12118902), np.float32(-0.8716176), np.float32(-1.6222337), np.float32(0.22967921), np.float32(0.053690396), np.float32(-1.5031208), np.float32(0.26682714), np.float32(3.837772), np.float32(1.0064206), np.float32(-2.7212088), np.float32(0.7904887), np.float32(-2.3765855), np.float32(-1.5423925), np.float32(-2.884977), np.float32(-1.115624), np.float32(-2.5250099), np.float32(-1.1694556)]","[np.float32(-3.225356), np.float32(-1.5084951), np.float32(-0.43671697), np.float32(-1.0076969), np.float32(-1.1827654), np.float32(1.0719771), np.float32(0.9501527), np.float32(-0.1634196), np.float32(0.9623723), np.float32(0.36934903), np.float32(-1.6416997), np.float32(-0.69897175), np.float32(-0.067143455), np.float32(0.024348047), np.float32(0.13117862), np.float32(-0.07143654), np.float32(-0.9612577), np.float32(0.07724647), np.float32(0.012663342), np.float32(0.08000749), np.float32(0.18188289), np.float32(-0.19882217), np.float32(0.23291378), np.float32(-0.059733678), np.float32(-0.029597953), np.float32(0.034467086), np.float32(0.16472599), np.float32(0.043624654), np.float32(0.124671355), np.float32(-0.09154508), np.float32(0.02285204), np.float32(0.09643296)]","[np.float32(2.1180968), np.float32(1.0050023), np.float32(1.4369972), np.float32(1.0446053), np.float32(1.0901641), np.float32(1.1238856), np.float32(1.4237335), np.float32(0.7905996), np.float32(1.0206562), np.float32(1.0277493), np.float32(1.1419615), np.float32(1.0129355), np.float32(1.3267725), np.float32(1.0301551), np.float32(1.2243258), np.float32(1.230434), np.float32(1.1527712), np.float32(0.94174075), np.float32(1.0521964), np.float32(1.2465258), np.float32(1.2362905), np.float32(1.2505628), np.float32(1.4175999), np.float32(1.3499608), np.float32(1.166381), np.float32(1.6651437), np.float32(1.7938304), np.float32(1.1929252), np.float32(1.3786368), np.float32(1.2125903), np.float32(1.2365915), np.float32(1.430711)]"
2018-02-14 01:53:00+00:00,67.14907,0,LOEO,13,"[np.float32(-1985.2373), np.float32(-62.69807), np.float32(-13.822505), np.float32(-11.834651), np.float32(-2.290837), np.float32(14.30827), np.float32(7.2035203), np.float32(0.15241082), np.float32(2.431232), np.float32(-0.83219606), np.float32(-3.543996), np.float32(-3.5954), np.float32(-7.1672344), np.float32(-0.8929984), np.float32(-1.994145), np.float32(-1.9740041), np.float32(6.7356615), np.float32(1.8908865), np.float32(-3.3858972), np.float32(0.5107502), np.float32(1.268152), np.float32(-4.1521683), np.float32(-4.9101562), np.float32(-1.712748), np.float32(1.3651835), np.float32(-0.5328622), np.float32(1.3202556), np.float32(-1.0563723), np.float32(-1.461868), np.float32(-0.25341025), np.float32(-3.3442175), np.float32(6.5182076)]","[np.float32(-3.226491), np.float32(-1.5094308), np.float32(-0.43738115), np.float32(-1.007759), np.float32(-1.1829895), np.float32(1.0719757), np.float32(0.9504026), np.float32(-0.1636917), np.float32(0.96260697), np.float32(0.36948785), np.float32(-1.6421881), np.float32(-0.69919175), np.float32(-0.066706315), np.float32(0.02430543), np.float32(0.13136537), np.float32(-0.07135257), np.float32(-0.9613842), np.float32(0.07704064), np.float32(0.012720153), np.float32(0.08021451), np.float32(0.18191446), np.float32(-0.1985667), np.float32(0.23288217), np.float32(-0.0594117), np.float32(-0.029600088), np.float32(0.034305185), np.float32(0.16484231), np.float32(0.04350169), np.float32(0.12462841), np.float32(-0.091380246), np.float32(0.0230334), np.float32(0.096226774)]","[np.float32(2.1182), np.float32(1.0053369), np.float32(1.4369812), np.float32(1.0447212), np.float32(1.090335), np.float32(1.1237873), np.float32(1.423296), np.float32(0.790736), np.float32(1.020624), np.float32(1.0276845), np.float32(1.1419382), np.float32(1.0131297), np.float32(1.3266513), np.float32(1.0302783), np.float32(1.2244526), np.float32(1.2307577), np.float32(1.1529219), np.float32(0.94169253), np.float32(1.0523125), np.float32(1.2464993), np.float32(1.236239), np.float32(1.2503831), np.float32(1.417542), np.float32(1.3500415), np.float32(1.1665068), np.float32(1.665117), np.float32(1.7937853), np.float32(1.1928742), np.float32(1.3783323), np.float32(1.2126788), np.float32(1.2365133), np.float32(1.4310788)]"
2018-02-14 01:52:00+00:00,67.101456,0,LOEO,13,"[np.float32(-1984.2671), np.float32(-62.155716), np.float32(-14.213664), np.float32(-11.276919), np.float32(-0.60828865), np.float32(17.072617), np.float32(7.921567), np.float32(-1.9365742), np.float32(2.5400715), np.float32(3.1846087), np.float32(-2.9411242), np.float32(-2.6332817), np.float32(-7.4465947), np.float32(-0.6278627), np.float32(-1.1358092), np.float32(-1.1150756), np.float32(0.21412906), np.float32(-2.514187), np.float32(-0.56738544), np.float32(0.1934016), np.float32(-1.2481405), np.float32(2.4138947), np.float32(7.486124), np.float32(1.3957385), np.float32(-1.2227426), np.float32(-0.33852035), np.float32(-3.6194725), np.float32(-2.5715246), np.float32(6.0977006), np.float32(-0.25911215), np.float32(-6.477404), np.float32(-0.31028414)]","[np.float32(-3.2258587), np.float32(-1.5089098), np.float32(-0.43701118), np.float32(-1.0077244), np.float32(-1.1828643), np.float32(1.0719764), np.float32(0.95026344), np.float32(-0.1635401), np.float32(0.96247625), np.float32(0.3694105), np.float32(-1.641916), np.float32(-0.69906914), np.float32(-0.06694979), np.float32(0.0243292), np.float32(0.13126132), np.float32(-0.071399316), np.float32(-0.96131384), np.float32(0.07715525), np.float32(0.012688428), np.float32(0.0800992), np.float32(0.18189687), np.float32(-0.19870904), np.float32(0.23289983), np.float32(-0.059591014), np.float32(-0.029598884), np.float32(0.034395352), np.float32(0.16477749), np.float32(0.04357017), np.float32(0.124652356), np.float32(-0.09147205), np.float32(0.022932414), np.float32(0.096341535)]","[np.float32(2.1181426), np.float32(1.0051504), np.float32(1.4369899), np.float32(1.0446566), np.float32(1.0902398), np.float32(1.123842), np.float32(1.4235395), np.float32(0.79065996), np.float32(1.0206419), np.float32(1.0277205), np.float32(1.1419512), np.float32(1.0130216), np.float32(1.3267186), np.float32(1.0302097), np.float32(1.224382), np.float32(1.2305775), np.float32(1.1528379), np.float32(0.9417194), np.float32(1.0522479), np.float32(1.246514), np.float32(1.2362676), np.float32(1.2504832), np.float32(1.4175744), np.float32(1.3499964), np.float32(1.1664367), np.float32(1.6651319), np.float32(1.7938104), np.float32(1.1929026), np.float32(1.3785018), np.float32(1.2126296), np.float32(1.2365569), np.float32(1.430874)]"
2018-02-14 01:51:00+00:00,67.32301,0,LOEO,13,"[np.float32(-1985.115), np.float32(-62.73788), np.float32(-13.489663), np.float32(-11.697021), np.float32(-2.584722), np.float32(11.811691), np.float32(6.1153655), np.float32(-1.1632943), np.float32(4.734457), np.float32(0.27997634), np.float32(-3.3807662), np.float32(-4.8936906), np.float32(-7.142064), np.float32(-0.7159934), np.float32(-1.533686), np.float32(0.41172016), np.float32(8.812602), np.float32(3.003348), np.float32(-3.770976), np.float32(-0.7400215), np.float32(1.9837227), np.float32(-1.5849729), np.float32(-1.6526755), np.float32(-1.5972358), np.float32(1.2364585), np.float32(1.6246322), np.float32(1.0606525), np.float32(-3.0392268), np.float32(6.9532595), np.float32(1.8746105), np.float32(-3.1164963), np.float32(6.8232813)]","[np.float32(-3.2257802), np.float32(-1.5088452), np.float32(-0.4369653), np.float32(-1.0077201), np.float32(-1.182849), np.float32(1.0719764), np.float32(0.9502461), np.float32(-0.16352135), np.float32(0.96246004), np.float32(0.3694009), np.float32(-1.6418824), np.float32(-0.699054), np.float32(-0.066980034), np.float32(0.024332102), np.float32(0.13124843), np.float32(-0.07140514), np.float32(-0.9613049), np.float32(0.07716949), np.float32(0.012684569), np.float32(0.08008487), np.float32(0.18189465), np.float32(-0.19872662), np.float32(0.23290195), np.float32(-0.059613302), np.float32(-0.029598769), np.float32(0.034406498), np.float32(0.16476944), np.float32(0.043578643), np.float32(0.12465528), np.float32(-0.09148347), np.float32(0.022919886), np.float32(0.096355855)]","[np.float32(2.1181352), np.float32(1.0051274), np.float32(1.436991), np.float32(1.0446486), np.float32(1.090228), np.float32(1.1238489), np.float32(1.4235699), np.float32(0.7906506), np.float32(1.0206441), np.float32(1.027725), np.float32(1.1419529), np.float32(1.0130081), np.float32(1.326727), np.float32(1.0302011), np.float32(1.2243731), np.float32(1.230555), np.float32(1.1528276), np.float32(0.94172275), np.float32(1.0522399), np.float32(1.246516), np.float32(1.2362713), np.float32(1.2504956), np.float32(1.4175785), np.float32(1.3499908), np.float32(1.166428), np.float32(1.6651337), np.float32(1.7938136), np.float32(1.1929061), np.float32(1.3785229), np.float32(1.2126235), np.float32(1.2365623), np.float32(1.4308485)]"
2018-02-14 02:22:00+00:00,71.75684,1,LOEO,14,"[np.float32(-1980.4208), np.float32(-64.88159), np.float32(-14.298197), np.float32(-12.083081), np.float32(5.0749736), np.float32(16.949913), np.float32(11.636054), np.float32(-1.2898265), np.float32(0.5602867), np.float32(8.270634), np.float32(-15.278713), np.float32(-9.967142), np.float32(87.30883), np.float32(-21.086058), np.float32(-27.268177), np.float32(0.11607159), np.float32(-2.4375658), np.float32(-1.0454841), np.float32(0.28718588), np.float32(-0.83212006), np.float32(0.6887178), np.float32(-0.9834355), np.float32(-0.50292015), np.float32(3.5383103), np.float32(5.0131135), np.float32(-1.5998923), np.float32(-0.41499943), np.float32(-0.3401002), np.float32(4.5762367), np.float32(0.6718318), np.float32(-2.9057817), np.float32(-3.5832307)]","[np.float32(-3.25931), np.float32(-1.0376973), np.float32(-0.39743495), np.float32(0.044365674), np.float32(-0.5843961), np.float32(1.1368749), np.float32(1.2850307), np.float32(-0.36468062), np.float32(0.6749008), np.float32(0.4305122), np.float32(-0.36632976), np.float32(-1.2619685), np.float32(-0.5359758), np.float32(0.080642626), np.float32(0.14808148), np.float32(0.15961848), np.float32(-1.2108784), np.float32(-0.28476715), np.float32(-0.13257694), np.float32(-0.13113269), np.float32(0.12032633), np.float32(-0.049498737), np.float32(0.2819289), np.float32(0.124358125), np.float32(-0.13341072), np.float32(0.053401507), np.float32(0.095468126), np.float32(-0.010994323), np.float32(0.1507631), np.float32(-0.026049301), np.float32(0.055600118), np.float32(0.27660733)]","[np.float32(2.7273316), np.float32(1.2695806), np.float32(1.2658591), np.float32(1.6162399), np.float32(0.7304846), np.float32(1.7987832), np.float32(1.3587129), np.float32(0.9351573), np.float32(1.3686576), np.float32(1.7806264), np.float32(1.0405864), np.float32(1.2981855), np.float32(1.6153219), np.float32(1.1609737), np.float32(1.3766932), np.float32(1.3254502), np.float32(1.9080343), np.float32(1.0567287), np.float32(0.8788548), np.float32(1.3303362), np.float32(1.1764474), np.float32(1.4706017), np.float32(2.0533626), np.float32(1.5815938), np.float32(1.1023974), np.float32(2.0048633), np.float32(1.7319291), np.float32(1.5349813), np.float32(1.704646), np.float32(1.5332332), np.float32(1.6412301), np.float32(1.459256)]"
2018-02-14 02:23:00+00:00,71.667694,1,LOEO,14,"[np.float32(-1981.1255), np.float32(-64.52393), np.float32(-14.44646), np.float32(-11.90999), np.float32(5.2513075), np.float32(18.5596), np.float32(10.401612), np.float32(-1.5869297), np.float32(1.9060453), np.float32(8.750084), np.float32(-16.01043), np.float32(-10.600278), np.float32(87.42001), np.float32(-20.802216), np.float32(-27.4226), np.float32(-1.5022229), np.float32(2.5520637), np.float32(0.057702508), np.float32(-0.07042198), np.float32(-0.27637273), np.float32(0.8459657), np.float32(-2.4513936), np.float32(-0.69992363), np.float32(1.9379386), np.float32(3.5758362), np.float32(-1.8533772), np.float32(2.0526164), np.float32(0.7069488), np.float32(0.1404016), np.float32(0.41450483), np.float32(0.46638003), np.float32(-0.14359628)]","[np.float32(-3.25931), np.float32(-1.0376973), np.float32(-0.39743495), np.float32(0.044365674), np.float32(-0.58439624), np.float32(1.1368749), np.float32(1.2850307), np.float32(-0.36468062), np.float32(0.6749008), np.float32(0.4305122), np.float32(-0.36632976), np.float32(-1.2619685), np.float32(-0.5359758), np.float32(0.08064261), np.float32(0.14808151), np.float32(0.1596185), np.float32(-1.2108784), np.float32(-0.28476715), np.float32(-0.13257694), np.float32(-0.13113268), np.float32(0.12032632), np.float32(-0.049498737), np.float32(0.2819289), np.float32(0.124358125), np.float32(-0.13341072), np.float32(0.053401507), np.float32(0.095468126), np.float32(-0.010994323), np.float32(0.15076312), np.float32(-0.026049301), np.float32(0.055600088), np.float32(0.27660733)]","[np.float32(2.7273316), np.float32(1.2695806), np.float32(1.2658591), np.float32(1.6162399), np.float32(0.7304846), np.float32(1.7987832), np.float32(1.3587129), np.float32(0.9351573), np.float32(1.3686576), np.float32(1.7806263), np.float32(1.0405862), np.float32(1.2981855), np.float32(1.6153219), np.float32(1.1609738), np.float32(1.3766932), np.float32(1.3254502), np.float32(1.9080344), np.float32(1.0567287), np.float32(0.8788549), np.float32(1.3303362), np.float32(1.1764474), np.float32(1.4706017), np.float32(2.0533626), np.float32(1.5815938), np.float32(1.1023973), np.float32(2.0048633), np.float32(1.7319291), np.float32(1.5349813), np.float32(1.704646), np.float32(1.5332332), np.float32(1.6412301), np.float32(1.459256)]"
2018-02-14 02:24:00+00:00,71.79847,1,LOEO,14,"[np.float32(-1980.2325), np.float32(-64.91124), np.float32(-14.27764), np.float32(-12.118443), np.float32(5.0430894), np.float32(16.854528), np.float32(11.619596), np.float32(-1.6177776), np.float32(1.0639831), np.float32(8.021627), np.float32(-14.909833), np.float32(-9.79663), np.float32(86.96608), np.float32(-21.284903), np.float32(-28.065907), np.float32(-0.5293927), np.float32(-3.2172613), np.float32(-0.87748116), np.float32(-0.4718008), np.float32(-0.7895339), np.float32(0.66593194), np.float32(-1.8210442), np.float32(-2.5184054), np.float32(3.965406), np.float32(4.1912975), np.float32(-1.5759091), np.float32(1.1413687), np.float32(1.0474937), np.float32(-0.61874014), np.float32(0.565779), np.float32(-2.0461795), np.float32(-4.546085)]","[np.float32(-3.25931), np.float32(-1.0376973), np.float32(-0.3974349), np.float32(0.044365674), np.float32(-0.58439624), np.float32(1.1368749), np.float32(1.2850307), np.float32(-0.36468062), np.float32(0.6749008), np.float32(0.4305122), np.float32(-0.36632976), np.float32(-1.2619685), np.float32(-0.5359758), np.float32(0.080642626), np.float32(0.1480815), np.float32(0.15961848), np.float32(-1.2108784), np.float32(-0.28476715), np.float32(-0.13257694), np.float32(-0.13113269), np.float32(0.1203263), np.float32(-0.049498737), np.float32(0.2819289), np.float32(0.124358125), np.float32(-0.13341072), np.float32(0.053401507), np.float32(0.095468126), np.float32(-0.010994315), np.float32(0.1507631), np.float32(-0.026049301), np.float32(0.055600088), np.float32(0.27660733)]","[np.float32(2.7273314), np.float32(1.2695806), np.float32(1.2658591), np.float32(1.6162399), np.float32(0.7304846), np.float32(1.7987832), np.float32(1.3587129), np.float32(0.9351573), np.float32(1.3686576), np.float32(1.7806263), np.float32(1.0405862), np.float32(1.2981855), np.float32(1.6153219), np.float32(1.1609738), np.float32(1.3766931), np.float32(1.3254502), np.float32(1.9080344), np.float32(1.0567287), np.float32(0.8788549), np.float32(1.3303362), np.float32(1.1764474), np.float32(1.4706017), np.float32(2.0533626), np.float32(1.5815938), np.float32(1.1023973), np.float32(2.0048633), np.float32(1.7319291), np.float32(1.5349813), np.float32(1.7046459), np.float32(1.5332332), np.float32(1.6412301), np.float32(1.459256)]"
2018-02-14 02:25:00+00:00,71.943375,1,LOEO,14,"[np.float32(-1979.0854), np.float32(-63.809017), np.float32(-14.319385), np.float32(-9.6273365), np.float32(6.131705), np.float32(16.895388), np.float32(11.553175), np.float32(1.630841), np.float32(3.130176), np.float32(10.304462), np.float32(-14.009723), np.float32(-8.26871), np.float32(87.21708), np.float32(-21.932165), np.float32(-28.600563), np.float32(-2.843401), np.float32(7.1253233), np.float32(-0.05144897), np.float32(0.5578622), np.float32(-1.2298967), np.float32(0.6881531), np.float32(-0.22509967), np.float32(1.5991169), np.float32(3.4057999), np.float32(4.0593724), np.float32(-3.2631645), np.float32(-1.4696681), np.float32(0.35490426), np.float32(1.8052214), np.float32(-0.9038584), np.float32(-1.4309438), np.float32(1.8782313)]","[np.float32(-3.25931), np.float32(-1.0376973), np.float32(-0.3974349), np.float32(0.044365674), np.float32(-0.58439624), np.float32(1.1368749), np.float32(1.2850307), np.float32(-0.36468065), np.float32(0.6749008), np.float32(0.4305122), np.float32(-0.3663298), np.float32(-1.2619685), np.float32(-0.5359758), np.float32(0.08064264), np.float32(0.1480815), np.float32(0.15961848), np.float32(-1.2108784), np.float32(-0.28476715), np.float32(-0.13257694), np.float32(-0.1311327), np.float32(0.1203263), np.float32(-0.049498726), np.float32(0.2819289), np.float32(0.124358125), np.float32(-0.13341066), np.float32(0.053401507), np.float32(0.095468126), np.float32(-0.010994326), np.float32(0.15076312), np.float32(-0.026049279), np.float32(0.055600077), np.float32(0.27660728)]","[np.float32(2.7273314), np.float32(1.2695806), np.float32(1.2658591), np.float32(1.6162399), np.float32(0.7304846), np.float32(1.7987832), np.float32(1.3587129), np.float32(0.9351573), np.float32(1.3686576), np.float32(1.7806263), np.float32(1.0405862), np.float32(1.2981855), np.float32(1.6153219), np.float32(1.1609738), np.float32(1.3766931), np.float32(1.3254502), np.float32(1.9080344), np.float32(1.0567287), np.float32(0.8788549), np.float32(1.3303362), np.float32(1.1764474), np.float32(1.4706017), np.float32(2.0533626), np.float32(1.5815939), np.float32(1.1023974), np.float32(2.0048633), np.float32(1.7319291), np.float32(1.5349813), np.float32(1.7046459), np.float32(1.5332332), np.float32(1.6412301), np.float32(1.459256)]"
2018-02-14 02:26:00+00:00,71.69064,1,LOEO,14,"[np.float32(-1979.78), np.float32(-65.04727), np.float32(-14.281884), np.float32(-11.341948), np.float32(5.4267287), np.float32(16.876152), np.float32(11.202892), np.float32(-1.6064984), np.float32(0.62250125), np.float32(7.898794), np.float32(-14.198351), np.float32(-9.473795), np.float32(87.10502), np.float32(-21.057552), np.float32(-28.442987), np.float32(-1.7959199), np.float32(-0.9709439), np.float32(-1.2931868), np.float32(-0.09822111), np.float32(-0.79865545), np.float32(0.34889063), np.float32(-0.95682347), np.float32(-0.63564247), np.float32(3.962527), np.float32(4.254731), np.float32(-3.4007273), np.float32(-0.13616596), np.float32(1.6971605), np.float32(-1.502327), np.float32(-0.8628719), np.float32(-2.0032852), np.float32(-4.0497575)]","[np.float32(-3.25931), np.float32(-1.0376973), np.float32(-0.3974349), np.float32(0.044365674), np.float32(-0.58439624), np.float32(1.1368749), np.float32(1.2850307), np.float32(-0.36468065), np.float32(0.6749008), np.float32(0.43051216), np.float32(-0.3663298), np.float32(-1.2619685), np.float32(-0.5359758), np.float32(0.08064264), np.float32(0.1480815), np.float32(0.15961848), np.float32(-1.2108784), np.float32(-0.2847671), np.float32(-0.13257694), np.float32(-0.1311327), np.float32(0.1203263), np.float32(-0.049498726), np.float32(0.2819289), np.float32(0.124358125), np.float32(-0.13341066), np.float32(0.053401507), np.float32(0.09546811), np.float32(-0.010994326), np.float32(0.15076312), np.float32(-0.026049279), np.float32(0.055600077), np.float32(0.27660728)]","[np.float32(2.7273314), np.float32(1.2695806), np.float32(1.2658591), np.float32(1.6162399), np.float32(0.7304846), np.float32(1.7987832), np.float32(1.3587129), np.float32(0.93515724), np.float32(1.3686576), np.float32(1.7806263), np.float32(1.0405862), np.float32(1.2981855), np.float32(1.6153219), np.float32(1.1609738), np.float32(1.3766931), np.float32(1.3254502), np.float32(1.9080344), np.float32(1.0567287), np.float32(0.8788549), np.float32(1.3303362), np.float32(1.1764474), np.float32(1.4706017), np.float32(2.0533626), np.float32(1.5815939), np.float32(1.1023974), np.float32(2.0048633), np.float32(1.7319291), np.float32(1.5349813), np.float32(1.7046459), np.float32(1.5332332), np.float32(1.6412301), np.float32(1.459256)]"
2018-02-14 02:27:00+00:00,71.91729,1,LOEO,14,"[np.float32(-1978.1251), np.float32(-65.405334), np.float32(-14.2978), np.float32(-11.774177), np.float32(5.028697), np.float32(16.968779), np.float32(11.932221), np.float32(-1.4026142), np.float32(1.4816056), np.float32(7.968348), np.float32(-15.223407), np.float32(-9.706155), np.float32(87.2914), np.float32(-21.854641), np.float32(-28.29751), np.float32(-1.8479277), np.float32(6.1731105), np.float32(1.2084309), np.float32(0.034247596), np.float32(-0.84884655), np.float32(1.3467158), np.float32(-2.0857456), np.float32(-3.4799392), np.float32(2.8629622), np.float32(4.9516964), np.float32(-1.2648602), np.float32(1.6417731), np.float32(0.6707754), np.float32(-1.2100061), np.float32(0.78893495), np.float32(-0.05863655), np.float32(1.2393173)]","[np.float32(-3.25931), np.float32(-1.0376973), np.float32(-0.39743495), np.float32(0.044365674), np.float32(-0.5843961), np.float32(1.1368749), np.float32(1.2850306), np.float32(-0.36468062), np.float32(0.6749008), np.float32(0.43051216), np.float32(-0.36632976), np.float32(-1.2619685), np.float32(-0.5359758), np.float32(0.08064267), np.float32(0.1480815), np.float32(0.15961848), np.float32(-1.2108784), np.float32(-0.2847671), np.float32(-0.13257694), np.float32(-0.13113266), np.float32(0.1203263), np.float32(-0.04949868), np.float32(0.2819289), np.float32(0.124358125), np.float32(-0.13341066), np.float32(0.053401507), np.float32(0.09546814), np.float32(-0.0109942965), np.float32(0.1507631), np.float32(-0.026049234), np.float32(0.055600047), np.float32(0.27660733)]","[np.float32(2.7273314), np.float32(1.2695806), np.float32(1.2658591), np.float32(1.6162399), np.float32(0.7304846), np.float32(1.7987832), np.float32(1.3587129), np.float32(0.93515724), np.float32(1.3686576), np.float32(1.7806262), np.float32(1.0405862), np.float32(1.2981855), np.float32(1.6153222), np.float32(1.1609737), np.float32(1.3766931), np.float32(1.3254502), np.float32(1.9080346), np.float32(1.0567287), np.float32(0.8788548), np.float32(1.3303362), np.float32(1.1764475), np.float32(1.4706017), np.float32(2.0533626), np.float32(1.5815936), np.float32(1.1023974), np.float32(2.0048633), np.float32(1.731929), np.float32(1.5349811), np.float32(1.7046459), np.float32(1.5332332), np.float32(1.6412301), np.float32(1.4592559)]"
2018-02-14 02:28:00+00:00,71.69374,1,LOEO,14,"[np.float32(-1979.0782), np.float32(-65.41729), np.float32(-14.292267), np.float32(-11.785534), np.float32(4.8323917), np.float32(16.916508), np.float32(11.7057085), np.float32(-1.477129), np.float32(1.0682255), np.float32(7.459457), np.float32(-15.496985), np.float32(-9.485566), np.float32(86.93262), np.float32(-21.377337), np.float32(-27.925453), np.float32(0.076897), np.float32(-2.8905199), np.float32(-1.0412574), np.float32(0.5440867), np.float32(-0.95200557), np.float32(0.8176226), np.float32(-1.6186321), np.float32(-2.132591), np.float32(3.7346547), np.float32(4.9620395), np.float32(-2.0085862), np.float32(0.8849479), np.float32(1.2151636), np.float32(-0.46055675), np.float32(0.0048920927), np.float32(-0.29835322), np.float32(-5.0169144)]","[np.float32(-3.25931), np.float32(-1.0376973), np.float32(-0.3974349), np.float32(0.044365674), np.float32(-0.5843961), np.float32(1.1368749), np.float32(1.2850306), np.float32(-0.36468056), np.float32(0.6749008), np.float32(0.43051216), np.float32(-0.36632976), np.float32(-1.2619685), np.float32(-0.5359758), np.float32(0.08064267), np.float32(0.14808144), np.float32(0.15961851), np.float32(-1.2108785), np.float32(-0.28476715), np.float32(-0.13257691), np.float32(-0.13113263), np.float32(0.12032633), np.float32(-0.049498726), np.float32(0.2819289), np.float32(0.12435814), np.float32(-0.13341066), np.float32(0.053401522), np.float32(0.095468126), np.float32(-0.0109943), np.float32(0.15076314), np.float32(-0.026049275), np.float32(0.055600036), np.float32(0.27660728)]","[np.float32(2.7273314), np.float32(1.2695806), np.float32(1.2658591), np.float32(1.6162399), np.float32(0.7304846), np.float32(1.7987832), np.float32(1.3587129), np.float32(0.93515724), np.float32(1.3686576), np.float32(1.7806262), np.float32(1.0405862), np.float32(1.2981855), np.float32(1.6153222), np.float32(1.1609737), np.float32(1.3766931), np.float32(1.3254502), np.float32(1.9080344), np.float32(1.0567287), np.float32(0.8788548), np.float32(1.3303361), np.float32(1.1764474), np.float32(1.4706017), np.float32(2.0533626), np.float32(1.5815936), np.float32(1.1023974), np.float32(2.0048633), np.float32(1.731929), np.float32(1.5349811), np.float32(1.7046459), np.float32(1.5332332), np.float32(1.6412301), np.float32(1.4592559)]"
2018-02-14 02:29:00+00:00,71.82314,1,LOEO,14,"[np.float32(-1977.7738), np.float32(-65.65151), np.float32(-14.410957), np.float32(-11.75863), np.float32(5.037375), np.float32(18.40502), np.float32(10.072444), np.float32(-1.6443615), np.float32(2.0859478), np.float32(7.618478), np.float32(-14.84157), np.float32(-10.114335), np.float32(87.18823), np.float32(-21.926863), np.float32(-28.41067), np.float32(-2.8619132), np.float32(4.1022515), np.float32(0.11304307), np.float32(-0.39353192), np.float32(-0.48618215), np.float32(1.4461555), np.float32(-1.8858593), np.float32(-2.5895414), np.float32(2.9583974), np.float32(5.358307), np.float32(-1.6319419), np.float32(1.4909049), np.float32(1.6150143), np.float32(-0.006675431), np.float32(0.8648607), np.float32(0.17539), np.float32(-0.36246502)]","[np.float32(-3.25931), np.float32(-1.0376973), np.float32(-0.3974349), np.float32(0.044365674), np.float32(-0.5843961), np.float32(1.1368749), np.float32(1.2850306), np.float32(-0.36468056), np.float32(0.6749008), np.float32(0.43051216), np.float32(-0.3663298), np.float32(-1.2619685), np.float32(-0.5359758), np.float32(0.08064267), np.float32(0.14808144), np.float32(0.15961851), np.float32(-1.2108785), np.float32(-0.28476715), np.float32(-0.13257691), np.float32(-0.13113263), np.float32(0.12032633), np.float32(-0.049498726), np.float32(0.2819289), np.float32(0.12435814), np.float32(-0.13341066), np.float32(0.053401552), np.float32(0.095468126), np.float32(-0.0109943), np.float32(0.15076314), np.float32(-0.026049275), np.float32(0.055600036), np.float32(0.27660728)]","[np.float32(2.7273314), np.float32(1.2695806), np.float32(1.2658591), np.float32(1.6162399), np.float32(0.7304846), np.float32(1.7987832), np.float32(1.3587129), np.float32(0.9351573), np.float32(1.3686576), np.float32(1.7806262), np.float32(1.0405862), np.float32(1.2981855), np.float32(1.6153219), np.float32(1.1609737), np.float32(1.3766931), np.float32(1.3254502), np.float32(1.9080344), np.float32(1.0567287), np.float32(0.8788548), np.float32(1.3303361), np.float32(1.1764474), np.float32(1.4706017), np.float32(2.0533626), np.float32(1.5815938), np.float32(1.1023974), np.float32(2.0048633), np.float32(1.731929), np.float32(1.5349811), np.float32(1.7046459), np.float32(1.5332332), np.float32(1.6412301), np.float32(1.4592559)]"
2018-02-14 01:55:00+00:00,67.328606,0,LOEO,14,"[np.float32(-1992.2485), np.float32(-62.603706), np.float32(-14.2201), np.float32(-11.399613), np.float32(-1.8937277), np.float32(16.72301), np.float32(9.50775), np.float32(-0.1352414), np.float32(2.577484), np.float32(-0.35543197), np.float32(-4.3096037), np.float32(-3.186734), np.float32(-6.711422), np.float32(-0.67937243), np.float32(-1.5704865), np.float32(-3.1619895), np.float32(8.769269), np.float32(0.51446915), np.float32(-1.5305225), np.float32(0.7572554), np.float32(0.6246029), np.float32(-1.7751809), np.float32(-0.5884704), np.float32(-1.1492642), np.float32(-0.6956703), np.float32(1.2201829), np.float32(1.4161094), np.float32(0.15688995), np.float32(-3.268002), np.float32(1.8315649), np.float32(-1.4835454), np.float32(5.617546)]","[np.float32(-3.2593102), np.float32(-1.0376976), np.float32(-0.39743507), np.float32(0.044365734), np.float32(-0.5843957), np.float32(1.1368753), np.float32(1.2850312), np.float32(-0.36468047), np.float32(0.6749006), np.float32(0.43051234), np.float32(-0.36632952), np.float32(-1.2619686), np.float32(-0.5359762), np.float32(0.080642164), np.float32(0.14808172), np.float32(0.1596182), np.float32(-1.2108787), np.float32(-0.2847674), np.float32(-0.13257718), np.float32(-0.13113272), np.float32(0.12032635), np.float32(-0.049498696), np.float32(0.28192884), np.float32(0.12435796), np.float32(-0.13341084), np.float32(0.05340139), np.float32(0.09546826), np.float32(-0.010994218), np.float32(0.15076321), np.float32(-0.02604933), np.float32(0.055600025), np.float32(0.2766075)]","[np.float32(2.7273324), np.float32(1.2695807), np.float32(1.2658591), np.float32(1.6162404), np.float32(0.73048466), np.float32(1.7987837), np.float32(1.3587135), np.float32(0.9351574), np.float32(1.3686581), np.float32(1.7806263), np.float32(1.0405864), np.float32(1.2981858), np.float32(1.6153218), np.float32(1.1609735), np.float32(1.3766931), np.float32(1.3254508), np.float32(1.9080349), np.float32(1.0567288), np.float32(0.87885493), np.float32(1.3303361), np.float32(1.1764473), np.float32(1.4706023), np.float32(2.0533628), np.float32(1.5815939), np.float32(1.1023974), np.float32(2.0048637), np.float32(1.7319294), np.float32(1.5349811), np.float32(1.7046458), np.float32(1.5332333), np.float32(1.6412303), np.float32(1.4592564)]"
2018-02-14 01:54:00+00:00,66.91339,0,LOEO,14,"[np.float32(-1993.2043), np.float32(-62.61731), np.float32(-14.24111), np.float32(-11.944814), np.float32(-1.0419414), np.float32(16.698595), np.float32(9.1619215), np.float32(-0.6195572), np.float32(1.9513923), np.float32(1.8017505), np.float32(-4.4373918), np.float32(-2.8500621), np.float32(-6.921867), np.float32(0.27695224), np.float32(-0.81542337), np.float32(0.12807721), np.float32(-0.885715), np.float32(-1.6269894), np.float32(0.22435099), np.float32(0.04506079), np.float32(-1.4993654), np.float32(0.11280269), np.float32(3.8341365), np.float32(1.0579696), np.float32(-2.7516143), np.float32(0.9035745), np.float32(-2.3485734), np.float32(-1.6032666), np.float32(-2.831123), np.float32(-0.86505634), np.float32(-2.6062927), np.float32(-1.1035086)]","[np.float32(-3.2593102), np.float32(-1.0376976), np.float32(-0.39743507), np.float32(0.044365734), np.float32(-0.58439577), np.float32(1.1368753), np.float32(1.2850312), np.float32(-0.36468047), np.float32(0.6749006), np.float32(0.43051237), np.float32(-0.36632955), np.float32(-1.2619686), np.float32(-0.5359762), np.float32(0.08064215), np.float32(0.14808172), np.float32(0.15961821), np.float32(-1.2108787), np.float32(-0.2847674), np.float32(-0.13257715), np.float32(-0.13113272), np.float32(0.12032633), np.float32(-0.04949868), np.float32(0.28192878), np.float32(0.12435796), np.float32(-0.13341084), np.float32(0.05340139), np.float32(0.095468245), np.float32(-0.010994218), np.float32(0.15076321), np.float32(-0.026049346), np.float32(0.055600055), np.float32(0.2766075)]","[np.float32(2.7273324), np.float32(1.2695807), np.float32(1.2658591), np.float32(1.6162404), np.float32(0.73048466), np.float32(1.7987837), np.float32(1.3587135), np.float32(0.9351575), np.float32(1.3686581), np.float32(1.7806263), np.float32(1.0405864), np.float32(1.2981858), np.float32(1.6153218), np.float32(1.1609735), np.float32(1.3766931), np.float32(1.3254508), np.float32(1.9080349), np.float32(1.0567288), np.float32(0.87885493), np.float32(1.3303361), np.float32(1.1764473), np.float32(1.4706023), np.float32(2.0533628), np.float32(1.5815939), np.float32(1.1023974), np.float32(2.0048637), np.float32(1.7319294), np.float32(1.5349811), np.float32(1.7046458), np.float32(1.5332333), np.float32(1.6412303), np.float32(1.4592564)]"
2018-02-14 01:53:00+00:00,67.542564,0,LOEO,14,"[np.float32(-1993.5182), np.float32(-62.978977), np.float32(-13.881733), np.float32(-11.8856), np.float32(-2.2699516), np.float32(14.372332), np.float32(7.2583966), np.float32(0.14675117), np.float32(2.4367244), np.float32(-0.7804113), np.float32(-3.6841784), np.float32(-3.743552), np.float32(-6.769084), np.float32(-0.73423773), np.float32(-1.9414915), np.float32(-1.9939876), np.float32(6.7397857), np.float32(1.8747486), np.float32(-3.3834038), np.float32(0.51735747), np.float32(1.2613561), np.float32(-3.974404), np.float32(-5.063333), np.float32(-1.6634673), np.float32(1.4061317), np.float32(-0.5997245), np.float32(1.3102137), np.float32(-1.0608426), np.float32(-1.4311941), np.float32(0.007599786), np.float32(-3.4249983), np.float32(6.7929306)]","[np.float32(-3.2593102), np.float32(-1.0376976), np.float32(-0.39743507), np.float32(0.044365734), np.float32(-0.58439577), np.float32(1.1368753), np.float32(1.2850312), np.float32(-0.36468047), np.float32(0.6749006), np.float32(0.43051234), np.float32(-0.36632952), np.float32(-1.2619686), np.float32(-0.5359762), np.float32(0.080642164), np.float32(0.14808172), np.float32(0.1596182), np.float32(-1.2108787), np.float32(-0.2847674), np.float32(-0.13257715), np.float32(-0.13113272), np.float32(0.12032635), np.float32(-0.049498696), np.float32(0.28192884), np.float32(0.12435796), np.float32(-0.13341087), np.float32(0.05340139), np.float32(0.09546826), np.float32(-0.010994218), np.float32(0.15076321), np.float32(-0.02604933), np.float32(0.055600025), np.float32(0.2766075)]","[np.float32(2.7273324), np.float32(1.2695807), np.float32(1.2658591), np.float32(1.6162404), np.float32(0.73048466), np.float32(1.7987837), np.float32(1.3587135), np.float32(0.9351575), np.float32(1.3686581), np.float32(1.7806263), np.float32(1.0405864), np.float32(1.2981858), np.float32(1.6153218), np.float32(1.1609735), np.float32(1.3766931), np.float32(1.3254508), np.float32(1.9080349), np.float32(1.0567288), np.float32(0.87885493), np.float32(1.3303361), np.float32(1.1764473), np.float32(1.4706023), np.float32(2.0533628), np.float32(1.5815939), np.float32(1.1023974), np.float32(2.0048637), np.float32(1.7319294), np.float32(1.5349811), np.float32(1.7046458), np.float32(1.5332333), np.float32(1.6412303), np.float32(1.4592564)]"
2018-02-14 01:52:00+00:00,67.37915,0,LOEO,14,"[np.float32(-1992.5481), np.float32(-62.43662), np.float32(-14.272904), np.float32(-11.327872), np.float32(-0.5875794), np.float32(17.137066), np.float32(7.9774427), np.float32(-1.9422773), np.float32(2.5440404), np.float32(3.2429638), np.float32(-3.1061878), np.float32(-2.789789), np.float32(-6.982041), np.float32(-0.49274263), np.float32(-1.0940386), np.float32(-1.1106417), np.float32(0.19104804), np.float32(-2.525297), np.float32(-0.5718293), np.float32(0.1813832), np.float32(-1.243428), np.float32(2.1377327), np.float32(7.5977197), np.float32(1.3151933), np.float32(-1.3194293), np.float32(-0.24761371), np.float32(-3.6382039), np.float32(-2.5410855), np.float32(6.1850395), np.float32(0.39001754), np.float32(-6.3527246), np.float32(-0.10485814)]","[np.float32(-3.2593102), np.float32(-1.0376977), np.float32(-0.39743507), np.float32(0.044365734), np.float32(-0.5843957), np.float32(1.1368753), np.float32(1.2850312), np.float32(-0.36468047), np.float32(0.6749006), np.float32(0.43051234), np.float32(-0.36632955), np.float32(-1.2619686), np.float32(-0.5359762), np.float32(0.08064218), np.float32(0.14808172), np.float32(0.1596182), np.float32(-1.2108786), np.float32(-0.28476733), np.float32(-0.13257715), np.float32(-0.13113272), np.float32(0.12032635), np.float32(-0.04949868), np.float32(0.28192884), np.float32(0.12435796), np.float32(-0.13341084), np.float32(0.05340139), np.float32(0.095468245), np.float32(-0.010994233), np.float32(0.15076321), np.float32(-0.02604933), np.float32(0.055600025), np.float32(0.2766075)]","[np.float32(2.7273324), np.float32(1.2695807), np.float32(1.2658591), np.float32(1.6162404), np.float32(0.73048466), np.float32(1.7987837), np.float32(1.3587135), np.float32(0.9351575), np.float32(1.3686581), np.float32(1.7806263), np.float32(1.0405864), np.float32(1.2981858), np.float32(1.6153218), np.float32(1.1609735), np.float32(1.3766931), np.float32(1.3254508), np.float32(1.9080349), np.float32(1.0567288), np.float32(0.87885493), np.float32(1.3303361), np.float32(1.1764473), np.float32(1.4706023), np.float32(2.0533628), np.float32(1.5815939), np.float32(1.1023974), np.float32(2.0048637), np.float32(1.7319294), np.float32(1.5349811), np.float32(1.7046458), np.float32(1.5332333), np.float32(1.6412303), np.float32(1.4592564)]"
2018-02-14 01:51:00+00:00,67.66871,0,LOEO,14,"[np.float32(-1993.396), np.float32(-63.01879), np.float32(-13.548949), np.float32(-11.74802), np.float32(-2.5635223), np.float32(11.875944), np.float32(6.1703854), np.float32(-1.1688162), np.float32(4.739516), np.float32(0.33293062), np.float32(-3.5198705), np.float32(-5.0442643), np.float32(-6.683232), np.float32(-0.5811907), np.float32(-1.5005333), np.float32(0.38459444), np.float32(8.822311), np.float32(2.9808197), np.float32(-3.7680533), np.float32(-0.74090564), np.float32(1.9826726), np.float32(-1.5442873), np.float32(-1.7364268), np.float32(-1.5677422), np.float32(1.2790604), np.float32(1.4969841), np.float32(1.0487497), np.float32(-2.9833229), np.float32(7.003495), np.float32(2.1409514), np.float32(-2.8868313), np.float32(7.0697994)]","[np.float32(-3.2593102), np.float32(-1.0376977), np.float32(-0.39743507), np.float32(0.044365734), np.float32(-0.5843957), np.float32(1.1368753), np.float32(1.2850312), np.float32(-0.36468047), np.float32(0.6749006), np.float32(0.43051234), np.float32(-0.36632955), np.float32(-1.2619686), np.float32(-0.5359762), np.float32(0.08064218), np.float32(0.14808172), np.float32(0.1596182), np.float32(-1.2108786), np.float32(-0.28476733), np.float32(-0.13257715), np.float32(-0.13113272), np.float32(0.12032635), np.float32(-0.04949868), np.float32(0.28192884), np.float32(0.12435796), np.float32(-0.13341084), np.float32(0.05340139), np.float32(0.095468245), np.float32(-0.010994233), np.float32(0.15076321), np.float32(-0.02604933), np.float32(0.055600025), np.float32(0.2766075)]","[np.float32(2.7273324), np.float32(1.2695807), np.float32(1.2658591), np.float32(1.6162404), np.float32(0.73048466), np.float32(1.7987837), np.float32(1.3587135), np.float32(0.9351575), np.float32(1.3686581), np.float32(1.7806263), np.float32(1.0405864), np.float32(1.2981858), np.float32(1.6153218), np.float32(1.1609735), np.float32(1.3766931), np.float32(1.3254508), np.float32(1.9080349), np.float32(1.0567288), np.float32(0.87885493), np.float32(1.3303361), np.float32(1.1764473), np.float32(1.4706023), np.float32(2.0533628), np.float32(1.5815939), np.float32(1.1023974), np.float32(2.0048637), np.float32(1.7319294), np.float32(1.5349811), np.float32(1.7046458), np.float32(1.5332333), np.float32(1.6412303), np.float32(1.4592564)]"
2018-02-14 01:50:00+00:00,66.981895,0,LOEO,14,"[np.float32(-1991.958), np.float32(-62.6167), np.float32(-14.18388), np.float32(-11.517976), np.float32(-1.6546383), np.float32(16.45178), np.float32(8.80372), np.float32(-1.2082767), np.float32(2.5260816), np.float32(0.5598975), np.float32(-2.2984347), np.float32(-3.0880826), np.float32(-7.2962666), np.float32(-0.822579), np.float32(-1.8284805), np.float32(-0.567801), np.float32(-0.48771223), np.float32(-1.9973946), np.float32(-0.7098355), np.float32(0.38569763), np.float32(-0.517303), np.float32(1.4915298), np.float32(2.9819653), np.float32(1.0235757), np.float32(0.5302877), np.float32(-0.7185223), np.float32(-3.0104272), np.float32(-1.1977719), np.float32(4.7324347), np.float32(0.9411186), np.float32(-6.077259), np.float32(0.49951133)]","[np.float32(-3.2593102), np.float32(-1.0376977), np.float32(-0.39743507), np.float32(0.044365734), np.float32(-0.5843957), np.float32(1.1368753), np.float32(1.2850312), np.float32(-0.36468047), np.float32(0.6749006), np.float32(0.43051234), np.float32(-0.36632955), np.float32(-1.2619686), np.float32(-0.5359762), np.float32(0.08064218), np.float32(0.14808172), np.float32(0.1596182), np.float32(-1.2108786), np.float32(-0.28476733), np.float32(-0.13257715), np.float32(-0.13113272), np.float32(0.12032635), np.float32(-0.04949868), np.float32(0.28192884), np.float32(0.12435796), np.float32(-0.13341084), np.float32(0.05340139), np.float32(0.095468245), np.float32(-0.010994233), np.float32(0.15076321), np.float32(-0.02604933), np.float32(0.055600025), np.float32(0.2766075)]","[np.float32(2.7273324), np.float32(1.2695807), np.float32(1.2658591), np.float32(1.6162404), np.float32(0.73048466), np.float32(1.7987837), np.float32(1.3587135), np.float32(0.9351575), np.float32(1.3686581), np.float32(1.7806263), np.float32(1.0405864), np.float32(1.2981858), np.float32(1.6153218), np.float32(1.1609735), np.float32(1.3766931), np.float32(1.3254508), np.float32(1.9080349), np.float32(1.0567288), np.float32(0.87885493), np.float32(1.3303361), np.float32(1.1764473), np.float32(1.4706023), np.float32(2.0533628), np.float32(1.5815939), np.float32(1.1023974), np.float32(2.0048637), np.float32(1.7319294), np.float32(1.5349811), np.float32(1.7046458), np.float32(1.5332333), np.float32(1.6412303), np.float32(1.4592564)]"
2018-02-14 01:49:00+00:00,67.260345,0,LOEO,14,"[np.float32(-1990.6815), np.float32(-61.87327), np.float32(-14.2162), np.float32(-11.382783), np.float32(-1.0810876), np.float32(16.62675), np.float32(9.256207), np.float32(0.83547413), np.float32(3.50708), np.float32(1.7679371), np.float32(-3.5933037), np.float32(-2.3902404), np.float32(-7.0831966), np.float32(-1.2951205), np.float32(-2.3527915), np.float32(-3.7226102), np.float32(10.271064), np.float32(0.71257406), np.float32(-1.5326204), np.float32(0.11327078), np.float32(0.25556293), np.float32(-0.87168926), np.float32(-0.09206628), np.float32(0.75932115), np.float32(-0.9276367), np.float32(0.3883449), np.float32(-0.17892347), np.float32(1.0813708), np.float32(-3.7712028), np.float32(1.7132714), np.float32(-2.7364094), np.float32(4.075683)]","[np.float32(-3.2593102), np.float32(-1.0376977), np.float32(-0.39743507), np.float32(0.044365734), np.float32(-0.5843957), np.float32(1.1368753), np.float32(1.2850312), np.float32(-0.36468047), np.float32(0.6749006), np.float32(0.43051234), np.float32(-0.36632955), np.float32(-1.2619686), np.float32(-0.5359762), np.float32(0.08064218), np.float32(0.14808172), np.float32(0.1596182), np.float32(-1.2108786), np.float32(-0.28476733), np.float32(-0.13257715), np.float32(-0.13113272), np.float32(0.12032635), np.float32(-0.04949868), np.float32(0.28192884), np.float32(0.12435796), np.float32(-0.13341084), np.float32(0.05340139), np.float32(0.095468245), np.float32(-0.010994233), np.float32(0.15076321), np.float32(-0.02604933), np.float32(0.055600025), np.float32(0.2766075)]","[np.float32(2.7273324), np.float32(1.2695807), np.float32(1.2658591), np.float32(1.6162404), np.float32(0.73048466), np.float32(1.7987837), np.float32(1.3587135), np.float32(0.9351575), np.float32(1.3686581), np.float32(1.7806263), np.float32(1.0405864), np.float32(1.2981858), np.float32(1.6153218), np.float32(1.1609735), np.float32(1.3766931), np.float32(1.3254508), np.float32(1.9080349), np.float32(1.0567288), np.float32(0.87885493), np.float32(1.3303361), np.float32(1.1764473), np.float32(1.4706023), np.float32(2.0533628), np.float32(1.5815939), np.float32(1.1023974), np.float32(2.0048637), np.float32(1.7319294), np.float32(1.5349811), np.float32(1.7046458), np.float32(1.5332333), np.float32(1.6412303), np.float32(1.4592564)]"
2018-02-14 01:48:00+00:00,66.714066,0,LOEO,14,"[np.float32(-1992.8372), np.float32(-62.834934), np.float32(-14.237027), np.float32(-11.391007), np.float32(-1.8337618), np.float32(16.742111), np.float32(9.490874), np.float32(-0.4050243), np.float32(1.9971621), np.float32(0.2568493), np.float32(-4.839672), np.float32(-3.3580604), np.float32(-7.417328), np.float32(-0.5548053), np.float32(-1.4433023), np.float32(0.5090123), np.float32(-2.1167452), np.float32(-1.2559135), np.float32(-0.6434259), np.float32(0.43133613), np.float32(-0.28349537), np.float32(-1.1271832), np.float32(0.4957962), np.float32(0.4003594), np.float32(-0.6331266), np.float32(1.3953322), np.float32(-0.23499937), np.float32(0.3018199), np.float32(-2.9749079), np.float32(1.6835324), np.float32(-2.8097966), np.float32(-0.1922433)]","[np.float32(-3.2593102), np.float32(-1.0376977), np.float32(-0.39743507), np.float32(0.044365734), np.float32(-0.5843957), np.float32(1.1368753), np.float32(1.2850312), np.float32(-0.36468047), np.float32(0.6749006), np.float32(0.43051234), np.float32(-0.36632955), np.float32(-1.2619686), np.float32(-0.5359762), np.float32(0.08064218), np.float32(0.14808172), np.float32(0.1596182), np.float32(-1.2108786), np.float32(-0.28476733), np.float32(-0.13257715), np.float32(-0.13113272), np.float32(0.12032635), np.float32(-0.04949868), np.float32(0.28192884), np.float32(0.12435796), np.float32(-0.13341084), np.float32(0.05340139), np.float32(0.095468245), np.float32(-0.010994233), np.float32(0.15076321), np.float32(-0.02604933), np.float32(0.055600025), np.float32(0.2766075)]","[np.float32(2.7273324), np.float32(1.2695807), np.float32(1.2658591), np.float32(1.6162404), np.float32(0.73048466), np.float32(1.7987837), np.float32(1.3587135), np.float32(0.9351575), np.float32(1.3686581), np.float32(1.7806263), np.float32(1.0405864), np.float32(1.2981858), np.float32(1.6153218), np.float32(1.1609735), np.float32(1.3766931), np.float32(1.3254508), np.float32(1.9080349), np.float32(1.0567288), np.float32(0.87885493), np.float32(1.3303361), np.float32(1.1764473), np.float32(1.4706023), np.float32(2.0533628), np.float32(1.5815939), np.float32(1.1023974), np.float32(2.0048637), np.float32(1.7319294), np.float32(1.5349811), np.float32(1.7046458), np.float32(1.5332333), np.float32(1.6412303), np.float32(1.4592564)]"
2018-02-14 02:31:00+00:00,72.618126,1,LOEO,15,"[np.float32(-1991.2377), np.float32(-65.44217), np.float32(-14.507023), np.float32(-10.398952), np.float32(5.6438212), np.float32(18.346807), np.float32(9.810423), np.float32(-0.63623816), np.float32(2.289543), np.float32(8.296311), np.float32(-13.428182), np.float32(-8.926559), np.float32(84.98798), np.float32(-25.688826), np.float32(-34.36477), np.float32(-2.2832754), np.float32(7.7480254), np.float32(1.0334756), np.float32(0.46343535), np.float32(-0.9747267), np.float32(1.3106991), np.float32(-2.2024124), np.float32(-1.8342042), np.float32(2.1620235), np.float32(5.763639), np.float32(-3.559391), np.float32(0.8473559), np.float32(1.3006768), np.float32(-1.2136427), np.float32(-0.73248434), np.float32(0.24790885), np.float32(1.9333018)]","[np.float32(-1.9124312), np.float32(-1.0799396), np.float32(0.0102377795), np.float32(0.008485176), np.float32(0.31729835), np.float32(0.55068576), np.float32(0.96259665), np.float32(0.26874402), np.float32(0.88926065), np.float32(0.48848736), np.float32(-0.7360554), np.float32(-0.58185446), np.float32(0.23732947), np.float32(0.030964829), np.float32(0.3220427), np.float32(0.10935393), np.float32(-0.6348405), np.float32(-0.24447227), np.float32(-0.14342728), np.float32(0.14521968), np.float32(0.26448792), np.float32(-0.17244427), np.float32(0.23658282), np.float32(-0.16704074), np.float32(-0.1489709), np.float32(-0.050699487), np.float32(0.2722532), np.float32(-0.038223848), np.float32(0.12115222), np.float32(0.03390495), np.float32(-0.053793147), np.float32(0.037376486)]","[np.float32(2.0160208), np.float32(1.0437416), np.float32(0.9753154), np.float32(1.0835685), np.float32(1.0368657), np.float32(1.0909063), np.float32(1.2804657), np.float32(0.9551942), np.float32(1.4869968), np.float32(0.93327624), np.float32(1.2578491), np.float32(1.2995431), np.float32(1.9504151), np.float32(0.9248488), np.float32(0.92840815), np.float32(0.91489685), np.float32(1.5145882), np.float32(1.3109137), np.float32(1.2258818), np.float32(1.0627029), np.float32(0.9773615), np.float32(1.3406941), np.float32(1.1577312), np.float32(1.3990332), np.float32(1.330844), np.float32(1.3197311), np.float32(1.1708654), np.float32(1.6677055), np.float32(0.9916198), np.float32(1.2761965), np.float32(1.4144694), np.float32(1.284436)]"
2018-02-14 02:32:00+00:00,72.35301,1,LOEO,15,"[np.float32(-1993.4746), np.float32(-65.281906), np.float32(-14.508045), np.float32(-11.445061), np.float32(5.51115), np.float32(18.321222), np.float32(9.985285), np.float32(-1.3018925), np.float32(0.8196238), np.float32(7.7421455), np.float32(-14.394753), np.float32(-9.291444), np.float32(84.657166), np.float32(-25.425138), np.float32(-33.714527), np.float32(-0.46040085), np.float32(-1.5487252), np.float32(-1.0162461), np.float32(0.371505), np.float32(-1.0231166), np.float32(0.7815812), np.float32(-1.8137949), np.float32(-0.98814255), np.float32(2.9951718), np.float32(4.9744825), np.float32(-2.3728504), np.float32(-0.14515181), np.float32(1.6445682), np.float32(-1.1690062), np.float32(-0.32368317), np.float32(-0.69793075), np.float32(-4.0388575)]","[np.float32(-1.9121814), np.float32(-1.0799079), np.float32(0.0101069845), np.float32(0.008421943), np.float32(0.31710142), np.float32(0.5505406), np.float32(0.96260816), np.float32(0.2687627), np.float32(0.8891603), np.float32(0.4884489), np.float32(-0.7360712), np.float32(-0.58176816), np.float32(0.23736107), np.float32(0.030915163), np.float32(0.32207343), np.float32(0.10943229), np.float32(-0.63459146), np.float32(-0.24427903), np.float32(-0.14337218), np.float32(0.1454303), np.float32(0.26454043), np.float32(-0.17257513), np.float32(0.23647898), np.float32(-0.16705546), np.float32(-0.14895791), np.float32(-0.050778165), np.float32(0.2722005), np.float32(-0.03824323), np.float32(0.12096912), np.float32(0.033987273), np.float32(-0.053633027), np.float32(0.03745061)]","[np.float32(2.0163732), np.float32(1.0439677), np.float32(0.97537404), np.float32(1.0836873), np.float32(1.0370358), np.float32(1.0910484), np.float32(1.2807531), np.float32(0.95527756), np.float32(1.487416), np.float32(0.933309), np.float32(1.2579433), np.float32(1.2997386), np.float32(1.9507316), np.float32(0.9249911), np.float32(0.9284978), np.float32(0.91491246), np.float32(1.5147921), np.float32(1.3111987), np.float32(1.2260106), np.float32(1.0627701), np.float32(0.97740006), np.float32(1.3408856), np.float32(1.1580181), np.float32(1.3992246), np.float32(1.330994), np.float32(1.3197104), np.float32(1.1708905), np.float32(1.6681442), np.float32(0.9917216), np.float32(1.2763593), np.float32(1.414781), np.float32(1.2845064)]"
2018-02-14 02:33:00+00:00,72.58331,1,LOEO,15,"[np.float32(-1991.809), np.float32(-65.70051), np.float32(-14.384269), np.float32(-11.92518), np.float32(5.3065376), np.float32(17.02446), np.float32(11.686832), np.float32(-1.332605), np.float32(1.1733345), np.float32(7.9959764), np.float32(-14.049738), np.float32(-8.536583), np.float32(85.24639), np.float32(-25.631962), np.float32(-33.452503), np.float32(-1.842892), np.float32(5.155785), np.float32(0.87248653), np.float32(-0.28708598), np.float32(-1.1746123), np.float32(1.480694), np.float32(-2.5510874), np.float32(-3.1366785), np.float32(3.1460314), np.float32(5.2805514), np.float32(-1.9566092), np.float32(1.3415759), np.float32(1.4381012), np.float32(-1.4198087), np.float32(0.72754824), np.float32(-0.5097832), np.float32(1.3870127)]","[np.float32(-1.9120939), np.float32(-1.0798968), np.float32(0.010060967), np.float32(0.008399695), np.float32(0.3170321), np.float32(0.5504897), np.float32(0.96261245), np.float32(0.26876923), np.float32(0.8891251), np.float32(0.4884353), np.float32(-0.7360768), np.float32(-0.58173776), np.float32(0.2373722), np.float32(0.03089764), np.float32(0.32208425), np.float32(0.10945981), np.float32(-0.63450384), np.float32(-0.24421102), np.float32(-0.14335279), np.float32(0.14550431), np.float32(0.26455897), np.float32(-0.17262115), np.float32(0.23644249), np.float32(-0.16706066), np.float32(-0.14895335), np.float32(-0.050805822), np.float32(0.27218202), np.float32(-0.038250025), np.float32(0.1209047), np.float32(0.034016173), np.float32(-0.053576715), np.float32(0.03747671)]","[np.float32(2.0164971), np.float32(1.0440471), np.float32(0.9753947), np.float32(1.0837291), np.float32(1.0370958), np.float32(1.0910983), np.float32(1.2808541), np.float32(0.95530695), np.float32(1.4875633), np.float32(0.9333205), np.float32(1.2579763), np.float32(1.2998074), np.float32(1.9508429), np.float32(0.9250412), np.float32(0.92852926), np.float32(0.91491795), np.float32(1.5148637), np.float32(1.3112988), np.float32(1.2260557), np.float32(1.0627937), np.float32(0.97741365), np.float32(1.3409528), np.float32(1.1581191), np.float32(1.3992916), np.float32(1.3310468), np.float32(1.3197029), np.float32(1.1708992), np.float32(1.6682986), np.float32(0.9917573), np.float32(1.2764165), np.float32(1.4148906), np.float32(1.2845311)]"
2018-02-14 02:34:00+00:00,72.49543,1,LOEO,15,"[np.float32(-1990.2577), np.float32(-66.75989), np.float32(-14.319322), np.float32(-11.988773), np.float32(4.8504324), np.float32(16.611433), np.float32(10.363158), np.float32(0.6925761), np.float32(-1.1771002), np.float32(4.855818), np.float32(-14.87084), np.float32(-8.125958), np.float32(84.9645), np.float32(-26.03373), np.float32(-32.890995), np.float32(-0.0926801), np.float32(-3.5072682), np.float32(-0.6176714), np.float32(0.18846253), np.float32(-1.0993114), np.float32(1.3781499), np.float32(-2.9288692), np.float32(-5.432347), np.float32(3.350855), np.float32(8.026051), np.float32(-2.0503988), np.float32(-0.52792525), np.float32(1.135013), np.float32(0.68581384), np.float32(-0.16393642), np.float32(-1.7756261), np.float32(-4.213953)]","[np.float32(-1.912149), np.float32(-1.0799037), np.float32(0.010090076), np.float32(0.008413702), np.float32(0.31707585), np.float32(0.5505219), np.float32(0.9626098), np.float32(0.2687651), np.float32(0.8891474), np.float32(0.48844397), np.float32(-0.7360732), np.float32(-0.58175695), np.float32(0.23736513), np.float32(0.030908741), np.float32(0.32207745), np.float32(0.10944238), np.float32(-0.6345592), np.float32(-0.24425402), np.float32(-0.14336506), np.float32(0.14545755), np.float32(0.26454723), np.float32(-0.172592), np.float32(0.23646557), np.float32(-0.16705735), np.float32(-0.14895624), np.float32(-0.050788358), np.float32(0.27219367), np.float32(-0.038245715), np.float32(0.120945424), np.float32(0.033997897), np.float32(-0.053612314), np.float32(0.037460208)]","[np.float32(2.0164185), np.float32(1.043997), np.float32(0.97538173), np.float32(1.0837027), np.float32(1.0370579), np.float32(1.0910667), np.float32(1.2807903), np.float32(0.9552884), np.float32(1.4874701), np.float32(0.93331325), np.float32(1.2579554), np.float32(1.2997642), np.float32(1.9507724), np.float32(0.92500955), np.float32(0.92850935), np.float32(0.9149145), np.float32(1.5148185), np.float32(1.3112355), np.float32(1.2260271), np.float32(1.0627788), np.float32(0.97740513), np.float32(1.3409102), np.float32(1.1580553), np.float32(1.3992492), np.float32(1.3310137), np.float32(1.3197076), np.float32(1.1708938), np.float32(1.6682011), np.float32(0.9917346), np.float32(1.2763803), np.float32(1.4148213), np.float32(1.2845156)]"
2018-02-14 02:35:00+00:00,72.46252,1,LOEO,15,"[np.float32(-1991.5669), np.float32(-65.99322), np.float32(-14.294433), np.float32(-12.12164), np.float32(4.9965067), np.float32(16.43179), np.float32(11.058206), np.float32(-0.8103116), np.float32(0.8210319), np.float32(6.7425513), np.float32(-14.188122), np.float32(-8.673458), np.float32(84.61221), np.float32(-25.951757), np.float32(-34.069714), np.float32(-0.8026324), np.float32(0.85417825), np.float32(0.31689766), np.float32(-0.35250488), np.float32(-1.5535126), np.float32(1.1915928), np.float32(-2.549361), np.float32(-3.9749868), np.float32(3.8577056), np.float32(5.2419133), np.float32(-2.7575529), np.float32(1.5793245), np.float32(1.7447662), np.float32(-3.1423879), np.float32(0.048299696), np.float32(-0.96360666), np.float32(-1.6245065)]","[np.float32(-1.911854), np.float32(-1.0798663), np.float32(0.009935061), np.float32(0.008338876), np.float32(0.31684247), np.float32(0.55035), np.float32(0.96262366), np.float32(0.26878724), np.float32(0.88902843), np.float32(0.4883982), np.float32(-0.7360918), np.float32(-0.5816549), np.float32(0.23740254), np.float32(0.030849867), np.float32(0.32211378), np.float32(0.10953517), np.float32(-0.63426393), np.float32(-0.2440252), np.float32(-0.14329973), np.float32(0.14570716), np.float32(0.26460952), np.float32(-0.17274712), np.float32(0.23634262), np.float32(-0.16707478), np.float32(-0.14894083), np.float32(-0.050881535), np.float32(0.27213115), np.float32(-0.038268723), np.float32(0.12072842), np.float32(0.03409538), np.float32(-0.053422555), np.float32(0.037548058)]","[np.float32(2.0168366), np.float32(1.0442648), np.float32(0.9754512), np.float32(1.0838436), np.float32(1.0372596), np.float32(1.091235), np.float32(1.2811308), np.float32(0.9553872), np.float32(1.487967), np.float32(0.9333521), np.float32(1.2580669), np.float32(1.2999959), np.float32(1.9511474), np.float32(0.9251781), np.float32(0.92861545), np.float32(0.91493297), np.float32(1.5150601), np.float32(1.3115731), np.float32(1.2261797), np.float32(1.0628585), np.float32(0.97745085), np.float32(1.3411369), np.float32(1.1583954), np.float32(1.3994758), np.float32(1.3311913), np.float32(1.319683), np.float32(1.1709234), np.float32(1.6687211), np.float32(0.9918552), np.float32(1.2765734), np.float32(1.4151905), np.float32(1.284599)]"
2018-02-14 02:36:00+00:00,72.47887,1,LOEO,15,"[np.float32(-1990.5066), np.float32(-66.576324), np.float32(-14.334967), np.float32(-12.031256), np.float32(4.8208146), np.float32(16.7706), np.float32(11.068888), np.float32(-1.4267653), np.float32(0.7196231), np.float32(6.8500347), np.float32(-13.097701), np.float32(-8.432704), np.float32(84.74283), np.float32(-25.937744), np.float32(-33.512703), np.float32(-0.018722098), np.float32(-2.4410787), np.float32(-0.7462032), np.float32(0.42254078), np.float32(-1.4174073), np.float32(0.91675824), np.float32(-2.715385), np.float32(-3.8417652), np.float32(3.994525), np.float32(6.671003), np.float32(-3.5878243), np.float32(0.08530065), np.float32(1.7594453), np.float32(-0.45417744), np.float32(-0.4090535), np.float32(-1.9350883), np.float32(-3.9904325)]","[np.float32(-1.9120102), np.float32(-1.0798861), np.float32(0.010016992), np.float32(0.008378364), np.float32(0.316966), np.float32(0.55044097), np.float32(0.96261626), np.float32(0.26877552), np.float32(0.8890913), np.float32(0.48842242), np.float32(-0.736082), np.float32(-0.5817089), np.float32(0.23738275), np.float32(0.030880973), np.float32(0.3220946), np.float32(0.10948613), np.float32(-0.63442004), np.float32(-0.2441462), np.float32(-0.14333427), np.float32(0.14557518), np.float32(0.26457655), np.float32(-0.17266516), np.float32(0.2364076), np.float32(-0.16706558), np.float32(-0.14894897), np.float32(-0.050832257), np.float32(0.27216426), np.float32(-0.038256567), np.float32(0.12084313), np.float32(0.034043852), np.float32(-0.053522855), np.float32(0.037501603)]","[np.float32(2.0166156), np.float32(1.0441233), np.float32(0.97541445), np.float32(1.0837691), np.float32(1.037153), np.float32(1.0911461), np.float32(1.2809507), np.float32(0.95533496), np.float32(1.4877044), np.float32(0.93333155), np.float32(1.2580079), np.float32(1.2998734), np.float32(1.9509493), np.float32(0.92508906), np.float32(0.9285594), np.float32(0.9149232), np.float32(1.5149324), np.float32(1.3113947), np.float32(1.226099), np.float32(1.0628164), np.float32(0.9774267), np.float32(1.341017), np.float32(1.1582156), np.float32(1.399356), np.float32(1.3310972), np.float32(1.319696), np.float32(1.1709077), np.float32(1.6684462), np.float32(0.9917915), np.float32(1.2764714), np.float32(1.4149952), np.float32(1.2845547)]"
2018-02-14 02:37:00+00:00,72.61645,1,LOEO,15,"[np.float32(-1990.3638), np.float32(-66.60507), np.float32(-14.326173), np.float32(-12.270845), np.float32(4.610903), np.float32(16.762741), np.float32(10.822016), np.float32(-1.098138), np.float32(0.29795593), np.float32(6.0306826), np.float32(-12.996642), np.float32(-8.238624), np.float32(84.715775), np.float32(-25.992727), np.float32(-33.581764), np.float32(0.2952769), np.float32(-3.3184547), np.float32(0.3449459), np.float32(-0.15330693), np.float32(-0.60187805), np.float32(1.0165833), np.float32(-4.2915173), np.float32(-5.743808), np.float32(3.877876), np.float32(6.978385), np.float32(-3.7705853), np.float32(0.5228723), np.float32(1.8157128), np.float32(-1.8348745), np.float32(-0.90216774), np.float32(-1.9092119), np.float32(-4.0952463)]","[np.float32(-1.9120142), np.float32(-1.0798866), np.float32(0.0100192595), np.float32(0.008379504), np.float32(0.31696936), np.float32(0.5504434), np.float32(0.96261615), np.float32(0.26877525), np.float32(0.8890931), np.float32(0.488423), np.float32(-0.7360818), np.float32(-0.58171034), np.float32(0.23738223), np.float32(0.030881852), np.float32(0.32209405), np.float32(0.10948477), np.float32(-0.63442445), np.float32(-0.24414948), np.float32(-0.1433352), np.float32(0.14557153), np.float32(0.26457572), np.float32(-0.1726629), np.float32(0.23640938), np.float32(-0.16706535), np.float32(-0.1489492), np.float32(-0.0508309), np.float32(0.2721652), np.float32(-0.03825621), np.float32(0.12084629), np.float32(0.03404243), np.float32(-0.05352562), np.float32(0.037500322)]","[np.float32(2.0166097), np.float32(1.0441194), np.float32(0.97541344), np.float32(1.083767), np.float32(1.03715), np.float32(1.0911436), np.float32(1.2809458), np.float32(0.95533353), np.float32(1.4876972), np.float32(0.9333311), np.float32(1.2580062), np.float32(1.29987), np.float32(1.9509438), np.float32(0.92508656), np.float32(0.9285578), np.float32(0.9149229), np.float32(1.5149289), np.float32(1.3113897), np.float32(1.2260969), np.float32(1.0628153), np.float32(0.977426), np.float32(1.3410138), np.float32(1.1582106), np.float32(1.3993528), np.float32(1.3310947), np.float32(1.3196963), np.float32(1.1709074), np.float32(1.6684384), np.float32(0.99178976), np.float32(1.2764684), np.float32(1.41499), np.float32(1.2845535)]"
2018-02-14 02:38:00+00:00,72.47723,1,LOEO,15,"[np.float32(-1992.0902), np.float32(-65.320305), np.float32(-14.299659), np.float32(-11.691922), np.float32(5.389613), np.float32(16.501352), np.float32(10.696642), np.float32(0.55204433), np.float32(0.85317814), np.float32(7.01054), np.float32(-12.973302), np.float32(-8.274185), np.float32(84.98265), np.float32(-25.947714), np.float32(-33.85312), np.float32(-2.906659), np.float32(2.8617206), np.float32(0.29491583), np.float32(-0.78050894), np.float32(-1.1412694), np.float32(0.9643205), np.float32(-2.8831828), np.float32(-4.384259), np.float32(2.9142656), np.float32(5.2806454), np.float32(-3.1928177), np.float32(0.8429064), np.float32(1.7851262), np.float32(-3.9043486), np.float32(-0.9509431), np.float32(-0.28600514), np.float32(-0.081579424)]","[np.float32(-1.9119267), np.float32(-1.0798756), np.float32(0.009973238), np.float32(0.008357324), np.float32(0.31690007), np.float32(0.55039227), np.float32(0.96262044), np.float32(0.26878175), np.float32(0.8890578), np.float32(0.48840946), np.float32(-0.7360872), np.float32(-0.5816802), np.float32(0.23739336), np.float32(0.030864336), np.float32(0.32210487), np.float32(0.10951232), np.float32(-0.63433677), np.float32(-0.24408153), np.float32(-0.14331582), np.float32(0.1456457), np.float32(0.2645942), np.float32(-0.17270897), np.float32(0.23637286), np.float32(-0.16707054), np.float32(-0.14894465), np.float32(-0.050858587), np.float32(0.27214652), np.float32(-0.038263064), np.float32(0.12078188), np.float32(0.034071427), np.float32(-0.053469278), np.float32(0.03752643)]","[np.float32(2.0167334), np.float32(1.0441989), np.float32(0.97543406), np.float32(1.0838088), np.float32(1.0372099), np.float32(1.0911936), np.float32(1.281047), np.float32(0.9553629), np.float32(1.4878448), np.float32(0.9333426), np.float32(1.2580394), np.float32(1.2999388), np.float32(1.9510553), np.float32(0.92513657), np.float32(0.92858934), np.float32(0.9149284), np.float32(1.5150006), np.float32(1.3114899), np.float32(1.2261422), np.float32(1.0628389), np.float32(0.9774396), np.float32(1.3410811), np.float32(1.1583116), np.float32(1.3994199), np.float32(1.3311477), np.float32(1.319689), np.float32(1.1709161), np.float32(1.6685929), np.float32(0.9918256), np.float32(1.2765259), np.float32(1.4150996), np.float32(1.2845784)]"
2018-02-14 02:39:00+00:00,72.925575,1,LOEO,15,"[np.float32(-1991.0981), np.float32(-66.25149), np.float32(-11.811841), np.float32(-12.403014), np.float32(4.3174715), np.float32(-1.6441177), np.float32(-10.291276), np.float32(0.45026326), np.float32(-2.2264924), np.float32(0.31230494), np.float32(-7.09443), np.float32(-6.348677), np.float32(86.9007), np.float32(-24.976395), np.float32(-33.160904), np.float32(11.394194), np.float32(-2.5996947), np.float32(11.129394), np.float32(-7.4989), np.float32(-1.6930819), np.float32(4.5880985), np.float32(-8.986639), np.float32(-2.506984), np.float32(7.8463964), np.float32(5.3221464), np.float32(-2.555258), np.float32(-2.0625257), np.float32(1.347892), np.float32(1.5133013), np.float32(-2.1995027), np.float32(-0.20151366), np.float32(-3.6062102)]","[np.float32(-1.912045), np.float32(-1.0798905), np.float32(0.01003531), np.float32(0.008387372), np.float32(0.31699342), np.float32(0.5504612), np.float32(0.9626147), np.float32(0.26877293), np.float32(0.88910544), np.float32(0.48842782), np.float32(-0.73607975), np.float32(-0.58172095), np.float32(0.23737834), np.float32(0.030887887), np.float32(0.32209027), np.float32(0.10947514), np.float32(-0.63445497), np.float32(-0.24417314), np.float32(-0.14334202), np.float32(0.14554575), np.float32(0.26456922), np.float32(-0.17264684), np.float32(0.2364221), np.float32(-0.16706349), np.float32(-0.14895082), np.float32(-0.05082126), np.float32(0.27217165), np.float32(-0.038253814), np.float32(0.12086874), np.float32(0.034032356), np.float32(-0.053545274), np.float32(0.03749124)]","[np.float32(2.0165663), np.float32(1.0440917), np.float32(0.9754062), np.float32(1.0837525), np.float32(1.0371292), np.float32(1.0911261), np.float32(1.2809106), np.float32(0.95532334), np.float32(1.4876456), np.float32(0.93332696), np.float32(1.2579948), np.float32(1.2998459), np.float32(1.950905), np.float32(0.9250691), np.float32(0.92854685), np.float32(0.914921), np.float32(1.514904), np.float32(1.3113548), np.float32(1.2260809), np.float32(1.062807), np.float32(0.9774213), np.float32(1.3409903), np.float32(1.1581753), np.float32(1.3993294), np.float32(1.3310763), np.float32(1.3196988), np.float32(1.1709042), np.float32(1.6683844), np.float32(0.99177724), np.float32(1.2764486), np.float32(1.4149517), np.float32(1.2845448)]"
2018-02-14 02:40:00+00:00,72.458084,1,LOEO,15,"[np.float32(-1990.1028), np.float32(-66.76774), np.float32(-14.352861), np.float32(-12.176606), np.float32(4.6011896), np.float32(16.940697), np.float32(11.476206), np.float32(-1.2862184), np.float32(0.70920265), np.float32(6.470279), np.float32(-13.753157), np.float32(-8.7341385), np.float32(85.268456), np.float32(-25.648033), np.float32(-32.269333), np.float32(-0.24458285), np.float32(-3.32052), np.float32(-0.5987709), np.float32(-0.0737808), np.float32(-1.340855), np.float32(1.0286552), np.float32(-2.9050534), np.float32(-4.596265), np.float32(4.3270674), np.float32(6.911438), np.float32(-1.7948036), np.float32(0.19167042), np.float32(1.5914705), np.float32(0.46945727), np.float32(0.7114575), np.float32(-1.1711811), np.float32(-4.3852634)]","[np.float32(-1.9117439), np.float32(-1.0798523), np.float32(0.009877353), np.float32(0.008310907), np.float32(0.3167557), np.float32(0.550286), np.float32(0.9626289), np.float32(0.26879543), np.float32(0.8889842), np.float32(0.48838124), np.float32(-0.73609877), np.float32(-0.5816169), np.float32(0.23741648), np.float32(0.03082794), np.float32(0.32212734), np.float32(0.10956972), np.float32(-0.63415414), np.float32(-0.2439399), np.float32(-0.14327548), np.float32(0.14580004), np.float32(0.2646327), np.float32(-0.17280485), np.float32(0.2362968), np.float32(-0.16708124), np.float32(-0.14893514), np.float32(-0.050916225), np.float32(0.27210793), np.float32(-0.03827725), np.float32(0.1206477), np.float32(0.03413171), np.float32(-0.053351946), np.float32(0.03758076)]","[np.float32(2.016992), np.float32(1.0443647), np.float32(0.97547704), np.float32(1.0838959), np.float32(1.0373347), np.float32(1.0912977), np.float32(1.2812575), np.float32(0.9554241), np.float32(1.488152), np.float32(0.93336654), np.float32(1.2581081), np.float32(1.3000822), np.float32(1.9512872), np.float32(0.92524093), np.float32(0.9286549), np.float32(0.9149398), np.float32(1.5151501), np.float32(1.3116989), np.float32(1.2262365), np.float32(1.0628881), np.float32(0.97746783), np.float32(1.3412213), np.float32(1.1585219), np.float32(1.3995601), np.float32(1.3312575), np.float32(1.3196737), np.float32(1.1709343), np.float32(1.6689146), np.float32(0.9919001), np.float32(1.2766452), np.float32(1.4153279), np.float32(1.28463)]"
2018-02-14 02:41:00+00:00,72.53052,1,LOEO,15,"[np.float32(-1988.6537), np.float32(-67.518105), np.float32(-13.475763), np.float32(-12.421753), np.float32(4.2355323), np.float32(10.65024), np.float32(6.1100283), np.float32(-1.1026483), np.float32(1.6593703), np.float32(5.196306), np.float32(-13.341398), np.float32(-10.04949), np.float32(85.25893), np.float32(-26.092075), np.float32(-32.536327), np.float32(1.6527269), np.float32(-3.3607097), np.float32(1.1000915), np.float32(-2.8792565), np.float32(-4.100761), np.float32(1.809377), np.float32(-4.8094983), np.float32(-6.8676558), np.float32(3.9476995), np.float32(7.5917807), np.float32(-1.7025725), np.float32(1.2841823), np.float32(1.6268562), np.float32(-1.1190941), np.float32(0.798637), np.float32(-0.8761006), np.float32(-4.8585067)]","[np.float32(-1.9120243), np.float32(-1.0798879), np.float32(0.010024692), np.float32(0.008382179), np.float32(0.3169775), np.float32(0.5504495), np.float32(0.96261555), np.float32(0.26877445), np.float32(0.8890972), np.float32(0.48842457), np.float32(-0.73608094), np.float32(-0.5817139), np.float32(0.2373809), np.float32(0.030883893), np.float32(0.32209277), np.float32(0.10948151), np.float32(-0.63443464), np.float32(-0.2441575), np.float32(-0.14333749), np.float32(0.14556289), np.float32(0.26457345), np.float32(-0.17265745), np.float32(0.23641369), np.float32(-0.1670647), np.float32(-0.14894974), np.float32(-0.050827652), np.float32(0.27216735), np.float32(-0.038255427), np.float32(0.120853886), np.float32(0.034039017), np.float32(-0.05353228), np.float32(0.037497237)]","[np.float32(2.0165951), np.float32(1.0441101), np.float32(0.975411), np.float32(1.083762), np.float32(1.037143), np.float32(1.0911376), np.float32(1.2809339), np.float32(0.9553301), np.float32(1.4876797), np.float32(0.93332964), np.float32(1.2580023), np.float32(1.2998619), np.float32(1.9509306), np.float32(0.9250806), np.float32(0.9285541), np.float32(0.9149223), np.float32(1.5149205), np.float32(1.3113779), np.float32(1.2260916), np.float32(1.0628124), np.float32(0.9774244), np.float32(1.3410059), np.float32(1.1581987), np.float32(1.3993447), np.float32(1.3310884), np.float32(1.319697), np.float32(1.1709062), np.float32(1.6684203), np.float32(0.9917855), np.float32(1.2764617), np.float32(1.414977), np.float32(1.2845507)]"
2018-02-14 02:42:00+00:00,72.70049,1,LOEO,15,"[np.float32(-1989.5342), np.float32(-67.15126), np.float32(-14.31604), np.float32(-12.416811), np.float32(4.6957827), np.float32(16.710457), np.float32(10.955607), np.float32(-0.71121883), np.float32(0.07666815), np.float32(5.8690357), np.float32(-13.976123), np.float32(-8.434567), np.float32(84.88441), np.float32(-26.10247), np.float32(-32.774925), np.float32(-0.47632408), np.float32(-3.6101782), np.float32(-0.38343206), np.float32(-0.043048188), np.float32(-1.4322948), np.float32(1.00182), np.float32(-3.7131379), np.float32(-6.6808004), np.float32(4.235601), np.float32(7.4095154), np.float32(-3.6393352), np.float32(0.29267305), np.float32(2.2131398), np.float32(-1.9746014), np.float32(-0.8603728), np.float32(-0.97497517), np.float32(-4.9510436)]","[np.float32(-1.9118154), np.float32(-1.0798615), np.float32(0.009914869), np.float32(0.008328967), np.float32(0.3168122), np.float32(0.5503276), np.float32(0.9626256), np.float32(0.26879007), np.float32(0.88901305), np.float32(0.4883923), np.float32(-0.73609436), np.float32(-0.5816417), np.float32(0.23740743), np.float32(0.030842163), np.float32(0.32211855), np.float32(0.10954728), np.float32(-0.6342256), np.float32(-0.24399534), np.float32(-0.14329123), np.float32(0.1457397), np.float32(0.26461762), np.float32(-0.17276739), np.float32(0.23632656), np.float32(-0.16707706), np.float32(-0.14893886), np.float32(-0.05089368), np.float32(0.272123), np.float32(-0.03827173), np.float32(0.120700166), np.float32(0.034108084), np.float32(-0.053397834), np.float32(0.037559472)]","[np.float32(2.016891), np.float32(1.0442997), np.float32(0.97546023), np.float32(1.0838618), np.float32(1.0372859), np.float32(1.091257), np.float32(1.2811751), np.float32(0.9554001), np.float32(1.4880316), np.float32(0.9333572), np.float32(1.2580813), np.float32(1.3000262), np.float32(1.9511963), np.float32(0.92520016), np.float32(0.9286293), np.float32(0.91493535), np.float32(1.5150917), np.float32(1.3116173), np.float32(1.2261995), np.float32(1.062869), np.float32(0.9774568), np.float32(1.3411666), np.float32(1.1584398), np.float32(1.3995053), np.float32(1.3312145), np.float32(1.3196797), np.float32(1.1709273), np.float32(1.6687889), np.float32(0.99187094), np.float32(1.2765985), np.float32(1.4152386), np.float32(1.2846098)]"
2018-02-14 01:55:00+00:00,67.83679,0,LOEO,15,"[np.float32(-2005.2821), np.float32(-63.04121), np.float32(-14.312249), np.float32(-11.476569), np.float32(-1.8638265), np.float32(16.815928), np.float32(9.577205), np.float32(-0.14262661), np.float32(2.58739), np.float32(-0.28796613), np.float32(-4.4846478), np.float32(-3.3696716), np.float32(-6.0964403), np.float32(-0.4283199), np.float32(-1.521964), np.float32(-3.1438122), np.float32(8.776772), np.float32(0.50172186), np.float32(-1.5287311), np.float32(0.7474883), np.float32(0.6269604), np.float32(-1.7722512), np.float32(-0.725375), np.float32(-1.038212), np.float32(-0.6337799), np.float32(1.1666733), np.float32(1.4126295), np.float32(0.15416497), np.float32(-3.2738528), np.float32(1.8211739), np.float32(-1.5639077), np.float32(5.6362367)]","[np.float32(-1.9117436), np.float32(-1.0798521), np.float32(0.009877208), np.float32(0.008310795), np.float32(0.31675547), np.float32(0.5502859), np.float32(0.96262896), np.float32(0.2687955), np.float32(0.8889841), np.float32(0.4883812), np.float32(-0.7360989), np.float32(-0.58161676), np.float32(0.23741649), np.float32(0.030827887), np.float32(0.32212737), np.float32(0.10956978), np.float32(-0.63415384), np.float32(-0.2439397), np.float32(-0.14327541), np.float32(0.14580028), np.float32(0.2646327), np.float32(-0.17280506), np.float32(0.23629667), np.float32(-0.1670813), np.float32(-0.14893514), np.float32(-0.050916314), np.float32(0.27210787), np.float32(-0.038277265), np.float32(0.120647475), np.float32(0.03413183), np.float32(-0.053351745), np.float32(0.03758084)]","[np.float32(2.0169926), np.float32(1.0443648), np.float32(0.97547716), np.float32(1.083896), np.float32(1.0373349), np.float32(1.091298), np.float32(1.2812579), np.float32(0.95542413), np.float32(1.4881523), np.float32(0.9333666), np.float32(1.2581085), np.float32(1.3000824), np.float32(1.9512874), np.float32(0.9252412), np.float32(0.92865515), np.float32(0.9149398), np.float32(1.5151502), np.float32(1.3116992), np.float32(1.2262366), np.float32(1.0628883), np.float32(0.9774679), np.float32(1.3412216), np.float32(1.1585222), np.float32(1.3995606), np.float32(1.3312577), np.float32(1.3196737), np.float32(1.1709343), np.float32(1.6689153), np.float32(0.99190027), np.float32(1.2766454), np.float32(1.4153283), np.float32(1.2846302)]"
2018-02-14 01:54:00+00:00,67.50833,0,LOEO,15,"[np.float32(-2006.2379), np.float32(-63.054817), np.float32(-14.333255), np.float32(-12.021789), np.float32(-1.0119967), np.float32(16.791796), np.float32(9.231571), np.float32(-0.6268107), np.float32(1.9603553), np.float32(1.8708256), np.float32(-4.626458), np.float32(-3.0416522), np.float32(-6.231099), np.float32(0.51782715), np.float32(-0.6996259), np.float32(0.12748398), np.float32(-0.8859943), np.float32(-1.623836), np.float32(0.22390437), np.float32(0.032956664), np.float32(-1.4905257), np.float32(-0.10176325), np.float32(3.8172858), np.float32(1.1618006), np.float32(-2.766797), np.float32(0.9955965), np.float32(-2.3327885), np.float32(-1.6703515), np.float32(-2.8056743), np.float32(-0.7885746), np.float32(-2.5525944), np.float32(-1.0227975)]","[np.float32(-1.9117434), np.float32(-1.0798521), np.float32(0.009877117), np.float32(0.008310847), np.float32(0.31675547), np.float32(0.5502858), np.float32(0.96262896), np.float32(0.26879546), np.float32(0.88898414), np.float32(0.4883812), np.float32(-0.7360989), np.float32(-0.58161664), np.float32(0.23741649), np.float32(0.030827872), np.float32(0.32212743), np.float32(0.10956985), np.float32(-0.6341537), np.float32(-0.24393964), np.float32(-0.14327532), np.float32(0.14580038), np.float32(0.26463276), np.float32(-0.17280506), np.float32(0.23629658), np.float32(-0.16708128), np.float32(-0.14893511), np.float32(-0.050916344), np.float32(0.27210784), np.float32(-0.038277276), np.float32(0.12064734), np.float32(0.03413186), np.float32(-0.053351708), np.float32(0.037580855)]","[np.float32(2.016993), np.float32(1.044365), np.float32(0.97547716), np.float32(1.0838962), np.float32(1.0373349), np.float32(1.091298), np.float32(1.2812581), np.float32(0.9554242), np.float32(1.4881526), np.float32(0.93336666), np.float32(1.2581085), np.float32(1.3000824), np.float32(1.9512876), np.float32(0.9252412), np.float32(0.9286551), np.float32(0.9149398), np.float32(1.5151503), np.float32(1.3116994), np.float32(1.2262366), np.float32(1.0628884), np.float32(0.9774679), np.float32(1.3412216), np.float32(1.1585225), np.float32(1.3995606), np.float32(1.3312578), np.float32(1.3196737), np.float32(1.1709344), np.float32(1.6689153), np.float32(0.99190027), np.float32(1.2766454), np.float32(1.4153283), np.float32(1.2846303)]"
2018-02-14 01:53:00+00:00,68.0364,0,LOEO,15,"[np.float32(-2006.5518), np.float32(-63.41648), np.float32(-13.97387), np.float32(-11.962546), np.float32(-2.2397697), np.float32(14.465111), np.float32(7.32697), np.float32(0.13952418), np.float32(2.4465113), np.float32(-0.71453595), np.float32(-3.8481), np.float32(-3.9175825), np.float32(-6.234439), np.float32(-0.43924338), np.float32(-1.8468524), np.float32(-1.9883361), np.float32(6.7571554), np.float32(1.8472238), np.float32(-3.383521), np.float32(0.52493054), np.float32(1.251026), np.float32(-3.70969), np.float32(-5.274208), np.float32(-1.6419983), np.float32(1.4607526), np.float32(-0.67090714), np.float32(1.3042592), np.float32(-1.0303108), np.float32(-1.4538745), np.float32(0.0049407096), np.float32(-3.5048995), np.float32(6.969263)]","[np.float32(-1.9117436), np.float32(-1.0798522), np.float32(0.009877225), np.float32(0.008310832), np.float32(0.31675553), np.float32(0.5502859), np.float32(0.96262896), np.float32(0.26879543), np.float32(0.888984), np.float32(0.48838118), np.float32(-0.7360989), np.float32(-0.58161676), np.float32(0.23741649), np.float32(0.03082785), np.float32(0.32212737), np.float32(0.109569795), np.float32(-0.63415384), np.float32(-0.24393967), np.float32(-0.14327538), np.float32(0.14580028), np.float32(0.26463276), np.float32(-0.172805), np.float32(0.23629664), np.float32(-0.16708127), np.float32(-0.14893508), np.float32(-0.050916255), np.float32(0.27210778), np.float32(-0.03827727), np.float32(0.12064743), np.float32(0.03413186), np.float32(-0.053351738), np.float32(0.037580855)]","[np.float32(2.0169928), np.float32(1.0443648), np.float32(0.9754771), np.float32(1.0838962), np.float32(1.0373348), np.float32(1.091298), np.float32(1.2812579), np.float32(0.95542413), np.float32(1.4881521), np.float32(0.9333666), np.float32(1.2581085), np.float32(1.3000824), np.float32(1.9512874), np.float32(0.9252412), np.float32(0.9286551), np.float32(0.9149398), np.float32(1.5151502), np.float32(1.3116992), np.float32(1.2262366), np.float32(1.0628883), np.float32(0.9774679), np.float32(1.3412216), np.float32(1.1585222), np.float32(1.3995603), np.float32(1.3312577), np.float32(1.3196737), np.float32(1.1709344), np.float32(1.6689153), np.float32(0.99190027), np.float32(1.2766454), np.float32(1.4153283), np.float32(1.2846302)]"
2018-02-14 01:52:00+00:00,67.91424,0,LOEO,15,"[np.float32(-2005.5815), np.float32(-62.874126), np.float32(-14.365063), np.float32(-11.4048395), np.float32(-0.55771345), np.float32(17.230288), np.float32(8.046488), np.float32(-1.9492968), np.float32(2.552334), np.float32(3.3148594), np.float32(-3.2974946), np.float32(-2.9728363), np.float32(-6.3732886), np.float32(-0.22941263), np.float32(-0.9955191), np.float32(-1.1061932), np.float32(0.18930435), np.float32(-2.526799), np.float32(-0.5687002), np.float32(0.16806577), np.float32(-1.2304298), np.float32(1.7260691), np.float32(7.69099), np.float32(1.2553556), np.float32(-1.4522797), np.float32(-0.13138825), np.float32(-3.5795984), np.float32(-2.5371687), np.float32(6.2370925), np.float32(0.41724798), np.float32(-6.2792244), np.float32(0.022358766)]","[np.float32(-1.9117434), np.float32(-1.0798521), np.float32(0.00987714), np.float32(0.008310817), np.float32(0.31675538), np.float32(0.55028576), np.float32(0.96262896), np.float32(0.26879546), np.float32(0.88898414), np.float32(0.48838127), np.float32(-0.73609895), np.float32(-0.58161676), np.float32(0.23741652), np.float32(0.030827872), np.float32(0.32212746), np.float32(0.10956984), np.float32(-0.6341537), np.float32(-0.24393967), np.float32(-0.14327532), np.float32(0.14580038), np.float32(0.26463282), np.float32(-0.17280506), np.float32(0.2362966), np.float32(-0.16708128), np.float32(-0.14893514), np.float32(-0.050916344), np.float32(0.2721078), np.float32(-0.038277276), np.float32(0.12064734), np.float32(0.034131844), np.float32(-0.053351663), np.float32(0.03758087)]","[np.float32(2.016993), np.float32(1.044365), np.float32(0.97547716), np.float32(1.0838962), np.float32(1.0373349), np.float32(1.091298), np.float32(1.2812581), np.float32(0.9554242), np.float32(1.4881526), np.float32(0.93336666), np.float32(1.2581085), np.float32(1.3000824), np.float32(1.9512875), np.float32(0.9252412), np.float32(0.9286551), np.float32(0.9149398), np.float32(1.5151503), np.float32(1.3116994), np.float32(1.2262366), np.float32(1.0628884), np.float32(0.9774679), np.float32(1.3412216), np.float32(1.1585225), np.float32(1.3995606), np.float32(1.3312578), np.float32(1.3196737), np.float32(1.1709344), np.float32(1.6689154), np.float32(0.99190027), np.float32(1.2766454), np.float32(1.4153283), np.float32(1.2846303)]"
2018-02-14 01:51:00+00:00,68.21649,0,LOEO,15,"[np.float32(-2006.4294), np.float32(-63.456306), np.float32(-13.641142), np.float32(-11.825009), np.float32(-2.532997), np.float32(11.968785), np.float32(6.2382154), np.float32(-1.1756817), np.float32(4.748514), np.float32(0.39910465), np.float32(-3.6800199), np.float32(-5.219269), np.float32(-6.0840755), np.float32(-0.3202953), np.float32(-1.4211028), np.float32(0.39495698), np.float32(8.828868), np.float32(2.953923), np.float32(-3.7797327), np.float32(-0.7460543), np.float32(1.9859574), np.float32(-1.4805088), np.float32(-1.8526787), np.float32(-1.5761201), np.float32(1.295472), np.float32(1.4328364), np.float32(1.1238892), np.float32(-2.8961585), np.float32(7.0184484), np.float32(2.0457306), np.float32(-2.9376593), np.float32(7.2188244)]","[np.float32(-1.9117434), np.float32(-1.0798522), np.float32(0.009877173), np.float32(0.00831081), np.float32(0.3167554), np.float32(0.55028576), np.float32(0.96262896), np.float32(0.26879546), np.float32(0.88898414), np.float32(0.4883812), np.float32(-0.7360988), np.float32(-0.58161676), np.float32(0.23741649), np.float32(0.030827858), np.float32(0.32212743), np.float32(0.10956983), np.float32(-0.6341537), np.float32(-0.24393964), np.float32(-0.14327538), np.float32(0.14580037), np.float32(0.26463276), np.float32(-0.17280503), np.float32(0.23629664), np.float32(-0.16708131), np.float32(-0.14893511), np.float32(-0.050916314), np.float32(0.27210784), np.float32(-0.038277276), np.float32(0.1206474), np.float32(0.034131844), np.float32(-0.053351715), np.float32(0.037580855)]","[np.float32(2.0169928), np.float32(1.0443649), np.float32(0.97547716), np.float32(1.083896), np.float32(1.0373349), np.float32(1.091298), np.float32(1.281258), np.float32(0.95542413), np.float32(1.4881526), np.float32(0.9333666), np.float32(1.2581085), np.float32(1.3000824), np.float32(1.9512875), np.float32(0.9252412), np.float32(0.9286551), np.float32(0.9149398), np.float32(1.5151503), np.float32(1.3116994), np.float32(1.2262366), np.float32(1.0628883), np.float32(0.9774679), np.float32(1.3412216), np.float32(1.1585224), np.float32(1.3995605), np.float32(1.3312578), np.float32(1.3196737), np.float32(1.1709344), np.float32(1.6689153), np.float32(0.99190027), np.float32(1.2766454), np.float32(1.4153283), np.float32(1.2846302)]"
2018-02-14 01:50:00+00:00,67.54004,0,LOEO,15,"[np.float32(-2004.9916), np.float32(-63.054203), np.float32(-14.276051), np.float32(-11.594958), np.float32(-1.6246574), np.float32(16.544924), np.float32(8.874484), np.float32(-1.2158517), np.float32(2.5362592), np.float32(0.6344367), np.float32(-2.4814546), np.float32(-3.2644794), np.float32(-6.77649), np.float32(-0.49877623), np.float32(-1.7082494), np.float32(-0.5674939), np.float32(-0.4846899), np.float32(-2.0004342), np.float32(-0.7069712), np.float32(0.38146076), np.float32(-0.5125498), np.float32(1.335881), np.float32(3.0684261), np.float32(0.92582494), np.float32(0.48031318), np.float32(-0.6652832), np.float32(-2.9801683), np.float32(-1.1731824), np.float32(4.7731714), np.float32(0.95710254), np.float32(-6.053024), np.float32(0.44820657)]","[np.float32(-1.9117439), np.float32(-1.0798522), np.float32(0.009877257), np.float32(0.008310825), np.float32(0.31675565), np.float32(0.55028594), np.float32(0.96262896), np.float32(0.26879546), np.float32(0.8889841), np.float32(0.48838127), np.float32(-0.73609877), np.float32(-0.5816169), np.float32(0.23741648), np.float32(0.030827895), np.float32(0.32212737), np.float32(0.10956978), np.float32(-0.63415396), np.float32(-0.24393973), np.float32(-0.14327535), np.float32(0.14580019), np.float32(0.26463276), np.float32(-0.17280488), np.float32(0.23629673), np.float32(-0.16708125), np.float32(-0.14893517), np.float32(-0.050916284), np.float32(0.2721079), np.float32(-0.038277254), np.float32(0.12064749), np.float32(0.034131836), np.float32(-0.053351745), np.float32(0.037580863)]","[np.float32(2.0169926), np.float32(1.0443648), np.float32(0.97547716), np.float32(1.083896), np.float32(1.0373349), np.float32(1.0912979), np.float32(1.2812577), np.float32(0.95542413), np.float32(1.4881523), np.float32(0.93336666), np.float32(1.2581085), np.float32(1.3000824), np.float32(1.9512874), np.float32(0.9252411), np.float32(0.9286551), np.float32(0.9149398), np.float32(1.5151502), np.float32(1.3116992), np.float32(1.2262366), np.float32(1.0628883), np.float32(0.9774679), np.float32(1.3412216), np.float32(1.1585222), np.float32(1.3995606), np.float32(1.3312578), np.float32(1.3196738), np.float32(1.1709344), np.float32(1.6689152), np.float32(0.99190027), np.float32(1.2766453), np.float32(1.4153283), np.float32(1.2846302)]"
2018-02-14 01:49:00+00:00,67.77805,0,LOEO,15,"[np.float32(-2003.715), np.float32(-62.310764), np.float32(-14.308327), np.float32(-11.459715), np.float32(-1.0511823), np.float32(16.719637), np.float32(9.324983), np.float32(0.8282606), np.float32(3.5158565), np.float32(1.8389106), np.float32(-3.7807457), np.float32(-2.5727527), np.float32(-6.565729), np.float32(-0.9812679), np.float32(-2.2950387), np.float32(-3.70172), np.float32(10.28195), np.float32(0.6993151), np.float32(-1.5284125), np.float32(0.10593853), np.float32(0.25797838), np.float32(-0.87592125), np.float32(-0.14636973), np.float32(0.8495796), np.float32(-0.81473255), np.float32(0.3580654), np.float32(-0.20090568), np.float32(1.0677456), np.float32(-3.7642918), np.float32(1.7289361), np.float32(-2.8033504), np.float32(4.0222573)]","[np.float32(-1.9117434), np.float32(-1.0798522), np.float32(0.009877167), np.float32(0.008310832), np.float32(0.31675544), np.float32(0.5502858), np.float32(0.96262896), np.float32(0.2687954), np.float32(0.88898414), np.float32(0.48838115), np.float32(-0.7360989), np.float32(-0.58161676), np.float32(0.23741649), np.float32(0.030827917), np.float32(0.3221274), np.float32(0.10956981), np.float32(-0.6341537), np.float32(-0.24393967), np.float32(-0.14327535), np.float32(0.14580034), np.float32(0.26463276), np.float32(-0.17280503), np.float32(0.23629664), np.float32(-0.16708128), np.float32(-0.14893511), np.float32(-0.050916284), np.float32(0.27210784), np.float32(-0.038277246), np.float32(0.1206474), np.float32(0.03413186), np.float32(-0.053351715), np.float32(0.037580848)]","[np.float32(2.0169928), np.float32(1.0443648), np.float32(0.97547716), np.float32(1.0838962), np.float32(1.0373349), np.float32(1.091298), np.float32(1.281258), np.float32(0.9554242), np.float32(1.4881525), np.float32(0.9333666), np.float32(1.2581085), np.float32(1.3000824), np.float32(1.9512875), np.float32(0.9252412), np.float32(0.92865515), np.float32(0.9149398), np.float32(1.5151502), np.float32(1.3116993), np.float32(1.2262366), np.float32(1.0628883), np.float32(0.9774679), np.float32(1.3412216), np.float32(1.1585224), np.float32(1.3995605), np.float32(1.3312578), np.float32(1.3196737), np.float32(1.1709344), np.float32(1.6689153), np.float32(0.99190027), np.float32(1.2766454), np.float32(1.4153283), np.float32(1.2846302)]"
2018-02-14 01:48:00+00:00,67.30198,0,LOEO,15,"[np.float32(-2005.8707), np.float32(-63.27244), np.float32(-14.329196), np.float32(-11.4679785), np.float32(-1.8038193), np.float32(16.835188), np.float32(9.561084), np.float32(-0.41251788), np.float32(2.0069735), np.float32(0.3254196), np.float32(-5.024322), np.float32(-3.5541296), np.float32(-6.8066807), np.float32(-0.25455073), np.float32(-1.3272969), np.float32(0.5025749), np.float32(-2.1119487), np.float32(-1.2593863), np.float32(-0.64539057), np.float32(0.42402825), np.float32(-0.28069457), np.float32(-1.1589639), np.float32(0.43322793), np.float32(0.45746374), np.float32(-0.5726926), np.float32(1.3952551), np.float32(-0.23132108), np.float32(0.2653904), np.float32(-2.9568403), np.float32(1.742379), np.float32(-2.7886753), np.float32(-0.2354146)]","[np.float32(-1.9117434), np.float32(-1.0798522), np.float32(0.009877154), np.float32(0.00831078), np.float32(0.31675547), np.float32(0.55028576), np.float32(0.96262896), np.float32(0.2687955), np.float32(0.8889841), np.float32(0.48838124), np.float32(-0.73609877), np.float32(-0.58161676), np.float32(0.2374165), np.float32(0.030827902), np.float32(0.32212743), np.float32(0.109569825), np.float32(-0.6341537), np.float32(-0.24393967), np.float32(-0.14327529), np.float32(0.14580043), np.float32(0.26463276), np.float32(-0.17280503), np.float32(0.23629664), np.float32(-0.16708124), np.float32(-0.1489352), np.float32(-0.050916314), np.float32(0.27210787), np.float32(-0.038277313), np.float32(0.120647416), np.float32(0.034131918), np.float32(-0.05335167), np.float32(0.037580848)]","[np.float32(2.016993), np.float32(1.0443652), np.float32(0.97547716), np.float32(1.0838962), np.float32(1.037335), np.float32(1.091298), np.float32(1.2812581), np.float32(0.95542425), np.float32(1.4881527), np.float32(0.93336666), np.float32(1.2581087), np.float32(1.3000826), np.float32(1.9512875), np.float32(0.9252412), np.float32(0.9286551), np.float32(0.9149399), np.float32(1.5151503), np.float32(1.3116995), np.float32(1.2262367), np.float32(1.0628884), np.float32(0.9774679), np.float32(1.3412218), np.float32(1.1585225), np.float32(1.3995607), np.float32(1.3312578), np.float32(1.3196737), np.float32(1.1709344), np.float32(1.6689155), np.float32(0.99190027), np.float32(1.2766454), np.float32(1.4153284), np.float32(1.2846303)]"
2018-02-14 01:47:00+00:00,68.32116,0,LOEO,15,"[np.float32(-2004.4672), np.float32(-63.719032), np.float32(-13.569482), np.float32(-11.4154825), np.float32(-2.773916), np.float32(11.497711), np.float32(5.203449), np.float32(-0.41239458), np.float32(4.209425), np.float32(-1.6538153), np.float32(-3.875426), np.float32(-4.0479665), np.float32(-6.4384675), np.float32(-1.6017922), np.float32(-2.1184838), np.float32(-0.6146214), np.float32(13.184491), np.float32(4.53554), np.float32(-3.419656), np.float32(-1.2913612), np.float32(2.838531), np.float32(-2.6167789), np.float32(-8.495561), np.float32(-1.2570349), np.float32(4.229403), np.float32(-1.5688448), np.float32(0.7365167), np.float32(0.9325757), np.float32(0.7977027), np.float32(-0.1096597), np.float32(-1.9111679), np.float32(5.4536343)]","[np.float32(-1.9117434), np.float32(-1.0798521), np.float32(0.009877166), np.float32(0.0083108395), np.float32(0.3167554), np.float32(0.5502858), np.float32(0.96262896), np.float32(0.26879546), np.float32(0.88898414), np.float32(0.4883812), np.float32(-0.7360989), np.float32(-0.58161676), np.float32(0.23741649), np.float32(0.030827887), np.float32(0.32212743), np.float32(0.109569855), np.float32(-0.6341537), np.float32(-0.24393961), np.float32(-0.14327538), np.float32(0.14580034), np.float32(0.26463276), np.float32(-0.17280503), np.float32(0.23629661), np.float32(-0.16708128), np.float32(-0.14893511), np.float32(-0.050916314), np.float32(0.27210784), np.float32(-0.03827729), np.float32(0.120647326), np.float32(0.034131844), np.float32(-0.053351685), np.float32(0.037580855)]","[np.float32(2.016993), np.float32(1.0443649), np.float32(0.97547716), np.float32(1.0838962), np.float32(1.0373349), np.float32(1.091298), np.float32(1.2812581), np.float32(0.9554242), np.float32(1.4881526), np.float32(0.9333666), np.float32(1.2581085), np.float32(1.3000824), np.float32(1.9512875), np.float32(0.9252412), np.float32(0.9286551), np.float32(0.9149398), np.float32(1.5151503), np.float32(1.3116994), np.float32(1.2262366), np.float32(1.0628883), np.float32(0.9774679), np.float32(1.3412216), np.float32(1.1585224), np.float32(1.3995605), np.float32(1.3312578), np.float32(1.3196737), np.float32(1.1709344), np.float32(1.6689153), np.float32(0.99190027), np.float32(1.2766454), np.float32(1.4153283), np.float32(1.2846302)]"
2018-02-14 01:46:00+00:00,67.37776,0,LOEO,15,"[np.float32(-2006.3956), np.float32(-63.475952), np.float32(-14.289543), np.float32(-12.007824), np.float32(-2.3357763), np.float32(16.737894), np.float32(8.971798), np.float32(-0.6677806), np.float32(2.3727398), np.float32(-0.7745388), np.float32(-2.8057766), np.float32(-3.0364726), np.float32(-6.89091), np.float32(-0.18172972), np.float32(-1.8049737), np.float32(0.15516233), np.float32(-3.6777515), np.float32(-2.2881112), np.float32(-0.7761395), np.float32(0.72461027), np.float32(0.13677607), np.float32(-1.1094002), np.float32(-1.0506148), np.float32(-0.07171607), np.float32(1.3122803), np.float32(-1.1708643), np.float32(-0.7871591), np.float32(1.0033933), np.float32(0.47865674), np.float32(0.6505392), np.float32(-3.7638834), np.float32(0.24659798)]","[np.float32(-1.9117436), np.float32(-1.0798522), np.float32(0.009877227), np.float32(0.008310787), np.float32(0.31675562), np.float32(0.5502859), np.float32(0.96262896), np.float32(0.26879546), np.float32(0.8889841), np.float32(0.48838124), np.float32(-0.7360988), np.float32(-0.58161676), np.float32(0.2374165), np.float32(0.030827925), np.float32(0.3221274), np.float32(0.10956979), np.float32(-0.6341539), np.float32(-0.24393973), np.float32(-0.14327535), np.float32(0.14580023), np.float32(0.2646327), np.float32(-0.17280485), np.float32(0.2362967), np.float32(-0.16708124), np.float32(-0.14893517), np.float32(-0.050916284), np.float32(0.27210787), np.float32(-0.03827726), np.float32(0.120647505), np.float32(0.034131844), np.float32(-0.05335176), np.float32(0.037580833)]","[np.float32(2.0169926), np.float32(1.0443648), np.float32(0.9754771), np.float32(1.083896), np.float32(1.0373349), np.float32(1.0912979), np.float32(1.2812577), np.float32(0.95542413), np.float32(1.4881523), np.float32(0.93336666), np.float32(1.2581085), np.float32(1.3000823), np.float32(1.9512874), np.float32(0.9252411), np.float32(0.9286551), np.float32(0.9149398), np.float32(1.5151502), np.float32(1.3116992), np.float32(1.2262366), np.float32(1.0628883), np.float32(0.9774679), np.float32(1.3412216), np.float32(1.1585222), np.float32(1.3995606), np.float32(1.3312578), np.float32(1.3196738), np.float32(1.1709344), np.float32(1.6689152), np.float32(0.99190027), np.float32(1.2766453), np.float32(1.4153283), np.float32(1.2846302)]"
2018-02-14 01:45:00+00:00,67.68373,0,LOEO,15,"[np.float32(-2004.0812), np.float32(-62.70563), np.float32(-14.336725), np.float32(-11.58671), np.float32(-1.3455263), np.float32(16.821188), np.float32(9.585247), np.float32(0.4801612), np.float32(4.113048), np.float32(1.102), np.float32(-4.9264073), np.float32(-1.6711533), np.float32(-6.293577), np.float32(-0.64863247), np.float32(-1.840239), np.float32(-2.4672484), np.float32(11.469834), np.float32(0.96819), np.float32(-0.28029), np.float32(-0.011029096), np.float32(-0.07385082), np.float32(-0.52804685), np.float32(-0.3333994), np.float32(0.43999752), np.float32(-1.0324004), np.float32(-0.31212556), np.float32(0.3153428), np.float32(0.9544065), np.float32(-3.9122186), np.float32(1.3387502), np.float32(-2.4759474), np.float32(2.9244952)]","[np.float32(-1.9117434), np.float32(-1.079852), np.float32(0.009877128), np.float32(0.0083108395), np.float32(0.3167554), np.float32(0.55028576), np.float32(0.96262896), np.float32(0.2687955), np.float32(0.88898414), np.float32(0.4883812), np.float32(-0.7360989), np.float32(-0.58161676), np.float32(0.23741646), np.float32(0.030827872), np.float32(0.32212746), np.float32(0.10956983), np.float32(-0.6341537), np.float32(-0.24393964), np.float32(-0.14327534), np.float32(0.14580041), np.float32(0.26463276), np.float32(-0.17280506), np.float32(0.23629661), np.float32(-0.16708128), np.float32(-0.14893514), np.float32(-0.05091633), np.float32(0.27210787), np.float32(-0.03827727), np.float32(0.120647356), np.float32(0.034131844), np.float32(-0.053351656), np.float32(0.037580848)]","[np.float32(2.016993), np.float32(1.044365), np.float32(0.9754772), np.float32(1.0838962), np.float32(1.037335), np.float32(1.091298), np.float32(1.2812581), np.float32(0.9554242), np.float32(1.4881526), np.float32(0.93336666), np.float32(1.2581085), np.float32(1.3000824), np.float32(1.9512876), np.float32(0.9252412), np.float32(0.9286551), np.float32(0.9149398), np.float32(1.5151503), np.float32(1.3116994), np.float32(1.2262366), np.float32(1.0628884), np.float32(0.9774679), np.float32(1.3412216), np.float32(1.1585225), np.float32(1.3995606), np.float32(1.3312578), np.float32(1.3196735), np.float32(1.1709344), np.float32(1.6689153), np.float32(0.99190027), np.float32(1.2766454), np.float32(1.4153283), np.float32(1.2846303)]"
2018-02-14 01:44:00+00:00,67.658775,0,LOEO,15,"[np.float32(-2006.2106), np.float32(-63.900757), np.float32(-13.678428), np.float32(-11.713515), np.float32(-2.7894146), np.float32(12.273139), np.float32(5.146304), np.float32(1.9235028), np.float32(1.4846609), np.float32(-3.7617345), np.float32(-5.3352604), np.float32(-4.2493744), np.float32(-6.8229322), np.float32(-0.8263643), np.float32(-1.2484608), np.float32(3.0370917), np.float32(-4.16154), np.float32(-0.4695513), np.float32(-2.449392), np.float32(-1.2415895), np.float32(1.5558603), np.float32(-2.3901734), np.float32(-4.211571), np.float32(-0.78526825), np.float32(3.142706), np.float32(0.28045434), np.float32(-0.16574726), np.float32(2.3043442), np.float32(-0.22642758), np.float32(1.4992386), np.float32(-1.688182), np.float32(0.5209701)]","[np.float32(-1.9117436), np.float32(-1.0798522), np.float32(0.009877204), np.float32(0.008310802), np.float32(0.31675547), np.float32(0.55028576), np.float32(0.96262896), np.float32(0.26879546), np.float32(0.8889841), np.float32(0.48838115), np.float32(-0.7360989), np.float32(-0.58161676), np.float32(0.23741649), np.float32(0.030827887), np.float32(0.32212743), np.float32(0.109569825), np.float32(-0.6341537), np.float32(-0.24393967), np.float32(-0.14327537), np.float32(0.14580034), np.float32(0.26463282), np.float32(-0.172805), np.float32(0.23629664), np.float32(-0.16708128), np.float32(-0.14893511), np.float32(-0.050916284), np.float32(0.27210784), np.float32(-0.038277276), np.float32(0.120647386), np.float32(0.03413186), np.float32(-0.0533517), np.float32(0.037580848)]","[np.float32(2.0169928), np.float32(1.0443648), np.float32(0.9754771), np.float32(1.083896), np.float32(1.0373349), np.float32(1.091298), np.float32(1.2812579), np.float32(0.95542413), np.float32(1.4881523), np.float32(0.93336666), np.float32(1.2581085), np.float32(1.3000824), np.float32(1.9512874), np.float32(0.9252412), np.float32(0.9286551), np.float32(0.9149398), np.float32(1.5151502), np.float32(1.3116993), np.float32(1.2262366), np.float32(1.0628883), np.float32(0.9774679), np.float32(1.3412216), np.float32(1.1585222), np.float32(1.3995606), np.float32(1.3312577), np.float32(1.3196737), np.float32(1.1709344), np.float32(1.6689153), np.float32(0.99190027), np.float32(1.2766454), np.float32(1.4153283), np.float32(1.2846302)]"
2018-02-14 02:44:00+00:00,74.432556,1,LOEO,16,"[np.float32(-2046.5266), np.float32(-68.02882), np.float32(-14.457803), np.float32(-12.55729), np.float32(-4.535329), np.float32(4.8018813), np.float32(15.37368), np.float32(9.161315), np.float32(-0.92441565), np.float32(-1.732036), np.float32(12.809364), np.float32(-8.309662), np.float32(79.36274), np.float32(-31.625814), np.float32(-42.2054), np.float32(-1.5228904), np.float32(0.6575192), np.float32(-2.3179817), np.float32(-0.49102047), np.float32(-0.34029576), np.float32(-2.1692076), np.float32(1.1106495), np.float32(-0.5361822), np.float32(-3.530655), np.float32(4.476669), np.float32(6.58595), np.float32(-4.013366), np.float32(0.41266468), np.float32(1.7008808), np.float32(-0.6666167), np.float32(-0.4355669), np.float32(-2.149638)]","[np.float32(-1.841699), np.float32(-0.06750508), np.float32(-0.63444966), np.float32(-0.060006533), np.float32(-0.57926506), np.float32(-0.47839868), np.float32(0.44971535), np.float32(0.6461813), np.float32(0.5224159), np.float32(0.57609093), np.float32(0.65380025), np.float32(-0.84754956), np.float32(-0.13229059), np.float32(0.18624781), np.float32(0.1944763), np.float32(-0.095749594), np.float32(0.035690203), np.float32(-0.64499307), np.float32(-0.062271137), np.float32(-0.09362103), np.float32(0.09073351), np.float32(0.19053638), np.float32(-0.2643932), np.float32(0.3179891), np.float32(-0.20199946), np.float32(-0.18891524), np.float32(0.10938427), np.float32(-0.085409075), np.float32(-0.07235076), np.float32(0.11007913), np.float32(0.086050645), np.float32(0.1265599)]","[np.float32(1.5021793), np.float32(1.0045254), np.float32(0.9200742), np.float32(0.83517295), np.float32(0.80650747), np.float32(0.8642859), np.float32(1.1762352), np.float32(1.3237501), np.float32(1.1847335), np.float32(0.9793781), np.float32(1.2897713), np.float32(0.9133679), np.float32(1.1385769), np.float32(0.9524128), np.float32(1.1089942), np.float32(1.014536), np.float32(1.3877653), np.float32(1.2096415), np.float32(0.81040746), np.float32(1.0863463), np.float32(0.9768467), np.float32(1.1302302), np.float32(1.2820033), np.float32(1.2362201), np.float32(1.1361898), np.float32(1.0914146), np.float32(1.4055607), np.float32(1.4416715), np.float32(1.2296853), np.float32(1.4722235), np.float32(1.3680849), np.float32(1.2980762)]"
2018-02-14 02:45:00+00:00,74.218735,1,LOEO,16,"[np.float32(-2045.6538), np.float32(-68.276184), np.float32(-13.179834), np.float32(-12.530406), np.float32(-9.173611), np.float32(4.383308), np.float32(6.245746), np.float32(1.4123974), np.float32(0.0022821026), np.float32(1.4255708), np.float32(12.08233), np.float32(-8.762081), np.float32(80.193344), np.float32(-31.52577), np.float32(-42.10719), np.float32(-1.3597783), np.float32(0.5442487), np.float32(4.0651965), np.float32(-0.25831985), np.float32(-5.177038), np.float32(-5.7267942), np.float32(2.745417), np.float32(-1.2183967), np.float32(-5.073507), np.float32(2.051618), np.float32(7.697708), np.float32(-2.8753939), np.float32(0.66042674), np.float32(0.71531826), np.float32(0.1674485), np.float32(-1.3080335), np.float32(0.4107688)]","[np.float32(-1.8353754), np.float32(-0.06800847), np.float32(-0.63172686), np.float32(-0.06120083), np.float32(-0.57600135), np.float32(-0.47727114), np.float32(0.45031255), np.float32(0.6455514), np.float32(0.52153033), np.float32(0.5711149), np.float32(0.65339744), np.float32(-0.84786975), np.float32(-0.13175322), np.float32(0.1874464), np.float32(0.1945658), np.float32(-0.09637336), np.float32(0.036692314), np.float32(-0.6455287), np.float32(-0.06322276), np.float32(-0.091620296), np.float32(0.093576744), np.float32(0.19109121), np.float32(-0.26195085), np.float32(0.31554726), np.float32(-0.20197643), np.float32(-0.1896375), np.float32(0.10925755), np.float32(-0.08540327), np.float32(-0.072465666), np.float32(0.10977807), np.float32(0.08587341), np.float32(0.12571506)]","[np.float32(1.4991516), np.float32(1.0022836), np.float32(0.9199127), np.float32(0.8342936), np.float32(0.80395526), np.float32(0.8628697), np.float32(1.1757655), np.float32(1.3222436), np.float32(1.1845037), np.float32(0.97665113), np.float32(1.2882121), np.float32(0.91378355), np.float32(1.1346056), np.float32(0.95251954), np.float32(1.106793), np.float32(1.0137446), np.float32(1.3859873), np.float32(1.2088741), np.float32(0.81087893), np.float32(1.0840588), np.float32(0.9772523), np.float32(1.1295336), np.float32(1.2805967), np.float32(1.2351009), np.float32(1.1372019), np.float32(1.0900646), np.float32(1.4030826), np.float32(1.437458), np.float32(1.2281458), np.float32(1.4688033), np.float32(1.3665285), np.float32(1.2957698)]"
2018-02-14 02:46:00+00:00,74.39124,1,LOEO,16,"[np.float32(-2046.695), np.float32(-67.85516), np.float32(-14.705712), np.float32(-11.781403), np.float32(-4.413303), np.float32(5.118236), np.float32(17.14046), np.float32(10.750423), np.float32(-0.74063134), np.float32(-1.7788633), np.float32(13.233721), np.float32(-7.73866), np.float32(78.88178), np.float32(-31.596981), np.float32(-43.1881), np.float32(0.37021163), np.float32(-1.9690359), np.float32(-1.1456501), np.float32(-1.4175521), np.float32(0.13007417), np.float32(-1.6864417), np.float32(0.8405706), np.float32(-0.0972216), np.float32(-0.7925641), np.float32(4.7944694), np.float32(5.9443994), np.float32(-2.6575794), np.float32(0.40956783), np.float32(1.2142438), np.float32(1.5132451), np.float32(1.4770763), np.float32(-1.736818)]","[np.float32(-1.8312851), np.float32(-0.06833406), np.float32(-0.6299656), np.float32(-0.061973322), np.float32(-0.5738902), np.float32(-0.4765417), np.float32(0.45069894), np.float32(0.645144), np.float32(0.52095735), np.float32(0.567896), np.float32(0.6531369), np.float32(-0.84807676), np.float32(-0.13140567), np.float32(0.18822168), np.float32(0.19462371), np.float32(-0.09677682), np.float32(0.0373405), np.float32(-0.64587516), np.float32(-0.06383832), np.float32(-0.09032619), np.float32(0.095415935), np.float32(0.19145012), np.float32(-0.260371), np.float32(0.3139677), np.float32(-0.20196153), np.float32(-0.19010471), np.float32(0.10917558), np.float32(-0.085399546), np.float32(-0.07254003), np.float32(0.10958337), np.float32(0.08575882), np.float32(0.12516858)]","[np.float32(1.4971942), np.float32(1.0008351), np.float32(0.91980815), np.float32(0.833725), np.float32(0.8023072), np.float32(0.8619542), np.float32(1.1754619), np.float32(1.3212695), np.float32(1.1843549), np.float32(0.9748896), np.float32(1.287204), np.float32(0.91405237), np.float32(1.1320412), np.float32(0.95258856), np.float32(1.1053704), np.float32(1.013233), np.float32(1.3848381), np.float32(1.208378), np.float32(0.811184), np.float32(1.0825804), np.float32(0.9775147), np.float32(1.1290834), np.float32(1.2796873), np.float32(1.234377), np.float32(1.137857), np.float32(1.0891923), np.float32(1.401481), np.float32(1.4347354), np.float32(1.2271506), np.float32(1.466593), np.float32(1.3655224), np.float32(1.2942789)]"
2018-02-14 02:47:00+00:00,74.645676,1,LOEO,16,"[np.float32(-2043.2611), np.float32(-69.596664), np.float32(-14.327146), np.float32(-12.811392), np.float32(-9.3572), np.float32(4.2543287), np.float32(14.7330675), np.float32(8.215634), np.float32(-0.65067637), np.float32(0.6300131), np.float32(13.494486), np.float32(-5.884923), np.float32(79.49209), np.float32(-32.010506), np.float32(-41.964916), np.float32(-2.8280773), np.float32(1.3170924), np.float32(-0.82809883), np.float32(-1.162256), np.float32(-3.135049), np.float32(-6.195309), np.float32(1.8482285), np.float32(-0.8071692), np.float32(-6.853032), np.float32(2.9664786), np.float32(9.216488), np.float32(-2.4530892), np.float32(0.4945044), np.float32(0.27114934), np.float32(0.6004901), np.float32(0.48224854), np.float32(-1.7364905)]","[np.float32(-1.8358622), np.float32(-0.06796971), np.float32(-0.6319364), np.float32(-0.061108876), np.float32(-0.57625264), np.float32(-0.47735786), np.float32(0.4502666), np.float32(0.64559984), np.float32(0.52159834), np.float32(0.5714979), np.float32(0.65342844), np.float32(-0.84784514), np.float32(-0.1317946), np.float32(0.18735413), np.float32(0.19455889), np.float32(-0.09632533), np.float32(0.036615178), np.float32(-0.6454875), np.float32(-0.063149504), np.float32(-0.091774315), np.float32(0.093357906), np.float32(0.1910485), np.float32(-0.2621388), np.float32(0.3157352), np.float32(-0.20197822), np.float32(-0.18958193), np.float32(0.109267324), np.float32(-0.08540371), np.float32(-0.072456814), np.float32(0.109801255), np.float32(0.085887074), np.float32(0.12578006)]","[np.float32(1.4993843), np.float32(1.0024561), np.float32(0.9199251), np.float32(0.8343612), np.float32(0.80415154), np.float32(0.8629785), np.float32(1.1758016), np.float32(1.3223594), np.float32(1.1845213), np.float32(0.9768608), np.float32(1.2883321), np.float32(0.9137515), np.float32(1.1349112), np.float32(0.95251137), np.float32(1.1069623), np.float32(1.0138056), np.float32(1.3861243), np.float32(1.2089331), np.float32(0.81084263), np.float32(1.0842345), np.float32(0.9772211), np.float32(1.1295874), np.float32(1.2807049), np.float32(1.2351869), np.float32(1.1371241), np.float32(1.0901687), np.float32(1.4032732), np.float32(1.437782), np.float32(1.2282643), np.float32(1.4690665), np.float32(1.3666484), np.float32(1.2959472)]"
2018-02-14 02:48:00+00:00,74.50462,1,LOEO,16,"[np.float32(-2046.2203), np.float32(-67.99371), np.float32(-14.6849785), np.float32(-12.153948), np.float32(-5.077258), np.float32(4.8740063), np.float32(17.080841), np.float32(10.731854), np.float32(-0.2422577), np.float32(-1.6396931), np.float32(12.888096), np.float32(-7.708765), np.float32(79.38516), np.float32(-31.63713), np.float32(-42.28035), np.float32(-1.5579746), np.float32(-1.9563466), np.float32(-1.1457416), np.float32(-1.2618955), np.float32(-0.10348871), np.float32(-1.6462076), np.float32(1.0648198), np.float32(-0.10886694), np.float32(-3.601727), np.float32(4.746857), np.float32(6.7109647), np.float32(-3.0892723), np.float32(0.8137406), np.float32(2.1147912), np.float32(-0.80400294), np.float32(0.36507696), np.float32(-1.932396)]","[np.float32(-1.8336681), np.float32(-0.068144396), np.float32(-0.63099164), np.float32(-0.061523285), np.float32(-0.5751201), np.float32(-0.47696665), np.float32(0.45047382), np.float32(0.6453814), np.float32(0.52129114), np.float32(0.56977105), np.float32(0.65328866), np.float32(-0.8479561), np.float32(-0.13160814), np.float32(0.18777002), np.float32(0.19458994), np.float32(-0.09654182), np.float32(0.03696288), np.float32(-0.6456734), np.float32(-0.063479714), np.float32(-0.09108004), np.float32(0.09434451), np.float32(0.19124103), np.float32(-0.26129133), np.float32(0.31488785), np.float32(-0.20197023), np.float32(-0.18983252), np.float32(0.10922335), np.float32(-0.0854017), np.float32(-0.0724967), np.float32(0.10969675), np.float32(0.08582561), np.float32(0.12548696)]","[np.float32(1.4983339), np.float32(1.0016787), np.float32(0.91986907), np.float32(0.83405614), np.float32(0.80326706), np.float32(0.86248744), np.float32(1.1756388), np.float32(1.3218368), np.float32(1.1844416), np.float32(0.97591555), np.float32(1.2877911), np.float32(0.9138957), np.float32(1.1335348), np.float32(0.9525484), np.float32(1.106199), np.float32(1.0135311), np.float32(1.3855076), np.float32(1.2086669), np.float32(0.81100625), np.float32(1.0834414), np.float32(0.9773618), np.float32(1.1293457), np.float32(1.280217), np.float32(1.2347987), np.float32(1.1374755), np.float32(1.0897006), np.float32(1.4024138), np.float32(1.4363213), np.float32(1.2277304), np.float32(1.4678802), np.float32(1.3661087), np.float32(1.2951474)]"
2018-02-14 02:49:00+00:00,74.44578,1,LOEO,16,"[np.float32(-2045.2388), np.float32(-68.654015), np.float32(-14.017997), np.float32(-12.51972), np.float32(-4.911303), np.float32(4.7341113), np.float32(12.288888), np.float32(6.36899), np.float32(-0.5036796), np.float32(-0.6849194), np.float32(12.449615), np.float32(-7.9665112), np.float32(79.161865), np.float32(-31.889599), np.float32(-42.597343), np.float32(-1.4244691), np.float32(0.056757558), np.float32(-1.7114723), np.float32(-0.9313246), np.float32(-1.5324441), np.float32(-3.9411209), np.float32(1.3138824), np.float32(-0.95465535), np.float32(-5.138754), np.float32(4.251357), np.float32(8.025822), np.float32(-5.413576), np.float32(-1.0467464), np.float32(1.8586358), np.float32(0.073102556), np.float32(-1.7886678), np.float32(-2.814727)]","[np.float32(-1.8356949), np.float32(-0.067983076), np.float32(-0.6318644), np.float32(-0.061140466), np.float32(-0.5761664), np.float32(-0.47732806), np.float32(0.4502824), np.float32(0.64558315), np.float32(0.5215751), np.float32(0.5713662), np.float32(0.65341777), np.float32(-0.8478535), np.float32(-0.13178042), np.float32(0.18738581), np.float32(0.1945613), np.float32(-0.09634181), np.float32(0.03664168), np.float32(-0.6455017), np.float32(-0.063174665), np.float32(-0.091721386), np.float32(0.09343311), np.float32(0.1910632), np.float32(-0.26207423), np.float32(0.31567064), np.float32(-0.20197763), np.float32(-0.18960105), np.float32(0.10926397), np.float32(-0.08540358), np.float32(-0.07245983), np.float32(0.10979333), np.float32(0.085882366), np.float32(0.12575775)]","[np.float32(1.4993043), np.float32(1.0023967), np.float32(0.91992086), np.float32(0.834338), np.float32(0.80408406), np.float32(0.86294115), np.float32(1.1757892), np.float32(1.3223195), np.float32(1.1845154), np.float32(0.9767888), np.float32(1.2882909), np.float32(0.9137625), np.float32(1.1348063), np.float32(0.95251423), np.float32(1.1069041), np.float32(1.0137846), np.float32(1.3860773), np.float32(1.2089128), np.float32(0.81085503), np.float32(1.0841742), np.float32(0.9772318), np.float32(1.1295689), np.float32(1.2806678), np.float32(1.2351575), np.float32(1.1371509), np.float32(1.090133), np.float32(1.4032078), np.float32(1.4376708), np.float32(1.2282236), np.float32(1.4689761), np.float32(1.3666073), np.float32(1.2958864)]"
2018-02-14 02:50:00+00:00,74.66023,1,LOEO,16,"[np.float32(-2047.8385), np.float32(-67.34268), np.float32(-14.610087), np.float32(-12.179813), np.float32(-3.7574124), np.float32(5.231062), np.float32(16.382648), np.float32(10.211071), np.float32(-0.2107268), np.float32(-1.8052039), np.float32(13.754538), np.float32(-7.8611736), np.float32(79.10611), np.float32(-31.744595), np.float32(-42.547638), np.float32(3.4042947), np.float32(0.022457488), np.float32(-2.3238363), np.float32(-0.7205343), np.float32(0.38100934), np.float32(-2.449205), np.float32(0.27221322), np.float32(-0.20173676), np.float32(1.9859784), np.float32(3.9998727), np.float32(5.3854766), np.float32(-3.6793134), np.float32(-2.1524568), np.float32(-0.59224856), np.float32(7.010166), np.float32(1.7010096), np.float32(-2.756848)]","[np.float32(-1.8332037), np.float32(-0.068181336), np.float32(-0.6307919), np.float32(-0.061610892), np.float32(-0.5748807), np.float32(-0.4768839), np.float32(0.45051762), np.float32(0.64533514), np.float32(0.52122617), np.float32(0.56940603), np.float32(0.6532591), np.float32(-0.8479796), np.float32(-0.13156874), np.float32(0.187858), np.float32(0.19459653), np.float32(-0.09658756), np.float32(0.037036426), np.float32(-0.6457127), np.float32(-0.063549556), np.float32(-0.09093328), np.float32(0.094553106), np.float32(0.19128177), np.float32(-0.26111218), np.float32(0.31470862), np.float32(-0.20196855), np.float32(-0.18988556), np.float32(0.10921404), np.float32(-0.08540131), np.float32(-0.07250513), np.float32(0.10967473), np.float32(0.0858126), np.float32(0.12542492)]","[np.float32(1.4981122), np.float32(1.0015144), np.float32(0.9198572), np.float32(0.83399165), np.float32(0.8030801), np.float32(0.8623836), np.float32(1.1756043), np.float32(1.3217263), np.float32(1.1844248), np.float32(0.97571576), np.float32(1.2876768), np.float32(0.91392624), np.float32(1.1332439), np.float32(0.9525563), np.float32(1.1060377), np.float32(1.013473), np.float32(1.3853774), np.float32(1.2086108), np.float32(0.8110408), np.float32(1.0832738), np.float32(0.97739154), np.float32(1.1292946), np.float32(1.2801139), np.float32(1.2347165), np.float32(1.1375496), np.float32(1.0896015), np.float32(1.4022323), np.float32(1.4360124), np.float32(1.2276174), np.float32(1.4676298), np.float32(1.3659943), np.float32(1.2949783)]"
2018-02-14 02:51:00+00:00,74.49598,1,LOEO,16,"[np.float32(-2047.3771), np.float32(-67.648415), np.float32(-14.446633), np.float32(-12.411552), np.float32(-5.028567), np.float32(5.1082945), np.float32(15.286128), np.float32(9.302008), np.float32(-0.5562105), np.float32(-1.9648032), np.float32(13.431992), np.float32(-8.645496), np.float32(79.67079), np.float32(-31.274181), np.float32(-42.111183), np.float32(-3.6451173), np.float32(-0.44307688), np.float32(-0.86075383), np.float32(-1.2312182), np.float32(-0.47799), np.float32(-2.790487), np.float32(1.0748577), np.float32(-0.2284534), np.float32(-2.543112), np.float32(4.718598), np.float32(5.5383735), np.float32(-2.367298), np.float32(0.13647564), np.float32(2.6960182), np.float32(-2.8435688), np.float32(-0.19947025), np.float32(-1.3560104)]","[np.float32(-1.8357751), np.float32(-0.06797661), np.float32(-0.6318991), np.float32(-0.06112528), np.float32(-0.5762078), np.float32(-0.47734243), np.float32(0.45027483), np.float32(0.6455913), np.float32(0.5215862), np.float32(0.5714296), np.float32(0.65342295), np.float32(-0.8478495), np.float32(-0.13178724), np.float32(0.18737055), np.float32(0.19456011), np.float32(-0.09633388), np.float32(0.03662894), np.float32(-0.6454949), np.float32(-0.063162565), np.float32(-0.09174687), np.float32(0.0933969), np.float32(0.19105613), np.float32(-0.26210535), np.float32(0.31570163), np.float32(-0.20197791), np.float32(-0.18959184), np.float32(0.10926555), np.float32(-0.085403636), np.float32(-0.072458446), np.float32(0.10979713), np.float32(0.08588469), np.float32(0.12576853)]","[np.float32(1.4993428), np.float32(1.0024253), np.float32(0.91992295), np.float32(0.83434916), np.float32(0.8041165), np.float32(0.8629592), np.float32(1.1757953), np.float32(1.3223387), np.float32(1.1845182), np.float32(0.97682345), np.float32(1.2883108), np.float32(0.91375726), np.float32(1.1348568), np.float32(0.9525128), np.float32(1.1069323), np.float32(1.0137948), np.float32(1.3860999), np.float32(1.2089227), np.float32(0.8108491), np.float32(1.0842032), np.float32(0.9772266), np.float32(1.1295779), np.float32(1.2806857), np.float32(1.2351717), np.float32(1.137138), np.float32(1.0901501), np.float32(1.4032394), np.float32(1.4377242), np.float32(1.2282432), np.float32(1.4690195), np.float32(1.3666271), np.float32(1.2959155)]"
2018-02-14 02:52:00+00:00,74.43321,1,LOEO,16,"[np.float32(-2045.9386), np.float32(-68.27222), np.float32(-14.332053), np.float32(-12.530684), np.float32(-5.571934), np.float32(4.6937566), np.float32(14.543781), np.float32(8.38072), np.float32(-0.56528854), np.float32(-1.510763), np.float32(12.39142), np.float32(-8.235428), np.float32(79.27705), np.float32(-31.699398), np.float32(-42.246063), np.float32(-1.7692151), np.float32(-0.07042431), np.float32(-2.661295), np.float32(-0.73029464), np.float32(-0.54852134), np.float32(-2.7353117), np.float32(1.1576064), np.float32(-0.3046034), np.float32(-5.049202), np.float32(4.00442), np.float32(7.615115), np.float32(-4.031723), np.float32(-0.156757), np.float32(1.2777737), np.float32(0.021338519), np.float32(-1.3399231), np.float32(-2.02328)]","[np.float32(-1.8353807), np.float32(-0.068008065), np.float32(-0.6317293), np.float32(-0.061199803), np.float32(-0.5760042), np.float32(-0.47727206), np.float32(0.4503121), np.float32(0.6455519), np.float32(0.521531), np.float32(0.57111895), np.float32(0.6533978), np.float32(-0.8478694), np.float32(-0.13175373), np.float32(0.18744542), np.float32(0.19456571), np.float32(-0.096372835), np.float32(0.03669145), np.float32(-0.64552826), np.float32(-0.06322197), np.float32(-0.09162198), np.float32(0.09357436), np.float32(0.19109076), np.float32(-0.2619529), np.float32(0.31554922), np.float32(-0.20197648), np.float32(-0.18963692), np.float32(0.10925767), np.float32(-0.08540329), np.float32(-0.07246562), np.float32(0.10977832), np.float32(0.08587359), np.float32(0.12571576)]","[np.float32(1.4991537), np.float32(1.0022855), np.float32(0.9199128), np.float32(0.83429426), np.float32(0.8039574), np.float32(0.86287075), np.float32(1.1757661), np.float32(1.3222448), np.float32(1.1845038), np.float32(0.97665346), np.float32(1.2882134), np.float32(0.91378313), np.float32(1.1346091), np.float32(0.9525195), np.float32(1.106795), np.float32(1.0137453), np.float32(1.3859888), np.float32(1.2088747), np.float32(0.81087846), np.float32(1.0840605), np.float32(0.97725195), np.float32(1.1295345), np.float32(1.2805978), np.float32(1.2351019), np.float32(1.1372012), np.float32(1.090066), np.float32(1.4030848), np.float32(1.4374615), np.float32(1.2281473), np.float32(1.4688063), np.float32(1.36653), np.float32(1.2957717)]"
2018-02-14 02:53:00+00:00,74.528656,1,LOEO,16,"[np.float32(-2046.4204), np.float32(-67.97663), np.float32(-14.39143), np.float32(-12.6711645), np.float32(-4.9239964), np.float32(4.690546), np.float32(14.919164), np.float32(9.187358), np.float32(-0.48284662), np.float32(-1.2989112), np.float32(13.061822), np.float32(-8.82841), np.float32(79.82674), np.float32(-31.16635), np.float32(-41.634388), np.float32(-5.528124), np.float32(0.7286452), np.float32(-1.6352079), np.float32(-0.63326216), np.float32(-0.4363818), np.float32(-2.8178847), np.float32(1.2978534), np.float32(-0.27855796), np.float32(-4.48734), np.float32(4.4611235), np.float32(6.254823), np.float32(-2.408991), np.float32(0.961601), np.float32(2.0280504), np.float32(-2.1616762), np.float32(-0.13130783), np.float32(-0.8680998)]","[np.float32(-1.8341498), np.float32(-0.068105996), np.float32(-0.6311992), np.float32(-0.061432283), np.float32(-0.5753689), np.float32(-0.47705257), np.float32(0.45042837), np.float32(0.64542925), np.float32(0.52135867), np.float32(0.5701504), np.float32(0.6533194), np.float32(-0.84793174), np.float32(-0.13164909), np.float32(0.18767871), np.float32(0.19458309), np.float32(-0.09649424), np.float32(0.036886536), np.float32(-0.64563257), np.float32(-0.06340721), np.float32(-0.09123258), np.float32(0.09412781), np.float32(0.19119877), np.float32(-0.2614775), np.float32(0.31507397), np.float32(-0.20197198), np.float32(-0.18977748), np.float32(0.10923302), np.float32(-0.085402176), np.float32(-0.07248795), np.float32(0.109719746), np.float32(0.08583911), np.float32(0.12555133)]","[np.float32(1.4985646), np.float32(1.0018494), np.float32(0.9198814), np.float32(0.83412313), np.float32(0.8034612), np.float32(0.8625953), np.float32(1.1756744), np.float32(1.3219515), np.float32(1.1844591), np.float32(0.97612315), np.float32(1.28791), np.float32(0.91386414), np.float32(1.133837), np.float32(0.9525402), np.float32(1.1063666), np.float32(1.0135914), np.float32(1.3856432), np.float32(1.2087255), np.float32(0.81097025), np.float32(1.0836157), np.float32(0.97733086), np.float32(1.1293987), np.float32(1.2803241), np.float32(1.2348839), np.float32(1.1373984), np.float32(1.0898032), np.float32(1.4026027), np.float32(1.4366419), np.float32(1.2278476), np.float32(1.468141), np.float32(1.366227), np.float32(1.295323)]"
2018-02-14 02:54:00+00:00,74.38111,1,LOEO,16,"[np.float32(-2048.1257), np.float32(-67.27602), np.float32(-14.304361), np.float32(-12.703935), np.float32(-4.9009805), np.float32(5.007577), np.float32(14.210325), np.float32(8.355168), np.float32(-0.58093405), np.float32(-1.7082552), np.float32(13.532197), np.float32(-8.566731), np.float32(79.361145), np.float32(-31.434645), np.float32(-42.49032), np.float32(-1.3893121), np.float32(0.49662793), np.float32(-1.7311716), np.float32(-0.36497694), np.float32(-1.4178803), np.float32(-2.788027), np.float32(1.2128725), np.float32(-0.63063735), np.float32(-4.240511), np.float32(4.1044526), np.float32(6.226203), np.float32(-2.5390873), np.float32(0.31941432), np.float32(1.2135755), np.float32(-0.71225286), np.float32(0.09680807), np.float32(-2.007414)]","[np.float32(-1.8344837), np.float32(-0.06807944), np.float32(-0.63134295), np.float32(-0.061369218), np.float32(-0.57554114), np.float32(-0.47711208), np.float32(0.4503968), np.float32(0.6454626), np.float32(0.5214054), np.float32(0.5704131), np.float32(0.6533406), np.float32(-0.84791493), np.float32(-0.13167748), np.float32(0.18761544), np.float32(0.19457844), np.float32(-0.09646133), np.float32(0.036833614), np.float32(-0.64560425), np.float32(-0.06335698), np.float32(-0.09133816), np.float32(0.09397772), np.float32(0.1911695), np.float32(-0.26160643), np.float32(0.31520283), np.float32(-0.20197318), np.float32(-0.18973936), np.float32(0.1092397), np.float32(-0.08540246), np.float32(-0.07248191), np.float32(0.109735616), np.float32(0.08584845), np.float32(0.12559593)]","[np.float32(1.4987245), np.float32(1.0019677), np.float32(0.91988987), np.float32(0.83416957), np.float32(0.8035958), np.float32(0.86266994), np.float32(1.1756992), np.float32(1.322031), np.float32(1.1844712), np.float32(0.9762669), np.float32(1.2879924), np.float32(0.9138421), np.float32(1.1340464), np.float32(0.95253456), np.float32(1.1064827), np.float32(1.0136331), np.float32(1.3857368), np.float32(1.2087659), np.float32(0.8109454), np.float32(1.0837363), np.float32(0.97730947), np.float32(1.1294354), np.float32(1.2803984), np.float32(1.2349429), np.float32(1.1373448), np.float32(1.0898746), np.float32(1.4027334), np.float32(1.4368643), np.float32(1.2279288), np.float32(1.4683213), np.float32(1.3663093), np.float32(1.2954447)]"
2018-02-14 02:55:00+00:00,74.73277,1,LOEO,16,"[np.float32(-2047.2769), np.float32(-67.675026), np.float32(-14.625749), np.float32(-12.64707), np.float32(-4.952846), np.float32(4.948225), np.float32(16.675293), np.float32(10.062161), np.float32(-0.75817066), np.float32(-1.9971498), np.float32(12.229837), np.float32(-7.796562), np.float32(79.303024), np.float32(-31.381544), np.float32(-42.533333), np.float32(-3.5307329), np.float32(-1.357849), np.float32(-2.6766925), np.float32(-1.4863307), np.float32(0.24065821), np.float32(-1.6756388), np.float32(0.8776312), np.float32(-0.21085188), np.float32(-4.3271995), np.float32(4.066248), np.float32(6.559437), np.float32(-3.8387918), np.float32(-0.5739895), np.float32(2.3640537), np.float32(-2.0831897), np.float32(-1.8096871), np.float32(-2.4019809)]","[np.float32(-1.8342391), np.float32(-0.0680989), np.float32(-0.63123745), np.float32(-0.061415456), np.float32(-0.57541484), np.float32(-0.47706845), np.float32(0.45041993), np.float32(0.6454382), np.float32(0.52137107), np.float32(0.5702206), np.float32(0.653325), np.float32(-0.8479272), np.float32(-0.13165669), np.float32(0.18766178), np.float32(0.19458187), np.float32(-0.09648543), np.float32(0.036872424), np.float32(-0.645625), np.float32(-0.063393764), np.float32(-0.091260776), np.float32(0.094087735), np.float32(0.19119093), np.float32(-0.26151192), np.float32(0.31510842), np.float32(-0.20197234), np.float32(-0.1897673), np.float32(0.109234795), np.float32(-0.085402235), np.float32(-0.07248632), np.float32(0.10972398), np.float32(0.08584157), np.float32(0.12556328)]","[np.float32(1.4986074), np.float32(1.0018811), np.float32(0.91988367), np.float32(0.8341356), np.float32(0.80349714), np.float32(0.8626152), np.float32(1.1756811), np.float32(1.3219728), np.float32(1.1844623), np.float32(0.9761616), np.float32(1.287932), np.float32(0.91385823), np.float32(1.1338929), np.float32(0.9525387), np.float32(1.1063976), np.float32(1.0136024), np.float32(1.385668), np.float32(1.2087363), np.float32(0.81096363), np.float32(1.0836478), np.float32(0.9773252), np.float32(1.1294087), np.float32(1.2803439), np.float32(1.2348999), np.float32(1.137384), np.float32(1.0898224), np.float32(1.4026375), np.float32(1.4367013), np.float32(1.2278694), np.float32(1.4681891), np.float32(1.3662491), np.float32(1.2953556)]"
2018-02-14 02:56:00+00:00,74.448105,1,LOEO,16,"[np.float32(-2044.768), np.float32(-68.84115), np.float32(-14.26077), np.float32(-12.675249), np.float32(-5.358428), np.float32(4.378837), np.float32(14.060261), np.float32(8.334289), np.float32(-0.7892701), np.float32(-0.70085096), np.float32(12.605447), np.float32(-8.610359), np.float32(79.698), np.float32(-31.711657), np.float32(-41.615387), np.float32(-1.7772982), np.float32(0.80727935), np.float32(-2.4111676), np.float32(-0.31236577), np.float32(-1.0441815), np.float32(-2.8811355), np.float32(1.3993077), np.float32(-0.95597917), np.float32(-5.7801366), np.float32(3.8368077), np.float32(8.204643), np.float32(-3.7598057), np.float32(0.442207), np.float32(1.1540439), np.float32(0.08896781), np.float32(-0.40261447), np.float32(-2.5350537)]","[np.float32(-1.8361688), np.float32(-0.06794532), np.float32(-0.6320686), np.float32(-0.061050966), np.float32(-0.5764107), np.float32(-0.47741255), np.float32(0.45023766), np.float32(0.64563054), np.float32(0.52164125), np.float32(0.57173896), np.float32(0.6534479), np.float32(-0.8478296), np.float32(-0.13182068), np.float32(0.18729599), np.float32(0.19455454), np.float32(-0.09629507), np.float32(0.036566556), np.float32(-0.64546144), np.float32(-0.06310337), np.float32(-0.09187132), np.float32(0.093220085), np.float32(0.19102162), np.float32(-0.2622573), np.float32(0.3158536), np.float32(-0.20197932), np.float32(-0.18954694), np.float32(0.10927349), np.float32(-0.08540402), np.float32(-0.072451234), np.float32(0.10981587), np.float32(0.08589567), np.float32(0.12582105)]","[np.float32(1.4995311), np.float32(1.0025648), np.float32(0.91993296), np.float32(0.8344038), np.float32(0.80427516), np.float32(0.8630472), np.float32(1.1758243), np.float32(1.3224326), np.float32(1.1845324), np.float32(0.97699296), np.float32(1.2884077), np.float32(0.9137314), np.float32(1.1351035), np.float32(0.9525062), np.float32(1.107069), np.float32(1.0138439), np.float32(1.3862104), np.float32(1.2089703), np.float32(0.81081975), np.float32(1.0843456), np.float32(0.9772014), np.float32(1.1296211), np.float32(1.2807732), np.float32(1.2352412), np.float32(1.137075), np.float32(1.090234), np.float32(1.4033934), np.float32(1.4379863), np.float32(1.228339), np.float32(1.4692323), np.float32(1.3667239), np.float32(1.296059)]"
2018-02-14 02:57:00+00:00,74.386566,1,LOEO,16,"[np.float32(-2047.0372), np.float32(-67.79508), np.float32(-14.336926), np.float32(-12.664135), np.float32(-5.0338926), np.float32(5.0121317), np.float32(14.529895), np.float32(8.386823), np.float32(-0.6144757), np.float32(-1.6372066), np.float32(12.625914), np.float32(-8.391144), np.float32(79.34771), np.float32(-31.547812), np.float32(-42.522663), np.float32(-1.7228104), np.float32(-0.43512592), np.float32(-1.7616496), np.float32(-1.3666072), np.float32(-0.8802828), np.float32(-2.7815511), np.float32(1.0117943), np.float32(-0.16325529), np.float32(-2.6614902), np.float32(4.4496975), np.float32(5.8495703), np.float32(-3.407238), np.float32(0.4847688), np.float32(1.7992469), np.float32(-0.93269235), np.float32(0.04817345), np.float32(-2.6388783)]","[np.float32(-1.833449), np.float32(-0.068161815), np.float32(-0.63089746), np.float32(-0.06156461), np.float32(-0.57500714), np.float32(-0.47692758), np.float32(0.4504945), np.float32(0.6453597), np.float32(0.5212605), np.float32(0.5695989), np.float32(0.6532747), np.float32(-0.84796727), np.float32(-0.13158958), np.float32(0.18781151), np.float32(0.19459304), np.float32(-0.09656337), np.float32(0.03699758), np.float32(-0.6456919), np.float32(-0.06351265), np.float32(-0.09101087), np.float32(0.09444286), np.float32(0.19126025), np.float32(-0.26120684), np.float32(0.31480333), np.float32(-0.20196944), np.float32(-0.18985753), np.float32(0.10921897), np.float32(-0.08540152), np.float32(-0.07250069), np.float32(0.10968638), np.float32(0.08581948), np.float32(0.12545775)]","[np.float32(1.4982294), np.float32(1.0016012), np.float32(0.9198634), np.float32(0.83402574), np.float32(0.80317885), np.float32(0.86243844), np.float32(1.1756226), np.float32(1.3217846), np.float32(1.1844336), np.float32(0.97582126), np.float32(1.2877373), np.float32(0.91391015), np.float32(1.1333976), np.float32(0.95255214), np.float32(1.1061229), np.float32(1.0135037), np.float32(1.3854463), np.float32(1.2086403), np.float32(0.8110226), np.float32(1.0833623), np.float32(0.9773758), np.float32(1.1293217), np.float32(1.2801684), np.float32(1.2347599), np.float32(1.1375104), np.float32(1.0896538), np.float32(1.4023281), np.float32(1.4361756), np.float32(1.2276771), np.float32(1.4677622), np.float32(1.3660547), np.float32(1.2950677)]"
2018-02-14 02:58:00+00:00,74.68938,1,LOEO,16,"[np.float32(-2045.6488), np.float32(-67.8703), np.float32(-14.72164), np.float32(-12.117123), np.float32(-5.2380667), np.float32(5.2297225), np.float32(17.206467), np.float32(11.113826), np.float32(1.1007036), np.float32(-1.3363578), np.float32(14.102189), np.float32(-6.9046626), np.float32(79.36337), np.float32(-31.961538), np.float32(-42.315746), np.float32(-1.2814691), np.float32(-1.9916822), np.float32(4.092144), np.float32(0.51011586), np.float32(0.6052392), np.float32(-2.347439), np.float32(1.2521491), np.float32(1.5563048), np.float32(-3.0736742), np.float32(5.8570786), np.float32(5.3611465), np.float32(-1.1014528), np.float32(-1.0642207), np.float32(1.4146708), np.float32(-0.59344816), np.float32(-1.07933), np.float32(3.5972044)]","[np.float32(-1.8342589), np.float32(-0.06809737), np.float32(-0.63124615), np.float32(-0.0614117), np.float32(-0.5754251), np.float32(-0.477072), np.float32(0.45041808), np.float32(0.64544016), np.float32(0.5213739), np.float32(0.5702361), np.float32(0.65332633), np.float32(-0.84792626), np.float32(-0.13165839), np.float32(0.18765803), np.float32(0.1945816), np.float32(-0.09648351), np.float32(0.036869273), np.float32(-0.64562327), np.float32(-0.06339079), np.float32(-0.091267034), np.float32(0.094078824), np.float32(0.19118923), np.float32(-0.26151955), np.float32(0.31511605), np.float32(-0.20197238), np.float32(-0.18976507), np.float32(0.10923521), np.float32(-0.085402235), np.float32(-0.07248596), np.float32(0.10972495), np.float32(0.08584218), np.float32(0.1255659)]","[np.float32(1.4986168), np.float32(1.001888), np.float32(0.91988415), np.float32(0.8341383), np.float32(0.8035052), np.float32(0.8626196), np.float32(1.1756825), np.float32(1.3219776), np.float32(1.1844629), np.float32(0.97617006), np.float32(1.2879368), np.float32(0.91385686), np.float32(1.1339053), np.float32(0.9525384), np.float32(1.1064045), np.float32(1.013605), np.float32(1.3856735), np.float32(1.2087387), np.float32(0.81096214), np.float32(1.0836549), np.float32(0.9773239), np.float32(1.1294107), np.float32(1.2803483), np.float32(1.2349032), np.float32(1.1373808), np.float32(1.0898265), np.float32(1.4026453), np.float32(1.4367144), np.float32(1.227874), np.float32(1.4681997), np.float32(1.366254), np.float32(1.2953626)]"
2018-02-14 02:59:00+00:00,74.37533,1,LOEO,16,"[np.float32(-2045.4365), np.float32(-68.52114), np.float32(-14.408142), np.float32(-12.509687), np.float32(-6.004428), np.float32(4.8194795), np.float32(15.063049), np.float32(8.2145605), np.float32(-0.89539665), np.float32(-1.1681672), np.float32(11.833617), np.float32(-6.6849647), np.float32(79.57785), np.float32(-31.819036), np.float32(-42.141445), np.float32(-1.45141), np.float32(-0.5691337), np.float32(-1.4219885), np.float32(-0.81421137), np.float32(-0.28555423), np.float32(-1.9143523), np.float32(1.4122614), np.float32(0.20953567), np.float32(-4.218021), np.float32(3.8629644), np.float32(7.922491), np.float32(-4.3203397), np.float32(-0.6378476), np.float32(1.4898756), np.float32(0.479281), np.float32(-0.92799485), np.float32(-2.452779)]","[np.float32(-1.837704), np.float32(-0.06782311), np.float32(-0.6327295), np.float32(-0.060761042), np.float32(-0.5772031), np.float32(-0.4776863), np.float32(0.45009267), np.float32(0.6457833), np.float32(0.52185637), np.float32(0.57294714), np.float32(0.6535458), np.float32(-0.847752), np.float32(-0.13195115), np.float32(0.18700503), np.float32(0.19453281), np.float32(-0.096143655), np.float32(0.036323294), np.float32(-0.6453315), np.float32(-0.06287236), np.float32(-0.09235701), np.float32(0.09252978), np.float32(0.19088694), np.float32(-0.2628502), np.float32(0.31644636), np.float32(-0.20198491), np.float32(-0.18937156), np.float32(0.10930422), np.float32(-0.085405394), np.float32(-0.07242338), np.float32(0.10988895), np.float32(0.08593869), np.float32(0.12602615)]","[np.float32(1.5002661), np.float32(1.0031087), np.float32(0.9199721), np.float32(0.83461726), np.float32(0.80489445), np.float32(0.8633909), np.float32(1.1759385), np.float32(1.3227981), np.float32(1.1845883), np.float32(0.97765476), np.float32(1.2887862), np.float32(0.91363055), np.float32(1.1360673), np.float32(0.95248026), np.float32(1.1076033), np.float32(1.014036), np.float32(1.386642), np.float32(1.2091568), np.float32(0.8107053), np.float32(1.0849007), np.float32(0.97710294), np.float32(1.1297903), np.float32(1.2811145), np.float32(1.235513), np.float32(1.1368293), np.float32(1.0905617), np.float32(1.4039949), np.float32(1.4390088), np.float32(1.2287127), np.float32(1.4700621), np.float32(1.3671018), np.float32(1.2966188)]"
2018-02-14 03:00:00+00:00,74.44755,1,LOEO,16,"[np.float32(-2045.2977), np.float32(-68.60733), np.float32(-13.6642), np.float32(-12.63132), np.float32(-9.27332), np.float32(4.3673325), np.float32(9.8502), np.float32(4.3782988), np.float32(-0.6514059), np.float32(-0.22858113), np.float32(11.842722), np.float32(-9.158226), np.float32(80.120125), np.float32(-31.512274), np.float32(-41.358543), np.float32(-2.462511), np.float32(0.86250216), np.float32(-2.490661), np.float32(-1.3651115), np.float32(-3.386043), np.float32(-4.6107807), np.float32(2.085618), np.float32(-0.55656636), np.float32(-5.6192765), np.float32(3.7711608), np.float32(8.445673), np.float32(-1.6956534), np.float32(0.5681265), np.float32(1.1158661), np.float32(0.7665992), np.float32(1.4764826), np.float32(-2.174756)]","[np.float32(-1.8343338), np.float32(-0.06809139), np.float32(-0.6312784), np.float32(-0.061397552), np.float32(-0.5754637), np.float32(-0.47708535), np.float32(0.45041096), np.float32(0.6454477), np.float32(0.5213844), np.float32(0.5702951), np.float32(0.65333116), np.float32(-0.8479224), np.float32(-0.13166472), np.float32(0.18764384), np.float32(0.19458054), np.float32(-0.096476085), np.float32(0.036857396), np.float32(-0.64561695), np.float32(-0.0633795), np.float32(-0.09129074), np.float32(0.09404518), np.float32(0.19118264), np.float32(-0.2615485), np.float32(0.31514493), np.float32(-0.20197266), np.float32(-0.18975653), np.float32(0.10923667), np.float32(-0.085402325), np.float32(-0.07248461), np.float32(0.10972848), np.float32(0.08584428), np.float32(0.1255759)]","[np.float32(1.4986527), np.float32(1.0019145), np.float32(0.91988605), np.float32(0.8341487), np.float32(0.80353534), np.float32(0.8626364), np.float32(1.175688), np.float32(1.3219954), np.float32(1.1844658), np.float32(0.9762023), np.float32(1.2879554), np.float32(0.913852), np.float32(1.1339523), np.float32(0.9525372), np.float32(1.1064305), np.float32(1.0136143), np.float32(1.3856947), np.float32(1.2087477), np.float32(0.8109566), np.float32(1.0836821), np.float32(0.9773191), np.float32(1.129419), np.float32(1.2803651), np.float32(1.2349163), np.float32(1.1373689), np.float32(1.0898426), np.float32(1.4026746), np.float32(1.4367644), np.float32(1.2278924), np.float32(1.4682401), np.float32(1.3662723), np.float32(1.2953899)]"
2018-02-14 03:01:00+00:00,74.62203,1,LOEO,16,"[np.float32(-2044.6609), np.float32(-68.92896), np.float32(-14.659127), np.float32(-12.67379), np.float32(-6.170111), np.float32(4.6678176), np.float32(17.020496), np.float32(10.410856), np.float32(-0.97298586), np.float32(-1.6054337), np.float32(12.198606), np.float32(-7.5913906), np.float32(79.50156), np.float32(-31.93951), np.float32(-41.729603), np.float32(-2.0814252), np.float32(-1.6687467), np.float32(-2.8167818), np.float32(-1.2223716), np.float32(0.12954663), np.float32(-1.6405581), np.float32(1.1097089), np.float32(-0.3880026), np.float32(-6.0997186), np.float32(4.460494), np.float32(8.525402), np.float32(-2.93349), np.float32(-0.10533645), np.float32(1.3564278), np.float32(0.10275988), np.float32(0.31612706), np.float32(-2.1893058)]","[np.float32(-1.8314898), np.float32(-0.068317786), np.float32(-0.63005376), np.float32(-0.061934672), np.float32(-0.5739959), np.float32(-0.47657824), np.float32(0.4506796), np.float32(0.6451644), np.float32(0.52098596), np.float32(0.56805706), np.float32(0.65314996), np.float32(-0.8480665), np.float32(-0.13142306), np.float32(0.1881829), np.float32(0.19462079), np.float32(-0.09675667), np.float32(0.037308082), np.float32(-0.6458578), np.float32(-0.06380752), np.float32(-0.09039089), np.float32(0.09532393), np.float32(0.19143218), np.float32(-0.26045), np.float32(0.31404674), np.float32(-0.20196229), np.float32(-0.19008136), np.float32(0.10917969), np.float32(-0.08539973), np.float32(-0.072536275), np.float32(0.109593086), np.float32(0.08576456), np.float32(0.12519589)]","[np.float32(1.4972919), np.float32(1.0009074), np.float32(0.91981345), np.float32(0.8337534), np.float32(0.8023896), np.float32(0.86200005), np.float32(1.1754769), np.float32(1.3213181), np.float32(1.1843623), np.float32(0.9749777), np.float32(1.2872546), np.float32(0.91403896), np.float32(1.1321692), np.float32(0.95258516), np.float32(1.1054415), np.float32(1.0132585), np.float32(1.3848957), np.float32(1.2084026), np.float32(0.81116873), np.float32(1.0826544), np.float32(0.97750163), np.float32(1.1291059), np.float32(1.2797327), np.float32(1.2344133), np.float32(1.1378244), np.float32(1.0892358), np.float32(1.4015609), np.float32(1.4348716), np.float32(1.2272003), np.float32(1.4667035), np.float32(1.3655727), np.float32(1.2943534)]"
2018-02-14 03:02:00+00:00,74.68907,1,LOEO,16,"[np.float32(-2047.6359), np.float32(-67.294266), np.float32(-14.721197), np.float32(-11.750122), np.float32(-4.4679456), np.float32(5.744421), np.float32(17.135813), np.float32(10.548848), np.float32(0.3894179), np.float32(-2.7892826), np.float32(13.57764), np.float32(-7.369632), np.float32(78.692986), np.float32(-31.379913), np.float32(-43.613537), np.float32(-1.83866), np.float32(-0.79278517), np.float32(-0.32487366), np.float32(-0.541167), np.float32(1.1268156), np.float32(-2.1084802), np.float32(0.45990238), np.float32(-0.1895349), np.float32(-2.1189706), np.float32(4.5109215), np.float32(5.438385), np.float32(-4.120055), np.float32(-1.5278788), np.float32(3.086065), np.float32(-3.805672), np.float32(-2.4464319), np.float32(-2.092709)]","[np.float32(-1.8344045), np.float32(-0.06808579), np.float32(-0.6313088), np.float32(-0.061384156), np.float32(-0.5755003), np.float32(-0.47709796), np.float32(0.45040426), np.float32(0.6454547), np.float32(0.5213943), np.float32(0.57035077), np.float32(0.65333563), np.float32(-0.8479189), np.float32(-0.13167076), np.float32(0.18763043), np.float32(0.19457957), np.float32(-0.09646912), np.float32(0.036846153), np.float32(-0.64561105), np.float32(-0.06336889), np.float32(-0.09131312), np.float32(0.094013326), np.float32(0.19117641), np.float32(-0.26157585), np.float32(0.31517226), np.float32(-0.2019729), np.float32(-0.18974839), np.float32(0.10923815), np.float32(-0.085402414), np.float32(-0.07248329), np.float32(0.10973186), np.float32(0.08584623), np.float32(0.12558533)]","[np.float32(1.4986867), np.float32(1.0019397), np.float32(0.9198879), np.float32(0.83415854), np.float32(0.8035639), np.float32(0.86265224), np.float32(1.1756934), np.float32(1.3220123), np.float32(1.1844684), np.float32(0.9762328), np.float32(1.2879727), np.float32(0.9138474), np.float32(1.1339967), np.float32(0.952536), np.float32(1.1064553), np.float32(1.0136231), np.float32(1.3857148), np.float32(1.2087563), np.float32(0.81095135), np.float32(1.0837077), np.float32(0.9773146), np.float32(1.1294268), np.float32(1.2803807), np.float32(1.2349291), np.float32(1.1373576), np.float32(1.0898576), np.float32(1.4027023), np.float32(1.4368117), np.float32(1.2279094), np.float32(1.4682784), np.float32(1.3662897), np.float32(1.2954158)]"
2018-02-14 03:03:00+00:00,74.807274,1,LOEO,16,"[np.float32(-2046.22), np.float32(-68.03087), np.float32(-14.712974), np.float32(-12.208875), np.float32(-4.4384336), np.float32(5.230068), np.float32(17.184298), np.float32(10.782154), np.float32(-0.44128022), np.float32(-2.0356991), np.float32(13.55904), np.float32(-7.5558004), np.float32(79.35046), np.float32(-31.640303), np.float32(-42.995533), np.float32(-1.7332202), np.float32(-1.7792569), np.float32(5.752422), np.float32(0.4000655), np.float32(0.3424482), np.float32(-1.7850233), np.float32(1.2979017), np.float32(-0.51374817), np.float32(-3.1711237), np.float32(4.2574005), np.float32(5.8449063), np.float32(-3.7535503), np.float32(-0.16994897), np.float32(2.7513149), np.float32(-3.677623), np.float32(-1.9320662), np.float32(-0.4683863)]","[np.float32(-1.839243), np.float32(-0.067700624), np.float32(-0.63339216), np.float32(-0.060470354), np.float32(-0.57799757), np.float32(-0.47796074), np.float32(0.44994724), np.float32(0.64593655), np.float32(0.52207196), np.float32(0.57415843), np.float32(0.6536437), np.float32(-0.84767395), np.float32(-0.13208191), np.float32(0.18671332), np.float32(0.19451103), np.float32(-0.09599182), np.float32(0.036079407), np.float32(-0.6452011), np.float32(-0.06264074), np.float32(-0.09284401), np.float32(0.09183771), np.float32(0.19075188), np.float32(-0.26344466), np.float32(0.31704074), np.float32(-0.20199054), np.float32(-0.18919575), np.float32(0.10933505), np.float32(-0.085406795), np.float32(-0.072395414), np.float32(0.10996223), np.float32(0.085981846), np.float32(0.1262318)]","[np.float32(1.5010029), np.float32(1.0036545), np.float32(0.92001146), np.float32(0.83483136), np.float32(0.8055156), np.float32(0.8637357), np.float32(1.1760528), np.float32(1.3231649), np.float32(1.1846445), np.float32(0.97831845), np.float32(1.2891657), np.float32(0.9135293), np.float32(1.1370337), np.float32(0.95245427), np.float32(1.108139), np.float32(1.0142287), np.float32(1.3870747), np.float32(1.2093434), np.float32(0.81059057), np.float32(1.0854576), np.float32(0.9770042), np.float32(1.1299598), np.float32(1.2814568), np.float32(1.2357854), np.float32(1.1365829), np.float32(1.0908903), np.float32(1.4045981), np.float32(1.4400344), np.float32(1.2290874), np.float32(1.4708947), np.float32(1.3674804), np.float32(1.29718)]"
2018-02-14 03:04:00+00:00,74.56363,1,LOEO,16,"[np.float32(-2045.4692), np.float32(-68.59803), np.float32(-14.682038), np.float32(-12.572417), np.float32(-4.5306306), np.float32(4.759133), np.float32(17.04819), np.float32(10.425917), np.float32(-1.1107969), np.float32(-2.0358486), np.float32(12.734575), np.float32(-7.6605024), np.float32(79.22028), np.float32(-31.842485), np.float32(-42.115948), np.float32(-1.768621), np.float32(0.042599373), np.float32(-2.4534686), np.float32(-0.18569833), np.float32(0.4091157), np.float32(-1.4842958), np.float32(1.258262), np.float32(-0.31128532), np.float32(-4.8562474), np.float32(5.370764), np.float32(7.4546022), np.float32(-4.090167), np.float32(0.2054659), np.float32(2.008315), np.float32(-0.20931897), np.float32(-0.39265037), np.float32(-2.2295656)]","[np.float32(-1.838625), np.float32(-0.06774983), np.float32(-0.6331261), np.float32(-0.060587086), np.float32(-0.57767856), np.float32(-0.47785053), np.float32(0.4500056), np.float32(0.645875), np.float32(0.52198535), np.float32(0.57367194), np.float32(0.6536044), np.float32(-0.8477051), np.float32(-0.13202938), np.float32(0.18683042), np.float32(0.19451979), np.float32(-0.09605279), np.float32(0.036177322), np.float32(-0.6452534), np.float32(-0.06273373), np.float32(-0.09264842), np.float32(0.092115626), np.float32(0.19080609), np.float32(-0.26320595), np.float32(0.31680202), np.float32(-0.20198826), np.float32(-0.18926634), np.float32(0.10932268), np.float32(-0.08540622), np.float32(-0.07240666), np.float32(0.1099328), np.float32(0.085964486), np.float32(0.12614919)]","[np.float32(1.5007069), np.float32(1.0034354), np.float32(0.9199957), np.float32(0.8347454), np.float32(0.80526614), np.float32(0.8635972), np.float32(1.1760069), np.float32(1.3230176), np.float32(1.1846217), np.float32(0.9780519), np.float32(1.2890131), np.float32(0.9135699), np.float32(1.1366454), np.float32(0.9524647), np.float32(1.107924), np.float32(1.0141512), np.float32(1.3869007), np.float32(1.2092685), np.float32(0.8106366), np.float32(1.0852338), np.float32(0.9770438), np.float32(1.1298916), np.float32(1.2813194), np.float32(1.235676), np.float32(1.1366819), np.float32(1.0907583), np.float32(1.4043558), np.float32(1.4396225), np.float32(1.2289369), np.float32(1.4705603), np.float32(1.3673283), np.float32(1.2969549)]"
2018-02-14 03:05:00+00:00,74.138054,1,LOEO,16,"[np.float32(-2049.6497), np.float32(-66.65044), np.float32(-13.309847), np.float32(-12.263191), np.float32(-4.3032427), np.float32(5.4802403), np.float32(6.8011484), np.float32(0.7949249), np.float32(0.022517104), np.float32(-1.3617206), np.float32(12.029623), np.float32(-8.313356), np.float32(80.65396), np.float32(-31.037247), np.float32(-42.129707), np.float32(0.6107382), np.float32(2.563942), np.float32(4.0481043), np.float32(1.2475158), np.float32(-5.4212813), np.float32(-4.653884), np.float32(2.2513008), np.float32(-2.53682), np.float32(-0.6273088), np.float32(5.0547023), np.float32(3.12418), np.float32(-1.9460872), np.float32(0.019279743), np.float32(1.6966604), np.float32(-2.5649803), np.float32(-0.76543534), np.float32(-0.6030917)]","[np.float32(-1.8357887), np.float32(-0.06797555), np.float32(-0.63190496), np.float32(-0.06112275), np.float32(-0.5762147), np.float32(-0.4773448), np.float32(0.4502735), np.float32(0.6455925), np.float32(0.52158815), np.float32(0.5714401), np.float32(0.6534237), np.float32(-0.8478487), np.float32(-0.13178839), np.float32(0.18736808), np.float32(0.1945599), np.float32(-0.09633258), np.float32(0.03662681), np.float32(-0.6454937), np.float32(-0.063160546), np.float32(-0.0917511), np.float32(0.09339091), np.float32(0.19105497), np.float32(-0.26211044), np.float32(0.31570685), np.float32(-0.20197795), np.float32(-0.18959029), np.float32(0.10926589), np.float32(-0.085403666), np.float32(-0.07245817), np.float32(0.10979774), np.float32(0.08588505), np.float32(0.12577027)]","[np.float32(1.4993491), np.float32(1.00243), np.float32(0.9199232), np.float32(0.83435106), np.float32(0.8041219), np.float32(0.8629621), np.float32(1.1757963), np.float32(1.322342), np.float32(1.1845187), np.float32(0.9768292), np.float32(1.288314), np.float32(0.9137564), np.float32(1.134865), np.float32(0.9525126), np.float32(1.1069367), np.float32(1.0137963), np.float32(1.3861036), np.float32(1.2089243), np.float32(0.81084806), np.float32(1.0842081), np.float32(0.9772258), np.float32(1.1295792), np.float32(1.2806886), np.float32(1.2351738), np.float32(1.1371359), np.float32(1.090153), np.float32(1.4032445), np.float32(1.4377332), np.float32(1.2282465), np.float32(1.4690267), np.float32(1.3666303), np.float32(1.2959204)]"
2018-02-14 03:06:00+00:00,74.53871,1,LOEO,16,"[np.float32(-2043.9067), np.float32(-69.26127), np.float32(-12.763843), np.float32(-12.867275), np.float32(-9.333797), np.float32(4.0711007), np.float32(3.3835537), np.float32(-0.69318664), np.float32(-0.18975295), np.float32(1.4951932), np.float32(11.235361), np.float32(-10.938148), np.float32(79.621704), np.float32(-31.834791), np.float32(-41.978184), np.float32(-2.5293453), np.float32(4.0548034), np.float32(-2.045519), np.float32(-0.017726716), np.float32(-5.984738), np.float32(-7.395044), np.float32(2.5839021), np.float32(-1.1267354), np.float32(-7.4498444), np.float32(3.2086167), np.float32(9.328166), np.float32(-3.5067115), np.float32(-0.38772386), np.float32(-0.07760515), np.float32(1.380096), np.float32(-2.00372), np.float32(-2.5536258)]","[np.float32(-1.8315967), np.float32(-0.06830926), np.float32(-0.6300998), np.float32(-0.061914444), np.float32(-0.5740511), np.float32(-0.47659734), np.float32(0.4506695), np.float32(0.6451751), np.float32(0.52100104), np.float32(0.56814134), np.float32(0.65315676), np.float32(-0.84806097), np.float32(-0.13143216), np.float32(0.18816264), np.float32(0.19461927), np.float32(-0.09674609), np.float32(0.037291102), np.float32(-0.6458488), np.float32(-0.06379141), np.float32(-0.09042476), np.float32(0.09527577), np.float32(0.19142279), np.float32(-0.2604914), np.float32(0.31408805), np.float32(-0.20196268), np.float32(-0.19006917), np.float32(0.109181866), np.float32(-0.08539984), np.float32(-0.072534375), np.float32(0.10959818), np.float32(0.08576757), np.float32(0.12521021)]","[np.float32(1.4973432), np.float32(1.0009453), np.float32(0.91981614), np.float32(0.8337683), np.float32(0.8024327), np.float32(0.86202395), np.float32(1.175485), np.float32(1.3213435), np.float32(1.1843662), np.float32(0.9750238), np.float32(1.287281), np.float32(0.91403186), np.float32(1.1322365), np.float32(0.95258343), np.float32(1.1054788), np.float32(1.013272), np.float32(1.3849256), np.float32(1.2084156), np.float32(0.81116074), np.float32(1.0826931), np.float32(0.9774947), np.float32(1.1291177), np.float32(1.2797567), np.float32(1.2344322), np.float32(1.1378071), np.float32(1.0892588), np.float32(1.4016029), np.float32(1.4349427), np.float32(1.2272265), np.float32(1.4667615), np.float32(1.3655989), np.float32(1.2943923)]"
2018-02-14 03:07:00+00:00,74.48777,1,LOEO,16,"[np.float32(-2048.1052), np.float32(-67.32705), np.float32(-14.559112), np.float32(-12.359991), np.float32(-4.670327), np.float32(5.2432446), np.float32(16.043797), np.float32(9.617158), np.float32(-0.2126399), np.float32(-2.3545272), np.float32(12.889988), np.float32(-8.05567), np.float32(79.1324), np.float32(-31.37864), np.float32(-42.86489), np.float32(-1.2595799), np.float32(0.32394797), np.float32(-2.1386642), np.float32(-0.88494295), np.float32(1.0281352), np.float32(-2.7325938), np.float32(0.36570287), np.float32(-0.0960985), np.float32(-1.5681578), np.float32(4.5957465), np.float32(5.214805), np.float32(-3.6433847), np.float32(-0.94787604), np.float32(2.047723), np.float32(-1.4902341), np.float32(-0.6907319), np.float32(-3.107522)]","[np.float32(-1.8308489), np.float32(-0.06836875), np.float32(-0.62977785), np.float32(-0.06205567), np.float32(-0.5736652), np.float32(-0.47646397), np.float32(0.45074013), np.float32(0.6451006), np.float32(0.5208963), np.float32(0.5675528), np.float32(0.6531092), np.float32(-0.8480989), np.float32(-0.13136859), np.float32(0.18830438), np.float32(0.19462985), np.float32(-0.09681988), np.float32(0.03740962), np.float32(-0.6459122), np.float32(-0.06390394), np.float32(-0.090188175), np.float32(0.09561202), np.float32(0.19148839), np.float32(-0.26020256), np.float32(0.31379926), np.float32(-0.20195995), np.float32(-0.19015451), np.float32(0.109166875), np.float32(-0.08539915), np.float32(-0.07254789), np.float32(0.1095626), np.float32(0.085746646), np.float32(0.1251103)]","[np.float32(1.4969854), np.float32(1.0006807), np.float32(0.91979706), np.float32(0.83366436), np.float32(0.8021316), np.float32(0.86185664), np.float32(1.1754295), np.float32(1.3211653), np.float32(1.1843392), np.float32(0.9747019), np.float32(1.2870966), np.float32(0.91408104), np.float32(1.1317679), np.float32(0.952596), np.float32(1.1052189), np.float32(1.0131783), np.float32(1.3847158), np.float32(1.208325), np.float32(0.8112165), np.float32(1.0824229), np.float32(0.97754264), np.float32(1.1290354), np.float32(1.2795904), np.float32(1.2342999), np.float32(1.1379268), np.float32(1.0890992), np.float32(1.4013101), np.float32(1.4344453), np.float32(1.2270445), np.float32(1.4663574), np.float32(1.3654151), np.float32(1.2941201)]"
2018-02-14 03:08:00+00:00,74.560295,1,LOEO,16,"[np.float32(-2044.9415), np.float32(-68.73113), np.float32(-12.361943), np.float32(-12.87451), np.float32(-8.384058), np.float32(4.1030297), np.float32(0.493327), np.float32(-3.9687333), np.float32(-0.23740713), np.float32(1.6276089), np.float32(9.731381), np.float32(-10.645843), np.float32(79.97154), np.float32(-31.568142), np.float32(-42.053986), np.float32(-2.1665196), np.float32(3.7853897), np.float32(-2.1043332), np.float32(-0.27126846), np.float32(-7.9552927), np.float32(-7.7965), np.float32(2.8413122), np.float32(-2.1657166), np.float32(-6.3920026), np.float32(4.1090918), np.float32(7.9663815), np.float32(-4.052084), np.float32(-0.86727154), np.float32(0.7152128), np.float32(1.2469788), np.float32(-2.0406485), np.float32(-1.6854016)]","[np.float32(-1.8361634), np.float32(-0.06794576), np.float32(-0.632066), np.float32(-0.061052006), np.float32(-0.576408), np.float32(-0.47741157), np.float32(0.45023817), np.float32(0.64563), np.float32(0.52164066), np.float32(0.5717348), np.float32(0.6534476), np.float32(-0.8478299), np.float32(-0.13182022), np.float32(0.18729706), np.float32(0.19455464), np.float32(-0.09629564), np.float32(0.036567472), np.float32(-0.64546204), np.float32(-0.063104205), np.float32(-0.09186958), np.float32(0.09322252), np.float32(0.1910221), np.float32(-0.26225513), np.float32(0.31585148), np.float32(-0.20197931), np.float32(-0.18954752), np.float32(0.10927333), np.float32(-0.08540401), np.float32(-0.07245137), np.float32(0.109815605), np.float32(0.08589554), np.float32(0.12582032)]","[np.float32(1.4995283), np.float32(1.0025626), np.float32(0.9199328), np.float32(0.83440304), np.float32(0.80427295), np.float32(0.86304593), np.float32(1.1758242), np.float32(1.3224311), np.float32(1.1845323), np.float32(0.9769906), np.float32(1.2884063), np.float32(0.9137317), np.float32(1.1351001), np.float32(0.9525063), np.float32(1.1070672), np.float32(1.0138433), np.float32(1.386209), np.float32(1.2089697), np.float32(0.81082016), np.float32(1.0843436), np.float32(0.97720176), np.float32(1.1296206), np.float32(1.2807719), np.float32(1.2352403), np.float32(1.1370759), np.float32(1.090233), np.float32(1.4033914), np.float32(1.4379827), np.float32(1.2283376), np.float32(1.4692292), np.float32(1.3667226), np.float32(1.296057)]"
2018-02-14 03:09:00+00:00,74.59394,1,LOEO,16,"[np.float32(-2047.7367), np.float32(-67.607056), np.float32(-14.668747), np.float32(-12.814962), np.float32(-5.794046), np.float32(5.1143236), np.float32(16.978823), np.float32(10.175303), np.float32(-0.98876137), np.float32(-2.3691523), np.float32(12.483275), np.float32(-7.606896), np.float32(79.029175), np.float32(-31.51728), np.float32(-42.850273), np.float32(-1.740248), np.float32(-1.529108), np.float32(-2.5686226), np.float32(-1.5389509), np.float32(0.73921585), np.float32(-1.5537876), np.float32(0.5134153), np.float32(-0.40494677), np.float32(-2.3635988), np.float32(4.0485234), np.float32(5.801702), np.float32(-3.5015407), np.float32(-0.7298046), np.float32(1.7593117), np.float32(-1.1930732), np.float32(-1.0495273), np.float32(-1.8307449)]","[np.float32(-1.8307153), np.float32(-0.06837945), np.float32(-0.6297203), np.float32(-0.062080942), np.float32(-0.57359624), np.float32(-0.4764401), np.float32(0.45075276), np.float32(0.6450873), np.float32(0.5208776), np.float32(0.5674474), np.float32(0.6531006), np.float32(-0.84810567), np.float32(-0.13135724), np.float32(0.18832968), np.float32(0.19463171), np.float32(-0.09683304), np.float32(0.037430808), np.float32(-0.64592355), np.float32(-0.06392407), np.float32(-0.090145886), np.float32(0.09567216), np.float32(0.19150013), np.float32(-0.2601509), np.float32(0.31374767), np.float32(-0.20195948), np.float32(-0.19016981), np.float32(0.10916421), np.float32(-0.085398994), np.float32(-0.07255038), np.float32(0.10955622), np.float32(0.08574286), np.float32(0.12509245)]","[np.float32(1.4969215), np.float32(1.0006332), np.float32(0.91979355), np.float32(0.83364576), np.float32(0.8020778), np.float32(0.8618268), np.float32(1.1754196), np.float32(1.3211337), np.float32(1.1843342), np.float32(0.9746443), np.float32(1.2870636), np.float32(0.91408986), np.float32(1.131684), np.float32(0.95259833), np.float32(1.1051723), np.float32(1.0131617), np.float32(1.3846781), np.float32(1.2083088), np.float32(0.8112265), np.float32(1.0823746), np.float32(0.9775512), np.float32(1.1290206), np.float32(1.2795607), np.float32(1.2342762), np.float32(1.1379484), np.float32(1.0890708), np.float32(1.4012578), np.float32(1.4343563), np.float32(1.2270119), np.float32(1.466285), np.float32(1.3653824), np.float32(1.2940713)]"
2018-02-14 03:10:00+00:00,74.44943,1,LOEO,16,"[np.float32(-2047.557), np.float32(-66.0631), np.float32(-14.694009), np.float32(-10.182236), np.float32(-4.720835), np.float32(5.864679), np.float32(16.894169), np.float32(10.3350315), np.float32(3.4471893), np.float32(-2.4956672), np.float32(12.755625), np.float32(-6.668276), np.float32(79.30017), np.float32(-31.896835), np.float32(-42.532597), np.float32(1.4563653), np.float32(-2.2728252), np.float32(-0.28401977), np.float32(-1.070091), np.float32(0.36886033), np.float32(-1.5931563), np.float32(0.45183867), np.float32(-0.10737807), np.float32(-0.32601222), np.float32(4.2007546), np.float32(5.894701), np.float32(-4.072056), np.float32(-1.7140394), np.float32(0.32548884), np.float32(3.312925), np.float32(-0.259393), np.float32(-2.8995569)]","[np.float32(-1.8361874), np.float32(-0.06794383), np.float32(-0.6320765), np.float32(-0.06104745), np.float32(-0.5764204), np.float32(-0.47741583), np.float32(0.4502359), np.float32(0.6456322), np.float32(0.521644), np.float32(0.57175374), np.float32(0.6534491), np.float32(-0.84782857), np.float32(-0.1318223), np.float32(0.1872925), np.float32(0.1945543), np.float32(-0.09629325), np.float32(0.036563627), np.float32(-0.64545995), np.float32(-0.06310058), np.float32(-0.09187721), np.float32(0.093211666), np.float32(0.19102001), np.float32(-0.2622645), np.float32(0.3158608), np.float32(-0.20197941), np.float32(-0.18954475), np.float32(0.109273866), np.float32(-0.08540403), np.float32(-0.072450936), np.float32(0.10981677), np.float32(0.085896194), np.float32(0.12582356)]","[np.float32(1.4995399), np.float32(1.0025712), np.float32(0.91993344), np.float32(0.83440644), np.float32(0.80428267), np.float32(0.8630514), np.float32(1.1758257), np.float32(1.3224369), np.float32(1.1845332), np.float32(0.97700095), np.float32(1.2884123), np.float32(0.9137302), np.float32(1.1351153), np.float32(0.9525059), np.float32(1.1070756), np.float32(1.0138462), np.float32(1.3862157), np.float32(1.2089726), np.float32(0.8108183), np.float32(1.0843521), np.float32(0.9772002), np.float32(1.1296232), np.float32(1.2807772), np.float32(1.2352446), np.float32(1.137072), np.float32(1.090238), np.float32(1.4034008), np.float32(1.4379988), np.float32(1.2283435), np.float32(1.4692423), np.float32(1.3667284), np.float32(1.2960657)]"
2018-02-14 03:11:00+00:00,74.60476,1,LOEO,16,"[np.float32(-2046.4729), np.float32(-68.006355), np.float32(-14.649129), np.float32(-12.832585), np.float32(-4.3886952), np.float32(4.911339), np.float32(16.803833), np.float32(10.477464), np.float32(-0.6686488), np.float32(-1.6420572), np.float32(12.712042), np.float32(-7.9847536), np.float32(79.33441), np.float32(-31.59949), np.float32(-42.449863), np.float32(-3.2328), np.float32(-1.41086), np.float32(-1.0739498), np.float32(-1.3018478), np.float32(0.013422999), np.float32(-1.5914278), np.float32(0.97149575), np.float32(-0.13593875), np.float32(-3.852065), np.float32(4.1213717), np.float32(6.025395), np.float32(-2.6807463), np.float32(0.81710833), np.float32(2.4461129), np.float32(-3.6544874), np.float32(-0.54270416), np.float32(-1.7209023)]","[np.float32(-1.8373452), np.float32(-0.06785171), np.float32(-0.63257504), np.float32(-0.060828775), np.float32(-0.577018), np.float32(-0.47762233), np.float32(0.4501265), np.float32(0.6457476), np.float32(0.52180624), np.float32(0.572665), np.float32(0.65352285), np.float32(-0.84777), np.float32(-0.13192067), np.float32(0.187073), np.float32(0.19453786), np.float32(-0.09617904), np.float32(0.036380142), np.float32(-0.6453619), np.float32(-0.062926315), np.float32(-0.09224354), np.float32(0.092691034), np.float32(0.19091839), np.float32(-0.26271167), np.float32(0.31630787), np.float32(-0.20198363), np.float32(-0.18941252), np.float32(0.10929707), np.float32(-0.08540505), np.float32(-0.07242987), np.float32(0.10987184), np.float32(0.08592865), np.float32(0.12597823)]","[np.float32(1.5000942), np.float32(1.0029817), np.float32(0.919963), np.float32(0.8345675), np.float32(0.8047497), np.float32(0.8633107), np.float32(1.1759118), np.float32(1.3227128), np.float32(1.1845753), np.float32(0.97750014), np.float32(1.2886977), np.float32(0.9136541), np.float32(1.1358421), np.float32(0.95248634), np.float32(1.1074785), np.float32(1.0139911), np.float32(1.3865411), np.float32(1.2091131), np.float32(0.810732), np.float32(1.0847709), np.float32(0.97712594), np.float32(1.1297507), np.float32(1.2810348), np.float32(1.2354494), np.float32(1.1368867), np.float32(1.0904852), np.float32(1.4038543), np.float32(1.43877), np.float32(1.2286254), np.float32(1.4698685), np.float32(1.3670133), np.float32(1.2964879)]"
2018-02-14 03:12:00+00:00,74.60638,1,LOEO,16,"[np.float32(-2045.7166), np.float32(-68.35524), np.float32(-14.5465765), np.float32(-12.331106), np.float32(-4.7203727), np.float32(4.754783), np.float32(16.068579), np.float32(10.055169), np.float32(-0.87351835), np.float32(-1.5265115), np.float32(13.079653), np.float32(-8.447257), np.float32(79.28228), np.float32(-31.58652), np.float32(-42.310005), np.float32(-3.237108), np.float32(-0.12211549), np.float32(-1.0946426), np.float32(-0.47608322), np.float32(0.092105106), np.float32(-2.3401492), np.float32(1.2365118), np.float32(-0.3196922), np.float32(-4.944018), np.float32(4.2497797), np.float32(7.3095794), np.float32(-3.5918605), np.float32(-0.10286682), np.float32(2.5653617), np.float32(-2.5453713), np.float32(-1.4487613), np.float32(-1.6721058)]","[np.float32(-1.8367443), np.float32(-0.067899525), np.float32(-0.6323164), np.float32(-0.060942255), np.float32(-0.57670796), np.float32(-0.47751522), np.float32(0.45018327), np.float32(0.64568776), np.float32(0.521722), np.float32(0.5721921), np.float32(0.65348464), np.float32(-0.84780043), np.float32(-0.13186957), np.float32(0.18718691), np.float32(0.19454637), np.float32(-0.09623831), np.float32(0.03647536), np.float32(-0.64541274), np.float32(-0.06301677), np.float32(-0.09205343), np.float32(0.09296122), np.float32(0.1909711), np.float32(-0.26247957), np.float32(0.3160759), np.float32(-0.20198144), np.float32(-0.18948117), np.float32(0.10928497), np.float32(-0.08540453), np.float32(-0.07244082), np.float32(0.10984326), np.float32(0.08591181), np.float32(0.12589794)]","[np.float32(1.4998064), np.float32(1.0027686), np.float32(0.9199476), np.float32(0.8344839), np.float32(0.8045073), np.float32(0.8631761), np.float32(1.1758672), np.float32(1.3225696), np.float32(1.1845534), np.float32(0.97724104), np.float32(1.2885497), np.float32(0.91369355), np.float32(1.1354648), np.float32(0.95249647), np.float32(1.1072693), np.float32(1.0139159), np.float32(1.3863721), np.float32(1.2090403), np.float32(0.81077677), np.float32(1.0845536), np.float32(0.9771645), np.float32(1.1296846), np.float32(1.2809012), np.float32(1.2353431), np.float32(1.1369829), np.float32(1.0903568), np.float32(1.4036188), np.float32(1.4383696), np.float32(1.228479), np.float32(1.4695435), np.float32(1.3668656), np.float32(1.2962688)]"
2018-02-14 03:13:00+00:00,74.49336,1,LOEO,16,"[np.float32(-2047.741), np.float32(-67.55347), np.float32(-14.657866), np.float32(-12.765975), np.float32(-5.1165667), np.float32(5.012742), np.float32(16.836878), np.float32(10.137219), np.float32(-0.98054385), np.float32(-2.2646492), np.float32(12.799409), np.float32(-7.690838), np.float32(80.29548), np.float32(-31.065868), np.float32(-41.242176), np.float32(-2.439559), np.float32(-1.1260859), np.float32(-2.591275), np.float32(-1.3788396), np.float32(-0.21652281), np.float32(-1.1080756), np.float32(1.0982015), np.float32(-0.7103908), np.float32(-2.6302013), np.float32(4.472431), np.float32(5.8401704), np.float32(-1.6597394), np.float32(0.46202835), np.float32(2.0247037), np.float32(-0.9054436), np.float32(1.231783), np.float32(-1.5136205)]","[np.float32(-1.835845), np.float32(-0.067971095), np.float32(-0.63192916), np.float32(-0.061112095), np.float32(-0.5762438), np.float32(-0.47735485), np.float32(0.45026818), np.float32(0.6455982), np.float32(0.521596), np.float32(0.57148457), np.float32(0.6534274), np.float32(-0.8478459), np.float32(-0.13179317), np.float32(0.18735738), np.float32(0.19455916), np.float32(-0.096327014), np.float32(0.036617875), np.float32(-0.6454889), np.float32(-0.063152075), np.float32(-0.091768935), np.float32(0.09336557), np.float32(0.19105005), np.float32(-0.2621323), np.float32(0.3157286), np.float32(-0.20197815), np.float32(-0.18958388), np.float32(0.109267), np.float32(-0.0854037), np.float32(-0.07245716), np.float32(0.10980042), np.float32(0.08588657), np.float32(0.1257778)]","[np.float32(1.4993762), np.float32(1.0024501), np.float32(0.9199247), np.float32(0.8343588), np.float32(0.8041446), np.float32(0.86297476), np.float32(1.1758004), np.float32(1.3223553), np.float32(1.1845206), np.float32(0.97685355), np.float32(1.2883279), np.float32(0.9137527), np.float32(1.1349006), np.float32(0.9525116), np.float32(1.1069564), np.float32(1.0138035), np.float32(1.3861194), np.float32(1.2089312), np.float32(0.8108439), np.float32(1.0842285), np.float32(0.97722214), np.float32(1.1295855), np.float32(1.2807012), np.float32(1.235184), np.float32(1.1371269), np.float32(1.090165), np.float32(1.4032667), np.float32(1.4377707), np.float32(1.2282602), np.float32(1.4690573), np.float32(1.3666441), np.float32(1.2959411)]"
2018-02-14 03:14:00+00:00,74.640915,1,LOEO,16,"[np.float32(-2043.6012), np.float32(-69.47916), np.float32(-14.592372), np.float32(-12.68775), np.float32(-8.751393), np.float32(4.4517846), np.float32(16.614191), np.float32(9.703351), np.float32(-1.1675758), np.float32(-1.7616085), np.float32(11.796512), np.float32(-7.4835176), np.float32(79.968056), np.float32(-31.807117), np.float32(-41.01544), np.float32(-2.573929), np.float32(0.7099935), np.float32(-2.2683113), np.float32(-0.06334746), np.float32(-0.37314704), np.float32(-2.260133), np.float32(1.5863684), np.float32(-0.39185482), np.float32(-6.7991967), np.float32(4.589325), np.float32(9.262842), np.float32(-2.4019318), np.float32(-0.29507002), np.float32(1.4587067), np.float32(0.59707904), np.float32(0.38643324), np.float32(-1.8555113)]","[np.float32(-1.8352702), np.float32(-0.06801683), np.float32(-0.63168156), np.float32(-0.061220676), np.float32(-0.57594705), np.float32(-0.47725233), np.float32(0.4503225), np.float32(0.64554095), np.float32(0.52151555), np.float32(0.57103205), np.float32(0.6533907), np.float32(-0.847875), np.float32(-0.13174433), np.float32(0.18746634), np.float32(0.19456725), np.float32(-0.09638371), np.float32(0.03670899), np.float32(-0.6455377), np.float32(-0.063238606), np.float32(-0.09158704), np.float32(0.09362405), np.float32(0.19110045), np.float32(-0.26191026), np.float32(0.31550655), np.float32(-0.20197605), np.float32(-0.1896495), np.float32(0.10925546), np.float32(-0.08540316), np.float32(-0.07246758), np.float32(0.10977308), np.float32(0.08587049), np.float32(0.12570103)]","[np.float32(1.499101), np.float32(1.0022463), np.float32(0.91991), np.float32(0.8342789), np.float32(0.8039129), np.float32(0.862846), np.float32(1.1757576), np.float32(1.3222184), np.float32(1.1844999), np.float32(0.9766058), np.float32(1.2881862), np.float32(0.9137904), np.float32(1.1345397), np.float32(0.9525213), np.float32(1.1067564), np.float32(1.0137315), np.float32(1.3859581), np.float32(1.2088614), np.float32(0.81088674), np.float32(1.0840206), np.float32(0.97725904), np.float32(1.1295222), np.float32(1.2805732), np.float32(1.2350823), np.float32(1.137219), np.float32(1.0900424), np.float32(1.4030415), np.float32(1.4373878), np.float32(1.2281202), np.float32(1.4687465), np.float32(1.3665026), np.float32(1.2957314)]"
2018-02-14 03:15:00+00:00,74.64845,1,LOEO,16,"[np.float32(-2045.665), np.float32(-68.416435), np.float32(-14.687169), np.float32(-12.787763), np.float32(-5.34439), np.float32(4.6319556), np.float32(17.107244), np.float32(10.869778), np.float32(-0.60946774), np.float32(-1.4199479), np.float32(13.283319), np.float32(-7.6758666), np.float32(79.31982), np.float32(-31.657093), np.float32(-42.137238), np.float32(-4.5877185), np.float32(-0.2576548), np.float32(-1.5695931), np.float32(-0.7829164), np.float32(0.5438362), np.float32(-1.8473573), np.float32(1.2335141), np.float32(-0.487996), np.float32(-5.0109367), np.float32(4.3318434), np.float32(7.283102), np.float32(-2.7896328), np.float32(0.3784513), np.float32(2.2171772), np.float32(-2.0049682), np.float32(0.1525934), np.float32(-1.2558519)]","[np.float32(-1.8335404), np.float32(-0.06815456), np.float32(-0.63093674), np.float32(-0.061547346), np.float32(-0.5750543), np.float32(-0.4769439), np.float32(0.4504859), np.float32(0.6453687), np.float32(0.5212733), np.float32(0.5696709), np.float32(0.6532806), np.float32(-0.8479626), np.float32(-0.13159731), np.float32(0.18779422), np.float32(0.19459179), np.float32(-0.09655435), np.float32(0.036983095), np.float32(-0.6456841), np.float32(-0.063498914), np.float32(-0.09103975), np.float32(0.09440182), np.float32(0.19125223), np.float32(-0.26124212), np.float32(0.31483868), np.float32(-0.20196979), np.float32(-0.1898471), np.float32(0.10922079), np.float32(-0.085401565), np.float32(-0.07249907), np.float32(0.10969072), np.float32(0.085822046), np.float32(0.12546994)]","[np.float32(1.4982733), np.float32(1.0016336), np.float32(0.9198658), np.float32(0.83403844), np.float32(0.8032157), np.float32(0.86245894), np.float32(1.1756291), np.float32(1.3218064), np.float32(1.1844369), np.float32(0.9758607), np.float32(1.2877599), np.float32(0.91390413), np.float32(1.133455), np.float32(0.9525505), np.float32(1.1061548), np.float32(1.013515), np.float32(1.3854717), np.float32(1.2086514), np.float32(0.8110157), np.float32(1.0833952), np.float32(0.97736996), np.float32(1.1293317), np.float32(1.2801887), np.float32(1.2347761), np.float32(1.1374959), np.float32(1.0896734), np.float32(1.402364), np.float32(1.4362363), np.float32(1.2276993), np.float32(1.4678115), np.float32(1.3660773), np.float32(1.2951008)]"
2018-02-14 03:16:00+00:00,74.78316,1,LOEO,16,"[np.float32(-2046.1196), np.float32(-68.14254), np.float32(-14.707005), np.float32(-12.1251335), np.float32(-4.0140305), np.float32(4.983774), np.float32(17.197702), np.float32(10.517384), np.float32(-0.9266099), np.float32(-1.6228299), np.float32(12.489063), np.float32(-7.387083), np.float32(79.30725), np.float32(-31.777758), np.float32(-42.3409), np.float32(3.1608086), np.float32(-1.4290671), np.float32(-2.5999053), np.float32(-1.167879), np.float32(0.46839115), np.float32(-1.3539479), np.float32(0.35534108), np.float32(0.14554657), np.float32(1.4559805), np.float32(5.2980084), np.float32(6.15067), np.float32(-3.658876), np.float32(-1.7218794), np.float32(-0.3651191), np.float32(7.710907), np.float32(2.8358908), np.float32(-3.57241)]","[np.float32(-1.8359357), np.float32(-0.06796384), np.float32(-0.6319681), np.float32(-0.061094973), np.float32(-0.57629067), np.float32(-0.47737098), np.float32(0.45025963), np.float32(0.64560723), np.float32(0.5216087), np.float32(0.57155585), np.float32(0.65343314), np.float32(-0.8478413), np.float32(-0.1318009), np.float32(0.18734016), np.float32(0.19455785), np.float32(-0.09631809), np.float32(0.03660351), np.float32(-0.6454812), np.float32(-0.06313842), np.float32(-0.091797605), np.float32(0.09332477), np.float32(0.1910421), np.float32(-0.2621673), np.float32(0.31576356), np.float32(-0.20197847), np.float32(-0.1895735), np.float32(0.109268814), np.float32(-0.0854038), np.float32(-0.07245549), np.float32(0.10980473), np.float32(0.085889116), np.float32(0.12578996)]","[np.float32(1.4994195), np.float32(1.0024822), np.float32(0.919927), np.float32(0.83437145), np.float32(0.8041812), np.float32(0.862995), np.float32(1.1758072), np.float32(1.322377), np.float32(1.1845239), np.float32(0.9768926), np.float32(1.2883503), np.float32(0.91374665), np.float32(1.1349576), np.float32(0.95251006), np.float32(1.106988), np.float32(1.0138148), np.float32(1.3861451), np.float32(1.208942), np.float32(0.8108371), np.float32(1.0842613), np.float32(0.97721636), np.float32(1.1295955), np.float32(1.2807213), np.float32(1.2352), np.float32(1.1371123), np.float32(1.0901843), np.float32(1.4033022), np.float32(1.437831), np.float32(1.2282823), np.float32(1.4691063), np.float32(1.3666666), np.float32(1.2959741)]"
2018-02-14 03:33:00+00:00,70.2149,0,LOEO,16,"[np.float32(-2059.2263), np.float32(-65.840324), np.float32(-14.198544), np.float32(-12.7016535), np.float32(-5.8044047), np.float32(-2.7069979), np.float32(14.113835), np.float32(6.2951975), np.float32(0.5251027), np.float32(4.3332715), np.float32(3.8919215), np.float32(-4.9250555), np.float32(-6.457759), np.float32(-0.80867285), np.float32(-2.3352835), np.float32(0.16242044), np.float32(-1.178806), np.float32(12.309153), np.float32(1.2468648), np.float32(-3.570038), np.float32(-0.33199316), np.float32(2.9827766), np.float32(-1.2588837), np.float32(-8.52888), np.float32(-2.3397782), np.float32(5.4355645), np.float32(0.31513074), np.float32(1.8608061), np.float32(3.0305624), np.float32(-2.95438), np.float32(1.4603871), np.float32(0.047016542)]","[np.float32(-1.8377428), np.float32(-0.06782003), np.float32(-0.6327462), np.float32(-0.06075371), np.float32(-0.5772231), np.float32(-0.4776932), np.float32(0.45008895), np.float32(0.6457872), np.float32(0.5218619), np.float32(0.5729778), np.float32(0.6535482), np.float32(-0.8477498), np.float32(-0.13195442), np.float32(0.1869977), np.float32(0.19453228), np.float32(-0.09613982), np.float32(0.036317125), np.float32(-0.6453282), np.float32(-0.062866524), np.float32(-0.0923693), np.float32(0.092512354), np.float32(0.19088352), np.float32(-0.26286522), np.float32(0.31646144), np.float32(-0.20198508), np.float32(-0.18936713), np.float32(0.10930498), np.float32(-0.085405424), np.float32(-0.07242265), np.float32(0.10989081), np.float32(0.085939765), np.float32(0.12603132)]","[np.float32(1.5002846), np.float32(1.0031226), np.float32(0.91997313), np.float32(0.83462274), np.float32(0.8049101), np.float32(0.8633997), np.float32(1.1759412), np.float32(1.3228073), np.float32(1.1845897), np.float32(0.9776715), np.float32(1.2887957), np.float32(0.9136279), np.float32(1.1360915), np.float32(0.9524796), np.float32(1.1076168), np.float32(1.014041), np.float32(1.386653), np.float32(1.2091614), np.float32(0.8107024), np.float32(1.0849147), np.float32(0.97710043), np.float32(1.1297945), np.float32(1.2811233), np.float32(1.2355198), np.float32(1.136823), np.float32(1.09057), np.float32(1.40401), np.float32(1.4390347), np.float32(1.2287221), np.float32(1.4700834), np.float32(1.3671112), np.float32(1.2966329)]"
2018-02-14 03:34:00+00:00,69.602135,0,LOEO,16,"[np.float32(-2060.9377), np.float32(-66.16919), np.float32(-14.268289), np.float32(-12.768595), np.float32(-5.3622875), np.float32(-2.7815795), np.float32(14.646298), np.float32(6.099203), np.float32(-0.34882385), np.float32(3.8602903), np.float32(2.9721937), np.float32(-4.477124), np.float32(-5.8128266), np.float32(-0.27227694), np.float32(-0.43268624), np.float32(-1.2973374), np.float32(1.2068273), np.float32(-3.6976128), np.float32(-2.0935445), np.float32(-1.8432962), np.float32(-1.0241301), np.float32(1.1737589), np.float32(-0.51223147), np.float32(-3.8467047), np.float32(0.94477874), np.float32(3.0795078), np.float32(-0.6834228), np.float32(0.691948), np.float32(3.4889152), np.float32(-1.8186517), np.float32(2.3609993), np.float32(-2.5632913)]","[np.float32(-1.8533581), np.float32(-0.06657688), np.float32(-0.63947004), np.float32(-0.05780434), np.float32(-0.5852828), np.float32(-0.48047778), np.float32(0.44861394), np.float32(0.6473423), np.float32(0.52404904), np.float32(0.5852661), np.float32(0.6545428), np.float32(-0.8469591), np.float32(-0.1332814), np.float32(0.18403791), np.float32(0.19431135), np.float32(-0.09459941), np.float32(0.03384234), np.float32(-0.6440056), np.float32(-0.060516357), np.float32(-0.097310066), np.float32(0.08549085), np.float32(0.18951336), np.float32(-0.26889664), np.float32(0.3224915), np.float32(-0.20204183), np.float32(-0.18758352), np.float32(0.10961804), np.float32(-0.08541982), np.float32(-0.072138935), np.float32(0.110634245), np.float32(0.086377144), np.float32(0.12811753)]","[np.float32(1.5077689), np.float32(1.0086666), np.float32(0.9203719), np.float32(0.83679587), np.float32(0.81122684), np.float32(0.8669011), np.float32(1.1771013), np.float32(1.32653), np.float32(1.1851574), np.float32(0.9844181), np.float32(1.2926482), np.float32(0.9126019), np.float32(1.1459185), np.float32(0.9522158), np.float32(1.113059), np.float32(1.015996), np.float32(1.3910453), np.float32(1.2110565), np.float32(0.8095385), np.float32(1.0905712), np.float32(0.97609884), np.float32(1.1315147), np.float32(1.2845986), np.float32(1.2382853), np.float32(1.1343242), np.float32(1.0939054), np.float32(1.4101346), np.float32(1.4494553), np.float32(1.2325262), np.float32(1.4785382), np.float32(1.3709562), np.float32(1.3023338)]"
2018-02-14 03:35:00+00:00,72.36539,0,LOEO,16,"[np.float32(-2060.42), np.float32(-66.162895), np.float32(-11.912989), np.float32(-13.203466), np.float32(-5.590451), np.float32(-3.0351725), np.float32(-2.9160755), np.float32(-17.285229), np.float32(-1.9590852), np.float32(2.1101422), np.float32(-12.367455), np.float32(3.317018), np.float32(-2.9728866), np.float32(0.5265526), np.float32(-1.4149597), np.float32(1.3498222), np.float32(14.35958), np.float32(7.660627), np.float32(12.525122), np.float32(-18.368258), np.float32(6.523438), np.float32(7.5194297), np.float32(-9.892091), np.float32(-5.425575), np.float32(12.643644), np.float32(-0.99987155), np.float32(1.6076441), np.float32(0.094174124), np.float32(5.7047486), np.float32(-1.2582148), np.float32(4.054638), np.float32(-1.1260469)]","[np.float32(-1.8564386), np.float32(-0.06633131), np.float32(-0.6407964), np.float32(-0.057221934), np.float32(-0.5868734), np.float32(-0.48102745), np.float32(0.44832262), np.float32(0.6476488), np.float32(0.52448094), np.float32(0.5876905), np.float32(0.6547389), np.float32(-0.8468025), np.float32(-0.13354316), np.float32(0.1834542), np.float32(0.19426802), np.float32(-0.094295375), np.float32(0.033353463), np.float32(-0.6437448), np.float32(-0.060052186), np.float32(-0.09828527), np.float32(0.084105246), np.float32(0.18924305), np.float32(-0.27008697), np.float32(0.3236814), np.float32(-0.20205271), np.float32(-0.18723167), np.float32(0.10968013), np.float32(-0.08542314), np.float32(-0.07208316), np.float32(0.1107812), np.float32(0.08646315), np.float32(0.12852883)]","[np.float32(1.5092466), np.float32(1.0097628), np.float32(0.9204496), np.float32(0.8372245), np.float32(0.81247675), np.float32(0.867593), np.float32(1.1773298), np.float32(1.3272647), np.float32(1.1852689), np.float32(0.9857529), np.float32(1.2934083), np.float32(0.9123993), np.float32(1.1478633), np.float32(0.9521637), np.float32(1.1141342), np.float32(1.0163813), np.float32(1.3919119), np.float32(1.2114297), np.float32(0.80930865), np.float32(1.0916891), np.float32(0.9759005), np.float32(1.1318532), np.float32(1.2852842), np.float32(1.2388306), np.float32(1.1338302), np.float32(1.094564), np.float32(1.4113439), np.float32(1.4515157), np.float32(1.2332766), np.float32(1.4802082), np.float32(1.3717139), np.float32(1.3034592)]"
2018-02-14 03:36:00+00:00,69.62456,0,LOEO,16,"[np.float32(-2059.65), np.float32(-65.3228), np.float32(-14.652475), np.float32(-11.850967), np.float32(-4.750852), np.float32(-2.501877), np.float32(17.16913), np.float32(9.603458), np.float32(-0.62366545), np.float32(2.981429), np.float32(3.4501474), np.float32(-4.203671), np.float32(-6.68625), np.float32(-0.75381184), np.float32(-1.5472627), np.float32(-1.6580003), np.float32(0.39892125), np.float32(0.7405293), np.float32(-0.9858419), np.float32(-0.116794504), np.float32(-0.18612476), np.float32(0.47371247), np.float32(-0.18609315), np.float32(-3.4074526), np.float32(1.0864369), np.float32(2.2411776), np.float32(-1.7646219), np.float32(-1.354695), np.float32(3.729207), np.float32(-4.0373883), np.float32(0.36243445), np.float32(-4.4428387)]","[np.float32(-1.8314335), np.float32(-0.06832209), np.float32(-0.6300297), np.float32(-0.061945044), np.float32(-0.57396716), np.float32(-0.47656837), np.float32(0.45068473), np.float32(0.6451588), np.float32(0.5209783), np.float32(0.5680131), np.float32(0.6531462), np.float32(-0.848069), np.float32(-0.1314183), np.float32(0.18819357), np.float32(0.19462167), np.float32(-0.096762136), np.float32(0.037316725), np.float32(-0.64586264), np.float32(-0.06381575), np.float32(-0.09037338), np.float32(0.09534887), np.float32(0.19143707), np.float32(-0.26042864), np.float32(0.31402516), np.float32(-0.20196201), np.float32(-0.1900878), np.float32(0.10917869), np.float32(-0.085399814), np.float32(-0.0725373), np.float32(0.10959051), np.float32(0.08576292), np.float32(0.12518838)]","[np.float32(1.497265), np.float32(1.0008879), np.float32(0.9198116), np.float32(0.8337455), np.float32(0.8023671), np.float32(0.86198753), np.float32(1.1754726), np.float32(1.3213047), np.float32(1.1843601), np.float32(0.97495383), np.float32(1.2872406), np.float32(0.91404253), np.float32(1.1321346), np.float32(0.9525862), np.float32(1.1054221), np.float32(1.0132513), np.float32(1.3848797), np.float32(1.2083957), np.float32(0.81117266), np.float32(1.0826342), np.float32(0.97750485), np.float32(1.1290994), np.float32(1.2797201), np.float32(1.2344033), np.float32(1.1378328), np.float32(1.0892239), np.float32(1.4015391), np.float32(1.4348347), np.float32(1.2271866), np.float32(1.4666733), np.float32(1.3655585), np.float32(1.2943329)]"
2018-02-14 03:37:00+00:00,69.55036,0,LOEO,16,"[np.float32(-2059.895), np.float32(-65.36429), np.float32(-14.630752), np.float32(-12.4701185), np.float32(-5.1939845), np.float32(-2.814731), np.float32(17.047895), np.float32(9.237019), np.float32(-0.7115495), np.float32(4.2556787), np.float32(2.6307635), np.float32(-2.8478851), np.float32(-6.821691), np.float32(-0.7459618), np.float32(-1.6765746), np.float32(-1.2328198), np.float32(-0.66203976), np.float32(-0.48463476), np.float32(-0.69419396), np.float32(-0.6656494), np.float32(0.9181827), np.float32(0.51444346), np.float32(1.0358181), np.float32(-4.4976482), np.float32(0.16609827), np.float32(3.216624), np.float32(-2.1439812), np.float32(-1.096333), np.float32(1.4849755), np.float32(-1.1542022), np.float32(-0.8081481), np.float32(-4.0040736)]","[np.float32(-1.85302), np.float32(-0.06660356), np.float32(-0.6393244), np.float32(-0.057867777), np.float32(-0.5851087), np.float32(-0.4804177), np.float32(0.44864562), np.float32(0.6473084), np.float32(0.52400196), np.float32(0.5850003), np.float32(0.6545211), np.float32(-0.84697574), np.float32(-0.13325267), np.float32(0.18410213), np.float32(0.19431633), np.float32(-0.09463265), np.float32(0.033895425), np.float32(-0.6440344), np.float32(-0.060566813), np.float32(-0.09720348), np.float32(0.085642524), np.float32(0.18954304), np.float32(-0.2687664), np.float32(0.32236117), np.float32(-0.20204039), np.float32(-0.18762214), np.float32(0.109611526), np.float32(-0.08541986), np.float32(-0.07214524), np.float32(0.110618345), np.float32(0.08636743), np.float32(0.12807217)]","[np.float32(1.507606), np.float32(1.0085467), np.float32(0.9203626), np.float32(0.8367484), np.float32(0.81108975), np.float32(0.86682534), np.float32(1.1770757), np.float32(1.3264492), np.float32(1.1851447), np.float32(0.98427224), np.float32(1.2925643), np.float32(0.9126239), np.float32(1.1457057), np.float32(0.95222145), np.float32(1.112941), np.float32(1.0159531), np.float32(1.3909492), np.float32(1.2110147), np.float32(0.8095634), np.float32(1.0904487), np.float32(0.9761199), np.float32(1.1314768), np.float32(1.2845228), np.float32(1.2382249), np.float32(1.1343772), np.float32(1.0938331), np.float32(1.4100016), np.float32(1.44923), np.float32(1.2324432), np.float32(1.4783546), np.float32(1.3708719), np.float32(1.3022097)]"
2018-02-14 03:38:00+00:00,69.3909,0,LOEO,16,"[np.float32(-2060.9697), np.float32(-64.61111), np.float32(-14.634789), np.float32(-13.03427), np.float32(-5.036782), np.float32(-2.346194), np.float32(17.078495), np.float32(9.326868), np.float32(0.6922449), np.float32(3.5629551), np.float32(2.7970953), np.float32(-3.0465117), np.float32(-6.514984), np.float32(0.17350394), np.float32(-1.9216024), np.float32(-1.0176017), np.float32(-0.92515755), np.float32(-0.88699937), np.float32(-1.4908044), np.float32(-0.34285787), np.float32(0.7584906), np.float32(-0.24484047), np.float32(-1.0518653), np.float32(-2.567315), np.float32(-0.4164674), np.float32(0.8898701), np.float32(-1.4128759), np.float32(-1.7096982), np.float32(0.9268265), np.float32(-2.4068189), np.float32(-1.3603507), np.float32(-4.1517286)]","[np.float32(-1.8567227), np.float32(-0.06630878), np.float32(-0.6409189), np.float32(-0.057168387), np.float32(-0.58701986), np.float32(-0.48107806), np.float32(0.44829586), np.float32(0.64767706), np.float32(0.5245206), np.float32(0.5879141), np.float32(0.65475696), np.float32(-0.8467881), np.float32(-0.1335673), np.float32(0.18340029), np.float32(0.19426394), np.float32(-0.094267346), np.float32(0.033308588), np.float32(-0.6437207), np.float32(-0.060009524), np.float32(-0.09837505), np.float32(0.08397761), np.float32(0.18921813), np.float32(-0.27019662), np.float32(0.32379106), np.float32(-0.20205384), np.float32(-0.18719923), np.float32(0.109685734), np.float32(-0.08542329), np.float32(-0.072077945), np.float32(0.110794716), np.float32(0.086471185), np.float32(0.12856688)]","[np.float32(1.5093833), np.float32(1.0098639), np.float32(0.92045707), np.float32(0.8372642), np.float32(0.81259215), np.float32(0.8676568), np.float32(1.1773508), np.float32(1.3273324), np.float32(1.1852794), np.float32(0.98587584), np.float32(1.2934786), np.float32(0.9123807), np.float32(1.1480424), np.float32(0.9521589), np.float32(1.1142335), np.float32(1.0164169), np.float32(1.3919917), np.float32(1.2114645), np.float32(0.8092875), np.float32(1.0917921), np.float32(0.97588253), np.float32(1.1318848), np.float32(1.2853476), np.float32(1.238881), np.float32(1.1337851), np.float32(1.0946248), np.float32(1.4114558), np.float32(1.4517055), np.float32(1.2333461), np.float32(1.4803624), np.float32(1.3717843), np.float32(1.3035632)]"
2018-02-14 03:39:00+00:00,75.27837,0,LOEO,16,"[np.float32(-2062.991), np.float32(-65.775925), np.float32(-11.567888), np.float32(-13.762965), np.float32(-9.13887), np.float32(-2.893022), np.float32(-5.3937554), np.float32(-28.265734), np.float32(-4.0632486), np.float32(-2.3667896), np.float32(-24.259571), np.float32(10.19571), np.float32(-0.8023838), np.float32(2.4736469), np.float32(-0.8250289), np.float32(-1.4180647), np.float32(24.961235), np.float32(-2.1934204), np.float32(20.125078), np.float32(-25.777746), np.float32(18.771482), np.float32(9.813145), np.float32(-18.66554), np.float32(-7.1603603), np.float32(18.738008), np.float32(-3.6805966), np.float32(4.1197767), np.float32(0.16793123), np.float32(3.6100562), np.float32(0.31471437), np.float32(4.4513254), np.float32(-1.3012708)]","[np.float32(-1.8574281), np.float32(-0.06625244), np.float32(-0.64122254), np.float32(-0.057034932), np.float32(-0.5873842), np.float32(-0.48120394), np.float32(0.44822913), np.float32(0.6477472), np.float32(0.5246196), np.float32(0.58846927), np.float32(0.6548019), np.float32(-0.8467522), np.float32(-0.13362724), np.float32(0.18326665), np.float32(0.19425404), np.float32(-0.094197735), np.float32(0.033196524), np.float32(-0.643661), np.float32(-0.059903175), np.float32(-0.09859845), np.float32(0.0836602), np.float32(0.1891562), np.float32(-0.27046928), np.float32(0.32406357), np.float32(-0.20205626), np.float32(-0.18711863), np.float32(0.10970001), np.float32(-0.08542408), np.float32(-0.07206516), np.float32(0.11082832), np.float32(0.086490825), np.float32(0.12866102)]","[np.float32(1.5097215), np.float32(1.010115), np.float32(0.9204748), np.float32(0.8373623), np.float32(0.81287855), np.float32(0.8678153), np.float32(1.1774031), np.float32(1.3275008), np.float32(1.1853046), np.float32(0.9861818), np.float32(1.2936525), np.float32(0.91233426), np.float32(1.1484882), np.float32(0.9521469), np.float32(1.1144798), np.float32(1.0165051), np.float32(1.3921905), np.float32(1.2115499), np.float32(0.80923486), np.float32(1.0920484), np.float32(0.975837), np.float32(1.1319622), np.float32(1.2855046), np.float32(1.2390058), np.float32(1.1336719), np.float32(1.0947757), np.float32(1.411733), np.float32(1.4521778), np.float32(1.233518), np.float32(1.4807452), np.float32(1.3719578), np.float32(1.3038211)]"
2018-02-14 03:40:00+00:00,69.88775,0,LOEO,16,"[np.float32(-2062.744), np.float32(-65.27688), np.float32(-14.644051), np.float32(-12.523796), np.float32(-5.3568134), np.float32(-2.6840098), np.float32(17.074446), np.float32(9.739171), np.float32(-0.04964584), np.float32(2.8507547), np.float32(3.8113766), np.float32(-4.330781), np.float32(-5.7429442), np.float32(0.910713), np.float32(-0.6127238), np.float32(-2.3701675), np.float32(1.2698926), np.float32(-4.8504734), np.float32(-1.0306326), np.float32(-2.0446327), np.float32(2.094881), np.float32(0.36141708), np.float32(-1.7530113), np.float32(-6.3750114), np.float32(-0.8176439), np.float32(1.9478003), np.float32(0.92395335), np.float32(1.9839774), np.float32(-1.2197707), np.float32(-1.54977), np.float32(1.3194569), np.float32(-3.6798978)]","[np.float32(-1.8305917), np.float32(-0.06838913), np.float32(-0.6296671), np.float32(-0.062104054), np.float32(-0.5735325), np.float32(-0.47641823), np.float32(0.45076433), np.float32(0.645075), np.float32(0.5208603), np.float32(0.5673505), np.float32(0.6530927), np.float32(-0.8481117), np.float32(-0.13134676), np.float32(0.18835314), np.float32(0.1946336), np.float32(-0.096845195), np.float32(0.03745018), np.float32(-0.645934), np.float32(-0.06394249), np.float32(-0.09010698), np.float32(0.095727496), np.float32(0.19151092), np.float32(-0.26010337), np.float32(0.31370008), np.float32(-0.20195891), np.float32(-0.1901839), np.float32(0.109161824), np.float32(-0.08539906), np.float32(-0.07255261), np.float32(0.109550424), np.float32(0.08573933), np.float32(0.12507588)]","[np.float32(1.4968623), np.float32(1.0005897), np.float32(0.9197902), np.float32(0.8336284), np.float32(0.8020281), np.float32(0.86179924), np.float32(1.1754102), np.float32(1.3211042), np.float32(1.1843296), np.float32(0.9745914), np.float32(1.2870331), np.float32(0.91409785), np.float32(1.1316069), np.float32(0.95260036), np.float32(1.1051292), np.float32(1.013146), np.float32(1.3846432), np.float32(1.2082936), np.float32(0.81123555), np.float32(1.08233), np.float32(0.9775589), np.float32(1.1290067), np.float32(1.2795329), np.float32(1.2342542), np.float32(1.1379677), np.float32(1.0890443), np.float32(1.4012095), np.float32(1.4342743), np.float32(1.2269818), np.float32(1.4662184), np.float32(1.3653514), np.float32(1.294026)]"
2018-02-14 03:41:00+00:00,70.20436,0,LOEO,16,"[np.float32(-2062.8252), np.float32(-65.50442), np.float32(-14.207955), np.float32(-14.030253), np.float32(-7.586624), np.float32(-2.954189), np.float32(14.0966625), np.float32(7.6055317), np.float32(0.23388274), np.float32(4.057059), np.float32(3.1773067), np.float32(-5.627052), np.float32(-6.0081286), np.float32(1.1223135), np.float32(-1.2306746), np.float32(-7.3664103), np.float32(2.7855833), np.float32(-4.159537), np.float32(-1.3525331), np.float32(-3.1015568), np.float32(0.79657495), np.float32(1.1898112), np.float32(-1.9692904), np.float32(-6.837707), np.float32(-1.4551026), np.float32(1.4181262), np.float32(1.3914073), np.float32(3.0162787), np.float32(-1.53281), np.float32(-2.115586), np.float32(1.0467118), np.float32(-2.7787054)]","[np.float32(-1.8527313), np.float32(-0.066626504), np.float32(-0.6392003), np.float32(-0.05792221), np.float32(-0.58496004), np.float32(-0.48036635), np.float32(0.4486729), np.float32(0.64727974), np.float32(0.52396154), np.float32(0.5847733), np.float32(0.65450275), np.float32(-0.84699035), np.float32(-0.13322815), np.float32(0.18415685), np.float32(0.19432043), np.float32(-0.09466109), np.float32(0.033941105), np.float32(-0.64405876), np.float32(-0.06061023), np.float32(-0.09711222), np.float32(0.08577222), np.float32(0.18956831), np.float32(-0.26865503), np.float32(0.3222498), np.float32(-0.2020393), np.float32(-0.18765509), np.float32(0.10960573), np.float32(-0.085419625), np.float32(-0.07215046), np.float32(0.11060462), np.float32(0.08635935), np.float32(0.12803368)]","[np.float32(1.5074677), np.float32(1.0084441), np.float32(0.9203552), np.float32(0.8367082), np.float32(0.8109728), np.float32(0.86676055), np.float32(1.1770543), np.float32(1.3263803), np.float32(1.1851342), np.float32(0.9841474), np.float32(1.2924931), np.float32(0.91264284), np.float32(1.1455239), np.float32(0.9522263), np.float32(1.1128403), np.float32(1.015917), np.float32(1.3908682), np.float32(1.2109798), np.float32(0.80958486), np.float32(1.0903441), np.float32(0.97613835), np.float32(1.1314448), np.float32(1.2844586), np.float32(1.2381737), np.float32(1.1344234), np.float32(1.0937715), np.float32(1.4098885), np.float32(1.4490371), np.float32(1.2323729), np.float32(1.4781983), np.float32(1.3708007), np.float32(1.3021044)]"
2018-02-14 03:42:00+00:00,69.59132,0,LOEO,16,"[np.float32(-2060.7053), np.float32(-65.23194), np.float32(-14.63667), np.float32(-12.118335), np.float32(-5.183173), np.float32(-2.822545), np.float32(16.993681), np.float32(9.15929), np.float32(-0.40397543), np.float32(4.946103), np.float32(2.9015744), np.float32(-1.9476645), np.float32(-6.627597), np.float32(0.007869546), np.float32(-1.8563485), np.float32(-1.7373484), np.float32(0.067862466), np.float32(-2.316834), np.float32(-1.5376965), np.float32(-0.2453594), np.float32(1.2463746), np.float32(0.51276225), np.float32(-0.09013732), np.float32(-4.380992), np.float32(-0.8095672), np.float32(2.8233192), np.float32(-1.8155057), np.float32(-0.86380136), np.float32(1.5134342), np.float32(-2.3287203), np.float32(-1.0789285), np.float32(-4.514908)]","[np.float32(-1.856419), np.float32(-0.06633255), np.float32(-0.64078814), np.float32(-0.05722513), np.float32(-0.5868638), np.float32(-0.48102427), np.float32(0.44832417), np.float32(0.6476467), np.float32(0.5244784), np.float32(0.58767545), np.float32(0.65473735), np.float32(-0.846803), np.float32(-0.13354148), np.float32(0.18345805), np.float32(0.19426855), np.float32(-0.094297156), np.float32(0.03335604), np.float32(-0.6437467), np.float32(-0.06005467), np.float32(-0.09827955), np.float32(0.08411358), np.float32(0.18924472), np.float32(-0.27007988), np.float32(0.3236741), np.float32(-0.2020524), np.float32(-0.1872339), np.float32(0.10967995), np.float32(-0.085423455), np.float32(-0.07208364), np.float32(0.110780485), np.float32(0.08646235), np.float32(0.12852606)]","[np.float32(1.5092367), np.float32(1.0097561), np.float32(0.9204484), np.float32(0.8372213), np.float32(0.8124689), np.float32(0.86758876), np.float32(1.1773276), np.float32(1.3272598), np.float32(1.1852678), np.float32(0.985745), np.float32(1.2934029), np.float32(0.91240025), np.float32(1.1478515), np.float32(0.95216393), np.float32(1.1141273), np.float32(1.0163783), np.float32(1.3919058), np.float32(1.2114266), np.float32(0.8093098), np.float32(1.0916823), np.float32(0.97590107), np.float32(1.1318504), np.float32(1.2852794), np.float32(1.2388266), np.float32(1.1338322), np.float32(1.0945598), np.float32(1.4113364), np.float32(1.4515035), np.float32(1.2332714), np.float32(1.4801973), np.float32(1.3717079), np.float32(1.3034513)]"
2018-02-14 03:43:00+00:00,75.23198,0,LOEO,16,"[np.float32(-2061.2495), np.float32(-66.15871), np.float32(-11.494624), np.float32(-13.571257), np.float32(-9.035588), np.float32(-3.0005627), np.float32(-5.9904647), np.float32(-28.384563), np.float32(-4.4738183), np.float32(-2.0398133), np.float32(-25.875536), np.float32(11.390603), np.float32(-1.3496355), np.float32(1.6899035), np.float32(-1.3913436), np.float32(-0.6356912), np.float32(23.717848), np.float32(-1.698131), np.float32(19.00161), np.float32(-24.792912), np.float32(17.435251), np.float32(9.992774), np.float32(-17.266575), np.float32(-5.662067), np.float32(20.589848), np.float32(-2.4229488), np.float32(2.3558536), np.float32(-1.870716), np.float32(7.728452), np.float32(-0.17160392), np.float32(4.769628), np.float32(-1.302012)]","[np.float32(-1.8573632), np.float32(-0.066257656), np.float32(-0.6411945), np.float32(-0.057047233), np.float32(-0.58735067), np.float32(-0.48119232), np.float32(0.44823533), np.float32(0.6477408), np.float32(0.5246104), np.float32(0.5884181), np.float32(0.65479773), np.float32(-0.8467556), np.float32(-0.1336217), np.float32(0.183279), np.float32(0.19425498), np.float32(-0.09420416), np.float32(0.03320691), np.float32(-0.64366657), np.float32(-0.059913006), np.float32(-0.09857783), np.float32(0.083689496), np.float32(0.1891619), np.float32(-0.27044412), np.float32(0.32403845), np.float32(-0.20205608), np.float32(-0.18712609), np.float32(0.10969867), np.float32(-0.085424036), np.float32(-0.07206639), np.float32(0.11082523), np.float32(0.08648901), np.float32(0.12865236)]","[np.float32(1.5096905), np.float32(1.0100918), np.float32(0.9204732), np.float32(0.8373532), np.float32(0.81285214), np.float32(0.8678007), np.float32(1.1773982), np.float32(1.3274852), np.float32(1.1853025), np.float32(0.98615354), np.float32(1.2936367), np.float32(0.91233855), np.float32(1.1484469), np.float32(0.9521481), np.float32(1.1144571), np.float32(1.016497), np.float32(1.392172), np.float32(1.2115419), np.float32(0.8092397), np.float32(1.0920248), np.float32(0.97584116), np.float32(1.131955), np.float32(1.28549), np.float32(1.2389944), np.float32(1.1336824), np.float32(1.0947616), np.float32(1.4117072), np.float32(1.4521343), np.float32(1.2335021), np.float32(1.4807097), np.float32(1.3719417), np.float32(1.3037971)]"
2018-02-14 03:44:00+00:00,70.04589,0,LOEO,16,"[np.float32(-2059.962), np.float32(-66.07848), np.float32(-13.847624), np.float32(-11.881308), np.float32(-8.56504), np.float32(-3.030224), np.float32(11.6208515), np.float32(3.8861785), np.float32(-0.6262029), np.float32(4.448156), np.float32(0.23933105), np.float32(-4.0077043), np.float32(-6.9426146), np.float32(-0.7209608), np.float32(-1.6168355), np.float32(-1.5090942), np.float32(3.1760411), np.float32(-3.5520418), np.float32(-1.2252988), np.float32(-0.9229672), np.float32(-1.9151497), np.float32(1.1730484), np.float32(-0.5818628), np.float32(-6.463315), np.float32(-1.2009104), np.float32(6.6294775), np.float32(-7.7931495), np.float32(-3.1909544), np.float32(3.513631), np.float32(1.0466644), np.float32(-3.3914044), np.float32(-2.7058146)]","[np.float32(-1.8305811), np.float32(-0.06838997), np.float32(-0.6296625), np.float32(-0.06210603), np.float32(-0.5735271), np.float32(-0.47641635), np.float32(0.45076528), np.float32(0.6450739), np.float32(0.5208588), np.float32(0.56734216), np.float32(0.653092), np.float32(-0.8481121), np.float32(-0.13134587), np.float32(0.18835519), np.float32(0.19463369), np.float32(-0.09684622), np.float32(0.037451826), np.float32(-0.64593494), np.float32(-0.06394406), np.float32(-0.090103656), np.float32(0.09573224), np.float32(0.19151187), np.float32(-0.26009932), np.float32(0.313696), np.float32(-0.20195886), np.float32(-0.19018513), np.float32(0.10916163), np.float32(-0.08539906), np.float32(-0.07255281), np.float32(0.10954995), np.float32(0.085739), np.float32(0.12507446)]","[np.float32(1.4968573), np.float32(1.000586), np.float32(0.9197899), np.float32(0.8336269), np.float32(0.8020238), np.float32(0.8617968), np.float32(1.1754093), np.float32(1.3211017), np.float32(1.1843293), np.float32(0.97458684), np.float32(1.2870305), np.float32(0.91409856), np.float32(1.1316003), np.float32(0.9526006), np.float32(1.1051255), np.float32(1.0131447), np.float32(1.38464), np.float32(1.2082922), np.float32(0.8112364), np.float32(1.0823262), np.float32(0.9775596), np.float32(1.1290056), np.float32(1.2795305), np.float32(1.2342522), np.float32(1.1379694), np.float32(1.0890421), np.float32(1.4012053), np.float32(1.4342675), np.float32(1.226979), np.float32(1.4662127), np.float32(1.3653488), np.float32(1.2940221)]"
2018-02-14 03:45:00+00:00,72.68572,0,LOEO,16,"[np.float32(-2060.7866), np.float32(-66.32007), np.float32(-11.814452), np.float32(-13.448479), np.float32(-9.203771), np.float32(-3.0156446), np.float32(-3.48167), np.float32(-19.593538), np.float32(-2.6675136), np.float32(0.6286149), np.float32(-15.79295), np.float32(4.2408338), np.float32(-3.347354), np.float32(0.7862867), np.float32(-1.3762922), np.float32(-0.8851912), np.float32(18.263361), np.float32(-2.0577927), np.float32(11.703741), np.float32(-18.12829), np.float32(8.387735), np.float32(7.5279393), np.float32(-11.308756), np.float32(-5.5456595), np.float32(12.903316), np.float32(0.57165074), np.float32(0.9644642), np.float32(-1.619434), np.float32(6.028572), np.float32(-0.08974817), np.float32(3.5888467), np.float32(-1.740962)]","[np.float32(-1.8508685), np.float32(-0.06677377), np.float32(-0.63839805), np.float32(-0.05827236), np.float32(-0.58400023), np.float32(-0.48003516), np.float32(0.44884786), np.float32(0.6470936), np.float32(0.5237017), np.float32(0.5833081), np.float32(0.6543835), np.float32(-0.84708303), np.float32(-0.13306984), np.float32(0.1845103), np.float32(0.19434756), np.float32(-0.09484447), np.float32(0.034234516), np.float32(-0.64421713), np.float32(-0.06088899), np.float32(-0.09652442), np.float32(0.086608276), np.float32(0.1897316), np.float32(-0.267937), np.float32(0.3215313), np.float32(-0.20203163), np.float32(-0.18786795), np.float32(0.10956927), np.float32(-0.08541918), np.float32(-0.072184674), np.float32(0.110516734), np.float32(0.08630626), np.float32(0.12778413)]","[np.float32(1.5065722), np.float32(1.007783), np.float32(0.920305), np.float32(0.8364472), np.float32(0.81021774), np.float32(0.8663427), np.float32(1.1769145), np.float32(1.3259351), np.float32(1.1850648), np.float32(0.9833433), np.float32(1.2920314), np.float32(0.91276425), np.float32(1.1443517), np.float32(0.95225745), np.float32(1.1121898), np.float32(1.0156816), np.float32(1.3903422), np.float32(1.2107512), np.float32(0.80972254), np.float32(1.0896695), np.float32(0.9762555), np.float32(1.1312367), np.float32(1.2840424), np.float32(1.2378421), np.float32(1.1347172), np.float32(1.0933726), np.float32(1.409157), np.float32(1.4477953), np.float32(1.2319169), np.float32(1.4771875), np.float32(1.3703377), np.float32(1.3014212)]"
2018-02-14 03:46:00+00:00,70.15429,0,LOEO,16,"[np.float32(-2060.6108), np.float32(-65.90766), np.float32(-13.489514), np.float32(-11.787749), np.float32(-8.9445505), np.float32(-3.2035296), np.float32(9.131491), np.float32(1.3965721), np.float32(-0.63772696), np.float32(5.1529984), np.float32(-1.5308516), np.float32(-4.345868), np.float32(-6.645237), np.float32(-0.48341283), np.float32(-1.5666251), np.float32(-2.4366915), np.float32(2.7051337), np.float32(-3.811409), np.float32(-1.9707592), np.float32(-2.0133953), np.float32(-2.7551625), np.float32(1.2437649), np.float32(-0.34232497), np.float32(-7.034411), np.float32(-1.8594278), np.float32(6.429734), np.float32(-8.674207), np.float32(-2.8826249), np.float32(3.0131824), np.float32(2.2479281), np.float32(-3.5511875), np.float32(-2.6489515)]","[np.float32(-1.8308212), np.float32(-0.068370625), np.float32(-0.629766), np.float32(-0.062060285), np.float32(-0.5736516), np.float32(-0.47645938), np.float32(0.4507424), np.float32(0.6450976), np.float32(0.5208928), np.float32(0.5675312), np.float32(0.65310717), np.float32(-0.8480996), np.float32(-0.13136628), np.float32(0.18830974), np.float32(0.1946305), np.float32(-0.09682248), np.float32(0.037413374), np.float32(-0.6459146), np.float32(-0.063907556), np.float32(-0.09017998), np.float32(0.09562392), np.float32(0.19149077), np.float32(-0.26019245), np.float32(0.31378892), np.float32(-0.20195958), np.float32(-0.19015771), np.float32(0.10916662), np.float32(-0.085399576), np.float32(-0.072548576), np.float32(0.10956154), np.float32(0.08574553), np.float32(0.12510641)]","[np.float32(1.4969716), np.float32(1.0006713), np.float32(0.91979545), np.float32(0.83366), np.float32(0.8021205), np.float32(0.8618506), np.float32(1.1754268), np.float32(1.3211586), np.float32(1.1843377), np.float32(0.97469074), np.float32(1.2870891), np.float32(0.9140826), np.float32(1.1317513), np.float32(0.95259637), np.float32(1.105209), np.float32(1.0131743), np.float32(1.3847075), np.float32(1.2083209), np.float32(0.8112182), np.float32(1.0824132), np.float32(0.97754365), np.float32(1.1290313), np.float32(1.2795837), np.float32(1.2342944), np.float32(1.13793), np.float32(1.0890932), np.float32(1.4012994), np.float32(1.4344277), np.float32(1.2270372), np.float32(1.4663421), np.float32(1.3654069), np.float32(1.2941091)]"
2018-02-14 03:47:00+00:00,69.380936,0,LOEO,16,"[np.float32(-2057.6592), np.float32(-61.80052), np.float32(-14.753858), np.float32(-0.75370735), np.float32(-4.7925224), np.float32(-2.7740097), np.float32(17.195509), np.float32(9.195165), np.float32(-1.2883167), np.float32(4.2811265), np.float32(2.648358), np.float32(-2.7030683), np.float32(-6.9079657), np.float32(-1.1467925), np.float32(-1.9541372), np.float32(4.321026), np.float32(-1.2668099), np.float32(2.0335515), np.float32(-0.603557), np.float32(0.10565013), np.float32(0.26393035), np.float32(0.05340914), np.float32(2.0814075), np.float32(1.7273732), np.float32(1.1636947), np.float32(2.1115158), np.float32(-1.8447832), np.float32(-2.35297), np.float32(-0.26646617), np.float32(6.6965237), np.float32(3.8881712), np.float32(-4.6155515)]","[np.float32(-1.8489192), np.float32(-0.06692827), np.float32(-0.6375587), np.float32(-0.058639366), np.float32(-0.58299553), np.float32(-0.4796883), np.float32(0.44903135), np.float32(0.64689916), np.float32(0.5234294), np.float32(0.58177495), np.float32(0.654259), np.float32(-0.8471806), np.float32(-0.1329042), np.float32(0.18488003), np.float32(0.1943756), np.float32(-0.095036514), np.float32(0.034542233), np.float32(-0.64438254), np.float32(-0.061181344), np.float32(-0.095908746), np.float32(0.087483704), np.float32(0.18990251), np.float32(-0.26718518), np.float32(0.32077923), np.float32(-0.202024), np.float32(-0.18809061), np.float32(0.10953078), np.float32(-0.08541814), np.float32(-0.07222028), np.float32(0.11042438), np.float32(0.086251125), np.float32(0.12752336)]","[np.float32(1.5056366), np.float32(1.0070913), np.float32(0.9202537), np.float32(0.8361748), np.float32(0.8094283), np.float32(0.8659056), np.float32(1.1767685), np.float32(1.3254696), np.float32(1.1849931), np.float32(0.9825017), np.float32(1.2915494), np.float32(0.9128916), np.float32(1.1431249), np.float32(0.9522902), np.float32(1.1115097), np.float32(1.0154365), np.float32(1.3897924), np.float32(1.210513), np.float32(0.809867), np.float32(1.0889634), np.float32(0.976379), np.float32(1.1310203), np.float32(1.2836075), np.float32(1.2374957), np.float32(1.1350266), np.float32(1.092956), np.float32(1.4083921), np.float32(1.4464953), np.float32(1.2314407), np.float32(1.4761306), np.float32(1.3698549), np.float32(1.3007078)]"
2018-02-14 03:48:00+00:00,70.225975,0,LOEO,16,"[np.float32(-2062.1985), np.float32(-66.05469), np.float32(-14.006141), np.float32(-13.524062), np.float32(-8.598955), np.float32(-3.1169884), np.float32(12.947698), np.float32(5.383948), np.float32(-0.6441736), np.float32(4.349297), np.float32(0.37313738), np.float32(-4.396737), np.float32(-6.591875), np.float32(0.2738049), np.float32(-1.5695127), np.float32(-2.441949), np.float32(1.2467103), np.float32(-4.9611106), np.float32(-1.1643362), np.float32(-1.9443281), np.float32(-0.5345526), np.float32(0.54834515), np.float32(-1.8360567), np.float32(-8.714047), np.float32(-1.6640213), np.float32(5.1228857), np.float32(-7.5176716), np.float32(-2.4905307), np.float32(0.98998904), np.float32(1.395568), np.float32(-3.9885068), np.float32(-3.3437996)]","[np.float32(-1.8558271), np.float32(-0.06638023), np.float32(-0.64053327), np.float32(-0.057337873), np.float32(-0.58655727), np.float32(-0.4809181), np.float32(0.44838062), np.float32(0.6475881), np.float32(0.5243949), np.float32(0.5872092), np.float32(0.65470004), np.float32(-0.84683377), np.float32(-0.13349122), np.float32(0.18356995), np.float32(0.19427648), np.float32(-0.09435578), np.float32(0.033450834), np.float32(-0.64379644), np.float32(-0.060144596), np.float32(-0.098091364), np.float32(0.0843806), np.float32(0.18929675), np.float32(-0.26985043), np.float32(0.32344502), np.float32(-0.20205076), np.float32(-0.18730153), np.float32(0.109667614), np.float32(-0.08542223), np.float32(-0.07209416), np.float32(0.11075189), np.float32(0.08644621), np.float32(0.12844731)]","[np.float32(1.5089535), np.float32(1.0095448), np.float32(0.9204347), np.float32(0.83713967), np.float32(0.81222856), np.float32(0.8674556), np.float32(1.1772846), np.float32(1.3271189), np.float32(1.1852471), np.float32(0.9854874), np.float32(1.2932577), np.float32(0.9124397), np.float32(1.1474767), np.float32(0.95217407), np.float32(1.1139208), np.float32(1.0163051), np.float32(1.3917401), np.float32(1.2113562), np.float32(0.8093544), np.float32(1.091467), np.float32(0.97594035), np.float32(1.1317866), np.float32(1.2851484), np.float32(1.2387226), np.float32(1.1339291), np.float32(1.0944333), np.float32(1.4111041), np.float32(1.451106), np.float32(1.233128), np.float32(1.4798769), np.float32(1.3715644), np.float32(1.3032362)]"
2018-02-14 03:49:00+00:00,69.47422,0,LOEO,16,"[np.float32(-2060.8662), np.float32(-64.74603), np.float32(-14.281894), np.float32(-12.097525), np.float32(-5.4889646), np.float32(-2.898488), np.float32(14.607676), np.float32(7.305261), np.float32(0.2825024), np.float32(4.3793054), np.float32(1.5007421), np.float32(-4.2773767), np.float32(-6.4729986), np.float32(0.33189332), np.float32(-1.9713457), np.float32(-4.5472336), np.float32(-0.042916074), np.float32(0.8619709), np.float32(-1.3054906), np.float32(-1.7504805), np.float32(0.2315774), np.float32(0.8714781), np.float32(-0.3846036), np.float32(-5.635579), np.float32(-0.9490787), np.float32(2.6453133), np.float32(-3.1047542), np.float32(-0.16652498), np.float32(0.6166105), np.float32(-0.9151648), np.float32(-1.3280566), np.float32(-2.7362943)]","[np.float32(-1.8569471), np.float32(-0.06628986), np.float32(-0.6410156), np.float32(-0.057124317), np.float32(-0.58713764), np.float32(-0.48111913), np.float32(0.44827372), np.float32(0.647699), np.float32(0.5245531), np.float32(0.58809173), np.float32(0.6547707), np.float32(-0.8467751), np.float32(-0.13358636), np.float32(0.18335815), np.float32(0.19426152), np.float32(-0.094244845), np.float32(0.0332712), np.float32(-0.64370215), np.float32(-0.059974212), np.float32(-0.09844768), np.float32(0.083875045), np.float32(0.18919826), np.float32(-0.2702849), np.float32(0.32387874), np.float32(-0.2020538), np.float32(-0.18717362), np.float32(0.10969108), np.float32(-0.0854247), np.float32(-0.0720742), np.float32(0.110806115), np.float32(0.086476594), np.float32(0.12859628)]","[np.float32(1.5094893), np.float32(1.0099449), np.float32(0.92046034), np.float32(0.8372939), np.float32(0.81268346), np.float32(0.8677076), np.float32(1.1773661), np.float32(1.3273853), np.float32(1.1852859), np.float32(0.98597527), np.float32(1.2935324), np.float32(0.912365), np.float32(1.1481864), np.float32(0.9521548), np.float32(1.1143115), np.float32(1.0164434), np.float32(1.3920531), np.float32(1.2114894), np.float32(0.80926967), np.float32(1.0918747), np.float32(0.9758658), np.float32(1.131907), np.float32(1.2853962), np.float32(1.2389193), np.float32(1.1337453), np.float32(1.0946723), np.float32(1.4115438), np.float32(1.4518586), np.float32(1.2333992), np.float32(1.4804833), np.float32(1.3718357), np.float32(1.3036431)]"
2018-02-14 03:50:00+00:00,70.062645,0,LOEO,16,"[np.float32(-2063.9636), np.float32(-65.81608), np.float32(-12.35185), np.float32(-13.460624), np.float32(-4.9610705), np.float32(-3.4520416), np.float32(0.6054314), np.float32(-4.2356853), np.float32(0.5203186), np.float32(6.392617), np.float32(0.7752239), np.float32(-8.37947), np.float32(-5.624115), np.float32(1.0782546), np.float32(-1.0711998), np.float32(-1.9599282), np.float32(7.1279845), np.float32(-4.8415804), np.float32(0.30296764), np.float32(-10.77653), np.float32(-3.1840186), np.float32(2.4803562), np.float32(-4.202253), np.float32(-7.686956), np.float32(-1.7783237), np.float32(1.3785521), np.float32(-0.14223784), np.float32(3.1303132), np.float32(-3.496338), np.float32(0.7761754), np.float32(-0.57253116), np.float32(-2.3487964)]","[np.float32(-1.8574121), np.float32(-0.06625368), np.float32(-0.6412156), np.float32(-0.057037856), np.float32(-0.58737606), np.float32(-0.48120117), np.float32(0.4482306), np.float32(0.64774567), np.float32(0.5246173), np.float32(0.58845675), np.float32(0.6548007), np.float32(-0.84675294), np.float32(-0.13362586), np.float32(0.18326978), np.float32(0.19425437), np.float32(-0.09419929), np.float32(0.033198968), np.float32(-0.64366245), np.float32(-0.059905462), np.float32(-0.09859347), np.float32(0.08366731), np.float32(0.1891576), np.float32(-0.2704632), np.float32(0.32405743), np.float32(-0.20205618), np.float32(-0.18712053), np.float32(0.10969971), np.float32(-0.0854242), np.float32(-0.07206547), np.float32(0.11082765), np.float32(0.08649027), np.float32(0.12865883)]","[np.float32(1.5097136), np.float32(1.0101094), np.float32(0.9204742), np.float32(0.83735996), np.float32(0.81287205), np.float32(0.8678118), np.float32(1.1774018), np.float32(1.3274969), np.float32(1.185304), np.float32(0.986175), np.float32(1.2936485), np.float32(0.9123352), np.float32(1.1484782), np.float32(0.9521472), np.float32(1.114474), np.float32(1.016503), np.float32(1.3921854), np.float32(1.2115477), np.float32(0.809236), np.float32(1.0920427), np.float32(0.97583777), np.float32(1.1319603), np.float32(1.2855008), np.float32(1.239003), np.float32(1.1336741), np.float32(1.0947721), np.float32(1.4117264), np.float32(1.4521673), np.float32(1.233514), np.float32(1.4807363), np.float32(1.3719534), np.float32(1.3038149)]"
2018-02-14 03:51:00+00:00,69.63999,0,LOEO,16,"[np.float32(-2062.1555), np.float32(-65.25936), np.float32(-13.84306), np.float32(-12.206493), np.float32(-4.327614), np.float32(-3.008449), np.float32(10.952352), np.float32(3.6815486), np.float32(0.44446602), np.float32(8.880419), np.float32(4.349773), np.float32(1.5456436), np.float32(-5.973085), np.float32(0.5172586), np.float32(-1.9397897), np.float32(-0.5122693), np.float32(1.4479363), np.float32(0.73849565), np.float32(-1.1151853), np.float32(-1.7183901), np.float32(-1.5756375), np.float32(-0.16248485), np.float32(-1.0644029), np.float32(-4.890349), np.float32(-1.1775101), np.float32(1.4862113), np.float32(-6.844417), np.float32(-1.8242731), np.float32(-0.59673345), np.float32(-0.6750749), np.float32(-3.2650323), np.float32(-5.008605)]","[np.float32(-1.8524786), np.float32(-0.06664556), np.float32(-0.6390913), np.float32(-0.0579682), np.float32(-0.5848314), np.float32(-0.48032227), np.float32(0.4486957), np.float32(0.6472539), np.float32(0.5239273), np.float32(0.5845752), np.float32(0.65448606), np.float32(-0.8470015), np.float32(-0.13320665), np.float32(0.18420513), np.float32(0.19432479), np.float32(-0.094685644), np.float32(0.033979267), np.float32(-0.6440807), np.float32(-0.06064666), np.float32(-0.09703387), np.float32(0.08588429), np.float32(0.1895903), np.float32(-0.26855898), np.float32(0.32215312), np.float32(-0.20203753), np.float32(-0.187684), np.float32(0.10960157), np.float32(-0.08542064), np.float32(-0.07215541), np.float32(0.110593356), np.float32(0.086351395), np.float32(0.12799923)]","[np.float32(1.5073448), np.float32(1.0083555), np.float32(0.9203461), np.float32(0.8366714), np.float32(0.8108704), np.float32(0.86670417), np.float32(1.177034), np.float32(1.3263191), np.float32(1.1851234), np.float32(0.9840401), np.float32(1.292429), np.float32(0.9126584), np.float32(1.1453669), np.float32(0.9522302), np.float32(1.1127515), np.float32(1.0158834), np.float32(1.3907954), np.float32(1.2109466), np.float32(0.8096025), np.float32(1.0902534), np.float32(0.9761522), np.float32(1.1314143), np.float32(1.2844008), np.float32(1.2381274), np.float32(1.1344597), np.float32(1.0937169), np.float32(1.409789), np.float32(1.4488711), np.float32(1.2323093), np.float32(1.4780602), np.float32(1.3707342), np.float32(1.3020096)]"
2018-02-14 03:52:00+00:00,69.247696,0,LOEO,16,"[np.float32(-2061.9219), np.float32(-65.88789), np.float32(-13.375257), np.float32(-13.323447), np.float32(-5.0859966), np.float32(-3.1495984), np.float32(8.024342), np.float32(0.5687787), np.float32(-0.19065289), np.float32(5.025934), np.float32(-0.5477613), np.float32(-4.5380116), np.float32(-5.907835), np.float32(0.41028824), np.float32(-1.8943847), np.float32(-0.624792), np.float32(3.44772), np.float32(0.48292807), np.float32(0.24853665), np.float32(-6.3095226), np.float32(-0.5791977), np.float32(2.1819272), np.float32(-1.8898096), np.float32(-4.8688674), np.float32(0.63255054), np.float32(1.5588201), np.float32(-1.3425492), np.float32(1.1039655), np.float32(1.1424619), np.float32(-0.4765578), np.float32(0.57705516), np.float32(-2.37662)]","[np.float32(-1.8565416), np.float32(-0.066322625), np.float32(-0.64084077), np.float32(-0.057201706), np.float32(-0.58692735), np.float32(-0.4810463), np.float32(0.4483125), np.float32(0.6476589), np.float32(0.5244958), np.float32(0.587772), np.float32(0.6547452), np.float32(-0.8467965), np.float32(-0.13355191), np.float32(0.18343483), np.float32(0.19426692), np.float32(-0.09428501), np.float32(0.033336326), np.float32(-0.6437363), np.float32(-0.060036004), np.float32(-0.09831861), np.float32(0.08405821), np.float32(0.18923393), np.float32(-0.27012748), np.float32(0.32372165), np.float32(-0.20205271), np.float32(-0.18721992), np.float32(0.10968256), np.float32(-0.08542377), np.float32(-0.07208146), np.float32(0.11078643), np.float32(0.08646564), np.float32(0.12854236)]","[np.float32(1.5092953), np.float32(1.0098), np.float32(0.9204512), np.float32(0.8372382), np.float32(0.8125187), np.float32(0.86761636), np.float32(1.1773366), np.float32(1.3272889), np.float32(1.185272), np.float32(0.9857985), np.float32(1.293433), np.float32(0.91239214), np.float32(1.1479293), np.float32(0.9521618), np.float32(1.11417), np.float32(1.0163933), np.float32(1.39194), np.float32(1.2114413), np.float32(0.8093005), np.float32(1.091727), np.float32(0.97589284), np.float32(1.1318635), np.float32(1.2853066), np.float32(1.2388481), np.float32(1.1338121), np.float32(1.0945859), np.float32(1.4113846), np.float32(1.4515859), np.float32(1.2333009), np.float32(1.4802637), np.float32(1.3717376), np.float32(1.3034959)]"
2018-02-14 03:53:00+00:00,70.49293,0,LOEO,16,"[np.float32(-2062.6135), np.float32(-65.4454), np.float32(-14.452609), np.float32(-12.166321), np.float32(-10.207241), np.float32(-3.0295718), np.float32(16.08068), np.float32(7.790841), np.float32(-0.5519303), np.float32(3.652496), np.float32(0.48485282), np.float32(-3.6022036), np.float32(-6.2924933), np.float32(0.6910313), np.float32(-1.3598765), np.float32(-5.88815), np.float32(2.3900633), np.float32(-4.758949), np.float32(-0.9639397), np.float32(-1.8734639), np.float32(0.28304344), np.float32(0.8280921), np.float32(-1.4962015), np.float32(-9.833456), np.float32(-3.842934), np.float32(4.9535356), np.float32(-5.051094), np.float32(-1.0302621), np.float32(-2.0321512), np.float32(1.6788107), np.float32(-4.5128064), np.float32(-3.175073)]","[np.float32(-1.8559324), np.float32(-0.06637153), np.float32(-0.64057857), np.float32(-0.057317436), np.float32(-0.5866122), np.float32(-0.48093724), np.float32(0.44837034), np.float32(0.6475984), np.float32(0.52440995), np.float32(0.5872922), np.float32(0.6547065), np.float32(-0.84682804), np.float32(-0.13350013), np.float32(0.1835502), np.float32(0.19427525), np.float32(-0.09434529), np.float32(0.033433564), np.float32(-0.64378774), np.float32(-0.06012828), np.float32(-0.098125204), np.float32(0.08433274), np.float32(0.18928745), np.float32(-0.2698916), np.float32(0.323486), np.float32(-0.20205082), np.float32(-0.1872895), np.float32(0.10967004), np.float32(-0.085422724), np.float32(-0.072092384), np.float32(0.11075712), np.float32(0.08644894), np.float32(0.12846118)]","[np.float32(1.5090034), np.float32(1.0095828), np.float32(0.9204365), np.float32(0.8371538), np.float32(0.81227124), np.float32(0.8674793), np.float32(1.177292), np.float32(1.3271438), np.float32(1.1852505), np.float32(0.9855337), np.float32(1.2932831), np.float32(0.91243243), np.float32(1.1475438), np.float32(0.9521722), np.float32(1.1139574), np.float32(1.0163176), np.float32(1.391769), np.float32(1.2113681), np.float32(0.8093462), np.float32(1.0915054), np.float32(0.9759328), np.float32(1.1317972), np.float32(1.2851714), np.float32(1.2387407), np.float32(1.1339109), np.float32(1.0944557), np.float32(1.4111452), np.float32(1.4511772), np.float32(1.2331531), np.float32(1.4799336), np.float32(1.3715888), np.float32(1.3032738)]"
2018-02-14 03:54:00+00:00,69.68589,0,LOEO,16,"[np.float32(-2059.523), np.float32(-63.28086), np.float32(-14.666035), np.float32(-12.669103), np.float32(-4.2592688), np.float32(-2.3621929), np.float32(17.186188), np.float32(10.010193), np.float32(2.1646514), np.float32(4.30105), np.float32(3.579835), np.float32(-2.8530586), np.float32(-6.559173), np.float32(-0.06896002), np.float32(-2.3724174), np.float32(0.5035346), np.float32(-1.4312658), np.float32(7.897904), np.float32(1.12897), np.float32(-0.68789005), np.float32(1.0354303), np.float32(0.26875177), np.float32(0.17932868), np.float32(-4.7388797), np.float32(-0.9241277), np.float32(0.990102), np.float32(-1.8206859), np.float32(-0.5689272), np.float32(-0.69240755), np.float32(-1.7473453), np.float32(-1.9648203), np.float32(-3.3511477)]","[np.float32(-1.8571796), np.float32(-0.06627144), np.float32(-0.64111567), np.float32(-0.057080522), np.float32(-0.5872575), np.float32(-0.48116046), np.float32(0.4482518), np.float32(0.6477222), np.float32(0.5245856), np.float32(0.5882746), np.float32(0.6547856), np.float32(-0.8467636), np.float32(-0.13360614), np.float32(0.18331401), np.float32(0.19425818), np.float32(-0.09422195), np.float32(0.0332345), np.float32(-0.6436824), np.float32(-0.059939332), np.float32(-0.0985211), np.float32(0.08377065), np.float32(0.18917787), np.float32(-0.27037454), np.float32(0.32396838), np.float32(-0.20205472), np.float32(-0.18714705), np.float32(0.10969564), np.float32(-0.08542483), np.float32(-0.07206998), np.float32(0.11081711), np.float32(0.086483166), np.float32(0.12862743)]","[np.float32(1.5096011), np.float32(1.0100275), np.float32(0.9204666), np.float32(0.8373266), np.float32(0.8127779), np.float32(0.8677599), np.float32(1.1773835), np.float32(1.3274409), np.float32(1.1852946), np.float32(0.9860758), np.float32(1.2935901), np.float32(0.9123498), np.float32(1.1483331), np.float32(0.95215094), np.float32(1.1143926), np.float32(1.0164726), np.float32(1.3921192), np.float32(1.2115178), np.float32(0.8092525), np.float32(1.091959), np.float32(0.97585106), np.float32(1.1319329), np.float32(1.2854482), np.float32(1.2389607), np.float32(1.1337086), np.float32(1.0947222), np.float32(1.411635), np.float32(1.452014), np.float32(1.2334559), np.float32(1.4806095), np.float32(1.3718934), np.float32(1.3037283)]"
2018-02-14 03:55:00+00:00,69.57698,0,LOEO,16,"[np.float32(-2060.4253), np.float32(-64.91897), np.float32(-14.669337), np.float32(-12.134428), np.float32(-4.0292006), np.float32(-2.692068), np.float32(16.805483), np.float32(9.169767), np.float32(0.10305482), np.float32(7.577344), np.float32(6.4728594), np.float32(2.2171726), np.float32(-6.6575975), np.float32(0.18610498), np.float32(-2.1555467), np.float32(-0.74866873), np.float32(0.57174546), np.float32(0.045867804), np.float32(-0.1575222), np.float32(0.40916222), np.float32(1.0776457), np.float32(-0.075207904), np.float32(-0.5325337), np.float32(-2.304925), np.float32(-0.57292014), np.float32(1.3172201), np.float32(-2.844581), np.float32(-1.5400612), np.float32(1.1864816), np.float32(-1.7607028), np.float32(-1.4971129), np.float32(-3.4724905)]","[np.float32(-1.8575166), np.float32(-0.06624572), np.float32(-0.64126056), np.float32(-0.057018686), np.float32(-0.5874294), np.float32(-0.48121947), np.float32(0.44822103), np.float32(0.6477563), np.float32(0.5246317), np.float32(0.58853877), np.float32(0.65480757), np.float32(-0.8467482), np.float32(-0.13363478), np.float32(0.18324979), np.float32(0.19425261), np.float32(-0.09418907), np.float32(0.033183), np.float32(-0.6436534), np.float32(-0.059890267), np.float32(-0.09862605), np.float32(0.08362086), np.float32(0.18914849), np.float32(-0.27050307), np.float32(0.32409754), np.float32(-0.20205684), np.float32(-0.18710856), np.float32(0.1097015), np.float32(-0.08542386), np.float32(-0.072063506), np.float32(0.110832386), np.float32(0.08649352), np.float32(0.128673)]","[np.float32(1.5097646), np.float32(1.0101463), np.float32(0.92047775), np.float32(0.837375), np.float32(0.8129145), np.float32(0.8678351), np.float32(1.1774101), np.float32(1.3275222), np.float32(1.1853085), np.float32(0.9862195), np.float32(1.293675), np.float32(0.9123287), np.float32(1.1485435), np.float32(0.9521455), np.float32(1.1145108), np.float32(1.0165166), np.float32(1.3922158), np.float32(1.2115612), np.float32(0.8092285), np.float32(1.0920802), np.float32(0.97583187), np.float32(1.1319727), np.float32(1.2855246), np.float32(1.239022), np.float32(1.1336588), np.float32(1.0947946), np.float32(1.4117675), np.float32(1.4522363), np.float32(1.2335399), np.float32(1.4807934), np.float32(1.3719804), np.float32(1.3038538)]"
2018-02-14 03:56:00+00:00,69.2348,0,LOEO,16,"[np.float32(-2060.9487), np.float32(-64.27467), np.float32(-14.656338), np.float32(-12.192407), np.float32(-4.2562175), np.float32(-1.5802978), np.float32(17.045982), np.float32(8.979618), np.float32(0.48326197), np.float32(2.0626473), np.float32(3.2089314), np.float32(-3.370837), np.float32(-6.1181736), np.float32(0.19298929), np.float32(-1.3697081), np.float32(0.19491567), np.float32(-0.5190002), np.float32(-1.5888472), np.float32(-1.9907423), np.float32(-0.043764025), np.float32(0.8482668), np.float32(-1.1357745), np.float32(-0.7933327), np.float32(1.7398359), np.float32(0.068067186), np.float32(-1.0140085), np.float32(-0.061620075), np.float32(-1.9699813), np.float32(-2.2738085), np.float32(1.6603296), np.float32(1.6082374), np.float32(-5.8597097)]","[np.float32(-1.8575768), np.float32(-0.06624071), np.float32(-0.64128655), np.float32(-0.05700701), np.float32(-0.58746076), np.float32(-0.48123038), np.float32(0.44821516), np.float32(0.6477622), np.float32(0.5246402), np.float32(0.5885862), np.float32(0.65481126), np.float32(-0.84674495), np.float32(-0.13363987), np.float32(0.18323843), np.float32(0.19425194), np.float32(-0.094183095), np.float32(0.033173166), np.float32(-0.6436484), np.float32(-0.059880964), np.float32(-0.098645315), np.float32(0.08359352), np.float32(0.18914318), np.float32(-0.27052656), np.float32(0.3241209), np.float32(-0.20205688), np.float32(-0.18710166), np.float32(0.10970287), np.float32(-0.085424095), np.float32(-0.07206246), np.float32(0.110835336), np.float32(0.08649507), np.float32(0.12868094)]","[np.float32(1.509793), np.float32(1.0101678), np.float32(0.9204788), np.float32(0.83738315), np.float32(0.8129389), np.float32(0.86784875), np.float32(1.1774143), np.float32(1.3275363), np.float32(1.1853104), np.float32(0.986246), np.float32(1.2936895), np.float32(0.91232455), np.float32(1.1485817), np.float32(0.9521444), np.float32(1.1145318), np.float32(1.016524), np.float32(1.3922323), np.float32(1.2115681), np.float32(0.8092239), np.float32(1.0921023), np.float32(0.97582763), np.float32(1.1319789), np.float32(1.2855378), np.float32(1.2390324), np.float32(1.1336484), np.float32(1.0948075), np.float32(1.4117911), np.float32(1.4522771), np.float32(1.2335544), np.float32(1.4808257), np.float32(1.3719947), np.float32(1.3038756)]"
2018-02-14 03:57:00+00:00,69.39773,0,LOEO,16,"[np.float32(-2062.204), np.float32(-65.19131), np.float32(-14.4491825), np.float32(-12.079214), np.float32(-4.3062987), np.float32(-2.9549189), np.float32(15.609437), np.float32(8.46454), np.float32(-0.14699996), np.float32(4.8683834), np.float32(3.4365242), np.float32(-3.375755), np.float32(-6.2199864), np.float32(0.17267), np.float32(-1.2658081), np.float32(-0.9989173), np.float32(0.14363256), np.float32(-1.6045598), np.float32(-1.6224467), np.float32(-2.1774166), np.float32(1.3299404), np.float32(0.9085301), np.float32(-0.07160521), np.float32(-4.513846), np.float32(-0.9852427), np.float32(1.8787224), np.float32(-0.37053084), np.float32(1.8815906), np.float32(-0.74477094), np.float32(-0.6599556), np.float32(0.81628144), np.float32(-2.2177608)]","[np.float32(-1.8575872), np.float32(-0.06624004), np.float32(-0.64129096), np.float32(-0.057005245), np.float32(-0.5874661), np.float32(-0.4812321), np.float32(0.44821426), np.float32(0.6477634), np.float32(0.5246417), np.float32(0.5885943), np.float32(0.6548121), np.float32(-0.8467446), np.float32(-0.13364075), np.float32(0.18323646), np.float32(0.19425169), np.float32(-0.094182104), np.float32(0.033171713), np.float32(-0.6436475), np.float32(-0.059879564), np.float32(-0.09864846), np.float32(0.08358899), np.float32(0.18914229), np.float32(-0.27053046), np.float32(0.3241248), np.float32(-0.20205706), np.float32(-0.18710044), np.float32(0.10970296), np.float32(-0.08542399), np.float32(-0.07206228), np.float32(0.11083581), np.float32(0.086495444), np.float32(0.12868242)]","[np.float32(1.5097984), np.float32(1.0101714), np.float32(0.9204794), np.float32(0.83738476), np.float32(0.81294316), np.float32(0.8678511), np.float32(1.1774153), np.float32(1.3275387), np.float32(1.1853108), np.float32(0.9862503), np.float32(1.2936922), np.float32(0.912324), np.float32(1.1485881), np.float32(0.9521443), np.float32(1.1145353), np.float32(1.0165254), np.float32(1.3922355), np.float32(1.2115697), np.float32(0.80922323), np.float32(1.0921059), np.float32(0.9758272), np.float32(1.1319803), np.float32(1.2855403), np.float32(1.2390345), np.float32(1.1336472), np.float32(1.0948097), np.float32(1.4117953), np.float32(1.4522836), np.float32(1.2335572), np.float32(1.4808316), np.float32(1.3719977), np.float32(1.3038796)]"
2018-02-14 03:58:00+00:00,69.50762,0,LOEO,16,"[np.float32(-2060.7327), np.float32(-64.14138), np.float32(-14.655319), np.float32(-12.787898), np.float32(-4.512357), np.float32(-2.0843146), np.float32(16.969229), np.float32(9.722941), np.float32(1.6737059), np.float32(4.3662877), np.float32(4.912428), np.float32(-2.0860908), np.float32(-5.633065), np.float32(0.35337502), np.float32(-1.4303699), np.float32(0.5974553), np.float32(-1.2118689), np.float32(7.22097), np.float32(0.4991955), np.float32(-1.0790548), np.float32(1.3262321), np.float32(0.15052518), np.float32(-0.653645), np.float32(-2.3688138), np.float32(-0.7069679), np.float32(-0.69437367), np.float32(1.0162005), np.float32(0.7261107), np.float32(-1.8505192), np.float32(-2.0898616), np.float32(0.63341135), np.float32(-2.6235633)]","[np.float32(-1.8575889), np.float32(-0.06623985), np.float32(-0.64129174), np.float32(-0.05700483), np.float32(-0.587467), np.float32(-0.48123246), np.float32(0.44821405), np.float32(0.64776343), np.float32(0.5246419), np.float32(0.58859575), np.float32(0.65481216), np.float32(-0.8467443), np.float32(-0.13364092), np.float32(0.1832361), np.float32(0.19425169), np.float32(-0.094181925), np.float32(0.033171333), np.float32(-0.6436474), np.float32(-0.059879225), np.float32(-0.098649085), np.float32(0.08358811), np.float32(0.18914214), np.float32(-0.27053118), np.float32(0.32412553), np.float32(-0.20205702), np.float32(-0.18710023), np.float32(0.109703064), np.float32(-0.08542408), np.float32(-0.07206219), np.float32(0.11083589), np.float32(0.086495444), np.float32(0.12868261)]","[np.float32(1.5097991), np.float32(1.010172), np.float32(0.9204793), np.float32(0.83738494), np.float32(0.8129439), np.float32(0.8678515), np.float32(1.1774153), np.float32(1.3275393), np.float32(1.1853108), np.float32(0.9862512), np.float32(1.2936927), np.float32(0.91232383), np.float32(1.1485894), np.float32(0.9521443), np.float32(1.1145359), np.float32(1.0165256), np.float32(1.392236), np.float32(1.2115697), np.float32(0.80922306), np.float32(1.0921067), np.float32(0.975827), np.float32(1.1319803), np.float32(1.2855408), np.float32(1.2390345), np.float32(1.1336467), np.float32(1.09481), np.float32(1.411796), np.float32(1.4522849), np.float32(1.2335575), np.float32(1.4808325), np.float32(1.371998), np.float32(1.30388)]"
2018-02-14 03:59:00+00:00,69.512344,0,LOEO,16,"[np.float32(-2062.316), np.float32(-65.240036), np.float32(-14.438415), np.float32(-11.948046), np.float32(-4.3148556), np.float32(-3.0128891), np.float32(15.403612), np.float32(8.289263), np.float32(-0.088243805), np.float32(5.1450143), np.float32(3.662323), np.float32(-3.2124782), np.float32(-6.284628), np.float32(-0.036867302), np.float32(-1.4170933), np.float32(-0.9225296), np.float32(2.528066), np.float32(-1.1965537), np.float32(-1.4053066), np.float32(-1.0305133), np.float32(0.5808042), np.float32(1.3307985), np.float32(0.86673975), np.float32(-3.079235), np.float32(-1.0651119), np.float32(1.7653393), np.float32(0.52211493), np.float32(2.5001135), np.float32(0.3441964), np.float32(-1.4546134), np.float32(3.3268335), np.float32(-2.1967485)]","[np.float32(-1.8575907), np.float32(-0.06623991), np.float32(-0.64129245), np.float32(-0.057004828), np.float32(-0.58746743), np.float32(-0.48123255), np.float32(0.44821405), np.float32(0.6477637), np.float32(0.524642), np.float32(0.58859694), np.float32(0.65481234), np.float32(-0.8467447), np.float32(-0.13364106), np.float32(0.18323572), np.float32(0.19425148), np.float32(-0.09418181), np.float32(0.033171415), np.float32(-0.64364713), np.float32(-0.059879273), np.float32(-0.09864934), np.float32(0.08358764), np.float32(0.18914199), np.float32(-0.27053156), np.float32(0.32412603), np.float32(-0.20205718), np.float32(-0.18710005), np.float32(0.109702915), np.float32(-0.08542381), np.float32(-0.07206212), np.float32(0.11083583), np.float32(0.08649564), np.float32(0.12868296)]","[np.float32(1.5098002), np.float32(1.0101724), np.float32(0.92047983), np.float32(0.8373855), np.float32(0.81294453), np.float32(0.8678518), np.float32(1.1774157), np.float32(1.3275398), np.float32(1.1853112), np.float32(0.9862515), np.float32(1.2936933), np.float32(0.91232395), np.float32(1.14859), np.float32(0.9521443), np.float32(1.1145366), np.float32(1.0165261), np.float32(1.3922367), np.float32(1.2115704), np.float32(0.8092231), np.float32(1.092107), np.float32(0.97582734), np.float32(1.131981), np.float32(1.2855412), np.float32(1.2390351), np.float32(1.1336473), np.float32(1.0948105), np.float32(1.4117966), np.float32(1.4522855), np.float32(1.2335583), np.float32(1.4808334), np.float32(1.371999), np.float32(1.303881)]"
2018-02-14 04:00:00+00:00,69.55975,0,LOEO,16,"[np.float32(-2062.598), np.float32(-65.65435), np.float32(-14.642105), np.float32(-12.650312), np.float32(-4.9112124), np.float32(-2.8673897), np.float32(17.09671), np.float32(9.527267), np.float32(-0.44312274), np.float32(3.756244), np.float32(2.8760645), np.float32(-3.8646944), np.float32(-5.7927165), np.float32(0.15844855), np.float32(-0.9329513), np.float32(-0.72196245), np.float32(0.026234237), np.float32(-1.1202205), np.float32(-1.8634872), np.float32(-1.4461546), np.float32(1.7204496), np.float32(0.9564602), np.float32(0.41353488), np.float32(-4.0817413), np.float32(-0.8957025), np.float32(1.8456504), np.float32(0.042044014), np.float32(2.3721712), np.float32(0.051864613), np.float32(-0.77153975), np.float32(2.878565), np.float32(-3.6308482)]","[np.float32(-1.8575902), np.float32(-0.06623973), np.float32(-0.6412923), np.float32(-0.05700465), np.float32(-0.58746755), np.float32(-0.48123267), np.float32(0.44821396), np.float32(0.6477636), np.float32(0.52464217), np.float32(0.5885967), np.float32(0.6548122), np.float32(-0.84674436), np.float32(-0.13364102), np.float32(0.18323587), np.float32(0.19425163), np.float32(-0.094181806), np.float32(0.03317119), np.float32(-0.6436472), np.float32(-0.059879072), np.float32(-0.09864946), np.float32(0.08358761), np.float32(0.18914202), np.float32(-0.2705316), np.float32(0.324126), np.float32(-0.20205702), np.float32(-0.18710013), np.float32(0.109703064), np.float32(-0.085424036), np.float32(-0.07206213), np.float32(0.11083593), np.float32(0.08649552), np.float32(0.1286828)]","[np.float32(1.5097997), np.float32(1.0101725), np.float32(0.92047936), np.float32(0.83738506), np.float32(0.8129444), np.float32(0.8678517), np.float32(1.1774154), np.float32(1.3275397), np.float32(1.1853108), np.float32(0.98625165), np.float32(1.2936931), np.float32(0.9123238), np.float32(1.14859), np.float32(0.9521442), np.float32(1.1145363), np.float32(1.0165257), np.float32(1.3922364), np.float32(1.2115699), np.float32(0.809223), np.float32(1.092107), np.float32(0.9758269), np.float32(1.1319805), np.float32(1.2855409), np.float32(1.2390349), np.float32(1.1336467), np.float32(1.0948104), np.float32(1.4117963), np.float32(1.4522856), np.float32(1.2335577), np.float32(1.4808332), np.float32(1.3719982), np.float32(1.3038806)]"
2018-02-14 04:01:00+00:00,69.65577,0,LOEO,16,"[np.float32(-2062.3901), np.float32(-65.8546), np.float32(-13.260298), np.float32(-13.589171), np.float32(-4.659162), np.float32(-3.259694), np.float32(6.5453568), np.float32(0.86636305), np.float32(1.1603227), np.float32(11.377191), np.float32(7.089113), np.float32(1.5337756), np.float32(-5.4037933), np.float32(0.5505075), np.float32(-1.0504818), np.float32(-3.3661048), np.float32(3.1353505), np.float32(-0.8471208), np.float32(-2.1335988), np.float32(-5.580834), np.float32(-2.4646), np.float32(2.0216477), np.float32(-1.1856872), np.float32(-4.1742606), np.float32(-1.4537169), np.float32(1.2520812), np.float32(0.98852867), np.float32(2.8314767), np.float32(0.41285998), np.float32(-2.4174886), np.float32(2.1213062), np.float32(-0.6343075)]","[np.float32(-1.8575904), np.float32(-0.06623979), np.float32(-0.64129245), np.float32(-0.057004716), np.float32(-0.58746755), np.float32(-0.48123267), np.float32(0.44821402), np.float32(0.64776367), np.float32(0.5246421), np.float32(0.58859694), np.float32(0.6548123), np.float32(-0.8467445), np.float32(-0.13364102), np.float32(0.18323578), np.float32(0.19425157), np.float32(-0.0941818), np.float32(0.033171296), np.float32(-0.6436472), np.float32(-0.059879147), np.float32(-0.09864943), np.float32(0.08358757), np.float32(0.18914199), np.float32(-0.27053162), np.float32(0.32412606), np.float32(-0.2020571), np.float32(-0.18710005), np.float32(0.10970299), np.float32(-0.08542392), np.float32(-0.07206214), np.float32(0.11083587), np.float32(0.08649558), np.float32(0.12868291)]","[np.float32(1.5098001), np.float32(1.0101725), np.float32(0.92047966), np.float32(0.8373854), np.float32(0.81294453), np.float32(0.8678518), np.float32(1.1774156), np.float32(1.3275397), np.float32(1.1853111), np.float32(0.98625165), np.float32(1.2936933), np.float32(0.9123238), np.float32(1.1485902), np.float32(0.9521442), np.float32(1.1145365), np.float32(1.0165259), np.float32(1.3922367), np.float32(1.2115701), np.float32(0.80922306), np.float32(1.092107), np.float32(0.9758271), np.float32(1.1319808), np.float32(1.2855412), np.float32(1.2390351), np.float32(1.133647), np.float32(1.0948104), np.float32(1.4117966), np.float32(1.4522856), np.float32(1.2335582), np.float32(1.4808334), np.float32(1.3719988), np.float32(1.3038809)]"
2018-02-14 04:02:00+00:00,70.7318,0,LOEO,16,"[np.float32(-2061.9292), np.float32(-66.045906), np.float32(-14.109033), np.float32(-14.022775), np.float32(-11.953495), np.float32(-3.0446343), np.float32(14.049565), np.float32(4.7441607), np.float32(-0.39487618), np.float32(3.879337), np.float32(-0.73174876), np.float32(-5.0709414), np.float32(-6.4386735), np.float32(0.895138), np.float32(-1.9250003), np.float32(-8.9535055), np.float32(1.8283384), np.float32(-3.7137969), np.float32(-1.3090489), np.float32(-1.0879867), np.float32(0.5496158), np.float32(0.92055064), np.float32(-2.6011987), np.float32(-10.295309), np.float32(-4.424331), np.float32(6.1767087), np.float32(-6.0916243), np.float32(-2.9827666), np.float32(0.6109883), np.float32(0.83298695), np.float32(-4.8071175), np.float32(-3.1258667)]","[np.float32(-1.857588), np.float32(-0.06623939), np.float32(-0.64129144), np.float32(-0.057004154), np.float32(-0.5874674), np.float32(-0.4812328), np.float32(0.4482137), np.float32(0.64776313), np.float32(0.52464235), np.float32(0.5885955), np.float32(0.6548118), np.float32(-0.84674364), np.float32(-0.13364089), np.float32(0.18323652), np.float32(0.19425204), np.float32(-0.09418182), np.float32(0.033170596), np.float32(-0.64364773), np.float32(-0.05987858), np.float32(-0.09864956), np.float32(0.08358776), np.float32(0.18914214), np.float32(-0.27053156), np.float32(0.32412565), np.float32(-0.2020566), np.float32(-0.18710038), np.float32(0.109703496), np.float32(-0.08542465), np.float32(-0.072062396), np.float32(0.1108362), np.float32(0.08649498), np.float32(0.12868223)]","[np.float32(1.5097978), np.float32(1.0101724), np.float32(0.9204781), np.float32(0.83738405), np.float32(0.8129436), np.float32(0.8678514), np.float32(1.1774145), np.float32(1.3275386), np.float32(1.1853101), np.float32(0.98625183), np.float32(1.2936915), np.float32(0.9123234), np.float32(1.1485898), np.float32(0.9521441), np.float32(1.1145355), np.float32(1.0165247), np.float32(1.3922348), np.float32(1.2115686), np.float32(0.8092226), np.float32(1.0921068), np.float32(0.97582597), np.float32(1.131979), np.float32(1.2855399), np.float32(1.2390338), np.float32(1.133645), np.float32(1.0948095), np.float32(1.4117956), np.float32(1.4522856), np.float32(1.2335564), np.float32(1.4808315), np.float32(1.3719959), np.float32(1.3038788)]"
2018-02-14 04:03:00+00:00,69.56048,0,LOEO,16,"[np.float32(-2060.0266), np.float32(-65.072784), np.float32(-14.658191), np.float32(-12.328284), np.float32(-4.4452558), np.float32(-2.6252885), np.float32(16.70435), np.float32(9.244696), np.float32(0.53278923), np.float32(7.678268), np.float32(7.0592895), np.float32(2.2062442), np.float32(-6.7064834), np.float32(-0.5136598), np.float32(-1.9836451), np.float32(-0.39893782), np.float32(0.42437446), np.float32(1.3536307), np.float32(-0.513026), np.float32(0.09972206), np.float32(0.21291138), np.float32(-0.15838633), np.float32(0.03067211), np.float32(-1.8910327), np.float32(0.9619113), np.float32(1.0242729), np.float32(-0.6934003), np.float32(-0.9227059), np.float32(1.125533), np.float32(-1.6860775), np.float32(1.7617301), np.float32(-4.4617376)]","[np.float32(-1.8575845), np.float32(-0.06623879), np.float32(-0.6412899), np.float32(-0.05700336), np.float32(-0.5874671), np.float32(-0.48123312), np.float32(0.44821322), np.float32(0.64776236), np.float32(0.5246427), np.float32(0.5885936), np.float32(0.6548111), np.float32(-0.8467423), np.float32(-0.13364056), np.float32(0.18323748), np.float32(0.19425277), np.float32(-0.094181836), np.float32(0.033169575), np.float32(-0.6436484), np.float32(-0.05987779), np.float32(-0.09864986), np.float32(0.083587974), np.float32(0.18914229), np.float32(-0.2705315), np.float32(0.32412517), np.float32(-0.20205583), np.float32(-0.18710084), np.float32(0.10970415), np.float32(-0.085425735), np.float32(-0.07206282), np.float32(0.11083669), np.float32(0.08649412), np.float32(0.1286812)]","[np.float32(1.5097944), np.float32(1.0101721), np.float32(0.92047584), np.float32(0.8373823), np.float32(0.81294227), np.float32(0.86785096), np.float32(1.177413), np.float32(1.3275371), np.float32(1.1853088), np.float32(0.98625207), np.float32(1.2936894), np.float32(0.9123228), np.float32(1.1485897), np.float32(0.95214397), np.float32(1.1145337), np.float32(1.0165226), np.float32(1.3922322), np.float32(1.211566), np.float32(0.8092218), np.float32(1.0921063), np.float32(0.9758242), np.float32(1.1319762), np.float32(1.2855377), np.float32(1.2390317), np.float32(1.1336422), np.float32(1.0948086), np.float32(1.411794), np.float32(1.4522858), np.float32(1.2335539), np.float32(1.4808288), np.float32(1.3719915), np.float32(1.3038756)]"
2018-02-14 04:04:00+00:00,70.14786,0,LOEO,16,"[np.float32(-2062.3696), np.float32(-65.68972), np.float32(-14.5580435), np.float32(-13.178318), np.float32(-4.95386), np.float32(-3.0378723), np.float32(16.768242), np.float32(8.381237), np.float32(-0.89496946), np.float32(3.3872335), np.float32(0.17144476), np.float32(-3.5548387), np.float32(-6.599365), np.float32(0.38278228), np.float32(-1.7527128), np.float32(-1.5774583), np.float32(1.4778528), np.float32(-4.5892453), np.float32(-0.5091528), np.float32(-0.382449), np.float32(2.0739498), np.float32(0.04873222), np.float32(-1.9861724), np.float32(-6.9047494), np.float32(-0.7739796), np.float32(3.4952877), np.float32(-8.7039385), np.float32(-1.7715573), np.float32(1.2640966), np.float32(1.3904833), np.float32(-4.019392), np.float32(-4.273075)]","[np.float32(-1.8575902), np.float32(-0.06623976), np.float32(-0.64129233), np.float32(-0.05700465), np.float32(-0.58746755), np.float32(-0.48123267), np.float32(0.44821396), np.float32(0.6477636), np.float32(0.52464205), np.float32(0.5885967), np.float32(0.6548122), np.float32(-0.8467444), np.float32(-0.13364103), np.float32(0.18323587), np.float32(0.19425163), np.float32(-0.09418182), np.float32(0.033171237), np.float32(-0.6436472), np.float32(-0.0598791), np.float32(-0.09864943), np.float32(0.08358758), np.float32(0.18914202), np.float32(-0.2705316), np.float32(0.324126), np.float32(-0.20205705), np.float32(-0.18710013), np.float32(0.10970305), np.float32(-0.08542399), np.float32(-0.07206215), np.float32(0.1108359), np.float32(0.08649553), np.float32(0.1286828)]","[np.float32(1.5097997), np.float32(1.0101725), np.float32(0.9204795), np.float32(0.8373852), np.float32(0.8129444), np.float32(0.8678517), np.float32(1.1774155), np.float32(1.3275396), np.float32(1.1853108), np.float32(0.98625165), np.float32(1.2936932), np.float32(0.9123238), np.float32(1.14859), np.float32(0.9521442), np.float32(1.1145364), np.float32(1.0165257), np.float32(1.3922364), np.float32(1.21157), np.float32(0.809223), np.float32(1.092107), np.float32(0.97582704), np.float32(1.1319805), np.float32(1.285541), np.float32(1.2390349), np.float32(1.1336467), np.float32(1.0948104), np.float32(1.4117965), np.float32(1.4522858), np.float32(1.2335578), np.float32(1.4808332), np.float32(1.3719985), np.float32(1.3038806)]"
2018-02-14 01:55:00+00:00,69.5276,0,LOEO,16,"[np.float32(-2060.4507), np.float32(-64.84572), np.float32(-14.666427), np.float32(-11.9614525), np.float32(-5.0032797), np.float32(-1.8944622), np.float32(17.162107), np.float32(9.690772), np.float32(0.019328058), np.float32(2.8454907), np.float32(4.400666), np.float32(-3.7656834), np.float32(-5.5656867), np.float32(0.17830275), np.float32(-1.4471498), np.float32(0.9315922), np.float32(-3.160501), np.float32(8.785065), np.float32(-0.60192084), np.float32(-1.0611393), np.float32(0.6272921), np.float32(0.70328254), np.float32(-1.4355147), np.float32(-1.2997708), np.float32(-0.8483296), np.float32(-0.41074896), np.float32(1.1951587), np.float32(1.1951247), np.float32(0.08700378), np.float32(-4.0414906), np.float32(0.19590701), np.float32(-0.7050991)]","[np.float32(-1.8575902), np.float32(-0.066239744), np.float32(-0.6412923), np.float32(-0.05700458), np.float32(-0.58746755), np.float32(-0.48123267), np.float32(0.44821393), np.float32(0.6477636), np.float32(0.52464217), np.float32(0.5885967), np.float32(0.65481216), np.float32(-0.8467443), np.float32(-0.13364105), np.float32(0.18323587), np.float32(0.19425166), np.float32(-0.09418179), np.float32(0.033171125), np.float32(-0.64364725), np.float32(-0.059879012), np.float32(-0.09864949), np.float32(0.08358754), np.float32(0.18914202), np.float32(-0.27053165), np.float32(0.324126), np.float32(-0.20205699), np.float32(-0.18710013), np.float32(0.109703094), np.float32(-0.08542405), np.float32(-0.07206218), np.float32(0.11083595), np.float32(0.08649549), np.float32(0.12868279)]","[np.float32(1.5097997), np.float32(1.0101725), np.float32(0.9204793), np.float32(0.83738506), np.float32(0.8129444), np.float32(0.8678517), np.float32(1.1774153), np.float32(1.3275396), np.float32(1.1853108), np.float32(0.9862518), np.float32(1.293693), np.float32(0.9123238), np.float32(1.1485902), np.float32(0.9521442), np.float32(1.1145364), np.float32(1.0165257), np.float32(1.3922364), np.float32(1.2115698), np.float32(0.80922294), np.float32(1.092107), np.float32(0.97582686), np.float32(1.1319805), np.float32(1.2855409), np.float32(1.2390349), np.float32(1.1336466), np.float32(1.0948104), np.float32(1.4117965), np.float32(1.4522858), np.float32(1.2335577), np.float32(1.480833), np.float32(1.3719982), np.float32(1.3038805)]"
2018-02-14 03:18:00+00:00,71.3052,1,LOEO,17,"[np.float32(-1965.0286), np.float32(-64.71093), np.float32(-14.147039), np.float32(-12.184245), np.float32(5.0167603), np.float32(16.585506), np.float32(11.153979), np.float32(-1.794253), np.float32(0.72673434), np.float32(8.066762), np.float32(-15.770225), np.float32(-10.225028), np.float32(88.14747), np.float32(-18.039919), np.float32(-23.54417), np.float32(-1.5630494), np.float32(-3.3478942), np.float32(-1.4747326), np.float32(0.33877116), np.float32(-0.89570886), np.float32(0.2979566), np.float32(-1.1476675), np.float32(-3.4967344), np.float32(3.5634813), np.float32(4.657042), np.float32(-3.7907531), np.float32(-0.45415217), np.float32(0.7582602), np.float32(-0.959423), np.float32(1.2676263), np.float32(-2.9525137), np.float32(-4.618561)]","[np.float32(-1.9973158), np.float32(-0.664952), np.float32(-1.0953743), np.float32(-0.27954438), np.float32(-0.040482335), np.float32(0.9518135), np.float32(0.9436979), np.float32(-0.010102149), np.float32(0.79481316), np.float32(0.2794482), np.float32(-1.1229163), np.float32(-0.97331136), np.float32(0.13514462), np.float32(0.12577306), np.float32(0.4607137), np.float32(-0.26728284), np.float32(-0.43568295), np.float32(-0.22505976), np.float32(0.09507757), np.float32(-0.05962584), np.float32(0.041437417), np.float32(-0.14567386), np.float32(0.52616173), np.float32(0.122250356), np.float32(-0.1306166), np.float32(-0.010694005), np.float32(0.11778696), np.float32(-0.0443649), np.float32(0.20843652), np.float32(-0.00082886964), np.float32(0.019340917), np.float32(-0.1191176)]","[np.float32(1.5801604), np.float32(0.8397026), np.float32(0.80842364), np.float32(0.8447984), np.float32(1.0767448), np.float32(1.1328897), np.float32(1.0579981), np.float32(0.8584185), np.float32(0.7314875), np.float32(0.92008287), np.float32(1.0180378), np.float32(1.1313391), np.float32(1.1933731), np.float32(0.8934107), np.float32(1.1472611), np.float32(1.2680416), np.float32(1.148865), np.float32(1.1072305), np.float32(1.003242), np.float32(0.994332), np.float32(1.2360616), np.float32(1.2887417), np.float32(1.0859582), np.float32(1.0270724), np.float32(1.0269004), np.float32(1.4847718), np.float32(1.0316623), np.float32(1.0350338), np.float32(1.1140242), np.float32(1.0616136), np.float32(1.1125126), np.float32(1.080968)]"
2018-02-14 03:19:00+00:00,71.1697,1,LOEO,17,"[np.float32(-1964.9233), np.float32(-64.0418), np.float32(-14.101195), np.float32(-11.340443), np.float32(5.627098), np.float32(16.115881), np.float32(11.417985), np.float32(0.120199576), np.float32(1.5147794), np.float32(9.385015), np.float32(-16.990019), np.float32(-11.037082), np.float32(88.33458), np.float32(-18.17157), np.float32(-23.645836), np.float32(-2.3535972), np.float32(7.2720213), np.float32(1.0044088), np.float32(-0.468028), np.float32(-1.2734693), np.float32(1.0618366), np.float32(-1.5809023), np.float32(-2.0292907), np.float32(2.5407164), np.float32(3.449828), np.float32(-1.2576915), np.float32(0.33331582), np.float32(1.1074874), np.float32(-1.8546684), np.float32(-0.3883572), np.float32(-0.08777445), np.float32(0.13705297)]","[np.float32(-1.9905082), np.float32(-0.6569353), np.float32(-1.0971665), np.float32(-0.28610465), np.float32(-0.04698474), np.float32(0.95030653), np.float32(0.92990303), np.float32(-0.0055511165), np.float32(0.7872096), np.float32(0.27906752), np.float32(-1.1157498), np.float32(-0.96349907), np.float32(0.13358046), np.float32(0.12136787), np.float32(0.45909604), np.float32(-0.27046925), np.float32(-0.4357559), np.float32(-0.22644405), np.float32(0.09265256), np.float32(-0.062342577), np.float32(0.04284916), np.float32(-0.1446026), np.float32(0.5227813), np.float32(0.115131214), np.float32(-0.1339956), np.float32(-0.011590464), np.float32(0.11908144), np.float32(-0.030791156), np.float32(0.21492012), np.float32(-0.0031421706), np.float32(0.015511837), np.float32(-0.11659758)]","[np.float32(1.5774989), np.float32(0.8429692), np.float32(0.80587304), np.float32(0.8429738), np.float32(1.089597), np.float32(1.1382732), np.float32(1.0588733), np.float32(0.85565156), np.float32(0.7381281), np.float32(0.91945046), np.float32(1.0127819), np.float32(1.1379303), np.float32(1.1904231), np.float32(0.8999124), np.float32(1.1543558), np.float32(1.2642779), np.float32(1.1508315), np.float32(1.1190435), np.float32(0.997061), np.float32(0.99796426), np.float32(1.2500982), np.float32(1.2901013), np.float32(1.0890483), np.float32(1.023365), np.float32(1.0298969), np.float32(1.4812589), np.float32(1.0341501), np.float32(1.0412451), np.float32(1.1220405), np.float32(1.072055), np.float32(1.1116385), np.float32(1.08637)]"
2018-02-14 03:20:00+00:00,71.260796,1,LOEO,17,"[np.float32(-1964.3079), np.float32(-65.00477), np.float32(-14.079983), np.float32(-12.198645), np.float32(4.721634), np.float32(16.110653), np.float32(11.307702), np.float32(-1.1360197), np.float32(0.38764703), np.float32(7.844458), np.float32(-17.24626), np.float32(-11.545347), np.float32(87.91115), np.float32(-18.335276), np.float32(-23.39105), np.float32(0.053137045), np.float32(-3.6519752), np.float32(-0.85053664), np.float32(-0.12029937), np.float32(-1.4380884), np.float32(0.9960543), np.float32(-2.297066), np.float32(-4.3172812), np.float32(3.8511803), np.float32(5.1855283), np.float32(-0.95087993), np.float32(0.45959204), np.float32(0.9678076), np.float32(0.12853323), np.float32(-1.1670811), np.float32(-1.4545387), np.float32(-4.9973288)]","[np.float32(-1.9998189), np.float32(-0.66801536), np.float32(-1.0953219), np.float32(-0.27789024), np.float32(-0.03709118), np.float32(0.9522791), np.float32(0.95004225), np.float32(-0.011318978), np.float32(0.7974003), np.float32(0.28021845), np.float32(-1.125387), np.float32(-0.97801566), np.float32(0.13607927), np.float32(0.12772581), np.float32(0.4612065), np.float32(-0.2650077), np.float32(-0.43545398), np.float32(-0.22375205), np.float32(0.096181184), np.float32(-0.05833555), np.float32(0.041812554), np.float32(-0.14623937), np.float32(0.5264748), np.float32(0.124501154), np.float32(-0.12861326), np.float32(-0.010770597), np.float32(0.11780113), np.float32(-0.04880648), np.float32(0.20614709), np.float32(0.00021548569), np.float32(0.020983268), np.float32(-0.12035531)]","[np.float32(1.5808735), np.float32(0.838243), np.float32(0.8095575), np.float32(0.84539473), np.float32(1.0719535), np.float32(1.1309636), np.float32(1.0579715), np.float32(0.85942644), np.float32(0.7289036), np.float32(0.9203337), np.float32(1.0199885), np.float32(1.1286447), np.float32(1.1944649), np.float32(0.8910868), np.float32(1.1445459), np.float32(1.2696458), np.float32(1.14785), np.float32(1.1028662), np.float32(1.0059081), np.float32(0.99310935), np.float32(1.2307707), np.float32(1.2880869), np.float32(1.0845538), np.float32(1.0287908), np.float32(1.0257887), np.float32(1.4862167), np.float32(1.0308495), np.float32(1.0327092), np.float32(1.1108356), np.float32(1.0574576), np.float32(1.1127117), np.float32(1.0791149)]"
2018-02-14 03:21:00+00:00,71.55443,1,LOEO,17,"[np.float32(-1960.438), np.float32(-66.30607), np.float32(-14.26932), np.float32(-11.694892), np.float32(4.726379), np.float32(18.148643), np.float32(9.816523), np.float32(-0.98237884), np.float32(1.4884678), np.float32(7.104938), np.float32(-16.688963), np.float32(-11.29146), np.float32(88.60078), np.float32(-18.991114), np.float32(-23.571198), np.float32(-4.1341205), np.float32(7.0760584), np.float32(1.1377982), np.float32(-0.7097679), np.float32(-0.35351485), np.float32(1.6242542), np.float32(-4.6808286), np.float32(-7.3866963), np.float32(1.9993155), np.float32(7.703988), np.float32(-0.95893), np.float32(0.20781705), np.float32(1.5124973), np.float32(-1.6587152), np.float32(-0.19162129), np.float32(0.9691046), np.float32(0.8994023)]","[np.float32(-1.9910744), np.float32(-0.6575662), np.float32(-1.0970101), np.float32(-0.28553933), np.float32(-0.04652466), np.float32(0.9504543), np.float32(0.93096423), np.float32(-0.0059516337), np.float32(0.7878344), np.float32(0.27908203), np.float32(-1.1163279), np.float32(-0.9642389), np.float32(0.13366652), np.float32(0.12171501), np.float32(0.45924956), np.float32(-0.27027094), np.float32(-0.43577462), np.float32(-0.22635369), np.float32(0.0928568), np.float32(-0.062137835), np.float32(0.04272249), np.float32(-0.14466143), np.float32(0.5230919), np.float32(0.115693465), np.float32(-0.1337845), np.float32(-0.011478353), np.float32(0.11894545), np.float32(-0.031890206), np.float32(0.21440141), np.float32(-0.0029593185), np.float32(0.015800312), np.float32(-0.11681211)]","[np.float32(1.5776525), np.float32(0.84270364), np.float32(0.8060816), np.float32(0.84310496), np.float32(1.0885409), np.float32(1.1378344), np.float32(1.0587968), np.float32(0.855858), np.float32(0.7376076), np.float32(0.9194974), np.float32(1.013183), np.float32(1.1374002), np.float32(1.1906569), np.float32(0.89940506), np.float32(1.1538093), np.float32(1.2645668), np.float32(1.1506553), np.float32(1.1180888), np.float32(0.9975425), np.float32(0.9976731), np.float32(1.2489749), np.float32(1.2899735), np.float32(1.0887908), np.float32(1.0236577), np.float32(1.0296468), np.float32(1.4815326), np.float32(1.0339395), np.float32(1.0407704), np.float32(1.1214081), np.float32(1.0712273), np.float32(1.1116792), np.float32(1.0859559)]"
2018-02-14 03:22:00+00:00,71.20856,1,LOEO,17,"[np.float32(-1962.2864), np.float32(-65.82249), np.float32(-14.018078), np.float32(-11.301251), np.float32(4.6583977), np.float32(15.668118), np.float32(10.957267), np.float32(-1.1720594), np.float32(1.0824136), np.float32(7.537318), np.float32(-16.60364), np.float32(-11.374485), np.float32(88.1251), np.float32(-18.182919), np.float32(-23.460331), np.float32(-0.021868696), np.float32(-3.214221), np.float32(-0.6925037), np.float32(-0.3130167), np.float32(-1.7183652), np.float32(0.8869344), np.float32(-2.3693135), np.float32(-4.879729), np.float32(4.4968576), np.float32(6.0778165), np.float32(-1.5442057), np.float32(0.17134622), np.float32(0.93850434), np.float32(0.30086872), np.float32(-0.90487236), np.float32(-1.9444674), np.float32(-5.0664215)]","[np.float32(-2.0035863), np.float32(-0.6726321), np.float32(-1.0952358), np.float32(-0.27540392), np.float32(-0.03197711), np.float32(0.9529761), np.float32(0.9595928), np.float32(-0.013141345), np.float32(0.80129725), np.float32(0.2813734), np.float32(-1.1291126), np.float32(-0.98510665), np.float32(0.13749991), np.float32(0.13066159), np.float32(0.46193925), np.float32(-0.2615792), np.float32(-0.43510327), np.float32(-0.22178963), np.float32(0.09783001), np.float32(-0.056394167), np.float32(0.04236761), np.float32(-0.14710069), np.float32(0.5269494), np.float32(0.12790501), np.float32(-0.12558219), np.float32(-0.010896383), np.float32(0.117828354), np.float32(-0.055497527), np.float32(0.20269926), np.float32(0.0017824546), np.float32(0.023463361), np.float32(-0.12220469)]","[np.float32(1.5806048), np.float32(0.8357034), np.float32(0.8113508), np.float32(0.84584564), np.float32(1.0659326), np.float32(1.1276467), np.float32(1.0591106), np.float32(0.86030614), np.float32(0.7246453), np.float32(0.92064947), np.float32(1.0229481), np.float32(1.1250079), np.float32(1.1955755), np.float32(0.8883203), np.float32(1.14031), np.float32(1.2722121), np.float32(1.1453688), np.float32(1.0971326), np.float32(1.0099134), np.float32(0.99192137), np.float32(1.2239122), np.float32(1.2874074), np.float32(1.0823867), np.float32(1.0327457), np.float32(1.024746), np.float32(1.4880873), np.float32(1.030981), np.float32(1.0298771), np.float32(1.1063484), np.float32(1.0518572), np.float32(1.1128758), np.float32(1.0774876)]"
2018-02-14 03:23:00+00:00,71.55635,1,LOEO,17,"[np.float32(-1962.7588), np.float32(-65.095535), np.float32(-13.982415), np.float32(-11.55567), np.float32(5.281676), np.float32(15.372133), np.float32(10.96799), np.float32(-1.4430251), np.float32(1.7105192), np.float32(8.9239025), np.float32(-16.920368), np.float32(-11.412365), np.float32(88.39709), np.float32(-18.503159), np.float32(-23.912294), np.float32(-3.0316935), np.float32(9.599756), np.float32(1.5705891), np.float32(-1.0332094), np.float32(-2.0990841), np.float32(1.3053828), np.float32(-1.8768327), np.float32(-4.0851173), np.float32(3.5152524), np.float32(4.1819386), np.float32(-1.9629), np.float32(1.2055027), np.float32(1.7712061), np.float32(-2.7350252), np.float32(-0.74050283), np.float32(-0.22499055), np.float32(0.18077047)]","[np.float32(-1.9917539), np.float32(-0.65835506), np.float32(-1.0968032), np.float32(-0.28484845), np.float32(-0.045933254), np.float32(0.9506125), np.float32(0.93226993), np.float32(-0.0064286646), np.float32(0.78860116), np.float32(0.2790891), np.float32(-1.1170477), np.float32(-0.9651574), np.float32(0.13380025), np.float32(0.122136235), np.float32(0.45941803), np.float32(-0.27001286), np.float32(-0.43578017), np.float32(-0.22625549), np.float32(0.09308874), np.float32(-0.061883412), np.float32(0.042540096), np.float32(-0.14475635), np.float32(0.52347547), np.float32(0.11641598), np.float32(-0.1334917), np.float32(-0.011365397), np.float32(0.118790306), np.float32(-0.03326357), np.float32(0.21375391), np.float32(-0.002739191), np.float32(0.016167633), np.float32(-0.117049605)]","[np.float32(1.5779082), np.float32(0.84238297), np.float32(0.80633193), np.float32(0.84328246), np.float32(1.0872756), np.float32(1.1373065), np.float32(1.0587108), np.float32(0.85612756), np.float32(0.7369564), np.float32(0.91955924), np.float32(1.0136958), np.float32(1.1367538), np.float32(1.1909462), np.float32(0.8987678), np.float32(1.153116), np.float32(1.2649349), np.float32(1.1504608), np.float32(1.1169283), np.float32(0.99814653), np.float32(0.9973167), np.float32(1.2475973), np.float32(1.2898389), np.float32(1.0884869), np.float32(1.0240206), np.float32(1.0293521), np.float32(1.4818772), np.float32(1.0336945), np.float32(1.0401635), np.float32(1.1206223), np.float32(1.070203), np.float32(1.1117623), np.float32(1.0854279)]"
2018-02-14 03:33:00+00:00,67.59184,0,LOEO,17,"[np.float32(-1976.322), np.float32(-63.120358), np.float32(-13.636861), np.float32(-12.051722), np.float32(-2.7555006), np.float32(13.454999), np.float32(5.8644047), np.float32(0.4224926), np.float32(3.556885), np.float32(-1.8739799), np.float32(-4.244389), np.float32(-4.121292), np.float32(-7.669768), np.float32(-2.3341672), np.float32(-2.5636978), np.float32(-1.2761571), np.float32(11.856789), np.float32(2.8331048), np.float32(-3.6130257), np.float32(-0.25157368), np.float32(2.8704681), np.float32(-4.3956995), np.float32(-8.0297985), np.float32(-2.1804338), np.float32(4.977012), np.float32(0.7851329), np.float32(1.4630275), np.float32(3.0195022), np.float32(-1.4737909), np.float32(-2.7630877), np.float32(0.42926177), np.float32(3.313053)]","[np.float32(-1.995288), np.float32(-0.66254056), np.float32(-1.0956769), np.float32(-0.2812163), np.float32(-0.042759195), np.float32(0.9513863), np.float32(0.93914723), np.float32(-0.008910429), np.float32(0.7926336), np.float32(0.27910104), np.float32(-1.1208555), np.float32(-0.970009), np.float32(0.13456543), np.float32(0.12434304), np.float32(0.46026036), np.float32(-0.2686198), np.float32(-0.4357682), np.float32(-0.22576652), np.float32(0.09427214), np.float32(-0.060535066), np.float32(0.041517287), np.float32(-0.14530553), np.float32(0.5254972), np.float32(0.12028924), np.float32(-0.13187662), np.float32(-0.0108254235), np.float32(0.117999), np.float32(-0.040551998), np.float32(0.210319), np.float32(-0.0015877038), np.float32(0.018127184), np.float32(-0.11824453)]","[np.float32(1.5793972), np.float32(0.84070605), np.float32(0.80763793), np.float32(0.8442522), np.float32(1.0806942), np.float32(1.1345443), np.float32(1.058272), np.float32(0.8575833), np.float32(0.7335067), np.float32(0.91989225), np.float32(1.0164423), np.float32(1.1333579), np.float32(1.1924711), np.float32(0.8953866), np.float32(1.1494125), np.float32(1.2668988), np.float32(1.1494837), np.float32(1.1108483), np.float32(1.0013572), np.float32(0.9954435), np.float32(1.2403506), np.float32(1.2891749), np.float32(1.0869131), np.float32(1.0259389), np.float32(1.0278267), np.float32(1.4837028), np.float32(1.0324337), np.float32(1.0369143), np.float32(1.1164674), np.float32(1.0647975), np.float32(1.1122704), np.float32(1.0826046)]"
2018-02-14 03:34:00+00:00,66.72795,0,LOEO,17,"[np.float32(-1978.0332), np.float32(-63.44909), np.float32(-13.705067), np.float32(-12.125779), np.float32(-2.8318508), np.float32(13.991889), np.float32(5.711779), np.float32(-0.40967566), np.float32(2.8359191), np.float32(-1.9950813), np.float32(-3.1793141), np.float32(-3.7339652), np.float32(-7.42502), np.float32(-1.3415204), np.float32(-0.7091287), np.float32(1.2395391), np.float32(-3.9701657), np.float32(-1.4650836), np.float32(-2.3282416), np.float32(-1.0135437), np.float32(1.2384409), np.float32(-2.1161263), np.float32(-3.6139972), np.float32(1.2989162), np.float32(2.7508016), np.float32(-0.45416147), np.float32(0.22731616), np.float32(3.5307324), np.float32(-0.46288934), np.float32(-3.4701655), np.float32(-2.1248205), np.float32(0.18823257)]","[np.float32(-2.0095634), np.float32(-0.67917013), np.float32(-1.095216), np.float32(-0.27190864), np.float32(-0.024891429), np.float32(0.9545461), np.float32(0.9733641), np.float32(-0.015719153), np.float32(0.8071129), np.float32(0.28313044), np.float32(-1.1345954), np.float32(-0.99560755), np.float32(0.13943137), np.float32(0.1348796), np.float32(0.46313053), np.float32(-0.25689018), np.float32(-0.43483186), np.float32(-0.21892081), np.float32(0.1000787), np.float32(-0.05374632), np.float32(0.043467157), np.float32(-0.14821896), np.float32(0.5278128), np.float32(0.13273008), np.float32(-0.121388905), np.float32(-0.010897987), np.float32(0.11782834), np.float32(-0.06473228), np.float32(0.19795153), np.float32(0.003905654), np.float32(0.027105227), np.float32(-0.12489414)]","[np.float32(1.5802411), np.float32(0.8321472), np.float32(0.81399), np.float32(0.84648937), np.float32(1.0571811), np.float32(1.1232524), np.float32(1.0609096), np.float32(0.8614363), np.float32(0.71869034), np.float32(0.92120016), np.float32(1.027197), np.float32(1.1200976), np.float32(1.1974298), np.float32(0.88433594), np.float32(1.1346713), np.float32(1.2760373), np.float32(1.1418365), np.float32(1.089134), np.float32(1.0155905), np.float32(0.99018836), np.float32(1.214532), np.float32(1.2866646), np.float32(1.0793116), np.float32(1.0384511), np.float32(1.0233933), np.float32(1.4912703), np.float32(1.0311545), np.float32(1.0261933), np.float32(1.1001489), np.float32(1.044049), np.float32(1.1131724), np.float32(1.0754285)]"
2018-02-14 03:35:00+00:00,69.7171,0,LOEO,17,"[np.float32(-1977.5155), np.float32(-63.442482), np.float32(-11.347875), np.float32(-12.555925), np.float32(-3.0872355), np.float32(-3.5870776), np.float32(-17.751232), np.float32(-0.95199454), np.float32(-1.7661355), np.float32(-7.5657134), np.float32(10.678662), np.float32(3.0526736), np.float32(-3.1263719), np.float32(0.0048676613), np.float32(-1.8425584), np.float32(15.215354), np.float32(7.1603937), np.float32(17.73249), np.float32(-14.027598), np.float32(5.9579444), np.float32(7.4093103), np.float32(-11.166926), np.float32(-0.5984795), np.float32(10.851134), np.float32(-3.383938), np.float32(2.0242453), np.float32(-0.50171304), np.float32(5.1742916), np.float32(0.86450636), np.float32(-4.4663744), np.float32(-0.20927393), np.float32(2.8573177)]","[np.float32(-2.0084515), np.float32(-0.6782476), np.float32(-1.0952126), np.float32(-0.27234113), np.float32(-0.025842018), np.float32(0.9540877), np.float32(0.97138476), np.float32(-0.01543786), np.float32(0.80616635), np.float32(0.28286293), np.float32(-1.1337035), np.float32(-0.9939), np.float32(0.13911176), np.float32(0.13430499), np.float32(0.46295467), np.float32(-0.25746858), np.float32(-0.43479872), np.float32(-0.2193057), np.float32(0.09990401), np.float32(-0.054048948), np.float32(0.043238588), np.float32(-0.14803696), np.float32(0.5275774), np.float32(0.13196205), np.float32(-0.12201413), np.float32(-0.010903921), np.float32(0.11780441), np.float32(-0.0635629), np.float32(0.19853759), np.float32(0.003699392), np.float32(0.02649058), np.float32(-0.124599874)]","[np.float32(1.5800517), np.float32(0.83259934), np.float32(0.8135883), np.float32(0.8463481), np.float32(1.0583448), np.float32(1.123588), np.float32(1.060493), np.float32(0.86130077), np.float32(0.7194933), np.float32(0.9210474), np.float32(1.0265435), np.float32(1.1206113), np.float32(1.1970158), np.float32(0.88493544), np.float32(1.135288), np.float32(1.2753503), np.float32(1.1422591), np.float32(1.0900623), np.float32(1.0147611), np.float32(0.9904165), np.float32(1.215572), np.float32(1.2865634), np.float32(1.0797005), np.float32(1.0376025), np.float32(1.0234454), np.float32(1.4904913), np.float32(1.0310714), np.float32(1.0265762), np.float32(1.100931), np.float32(1.0450735), np.float32(1.1129808), np.float32(1.0756028)]"
2018-02-14 03:36:00+00:00,66.78708,0,LOEO,17,"[np.float32(-1976.7455), np.float32(-62.602726), np.float32(-14.087688), np.float32(-11.219042), np.float32(-2.5540211), np.float32(16.527447), np.float32(9.24207), np.float32(-0.49883375), np.float32(2.137738), np.float32(-1.3319112), np.float32(-3.4814746), np.float32(-3.4148436), np.float32(-8.060766), np.float32(-2.1822171), np.float32(-1.783147), np.float32(0.27612615), np.float32(0.28719875), np.float32(-0.6687111), np.float32(-0.5868926), np.float32(-0.07376131), np.float32(0.42945504), np.float32(-1.8335541), np.float32(-3.6792264), np.float32(1.2901537), np.float32(1.9293164), np.float32(-1.7383572), np.float32(-1.3082994), np.float32(3.6147661), np.float32(-3.93426), np.float32(-2.3164334), np.float32(-3.7739499), np.float32(0.14656228)]","[np.float32(-2.00906), np.float32(-0.67899203), np.float32(-1.0951003), np.float32(-0.2719476), np.float32(-0.024928391), np.float32(0.95431864), np.float32(0.97307587), np.float32(-0.01571228), np.float32(0.80675244), np.float32(0.2829658), np.float32(-1.134196), np.float32(-0.9950472), np.float32(0.139339), np.float32(0.1348359), np.float32(0.46290442), np.float32(-0.25678113), np.float32(-0.43462127), np.float32(-0.21896353), np.float32(0.100110754), np.float32(-0.05372455), np.float32(0.04334595), np.float32(-0.14803956), np.float32(0.527638), np.float32(0.1324991), np.float32(-0.12134256), np.float32(-0.010909401), np.float32(0.117857106), np.float32(-0.06475124), np.float32(0.19785947), np.float32(0.0039981157), np.float32(0.026801847), np.float32(-0.12496257)]","[np.float32(1.5801388), np.float32(0.8321439), np.float32(0.8138794), np.float32(0.84637964), np.float32(1.0574391), np.float32(1.1230918), np.float32(1.0607094), np.float32(0.86152047), np.float32(0.71883595), np.float32(0.9210768), np.float32(1.0271367), np.float32(1.1199709), np.float32(1.1972395), np.float32(0.8843982), np.float32(1.1344864), np.float32(1.2757962), np.float32(1.1418896), np.float32(1.0891871), np.float32(1.0154572), np.float32(0.9901388), np.float32(1.2145405), np.float32(1.2864704), np.float32(1.0792636), np.float32(1.038336), np.float32(1.0233324), np.float32(1.4909517), np.float32(1.031108), np.float32(1.0261114), np.float32(1.1001583), np.float32(1.0441355), np.float32(1.1130099), np.float32(1.0752956)]"
2018-02-14 03:37:00+00:00,66.66146,0,LOEO,17,"[np.float32(-1976.9905), np.float32(-62.644238), np.float32(-14.067278), np.float32(-11.830312), np.float32(-2.8654654), np.float32(16.397322), np.float32(8.843106), np.float32(-0.5215566), np.float32(2.7976675), np.float32(-2.6341724), np.float32(-2.9631917), np.float32(-2.085259), np.float32(-8.050277), np.float32(-2.2040555), np.float32(-1.9728994), np.float32(-0.70819205), np.float32(-0.83841723), np.float32(-0.30798173), np.float32(-0.95020425), np.float32(0.9393865), np.float32(0.49557236), np.float32(-0.88846153), np.float32(-4.924488), np.float32(0.5243069), np.float32(2.9715207), np.float32(-1.9092396), np.float32(-1.420073), np.float32(1.3400617), np.float32(-1.2351826), np.float32(-0.4497295), np.float32(-3.9855707), np.float32(0.25580415)]","[np.float32(-2.0089126), np.float32(-0.6788086), np.float32(-1.0952034), np.float32(-0.2720403), np.float32(-0.02522213), np.float32(0.9541737), np.float32(0.9725431), np.float32(-0.015657645), np.float32(0.806642), np.float32(0.28300434), np.float32(-1.1341592), np.float32(-0.99476475), np.float32(0.13928573), np.float32(0.1346603), np.float32(0.46304527), np.float32(-0.25705478), np.float32(-0.43475822), np.float32(-0.21906841), np.float32(0.10010219), np.float32(-0.05381439), np.float32(0.043306153), np.float32(-0.1481442), np.float32(0.52763706), np.float32(0.13237779), np.float32(-0.12164689), np.float32(-0.010919992), np.float32(0.11780787), np.float32(-0.064372465), np.float32(0.19812144), np.float32(0.0038875267), np.float32(0.026794787), np.float32(-0.12482147)]","[np.float32(1.5800227), np.float32(0.8322934), np.float32(0.81380695), np.float32(0.84640455), np.float32(1.0576195), np.float32(1.1231908), np.float32(1.0606341), np.float32(0.8614068), np.float32(0.71897984), np.float32(0.9210873), np.float32(1.0269037), np.float32(1.1201746), np.float32(1.1971526), np.float32(0.884601), np.float32(1.1347791), np.float32(1.2756648), np.float32(1.1419598), np.float32(1.0893728), np.float32(1.0152497), np.float32(0.99027395), np.float32(1.2147471), np.float32(1.2864845), np.float32(1.0794399), np.float32(1.0380846), np.float32(1.0233209), np.float32(1.4907222), np.float32(1.0310887), np.float32(1.0262349), np.float32(1.10039), np.float32(1.0443984), np.float32(1.1130038), np.float32(1.0754075)]"
2018-02-14 03:38:00+00:00,66.640755,0,LOEO,17,"[np.float32(-1978.0653), np.float32(-61.891006), np.float32(-14.071066), np.float32(-12.397024), np.float32(-2.3975115), np.float32(16.429823), np.float32(8.913605), np.float32(0.6254362), np.float32(3.0002406), np.float32(-1.6065034), np.float32(-2.7309694), np.float32(-2.2981846), np.float32(-7.993734), np.float32(-1.21444), np.float32(-2.2680602), np.float32(-0.9855734), np.float32(-1.1507826), np.float32(-1.2067927), np.float32(-0.82062995), np.float32(0.8115048), np.float32(-0.2661517), np.float32(-1.9502648), np.float32(-2.156256), np.float32(-0.51080066), np.float32(0.80058813), np.float32(-1.3795993), np.float32(-1.7269152), np.float32(0.81065613), np.float32(-2.8091486), np.float32(-0.46178386), np.float32(-4.194752), np.float32(2.0211968)]","[np.float32(-2.0086708), np.float32(-0.6784372), np.float32(-1.0952139), np.float32(-0.2722507), np.float32(-0.025645815), np.float32(0.9541725), np.float32(0.9717879), np.float32(-0.015497755), np.float32(0.8063573), np.float32(0.28291795), np.float32(-1.1338844), np.float32(-0.9942438), np.float32(0.13917677), np.float32(0.13442262), np.float32(0.4629919), np.float32(-0.25734854), np.float32(-0.43480426), np.float32(-0.21922682), np.float32(0.099944174), np.float32(-0.053984813), np.float32(0.04328232), np.float32(-0.14807577), np.float32(0.5276226), np.float32(0.13211812), np.float32(-0.12188799), np.float32(-0.01090375), np.float32(0.117808424), np.float32(-0.06380603), np.float32(0.19841598), np.float32(0.00374379), np.float32(0.026615143), np.float32(-0.12466119)]","[np.float32(1.5800836), np.float32(0.83250564), np.float32(0.8136698), np.float32(0.8463764), np.float32(1.0581046), np.float32(1.1235108), np.float32(1.0605738), np.float32(0.86132884), np.float32(0.719327), np.float32(0.9210769), np.float32(1.026675), np.float32(1.1205014), np.float32(1.1970958), np.float32(0.8848144), np.float32(1.1351571), np.float32(1.2754871), np.float32(1.1421703), np.float32(1.0898662), np.float32(1.0149304), np.float32(0.9903704), np.float32(1.2153497), np.float32(1.2865785), np.float32(1.0796205), np.float32(1.0377747), np.float32(1.0234303), np.float32(1.4906398), np.float32(1.031087), np.float32(1.0264932), np.float32(1.1007681), np.float32(1.0448612), np.float32(1.1130165), np.float32(1.0755638)]"
2018-02-14 03:25:00+00:00,71.213,1,LOEO,18,"[np.float32(-1958.7341), np.float32(-64.664536), np.float32(-13.763855), np.float32(-11.745496), np.float32(4.929328), np.float32(14.056332), np.float32(9.702972), np.float32(-1.383448), np.float32(1.7101554), np.float32(8.148807), np.float32(-17.642782), np.float32(-12.363687), np.float32(88.53113), np.float32(-17.141153), np.float32(-22.182053), np.float32(-3.233887), np.float32(7.6196694), np.float32(1.6560001), np.float32(-2.015358), np.float32(-1.9139135), np.float32(1.4184829), np.float32(-2.7470264), np.float32(-6.0749083), np.float32(2.9466152), np.float32(4.9984717), np.float32(-1.5132667), np.float32(0.75113004), np.float32(0.071335524), np.float32(-0.28013006), np.float32(0.08786188), np.float32(-0.5490931), np.float32(0.3584652)]","[np.float32(-1.9798095), np.float32(-1.039423), np.float32(-0.0026717484), np.float32(0.13958961), np.float32(0.3757052), np.float32(0.64909124), np.float32(0.85640496), np.float32(0.3014267), np.float32(0.90653545), np.float32(0.5070104), np.float32(-0.7703864), np.float32(-0.4958784), np.float32(0.5651457), np.float32(-0.1585753), np.float32(0.3059886), np.float32(0.03614094), np.float32(-0.72807413), np.float32(-0.1938419), np.float32(0.04959351), np.float32(0.25041258), np.float32(0.3441954), np.float32(-0.053915553), np.float32(0.34746465), np.float32(-0.066735126), np.float32(-0.21150196), np.float32(-0.07299107), np.float32(0.31163073), np.float32(-0.12271954), np.float32(0.26728052), np.float32(0.07418406), np.float32(0.0070123486), np.float32(-0.016431246)]","[np.float32(1.7123836), np.float32(1.0011927), np.float32(0.9155676), np.float32(1.1590121), np.float32(1.0113854), np.float32(0.95281106), np.float32(1.3322769), np.float32(0.84151816), np.float32(1.4667453), np.float32(0.88485813), np.float32(1.1399232), np.float32(1.3653287), np.float32(1.8412178), np.float32(0.945898), np.float32(0.8987024), np.float32(0.8894479), np.float32(1.465163), np.float32(1.2119517), np.float32(1.3141879), np.float32(1.1559976), np.float32(0.9744192), np.float32(1.2627286), np.float32(1.3061913), np.float32(1.4120355), np.float32(1.4001737), np.float32(1.2745055), np.float32(1.1865696), np.float32(1.521192), np.float32(0.9805969), np.float32(1.315869), np.float32(1.335423), np.float32(1.438936)]"
2018-02-14 03:26:00+00:00,71.095146,1,LOEO,18,"[np.float32(-1958.3098), np.float32(-65.437256), np.float32(-14.035965), np.float32(-11.247955), np.float32(4.8953457), np.float32(16.055761), np.float32(11.141966), np.float32(-1.509121), np.float32(0.8529358), np.float32(7.926769), np.float32(-17.071768), np.float32(-12.199716), np.float32(88.19508), np.float32(-16.874569), np.float32(-21.97683), np.float32(-1.6168133), np.float32(-2.1204565), np.float32(-1.2571799), np.float32(-0.29574972), np.float32(-1.1791766), np.float32(0.85430557), np.float32(-2.091969), np.float32(-3.8274922), np.float32(4.056008), np.float32(5.5790806), np.float32(-2.6313584), np.float32(-0.25847974), np.float32(1.38812), np.float32(-0.18487364), np.float32(-0.069333635), np.float32(-2.5232842), np.float32(-4.498613)]","[np.float32(-1.9853473), np.float32(-1.0433483), np.float32(-0.0016533174), np.float32(0.13712752), np.float32(0.3799128), np.float32(0.6503964), np.float32(0.8548681), np.float32(0.30291194), np.float32(0.9086422), np.float32(0.51088196), np.float32(-0.77281827), np.float32(-0.49507505), np.float32(0.5663816), np.float32(-0.15757665), np.float32(0.30575666), np.float32(0.035774894), np.float32(-0.73070663), np.float32(-0.19644165), np.float32(0.05333855), np.float32(0.2522707), np.float32(0.34297568), np.float32(-0.049540557), np.float32(0.34784383), np.float32(-0.06340933), np.float32(-0.21549484), np.float32(-0.07286528), np.float32(0.31449538), np.float32(-0.122583404), np.float32(0.27017078), np.float32(0.07933052), np.float32(0.0059148073), np.float32(-0.016829252)]","[np.float32(1.7209364), np.float32(1.0050764), np.float32(0.9165951), np.float32(1.1631348), np.float32(1.0160948), np.float32(0.95357615), np.float32(1.3338542), np.float32(0.8442178), np.float32(1.473482), np.float32(0.8878472), np.float32(1.146264), np.float32(1.3676867), np.float32(1.8499533), np.float32(0.94643056), np.float32(0.8989358), np.float32(0.89023167), np.float32(1.4681956), np.float32(1.2157042), np.float32(1.3206507), np.float32(1.1589035), np.float32(0.9764019), np.float32(1.2666483), np.float32(1.3110397), np.float32(1.4186853), np.float32(1.4056253), np.float32(1.2818838), np.float32(1.1880915), np.float32(1.5301081), np.float32(0.98326373), np.float32(1.3191524), np.float32(1.3375627), np.float32(1.4438487)]"
2018-02-14 03:27:00+00:00,70.93717,1,LOEO,18,"[np.float32(-1957.7697), np.float32(-65.340034), np.float32(-13.137115), np.float32(-11.810628), np.float32(4.623713), np.float32(9.525472), np.float32(6.1120214), np.float32(-1.5071418), np.float32(2.7115734), np.float32(7.4934897), np.float32(-17.674166), np.float32(-13.676201), np.float32(88.52629), np.float32(-17.264605), np.float32(-22.015795), np.float32(-0.9357578), np.float32(4.6344466), np.float32(1.4052702), np.float32(-4.1022825), np.float32(-4.2272015), np.float32(2.1372936), np.float32(-2.7311733), np.float32(-4.738302), np.float32(3.444083), np.float32(4.795623), np.float32(-0.12035664), np.float32(1.5368475), np.float32(0.3102604), np.float32(0.16973542), np.float32(-1.5126686), np.float32(0.20503892), np.float32(-0.16693306)]","[np.float32(-1.9934051), np.float32(-1.0366166), np.float32(-0.0029142965), np.float32(0.14890051), np.float32(0.36842978), np.float32(0.65183), np.float32(0.86163574), np.float32(0.3061473), np.float32(0.9166938), np.float32(0.51024914), np.float32(-0.7786213), np.float32(-0.50530344), np.float32(0.5707654), np.float32(-0.15752381), np.float32(0.31181166), np.float32(0.04237692), np.float32(-0.73100317), np.float32(-0.19558853), np.float32(0.047248565), np.float32(0.25171816), np.float32(0.345184), np.float32(-0.06192171), np.float32(0.35090426), np.float32(-0.0738227), np.float32(-0.21472159), np.float32(-0.076444134), np.float32(0.30875966), np.float32(-0.12243282), np.float32(0.26603222), np.float32(0.07285638), np.float32(0.0036656857), np.float32(-0.018042304)]","[np.float32(1.7036701), np.float32(0.9977347), np.float32(0.9105405), np.float32(1.1593169), np.float32(1.0124655), np.float32(0.95687866), np.float32(1.3329711), np.float32(0.8407363), np.float32(1.4544219), np.float32(0.881825), np.float32(1.1318362), np.float32(1.366993), np.float32(1.833029), np.float32(0.94466174), np.float32(0.89753413), np.float32(0.8938832), np.float32(1.4655973), np.float32(1.2108406), np.float32(1.3065078), np.float32(1.1499805), np.float32(0.97635245), np.float32(1.2639588), np.float32(1.3022772), np.float32(1.3931484), np.float32(1.3931882), np.float32(1.2641642), np.float32(1.1869289), np.float32(1.5108756), np.float32(0.9772978), np.float32(1.3152738), np.float32(1.325286), np.float32(1.4330056)]"
2018-02-14 03:28:00+00:00,71.20538,1,LOEO,18,"[np.float32(-1956.65), np.float32(-66.23977), np.float32(-13.889633), np.float32(-11.228032), np.float32(4.513958), np.float32(15.09611), np.float32(9.487372), np.float32(0.80434036), np.float32(-0.78159606), np.float32(5.1599674), np.float32(-18.73911), np.float32(-11.752258), np.float32(88.47933), np.float32(-17.105776), np.float32(-21.141169), np.float32(-0.5092463), np.float32(-3.1754377), np.float32(-1.206085), np.float32(-1.7309381), np.float32(-3.2418077), np.float32(1.3560408), np.float32(-2.4098155), np.float32(-5.95793), np.float32(4.2198296), np.float32(6.946971), np.float32(-2.6739507), np.float32(0.4187915), np.float32(0.9211285), np.float32(1.4739056), np.float32(-0.35646263), np.float32(-2.6572936), np.float32(-5.4578133)]","[np.float32(-1.9942782), np.float32(-1.0477389), np.float32(-0.00042184256), np.float32(0.13555358), np.float32(0.38398135), np.float32(0.6524378), np.float32(0.853773), np.float32(0.30545896), np.float32(0.9128074), np.float32(0.5161541), np.float32(-0.7770794), np.float32(-0.49555182), np.float32(0.5687661), np.float32(-0.15617612), np.float32(0.30637068), np.float32(0.036283344), np.float32(-0.7344289), np.float32(-0.19993895), np.float32(0.05758445), np.float32(0.2547354), np.float32(0.34161964), np.float32(-0.04538121), np.float32(0.3488544), np.float32(-0.060404837), np.float32(-0.2209037), np.float32(-0.07323167), np.float32(0.3175779), np.float32(-0.122366294), np.float32(0.2735496), np.float32(0.085446805), np.float32(0.004028626), np.float32(-0.01758248)]","[np.float32(1.7300785), np.float32(1.0093042), np.float32(0.91706944), np.float32(1.1682471), np.float32(1.0220588), np.float32(0.95512867), np.float32(1.335874), np.float32(0.8474195), np.float32(1.479821), np.float32(0.8910666), np.float32(1.1528186), np.float32(1.3708292), np.float32(1.8593965), np.float32(0.9468706), np.float32(0.8990254), np.float32(0.89187735), np.float32(1.4719678), np.float32(1.2201216), np.float32(1.3274003), np.float32(1.16154), np.float32(0.97913945), np.float32(1.2716454), np.float32(1.3163722), np.float32(1.4239162), np.float32(1.4112306), np.float32(1.2893709), np.float32(1.190025), np.float32(1.5394406), np.float32(0.98602396), np.float32(1.3230816), np.float32(1.3385836), np.float32(1.4489708)]"
2018-02-14 03:29:00+00:00,71.344215,1,LOEO,18,"[np.float32(-1958.7039), np.float32(-64.76442), np.float32(-14.113844), np.float32(-11.399753), np.float32(5.149048), np.float32(16.448381), np.float32(11.644239), np.float32(-0.9903426), np.float32(1.159729), np.float32(8.751548), np.float32(-17.920296), np.float32(-11.923326), np.float32(88.66047), np.float32(-16.818409), np.float32(-21.630411), np.float32(-2.297345), np.float32(9.199391), np.float32(1.3647153), np.float32(0.19570732), np.float32(-1.1929936), np.float32(1.1230363), np.float32(-0.9683529), np.float32(-3.4299338), np.float32(3.2103424), np.float32(3.1879299), np.float32(-2.3269699), np.float32(2.6045592), np.float32(1.1704465), np.float32(-3.0609412), np.float32(-0.91108114), np.float32(0.50021064), np.float32(2.2896564)]","[np.float32(-2.0003817), np.float32(-1.0406203), np.float32(-0.0018256474), np.float32(0.14696285), np.float32(0.372419), np.float32(0.6534453), np.float32(0.86036557), np.float32(0.30808812), np.float32(0.91971856), np.float32(0.51465714), np.float32(-0.78184587), np.float32(-0.5051498), np.float32(0.57250994), np.float32(-0.15636544), np.float32(0.3119967), np.float32(0.0424458), np.float32(-0.7340724), np.float32(-0.19853368), np.float32(0.0510981), np.float32(0.2537951), np.float32(0.34394172), np.float32(-0.057808466), np.float32(0.35157776), np.float32(-0.0707728), np.float32(-0.21925047), np.float32(-0.076557666), np.float32(0.31162426), np.float32(-0.12226093), np.float32(0.2690556), np.float32(0.07827973), np.float32(0.0022229776), np.float32(-0.018599965)]","[np.float32(1.7121549), np.float32(1.0016226), np.float32(0.91125697), np.float32(1.1637574), np.float32(1.0175979), np.float32(0.95799416), np.float32(1.3346963), np.float32(0.8435727), np.float32(1.4606748), np.float32(0.88480645), np.float32(1.1380094), np.float32(1.369638), np.float32(1.8417497), np.float32(0.94512326), np.float32(0.8976851), np.float32(0.8950563), np.float32(1.4688662), np.float32(1.2147617), np.float32(1.3128381), np.float32(1.152637), np.float32(0.9786267), np.float32(1.2682468), np.float32(1.3071592), np.float32(1.3988194), np.float32(1.398488), np.float32(1.2712817), np.float32(1.1885942), np.float32(1.5196112), np.float32(0.9799003), np.float32(1.3187392), np.float32(1.326789), np.float32(1.4378217)]"
2018-02-14 03:30:00+00:00,71.183014,1,LOEO,18,"[np.float32(-1957.8478), np.float32(-65.65198), np.float32(-13.908325), np.float32(-11.221553), np.float32(4.6797175), np.float32(15.148147), np.float32(9.461563), np.float32(-1.1173649), np.float32(0.056343697), np.float32(6.895238), np.float32(-16.277317), np.float32(-11.424335), np.float32(88.493484), np.float32(-16.971247), np.float32(-21.85724), np.float32(-0.6396101), np.float32(-3.010959), np.float32(-1.0052705), np.float32(-0.015138866), np.float32(-1.1578708), np.float32(0.85887444), np.float32(-2.0076804), np.float32(-4.0987415), np.float32(4.696507), np.float32(6.7632084), np.float32(-4.3806534), np.float32(-1.9612378), np.float32(0.38289964), np.float32(3.2974968), np.float32(0.81063825), np.float32(-3.6668212), np.float32(-4.310198)]","[np.float32(-1.981724), np.float32(-1.0432085), np.float32(-0.0017786697), np.float32(0.13574268), np.float32(0.3806043), np.float32(0.6496358), np.float32(0.85410976), np.float32(0.30172563), np.float32(0.9062877), np.float32(0.50957346), np.float32(-0.7707804), np.float32(-0.4933746), np.float32(0.56506515), np.float32(-0.15795419), np.float32(0.30465817), np.float32(0.034617983), np.float32(-0.729682), np.float32(-0.19565403), np.float32(0.0531423), np.float32(0.25168288), np.float32(0.3429935), np.float32(-0.04873588), np.float32(0.34710857), np.float32(-0.062602684), np.float32(-0.21416566), np.float32(-0.07220802), np.float32(0.31455597), np.float32(-0.1226616), np.float32(0.26991364), np.float32(0.078686625), np.float32(0.006755851), np.float32(-0.016448349)]","[np.float32(1.7211316), np.float32(1.0050668), np.float32(0.91739696), np.float32(1.1623477), np.float32(1.015053), np.float32(0.9526421), np.float32(1.3334328), np.float32(0.8438963), np.float32(1.4747055), np.float32(0.8879199), np.float32(1.1467378), np.float32(1.3669419), np.float32(1.8500124), np.float32(0.94657165), np.float32(0.89911824), np.float32(0.8892266), np.float32(1.4675701), np.float32(1.2152537), np.float32(1.3210173), np.float32(1.1595713), np.float32(0.9756751), np.float32(1.2657132), np.float32(1.310946), np.float32(1.4212252), np.float32(1.4060311), np.float32(1.2826204), np.float32(1.1877561), np.float32(1.5305516), np.float32(0.9834389), np.float32(1.3186867), np.float32(1.3391627), np.float32(1.4441465)]"
2018-02-14 03:31:00+00:00,71.25769,1,LOEO,18,"[np.float32(-1957.0192), np.float32(-64.19792), np.float32(-13.92914), np.float32(-9.6494875), np.float32(5.5414314), np.float32(15.641288), np.float32(8.228993), np.float32(1.975921), np.float32(3.8970768), np.float32(9.845047), np.float32(-16.8742), np.float32(-12.731097), np.float32(88.20534), np.float32(-17.718758), np.float32(-22.559408), np.float32(-1.8601339), np.float32(6.888372), np.float32(1.2325325), np.float32(-0.9205061), np.float32(-1.9409508), np.float32(1.3819205), np.float32(-3.0779786), np.float32(-3.6358078), np.float32(3.1684785), np.float32(4.891072), np.float32(-3.17969), np.float32(1.0056418), np.float32(1.9830396), np.float32(-1.9370526), np.float32(0.83435214), np.float32(0.6140885), np.float32(-0.47138423)]","[np.float32(-1.9949434), np.float32(-1.0334809), np.float32(-0.0035675783), np.float32(0.15343027), np.float32(0.36360782), np.float32(0.65202796), np.float32(0.8642745), np.float32(0.30693156), np.float32(0.9189771), np.float32(0.5091953), np.float32(-0.78007007), np.float32(-0.5089503), np.float32(0.5719933), np.float32(-0.15772566), np.float32(0.31392127), np.float32(0.044704862), np.float32(-0.7305198), np.float32(-0.19472492), np.float32(0.044370256), np.float32(0.2511403), np.float32(0.34620324), np.float32(-0.067082725), np.float32(0.35185772), np.float32(-0.078086376), np.float32(-0.21359625), np.float32(-0.07769446), np.float32(0.3061892), np.float32(-0.122413), np.float32(0.26399168), np.float32(0.0695508), np.float32(0.0031468123), np.float32(-0.018358901)]","[np.float32(1.6959959), np.float32(0.9944222), np.float32(0.90826946), np.float32(1.1571411), np.float32(1.0102239), np.float32(0.9578473), np.float32(1.3323432), np.float32(0.83897656), np.float32(1.4465421), np.float32(0.8791379), np.float32(1.1255971), np.float32(1.3662552), np.float32(1.8254308), np.float32(0.9439564), np.float32(0.8970151), np.float32(0.89495915), np.float32(1.4640726), np.float32(1.2083969), np.float32(1.3003405), np.float32(1.1463332), np.float32(0.97590995), np.float32(1.262211), np.float32(1.2982767), np.float32(1.3831036), np.float32(1.3878119), np.float32(1.256589), np.float32(1.1862038), np.float32(1.5024714), np.float32(0.97470653), np.float32(1.3132601), np.float32(1.3206801), np.float32(1.4282718)]"
2018-02-14 03:33:00+00:00,67.54192,0,LOEO,18,"[np.float32(-1971.7933), np.float32(-62.963863), np.float32(-13.604871), np.float32(-12.023679), np.float32(-2.7734954), np.float32(13.423887), np.float32(5.831896), np.float32(0.4277643), np.float32(3.5517566), np.float32(-1.9175282), np.float32(-4.113247), np.float32(-3.9686332), np.float32(-7.977472), np.float32(-2.4459755), np.float32(-2.5954673), np.float32(-1.2960591), np.float32(11.85188), np.float32(2.8312795), np.float32(-3.6197662), np.float32(-0.26703122), np.float32(2.8769271), np.float32(-4.591142), np.float32(-7.9397807), np.float32(-2.150345), np.float32(4.916901), np.float32(0.84088886), np.float32(1.4690589), np.float32(3.0071394), np.float32(-1.4764059), np.float32(-2.776313), np.float32(0.45915824), np.float32(3.2747436)]","[np.float32(-2.018373), np.float32(-1.0364252), np.float32(-0.0022283643), np.float32(0.15988302), np.float32(0.36214858), np.float32(0.65706366), np.float32(0.86760724), np.float32(0.31435493), np.float32(0.9333415), np.float32(0.518708), np.float32(-0.79281116), np.float32(-0.5180564), np.float32(0.5800308), np.float32(-0.1550163), np.float32(0.3199378), np.float32(0.0509559), np.float32(-0.73784965), np.float32(-0.20070437), np.float32(0.047556803), np.float32(0.2553634), np.float32(0.34539068), np.float32(-0.069091134), np.float32(0.35623735), np.float32(-0.0807162), np.float32(-0.2232509), np.float32(-0.081248954), np.float32(0.3074506), np.float32(-0.12187667), np.float32(0.26710555), np.float32(0.075974464), np.float32(-0.0022507682), np.float32(-0.0207731)]","[np.float32(1.6994334), np.float32(0.99652016), np.float32(0.9043296), np.float32(1.1637591), np.float32(1.0186046), np.float32(0.9634498), np.float32(1.33545), np.float32(0.84224516), np.float32(1.4432513), np.float32(0.8804079), np.float32(1.1264156), np.float32(1.3716543), np.float32(1.8297163), np.float32(0.9433589), np.float32(0.89605135), np.float32(0.9010342), np.float32(1.469128), np.float32(1.2128454), np.float32(1.301757), np.float32(1.1441821), np.float32(0.9810695), np.float32(1.2695192), np.float32(1.301326), np.float32(1.3726106), np.float32(1.3884407), np.float32(1.2565408), np.float32(1.1889452), np.float32(1.5046685), np.float32(0.97514534), np.float32(1.3175855), np.float32(1.3127927), np.float32(1.4292799)]"
2018-02-14 03:34:00+00:00,66.67742,0,LOEO,18,"[np.float32(-1973.5046), np.float32(-63.29259), np.float32(-13.673039), np.float32(-12.097693), np.float32(-2.849878), np.float32(13.960502), np.float32(5.6777163), np.float32(-0.40414926), np.float32(2.830236), np.float32(-2.042286), np.float32(-3.0438972), np.float32(-3.585537), np.float32(-7.7676), np.float32(-1.4254186), np.float32(-0.7462948), np.float32(1.2487217), np.float32(-3.972075), np.float32(-1.4651299), np.float32(-2.3333423), np.float32(-1.0245657), np.float32(1.2422559), np.float32(-2.218367), np.float32(-3.6000655), np.float32(1.3336433), np.float32(2.6867726), np.float32(-0.43418685), np.float32(0.23489685), np.float32(3.5217307), np.float32(-0.43271816), np.float32(-3.439995), np.float32(-2.1925943), np.float32(0.17412335)]","[np.float32(-1.9864547), np.float32(-1.0506182), np.float32(-1.8283725e-05), np.float32(0.12863225), np.float32(0.38994035), np.float32(0.65090674), np.float32(0.84986246), np.float32(0.3026429), np.float32(0.90646046), np.float32(0.5149237), np.float32(-0.7721233), np.float32(-0.48897672), np.float32(0.5652749), np.float32(-0.1566436), np.float32(0.30237558), np.float32(0.03197614), np.float32(-0.73308986), np.float32(-0.19938675), np.float32(0.060099512), np.float32(0.2543288), np.float32(0.34064993), np.float32(-0.038887776), np.float32(0.34661648), np.float32(-0.054788083), np.float32(-0.21972337), np.float32(-0.07087301), np.float32(0.3202334), np.float32(-0.12252857), np.float32(0.27510908), np.float32(0.08762959), np.float32(0.0060274377), np.float32(-0.016588677)]","[np.float32(1.7381763), np.float32(1.0126437), np.float32(0.9207508), np.float32(1.1690785), np.float32(1.0225133), np.float32(0.9525801), np.float32(1.3358185), np.float32(0.84862846), np.float32(1.4899342), np.float32(0.8938766), np.float32(1.1599394), np.float32(1.3703053), np.float32(1.8671765), np.float32(0.9478558), np.float32(0.8998856), np.float32(0.88908046), np.float32(1.4724517), np.float32(1.2218342), np.float32(1.3342679), np.float32(1.1663641), np.float32(0.9783271), np.float32(1.2718047), np.float32(1.3202691), np.float32(1.4384876), np.float32(1.4173635), np.float32(1.2982868), np.float32(1.190158), np.float32(1.5487462), np.float32(0.98894244), np.float32(1.324319), np.float32(1.346033), np.float32(1.4542437)]"
2018-02-14 03:35:00+00:00,69.60537,0,LOEO,18,"[np.float32(-1972.9868), np.float32(-63.28596), np.float32(-11.31572), np.float32(-12.527723), np.float32(-3.1070302), np.float32(-3.6189296), np.float32(-17.787169), np.float32(-0.94669753), np.float32(-1.7750089), np.float32(-7.624304), np.float32(10.762099), np.float32(3.0582068), np.float32(-3.1312885), np.float32(-0.04997863), np.float32(-1.8598639), np.float32(15.207758), np.float32(7.188701), np.float32(17.73286), np.float32(-14.013874), np.float32(5.957028), np.float32(7.418626), np.float32(-11.190045), np.float32(-0.37671053), np.float32(10.698592), np.float32(-3.7540917), np.float32(2.0579107), np.float32(-0.5010823), np.float32(5.1512556), np.float32(0.8835324), np.float32(-4.4596033), np.float32(-0.1721915), np.float32(2.9778953)]","[np.float32(-2.0039525), np.float32(-1.0533156), np.float32(0.0010974985), np.float32(0.13283691), np.float32(0.38955766), np.float32(0.6546821), np.float32(0.8519874), np.float32(0.30814308), np.float32(0.9169891), np.float32(0.5222815), np.float32(-0.7815426), np.float32(-0.4953159), np.float32(0.57117593), np.float32(-0.15456328), np.float32(0.30661106), np.float32(0.036359556), np.float32(-0.7387027), np.float32(-0.20404118), np.float32(0.06294704), np.float32(0.2576139), np.float32(0.33988464), np.float32(-0.039631404), np.float32(0.3497864), np.float32(-0.056139253), np.float32(-0.22719672), np.float32(-0.07337622), np.float32(0.32157242), np.float32(-0.12212555), np.float32(0.2777666), np.float32(0.09299281), np.float32(0.0020238087), np.float32(-0.018360425)]","[np.float32(1.7419645), np.float32(1.0147531), np.float32(0.9180823), np.float32(1.1744452), np.float32(1.0292348), np.float32(0.9566621), np.float32(1.3382661), np.float32(0.8513877), np.float32(1.488608), np.float32(0.8952544), np.float32(1.1615167), np.float32(1.3745046), np.float32(1.871598), np.float32(0.94750893), np.float32(0.8992335), np.float32(0.8934938), np.float32(1.4765149), np.float32(1.2255913), np.float32(1.3362924), np.float32(1.1652703), np.float32(0.9823035), np.float32(1.27762), np.float32(1.3232013), np.float32(1.4319305), np.float32(1.4186591), np.float32(1.2994038), np.float32(1.1923457), np.float32(1.5517071), np.float32(0.98966986), np.float32(1.3279121), np.float32(1.3407003), np.float32(1.4557219)]"
2018-02-14 03:36:00+00:00,66.76299,0,LOEO,18,"[np.float32(-1972.2169), np.float32(-62.446228), np.float32(-14.05566), np.float32(-11.190966), np.float32(-2.5718064), np.float32(16.49606), np.float32(9.207518), np.float32(-0.4930464), np.float32(2.1320364), np.float32(-1.3811266), np.float32(-3.3349798), np.float32(-3.25687), np.float32(-8.384585), np.float32(-2.287409), np.float32(-1.8152752), np.float32(0.2764317), np.float32(0.28515464), np.float32(-0.6694296), np.float32(-0.5888792), np.float32(-0.082203664), np.float32(0.43360424), np.float32(-1.9318553), np.float32(-3.6620097), np.float32(1.3044686), np.float32(1.8643299), np.float32(-1.719825), np.float32(-1.2946062), np.float32(3.599755), np.float32(-3.8981874), np.float32(-2.268524), np.float32(-3.7880301), np.float32(0.32438526)]","[np.float32(-2.002314), np.float32(-1.0530841), np.float32(0.0009980053), np.float32(0.13241738), np.float32(0.3896231), np.float32(0.65432966), np.float32(0.85177296), np.float32(0.307626), np.float32(0.91599405), np.float32(0.52160203), np.float32(-0.78065604), np.float32(-0.49470258), np.float32(0.5706189), np.float32(-0.15475655), np.float32(0.3062043), np.float32(0.035937145), np.float32(-0.73818237), np.float32(-0.2036129), np.float32(0.062699266), np.float32(0.25731117), np.float32(0.3399504), np.float32(-0.039530553), np.float32(0.3494851), np.float32(-0.055986695), np.float32(-0.22650674), np.float32(-0.07313505), np.float32(0.32146356), np.float32(-0.12216362), np.float32(0.27753097), np.float32(0.092513025), np.float32(0.0024001375), np.float32(-0.018192872)]","[np.float32(1.7416593), np.float32(1.0145773), np.float32(0.9183443), np.float32(1.1739584), np.float32(1.0286217), np.float32(0.956275), np.float32(1.3380417), np.float32(0.8511411), np.float32(1.4887806), np.float32(0.8951421), np.float32(1.1614085), np.float32(1.3741177), np.float32(1.8712339), np.float32(0.94754595), np.float32(0.8992974), np.float32(0.8930757), np.float32(1.476146), np.float32(1.2252563), np.float32(1.3361415), np.float32(1.1653949), np.float32(0.98193496), np.float32(1.2770884), np.float32(1.3229527), np.float32(1.4326041), np.float32(1.4185727), np.float32(1.299346), np.float32(1.1921464), np.float32(1.5514828), np.float32(0.989618), np.float32(1.3275894), np.float32(1.3412251), np.float32(1.455613)]"
2018-02-14 03:37:00+00:00,66.616875,0,LOEO,18,"[np.float32(-1972.4619), np.float32(-62.487736), np.float32(-14.03525), np.float32(-11.802225), np.float32(-2.8832881), np.float32(16.365887), np.float32(8.807771), np.float32(-0.5155349), np.float32(2.7912788), np.float32(-2.6855607), np.float32(-2.814185), np.float32(-1.9322953), np.float32(-8.335925), np.float32(-2.3157783), np.float32(-2.0101526), np.float32(-0.7051206), np.float32(-0.8437833), np.float32(-0.30849892), np.float32(-0.9528674), np.float32(0.9272987), np.float32(0.5031067), np.float32(-1.0227822), np.float32(-4.9398856), np.float32(0.5630467), np.float32(2.9314916), np.float32(-1.8835579), np.float32(-1.4089538), np.float32(1.324961), np.float32(-1.2074014), np.float32(-0.38681293), np.float32(-3.9700568), np.float32(0.37387297)]","[np.float32(-1.9923856), np.float32(-1.0515317), np.float32(0.00035890937), np.float32(0.13005912), np.float32(0.3898086), np.float32(0.65218705), np.float32(0.85058427), np.float32(0.30450755), np.float32(0.91002953), np.float32(0.5174165), np.float32(-0.77531666), np.float32(-0.49112725), np.float32(0.5672747), np.float32(-0.15593849), np.float32(0.30381194), np.float32(0.03346292), np.float32(-0.7349922), np.float32(-0.20096388), np.float32(0.06106335), np.float32(0.2554419), np.float32(0.3403904), np.float32(-0.039142124), np.float32(0.34769088), np.float32(-0.05524829), np.float32(-0.22225702), np.float32(-0.071722046), np.float32(0.32068563), np.float32(-0.12239273), np.float32(0.2760085), np.float32(0.08944528), np.float32(0.0046703666), np.float32(-0.017190672)]","[np.float32(1.7394558), np.float32(1.0133573), np.float32(0.9198442), np.float32(1.1708951), np.float32(1.0247884), np.float32(0.9539628), np.float32(1.3366468), np.float32(0.8495623), np.float32(1.4894803), np.float32(0.8943426), np.float32(1.1604714), np.float32(1.3717273), np.float32(1.8686703), np.float32(0.94773775), np.float32(0.8996637), np.float32(0.89057493), np.float32(1.4738268), np.float32(1.2231058), np.float32(1.3349507), np.float32(1.1659915), np.float32(0.9796736), np.float32(1.2737732), np.float32(1.3212606), np.float32(1.4362587), np.float32(1.4177998), np.float32(1.2986614), np.float32(1.1908989), np.float32(1.5497456), np.float32(0.9891877), np.float32(1.3255347), np.float32(1.3442217), np.float32(1.4547418)]"
2018-02-14 03:38:00+00:00,66.57928,0,LOEO,18,"[np.float32(-1973.5366), np.float32(-61.734505), np.float32(-14.039034), np.float32(-12.368922), np.float32(-2.4153655), np.float32(16.398247), np.float32(8.87789), np.float32(0.6314261), np.float32(2.9941154), np.float32(-1.6590409), np.float32(-2.5782983), np.float32(-2.1438274), np.float32(-8.311077), np.float32(-1.3232684), np.float32(-2.3069787), np.float32(-0.9818002), np.float32(-1.1556401), np.float32(-1.2063427), np.float32(-0.8195447), np.float32(0.81082934), np.float32(-0.26344025), np.float32(-1.999428), np.float32(-2.1103435), np.float32(-0.5185295), np.float32(0.7852136), np.float32(-1.366722), np.float32(-1.7167085), np.float32(0.7994885), np.float32(-2.7867618), np.float32(-0.3965596), np.float32(-4.137775), np.float32(2.1679187)]","[np.float32(-1.9971592), np.float32(-1.052256), np.float32(0.0006602667), np.float32(0.13122095), np.float32(0.38968742), np.float32(0.6532164), np.float32(0.8511729), np.float32(0.30600932), np.float32(0.9129071), np.float32(0.5194184), np.float32(-0.7778892), np.float32(-0.49286819), np.float32(0.5688869), np.float32(-0.15537176), np.float32(0.30497313), np.float32(0.03466562), np.float32(-0.7365206), np.float32(-0.20222944), np.float32(0.06182956), np.float32(0.25633538), np.float32(0.34018472), np.float32(-0.039362796), np.float32(0.34855813), np.float32(-0.0556319), np.float32(-0.2242909), np.float32(-0.072408766), np.float32(0.3210414), np.float32(-0.12228266), np.float32(0.27672598), np.float32(0.09089577), np.float32(0.0035772845), np.float32(-0.017675474)]","[np.float32(1.7404611), np.float32(1.0139204), np.float32(0.91910887), np.float32(1.1723498), np.float32(1.0266124), np.float32(0.9550789), np.float32(1.3373116), np.float32(0.85030836), np.float32(1.4890904), np.float32(0.8947092), np.float32(1.1608796), np.float32(1.372869), np.float32(1.8698477), np.float32(0.9476405), np.float32(0.8994841), np.float32(0.8917813), np.float32(1.4749284), np.float32(1.224121), np.float32(1.335481), np.float32(1.1656804), np.float32(0.98075616), np.float32(1.2753521), np.float32(1.3220457), np.float32(1.4344351), np.float32(1.4181335), np.float32(1.2989396), np.float32(1.1914926), np.float32(1.5505234), np.float32(0.98937696), np.float32(1.326507), np.float32(1.342752), np.float32(1.4551281)]"
2018-02-14 03:39:00+00:00,72.60095,0,LOEO,18,"[np.float32(-1975.558), np.float32(-62.89909), np.float32(-10.979012), np.float32(-13.025415), np.float32(-2.9532685), np.float32(-6.1732225), np.float32(-29.286507), np.float32(1.036883), np.float32(-9.990464), np.float32(-12.5863285), np.float32(19.465559), np.float32(9.351104), np.float32(-0.3184467), np.float32(2.1488106), np.float32(-1.3986708), np.float32(26.393642), np.float32(-3.2895067), np.float32(27.277653), np.float32(-18.765606), np.float32(17.847803), np.float32(9.664742), np.float32(-19.553677), np.float32(2.2288568), np.float32(15.177288), np.float32(-7.5968556), np.float32(4.6260347), np.float32(-0.59502584), np.float32(2.9000885), np.float32(2.784691), np.float32(-4.21354), np.float32(-0.47375578), np.float32(1.5802547)]","[np.float32(-1.9937356), np.float32(-1.0517203), np.float32(0.00043981522), np.float32(0.13040833), np.float32(0.38975078), np.float32(0.6524778), np.float32(0.85076314), np.float32(0.30493417), np.float32(0.9108504), np.float32(0.51797444), np.float32(-0.77604806), np.float32(-0.49163568), np.float32(0.5677337), np.float32(-0.15577964), np.float32(0.30414867), np.float32(0.033812836), np.float32(-0.73542035), np.float32(-0.20131576), np.float32(0.061264873), np.float32(0.25569052), np.float32(0.3403369), np.float32(-0.039229564), np.float32(0.34793934), np.float32(-0.055377692), np.float32(-0.22282511), np.float32(-0.07192154), np.float32(0.32077277), np.float32(-0.12236204), np.float32(0.27620026), np.float32(0.089837044), np.float32(0.004360229), np.float32(-0.017329898)]","[np.float32(1.7396997), np.float32(1.0134994), np.float32(0.9196255), np.float32(1.1712934), np.float32(1.025291), np.float32(0.95428157), np.float32(1.33683), np.float32(0.8497637), np.float32(1.4893308), np.float32(0.8944329), np.float32(1.1605555), np.float32(1.3720446), np.float32(1.8689626), np.float32(0.9477067), np.float32(0.89961016), np.float32(0.8909194), np.float32(1.4741284), np.float32(1.2233791), np.float32(1.3350693), np.float32(1.1658857), np.float32(0.97997624), np.float32(1.2742087), np.float32(1.3214614), np.float32(1.4356946), np.float32(1.4178665), np.float32(1.2987015), np.float32(1.1910621), np.float32(1.5499226), np.float32(0.98922807), np.float32(1.3257979), np.float32(1.3437847), np.float32(1.4548267)]"
2018-02-21 10:03:00+00:00,14.162309,1,LOEO,19,"[np.float32(-9.514145), np.float32(-12.6245575), np.float32(-21.204582), np.float32(-40.547497), np.float32(2.3886256), np.float32(15.234558), np.float32(-58.92464), np.float32(-101.35628), np.float32(16.683704), np.float32(-0.9321753), np.float32(0.5957885), np.float32(1.775456), np.float32(-0.11755606), np.float32(-16.522093), np.float32(59.764454), np.float32(46.749237), np.float32(-3.919497), np.float32(-2.7927516), np.float32(-0.8314406), np.float32(2.2680538), np.float32(-3.646685), np.float32(-11.0743475), np.float32(-0.44784668), np.float32(3.629946), np.float32(0.3091469), np.float32(-4.682689), np.float32(7.712432), np.float32(-0.22964458), np.float32(3.263154), np.float32(1.588087), np.float32(-0.66409576), np.float32(0.7319514)]","[np.float32(0.29247373), np.float32(0.09228572), np.float32(-0.20520917), np.float32(0.0010498352), np.float32(-0.35232228), np.float32(-0.12867737), np.float32(-0.094767064), np.float32(-0.10436383), np.float32(0.12612168), np.float32(0.2242388), np.float32(-0.114102304), np.float32(0.07094316), np.float32(-0.12183388), np.float32(-0.09736022), np.float32(-0.016060695), np.float32(0.02777014), np.float32(-0.0016699657), np.float32(-0.078419164), np.float32(-0.12244178), np.float32(0.006385073), np.float32(-0.09500253), np.float32(-0.170973), np.float32(-0.031575933), np.float32(0.17280595), np.float32(-0.42648184), np.float32(0.23332715), np.float32(0.047796182), np.float32(0.076826826), np.float32(-0.077295326), np.float32(-0.016842794), np.float32(-0.027946416), np.float32(-0.009639189)]","[np.float32(0.8723482), np.float32(0.77004963), np.float32(0.89608264), np.float32(0.8640774), np.float32(1.0496645), np.float32(0.69024265), np.float32(1.2883182), np.float32(1.0472958), np.float32(0.69472945), np.float32(0.8773082), np.float32(0.852066), np.float32(0.8218643), np.float32(0.88738734), np.float32(1.1585331), np.float32(0.9851324), np.float32(0.92930394), np.float32(0.86123973), np.float32(0.8858506), np.float32(0.9598667), np.float32(0.79157996), np.float32(1.0560454), np.float32(0.93090534), np.float32(1.0286567), np.float32(0.910991), np.float32(0.98606306), np.float32(0.832548), np.float32(0.88553756), np.float32(0.99324656), np.float32(0.8072774), np.float32(1.10605), np.float32(0.82550335), np.float32(0.97951585)]"
2018-02-21 10:04:00+00:00,62.368824,1,LOEO,19,"[np.float32(120.40162), np.float32(-16.93829), np.float32(-1154.2804), np.float32(53.51737), np.float32(-74.64435), np.float32(-152.40987), np.float32(-22.500748), np.float32(-11.655304), np.float32(9.515088), np.float32(1.4225974), np.float32(1.2716728), np.float32(-82.6178), np.float32(-0.82156885), np.float32(15.411004), np.float32(-22.875448), np.float32(2.2394297), np.float32(-18.626556), np.float32(73.82661), np.float32(-8.922702), np.float32(36.27246), np.float32(21.393808), np.float32(8.58692), np.float32(-8.84407), np.float32(7.769501), np.float32(14.207203), np.float32(-1.9343064), np.float32(4.837071), np.float32(-8.941289), np.float32(-17.363016), np.float32(2.7079756), np.float32(-17.93892), np.float32(0.80342245)]","[np.float32(0.07678943), np.float32(0.07174066), np.float32(0.043295972), np.float32(-0.02052136), np.float32(-0.18837589), np.float32(-0.30568877), np.float32(0.024972312), np.float32(-0.09991172), np.float32(0.19106182), np.float32(0.05863211), np.float32(-0.07016601), np.float32(0.0149424225), np.float32(-0.23422706), np.float32(-0.2854353), np.float32(-0.05246126), np.float32(0.0046803877), np.float32(0.023279337), np.float32(-0.052546773), np.float32(0.17978062), np.float32(-0.04407482), np.float32(-0.09610973), np.float32(-0.22381651), np.float32(0.16783038), np.float32(0.10102521), np.float32(-0.294009), np.float32(0.1445489), np.float32(0.101553544), np.float32(0.06180939), np.float32(-0.13217983), np.float32(-0.12618884), np.float32(0.066470504), np.float32(0.16098416)]","[np.float32(0.9256202), np.float32(0.77053696), np.float32(0.77044797), np.float32(0.8252528), np.float32(0.9254077), np.float32(0.7075912), np.float32(1.2348273), np.float32(0.91190827), np.float32(0.697217), np.float32(0.9188306), np.float32(0.89443547), np.float32(0.7680965), np.float32(0.8334258), np.float32(0.9821215), np.float32(0.90102017), np.float32(0.90798855), np.float32(0.8538176), np.float32(0.8824992), np.float32(0.93993217), np.float32(0.8634738), np.float32(0.9422796), np.float32(0.8046373), np.float32(0.95809007), np.float32(0.9207752), np.float32(0.9035421), np.float32(0.7784215), np.float32(0.9083162), np.float32(0.84270096), np.float32(0.8326736), np.float32(1.0757394), np.float32(0.82233477), np.float32(1.0413026)]"
2018-02-21 10:05:00+00:00,16.672926,1,LOEO,19,"[np.float32(-1.0462075), np.float32(-11.209486), np.float32(-90.467636), np.float32(-36.572712), np.float32(4.1240387), np.float32(12.942321), np.float32(-73.80573), np.float32(-135.64525), np.float32(20.987581), np.float32(-1.6983048), np.float32(7.2023416), np.float32(-12.89915), np.float32(4.8511677), np.float32(-12.458285), np.float32(-5.6418185), np.float32(10.868856), np.float32(-0.83521366), np.float32(-12.431407), np.float32(2.326967), np.float32(-5.972109), np.float32(6.826554), np.float32(-10.675005), np.float32(-0.7723285), np.float32(9.524813), np.float32(10.347019), np.float32(-1.9947048), np.float32(7.0502157), np.float32(-1.4232426), np.float32(14.796134), np.float32(2.5831335), np.float32(0.06191454), np.float32(2.20995)]","[np.float32(-0.18861496), np.float32(0.1525031), np.float32(-0.36292386), np.float32(0.09341866), np.float32(-0.30737644), np.float32(-0.09947911), np.float32(-0.28558213), np.float32(0.05735597), np.float32(0.02196496), np.float32(0.21312974), np.float32(0.14129147), np.float32(0.24104035), np.float32(-0.37423176), np.float32(-0.22295386), np.float32(0.14121923), np.float32(-0.1133347), np.float32(0.02137821), np.float32(-0.14090484), np.float32(-0.07156436), np.float32(0.06433953), np.float32(-0.019188056), np.float32(0.13098857), np.float32(-0.008745428), np.float32(0.2674111), np.float32(-0.4309231), np.float32(0.22450185), np.float32(0.08546135), np.float32(-0.15174633), np.float32(-0.11500135), np.float32(-0.012610193), np.float32(-0.17685717), np.float32(-0.09918743)]","[np.float32(0.71552384), np.float32(0.7505093), np.float32(0.845189), np.float32(0.78812665), np.float32(0.9762754), np.float32(0.71156585), np.float32(0.99641126), np.float32(0.86632025), np.float32(0.69814867), np.float32(0.8952204), np.float32(0.73345834), np.float32(0.6956507), np.float32(0.84810466), np.float32(1.0615739), np.float32(0.89748764), np.float32(0.837826), np.float32(0.82413083), np.float32(0.7311126), np.float32(0.88699025), np.float32(0.6874798), np.float32(0.8749997), np.float32(0.88271314), np.float32(0.92865497), np.float32(0.82809174), np.float32(0.84313536), np.float32(0.8042517), np.float32(0.9007109), np.float32(0.9626889), np.float32(0.75010777), np.float32(0.9318435), np.float32(0.8132636), np.float32(0.8809799)]"
2018-02-21 10:06:00+00:00,16.466343,1,LOEO,19,"[np.float32(-8.335492), np.float32(-12.379251), np.float32(-26.389433), np.float32(-47.529926), np.float32(0.5851875), np.float32(13.755264), np.float32(-81.65019), np.float32(-146.98589), np.float32(25.165798), np.float32(-0.6949475), np.float32(3.3377702), np.float32(34.057125), np.float32(7.715644), np.float32(-31.25583), np.float32(-4.491397), np.float32(6.3285055), np.float32(-8.955525), np.float32(14.994153), np.float32(-1.0902656), np.float32(9.961031), np.float32(-1.5522988), np.float32(5.006228), np.float32(-0.11141262), np.float32(-3.5226), np.float32(3.292231), np.float32(6.979522), np.float32(-6.3492155), np.float32(2.23912), np.float32(-2.9698405), np.float32(1.3787472), np.float32(1.0095378), np.float32(-6.4505696)]","[np.float32(0.12858692), np.float32(0.10451715), np.float32(-0.17022225), np.float32(-0.07746422), np.float32(-0.38075885), np.float32(-0.15281777), np.float32(-0.16462946), np.float32(-0.092696294), np.float32(0.20276937), np.float32(0.15295932), np.float32(-0.04416219), np.float32(0.043007623), np.float32(-0.16828471), np.float32(-0.0027305111), np.float32(-0.04284568), np.float32(0.010093719), np.float32(-0.016586322), np.float32(-0.03284403), np.float32(-0.13411213), np.float32(0.026748084), np.float32(-0.07980853), np.float32(-0.0903521), np.float32(-0.07352503), np.float32(0.09162763), np.float32(-0.3596866), np.float32(0.18022218), np.float32(0.036847457), np.float32(0.03897001), np.float32(-0.089065775), np.float32(-0.07790582), np.float32(-0.030178037), np.float32(-0.003049761)]","[np.float32(0.8345319), np.float32(0.7651804), np.float32(0.8689048), np.float32(0.912249), np.float32(1.1094946), np.float32(0.69255507), np.float32(1.1455802), np.float32(1.0856444), np.float32(0.74263656), np.float32(0.8407063), np.float32(0.86832213), np.float32(0.8246091), np.float32(0.86986), np.float32(1.1727762), np.float32(0.94850576), np.float32(0.8886316), np.float32(0.860753), np.float32(0.8366932), np.float32(0.96468616), np.float32(0.7697218), np.float32(1.0303468), np.float32(0.9480555), np.float32(1.0104947), np.float32(0.9023269), np.float32(1.0000949), np.float32(0.8282644), np.float32(0.8940927), np.float32(0.97552943), np.float32(0.8316678), np.float32(1.0935187), np.float32(0.8263956), np.float32(0.91712135)]"
2018-02-21 10:07:00+00:00,17.281097,1,LOEO,19,"[np.float32(-1.7338189), np.float32(-12.723176), np.float32(-87.29438), np.float32(-38.138985), np.float32(0.8323497), np.float32(12.814742), np.float32(-59.32937), np.float32(-104.65012), np.float32(18.878643), np.float32(-1.1270894), np.float32(1.0173917), np.float32(-34.793877), np.float32(-3.0083637), np.float32(0.9351818), np.float32(44.08248), np.float32(41.86006), np.float32(-0.5118699), np.float32(-17.818014), np.float32(-2.817768), np.float32(-9.094914), np.float32(-3.8725648), np.float32(-21.25834), np.float32(1.2753925), np.float32(3.3686132), np.float32(-4.65074), np.float32(-6.136966), np.float32(10.01498), np.float32(-0.31849217), np.float32(-0.90280247), np.float32(4.0043244), np.float32(-0.5934951), np.float32(3.3208284)]","[np.float32(0.30560791), np.float32(0.17333944), np.float32(-0.12761872), np.float32(-0.06492204), np.float32(-0.29172453), np.float32(-0.2166116), np.float32(-0.07718992), np.float32(-0.2032577), np.float32(0.2782717), np.float32(0.14774236), np.float32(-0.026042126), np.float32(0.052676316), np.float32(-0.16685733), np.float32(-0.12911412), np.float32(-0.07913507), np.float32(0.010250278), np.float32(0.008761566), np.float32(-0.07232368), np.float32(0.024258882), np.float32(-0.021952271), np.float32(-0.041274227), np.float32(-0.1591174), np.float32(0.09544414), np.float32(0.10715893), np.float32(-0.43815982), np.float32(0.2023356), np.float32(0.070085056), np.float32(0.013314575), np.float32(-0.048202485), np.float32(-0.074969694), np.float32(0.062446386), np.float32(0.011025131)]","[np.float32(0.8847684), np.float32(0.7551), np.float32(0.8114193), np.float32(0.8709529), np.float32(0.99195963), np.float32(0.69043976), np.float32(1.233175), np.float32(0.9923801), np.float32(0.71995157), np.float32(0.822688), np.float32(0.800941), np.float32(0.81990486), np.float32(0.8608161), np.float32(1.059364), np.float32(0.91692364), np.float32(0.974807), np.float32(0.90507734), np.float32(0.85873735), np.float32(0.9432685), np.float32(0.8297628), np.float32(0.9920262), np.float32(0.9205955), np.float32(0.98187286), np.float32(0.9346051), np.float32(0.91898596), np.float32(0.7678735), np.float32(0.9044643), np.float32(0.8942826), np.float32(0.80643153), np.float32(1.0575801), np.float32(0.8271747), np.float32(0.95192254)]"
2018-02-21 10:08:00+00:00,20589.018,1,LOEO,19,"[np.float32(-493.70724), np.float32(40437.344), np.float32(14.087917), np.float32(-4515.3286), np.float32(-11869.266), np.float32(5479.979), np.float32(10560.189), np.float32(-15177.851), np.float32(-54226.793), np.float32(-5922.9385), np.float32(82624.66), np.float32(3076.6377), np.float32(14410.343), np.float32(2615.3882), np.float32(-8889.369), np.float32(7297.0547), np.float32(3193.1484), np.float32(-46545.08), np.float32(22350.443), np.float32(66285.58), np.float32(11075.35), np.float32(1209.7239), np.float32(16779.184), np.float32(-50877.76), np.float32(40850.906), np.float32(4605.131), np.float32(63604.434), np.float32(1566.5645), np.float32(13968.237), np.float32(26325.162), np.float32(-5529.383), np.float32(16469.957)]","[np.float32(0.244555), np.float32(0.06764899), np.float32(-0.101030126), np.float32(-0.033453822), np.float32(-0.158217), np.float32(-0.2436285), np.float32(0.10496151), np.float32(-0.3032328), np.float32(0.15795857), np.float32(0.10551083), np.float32(-0.030522548), np.float32(0.11779515), np.float32(-0.14496723), np.float32(-0.21159437), np.float32(-0.06285738), np.float32(0.047029648), np.float32(0.018162228), np.float32(-0.014063235), np.float32(-0.04562387), np.float32(-0.08620456), np.float32(-0.12590387), np.float32(-0.25885046), np.float32(-0.056420717), np.float32(0.12971139), np.float32(-0.39011842), np.float32(0.12443339), np.float32(0.12614831), np.float32(0.034900397), np.float32(-0.24710867), np.float32(-0.12246053), np.float32(0.08203474), np.float32(0.0032802522)]","[np.float32(0.7674578), np.float32(0.71666956), np.float32(0.79462427), np.float32(0.80075824), np.float32(1.006812), np.float32(0.7209022), np.float32(1.121294), np.float32(0.96965003), np.float32(0.6733285), np.float32(0.8082707), np.float32(0.81103873), np.float32(0.78143126), np.float32(0.8863982), np.float32(1.0478408), np.float32(0.9408256), np.float32(0.94491404), np.float32(0.8642343), np.float32(0.8212396), np.float32(0.93607515), np.float32(0.80420595), np.float32(0.9720241), np.float32(0.8969132), np.float32(0.98592955), np.float32(0.91300684), np.float32(0.9302882), np.float32(0.74522644), np.float32(0.8620851), np.float32(0.9206244), np.float32(0.8107706), np.float32(1.0390114), np.float32(0.84650564), np.float32(0.8841259)]"
2018-02-21 10:02:00+00:00,16.160463,0,LOEO,19,"[np.float32(-0.6532408), np.float32(-12.395855), np.float32(-91.86998), np.float32(-45.744267), np.float32(-0.8637374), np.float32(8.790357), np.float32(-82.108376), np.float32(-149.53847), np.float32(26.365091), np.float32(-1.4978048), np.float32(3.7347193), np.float32(-4.8642783), np.float32(5.068307), np.float32(-14.973975), np.float32(-15.788138), np.float32(1.1496162), np.float32(-2.9362967), np.float32(-2.27982), np.float32(-2.1228817), np.float32(-6.537436), np.float32(7.4450874), np.float32(-14.698944), np.float32(4.859183), np.float32(-0.7952966), np.float32(2.8919275), np.float32(-2.824319), np.float32(0.14992398), np.float32(0.35358295), np.float32(0.028895564), np.float32(2.4127266), np.float32(0.6956111), np.float32(0.11734882)]","[np.float32(0.29345074), np.float32(0.104054056), np.float32(-0.20509723), np.float32(0.0029832255), np.float32(-0.3622637), np.float32(-0.12421701), np.float32(-0.09381473), np.float32(-0.10509892), np.float32(0.13130653), np.float32(0.22389793), np.float32(-0.113211244), np.float32(0.07917325), np.float32(-0.1270591), np.float32(-0.101676404), np.float32(-0.022029936), np.float32(0.023918085), np.float32(-0.005721368), np.float32(-0.076696455), np.float32(-0.13303353), np.float32(0.012646183), np.float32(-0.092241846), np.float32(-0.18066847), np.float32(-0.03281391), np.float32(0.17264315), np.float32(-0.41809452), np.float32(0.22880334), np.float32(0.050243173), np.float32(0.08271918), np.float32(-0.078403115), np.float32(-0.01857327), np.float32(-0.023625806), np.float32(-0.0077312253)]","[np.float32(0.8741637), np.float32(0.76978767), np.float32(0.89953315), np.float32(0.86537707), np.float32(1.0503676), np.float32(0.689181), np.float32(1.2853304), np.float32(1.0476447), np.float32(0.69442326), np.float32(0.8717854), np.float32(0.85742503), np.float32(0.82241094), np.float32(0.8880944), np.float32(1.1547903), np.float32(0.9828529), np.float32(0.9307252), np.float32(0.85944057), np.float32(0.88998586), np.float32(0.95786214), np.float32(0.79454345), np.float32(1.05408), np.float32(0.9310156), np.float32(1.0291501), np.float32(0.90966195), np.float32(0.98642963), np.float32(0.8308164), np.float32(0.8888328), np.float32(0.9881216), np.float32(0.8027678), np.float32(1.1037805), np.float32(0.82613677), np.float32(0.9803649)]"
2018-02-21 10:01:00+00:00,16.204279,0,LOEO,19,"[np.float32(-0.6478951), np.float32(-12.3960495), np.float32(-91.89221), np.float32(-45.78203), np.float32(-0.8566584), np.float32(8.802573), np.float32(-82.19538), np.float32(-149.69313), np.float32(26.401283), np.float32(-1.5189157), np.float32(3.7413945), np.float32(-4.7841463), np.float32(5.0926557), np.float32(-15.030871), np.float32(-15.867077), np.float32(1.2163758), np.float32(-3.0539448), np.float32(-2.294191), np.float32(-2.1899412), np.float32(-6.4004865), np.float32(7.2921386), np.float32(-14.6280365), np.float32(4.9900784), np.float32(-1.2721939), np.float32(2.7099812), np.float32(-2.8151994), np.float32(-0.2673001), np.float32(0.4513995), np.float32(-0.24213569), np.float32(2.4339592), np.float32(0.91125983), np.float32(-0.012371006)]","[np.float32(0.27789438), np.float32(0.088060215), np.float32(-0.18365121), np.float32(-0.008903444), np.float32(-0.2181209), np.float32(-0.23594785), np.float32(0.003107909), np.float32(-0.17887132), np.float32(0.117987856), np.float32(0.06646451), np.float32(-0.05845295), np.float32(0.060899038), np.float32(-0.14868218), np.float32(-0.12000109), np.float32(0.029202875), np.float32(-0.0014056414), np.float32(-0.026776988), np.float32(-0.10636617), np.float32(0.043170877), np.float32(-0.066569), np.float32(-0.10596393), np.float32(-0.16355065), np.float32(-0.025508504), np.float32(0.16084655), np.float32(-0.42719805), np.float32(0.12686351), np.float32(0.029983092), np.float32(0.028594881), np.float32(-0.1312043), np.float32(-0.08827335), np.float32(0.0073530525), np.float32(0.03367546)]","[np.float32(0.8917819), np.float32(0.7525667), np.float32(0.8816999), np.float32(0.8051906), np.float32(0.9881998), np.float32(0.6847664), np.float32(1.2610083), np.float32(0.9438603), np.float32(0.6927907), np.float32(0.83993965), np.float32(0.8668323), np.float32(0.82955456), np.float32(0.8447814), np.float32(1.0993603), np.float32(0.9153196), np.float32(0.9632043), np.float32(0.8717887), np.float32(0.8823431), np.float32(0.9436235), np.float32(0.82651013), np.float32(1.0473276), np.float32(0.92465067), np.float32(0.98034567), np.float32(0.9343783), np.float32(0.94522), np.float32(0.78311056), np.float32(0.9150485), np.float32(0.9136195), np.float32(0.8225118), np.float32(1.1305478), np.float32(0.7566377), np.float32(1.0005212)]"
2018-02-21 10:00:00+00:00,14.590995,0,LOEO,19,"[np.float32(-8.578701), np.float32(-13.206538), np.float32(-25.468176), np.float32(-41.81132), np.float32(-0.16233063), np.float32(18.367638), np.float32(-69.55155), np.float32(-124.605835), np.float32(22.952513), np.float32(-0.82137245), np.float32(1.2549897), np.float32(24.5997), np.float32(1.6318709), np.float32(-11.923201), np.float32(10.111387), np.float32(-13.739868), np.float32(7.855816), np.float32(21.72753), np.float32(-0.07031136), np.float32(4.763771), np.float32(14.247273), np.float32(-6.9842696), np.float32(2.9111986), np.float32(-6.507876), np.float32(0.42984536), np.float32(-0.17855047), np.float32(-2.850595), np.float32(0.90739495), np.float32(-4.486139), np.float32(0.9341126), np.float32(-0.0009050832), np.float32(-2.368402)]","[np.float32(0.22430861), np.float32(0.07883422), np.float32(-0.20805877), np.float32(-0.051002264), np.float32(-0.38493496), np.float32(-0.14729415), np.float32(-0.13089126), np.float32(-0.11513859), np.float32(0.16355497), np.float32(0.18741979), np.float32(-0.07474604), np.float32(0.0557661), np.float32(-0.09952502), np.float32(-0.085949406), np.float32(-0.014284007), np.float32(0.023446709), np.float32(-0.027633447), np.float32(-0.06249574), np.float32(-0.14976369), np.float32(-0.029646054), np.float32(-0.0843834), np.float32(-0.14776969), np.float32(-0.09940317), np.float32(0.12426643), np.float32(-0.3920331), np.float32(0.18880937), np.float32(0.06767868), np.float32(0.09389055), np.float32(-0.11677423), np.float32(-0.036945116), np.float32(-0.046149064), np.float32(-0.0072537623)]","[np.float32(0.8437985), np.float32(0.7709235), np.float32(0.89557725), np.float32(0.8472745), np.float32(1.076485), np.float32(0.7058337), np.float32(1.2275753), np.float32(1.0622493), np.float32(0.6924109), np.float32(0.8653169), np.float32(0.8653488), np.float32(0.83014095), np.float32(0.8742241), np.float32(1.1690421), np.float32(0.99311864), np.float32(0.9118248), np.float32(0.8546904), np.float32(0.87189126), np.float32(0.9487294), np.float32(0.78471357), np.float32(1.0612408), np.float32(0.95702136), np.float32(1.0237987), np.float32(0.90297306), np.float32(0.9956423), np.float32(0.83302796), np.float32(0.91102993), np.float32(0.9968), np.float32(0.8202265), np.float32(1.1434047), np.float32(0.8043356), np.float32(0.97374916)]"
2018-02-21 09:59:00+00:00,15.938705,0,LOEO,19,"[np.float32(-0.8972215), np.float32(-12.835754), np.float32(-91.3993), np.float32(-40.07476), np.float32(-1.7928448), np.float32(15.755318), np.float32(-71.94594), np.float32(-133.37209), np.float32(25.171663), np.float32(0.5645788), np.float32(2.613581), np.float32(-11.801703), np.float32(0.58001804), np.float32(-3.5250611), np.float32(-5.4179034), np.float32(-7.555325), np.float32(6.2666664), np.float32(2.3497665), np.float32(-1.4226468), np.float32(-10.040925), np.float32(12.875273), np.float32(-16.398773), np.float32(1.4000326), np.float32(8.295257), np.float32(1.6062448), np.float32(-2.5198693), np.float32(9.713933), np.float32(-1.7888395), np.float32(0.9923331), np.float32(2.0808287), np.float32(-4.776053), np.float32(1.7936064)]","[np.float32(0.28580996), np.float32(0.094834656), np.float32(-0.20794427), np.float32(-0.036171764), np.float32(-0.24904579), np.float32(-0.26017246), np.float32(-0.0022846423), np.float32(-0.18701778), np.float32(0.1424644), np.float32(0.051949594), np.float32(-0.056436688), np.float32(0.054366697), np.float32(-0.10104177), np.float32(-0.13879922), np.float32(0.03452835), np.float32(-0.005077414), np.float32(-0.020039182), np.float32(-0.10710308), np.float32(0.021775492), np.float32(-0.09762935), np.float32(-0.07139405), np.float32(-0.10115534), np.float32(-0.030486465), np.float32(0.13186654), np.float32(-0.40319097), np.float32(0.11407373), np.float32(0.053701285), np.float32(0.036963344), np.float32(-0.10608459), np.float32(-0.07251217), np.float32(-0.019692024), np.float32(0.031545572)]","[np.float32(0.93326104), np.float32(0.7399798), np.float32(0.86063206), np.float32(0.82629365), np.float32(0.99140674), np.float32(0.6769197), np.float32(1.3021646), np.float32(0.9803963), np.float32(0.7043137), np.float32(0.856754), np.float32(0.881719), np.float32(0.8408929), np.float32(0.8579241), np.float32(1.1111068), np.float32(0.9169328), np.float32(0.99478453), np.float32(0.9017714), np.float32(0.91178447), np.float32(0.94816905), np.float32(0.8457086), np.float32(1.0855652), np.float32(0.9215427), np.float32(0.9952859), np.float32(0.940831), np.float32(0.94478744), np.float32(0.7779762), np.float32(0.94007045), np.float32(0.91685164), np.float32(0.82712924), np.float32(1.1395621), np.float32(0.7797325), np.float32(1.0155754)]"
2018-02-21 09:58:00+00:00,14.473812,0,LOEO,19,"[np.float32(-8.684035), np.float32(-13.510633), np.float32(-24.90696), np.float32(-40.818897), np.float32(-0.23715961), np.float32(17.224483), np.float32(-65.722595), np.float32(-117.788864), np.float32(22.366001), np.float32(0.33511755), np.float32(0.8248538), np.float32(21.912865), np.float32(-0.014704491), np.float32(-6.568737), np.float32(12.502514), np.float32(-20.561337), np.float32(13.21228), np.float32(24.150696), np.float32(1.2040805), np.float32(2.3004184), np.float32(17.549337), np.float32(-6.609294), np.float32(-1.3096485), np.float32(3.8990097), np.float32(2.632371), np.float32(0.45711595), np.float32(6.897808), np.float32(-1.7988608), np.float32(-0.6833481), np.float32(0.8405419), np.float32(-5.560224), np.float32(0.35685903)]","[np.float32(0.26679447), np.float32(0.0984596), np.float32(-0.20869622), np.float32(-0.01458949), np.float32(-0.33873242), np.float32(-0.12005494), np.float32(-0.09011011), np.float32(-0.105659515), np.float32(0.12109864), np.float32(0.21115479), np.float32(-0.09604105), np.float32(0.091108836), np.float32(-0.12538186), np.float32(-0.081158325), np.float32(-0.039666235), np.float32(0.025380448), np.float32(-0.0030911863), np.float32(-0.08436535), np.float32(-0.11411026), np.float32(-0.004365444), np.float32(-0.078537405), np.float32(-0.1660088), np.float32(-0.032993868), np.float32(0.15494336), np.float32(-0.4209085), np.float32(0.22682983), np.float32(0.043157645), np.float32(0.03924878), np.float32(-0.07298069), np.float32(-0.015005559), np.float32(-0.02717578), np.float32(-0.0015729666)]","[np.float32(0.87442815), np.float32(0.76472354), np.float32(0.8893874), np.float32(0.89686126), np.float32(1.0714517), np.float32(0.68700117), np.float32(1.2901524), np.float32(1.0671749), np.float32(0.6983237), np.float32(0.86573464), np.float32(0.8465887), np.float32(0.83286905), np.float32(0.8910663), np.float32(1.1712832), np.float32(0.98345166), np.float32(0.9311526), np.float32(0.8749415), np.float32(0.87954307), np.float32(0.9694667), np.float32(0.79699737), np.float32(1.0746493), np.float32(0.9397287), np.float32(1.0246352), np.float32(0.92362225), np.float32(0.98520535), np.float32(0.8169695), np.float32(0.90162015), np.float32(0.98971975), np.float32(0.81249), np.float32(1.0994116), np.float32(0.8381771), np.float32(0.96327645)]"
2018-02-21 09:57:00+00:00,16.264977,0,LOEO,19,"[np.float32(-0.64228153), np.float32(-12.39627), np.float32(-91.91373), np.float32(-45.825394), np.float32(-0.84862465), np.float32(8.816919), np.float32(-82.29524), np.float32(-149.87166), np.float32(26.443268), np.float32(-1.5424789), np.float32(3.7492504), np.float32(-4.689149), np.float32(5.121421), np.float32(-15.100851), np.float32(-15.960896), np.float32(1.2999984), np.float32(-3.1942327), np.float32(-2.3120084), np.float32(-2.2676282), np.float32(-6.2409115), np.float32(7.103213), np.float32(-14.530994), np.float32(5.1304226), np.float32(-1.8042579), np.float32(2.5017784), np.float32(-2.794186), np.float32(-0.7412474), np.float32(0.5631199), np.float32(-0.55859023), np.float32(2.4575639), np.float32(1.1513736), np.float32(-0.16433403)]","[np.float32(0.21934557), np.float32(0.03641236), np.float32(-0.16227154), np.float32(-0.019935284), np.float32(-0.16410135), np.float32(-0.21455598), np.float32(0.06805694), np.float32(-0.23881952), np.float32(0.09691238), np.float32(0.057518262), np.float32(-0.023214519), np.float32(0.15843713), np.float32(-0.15869069), np.float32(-0.16983813), np.float32(-0.018227227), np.float32(0.034008488), np.float32(-0.009275328), np.float32(-0.06927796), np.float32(-0.02770557), np.float32(-0.107163444), np.float32(-0.13970938), np.float32(-0.23457012), np.float32(-0.10222259), np.float32(0.1427438), np.float32(-0.38556874), np.float32(0.11113434), np.float32(0.10486938), np.float32(0.0092301145), np.float32(-0.24035129), np.float32(-0.118933514), np.float32(0.027545683), np.float32(0.03375511)]","[np.float32(0.8057901), np.float32(0.7270471), np.float32(0.8337521), np.float32(0.8002987), np.float32(1.0105075), np.float32(0.6964794), np.float32(1.1582327), np.float32(0.96372944), np.float32(0.6900908), np.float32(0.8207411), np.float32(0.84474957), np.float32(0.78989744), np.float32(0.84973305), np.float32(1.0835328), np.float32(0.9204912), np.float32(0.92744404), np.float32(0.8369538), np.float32(0.83494693), np.float32(0.90087014), np.float32(0.80043685), np.float32(0.9972436), np.float32(0.89313316), np.float32(0.96864814), np.float32(0.9066814), np.float32(0.92272687), np.float32(0.7509808), np.float32(0.85751885), np.float32(0.92384577), np.float32(0.81426746), np.float32(1.069742), np.float32(0.8076535), np.float32(0.9196388)]"
2018-02-21 10:10:00+00:00,12710.633,1,LOEO,20,"[np.float32(-265.62683), np.float32(22176.168), np.float32(-12.631258), np.float32(-2282.6973), np.float32(-6429.4775), np.float32(3146.12), np.float32(5964.7773), np.float32(-9486.591), np.float32(-32143.344), np.float32(-2966.1675), np.float32(45327.277), np.float32(1912.0853), np.float32(9456.997), np.float32(1255.8607), np.float32(5969.5156), np.float32(3923.0867), np.float32(2254.0044), np.float32(-28296.312), np.float32(14461.172), np.float32(35414.96), np.float32(21863.875), np.float32(-1220.3429), np.float32(21327.814), np.float32(-24798.28), np.float32(24064.232), np.float32(3457.355), np.float32(38626.953), np.float32(492.1694), np.float32(7998.1445), np.float32(16067.314), np.float32(-3617.7085), np.float32(10062.182)]","[np.float32(-0.22062448), np.float32(-0.111720085), np.float32(-0.005860433), np.float32(-0.086420536), np.float32(-0.29503334), np.float32(0.018299635), np.float32(-0.26706237), np.float32(-0.117268465), np.float32(-0.21805903), np.float32(-0.008422889), np.float32(0.31251445), np.float32(0.15956375), np.float32(-0.14086223), np.float32(-0.486391), np.float32(0.07460078), np.float32(-0.15983588), np.float32(0.18576051), np.float32(0.07205948), np.float32(0.26547858), np.float32(0.26747072), np.float32(-0.013785675), np.float32(0.005081244), np.float32(-0.06940377), np.float32(0.032446824), np.float32(0.093128115), np.float32(0.31930512), np.float32(-0.13383266), np.float32(-0.14723673), np.float32(-0.15581438), np.float32(0.16795567), np.float32(0.06622505), np.float32(0.04358837)]","[np.float32(0.8367598), np.float32(0.76352125), np.float32(0.8411183), np.float32(0.8559064), np.float32(0.98273295), np.float32(0.783216), np.float32(1.096468), np.float32(1.0718865), np.float32(0.90891945), np.float32(1.0281492), np.float32(0.9434502), np.float32(1.0083853), np.float32(1.2160603), np.float32(0.806227), np.float32(0.77753425), np.float32(0.8672041), np.float32(1.1010535), np.float32(0.99318796), np.float32(0.97296244), np.float32(0.9361741), np.float32(0.8296933), np.float32(0.84565914), np.float32(0.9833602), np.float32(0.7877627), np.float32(1.0143857), np.float32(1.1246377), np.float32(0.9464877), np.float32(1.0972285), np.float32(1.0001271), np.float32(0.92899704), np.float32(0.77339375), np.float32(0.91494846)]"
2018-02-21 10:02:00+00:00,16.169746,0,LOEO,20,"[np.float32(-0.6593148), np.float32(-12.399181), np.float32(-92.00364), np.float32(-46.999382), np.float32(-0.88267535), np.float32(10.057704), np.float32(-88.691376), np.float32(-145.29782), np.float32(24.91573), np.float32(-1.4715948), np.float32(3.6068027), np.float32(-4.9737473), np.float32(4.9176245), np.float32(-14.451329), np.float32(13.689194), np.float32(-1.9439656), np.float32(-0.7153407), np.float32(-0.49825653), np.float32(-1.4894817), np.float32(-10.434171), np.float32(8.434305), np.float32(-14.942855), np.float32(4.426138), np.float32(1.1730396), np.float32(2.7993014), np.float32(-2.6427827), np.float32(0.16957216), np.float32(0.37996528), np.float32(-0.023722807), np.float32(2.410696), np.float32(0.7168233), np.float32(0.069908425)]","[np.float32(-0.20936532), np.float32(-0.18564749), np.float32(-0.30735105), np.float32(-0.06771943), np.float32(-0.3849859), np.float32(0.018454857), np.float32(0.0026113093), np.float32(-0.51199704), np.float32(-0.06405341), np.float32(-0.21784267), np.float32(0.117904425), np.float32(0.07574294), np.float32(-0.31669065), np.float32(-0.4382574), np.float32(-0.024809368), np.float32(-0.07117813), np.float32(0.30478966), np.float32(0.18203473), np.float32(0.14292115), np.float32(0.14874128), np.float32(-0.16419497), np.float32(-0.0493256), np.float32(-0.04676998), np.float32(-0.007562071), np.float32(0.1326895), np.float32(0.22585225), np.float32(-0.19337185), np.float32(-0.04839), np.float32(-0.112806424), np.float32(0.045106642), np.float32(0.17187801), np.float32(0.20006329)]","[np.float32(0.94346106), np.float32(0.8003588), np.float32(0.8969782), np.float32(0.86101204), np.float32(0.8582643), np.float32(0.7257295), np.float32(1.1187538), np.float32(0.96560955), np.float32(0.912831), np.float32(0.75746804), np.float32(0.8060203), np.float32(0.7900932), np.float32(1.0375173), np.float32(0.7543521), np.float32(0.8246394), np.float32(0.79371136), np.float32(1.006377), np.float32(0.94798297), np.float32(0.8554774), np.float32(0.71803635), np.float32(0.8260344), np.float32(0.785808), np.float32(1.0435325), np.float32(0.94146985), np.float32(0.8496797), np.float32(1.0319401), np.float32(0.8480604), np.float32(1.0379539), np.float32(1.0288734), np.float32(0.8153369), np.float32(0.7252939), np.float32(0.86177534)]"
2018-02-21 10:01:00+00:00,16.171555,0,LOEO,20,"[np.float32(-0.6539692), np.float32(-12.399381), np.float32(-92.02614), np.float32(-47.03878), np.float32(-0.8756232), np.float32(10.071357), np.float32(-88.786125), np.float32(-145.44994), np.float32(24.950933), np.float32(-1.4926978), np.float32(3.613515), np.float32(-4.8934703), np.float32(4.9436274), np.float32(-14.517058), np.float32(13.778791), np.float32(-1.87773), np.float32(-0.8263029), np.float32(-0.5159984), np.float32(-1.5598574), np.float32(-10.265585), np.float32(8.34958), np.float32(-14.915883), np.float32(4.7317476), np.float32(0.7766562), np.float32(2.6124923), np.float32(-2.63326), np.float32(-0.24571174), np.float32(0.48469585), np.float32(-0.28845394), np.float32(2.430591), np.float32(0.9385861), np.float32(-0.06310148)]","[np.float32(-0.2618272), np.float32(-0.06265198), np.float32(-0.22191647), np.float32(-0.13713324), np.float32(-0.27034378), np.float32(0.07509756), np.float32(-0.075475864), np.float32(-0.40885487), np.float32(-0.004678832), np.float32(-0.18715538), np.float32(0.0797199), np.float32(0.021630704), np.float32(-0.25573915), np.float32(-0.3919875), np.float32(0.12855184), np.float32(-0.073147476), np.float32(0.2754726), np.float32(0.08045629), np.float32(0.2225331), np.float32(0.1250848), np.float32(-0.10471805), np.float32(0.048268236), np.float32(0.038634457), np.float32(0.014454283), np.float32(0.0590768), np.float32(0.13699111), np.float32(-0.14898688), np.float32(-0.023544416), np.float32(-0.05548636), np.float32(0.08800279), np.float32(0.16487652), np.float32(0.12640442)]","[np.float32(0.92214704), np.float32(0.74035573), np.float32(0.8282913), np.float32(0.859277), np.float32(0.84512377), np.float32(0.7336491), np.float32(1.1010576), np.float32(0.9413721), np.float32(0.87007236), np.float32(0.7431372), np.float32(0.80657834), np.float32(0.81616634), np.float32(1.0172391), np.float32(0.74786764), np.float32(0.7915626), np.float32(0.7681424), np.float32(0.96144927), np.float32(0.9294293), np.float32(0.8416698), np.float32(0.7487893), np.float32(0.83752245), np.float32(0.7800139), np.float32(0.96802574), np.float32(0.83794963), np.float32(0.8738077), np.float32(1.041037), np.float32(0.86195433), np.float32(0.93381524), np.float32(1.0636092), np.float32(0.84028196), np.float32(0.7176781), np.float32(0.8688389)]"
2018-02-21 10:00:00+00:00,14.470937,0,LOEO,20,"[np.float32(-8.584693), np.float32(-13.20879), np.float32(-25.563938), np.float32(-42.842285), np.float32(-0.17729102), np.float32(19.421389), np.float32(-74.836586), np.float32(-120.77539), np.float32(21.678318), np.float32(-0.79682535), np.float32(1.1288475), np.float32(24.470697), np.float32(1.2238386), np.float32(-9.549296), np.float32(-13.948248), np.float32(-14.753425), np.float32(8.073736), np.float32(22.583363), np.float32(0.11648758), np.float32(0.1897402), np.float32(14.879312), np.float32(-5.3862934), np.float32(4.3108077), np.float32(-4.710663), np.float32(0.07728079), np.float32(0.2887346), np.float32(-2.791695), np.float32(1.0103683), np.float32(-4.7887826), np.float32(0.91982406), np.float32(-0.03412972), np.float32(-2.355524)]","[np.float32(-0.1963742), np.float32(-0.1847978), np.float32(-0.2924826), np.float32(-0.045992203), np.float32(-0.3656691), np.float32(-0.06702347), np.float32(0.052248344), np.float32(-0.51212585), np.float32(-0.079192124), np.float32(-0.26058087), np.float32(0.09081384), np.float32(0.06575993), np.float32(-0.33792078), np.float32(-0.42769647), np.float32(-0.036860786), np.float32(-0.07453269), np.float32(0.2792984), np.float32(0.14965849), np.float32(0.11515893), np.float32(0.1529185), np.float32(-0.14016023), np.float32(-0.06186217), np.float32(-0.038206156), np.float32(-0.016427219), np.float32(0.13203925), np.float32(0.1936597), np.float32(-0.16878833), np.float32(-0.06226549), np.float32(-0.09215123), np.float32(0.055609442), np.float32(0.10772499), np.float32(0.19361727)]","[np.float32(0.93007517), np.float32(0.775168), np.float32(0.86359334), np.float32(0.8712637), np.float32(0.8567364), np.float32(0.74104327), np.float32(1.1282495), np.float32(0.9802842), np.float32(0.8790721), np.float32(0.7474808), np.float32(0.80846065), np.float32(0.77943707), np.float32(1.029787), np.float32(0.7407896), np.float32(0.84588957), np.float32(0.79589564), np.float32(0.97023803), np.float32(0.9749167), np.float32(0.8539151), np.float32(0.71264344), np.float32(0.8374352), np.float32(0.80266607), np.float32(1.0261223), np.float32(0.92861533), np.float32(0.8573347), np.float32(1.0428715), np.float32(0.86004734), np.float32(1.030318), np.float32(1.0588316), np.float32(0.8256058), np.float32(0.72309947), np.float32(0.85903317)]"
2018-02-21 09:59:00+00:00,16.020384,0,LOEO,20,"[np.float32(-0.90328676), np.float32(-12.838683), np.float32(-91.505684), np.float32(-41.16117), np.float32(-1.8096079), np.float32(16.865103), np.float32(-77.66583), np.float32(-129.45207), np.float32(23.828484), np.float32(0.59015757), np.float32(2.4817038), np.float32(-11.927599), np.float32(0.23171927), np.float32(-2.1538124), np.float32(2.6766582), np.float32(-9.809312), np.float32(7.2574806), np.float32(3.7698386), np.float32(-0.8236133), np.float32(-14.617909), np.float32(10.979426), np.float32(-14.756608), np.float32(-2.783163), np.float32(8.529245), np.float32(1.4592804), np.float32(-2.1940057), np.float32(9.716623), np.float32(-1.8950619), np.float32(0.6454284), np.float32(2.0955722), np.float32(-4.897253), np.float32(1.8487059)]","[np.float32(-0.2232823), np.float32(-0.041064218), np.float32(-0.23109215), np.float32(-0.14412007), np.float32(-0.28655344), np.float32(0.0804089), np.float32(-0.0895508), np.float32(-0.40440324), np.float32(-0.014467727), np.float32(-0.18706092), np.float32(0.10938364), np.float32(0.012019992), np.float32(-0.27352452), np.float32(-0.38126463), np.float32(0.10225514), np.float32(-0.08740205), np.float32(0.28246725), np.float32(0.10337883), np.float32(0.1841685), np.float32(0.12846425), np.float32(-0.07145721), np.float32(0.059425153), np.float32(-0.0068540424), np.float32(0.01589872), np.float32(0.09569596), np.float32(0.17360765), np.float32(-0.15825278), np.float32(-0.06140233), np.float32(-0.055472106), np.float32(0.08741083), np.float32(0.1503787), np.float32(0.15224403)]","[np.float32(0.93162316), np.float32(0.7563845), np.float32(0.8410001), np.float32(0.86604005), np.float32(0.84042346), np.float32(0.7376144), np.float32(1.121801), np.float32(0.9433104), np.float32(0.86447763), np.float32(0.7480557), np.float32(0.80211633), np.float32(0.8112386), np.float32(1.0152833), np.float32(0.7607908), np.float32(0.80794436), np.float32(0.78521323), np.float32(0.9844671), np.float32(0.94624996), np.float32(0.83188695), np.float32(0.7468564), np.float32(0.8318434), np.float32(0.7801255), np.float32(0.97450715), np.float32(0.8509971), np.float32(0.87914544), np.float32(1.045682), np.float32(0.8595088), np.float32(0.94734716), np.float32(1.0697685), np.float32(0.8489051), np.float32(0.70775795), np.float32(0.88170135)]"
2018-02-21 09:58:00+00:00,14.519234,0,LOEO,20,"[np.float32(-8.690023), np.float32(-13.512719), np.float32(-24.99151), np.float32(-41.778187), np.float32(-0.25074938), np.float32(18.214945), np.float32(-70.671265), np.float32(-114.07607), np.float32(21.13473), np.float32(0.359408), np.float32(0.69655925), np.float32(21.776299), np.float32(-0.5147256), np.float32(-3.8180332), np.float32(-16.96238), np.float32(-21.468203), np.float32(12.734768), np.float32(24.793816), np.float32(1.3680766), np.float32(-2.593758), np.float32(16.166613), np.float32(-3.7588665), np.float32(-3.684034), np.float32(3.453877), np.float32(2.368015), np.float32(0.9118581), np.float32(6.908676), np.float32(-1.8563979), np.float32(-1.1252711), np.float32(0.85091823), np.float32(-5.705672), np.float32(0.43867144)]","[np.float32(-0.20789772), np.float32(-0.2078757), np.float32(-0.28311408), np.float32(-0.054742534), np.float32(-0.37316412), np.float32(-0.0049487576), np.float32(0.041110482), np.float32(-0.51776063), np.float32(-0.038628254), np.float32(-0.20620263), np.float32(0.08904199), np.float32(0.07420513), np.float32(-0.35272235), np.float32(-0.4179845), np.float32(-0.04826329), np.float32(-0.0573222), np.float32(0.29926404), np.float32(0.18798168), np.float32(0.107099056), np.float32(0.11635568), np.float32(-0.16847515), np.float32(-0.0753513), np.float32(-0.068436526), np.float32(0.019112855), np.float32(0.13208428), np.float32(0.20681842), np.float32(-0.1722317), np.float32(0.0021054968), np.float32(-0.15097126), np.float32(0.040037647), np.float32(0.17404866), np.float32(0.21732946)]","[np.float32(0.91639155), np.float32(0.78978467), np.float32(0.868225), np.float32(0.8697922), np.float32(0.86459213), np.float32(0.712656), np.float32(1.1261606), np.float32(0.9737021), np.float32(0.9105674), np.float32(0.7555745), np.float32(0.8168023), np.float32(0.78257406), np.float32(1.0361764), np.float32(0.74553996), np.float32(0.8132222), np.float32(0.7828631), np.float32(0.9782167), np.float32(0.9809932), np.float32(0.83503956), np.float32(0.7167516), np.float32(0.8154658), np.float32(0.8060342), np.float32(1.0375508), np.float32(0.9393272), np.float32(0.84338415), np.float32(1.0195514), np.float32(0.8425786), np.float32(1.0485204), np.float32(1.0352756), np.float32(0.81739855), np.float32(0.72787434), np.float32(0.8502776)]"
2018-02-21 10:29:00+00:00,12832.344,1,LOEO,21,"[np.float32(-241.07909), np.float32(20732.393), np.float32(-26.20909), np.float32(-2000.4902), np.float32(-5855.3564), np.float32(3103.5034), np.float32(6134.9326), np.float32(-9750.349), np.float32(-31791.252), np.float32(-2678.6057), np.float32(42310.96), np.float32(1970.6539), np.float32(10371.753), np.float32(1220.5687), np.float32(6238.469), np.float32(4088.3025), np.float32(2370.3044), np.float32(-29452.02), np.float32(15698.694), np.float32(36957.83), np.float32(22900.777), np.float32(-1220.9001), np.float32(21767.984), np.float32(-25182.36), np.float32(24480.152), np.float32(3143.6968), np.float32(39801.332), np.float32(629.63293), np.float32(8028.8564), np.float32(16562.744), np.float32(-3759.3171), np.float32(10163.3545)]","[np.float32(-0.10877465), np.float32(-0.25621748), np.float32(0.18887842), np.float32(0.20567013), np.float32(-0.16289747), np.float32(-0.22469148), np.float32(-0.012218682), np.float32(-0.15291741), np.float32(0.012052603), np.float32(-0.2482553), np.float32(-0.007921239), np.float32(-0.08938019), np.float32(-0.20373814), np.float32(0.018580064), np.float32(0.2218829), np.float32(-0.021160588), np.float32(0.15487522), np.float32(-0.28173283), np.float32(-0.07203325), np.float32(-0.11107466), np.float32(0.1339837), np.float32(0.250449), np.float32(0.14847553), np.float32(0.15975508), np.float32(0.168798), np.float32(0.08898617), np.float32(0.055566125), np.float32(0.117105834), np.float32(0.0074896924), np.float32(-0.11915158), np.float32(0.17019394), np.float32(-0.12504287)]","[np.float32(0.82465523), np.float32(0.78861773), np.float32(0.8916132), np.float32(0.9500908), np.float32(0.8305471), np.float32(0.9310434), np.float32(0.9498639), np.float32(0.8945308), np.float32(0.6903231), np.float32(0.8929189), np.float32(0.79666716), np.float32(0.9129403), np.float32(0.90728015), np.float32(0.7954035), np.float32(0.96128905), np.float32(0.7089023), np.float32(0.9512039), np.float32(0.7782031), np.float32(0.8505496), np.float32(0.9022112), np.float32(1.0116693), np.float32(0.9440358), np.float32(0.94413686), np.float32(0.9755114), np.float32(0.8680204), np.float32(0.9053237), np.float32(1.2126411), np.float32(1.0125699), np.float32(1.0769668), np.float32(0.8308027), np.float32(0.78101385), np.float32(0.97150624)]"
2018-02-21 10:02:00+00:00,16.12416,0,LOEO,21,"[np.float32(-0.6593148), np.float32(-12.399181), np.float32(-92.00364), np.float32(-46.999382), np.float32(-0.88267535), np.float32(10.057704), np.float32(-88.691376), np.float32(-145.29782), np.float32(24.91573), np.float32(-1.4715948), np.float32(3.6068027), np.float32(-4.9737473), np.float32(4.9176245), np.float32(-14.451329), np.float32(13.689194), np.float32(-1.9439656), np.float32(-0.7153407), np.float32(-0.49825653), np.float32(-1.4894817), np.float32(-10.434171), np.float32(8.434305), np.float32(-14.942855), np.float32(4.426138), np.float32(1.1730396), np.float32(2.7993014), np.float32(-2.6427827), np.float32(0.16957216), np.float32(0.37996528), np.float32(-0.023722807), np.float32(2.410696), np.float32(0.7168233), np.float32(0.069908425)]","[np.float32(-0.03637116), np.float32(-0.32416618), np.float32(-0.27999628), np.float32(-0.048489198), np.float32(-0.38998502), np.float32(-0.06461605), np.float32(0.20283139), np.float32(-0.42237324), np.float32(0.2661222), np.float32(-0.053656697), np.float32(-0.07425078), np.float32(-0.03539266), np.float32(-0.12534948), np.float32(0.24458446), np.float32(0.21048209), np.float32(-0.06451122), np.float32(0.049854502), np.float32(-0.2711866), np.float32(-0.15580241), np.float32(-0.07326477), np.float32(0.15508172), np.float32(0.055599667), np.float32(0.25403872), np.float32(0.18812951), np.float32(0.18352604), np.float32(0.20111364), np.float32(-0.04081983), np.float32(-0.2484158), np.float32(-0.009150282), np.float32(0.2900585), np.float32(0.117322885), np.float32(-0.20737195)]","[np.float32(0.7128124), np.float32(0.78827363), np.float32(1.0316323), np.float32(0.9513454), np.float32(0.7590942), np.float32(0.9559077), np.float32(0.9655444), np.float32(0.93456745), np.float32(0.9008816), np.float32(0.91073966), np.float32(0.93095165), np.float32(0.94144696), np.float32(0.9559759), np.float32(0.7945882), np.float32(1.0099248), np.float32(0.8235829), np.float32(1.0783974), np.float32(0.87301254), np.float32(1.00932), np.float32(0.8853293), np.float32(0.88007236), np.float32(1.0296904), np.float32(1.0568233), np.float32(0.8242857), np.float32(0.87834424), np.float32(0.8483432), np.float32(1.053969), np.float32(1.0510826), np.float32(0.9758823), np.float32(0.8947637), np.float32(0.9200637), np.float32(0.907105)]"
2018-02-21 10:01:00+00:00,16.140118,0,LOEO,21,"[np.float32(-0.6539692), np.float32(-12.399381), np.float32(-92.02614), np.float32(-47.03878), np.float32(-0.8756232), np.float32(10.071357), np.float32(-88.786125), np.float32(-145.44994), np.float32(24.950933), np.float32(-1.4926978), np.float32(3.613515), np.float32(-4.8934703), np.float32(4.9436274), np.float32(-14.517058), np.float32(13.778791), np.float32(-1.87773), np.float32(-0.8263029), np.float32(-0.5159984), np.float32(-1.5598574), np.float32(-10.265585), np.float32(8.34958), np.float32(-14.915883), np.float32(4.7317476), np.float32(0.7766562), np.float32(2.6124923), np.float32(-2.63326), np.float32(-0.24571174), np.float32(0.48469585), np.float32(-0.28845394), np.float32(2.430591), np.float32(0.9385861), np.float32(-0.06310148)]","[np.float32(-0.03177922), np.float32(-0.29775354), np.float32(-0.26508728), np.float32(-0.05620742), np.float32(-0.2257416), np.float32(-0.20432396), np.float32(0.12700626), np.float32(-0.53545296), np.float32(0.2989194), np.float32(-0.083408564), np.float32(0.0008898083), np.float32(-0.06334914), np.float32(-0.06941205), np.float32(0.22721562), np.float32(0.06475596), np.float32(-0.11176561), np.float32(0.084093176), np.float32(-0.31370017), np.float32(-0.1762087), np.float32(-0.06487116), np.float32(0.22678298), np.float32(0.20767108), np.float32(0.27043033), np.float32(0.3521029), np.float32(0.12437358), np.float32(0.14068481), np.float32(0.111177206), np.float32(-0.36304277), np.float32(-0.05409418), np.float32(0.2869931), np.float32(0.16707323), np.float32(-0.13945913)]","[np.float32(0.6814719), np.float32(0.76168793), np.float32(1.011765), np.float32(0.92199457), np.float32(0.7226688), np.float32(0.88160634), np.float32(0.8185679), np.float32(0.846938), np.float32(0.9345172), np.float32(0.8883731), np.float32(0.83763707), np.float32(0.8479053), np.float32(0.942158), np.float32(0.7745149), np.float32(0.9250603), np.float32(0.81261176), np.float32(1.0239301), np.float32(0.8230482), np.float32(0.9570014), np.float32(0.87408406), np.float32(0.77301574), np.float32(0.9904376), np.float32(0.98818), np.float32(0.83619994), np.float32(0.889882), np.float32(0.8362491), np.float32(1.0384688), np.float32(0.9993455), np.float32(0.9022335), np.float32(0.8703968), np.float32(0.83256173), np.float32(0.9113684)]"
2018-02-21 10:00:00+00:00,14.532734,0,LOEO,21,"[np.float32(-8.584693), np.float32(-13.20879), np.float32(-25.563938), np.float32(-42.842285), np.float32(-0.17729102), np.float32(19.421389), np.float32(-74.836586), np.float32(-120.77539), np.float32(21.678318), np.float32(-0.79682535), np.float32(1.1288475), np.float32(24.470697), np.float32(1.2238386), np.float32(-9.549296), np.float32(-13.948248), np.float32(-14.753425), np.float32(8.073736), np.float32(22.583363), np.float32(0.11648758), np.float32(0.1897402), np.float32(14.879312), np.float32(-5.3862934), np.float32(4.3108077), np.float32(-4.710663), np.float32(0.07728079), np.float32(0.2887346), np.float32(-2.791695), np.float32(1.0103683), np.float32(-4.7887826), np.float32(0.91982406), np.float32(-0.03412972), np.float32(-2.355524)]","[np.float32(-0.0134231895), np.float32(-0.2572312), np.float32(-0.23903514), np.float32(0.008107691), np.float32(-0.3110909), np.float32(-0.12374525), np.float32(0.15440692), np.float32(-0.39579162), np.float32(0.23926046), np.float32(-0.029618144), np.float32(-0.04933303), np.float32(-0.059069585), np.float32(-0.062440712), np.float32(0.23578529), np.float32(0.14951777), np.float32(-0.088309884), np.float32(0.028874006), np.float32(-0.25570062), np.float32(-0.14183217), np.float32(-0.012048399), np.float32(0.15597999), np.float32(0.07627635), np.float32(0.2213829), np.float32(0.20482811), np.float32(0.16263887), np.float32(0.21034417), np.float32(-0.023648405), np.float32(-0.28638282), np.float32(0.004165683), np.float32(0.27494007), np.float32(0.10895074), np.float32(-0.1484246)]","[np.float32(0.7203506), np.float32(0.76662344), np.float32(0.9984605), np.float32(0.9584142), np.float32(0.7399093), np.float32(0.9038367), np.float32(0.8981554), np.float32(0.9064159), np.float32(0.9002219), np.float32(0.8673354), np.float32(0.8932425), np.float32(0.9159406), np.float32(0.9745372), np.float32(0.7967599), np.float32(0.97460085), np.float32(0.85004944), np.float32(1.0748682), np.float32(0.8474076), np.float32(0.97138613), np.float32(0.8731199), np.float32(0.8520826), np.float32(1.017155), np.float32(1.0149219), np.float32(0.82550246), np.float32(0.8573261), np.float32(0.8399588), np.float32(1.0449455), np.float32(1.0004606), np.float32(0.93584144), np.float32(0.8625193), np.float32(0.9102999), np.float32(0.88035715)]"
2018-02-21 09:59:00+00:00,16.01827,0,LOEO,21,"[np.float32(-0.90328676), np.float32(-12.838683), np.float32(-91.505684), np.float32(-41.16117), np.float32(-1.8096079), np.float32(16.865103), np.float32(-77.66583), np.float32(-129.45207), np.float32(23.828484), np.float32(0.59015757), np.float32(2.4817038), np.float32(-11.927599), np.float32(0.23171927), np.float32(-2.1538124), np.float32(2.6766582), np.float32(-9.809312), np.float32(7.2574806), np.float32(3.7698386), np.float32(-0.8236133), np.float32(-14.617909), np.float32(10.979426), np.float32(-14.756608), np.float32(-2.783163), np.float32(8.529245), np.float32(1.4592804), np.float32(-2.1940057), np.float32(9.716623), np.float32(-1.8950619), np.float32(0.6454284), np.float32(2.0955722), np.float32(-4.897253), np.float32(1.8487059)]","[np.float32(-0.027396083), np.float32(-0.24341507), np.float32(-0.27659565), np.float32(-0.04906363), np.float32(-0.2532733), np.float32(-0.20019518), np.float32(0.117932975), np.float32(-0.47875988), np.float32(0.30613118), np.float32(-0.072561845), np.float32(-0.002249634), np.float32(-0.07693188), np.float32(-0.066353716), np.float32(0.23059623), np.float32(0.050749075), np.float32(-0.119616434), np.float32(0.0390435), np.float32(-0.30987772), np.float32(-0.19574845), np.float32(-0.03725964), np.float32(0.23134553), np.float32(0.18359709), np.float32(0.28808084), np.float32(0.3227351), np.float32(0.14213441), np.float32(0.15914005), np.float32(0.102281354), np.float32(-0.35913664), np.float32(-0.065856755), np.float32(0.26624042), np.float32(0.1755035), np.float32(-0.120448254)]","[np.float32(0.68521196), np.float32(0.74367064), np.float32(1.0112187), np.float32(0.93950236), np.float32(0.71767926), np.float32(0.86638236), np.float32(0.8110109), np.float32(0.8395787), np.float32(0.92366886), np.float32(0.87210524), np.float32(0.8318053), np.float32(0.8774674), np.float32(0.9482755), np.float32(0.77545995), np.float32(0.93450165), np.float32(0.8111641), np.float32(1.0287235), np.float32(0.8296428), np.float32(0.9647263), np.float32(0.8613682), np.float32(0.79247147), np.float32(1.0096773), np.float32(0.9940199), np.float32(0.85542804), np.float32(0.8640411), np.float32(0.85522604), np.float32(1.0518744), np.float32(0.9883875), np.float32(0.90062445), np.float32(0.8394065), np.float32(0.8344053), np.float32(0.88948375)]"
2018-02-21 09:58:00+00:00,14.581107,0,LOEO,21,"[np.float32(-8.690023), np.float32(-13.512719), np.float32(-24.99151), np.float32(-41.778187), np.float32(-0.25074938), np.float32(18.214945), np.float32(-70.671265), np.float32(-114.07607), np.float32(21.13473), np.float32(0.359408), np.float32(0.69655925), np.float32(21.776299), np.float32(-0.5147256), np.float32(-3.8180332), np.float32(-16.96238), np.float32(-21.468203), np.float32(12.734768), np.float32(24.793816), np.float32(1.3680766), np.float32(-2.593758), np.float32(16.166613), np.float32(-3.7588665), np.float32(-3.684034), np.float32(3.453877), np.float32(2.368015), np.float32(0.9118581), np.float32(6.908676), np.float32(-1.8563979), np.float32(-1.1252711), np.float32(0.85091823), np.float32(-5.705672), np.float32(0.43867144)]","[np.float32(-0.025164027), np.float32(-0.3092581), np.float32(-0.26770186), np.float32(-0.054035082), np.float32(-0.370197), np.float32(-0.050351724), np.float32(0.18625525), np.float32(-0.37655878), np.float32(0.23157248), np.float32(-0.047354862), np.float32(-0.06671979), np.float32(-0.07692434), np.float32(-0.13279411), np.float32(0.21561012), np.float32(0.20139), np.float32(-0.0367134), np.float32(0.025753923), np.float32(-0.26102993), np.float32(-0.102525584), np.float32(-0.03994322), np.float32(0.12873138), np.float32(0.045895457), np.float32(0.24185811), np.float32(0.16405126), np.float32(0.18803352), np.float32(0.23082834), np.float32(-0.03672652), np.float32(-0.2399466), np.float32(0.0037849434), np.float32(0.2821454), np.float32(0.11643607), np.float32(-0.17197809)]","[np.float32(0.7319002), np.float32(0.7827414), np.float32(1.0155352), np.float32(0.98376906), np.float32(0.75550985), np.float32(0.9605403), np.float32(0.9726125), np.float32(0.9399961), np.float32(0.8925057), np.float32(0.9184617), np.float32(0.94011855), np.float32(0.9501613), np.float32(0.97301656), np.float32(0.8037417), np.float32(1.0450853), np.float32(0.853925), np.float32(1.1156015), np.float32(0.86939627), np.float32(0.9919092), np.float32(0.88647515), np.float32(0.89083445), np.float32(1.0720117), np.float32(1.0901736), np.float32(0.8305624), np.float32(0.8752043), np.float32(0.84202325), np.float32(1.0764577), np.float32(1.0455278), np.float32(0.99120677), np.float32(0.8897445), np.float32(0.92478776), np.float32(0.89581305)]"
2018-02-21 10:31:00+00:00,12912.677,1,LOEO,22,"[np.float32(-250.37943), np.float32(21182.53), np.float32(-7.2893147), np.float32(-2058.4263), np.float32(-6001.1367), np.float32(3123.7742), np.float32(6216.995), np.float32(-9669.634), np.float32(-32080.863), np.float32(-2781.556), np.float32(43232.777), np.float32(1943.85), np.float32(10292.38), np.float32(1213.6187), np.float32(6249.2344), np.float32(4144.3174), np.float32(2347.3022), np.float32(-29470.17), np.float32(15622.996), np.float32(36938.805), np.float32(22858.27), np.float32(-1252.0552), np.float32(21887.82), np.float32(-25341.77), np.float32(24597.127), np.float32(3197.971), np.float32(39966.562), np.float32(610.983), np.float32(8055.977), np.float32(16631.297), np.float32(-3770.8784), np.float32(10206.766)]","[np.float32(-0.109540835), np.float32(-0.25641418), np.float32(0.18729651), np.float32(0.2041789), np.float32(-0.16275007), np.float32(-0.22481146), np.float32(-0.013383696), np.float32(-0.15328139), np.float32(0.013070703), np.float32(-0.24944498), np.float32(-0.008432994), np.float32(-0.09014203), np.float32(-0.2028563), np.float32(0.01780309), np.float32(0.22082862), np.float32(-0.019517154), np.float32(0.15566367), np.float32(-0.2830214), np.float32(-0.07208264), np.float32(-0.11105142), np.float32(0.13442239), np.float32(0.24856606), np.float32(0.14769572), np.float32(0.15981458), np.float32(0.16943447), np.float32(0.089896664), np.float32(0.057053946), np.float32(0.11611786), np.float32(0.007944297), np.float32(-0.12008099), np.float32(0.17007366), np.float32(-0.123679034)]","[np.float32(0.8248487), np.float32(0.78887975), np.float32(0.89306223), np.float32(0.9506058), np.float32(0.8309876), np.float32(0.9319956), np.float32(0.9519114), np.float32(0.8947831), np.float32(0.69021755), np.float32(0.893337), np.float32(0.7963178), np.float32(0.91335386), np.float32(0.9083924), np.float32(0.79636514), np.float32(0.9624062), np.float32(0.70910394), np.float32(0.95225376), np.float32(0.77936155), np.float32(0.8508212), np.float32(0.9034433), np.float32(1.0136317), np.float32(0.94407547), np.float32(0.945315), np.float32(0.9769095), np.float32(0.86908805), np.float32(0.90604216), np.float32(1.2148302), np.float32(1.0137556), np.float32(1.077461), np.float32(0.83116364), np.float32(0.7809036), np.float32(0.97285634)]"
2018-02-21 10:02:00+00:00,16.12416,0,LOEO,22,"[np.float32(-0.6593148), np.float32(-12.399181), np.float32(-92.00364), np.float32(-46.999382), np.float32(-0.88267535), np.float32(10.057704), np.float32(-88.691376), np.float32(-145.29782), np.float32(24.91573), np.float32(-1.4715948), np.float32(3.6068027), np.float32(-4.9737473), np.float32(4.9176245), np.float32(-14.451329), np.float32(13.689194), np.float32(-1.9439656), np.float32(-0.7153407), np.float32(-0.49825653), np.float32(-1.4894817), np.float32(-10.434171), np.float32(8.434305), np.float32(-14.942855), np.float32(4.426138), np.float32(1.1730396), np.float32(2.7993014), np.float32(-2.6427827), np.float32(0.16957216), np.float32(0.37996528), np.float32(-0.023722807), np.float32(2.410696), np.float32(0.7168233), np.float32(0.069908425)]","[np.float32(-0.03637116), np.float32(-0.32416618), np.float32(-0.27999628), np.float32(-0.048489198), np.float32(-0.38998502), np.float32(-0.06461605), np.float32(0.20283139), np.float32(-0.42237324), np.float32(0.2661222), np.float32(-0.053656697), np.float32(-0.07425078), np.float32(-0.03539266), np.float32(-0.12534948), np.float32(0.24458446), np.float32(0.21048209), np.float32(-0.06451122), np.float32(0.049854502), np.float32(-0.2711866), np.float32(-0.15580241), np.float32(-0.07326477), np.float32(0.15508172), np.float32(0.055599667), np.float32(0.25403872), np.float32(0.18812951), np.float32(0.18352604), np.float32(0.20111364), np.float32(-0.04081983), np.float32(-0.2484158), np.float32(-0.009150282), np.float32(0.2900585), np.float32(0.117322885), np.float32(-0.20737195)]","[np.float32(0.7128124), np.float32(0.78827363), np.float32(1.0316323), np.float32(0.9513454), np.float32(0.7590942), np.float32(0.9559077), np.float32(0.9655444), np.float32(0.93456745), np.float32(0.9008816), np.float32(0.91073966), np.float32(0.93095165), np.float32(0.94144696), np.float32(0.9559759), np.float32(0.7945882), np.float32(1.0099248), np.float32(0.8235829), np.float32(1.0783974), np.float32(0.87301254), np.float32(1.00932), np.float32(0.8853293), np.float32(0.88007236), np.float32(1.0296904), np.float32(1.0568233), np.float32(0.8242857), np.float32(0.87834424), np.float32(0.8483432), np.float32(1.053969), np.float32(1.0510826), np.float32(0.9758823), np.float32(0.8947637), np.float32(0.9200637), np.float32(0.907105)]"
2018-02-21 10:01:00+00:00,16.140118,0,LOEO,22,"[np.float32(-0.6539692), np.float32(-12.399381), np.float32(-92.02614), np.float32(-47.03878), np.float32(-0.8756232), np.float32(10.071357), np.float32(-88.786125), np.float32(-145.44994), np.float32(24.950933), np.float32(-1.4926978), np.float32(3.613515), np.float32(-4.8934703), np.float32(4.9436274), np.float32(-14.517058), np.float32(13.778791), np.float32(-1.87773), np.float32(-0.8263029), np.float32(-0.5159984), np.float32(-1.5598574), np.float32(-10.265585), np.float32(8.34958), np.float32(-14.915883), np.float32(4.7317476), np.float32(0.7766562), np.float32(2.6124923), np.float32(-2.63326), np.float32(-0.24571174), np.float32(0.48469585), np.float32(-0.28845394), np.float32(2.430591), np.float32(0.9385861), np.float32(-0.06310148)]","[np.float32(-0.03177922), np.float32(-0.29775354), np.float32(-0.26508728), np.float32(-0.05620742), np.float32(-0.2257416), np.float32(-0.20432396), np.float32(0.12700626), np.float32(-0.53545296), np.float32(0.2989194), np.float32(-0.083408564), np.float32(0.0008898083), np.float32(-0.06334914), np.float32(-0.06941205), np.float32(0.22721562), np.float32(0.06475596), np.float32(-0.11176561), np.float32(0.084093176), np.float32(-0.31370017), np.float32(-0.1762087), np.float32(-0.06487116), np.float32(0.22678298), np.float32(0.20767108), np.float32(0.27043033), np.float32(0.3521029), np.float32(0.12437358), np.float32(0.14068481), np.float32(0.111177206), np.float32(-0.36304277), np.float32(-0.05409418), np.float32(0.2869931), np.float32(0.16707323), np.float32(-0.13945913)]","[np.float32(0.6814719), np.float32(0.76168793), np.float32(1.011765), np.float32(0.92199457), np.float32(0.7226688), np.float32(0.88160634), np.float32(0.8185679), np.float32(0.846938), np.float32(0.9345172), np.float32(0.8883731), np.float32(0.83763707), np.float32(0.8479053), np.float32(0.942158), np.float32(0.7745149), np.float32(0.9250603), np.float32(0.81261176), np.float32(1.0239301), np.float32(0.8230482), np.float32(0.9570014), np.float32(0.87408406), np.float32(0.77301574), np.float32(0.9904376), np.float32(0.98818), np.float32(0.83619994), np.float32(0.889882), np.float32(0.8362491), np.float32(1.0384688), np.float32(0.9993455), np.float32(0.9022335), np.float32(0.8703968), np.float32(0.83256173), np.float32(0.9113684)]"
2018-02-21 10:00:00+00:00,14.532734,0,LOEO,22,"[np.float32(-8.584693), np.float32(-13.20879), np.float32(-25.563938), np.float32(-42.842285), np.float32(-0.17729102), np.float32(19.421389), np.float32(-74.836586), np.float32(-120.77539), np.float32(21.678318), np.float32(-0.79682535), np.float32(1.1288475), np.float32(24.470697), np.float32(1.2238386), np.float32(-9.549296), np.float32(-13.948248), np.float32(-14.753425), np.float32(8.073736), np.float32(22.583363), np.float32(0.11648758), np.float32(0.1897402), np.float32(14.879312), np.float32(-5.3862934), np.float32(4.3108077), np.float32(-4.710663), np.float32(0.07728079), np.float32(0.2887346), np.float32(-2.791695), np.float32(1.0103683), np.float32(-4.7887826), np.float32(0.91982406), np.float32(-0.03412972), np.float32(-2.355524)]","[np.float32(-0.0134231895), np.float32(-0.2572312), np.float32(-0.23903514), np.float32(0.008107691), np.float32(-0.3110909), np.float32(-0.12374525), np.float32(0.15440692), np.float32(-0.39579162), np.float32(0.23926046), np.float32(-0.029618144), np.float32(-0.04933303), np.float32(-0.059069585), np.float32(-0.062440712), np.float32(0.23578529), np.float32(0.14951777), np.float32(-0.088309884), np.float32(0.028874006), np.float32(-0.25570062), np.float32(-0.14183217), np.float32(-0.012048399), np.float32(0.15597999), np.float32(0.07627635), np.float32(0.2213829), np.float32(0.20482811), np.float32(0.16263887), np.float32(0.21034417), np.float32(-0.023648405), np.float32(-0.28638282), np.float32(0.004165683), np.float32(0.27494007), np.float32(0.10895074), np.float32(-0.1484246)]","[np.float32(0.7203506), np.float32(0.76662344), np.float32(0.9984605), np.float32(0.9584142), np.float32(0.7399093), np.float32(0.9038367), np.float32(0.8981554), np.float32(0.9064159), np.float32(0.9002219), np.float32(0.8673354), np.float32(0.8932425), np.float32(0.9159406), np.float32(0.9745372), np.float32(0.7967599), np.float32(0.97460085), np.float32(0.85004944), np.float32(1.0748682), np.float32(0.8474076), np.float32(0.97138613), np.float32(0.8731199), np.float32(0.8520826), np.float32(1.017155), np.float32(1.0149219), np.float32(0.82550246), np.float32(0.8573261), np.float32(0.8399588), np.float32(1.0449455), np.float32(1.0004606), np.float32(0.93584144), np.float32(0.8625193), np.float32(0.9102999), np.float32(0.88035715)]"
2018-02-21 09:59:00+00:00,16.01827,0,LOEO,22,"[np.float32(-0.90328676), np.float32(-12.838683), np.float32(-91.505684), np.float32(-41.16117), np.float32(-1.8096079), np.float32(16.865103), np.float32(-77.66583), np.float32(-129.45207), np.float32(23.828484), np.float32(0.59015757), np.float32(2.4817038), np.float32(-11.927599), np.float32(0.23171927), np.float32(-2.1538124), np.float32(2.6766582), np.float32(-9.809312), np.float32(7.2574806), np.float32(3.7698386), np.float32(-0.8236133), np.float32(-14.617909), np.float32(10.979426), np.float32(-14.756608), np.float32(-2.783163), np.float32(8.529245), np.float32(1.4592804), np.float32(-2.1940057), np.float32(9.716623), np.float32(-1.8950619), np.float32(0.6454284), np.float32(2.0955722), np.float32(-4.897253), np.float32(1.8487059)]","[np.float32(-0.027396083), np.float32(-0.24341507), np.float32(-0.27659565), np.float32(-0.04906363), np.float32(-0.2532733), np.float32(-0.20019518), np.float32(0.117932975), np.float32(-0.47875988), np.float32(0.30613118), np.float32(-0.072561845), np.float32(-0.002249634), np.float32(-0.07693188), np.float32(-0.066353716), np.float32(0.23059623), np.float32(0.050749075), np.float32(-0.119616434), np.float32(0.0390435), np.float32(-0.30987772), np.float32(-0.19574845), np.float32(-0.03725964), np.float32(0.23134553), np.float32(0.18359709), np.float32(0.28808084), np.float32(0.3227351), np.float32(0.14213441), np.float32(0.15914005), np.float32(0.102281354), np.float32(-0.35913664), np.float32(-0.065856755), np.float32(0.26624042), np.float32(0.1755035), np.float32(-0.120448254)]","[np.float32(0.68521196), np.float32(0.74367064), np.float32(1.0112187), np.float32(0.93950236), np.float32(0.71767926), np.float32(0.86638236), np.float32(0.8110109), np.float32(0.8395787), np.float32(0.92366886), np.float32(0.87210524), np.float32(0.8318053), np.float32(0.8774674), np.float32(0.9482755), np.float32(0.77545995), np.float32(0.93450165), np.float32(0.8111641), np.float32(1.0287235), np.float32(0.8296428), np.float32(0.9647263), np.float32(0.8613682), np.float32(0.79247147), np.float32(1.0096773), np.float32(0.9940199), np.float32(0.85542804), np.float32(0.8640411), np.float32(0.85522604), np.float32(1.0518744), np.float32(0.9883875), np.float32(0.90062445), np.float32(0.8394065), np.float32(0.8344053), np.float32(0.88948375)]"
2018-02-21 09:58:00+00:00,14.581107,0,LOEO,22,"[np.float32(-8.690023), np.float32(-13.512719), np.float32(-24.99151), np.float32(-41.778187), np.float32(-0.25074938), np.float32(18.214945), np.float32(-70.671265), np.float32(-114.07607), np.float32(21.13473), np.float32(0.359408), np.float32(0.69655925), np.float32(21.776299), np.float32(-0.5147256), np.float32(-3.8180332), np.float32(-16.96238), np.float32(-21.468203), np.float32(12.734768), np.float32(24.793816), np.float32(1.3680766), np.float32(-2.593758), np.float32(16.166613), np.float32(-3.7588665), np.float32(-3.684034), np.float32(3.453877), np.float32(2.368015), np.float32(0.9118581), np.float32(6.908676), np.float32(-1.8563979), np.float32(-1.1252711), np.float32(0.85091823), np.float32(-5.705672), np.float32(0.43867144)]","[np.float32(-0.025164027), np.float32(-0.3092581), np.float32(-0.26770186), np.float32(-0.054035082), np.float32(-0.370197), np.float32(-0.050351724), np.float32(0.18625525), np.float32(-0.37655878), np.float32(0.23157248), np.float32(-0.047354862), np.float32(-0.06671979), np.float32(-0.07692434), np.float32(-0.13279411), np.float32(0.21561012), np.float32(0.20139), np.float32(-0.0367134), np.float32(0.025753923), np.float32(-0.26102993), np.float32(-0.102525584), np.float32(-0.03994322), np.float32(0.12873138), np.float32(0.045895457), np.float32(0.24185811), np.float32(0.16405126), np.float32(0.18803352), np.float32(0.23082834), np.float32(-0.03672652), np.float32(-0.2399466), np.float32(0.0037849434), np.float32(0.2821454), np.float32(0.11643607), np.float32(-0.17197809)]","[np.float32(0.7319002), np.float32(0.7827414), np.float32(1.0155352), np.float32(0.98376906), np.float32(0.75550985), np.float32(0.9605403), np.float32(0.9726125), np.float32(0.9399961), np.float32(0.8925057), np.float32(0.9184617), np.float32(0.94011855), np.float32(0.9501613), np.float32(0.97301656), np.float32(0.8037417), np.float32(1.0450853), np.float32(0.853925), np.float32(1.1156015), np.float32(0.86939627), np.float32(0.9919092), np.float32(0.88647515), np.float32(0.89083445), np.float32(1.0720117), np.float32(1.0901736), np.float32(0.8305624), np.float32(0.8752043), np.float32(0.84202325), np.float32(1.0764577), np.float32(1.0455278), np.float32(0.99120677), np.float32(0.8897445), np.float32(0.92478776), np.float32(0.89581305)]"
2018-02-21 10:33:00+00:00,12438.586,1,LOEO,23,"[np.float32(-249.46207), np.float32(21011.523), np.float32(-25.081778), np.float32(-2166.0405), np.float32(-5968.1953), np.float32(3055.1326), np.float32(5936.1846), np.float32(-9300.998), np.float32(-31014.01), np.float32(-2838.0874), np.float32(42901.68), np.float32(1887.2422), np.float32(9639.018), np.float32(1179.803), np.float32(5940.9756), np.float32(3885.5173), np.float32(2258.3806), np.float32(-27991.652), np.float32(14747.693), np.float32(35095.086), np.float32(21673.055), np.float32(-1151.9728), np.float32(20985.838), np.float32(-24394.277), np.float32(23652.834), np.float32(3170.024), np.float32(38308.965), np.float32(541.72815), np.float32(7745.275), np.float32(15933.546), np.float32(-3609.7424), np.float32(9775.6)]","[np.float32(-0.10938297), np.float32(-0.25642323), np.float32(0.1871989), np.float32(0.20420714), np.float32(-0.16247955), np.float32(-0.22498465), np.float32(-0.012962123), np.float32(-0.15311453), np.float32(0.013015419), np.float32(-0.24963035), np.float32(-0.008326732), np.float32(-0.09002417), np.float32(-0.20284677), np.float32(0.01784457), np.float32(0.22066054), np.float32(-0.01960802), np.float32(0.15562958), np.float32(-0.2828157), np.float32(-0.07200959), np.float32(-0.110758744), np.float32(0.1341415), np.float32(0.24853292), np.float32(0.14776842), np.float32(0.1596199), np.float32(0.16934204), np.float32(0.089738116), np.float32(0.057071634), np.float32(0.115995266), np.float32(0.008061308), np.float32(-0.12005204), np.float32(0.17013983), np.float32(-0.123526014)]","[np.float32(0.8249758), np.float32(0.7888397), np.float32(0.8930739), np.float32(0.9505706), np.float32(0.8311124), np.float32(0.93230546), np.float32(0.9518988), np.float32(0.8949667), np.float32(0.6904422), np.float32(0.8933567), np.float32(0.7964609), np.float32(0.9134752), np.float32(0.908568), np.float32(0.79647887), np.float32(0.9625211), np.float32(0.7089744), np.float32(0.95241433), np.float32(0.7794384), np.float32(0.85093987), np.float32(0.90352404), np.float32(1.01369), np.float32(0.9442123), np.float32(0.9452864), np.float32(0.97674865), np.float32(0.8692018), np.float32(0.9061503), np.float32(1.2147452), np.float32(1.0138541), np.float32(1.0774373), np.float32(0.8311813), np.float32(0.78097475), np.float32(0.9728456)]"
2018-02-21 10:02:00+00:00,16.12416,0,LOEO,23,"[np.float32(-0.6593148), np.float32(-12.399181), np.float32(-92.00364), np.float32(-46.999382), np.float32(-0.88267535), np.float32(10.057704), np.float32(-88.691376), np.float32(-145.29782), np.float32(24.91573), np.float32(-1.4715948), np.float32(3.6068027), np.float32(-4.9737473), np.float32(4.9176245), np.float32(-14.451329), np.float32(13.689194), np.float32(-1.9439656), np.float32(-0.7153407), np.float32(-0.49825653), np.float32(-1.4894817), np.float32(-10.434171), np.float32(8.434305), np.float32(-14.942855), np.float32(4.426138), np.float32(1.1730396), np.float32(2.7993014), np.float32(-2.6427827), np.float32(0.16957216), np.float32(0.37996528), np.float32(-0.023722807), np.float32(2.410696), np.float32(0.7168233), np.float32(0.069908425)]","[np.float32(-0.03637116), np.float32(-0.32416618), np.float32(-0.27999628), np.float32(-0.048489198), np.float32(-0.38998502), np.float32(-0.06461605), np.float32(0.20283139), np.float32(-0.42237324), np.float32(0.2661222), np.float32(-0.053656697), np.float32(-0.07425078), np.float32(-0.03539266), np.float32(-0.12534948), np.float32(0.24458446), np.float32(0.21048209), np.float32(-0.06451122), np.float32(0.049854502), np.float32(-0.2711866), np.float32(-0.15580241), np.float32(-0.07326477), np.float32(0.15508172), np.float32(0.055599667), np.float32(0.25403872), np.float32(0.18812951), np.float32(0.18352604), np.float32(0.20111364), np.float32(-0.04081983), np.float32(-0.2484158), np.float32(-0.009150282), np.float32(0.2900585), np.float32(0.117322885), np.float32(-0.20737195)]","[np.float32(0.7128124), np.float32(0.78827363), np.float32(1.0316323), np.float32(0.9513454), np.float32(0.7590942), np.float32(0.9559077), np.float32(0.9655444), np.float32(0.93456745), np.float32(0.9008816), np.float32(0.91073966), np.float32(0.93095165), np.float32(0.94144696), np.float32(0.9559759), np.float32(0.7945882), np.float32(1.0099248), np.float32(0.8235829), np.float32(1.0783974), np.float32(0.87301254), np.float32(1.00932), np.float32(0.8853293), np.float32(0.88007236), np.float32(1.0296904), np.float32(1.0568233), np.float32(0.8242857), np.float32(0.87834424), np.float32(0.8483432), np.float32(1.053969), np.float32(1.0510826), np.float32(0.9758823), np.float32(0.8947637), np.float32(0.9200637), np.float32(0.907105)]"
2018-02-21 10:01:00+00:00,16.140118,0,LOEO,23,"[np.float32(-0.6539692), np.float32(-12.399381), np.float32(-92.02614), np.float32(-47.03878), np.float32(-0.8756232), np.float32(10.071357), np.float32(-88.786125), np.float32(-145.44994), np.float32(24.950933), np.float32(-1.4926978), np.float32(3.613515), np.float32(-4.8934703), np.float32(4.9436274), np.float32(-14.517058), np.float32(13.778791), np.float32(-1.87773), np.float32(-0.8263029), np.float32(-0.5159984), np.float32(-1.5598574), np.float32(-10.265585), np.float32(8.34958), np.float32(-14.915883), np.float32(4.7317476), np.float32(0.7766562), np.float32(2.6124923), np.float32(-2.63326), np.float32(-0.24571174), np.float32(0.48469585), np.float32(-0.28845394), np.float32(2.430591), np.float32(0.9385861), np.float32(-0.06310148)]","[np.float32(-0.03177922), np.float32(-0.29775354), np.float32(-0.26508728), np.float32(-0.05620742), np.float32(-0.2257416), np.float32(-0.20432396), np.float32(0.12700626), np.float32(-0.53545296), np.float32(0.2989194), np.float32(-0.083408564), np.float32(0.0008898083), np.float32(-0.06334914), np.float32(-0.06941205), np.float32(0.22721562), np.float32(0.06475596), np.float32(-0.11176561), np.float32(0.084093176), np.float32(-0.31370017), np.float32(-0.1762087), np.float32(-0.06487116), np.float32(0.22678298), np.float32(0.20767108), np.float32(0.27043033), np.float32(0.3521029), np.float32(0.12437358), np.float32(0.14068481), np.float32(0.111177206), np.float32(-0.36304277), np.float32(-0.05409418), np.float32(0.2869931), np.float32(0.16707323), np.float32(-0.13945913)]","[np.float32(0.6814719), np.float32(0.76168793), np.float32(1.011765), np.float32(0.92199457), np.float32(0.7226688), np.float32(0.88160634), np.float32(0.8185679), np.float32(0.846938), np.float32(0.9345172), np.float32(0.8883731), np.float32(0.83763707), np.float32(0.8479053), np.float32(0.942158), np.float32(0.7745149), np.float32(0.9250603), np.float32(0.81261176), np.float32(1.0239301), np.float32(0.8230482), np.float32(0.9570014), np.float32(0.87408406), np.float32(0.77301574), np.float32(0.9904376), np.float32(0.98818), np.float32(0.83619994), np.float32(0.889882), np.float32(0.8362491), np.float32(1.0384688), np.float32(0.9993455), np.float32(0.9022335), np.float32(0.8703968), np.float32(0.83256173), np.float32(0.9113684)]"
2018-02-21 10:00:00+00:00,14.532734,0,LOEO,23,"[np.float32(-8.584693), np.float32(-13.20879), np.float32(-25.563938), np.float32(-42.842285), np.float32(-0.17729102), np.float32(19.421389), np.float32(-74.836586), np.float32(-120.77539), np.float32(21.678318), np.float32(-0.79682535), np.float32(1.1288475), np.float32(24.470697), np.float32(1.2238386), np.float32(-9.549296), np.float32(-13.948248), np.float32(-14.753425), np.float32(8.073736), np.float32(22.583363), np.float32(0.11648758), np.float32(0.1897402), np.float32(14.879312), np.float32(-5.3862934), np.float32(4.3108077), np.float32(-4.710663), np.float32(0.07728079), np.float32(0.2887346), np.float32(-2.791695), np.float32(1.0103683), np.float32(-4.7887826), np.float32(0.91982406), np.float32(-0.03412972), np.float32(-2.355524)]","[np.float32(-0.0134231895), np.float32(-0.2572312), np.float32(-0.23903514), np.float32(0.008107691), np.float32(-0.3110909), np.float32(-0.12374525), np.float32(0.15440692), np.float32(-0.39579162), np.float32(0.23926046), np.float32(-0.029618144), np.float32(-0.04933303), np.float32(-0.059069585), np.float32(-0.062440712), np.float32(0.23578529), np.float32(0.14951777), np.float32(-0.088309884), np.float32(0.028874006), np.float32(-0.25570062), np.float32(-0.14183217), np.float32(-0.012048399), np.float32(0.15597999), np.float32(0.07627635), np.float32(0.2213829), np.float32(0.20482811), np.float32(0.16263887), np.float32(0.21034417), np.float32(-0.023648405), np.float32(-0.28638282), np.float32(0.004165683), np.float32(0.27494007), np.float32(0.10895074), np.float32(-0.1484246)]","[np.float32(0.7203506), np.float32(0.76662344), np.float32(0.9984605), np.float32(0.9584142), np.float32(0.7399093), np.float32(0.9038367), np.float32(0.8981554), np.float32(0.9064159), np.float32(0.9002219), np.float32(0.8673354), np.float32(0.8932425), np.float32(0.9159406), np.float32(0.9745372), np.float32(0.7967599), np.float32(0.97460085), np.float32(0.85004944), np.float32(1.0748682), np.float32(0.8474076), np.float32(0.97138613), np.float32(0.8731199), np.float32(0.8520826), np.float32(1.017155), np.float32(1.0149219), np.float32(0.82550246), np.float32(0.8573261), np.float32(0.8399588), np.float32(1.0449455), np.float32(1.0004606), np.float32(0.93584144), np.float32(0.8625193), np.float32(0.9102999), np.float32(0.88035715)]"
2018-02-21 09:59:00+00:00,16.01827,0,LOEO,23,"[np.float32(-0.90328676), np.float32(-12.838683), np.float32(-91.505684), np.float32(-41.16117), np.float32(-1.8096079), np.float32(16.865103), np.float32(-77.66583), np.float32(-129.45207), np.float32(23.828484), np.float32(0.59015757), np.float32(2.4817038), np.float32(-11.927599), np.float32(0.23171927), np.float32(-2.1538124), np.float32(2.6766582), np.float32(-9.809312), np.float32(7.2574806), np.float32(3.7698386), np.float32(-0.8236133), np.float32(-14.617909), np.float32(10.979426), np.float32(-14.756608), np.float32(-2.783163), np.float32(8.529245), np.float32(1.4592804), np.float32(-2.1940057), np.float32(9.716623), np.float32(-1.8950619), np.float32(0.6454284), np.float32(2.0955722), np.float32(-4.897253), np.float32(1.8487059)]","[np.float32(-0.027396083), np.float32(-0.24341507), np.float32(-0.27659565), np.float32(-0.04906363), np.float32(-0.2532733), np.float32(-0.20019518), np.float32(0.117932975), np.float32(-0.47875988), np.float32(0.30613118), np.float32(-0.072561845), np.float32(-0.002249634), np.float32(-0.07693188), np.float32(-0.066353716), np.float32(0.23059623), np.float32(0.050749075), np.float32(-0.119616434), np.float32(0.0390435), np.float32(-0.30987772), np.float32(-0.19574845), np.float32(-0.03725964), np.float32(0.23134553), np.float32(0.18359709), np.float32(0.28808084), np.float32(0.3227351), np.float32(0.14213441), np.float32(0.15914005), np.float32(0.102281354), np.float32(-0.35913664), np.float32(-0.065856755), np.float32(0.26624042), np.float32(0.1755035), np.float32(-0.120448254)]","[np.float32(0.68521196), np.float32(0.74367064), np.float32(1.0112187), np.float32(0.93950236), np.float32(0.71767926), np.float32(0.86638236), np.float32(0.8110109), np.float32(0.8395787), np.float32(0.92366886), np.float32(0.87210524), np.float32(0.8318053), np.float32(0.8774674), np.float32(0.9482755), np.float32(0.77545995), np.float32(0.93450165), np.float32(0.8111641), np.float32(1.0287235), np.float32(0.8296428), np.float32(0.9647263), np.float32(0.8613682), np.float32(0.79247147), np.float32(1.0096773), np.float32(0.9940199), np.float32(0.85542804), np.float32(0.8640411), np.float32(0.85522604), np.float32(1.0518744), np.float32(0.9883875), np.float32(0.90062445), np.float32(0.8394065), np.float32(0.8344053), np.float32(0.88948375)]"
2018-02-21 09:58:00+00:00,14.581107,0,LOEO,23,"[np.float32(-8.690023), np.float32(-13.512719), np.float32(-24.99151), np.float32(-41.778187), np.float32(-0.25074938), np.float32(18.214945), np.float32(-70.671265), np.float32(-114.07607), np.float32(21.13473), np.float32(0.359408), np.float32(0.69655925), np.float32(21.776299), np.float32(-0.5147256), np.float32(-3.8180332), np.float32(-16.96238), np.float32(-21.468203), np.float32(12.734768), np.float32(24.793816), np.float32(1.3680766), np.float32(-2.593758), np.float32(16.166613), np.float32(-3.7588665), np.float32(-3.684034), np.float32(3.453877), np.float32(2.368015), np.float32(0.9118581), np.float32(6.908676), np.float32(-1.8563979), np.float32(-1.1252711), np.float32(0.85091823), np.float32(-5.705672), np.float32(0.43867144)]","[np.float32(-0.025164027), np.float32(-0.3092581), np.float32(-0.26770186), np.float32(-0.054035082), np.float32(-0.370197), np.float32(-0.050351724), np.float32(0.18625525), np.float32(-0.37655878), np.float32(0.23157248), np.float32(-0.047354862), np.float32(-0.06671979), np.float32(-0.07692434), np.float32(-0.13279411), np.float32(0.21561012), np.float32(0.20139), np.float32(-0.0367134), np.float32(0.025753923), np.float32(-0.26102993), np.float32(-0.102525584), np.float32(-0.03994322), np.float32(0.12873138), np.float32(0.045895457), np.float32(0.24185811), np.float32(0.16405126), np.float32(0.18803352), np.float32(0.23082834), np.float32(-0.03672652), np.float32(-0.2399466), np.float32(0.0037849434), np.float32(0.2821454), np.float32(0.11643607), np.float32(-0.17197809)]","[np.float32(0.7319002), np.float32(0.7827414), np.float32(1.0155352), np.float32(0.98376906), np.float32(0.75550985), np.float32(0.9605403), np.float32(0.9726125), np.float32(0.9399961), np.float32(0.8925057), np.float32(0.9184617), np.float32(0.94011855), np.float32(0.9501613), np.float32(0.97301656), np.float32(0.8037417), np.float32(1.0450853), np.float32(0.853925), np.float32(1.1156015), np.float32(0.86939627), np.float32(0.9919092), np.float32(0.88647515), np.float32(0.89083445), np.float32(1.0720117), np.float32(1.0901736), np.float32(0.8305624), np.float32(0.8752043), np.float32(0.84202325), np.float32(1.0764577), np.float32(1.0455278), np.float32(0.99120677), np.float32(0.8897445), np.float32(0.92478776), np.float32(0.89581305)]"
2018-02-21 10:35:00+00:00,12056.131,1,LOEO,24,"[np.float32(-250.54507), np.float32(20829.83), np.float32(-20.460062), np.float32(-2213.8167), np.float32(-5931.0483), np.float32(2987.1167), np.float32(5746.513), np.float32(-8941.782), np.float32(-30184.355), np.float32(-2866.4824), np.float32(42544.816), np.float32(1809.732), np.float32(9128.716), np.float32(1142.3304), np.float32(5698.9243), np.float32(3726.8557), np.float32(2170.7773), np.float32(-26832.752), np.float32(14044.964), np.float32(33622.047), np.float32(20737.844), np.float32(-1105.8021), np.float32(20283.76), np.float32(-23641.03), np.float32(22899.258), np.float32(3143.9731), np.float32(37000.65), np.float32(486.30356), np.float32(7494.4697), np.float32(15386.167), np.float32(-3485.3083), np.float32(9437.609)]","[np.float32(-0.10884602), np.float32(-0.25819305), np.float32(0.190068), np.float32(0.20415018), np.float32(-0.1616956), np.float32(-0.22354533), np.float32(-0.009743111), np.float32(-0.15408662), np.float32(0.010948695), np.float32(-0.24929343), np.float32(-0.007967173), np.float32(-0.08988032), np.float32(-0.20453362), np.float32(0.018115897), np.float32(0.22257453), np.float32(-0.023185521), np.float32(0.15479869), np.float32(-0.2815353), np.float32(-0.07151074), np.float32(-0.10971906), np.float32(0.13333409), np.float32(0.25190347), np.float32(0.14807023), np.float32(0.16093971), np.float32(0.16707927), np.float32(0.08943893), np.float32(0.054891415), np.float32(0.1157374), np.float32(0.0070827864), np.float32(-0.1188312), np.float32(0.17064652), np.float32(-0.12480625)]","[np.float32(0.82403964), np.float32(0.7888855), np.float32(0.8908366), np.float32(0.9485783), np.float32(0.8298283), np.float32(0.92999744), np.float32(0.9492362), np.float32(0.89281696), np.float32(0.69072115), np.float32(0.89312863), np.float32(0.7959965), np.float32(0.9122667), np.float32(0.90558493), np.float32(0.79541963), np.float32(0.9606533), np.float32(0.7088479), np.float32(0.9503311), np.float32(0.7781332), np.float32(0.850058), np.float32(0.9021045), np.float32(1.0115713), np.float32(0.9438552), np.float32(0.94401443), np.float32(0.9752154), np.float32(0.8674224), np.float32(0.904649), np.float32(1.2107657), np.float32(1.0123588), np.float32(1.0767592), np.float32(0.83107024), np.float32(0.78051674), np.float32(0.96911085)]"
2018-02-21 10:02:00+00:00,16.12416,0,LOEO,24,"[np.float32(-0.6593148), np.float32(-12.399181), np.float32(-92.00364), np.float32(-46.999382), np.float32(-0.88267535), np.float32(10.057704), np.float32(-88.691376), np.float32(-145.29782), np.float32(24.91573), np.float32(-1.4715948), np.float32(3.6068027), np.float32(-4.9737473), np.float32(4.9176245), np.float32(-14.451329), np.float32(13.689194), np.float32(-1.9439656), np.float32(-0.7153407), np.float32(-0.49825653), np.float32(-1.4894817), np.float32(-10.434171), np.float32(8.434305), np.float32(-14.942855), np.float32(4.426138), np.float32(1.1730396), np.float32(2.7993014), np.float32(-2.6427827), np.float32(0.16957216), np.float32(0.37996528), np.float32(-0.023722807), np.float32(2.410696), np.float32(0.7168233), np.float32(0.069908425)]","[np.float32(-0.03637116), np.float32(-0.32416618), np.float32(-0.27999628), np.float32(-0.048489198), np.float32(-0.38998502), np.float32(-0.06461605), np.float32(0.20283139), np.float32(-0.42237324), np.float32(0.2661222), np.float32(-0.053656697), np.float32(-0.07425078), np.float32(-0.03539266), np.float32(-0.12534948), np.float32(0.24458446), np.float32(0.21048209), np.float32(-0.06451122), np.float32(0.049854502), np.float32(-0.2711866), np.float32(-0.15580241), np.float32(-0.07326477), np.float32(0.15508172), np.float32(0.055599667), np.float32(0.25403872), np.float32(0.18812951), np.float32(0.18352604), np.float32(0.20111364), np.float32(-0.04081983), np.float32(-0.2484158), np.float32(-0.009150282), np.float32(0.2900585), np.float32(0.117322885), np.float32(-0.20737195)]","[np.float32(0.7128124), np.float32(0.78827363), np.float32(1.0316323), np.float32(0.9513454), np.float32(0.7590942), np.float32(0.9559077), np.float32(0.9655444), np.float32(0.93456745), np.float32(0.9008816), np.float32(0.91073966), np.float32(0.93095165), np.float32(0.94144696), np.float32(0.9559759), np.float32(0.7945882), np.float32(1.0099248), np.float32(0.8235829), np.float32(1.0783974), np.float32(0.87301254), np.float32(1.00932), np.float32(0.8853293), np.float32(0.88007236), np.float32(1.0296904), np.float32(1.0568233), np.float32(0.8242857), np.float32(0.87834424), np.float32(0.8483432), np.float32(1.053969), np.float32(1.0510826), np.float32(0.9758823), np.float32(0.8947637), np.float32(0.9200637), np.float32(0.907105)]"
2018-02-21 10:01:00+00:00,16.140118,0,LOEO,24,"[np.float32(-0.6539692), np.float32(-12.399381), np.float32(-92.02614), np.float32(-47.03878), np.float32(-0.8756232), np.float32(10.071357), np.float32(-88.786125), np.float32(-145.44994), np.float32(24.950933), np.float32(-1.4926978), np.float32(3.613515), np.float32(-4.8934703), np.float32(4.9436274), np.float32(-14.517058), np.float32(13.778791), np.float32(-1.87773), np.float32(-0.8263029), np.float32(-0.5159984), np.float32(-1.5598574), np.float32(-10.265585), np.float32(8.34958), np.float32(-14.915883), np.float32(4.7317476), np.float32(0.7766562), np.float32(2.6124923), np.float32(-2.63326), np.float32(-0.24571174), np.float32(0.48469585), np.float32(-0.28845394), np.float32(2.430591), np.float32(0.9385861), np.float32(-0.06310148)]","[np.float32(-0.03177922), np.float32(-0.29775354), np.float32(-0.26508728), np.float32(-0.05620742), np.float32(-0.2257416), np.float32(-0.20432396), np.float32(0.12700626), np.float32(-0.53545296), np.float32(0.2989194), np.float32(-0.083408564), np.float32(0.0008898083), np.float32(-0.06334914), np.float32(-0.06941205), np.float32(0.22721562), np.float32(0.06475596), np.float32(-0.11176561), np.float32(0.084093176), np.float32(-0.31370017), np.float32(-0.1762087), np.float32(-0.06487116), np.float32(0.22678298), np.float32(0.20767108), np.float32(0.27043033), np.float32(0.3521029), np.float32(0.12437358), np.float32(0.14068481), np.float32(0.111177206), np.float32(-0.36304277), np.float32(-0.05409418), np.float32(0.2869931), np.float32(0.16707323), np.float32(-0.13945913)]","[np.float32(0.6814719), np.float32(0.76168793), np.float32(1.011765), np.float32(0.92199457), np.float32(0.7226688), np.float32(0.88160634), np.float32(0.8185679), np.float32(0.846938), np.float32(0.9345172), np.float32(0.8883731), np.float32(0.83763707), np.float32(0.8479053), np.float32(0.942158), np.float32(0.7745149), np.float32(0.9250603), np.float32(0.81261176), np.float32(1.0239301), np.float32(0.8230482), np.float32(0.9570014), np.float32(0.87408406), np.float32(0.77301574), np.float32(0.9904376), np.float32(0.98818), np.float32(0.83619994), np.float32(0.889882), np.float32(0.8362491), np.float32(1.0384688), np.float32(0.9993455), np.float32(0.9022335), np.float32(0.8703968), np.float32(0.83256173), np.float32(0.9113684)]"
2018-02-21 10:00:00+00:00,14.532734,0,LOEO,24,"[np.float32(-8.584693), np.float32(-13.20879), np.float32(-25.563938), np.float32(-42.842285), np.float32(-0.17729102), np.float32(19.421389), np.float32(-74.836586), np.float32(-120.77539), np.float32(21.678318), np.float32(-0.79682535), np.float32(1.1288475), np.float32(24.470697), np.float32(1.2238386), np.float32(-9.549296), np.float32(-13.948248), np.float32(-14.753425), np.float32(8.073736), np.float32(22.583363), np.float32(0.11648758), np.float32(0.1897402), np.float32(14.879312), np.float32(-5.3862934), np.float32(4.3108077), np.float32(-4.710663), np.float32(0.07728079), np.float32(0.2887346), np.float32(-2.791695), np.float32(1.0103683), np.float32(-4.7887826), np.float32(0.91982406), np.float32(-0.03412972), np.float32(-2.355524)]","[np.float32(-0.0134231895), np.float32(-0.2572312), np.float32(-0.23903514), np.float32(0.008107691), np.float32(-0.3110909), np.float32(-0.12374525), np.float32(0.15440692), np.float32(-0.39579162), np.float32(0.23926046), np.float32(-0.029618144), np.float32(-0.04933303), np.float32(-0.059069585), np.float32(-0.062440712), np.float32(0.23578529), np.float32(0.14951777), np.float32(-0.088309884), np.float32(0.028874006), np.float32(-0.25570062), np.float32(-0.14183217), np.float32(-0.012048399), np.float32(0.15597999), np.float32(0.07627635), np.float32(0.2213829), np.float32(0.20482811), np.float32(0.16263887), np.float32(0.21034417), np.float32(-0.023648405), np.float32(-0.28638282), np.float32(0.004165683), np.float32(0.27494007), np.float32(0.10895074), np.float32(-0.1484246)]","[np.float32(0.7203506), np.float32(0.76662344), np.float32(0.9984605), np.float32(0.9584142), np.float32(0.7399093), np.float32(0.9038367), np.float32(0.8981554), np.float32(0.9064159), np.float32(0.9002219), np.float32(0.8673354), np.float32(0.8932425), np.float32(0.9159406), np.float32(0.9745372), np.float32(0.7967599), np.float32(0.97460085), np.float32(0.85004944), np.float32(1.0748682), np.float32(0.8474076), np.float32(0.97138613), np.float32(0.8731199), np.float32(0.8520826), np.float32(1.017155), np.float32(1.0149219), np.float32(0.82550246), np.float32(0.8573261), np.float32(0.8399588), np.float32(1.0449455), np.float32(1.0004606), np.float32(0.93584144), np.float32(0.8625193), np.float32(0.9102999), np.float32(0.88035715)]"
2018-02-21 09:59:00+00:00,16.01827,0,LOEO,24,"[np.float32(-0.90328676), np.float32(-12.838683), np.float32(-91.505684), np.float32(-41.16117), np.float32(-1.8096079), np.float32(16.865103), np.float32(-77.66583), np.float32(-129.45207), np.float32(23.828484), np.float32(0.59015757), np.float32(2.4817038), np.float32(-11.927599), np.float32(0.23171927), np.float32(-2.1538124), np.float32(2.6766582), np.float32(-9.809312), np.float32(7.2574806), np.float32(3.7698386), np.float32(-0.8236133), np.float32(-14.617909), np.float32(10.979426), np.float32(-14.756608), np.float32(-2.783163), np.float32(8.529245), np.float32(1.4592804), np.float32(-2.1940057), np.float32(9.716623), np.float32(-1.8950619), np.float32(0.6454284), np.float32(2.0955722), np.float32(-4.897253), np.float32(1.8487059)]","[np.float32(-0.027396083), np.float32(-0.24341507), np.float32(-0.27659565), np.float32(-0.04906363), np.float32(-0.2532733), np.float32(-0.20019518), np.float32(0.117932975), np.float32(-0.47875988), np.float32(0.30613118), np.float32(-0.072561845), np.float32(-0.002249634), np.float32(-0.07693188), np.float32(-0.066353716), np.float32(0.23059623), np.float32(0.050749075), np.float32(-0.119616434), np.float32(0.0390435), np.float32(-0.30987772), np.float32(-0.19574845), np.float32(-0.03725964), np.float32(0.23134553), np.float32(0.18359709), np.float32(0.28808084), np.float32(0.3227351), np.float32(0.14213441), np.float32(0.15914005), np.float32(0.102281354), np.float32(-0.35913664), np.float32(-0.065856755), np.float32(0.26624042), np.float32(0.1755035), np.float32(-0.120448254)]","[np.float32(0.68521196), np.float32(0.74367064), np.float32(1.0112187), np.float32(0.93950236), np.float32(0.71767926), np.float32(0.86638236), np.float32(0.8110109), np.float32(0.8395787), np.float32(0.92366886), np.float32(0.87210524), np.float32(0.8318053), np.float32(0.8774674), np.float32(0.9482755), np.float32(0.77545995), np.float32(0.93450165), np.float32(0.8111641), np.float32(1.0287235), np.float32(0.8296428), np.float32(0.9647263), np.float32(0.8613682), np.float32(0.79247147), np.float32(1.0096773), np.float32(0.9940199), np.float32(0.85542804), np.float32(0.8640411), np.float32(0.85522604), np.float32(1.0518744), np.float32(0.9883875), np.float32(0.90062445), np.float32(0.8394065), np.float32(0.8344053), np.float32(0.88948375)]"
2018-02-21 09:58:00+00:00,14.581107,0,LOEO,24,"[np.float32(-8.690023), np.float32(-13.512719), np.float32(-24.99151), np.float32(-41.778187), np.float32(-0.25074938), np.float32(18.214945), np.float32(-70.671265), np.float32(-114.07607), np.float32(21.13473), np.float32(0.359408), np.float32(0.69655925), np.float32(21.776299), np.float32(-0.5147256), np.float32(-3.8180332), np.float32(-16.96238), np.float32(-21.468203), np.float32(12.734768), np.float32(24.793816), np.float32(1.3680766), np.float32(-2.593758), np.float32(16.166613), np.float32(-3.7588665), np.float32(-3.684034), np.float32(3.453877), np.float32(2.368015), np.float32(0.9118581), np.float32(6.908676), np.float32(-1.8563979), np.float32(-1.1252711), np.float32(0.85091823), np.float32(-5.705672), np.float32(0.43867144)]","[np.float32(-0.025164027), np.float32(-0.3092581), np.float32(-0.26770186), np.float32(-0.054035082), np.float32(-0.370197), np.float32(-0.050351724), np.float32(0.18625525), np.float32(-0.37655878), np.float32(0.23157248), np.float32(-0.047354862), np.float32(-0.06671979), np.float32(-0.07692434), np.float32(-0.13279411), np.float32(0.21561012), np.float32(0.20139), np.float32(-0.0367134), np.float32(0.025753923), np.float32(-0.26102993), np.float32(-0.102525584), np.float32(-0.03994322), np.float32(0.12873138), np.float32(0.045895457), np.float32(0.24185811), np.float32(0.16405126), np.float32(0.18803352), np.float32(0.23082834), np.float32(-0.03672652), np.float32(-0.2399466), np.float32(0.0037849434), np.float32(0.2821454), np.float32(0.11643607), np.float32(-0.17197809)]","[np.float32(0.7319002), np.float32(0.7827414), np.float32(1.0155352), np.float32(0.98376906), np.float32(0.75550985), np.float32(0.9605403), np.float32(0.9726125), np.float32(0.9399961), np.float32(0.8925057), np.float32(0.9184617), np.float32(0.94011855), np.float32(0.9501613), np.float32(0.97301656), np.float32(0.8037417), np.float32(1.0450853), np.float32(0.853925), np.float32(1.1156015), np.float32(0.86939627), np.float32(0.9919092), np.float32(0.88647515), np.float32(0.89083445), np.float32(1.0720117), np.float32(1.0901736), np.float32(0.8305624), np.float32(0.8752043), np.float32(0.84202325), np.float32(1.0764577), np.float32(1.0455278), np.float32(0.99120677), np.float32(0.8897445), np.float32(0.92478776), np.float32(0.89581305)]"
2018-02-21 10:37:00+00:00,11469.26,1,LOEO,25,"[np.float32(-262.0922), np.float32(21080.793), np.float32(-4.7918296), np.float32(-2408.8123), np.float32(-6044.191), np.float32(2902.8792), np.float32(5480.887), np.float32(-8246.33), np.float32(-28907.06), np.float32(-3090.2576), np.float32(43071.1), np.float32(1656.7015), np.float32(8121.931), np.float32(1089.3298), np.float32(5245.4487), np.float32(3494.4531), np.float32(2007.8611), np.float32(-24816.293), np.float32(12768.701), np.float32(31050.518), np.float32(19041.59), np.float32(-1018.89545), np.float32(19140.354), np.float32(-22441.326), np.float32(21649.027), np.float32(3129.9905), np.float32(34807.816), np.float32(377.99), np.float32(7064.7607), np.float32(14458.888), np.float32(-3261.9973), np.float32(8873.095)]","[np.float32(-0.11935714), np.float32(-0.2342318), np.float32(0.17610928), np.float32(0.2362088), np.float32(-0.17143112), np.float32(-0.19652742), np.float32(0.003358554), np.float32(-0.13679156), np.float32(-0.008645438), np.float32(-0.19851713), np.float32(-0.02314827), np.float32(-0.090019), np.float32(-0.20506269), np.float32(0.021059498), np.float32(0.2485193), np.float32(-0.014720634), np.float32(0.11788911), np.float32(-0.25785732), np.float32(-0.06828287), np.float32(-0.09267882), np.float32(0.12463156), np.float32(0.23464963), np.float32(0.11261794), np.float32(0.11158647), np.float32(0.17001835), np.float32(0.0762563), np.float32(0.029195266), np.float32(0.116677575), np.float32(0.025608439), np.float32(-0.10757244), np.float32(0.12788014), np.float32(-0.13483413)]","[np.float32(0.8241795), np.float32(0.7922312), np.float32(0.9101651), np.float32(0.9573889), np.float32(0.82826996), np.float32(0.9307267), np.float32(0.935502), np.float32(0.89016795), np.float32(0.6880719), np.float32(0.8818549), np.float32(0.7862752), np.float32(0.92914754), np.float32(0.90583575), np.float32(0.7910989), np.float32(0.97118604), np.float32(0.7138412), np.float32(0.94427544), np.float32(0.7756884), np.float32(0.8537553), np.float32(0.89778954), np.float32(1.0264642), np.float32(0.955432), np.float32(0.948061), np.float32(0.9777262), np.float32(0.8651567), np.float32(0.9115381), np.float32(1.2136444), np.float32(1.0000687), np.float32(1.0650604), np.float32(0.81742555), np.float32(0.7690202), np.float32(0.95673776)]"
2018-02-21 10:02:00+00:00,16.12416,0,LOEO,25,"[np.float32(-0.6593148), np.float32(-12.399181), np.float32(-92.00364), np.float32(-46.999382), np.float32(-0.88267535), np.float32(10.057704), np.float32(-88.691376), np.float32(-145.29782), np.float32(24.91573), np.float32(-1.4715948), np.float32(3.6068027), np.float32(-4.9737473), np.float32(4.9176245), np.float32(-14.451329), np.float32(13.689194), np.float32(-1.9439656), np.float32(-0.7153407), np.float32(-0.49825653), np.float32(-1.4894817), np.float32(-10.434171), np.float32(8.434305), np.float32(-14.942855), np.float32(4.426138), np.float32(1.1730396), np.float32(2.7993014), np.float32(-2.6427827), np.float32(0.16957216), np.float32(0.37996528), np.float32(-0.023722807), np.float32(2.410696), np.float32(0.7168233), np.float32(0.069908425)]","[np.float32(-0.03637116), np.float32(-0.32416618), np.float32(-0.27999628), np.float32(-0.048489198), np.float32(-0.38998502), np.float32(-0.06461605), np.float32(0.20283139), np.float32(-0.42237324), np.float32(0.2661222), np.float32(-0.053656697), np.float32(-0.07425078), np.float32(-0.03539266), np.float32(-0.12534948), np.float32(0.24458446), np.float32(0.21048209), np.float32(-0.06451122), np.float32(0.049854502), np.float32(-0.2711866), np.float32(-0.15580241), np.float32(-0.07326477), np.float32(0.15508172), np.float32(0.055599667), np.float32(0.25403872), np.float32(0.18812951), np.float32(0.18352604), np.float32(0.20111364), np.float32(-0.04081983), np.float32(-0.2484158), np.float32(-0.009150282), np.float32(0.2900585), np.float32(0.117322885), np.float32(-0.20737195)]","[np.float32(0.7128124), np.float32(0.78827363), np.float32(1.0316323), np.float32(0.9513454), np.float32(0.7590942), np.float32(0.9559077), np.float32(0.9655444), np.float32(0.93456745), np.float32(0.9008816), np.float32(0.91073966), np.float32(0.93095165), np.float32(0.94144696), np.float32(0.9559759), np.float32(0.7945882), np.float32(1.0099248), np.float32(0.8235829), np.float32(1.0783974), np.float32(0.87301254), np.float32(1.00932), np.float32(0.8853293), np.float32(0.88007236), np.float32(1.0296904), np.float32(1.0568233), np.float32(0.8242857), np.float32(0.87834424), np.float32(0.8483432), np.float32(1.053969), np.float32(1.0510826), np.float32(0.9758823), np.float32(0.8947637), np.float32(0.9200637), np.float32(0.907105)]"
2018-02-21 10:01:00+00:00,16.140118,0,LOEO,25,"[np.float32(-0.6539692), np.float32(-12.399381), np.float32(-92.02614), np.float32(-47.03878), np.float32(-0.8756232), np.float32(10.071357), np.float32(-88.786125), np.float32(-145.44994), np.float32(24.950933), np.float32(-1.4926978), np.float32(3.613515), np.float32(-4.8934703), np.float32(4.9436274), np.float32(-14.517058), np.float32(13.778791), np.float32(-1.87773), np.float32(-0.8263029), np.float32(-0.5159984), np.float32(-1.5598574), np.float32(-10.265585), np.float32(8.34958), np.float32(-14.915883), np.float32(4.7317476), np.float32(0.7766562), np.float32(2.6124923), np.float32(-2.63326), np.float32(-0.24571174), np.float32(0.48469585), np.float32(-0.28845394), np.float32(2.430591), np.float32(0.9385861), np.float32(-0.06310148)]","[np.float32(-0.03177922), np.float32(-0.29775354), np.float32(-0.26508728), np.float32(-0.05620742), np.float32(-0.2257416), np.float32(-0.20432396), np.float32(0.12700626), np.float32(-0.53545296), np.float32(0.2989194), np.float32(-0.083408564), np.float32(0.0008898083), np.float32(-0.06334914), np.float32(-0.06941205), np.float32(0.22721562), np.float32(0.06475596), np.float32(-0.11176561), np.float32(0.084093176), np.float32(-0.31370017), np.float32(-0.1762087), np.float32(-0.06487116), np.float32(0.22678298), np.float32(0.20767108), np.float32(0.27043033), np.float32(0.3521029), np.float32(0.12437358), np.float32(0.14068481), np.float32(0.111177206), np.float32(-0.36304277), np.float32(-0.05409418), np.float32(0.2869931), np.float32(0.16707323), np.float32(-0.13945913)]","[np.float32(0.6814719), np.float32(0.76168793), np.float32(1.011765), np.float32(0.92199457), np.float32(0.7226688), np.float32(0.88160634), np.float32(0.8185679), np.float32(0.846938), np.float32(0.9345172), np.float32(0.8883731), np.float32(0.83763707), np.float32(0.8479053), np.float32(0.942158), np.float32(0.7745149), np.float32(0.9250603), np.float32(0.81261176), np.float32(1.0239301), np.float32(0.8230482), np.float32(0.9570014), np.float32(0.87408406), np.float32(0.77301574), np.float32(0.9904376), np.float32(0.98818), np.float32(0.83619994), np.float32(0.889882), np.float32(0.8362491), np.float32(1.0384688), np.float32(0.9993455), np.float32(0.9022335), np.float32(0.8703968), np.float32(0.83256173), np.float32(0.9113684)]"
2018-02-21 10:00:00+00:00,14.532734,0,LOEO,25,"[np.float32(-8.584693), np.float32(-13.20879), np.float32(-25.563938), np.float32(-42.842285), np.float32(-0.17729102), np.float32(19.421389), np.float32(-74.836586), np.float32(-120.77539), np.float32(21.678318), np.float32(-0.79682535), np.float32(1.1288475), np.float32(24.470697), np.float32(1.2238386), np.float32(-9.549296), np.float32(-13.948248), np.float32(-14.753425), np.float32(8.073736), np.float32(22.583363), np.float32(0.11648758), np.float32(0.1897402), np.float32(14.879312), np.float32(-5.3862934), np.float32(4.3108077), np.float32(-4.710663), np.float32(0.07728079), np.float32(0.2887346), np.float32(-2.791695), np.float32(1.0103683), np.float32(-4.7887826), np.float32(0.91982406), np.float32(-0.03412972), np.float32(-2.355524)]","[np.float32(-0.0134231895), np.float32(-0.2572312), np.float32(-0.23903514), np.float32(0.008107691), np.float32(-0.3110909), np.float32(-0.12374525), np.float32(0.15440692), np.float32(-0.39579162), np.float32(0.23926046), np.float32(-0.029618144), np.float32(-0.04933303), np.float32(-0.059069585), np.float32(-0.062440712), np.float32(0.23578529), np.float32(0.14951777), np.float32(-0.088309884), np.float32(0.028874006), np.float32(-0.25570062), np.float32(-0.14183217), np.float32(-0.012048399), np.float32(0.15597999), np.float32(0.07627635), np.float32(0.2213829), np.float32(0.20482811), np.float32(0.16263887), np.float32(0.21034417), np.float32(-0.023648405), np.float32(-0.28638282), np.float32(0.004165683), np.float32(0.27494007), np.float32(0.10895074), np.float32(-0.1484246)]","[np.float32(0.7203506), np.float32(0.76662344), np.float32(0.9984605), np.float32(0.9584142), np.float32(0.7399093), np.float32(0.9038367), np.float32(0.8981554), np.float32(0.9064159), np.float32(0.9002219), np.float32(0.8673354), np.float32(0.8932425), np.float32(0.9159406), np.float32(0.9745372), np.float32(0.7967599), np.float32(0.97460085), np.float32(0.85004944), np.float32(1.0748682), np.float32(0.8474076), np.float32(0.97138613), np.float32(0.8731199), np.float32(0.8520826), np.float32(1.017155), np.float32(1.0149219), np.float32(0.82550246), np.float32(0.8573261), np.float32(0.8399588), np.float32(1.0449455), np.float32(1.0004606), np.float32(0.93584144), np.float32(0.8625193), np.float32(0.9102999), np.float32(0.88035715)]"
2018-02-21 09:59:00+00:00,16.01827,0,LOEO,25,"[np.float32(-0.90328676), np.float32(-12.838683), np.float32(-91.505684), np.float32(-41.16117), np.float32(-1.8096079), np.float32(16.865103), np.float32(-77.66583), np.float32(-129.45207), np.float32(23.828484), np.float32(0.59015757), np.float32(2.4817038), np.float32(-11.927599), np.float32(0.23171927), np.float32(-2.1538124), np.float32(2.6766582), np.float32(-9.809312), np.float32(7.2574806), np.float32(3.7698386), np.float32(-0.8236133), np.float32(-14.617909), np.float32(10.979426), np.float32(-14.756608), np.float32(-2.783163), np.float32(8.529245), np.float32(1.4592804), np.float32(-2.1940057), np.float32(9.716623), np.float32(-1.8950619), np.float32(0.6454284), np.float32(2.0955722), np.float32(-4.897253), np.float32(1.8487059)]","[np.float32(-0.027396083), np.float32(-0.24341507), np.float32(-0.27659565), np.float32(-0.04906363), np.float32(-0.2532733), np.float32(-0.20019518), np.float32(0.117932975), np.float32(-0.47875988), np.float32(0.30613118), np.float32(-0.072561845), np.float32(-0.002249634), np.float32(-0.07693188), np.float32(-0.066353716), np.float32(0.23059623), np.float32(0.050749075), np.float32(-0.119616434), np.float32(0.0390435), np.float32(-0.30987772), np.float32(-0.19574845), np.float32(-0.03725964), np.float32(0.23134553), np.float32(0.18359709), np.float32(0.28808084), np.float32(0.3227351), np.float32(0.14213441), np.float32(0.15914005), np.float32(0.102281354), np.float32(-0.35913664), np.float32(-0.065856755), np.float32(0.26624042), np.float32(0.1755035), np.float32(-0.120448254)]","[np.float32(0.68521196), np.float32(0.74367064), np.float32(1.0112187), np.float32(0.93950236), np.float32(0.71767926), np.float32(0.86638236), np.float32(0.8110109), np.float32(0.8395787), np.float32(0.92366886), np.float32(0.87210524), np.float32(0.8318053), np.float32(0.8774674), np.float32(0.9482755), np.float32(0.77545995), np.float32(0.93450165), np.float32(0.8111641), np.float32(1.0287235), np.float32(0.8296428), np.float32(0.9647263), np.float32(0.8613682), np.float32(0.79247147), np.float32(1.0096773), np.float32(0.9940199), np.float32(0.85542804), np.float32(0.8640411), np.float32(0.85522604), np.float32(1.0518744), np.float32(0.9883875), np.float32(0.90062445), np.float32(0.8394065), np.float32(0.8344053), np.float32(0.88948375)]"
2018-02-21 09:58:00+00:00,14.581107,0,LOEO,25,"[np.float32(-8.690023), np.float32(-13.512719), np.float32(-24.99151), np.float32(-41.778187), np.float32(-0.25074938), np.float32(18.214945), np.float32(-70.671265), np.float32(-114.07607), np.float32(21.13473), np.float32(0.359408), np.float32(0.69655925), np.float32(21.776299), np.float32(-0.5147256), np.float32(-3.8180332), np.float32(-16.96238), np.float32(-21.468203), np.float32(12.734768), np.float32(24.793816), np.float32(1.3680766), np.float32(-2.593758), np.float32(16.166613), np.float32(-3.7588665), np.float32(-3.684034), np.float32(3.453877), np.float32(2.368015), np.float32(0.9118581), np.float32(6.908676), np.float32(-1.8563979), np.float32(-1.1252711), np.float32(0.85091823), np.float32(-5.705672), np.float32(0.43867144)]","[np.float32(-0.025164027), np.float32(-0.3092581), np.float32(-0.26770186), np.float32(-0.054035082), np.float32(-0.370197), np.float32(-0.050351724), np.float32(0.18625525), np.float32(-0.37655878), np.float32(0.23157248), np.float32(-0.047354862), np.float32(-0.06671979), np.float32(-0.07692434), np.float32(-0.13279411), np.float32(0.21561012), np.float32(0.20139), np.float32(-0.0367134), np.float32(0.025753923), np.float32(-0.26102993), np.float32(-0.102525584), np.float32(-0.03994322), np.float32(0.12873138), np.float32(0.045895457), np.float32(0.24185811), np.float32(0.16405126), np.float32(0.18803352), np.float32(0.23082834), np.float32(-0.03672652), np.float32(-0.2399466), np.float32(0.0037849434), np.float32(0.2821454), np.float32(0.11643607), np.float32(-0.17197809)]","[np.float32(0.7319002), np.float32(0.7827414), np.float32(1.0155352), np.float32(0.98376906), np.float32(0.75550985), np.float32(0.9605403), np.float32(0.9726125), np.float32(0.9399961), np.float32(0.8925057), np.float32(0.9184617), np.float32(0.94011855), np.float32(0.9501613), np.float32(0.97301656), np.float32(0.8037417), np.float32(1.0450853), np.float32(0.853925), np.float32(1.1156015), np.float32(0.86939627), np.float32(0.9919092), np.float32(0.88647515), np.float32(0.89083445), np.float32(1.0720117), np.float32(1.0901736), np.float32(0.8305624), np.float32(0.8752043), np.float32(0.84202325), np.float32(1.0764577), np.float32(1.0455278), np.float32(0.99120677), np.float32(0.8897445), np.float32(0.92478776), np.float32(0.89581305)]"
2018-02-21 10:39:00+00:00,11308.224,1,LOEO,26,"[np.float32(-260.8772), np.float32(21013.592), np.float32(-15.553098), np.float32(-2444.3416), np.float32(-6037.787), np.float32(2878.4844), np.float32(5375.008), np.float32(-8141.243), np.float32(-28575.39), np.float32(-3095.3691), np.float32(42944.387), np.float32(1659.2377), np.float32(7901.226), np.float32(1066.2288), np.float32(5179.965), np.float32(3368.6917), np.float32(1976.0997), np.float32(-24291.59), np.float32(12448.0), np.float32(30405.15), np.float32(18632.184), np.float32(-988.56946), np.float32(18835.29), np.float32(-22129.104), np.float32(21341.934), np.float32(3128.6362), np.float32(34253.95), np.float32(351.22446), np.float32(6961.2734), np.float32(14227.58), np.float32(-3210.4016), np.float32(8724.551)]","[np.float32(-0.14286843), np.float32(-0.2094926), np.float32(0.18647414), np.float32(0.19782597), np.float32(-0.07297014), np.float32(-0.17326999), np.float32(-0.030479634), np.float32(-0.050884925), np.float32(0.039371606), np.float32(-0.119537756), np.float32(-0.02342494), np.float32(-0.04229488), np.float32(-0.15697244), np.float32(0.03402766), np.float32(0.22791664), np.float32(-0.015398681), np.float32(0.12596059), np.float32(-0.16912375), np.float32(-0.019433558), np.float32(-0.11332276), np.float32(0.101342335), np.float32(0.13304617), np.float32(0.08048707), np.float32(0.10682227), np.float32(0.14765683), np.float32(0.018511586), np.float32(0.039832473), np.float32(0.068848304), np.float32(-0.018642422), np.float32(-0.057736516), np.float32(0.023908997), np.float32(-0.103839815)]","[np.float32(0.7634989), np.float32(0.7902671), np.float32(0.8517362), np.float32(0.8642352), np.float32(0.7640733), np.float32(0.8950426), np.float32(0.8240942), np.float32(0.8264587), np.float32(0.6921625), np.float32(0.8535239), np.float32(0.80025524), np.float32(0.85626507), np.float32(0.8467182), np.float32(0.7684233), np.float32(0.8922458), np.float32(0.70987236), np.float32(0.8789826), np.float32(0.7650036), np.float32(0.8282873), np.float32(0.84628385), np.float32(0.9540768), np.float32(0.91045916), np.float32(0.9009326), np.float32(0.8987193), np.float32(0.7938138), np.float32(0.8324419), np.float32(1.0830224), np.float32(0.9336144), np.float32(0.98822105), np.float32(0.82151526), np.float32(0.7587563), np.float32(0.88807195)]"
2018-02-21 10:02:00+00:00,16.12416,0,LOEO,26,"[np.float32(-0.6593148), np.float32(-12.399181), np.float32(-92.00364), np.float32(-46.999382), np.float32(-0.88267535), np.float32(10.057704), np.float32(-88.691376), np.float32(-145.29782), np.float32(24.91573), np.float32(-1.4715948), np.float32(3.6068027), np.float32(-4.9737473), np.float32(4.9176245), np.float32(-14.451329), np.float32(13.689194), np.float32(-1.9439656), np.float32(-0.7153407), np.float32(-0.49825653), np.float32(-1.4894817), np.float32(-10.434171), np.float32(8.434305), np.float32(-14.942855), np.float32(4.426138), np.float32(1.1730396), np.float32(2.7993014), np.float32(-2.6427827), np.float32(0.16957216), np.float32(0.37996528), np.float32(-0.023722807), np.float32(2.410696), np.float32(0.7168233), np.float32(0.069908425)]","[np.float32(-0.03637116), np.float32(-0.32416618), np.float32(-0.27999628), np.float32(-0.048489198), np.float32(-0.38998502), np.float32(-0.06461605), np.float32(0.20283139), np.float32(-0.42237324), np.float32(0.2661222), np.float32(-0.053656697), np.float32(-0.07425078), np.float32(-0.03539266), np.float32(-0.12534948), np.float32(0.24458446), np.float32(0.21048209), np.float32(-0.06451122), np.float32(0.049854502), np.float32(-0.2711866), np.float32(-0.15580241), np.float32(-0.07326477), np.float32(0.15508172), np.float32(0.055599667), np.float32(0.25403872), np.float32(0.18812951), np.float32(0.18352604), np.float32(0.20111364), np.float32(-0.04081983), np.float32(-0.2484158), np.float32(-0.009150282), np.float32(0.2900585), np.float32(0.117322885), np.float32(-0.20737195)]","[np.float32(0.7128124), np.float32(0.78827363), np.float32(1.0316323), np.float32(0.9513454), np.float32(0.7590942), np.float32(0.9559077), np.float32(0.9655444), np.float32(0.93456745), np.float32(0.9008816), np.float32(0.91073966), np.float32(0.93095165), np.float32(0.94144696), np.float32(0.9559759), np.float32(0.7945882), np.float32(1.0099248), np.float32(0.8235829), np.float32(1.0783974), np.float32(0.87301254), np.float32(1.00932), np.float32(0.8853293), np.float32(0.88007236), np.float32(1.0296904), np.float32(1.0568233), np.float32(0.8242857), np.float32(0.87834424), np.float32(0.8483432), np.float32(1.053969), np.float32(1.0510826), np.float32(0.9758823), np.float32(0.8947637), np.float32(0.9200637), np.float32(0.907105)]"
2018-02-21 10:01:00+00:00,16.140118,0,LOEO,26,"[np.float32(-0.6539692), np.float32(-12.399381), np.float32(-92.02614), np.float32(-47.03878), np.float32(-0.8756232), np.float32(10.071357), np.float32(-88.786125), np.float32(-145.44994), np.float32(24.950933), np.float32(-1.4926978), np.float32(3.613515), np.float32(-4.8934703), np.float32(4.9436274), np.float32(-14.517058), np.float32(13.778791), np.float32(-1.87773), np.float32(-0.8263029), np.float32(-0.5159984), np.float32(-1.5598574), np.float32(-10.265585), np.float32(8.34958), np.float32(-14.915883), np.float32(4.7317476), np.float32(0.7766562), np.float32(2.6124923), np.float32(-2.63326), np.float32(-0.24571174), np.float32(0.48469585), np.float32(-0.28845394), np.float32(2.430591), np.float32(0.9385861), np.float32(-0.06310148)]","[np.float32(-0.03177922), np.float32(-0.29775354), np.float32(-0.26508728), np.float32(-0.05620742), np.float32(-0.2257416), np.float32(-0.20432396), np.float32(0.12700626), np.float32(-0.53545296), np.float32(0.2989194), np.float32(-0.083408564), np.float32(0.0008898083), np.float32(-0.06334914), np.float32(-0.06941205), np.float32(0.22721562), np.float32(0.06475596), np.float32(-0.11176561), np.float32(0.084093176), np.float32(-0.31370017), np.float32(-0.1762087), np.float32(-0.06487116), np.float32(0.22678298), np.float32(0.20767108), np.float32(0.27043033), np.float32(0.3521029), np.float32(0.12437358), np.float32(0.14068481), np.float32(0.111177206), np.float32(-0.36304277), np.float32(-0.05409418), np.float32(0.2869931), np.float32(0.16707323), np.float32(-0.13945913)]","[np.float32(0.6814719), np.float32(0.76168793), np.float32(1.011765), np.float32(0.92199457), np.float32(0.7226688), np.float32(0.88160634), np.float32(0.8185679), np.float32(0.846938), np.float32(0.9345172), np.float32(0.8883731), np.float32(0.83763707), np.float32(0.8479053), np.float32(0.942158), np.float32(0.7745149), np.float32(0.9250603), np.float32(0.81261176), np.float32(1.0239301), np.float32(0.8230482), np.float32(0.9570014), np.float32(0.87408406), np.float32(0.77301574), np.float32(0.9904376), np.float32(0.98818), np.float32(0.83619994), np.float32(0.889882), np.float32(0.8362491), np.float32(1.0384688), np.float32(0.9993455), np.float32(0.9022335), np.float32(0.8703968), np.float32(0.83256173), np.float32(0.9113684)]"
2018-02-21 10:00:00+00:00,14.532734,0,LOEO,26,"[np.float32(-8.584693), np.float32(-13.20879), np.float32(-25.563938), np.float32(-42.842285), np.float32(-0.17729102), np.float32(19.421389), np.float32(-74.836586), np.float32(-120.77539), np.float32(21.678318), np.float32(-0.79682535), np.float32(1.1288475), np.float32(24.470697), np.float32(1.2238386), np.float32(-9.549296), np.float32(-13.948248), np.float32(-14.753425), np.float32(8.073736), np.float32(22.583363), np.float32(0.11648758), np.float32(0.1897402), np.float32(14.879312), np.float32(-5.3862934), np.float32(4.3108077), np.float32(-4.710663), np.float32(0.07728079), np.float32(0.2887346), np.float32(-2.791695), np.float32(1.0103683), np.float32(-4.7887826), np.float32(0.91982406), np.float32(-0.03412972), np.float32(-2.355524)]","[np.float32(-0.0134231895), np.float32(-0.2572312), np.float32(-0.23903514), np.float32(0.008107691), np.float32(-0.3110909), np.float32(-0.12374525), np.float32(0.15440692), np.float32(-0.39579162), np.float32(0.23926046), np.float32(-0.029618144), np.float32(-0.04933303), np.float32(-0.059069585), np.float32(-0.062440712), np.float32(0.23578529), np.float32(0.14951777), np.float32(-0.088309884), np.float32(0.028874006), np.float32(-0.25570062), np.float32(-0.14183217), np.float32(-0.012048399), np.float32(0.15597999), np.float32(0.07627635), np.float32(0.2213829), np.float32(0.20482811), np.float32(0.16263887), np.float32(0.21034417), np.float32(-0.023648405), np.float32(-0.28638282), np.float32(0.004165683), np.float32(0.27494007), np.float32(0.10895074), np.float32(-0.1484246)]","[np.float32(0.7203506), np.float32(0.76662344), np.float32(0.9984605), np.float32(0.9584142), np.float32(0.7399093), np.float32(0.9038367), np.float32(0.8981554), np.float32(0.9064159), np.float32(0.9002219), np.float32(0.8673354), np.float32(0.8932425), np.float32(0.9159406), np.float32(0.9745372), np.float32(0.7967599), np.float32(0.97460085), np.float32(0.85004944), np.float32(1.0748682), np.float32(0.8474076), np.float32(0.97138613), np.float32(0.8731199), np.float32(0.8520826), np.float32(1.017155), np.float32(1.0149219), np.float32(0.82550246), np.float32(0.8573261), np.float32(0.8399588), np.float32(1.0449455), np.float32(1.0004606), np.float32(0.93584144), np.float32(0.8625193), np.float32(0.9102999), np.float32(0.88035715)]"
2018-02-21 09:59:00+00:00,16.01827,0,LOEO,26,"[np.float32(-0.90328676), np.float32(-12.838683), np.float32(-91.505684), np.float32(-41.16117), np.float32(-1.8096079), np.float32(16.865103), np.float32(-77.66583), np.float32(-129.45207), np.float32(23.828484), np.float32(0.59015757), np.float32(2.4817038), np.float32(-11.927599), np.float32(0.23171927), np.float32(-2.1538124), np.float32(2.6766582), np.float32(-9.809312), np.float32(7.2574806), np.float32(3.7698386), np.float32(-0.8236133), np.float32(-14.617909), np.float32(10.979426), np.float32(-14.756608), np.float32(-2.783163), np.float32(8.529245), np.float32(1.4592804), np.float32(-2.1940057), np.float32(9.716623), np.float32(-1.8950619), np.float32(0.6454284), np.float32(2.0955722), np.float32(-4.897253), np.float32(1.8487059)]","[np.float32(-0.027396083), np.float32(-0.24341507), np.float32(-0.27659565), np.float32(-0.04906363), np.float32(-0.2532733), np.float32(-0.20019518), np.float32(0.117932975), np.float32(-0.47875988), np.float32(0.30613118), np.float32(-0.072561845), np.float32(-0.002249634), np.float32(-0.07693188), np.float32(-0.066353716), np.float32(0.23059623), np.float32(0.050749075), np.float32(-0.119616434), np.float32(0.0390435), np.float32(-0.30987772), np.float32(-0.19574845), np.float32(-0.03725964), np.float32(0.23134553), np.float32(0.18359709), np.float32(0.28808084), np.float32(0.3227351), np.float32(0.14213441), np.float32(0.15914005), np.float32(0.102281354), np.float32(-0.35913664), np.float32(-0.065856755), np.float32(0.26624042), np.float32(0.1755035), np.float32(-0.120448254)]","[np.float32(0.68521196), np.float32(0.74367064), np.float32(1.0112187), np.float32(0.93950236), np.float32(0.71767926), np.float32(0.86638236), np.float32(0.8110109), np.float32(0.8395787), np.float32(0.92366886), np.float32(0.87210524), np.float32(0.8318053), np.float32(0.8774674), np.float32(0.9482755), np.float32(0.77545995), np.float32(0.93450165), np.float32(0.8111641), np.float32(1.0287235), np.float32(0.8296428), np.float32(0.9647263), np.float32(0.8613682), np.float32(0.79247147), np.float32(1.0096773), np.float32(0.9940199), np.float32(0.85542804), np.float32(0.8640411), np.float32(0.85522604), np.float32(1.0518744), np.float32(0.9883875), np.float32(0.90062445), np.float32(0.8394065), np.float32(0.8344053), np.float32(0.88948375)]"
2018-02-21 09:58:00+00:00,14.581107,0,LOEO,26,"[np.float32(-8.690023), np.float32(-13.512719), np.float32(-24.99151), np.float32(-41.778187), np.float32(-0.25074938), np.float32(18.214945), np.float32(-70.671265), np.float32(-114.07607), np.float32(21.13473), np.float32(0.359408), np.float32(0.69655925), np.float32(21.776299), np.float32(-0.5147256), np.float32(-3.8180332), np.float32(-16.96238), np.float32(-21.468203), np.float32(12.734768), np.float32(24.793816), np.float32(1.3680766), np.float32(-2.593758), np.float32(16.166613), np.float32(-3.7588665), np.float32(-3.684034), np.float32(3.453877), np.float32(2.368015), np.float32(0.9118581), np.float32(6.908676), np.float32(-1.8563979), np.float32(-1.1252711), np.float32(0.85091823), np.float32(-5.705672), np.float32(0.43867144)]","[np.float32(-0.025164027), np.float32(-0.3092581), np.float32(-0.26770186), np.float32(-0.054035082), np.float32(-0.370197), np.float32(-0.050351724), np.float32(0.18625525), np.float32(-0.37655878), np.float32(0.23157248), np.float32(-0.047354862), np.float32(-0.06671979), np.float32(-0.07692434), np.float32(-0.13279411), np.float32(0.21561012), np.float32(0.20139), np.float32(-0.0367134), np.float32(0.025753923), np.float32(-0.26102993), np.float32(-0.102525584), np.float32(-0.03994322), np.float32(0.12873138), np.float32(0.045895457), np.float32(0.24185811), np.float32(0.16405126), np.float32(0.18803352), np.float32(0.23082834), np.float32(-0.03672652), np.float32(-0.2399466), np.float32(0.0037849434), np.float32(0.2821454), np.float32(0.11643607), np.float32(-0.17197809)]","[np.float32(0.7319002), np.float32(0.7827414), np.float32(1.0155352), np.float32(0.98376906), np.float32(0.75550985), np.float32(0.9605403), np.float32(0.9726125), np.float32(0.9399961), np.float32(0.8925057), np.float32(0.9184617), np.float32(0.94011855), np.float32(0.9501613), np.float32(0.97301656), np.float32(0.8037417), np.float32(1.0450853), np.float32(0.853925), np.float32(1.1156015), np.float32(0.86939627), np.float32(0.9919092), np.float32(0.88647515), np.float32(0.89083445), np.float32(1.0720117), np.float32(1.0901736), np.float32(0.8305624), np.float32(0.8752043), np.float32(0.84202325), np.float32(1.0764577), np.float32(1.0455278), np.float32(0.99120677), np.float32(0.8897445), np.float32(0.92478776), np.float32(0.89581305)]"
2018-02-21 10:41:00+00:00,9174.007,1,LOEO,27,"[np.float32(-233.71912), np.float32(18208.482), np.float32(-5.561069), np.float32(-2277.2034), np.float32(-5284.2695), np.float32(2397.4915), np.float32(4368.599), np.float32(-6366.0225), np.float32(-22963.299), np.float32(-2959.2585), np.float32(37178.586), np.float32(1323.4481), np.float32(5942.1084), np.float32(847.7356), np.float32(4084.1458), np.float32(2637.7144), np.float32(1577.679), np.float32(-19194.848), np.float32(9774.968), np.float32(24045.934), np.float32(14670.348), np.float32(-787.5105), np.float32(15046.875), np.float32(-17738.406), np.float32(17077.57), np.float32(2582.1091), np.float32(27360.49), np.float32(233.74371), np.float32(5555.252), np.float32(11321.958), np.float32(-2558.766), np.float32(6963.8843)]","[np.float32(-0.1428684), np.float32(-0.20949261), np.float32(0.18647411), np.float32(0.19782597), np.float32(-0.072970115), np.float32(-0.17326996), np.float32(-0.03047963), np.float32(-0.050884925), np.float32(0.03937161), np.float32(-0.119537756), np.float32(-0.023424942), np.float32(-0.042294882), np.float32(-0.15697244), np.float32(0.03402767), np.float32(0.22791666), np.float32(-0.015398689), np.float32(0.12596056), np.float32(-0.16912377), np.float32(-0.019433573), np.float32(-0.11332277), np.float32(0.101342335), np.float32(0.13304615), np.float32(0.08048706), np.float32(0.10682227), np.float32(0.14765684), np.float32(0.018511608), np.float32(0.03983245), np.float32(0.068848304), np.float32(-0.01864241), np.float32(-0.057736516), np.float32(0.023908997), np.float32(-0.10383982)]","[np.float32(0.7634989), np.float32(0.7902671), np.float32(0.8517362), np.float32(0.8642352), np.float32(0.7640733), np.float32(0.8950426), np.float32(0.8240942), np.float32(0.8264587), np.float32(0.6921625), np.float32(0.8535239), np.float32(0.80025524), np.float32(0.85626507), np.float32(0.8467182), np.float32(0.7684233), np.float32(0.8922458), np.float32(0.70987236), np.float32(0.8789826), np.float32(0.7650036), np.float32(0.8282873), np.float32(0.84628385), np.float32(0.9540768), np.float32(0.91045916), np.float32(0.9009326), np.float32(0.8987193), np.float32(0.79381377), np.float32(0.8324419), np.float32(1.0830224), np.float32(0.9336144), np.float32(0.98822105), np.float32(0.82151526), np.float32(0.7587563), np.float32(0.88807195)]"
2018-02-21 10:02:00+00:00,16.12416,0,LOEO,27,"[np.float32(-0.6593148), np.float32(-12.399181), np.float32(-92.00364), np.float32(-46.999382), np.float32(-0.88267535), np.float32(10.057704), np.float32(-88.691376), np.float32(-145.29782), np.float32(24.91573), np.float32(-1.4715948), np.float32(3.6068027), np.float32(-4.9737473), np.float32(4.9176245), np.float32(-14.451329), np.float32(13.689194), np.float32(-1.9439656), np.float32(-0.7153407), np.float32(-0.49825653), np.float32(-1.4894817), np.float32(-10.434171), np.float32(8.434305), np.float32(-14.942855), np.float32(4.426138), np.float32(1.1730396), np.float32(2.7993014), np.float32(-2.6427827), np.float32(0.16957216), np.float32(0.37996528), np.float32(-0.023722807), np.float32(2.410696), np.float32(0.7168233), np.float32(0.069908425)]","[np.float32(-0.03637116), np.float32(-0.32416618), np.float32(-0.27999628), np.float32(-0.048489198), np.float32(-0.38998502), np.float32(-0.06461605), np.float32(0.20283139), np.float32(-0.42237324), np.float32(0.2661222), np.float32(-0.053656697), np.float32(-0.07425078), np.float32(-0.03539266), np.float32(-0.12534948), np.float32(0.24458446), np.float32(0.21048209), np.float32(-0.06451122), np.float32(0.049854502), np.float32(-0.2711866), np.float32(-0.15580241), np.float32(-0.07326477), np.float32(0.15508172), np.float32(0.055599667), np.float32(0.25403872), np.float32(0.18812951), np.float32(0.18352604), np.float32(0.20111364), np.float32(-0.04081983), np.float32(-0.2484158), np.float32(-0.009150282), np.float32(0.2900585), np.float32(0.117322885), np.float32(-0.20737195)]","[np.float32(0.7128124), np.float32(0.78827363), np.float32(1.0316323), np.float32(0.9513454), np.float32(0.7590942), np.float32(0.9559077), np.float32(0.9655444), np.float32(0.93456745), np.float32(0.9008816), np.float32(0.91073966), np.float32(0.93095165), np.float32(0.94144696), np.float32(0.9559759), np.float32(0.7945882), np.float32(1.0099248), np.float32(0.8235829), np.float32(1.0783974), np.float32(0.87301254), np.float32(1.00932), np.float32(0.8853293), np.float32(0.88007236), np.float32(1.0296904), np.float32(1.0568233), np.float32(0.8242857), np.float32(0.87834424), np.float32(0.8483432), np.float32(1.053969), np.float32(1.0510826), np.float32(0.9758823), np.float32(0.8947637), np.float32(0.9200637), np.float32(0.907105)]"
2018-02-21 10:01:00+00:00,16.140118,0,LOEO,27,"[np.float32(-0.6539692), np.float32(-12.399381), np.float32(-92.02614), np.float32(-47.03878), np.float32(-0.8756232), np.float32(10.071357), np.float32(-88.786125), np.float32(-145.44994), np.float32(24.950933), np.float32(-1.4926978), np.float32(3.613515), np.float32(-4.8934703), np.float32(4.9436274), np.float32(-14.517058), np.float32(13.778791), np.float32(-1.87773), np.float32(-0.8263029), np.float32(-0.5159984), np.float32(-1.5598574), np.float32(-10.265585), np.float32(8.34958), np.float32(-14.915883), np.float32(4.7317476), np.float32(0.7766562), np.float32(2.6124923), np.float32(-2.63326), np.float32(-0.24571174), np.float32(0.48469585), np.float32(-0.28845394), np.float32(2.430591), np.float32(0.9385861), np.float32(-0.06310148)]","[np.float32(-0.03177922), np.float32(-0.29775354), np.float32(-0.26508728), np.float32(-0.05620742), np.float32(-0.2257416), np.float32(-0.20432396), np.float32(0.12700626), np.float32(-0.53545296), np.float32(0.2989194), np.float32(-0.083408564), np.float32(0.0008898083), np.float32(-0.06334914), np.float32(-0.06941205), np.float32(0.22721562), np.float32(0.06475596), np.float32(-0.11176561), np.float32(0.084093176), np.float32(-0.31370017), np.float32(-0.1762087), np.float32(-0.06487116), np.float32(0.22678298), np.float32(0.20767108), np.float32(0.27043033), np.float32(0.3521029), np.float32(0.12437358), np.float32(0.14068481), np.float32(0.111177206), np.float32(-0.36304277), np.float32(-0.05409418), np.float32(0.2869931), np.float32(0.16707323), np.float32(-0.13945913)]","[np.float32(0.6814719), np.float32(0.76168793), np.float32(1.011765), np.float32(0.92199457), np.float32(0.7226688), np.float32(0.88160634), np.float32(0.8185679), np.float32(0.846938), np.float32(0.9345172), np.float32(0.8883731), np.float32(0.83763707), np.float32(0.8479053), np.float32(0.942158), np.float32(0.7745149), np.float32(0.9250603), np.float32(0.81261176), np.float32(1.0239301), np.float32(0.8230482), np.float32(0.9570014), np.float32(0.87408406), np.float32(0.77301574), np.float32(0.9904376), np.float32(0.98818), np.float32(0.83619994), np.float32(0.889882), np.float32(0.8362491), np.float32(1.0384688), np.float32(0.9993455), np.float32(0.9022335), np.float32(0.8703968), np.float32(0.83256173), np.float32(0.9113684)]"
2018-02-21 10:00:00+00:00,14.532734,0,LOEO,27,"[np.float32(-8.584693), np.float32(-13.20879), np.float32(-25.563938), np.float32(-42.842285), np.float32(-0.17729102), np.float32(19.421389), np.float32(-74.836586), np.float32(-120.77539), np.float32(21.678318), np.float32(-0.79682535), np.float32(1.1288475), np.float32(24.470697), np.float32(1.2238386), np.float32(-9.549296), np.float32(-13.948248), np.float32(-14.753425), np.float32(8.073736), np.float32(22.583363), np.float32(0.11648758), np.float32(0.1897402), np.float32(14.879312), np.float32(-5.3862934), np.float32(4.3108077), np.float32(-4.710663), np.float32(0.07728079), np.float32(0.2887346), np.float32(-2.791695), np.float32(1.0103683), np.float32(-4.7887826), np.float32(0.91982406), np.float32(-0.03412972), np.float32(-2.355524)]","[np.float32(-0.0134231895), np.float32(-0.2572312), np.float32(-0.23903514), np.float32(0.008107691), np.float32(-0.3110909), np.float32(-0.12374525), np.float32(0.15440692), np.float32(-0.39579162), np.float32(0.23926046), np.float32(-0.029618144), np.float32(-0.04933303), np.float32(-0.059069585), np.float32(-0.062440712), np.float32(0.23578529), np.float32(0.14951777), np.float32(-0.088309884), np.float32(0.028874006), np.float32(-0.25570062), np.float32(-0.14183217), np.float32(-0.012048399), np.float32(0.15597999), np.float32(0.07627635), np.float32(0.2213829), np.float32(0.20482811), np.float32(0.16263887), np.float32(0.21034417), np.float32(-0.023648405), np.float32(-0.28638282), np.float32(0.004165683), np.float32(0.27494007), np.float32(0.10895074), np.float32(-0.1484246)]","[np.float32(0.7203506), np.float32(0.76662344), np.float32(0.9984605), np.float32(0.9584142), np.float32(0.7399093), np.float32(0.9038367), np.float32(0.8981554), np.float32(0.9064159), np.float32(0.9002219), np.float32(0.8673354), np.float32(0.8932425), np.float32(0.9159406), np.float32(0.9745372), np.float32(0.7967599), np.float32(0.97460085), np.float32(0.85004944), np.float32(1.0748682), np.float32(0.8474076), np.float32(0.97138613), np.float32(0.8731199), np.float32(0.8520826), np.float32(1.017155), np.float32(1.0149219), np.float32(0.82550246), np.float32(0.8573261), np.float32(0.8399588), np.float32(1.0449455), np.float32(1.0004606), np.float32(0.93584144), np.float32(0.8625193), np.float32(0.9102999), np.float32(0.88035715)]"
2018-02-21 09:59:00+00:00,16.01827,0,LOEO,27,"[np.float32(-0.90328676), np.float32(-12.838683), np.float32(-91.505684), np.float32(-41.16117), np.float32(-1.8096079), np.float32(16.865103), np.float32(-77.66583), np.float32(-129.45207), np.float32(23.828484), np.float32(0.59015757), np.float32(2.4817038), np.float32(-11.927599), np.float32(0.23171927), np.float32(-2.1538124), np.float32(2.6766582), np.float32(-9.809312), np.float32(7.2574806), np.float32(3.7698386), np.float32(-0.8236133), np.float32(-14.617909), np.float32(10.979426), np.float32(-14.756608), np.float32(-2.783163), np.float32(8.529245), np.float32(1.4592804), np.float32(-2.1940057), np.float32(9.716623), np.float32(-1.8950619), np.float32(0.6454284), np.float32(2.0955722), np.float32(-4.897253), np.float32(1.8487059)]","[np.float32(-0.027396083), np.float32(-0.24341507), np.float32(-0.27659565), np.float32(-0.04906363), np.float32(-0.2532733), np.float32(-0.20019518), np.float32(0.117932975), np.float32(-0.47875988), np.float32(0.30613118), np.float32(-0.072561845), np.float32(-0.002249634), np.float32(-0.07693188), np.float32(-0.066353716), np.float32(0.23059623), np.float32(0.050749075), np.float32(-0.119616434), np.float32(0.0390435), np.float32(-0.30987772), np.float32(-0.19574845), np.float32(-0.03725964), np.float32(0.23134553), np.float32(0.18359709), np.float32(0.28808084), np.float32(0.3227351), np.float32(0.14213441), np.float32(0.15914005), np.float32(0.102281354), np.float32(-0.35913664), np.float32(-0.065856755), np.float32(0.26624042), np.float32(0.1755035), np.float32(-0.120448254)]","[np.float32(0.68521196), np.float32(0.74367064), np.float32(1.0112187), np.float32(0.93950236), np.float32(0.71767926), np.float32(0.86638236), np.float32(0.8110109), np.float32(0.8395787), np.float32(0.92366886), np.float32(0.87210524), np.float32(0.8318053), np.float32(0.8774674), np.float32(0.9482755), np.float32(0.77545995), np.float32(0.93450165), np.float32(0.8111641), np.float32(1.0287235), np.float32(0.8296428), np.float32(0.9647263), np.float32(0.8613682), np.float32(0.79247147), np.float32(1.0096773), np.float32(0.9940199), np.float32(0.85542804), np.float32(0.8640411), np.float32(0.85522604), np.float32(1.0518744), np.float32(0.9883875), np.float32(0.90062445), np.float32(0.8394065), np.float32(0.8344053), np.float32(0.88948375)]"
2018-02-21 09:58:00+00:00,14.581107,0,LOEO,27,"[np.float32(-8.690023), np.float32(-13.512719), np.float32(-24.99151), np.float32(-41.778187), np.float32(-0.25074938), np.float32(18.214945), np.float32(-70.671265), np.float32(-114.07607), np.float32(21.13473), np.float32(0.359408), np.float32(0.69655925), np.float32(21.776299), np.float32(-0.5147256), np.float32(-3.8180332), np.float32(-16.96238), np.float32(-21.468203), np.float32(12.734768), np.float32(24.793816), np.float32(1.3680766), np.float32(-2.593758), np.float32(16.166613), np.float32(-3.7588665), np.float32(-3.684034), np.float32(3.453877), np.float32(2.368015), np.float32(0.9118581), np.float32(6.908676), np.float32(-1.8563979), np.float32(-1.1252711), np.float32(0.85091823), np.float32(-5.705672), np.float32(0.43867144)]","[np.float32(-0.025164027), np.float32(-0.3092581), np.float32(-0.26770186), np.float32(-0.054035082), np.float32(-0.370197), np.float32(-0.050351724), np.float32(0.18625525), np.float32(-0.37655878), np.float32(0.23157248), np.float32(-0.047354862), np.float32(-0.06671979), np.float32(-0.07692434), np.float32(-0.13279411), np.float32(0.21561012), np.float32(0.20139), np.float32(-0.0367134), np.float32(0.025753923), np.float32(-0.26102993), np.float32(-0.102525584), np.float32(-0.03994322), np.float32(0.12873138), np.float32(0.045895457), np.float32(0.24185811), np.float32(0.16405126), np.float32(0.18803352), np.float32(0.23082834), np.float32(-0.03672652), np.float32(-0.2399466), np.float32(0.0037849434), np.float32(0.2821454), np.float32(0.11643607), np.float32(-0.17197809)]","[np.float32(0.7319002), np.float32(0.7827414), np.float32(1.0155352), np.float32(0.98376906), np.float32(0.75550985), np.float32(0.9605403), np.float32(0.9726125), np.float32(0.9399961), np.float32(0.8925057), np.float32(0.9184617), np.float32(0.94011855), np.float32(0.9501613), np.float32(0.97301656), np.float32(0.8037417), np.float32(1.0450853), np.float32(0.853925), np.float32(1.1156015), np.float32(0.86939627), np.float32(0.9919092), np.float32(0.88647515), np.float32(0.89083445), np.float32(1.0720117), np.float32(1.0901736), np.float32(0.8305624), np.float32(0.8752043), np.float32(0.84202325), np.float32(1.0764577), np.float32(1.0455278), np.float32(0.99120677), np.float32(0.8897445), np.float32(0.92478776), np.float32(0.89581305)]"
2018-02-21 10:43:00+00:00,2957.354,0,LOEO,28,"[np.float32(-42.24146), np.float32(6580.5776), np.float32(-448.42365), np.float32(-886.9089), np.float32(-1990.4485), np.float32(767.287), np.float32(1308.7485), np.float32(-2044.8717), np.float32(-7669.8076), np.float32(-1092.2808), np.float32(13496.327), np.float32(215.56508), np.float32(1536.97), np.float32(341.46442), np.float32(1299.847), np.float32(767.4705), np.float32(465.10327), np.float32(-5719.478), np.float32(2640.4946), np.float32(7153.091), np.float32(4321.933), np.float32(-254.05412), np.float32(4730.799), np.float32(-5654.476), np.float32(5426.59), np.float32(986.8682), np.float32(8468.1875), np.float32(12.466251), np.float32(1796.443), np.float32(3502.209), np.float32(-784.699), np.float32(2228.943)]","[np.float32(-0.14286876), np.float32(-0.20949265), np.float32(0.18647552), np.float32(0.19782634), np.float32(-0.07296994), np.float32(-0.17327037), np.float32(-0.030479996), np.float32(-0.050884493), np.float32(0.039371766), np.float32(-0.1195381), np.float32(-0.02342499), np.float32(-0.042294804), np.float32(-0.15697266), np.float32(0.0340276), np.float32(0.2279171), np.float32(-0.015398346), np.float32(0.12596124), np.float32(-0.16912375), np.float32(-0.019433834), np.float32(-0.11332331), np.float32(0.10134219), np.float32(0.133047), np.float32(0.08048712), np.float32(0.10682227), np.float32(0.1476565), np.float32(0.018511377), np.float32(0.03983248), np.float32(0.06884802), np.float32(-0.018642474), np.float32(-0.057736993), np.float32(0.023908803), np.float32(-0.103839815)]","[np.float32(0.76349896), np.float32(0.790267), np.float32(0.8517362), np.float32(0.8642351), np.float32(0.7640734), np.float32(0.8950433), np.float32(0.8240944), np.float32(0.826459), np.float32(0.6921624), np.float32(0.8535241), np.float32(0.80025536), np.float32(0.8562652), np.float32(0.8467182), np.float32(0.76842374), np.float32(0.8922458), np.float32(0.70987266), np.float32(0.87898266), np.float32(0.76500356), np.float32(0.82828736), np.float32(0.8462842), np.float32(0.9540776), np.float32(0.9104592), np.float32(0.9009331), np.float32(0.8987196), np.float32(0.79381424), np.float32(0.83244187), np.float32(1.0830226), np.float32(0.9336147), np.float32(0.98822176), np.float32(0.82151574), np.float32(0.75875676), np.float32(0.8880722)]"
2018-02-21 10:02:00+00:00,16.12416,0,LOEO,28,"[np.float32(-0.6593148), np.float32(-12.399181), np.float32(-92.00364), np.float32(-46.999382), np.float32(-0.88267535), np.float32(10.057704), np.float32(-88.691376), np.float32(-145.29782), np.float32(24.91573), np.float32(-1.4715948), np.float32(3.6068027), np.float32(-4.9737473), np.float32(4.9176245), np.float32(-14.451329), np.float32(13.689194), np.float32(-1.9439656), np.float32(-0.7153407), np.float32(-0.49825653), np.float32(-1.4894817), np.float32(-10.434171), np.float32(8.434305), np.float32(-14.942855), np.float32(4.426138), np.float32(1.1730396), np.float32(2.7993014), np.float32(-2.6427827), np.float32(0.16957216), np.float32(0.37996528), np.float32(-0.023722807), np.float32(2.410696), np.float32(0.7168233), np.float32(0.069908425)]","[np.float32(-0.03637116), np.float32(-0.32416618), np.float32(-0.27999628), np.float32(-0.048489198), np.float32(-0.38998502), np.float32(-0.06461605), np.float32(0.20283139), np.float32(-0.42237324), np.float32(0.2661222), np.float32(-0.053656697), np.float32(-0.07425078), np.float32(-0.03539266), np.float32(-0.12534948), np.float32(0.24458446), np.float32(0.21048209), np.float32(-0.06451122), np.float32(0.049854502), np.float32(-0.2711866), np.float32(-0.15580241), np.float32(-0.07326477), np.float32(0.15508172), np.float32(0.055599667), np.float32(0.25403872), np.float32(0.18812951), np.float32(0.18352604), np.float32(0.20111364), np.float32(-0.04081983), np.float32(-0.2484158), np.float32(-0.009150282), np.float32(0.2900585), np.float32(0.117322885), np.float32(-0.20737195)]","[np.float32(0.7128124), np.float32(0.78827363), np.float32(1.0316323), np.float32(0.9513454), np.float32(0.7590942), np.float32(0.9559077), np.float32(0.9655444), np.float32(0.93456745), np.float32(0.9008816), np.float32(0.91073966), np.float32(0.93095165), np.float32(0.94144696), np.float32(0.9559759), np.float32(0.7945882), np.float32(1.0099248), np.float32(0.8235829), np.float32(1.0783974), np.float32(0.87301254), np.float32(1.00932), np.float32(0.8853293), np.float32(0.88007236), np.float32(1.0296904), np.float32(1.0568233), np.float32(0.8242857), np.float32(0.87834424), np.float32(0.8483432), np.float32(1.053969), np.float32(1.0510826), np.float32(0.9758823), np.float32(0.8947637), np.float32(0.9200637), np.float32(0.907105)]"
2018-02-21 10:01:00+00:00,16.140118,0,LOEO,28,"[np.float32(-0.6539692), np.float32(-12.399381), np.float32(-92.02614), np.float32(-47.03878), np.float32(-0.8756232), np.float32(10.071357), np.float32(-88.786125), np.float32(-145.44994), np.float32(24.950933), np.float32(-1.4926978), np.float32(3.613515), np.float32(-4.8934703), np.float32(4.9436274), np.float32(-14.517058), np.float32(13.778791), np.float32(-1.87773), np.float32(-0.8263029), np.float32(-0.5159984), np.float32(-1.5598574), np.float32(-10.265585), np.float32(8.34958), np.float32(-14.915883), np.float32(4.7317476), np.float32(0.7766562), np.float32(2.6124923), np.float32(-2.63326), np.float32(-0.24571174), np.float32(0.48469585), np.float32(-0.28845394), np.float32(2.430591), np.float32(0.9385861), np.float32(-0.06310148)]","[np.float32(-0.03177922), np.float32(-0.29775354), np.float32(-0.26508728), np.float32(-0.05620742), np.float32(-0.2257416), np.float32(-0.20432396), np.float32(0.12700626), np.float32(-0.53545296), np.float32(0.2989194), np.float32(-0.083408564), np.float32(0.0008898083), np.float32(-0.06334914), np.float32(-0.06941205), np.float32(0.22721562), np.float32(0.06475596), np.float32(-0.11176561), np.float32(0.084093176), np.float32(-0.31370017), np.float32(-0.1762087), np.float32(-0.06487116), np.float32(0.22678298), np.float32(0.20767108), np.float32(0.27043033), np.float32(0.3521029), np.float32(0.12437358), np.float32(0.14068481), np.float32(0.111177206), np.float32(-0.36304277), np.float32(-0.05409418), np.float32(0.2869931), np.float32(0.16707323), np.float32(-0.13945913)]","[np.float32(0.6814719), np.float32(0.76168793), np.float32(1.011765), np.float32(0.92199457), np.float32(0.7226688), np.float32(0.88160634), np.float32(0.8185679), np.float32(0.846938), np.float32(0.9345172), np.float32(0.8883731), np.float32(0.83763707), np.float32(0.8479053), np.float32(0.942158), np.float32(0.7745149), np.float32(0.9250603), np.float32(0.81261176), np.float32(1.0239301), np.float32(0.8230482), np.float32(0.9570014), np.float32(0.87408406), np.float32(0.77301574), np.float32(0.9904376), np.float32(0.98818), np.float32(0.83619994), np.float32(0.889882), np.float32(0.8362491), np.float32(1.0384688), np.float32(0.9993455), np.float32(0.9022335), np.float32(0.8703968), np.float32(0.83256173), np.float32(0.9113684)]"
2018-02-21 10:00:00+00:00,14.532734,0,LOEO,28,"[np.float32(-8.584693), np.float32(-13.20879), np.float32(-25.563938), np.float32(-42.842285), np.float32(-0.17729102), np.float32(19.421389), np.float32(-74.836586), np.float32(-120.77539), np.float32(21.678318), np.float32(-0.79682535), np.float32(1.1288475), np.float32(24.470697), np.float32(1.2238386), np.float32(-9.549296), np.float32(-13.948248), np.float32(-14.753425), np.float32(8.073736), np.float32(22.583363), np.float32(0.11648758), np.float32(0.1897402), np.float32(14.879312), np.float32(-5.3862934), np.float32(4.3108077), np.float32(-4.710663), np.float32(0.07728079), np.float32(0.2887346), np.float32(-2.791695), np.float32(1.0103683), np.float32(-4.7887826), np.float32(0.91982406), np.float32(-0.03412972), np.float32(-2.355524)]","[np.float32(-0.0134231895), np.float32(-0.2572312), np.float32(-0.23903514), np.float32(0.008107691), np.float32(-0.3110909), np.float32(-0.12374525), np.float32(0.15440692), np.float32(-0.39579162), np.float32(0.23926046), np.float32(-0.029618144), np.float32(-0.04933303), np.float32(-0.059069585), np.float32(-0.062440712), np.float32(0.23578529), np.float32(0.14951777), np.float32(-0.088309884), np.float32(0.028874006), np.float32(-0.25570062), np.float32(-0.14183217), np.float32(-0.012048399), np.float32(0.15597999), np.float32(0.07627635), np.float32(0.2213829), np.float32(0.20482811), np.float32(0.16263887), np.float32(0.21034417), np.float32(-0.023648405), np.float32(-0.28638282), np.float32(0.004165683), np.float32(0.27494007), np.float32(0.10895074), np.float32(-0.1484246)]","[np.float32(0.7203506), np.float32(0.76662344), np.float32(0.9984605), np.float32(0.9584142), np.float32(0.7399093), np.float32(0.9038367), np.float32(0.8981554), np.float32(0.9064159), np.float32(0.9002219), np.float32(0.8673354), np.float32(0.8932425), np.float32(0.9159406), np.float32(0.9745372), np.float32(0.7967599), np.float32(0.97460085), np.float32(0.85004944), np.float32(1.0748682), np.float32(0.8474076), np.float32(0.97138613), np.float32(0.8731199), np.float32(0.8520826), np.float32(1.017155), np.float32(1.0149219), np.float32(0.82550246), np.float32(0.8573261), np.float32(0.8399588), np.float32(1.0449455), np.float32(1.0004606), np.float32(0.93584144), np.float32(0.8625193), np.float32(0.9102999), np.float32(0.88035715)]"
2018-02-21 09:59:00+00:00,16.01827,0,LOEO,28,"[np.float32(-0.90328676), np.float32(-12.838683), np.float32(-91.505684), np.float32(-41.16117), np.float32(-1.8096079), np.float32(16.865103), np.float32(-77.66583), np.float32(-129.45207), np.float32(23.828484), np.float32(0.59015757), np.float32(2.4817038), np.float32(-11.927599), np.float32(0.23171927), np.float32(-2.1538124), np.float32(2.6766582), np.float32(-9.809312), np.float32(7.2574806), np.float32(3.7698386), np.float32(-0.8236133), np.float32(-14.617909), np.float32(10.979426), np.float32(-14.756608), np.float32(-2.783163), np.float32(8.529245), np.float32(1.4592804), np.float32(-2.1940057), np.float32(9.716623), np.float32(-1.8950619), np.float32(0.6454284), np.float32(2.0955722), np.float32(-4.897253), np.float32(1.8487059)]","[np.float32(-0.027396083), np.float32(-0.24341507), np.float32(-0.27659565), np.float32(-0.04906363), np.float32(-0.2532733), np.float32(-0.20019518), np.float32(0.117932975), np.float32(-0.47875988), np.float32(0.30613118), np.float32(-0.072561845), np.float32(-0.002249634), np.float32(-0.07693188), np.float32(-0.066353716), np.float32(0.23059623), np.float32(0.050749075), np.float32(-0.119616434), np.float32(0.0390435), np.float32(-0.30987772), np.float32(-0.19574845), np.float32(-0.03725964), np.float32(0.23134553), np.float32(0.18359709), np.float32(0.28808084), np.float32(0.3227351), np.float32(0.14213441), np.float32(0.15914005), np.float32(0.102281354), np.float32(-0.35913664), np.float32(-0.065856755), np.float32(0.26624042), np.float32(0.1755035), np.float32(-0.120448254)]","[np.float32(0.68521196), np.float32(0.74367064), np.float32(1.0112187), np.float32(0.93950236), np.float32(0.71767926), np.float32(0.86638236), np.float32(0.8110109), np.float32(0.8395787), np.float32(0.92366886), np.float32(0.87210524), np.float32(0.8318053), np.float32(0.8774674), np.float32(0.9482755), np.float32(0.77545995), np.float32(0.93450165), np.float32(0.8111641), np.float32(1.0287235), np.float32(0.8296428), np.float32(0.9647263), np.float32(0.8613682), np.float32(0.79247147), np.float32(1.0096773), np.float32(0.9940199), np.float32(0.85542804), np.float32(0.8640411), np.float32(0.85522604), np.float32(1.0518744), np.float32(0.9883875), np.float32(0.90062445), np.float32(0.8394065), np.float32(0.8344053), np.float32(0.88948375)]"
2018-02-21 09:58:00+00:00,14.581107,0,LOEO,28,"[np.float32(-8.690023), np.float32(-13.512719), np.float32(-24.99151), np.float32(-41.778187), np.float32(-0.25074938), np.float32(18.214945), np.float32(-70.671265), np.float32(-114.07607), np.float32(21.13473), np.float32(0.359408), np.float32(0.69655925), np.float32(21.776299), np.float32(-0.5147256), np.float32(-3.8180332), np.float32(-16.96238), np.float32(-21.468203), np.float32(12.734768), np.float32(24.793816), np.float32(1.3680766), np.float32(-2.593758), np.float32(16.166613), np.float32(-3.7588665), np.float32(-3.684034), np.float32(3.453877), np.float32(2.368015), np.float32(0.9118581), np.float32(6.908676), np.float32(-1.8563979), np.float32(-1.1252711), np.float32(0.85091823), np.float32(-5.705672), np.float32(0.43867144)]","[np.float32(-0.025164027), np.float32(-0.3092581), np.float32(-0.26770186), np.float32(-0.054035082), np.float32(-0.370197), np.float32(-0.050351724), np.float32(0.18625525), np.float32(-0.37655878), np.float32(0.23157248), np.float32(-0.047354862), np.float32(-0.06671979), np.float32(-0.07692434), np.float32(-0.13279411), np.float32(0.21561012), np.float32(0.20139), np.float32(-0.0367134), np.float32(0.025753923), np.float32(-0.26102993), np.float32(-0.102525584), np.float32(-0.03994322), np.float32(0.12873138), np.float32(0.045895457), np.float32(0.24185811), np.float32(0.16405126), np.float32(0.18803352), np.float32(0.23082834), np.float32(-0.03672652), np.float32(-0.2399466), np.float32(0.0037849434), np.float32(0.2821454), np.float32(0.11643607), np.float32(-0.17197809)]","[np.float32(0.7319002), np.float32(0.7827414), np.float32(1.0155352), np.float32(0.98376906), np.float32(0.75550985), np.float32(0.9605403), np.float32(0.9726125), np.float32(0.9399961), np.float32(0.8925057), np.float32(0.9184617), np.float32(0.94011855), np.float32(0.9501613), np.float32(0.97301656), np.float32(0.8037417), np.float32(1.0450853), np.float32(0.853925), np.float32(1.1156015), np.float32(0.86939627), np.float32(0.9919092), np.float32(0.88647515), np.float32(0.89083445), np.float32(1.0720117), np.float32(1.0901736), np.float32(0.8305624), np.float32(0.8752043), np.float32(0.84202325), np.float32(1.0764577), np.float32(1.0455278), np.float32(0.99120677), np.float32(0.8897445), np.float32(0.92478776), np.float32(0.89581305)]"
2018-02-21 10:12:00+00:00,13104.736,1,LOEO,29,"[np.float32(-292.49445), np.float32(23884.352), np.float32(4.085098), np.float32(-2589.1099), np.float32(-6963.195), np.float32(3294.1755), np.float32(6153.355), np.float32(-9582.245), np.float32(-33305.035), np.float32(-3345.4106), np.float32(48827.8), np.float32(1923.468), np.float32(9295.985), np.float32(1285.305), np.float32(6051.89), np.float32(3967.0361), np.float32(2278.1091), np.float32(-28590.068), np.float32(14418.559), np.float32(35754.105), np.float32(22010.072), np.float32(-1243.7325), np.float32(21856.783), np.float32(-25512.627), np.float32(24707.135), np.float32(3684.7576), np.float32(39493.285), np.float32(437.6729), np.float32(8201.751), np.float32(16414.361), np.float32(-3689.4211), np.float32(10293.865)]","[np.float32(-0.13837335), np.float32(-0.3244208), np.float32(0.17530662), np.float32(0.23898919), np.float32(-0.10537888), np.float32(-0.2739737), np.float32(-0.031556062), np.float32(-0.022060297), np.float32(0.07781812), np.float32(-0.18608402), np.float32(-0.008680343), np.float32(-0.028429039), np.float32(-0.27822074), np.float32(0.06321362), np.float32(0.19991013), np.float32(-0.10765019), np.float32(0.21654472), np.float32(-0.35890195), np.float32(-0.11450654), np.float32(-0.118510745), np.float32(0.0844122), np.float32(0.30280787), np.float32(0.17417665), np.float32(0.09234846), np.float32(0.09492911), np.float32(0.09744859), np.float32(0.087866515), np.float32(-0.029081445), np.float32(-0.07032074), np.float32(-0.016254626), np.float32(0.08984322), np.float32(-0.12891665)]","[np.float32(0.71557224), np.float32(0.7309725), np.float32(0.8879907), np.float32(0.9008989), np.float32(0.7736862), np.float32(0.8303019), np.float32(0.8864165), np.float32(0.7662575), np.float32(0.7353239), np.float32(0.864562), np.float32(0.7913451), np.float32(0.90150523), np.float32(0.8484796), np.float32(0.74652565), np.float32(0.89449763), np.float32(0.7511575), np.float32(0.9268482), np.float32(0.7568456), np.float32(0.7956118), np.float32(0.8065623), np.float32(0.9233234), np.float32(1.0051984), np.float32(0.9477071), np.float32(0.9952782), np.float32(0.87267816), np.float32(0.8739374), np.float32(1.1071872), np.float32(0.95872223), np.float32(1.0359504), np.float32(0.7940206), np.float32(0.7027211), np.float32(0.89205927)]"
2018-02-21 10:02:00+00:00,16.12416,0,LOEO,29,"[np.float32(-0.6593148), np.float32(-12.399181), np.float32(-92.00364), np.float32(-46.999382), np.float32(-0.88267535), np.float32(10.057704), np.float32(-88.691376), np.float32(-145.29782), np.float32(24.91573), np.float32(-1.4715948), np.float32(3.6068027), np.float32(-4.9737473), np.float32(4.9176245), np.float32(-14.451329), np.float32(13.689194), np.float32(-1.9439656), np.float32(-0.7153407), np.float32(-0.49825653), np.float32(-1.4894817), np.float32(-10.434171), np.float32(8.434305), np.float32(-14.942855), np.float32(4.426138), np.float32(1.1730396), np.float32(2.7993014), np.float32(-2.6427827), np.float32(0.16957216), np.float32(0.37996528), np.float32(-0.023722807), np.float32(2.410696), np.float32(0.7168233), np.float32(0.069908425)]","[np.float32(-0.03637116), np.float32(-0.32416618), np.float32(-0.27999628), np.float32(-0.048489198), np.float32(-0.38998502), np.float32(-0.06461605), np.float32(0.20283139), np.float32(-0.42237324), np.float32(0.2661222), np.float32(-0.053656697), np.float32(-0.07425078), np.float32(-0.03539266), np.float32(-0.12534948), np.float32(0.24458446), np.float32(0.21048209), np.float32(-0.06451122), np.float32(0.049854502), np.float32(-0.2711866), np.float32(-0.15580241), np.float32(-0.07326477), np.float32(0.15508172), np.float32(0.055599667), np.float32(0.25403872), np.float32(0.18812951), np.float32(0.18352604), np.float32(0.20111364), np.float32(-0.04081983), np.float32(-0.2484158), np.float32(-0.009150282), np.float32(0.2900585), np.float32(0.117322885), np.float32(-0.20737195)]","[np.float32(0.7128124), np.float32(0.78827363), np.float32(1.0316323), np.float32(0.9513454), np.float32(0.7590942), np.float32(0.9559077), np.float32(0.9655444), np.float32(0.93456745), np.float32(0.9008816), np.float32(0.91073966), np.float32(0.93095165), np.float32(0.94144696), np.float32(0.9559759), np.float32(0.7945882), np.float32(1.0099248), np.float32(0.8235829), np.float32(1.0783974), np.float32(0.87301254), np.float32(1.00932), np.float32(0.8853293), np.float32(0.88007236), np.float32(1.0296904), np.float32(1.0568233), np.float32(0.8242857), np.float32(0.87834424), np.float32(0.8483432), np.float32(1.053969), np.float32(1.0510826), np.float32(0.9758823), np.float32(0.8947637), np.float32(0.9200637), np.float32(0.907105)]"
2018-02-21 10:01:00+00:00,16.140118,0,LOEO,29,"[np.float32(-0.6539692), np.float32(-12.399381), np.float32(-92.02614), np.float32(-47.03878), np.float32(-0.8756232), np.float32(10.071357), np.float32(-88.786125), np.float32(-145.44994), np.float32(24.950933), np.float32(-1.4926978), np.float32(3.613515), np.float32(-4.8934703), np.float32(4.9436274), np.float32(-14.517058), np.float32(13.778791), np.float32(-1.87773), np.float32(-0.8263029), np.float32(-0.5159984), np.float32(-1.5598574), np.float32(-10.265585), np.float32(8.34958), np.float32(-14.915883), np.float32(4.7317476), np.float32(0.7766562), np.float32(2.6124923), np.float32(-2.63326), np.float32(-0.24571174), np.float32(0.48469585), np.float32(-0.28845394), np.float32(2.430591), np.float32(0.9385861), np.float32(-0.06310148)]","[np.float32(-0.03177922), np.float32(-0.29775354), np.float32(-0.26508728), np.float32(-0.05620742), np.float32(-0.2257416), np.float32(-0.20432396), np.float32(0.12700626), np.float32(-0.53545296), np.float32(0.2989194), np.float32(-0.083408564), np.float32(0.0008898083), np.float32(-0.06334914), np.float32(-0.06941205), np.float32(0.22721562), np.float32(0.06475596), np.float32(-0.11176561), np.float32(0.084093176), np.float32(-0.31370017), np.float32(-0.1762087), np.float32(-0.06487116), np.float32(0.22678298), np.float32(0.20767108), np.float32(0.27043033), np.float32(0.3521029), np.float32(0.12437358), np.float32(0.14068481), np.float32(0.111177206), np.float32(-0.36304277), np.float32(-0.05409418), np.float32(0.2869931), np.float32(0.16707323), np.float32(-0.13945913)]","[np.float32(0.6814719), np.float32(0.76168793), np.float32(1.011765), np.float32(0.92199457), np.float32(0.7226688), np.float32(0.88160634), np.float32(0.8185679), np.float32(0.846938), np.float32(0.9345172), np.float32(0.8883731), np.float32(0.83763707), np.float32(0.8479053), np.float32(0.942158), np.float32(0.7745149), np.float32(0.9250603), np.float32(0.81261176), np.float32(1.0239301), np.float32(0.8230482), np.float32(0.9570014), np.float32(0.87408406), np.float32(0.77301574), np.float32(0.9904376), np.float32(0.98818), np.float32(0.83619994), np.float32(0.889882), np.float32(0.8362491), np.float32(1.0384688), np.float32(0.9993455), np.float32(0.9022335), np.float32(0.8703968), np.float32(0.83256173), np.float32(0.9113684)]"
2018-02-21 10:00:00+00:00,14.532734,0,LOEO,29,"[np.float32(-8.584693), np.float32(-13.20879), np.float32(-25.563938), np.float32(-42.842285), np.float32(-0.17729102), np.float32(19.421389), np.float32(-74.836586), np.float32(-120.77539), np.float32(21.678318), np.float32(-0.79682535), np.float32(1.1288475), np.float32(24.470697), np.float32(1.2238386), np.float32(-9.549296), np.float32(-13.948248), np.float32(-14.753425), np.float32(8.073736), np.float32(22.583363), np.float32(0.11648758), np.float32(0.1897402), np.float32(14.879312), np.float32(-5.3862934), np.float32(4.3108077), np.float32(-4.710663), np.float32(0.07728079), np.float32(0.2887346), np.float32(-2.791695), np.float32(1.0103683), np.float32(-4.7887826), np.float32(0.91982406), np.float32(-0.03412972), np.float32(-2.355524)]","[np.float32(-0.0134231895), np.float32(-0.2572312), np.float32(-0.23903514), np.float32(0.008107691), np.float32(-0.3110909), np.float32(-0.12374525), np.float32(0.15440692), np.float32(-0.39579162), np.float32(0.23926046), np.float32(-0.029618144), np.float32(-0.04933303), np.float32(-0.059069585), np.float32(-0.062440712), np.float32(0.23578529), np.float32(0.14951777), np.float32(-0.088309884), np.float32(0.028874006), np.float32(-0.25570062), np.float32(-0.14183217), np.float32(-0.012048399), np.float32(0.15597999), np.float32(0.07627635), np.float32(0.2213829), np.float32(0.20482811), np.float32(0.16263887), np.float32(0.21034417), np.float32(-0.023648405), np.float32(-0.28638282), np.float32(0.004165683), np.float32(0.27494007), np.float32(0.10895074), np.float32(-0.1484246)]","[np.float32(0.7203506), np.float32(0.76662344), np.float32(0.9984605), np.float32(0.9584142), np.float32(0.7399093), np.float32(0.9038367), np.float32(0.8981554), np.float32(0.9064159), np.float32(0.9002219), np.float32(0.8673354), np.float32(0.8932425), np.float32(0.9159406), np.float32(0.9745372), np.float32(0.7967599), np.float32(0.97460085), np.float32(0.85004944), np.float32(1.0748682), np.float32(0.8474076), np.float32(0.97138613), np.float32(0.8731199), np.float32(0.8520826), np.float32(1.017155), np.float32(1.0149219), np.float32(0.82550246), np.float32(0.8573261), np.float32(0.8399588), np.float32(1.0449455), np.float32(1.0004606), np.float32(0.93584144), np.float32(0.8625193), np.float32(0.9102999), np.float32(0.88035715)]"
2018-02-21 09:59:00+00:00,16.01827,0,LOEO,29,"[np.float32(-0.90328676), np.float32(-12.838683), np.float32(-91.505684), np.float32(-41.16117), np.float32(-1.8096079), np.float32(16.865103), np.float32(-77.66583), np.float32(-129.45207), np.float32(23.828484), np.float32(0.59015757), np.float32(2.4817038), np.float32(-11.927599), np.float32(0.23171927), np.float32(-2.1538124), np.float32(2.6766582), np.float32(-9.809312), np.float32(7.2574806), np.float32(3.7698386), np.float32(-0.8236133), np.float32(-14.617909), np.float32(10.979426), np.float32(-14.756608), np.float32(-2.783163), np.float32(8.529245), np.float32(1.4592804), np.float32(-2.1940057), np.float32(9.716623), np.float32(-1.8950619), np.float32(0.6454284), np.float32(2.0955722), np.float32(-4.897253), np.float32(1.8487059)]","[np.float32(-0.027396083), np.float32(-0.24341507), np.float32(-0.27659565), np.float32(-0.04906363), np.float32(-0.2532733), np.float32(-0.20019518), np.float32(0.117932975), np.float32(-0.47875988), np.float32(0.30613118), np.float32(-0.072561845), np.float32(-0.002249634), np.float32(-0.07693188), np.float32(-0.066353716), np.float32(0.23059623), np.float32(0.050749075), np.float32(-0.119616434), np.float32(0.0390435), np.float32(-0.30987772), np.float32(-0.19574845), np.float32(-0.03725964), np.float32(0.23134553), np.float32(0.18359709), np.float32(0.28808084), np.float32(0.3227351), np.float32(0.14213441), np.float32(0.15914005), np.float32(0.102281354), np.float32(-0.35913664), np.float32(-0.065856755), np.float32(0.26624042), np.float32(0.1755035), np.float32(-0.120448254)]","[np.float32(0.68521196), np.float32(0.74367064), np.float32(1.0112187), np.float32(0.93950236), np.float32(0.71767926), np.float32(0.86638236), np.float32(0.8110109), np.float32(0.8395787), np.float32(0.92366886), np.float32(0.87210524), np.float32(0.8318053), np.float32(0.8774674), np.float32(0.9482755), np.float32(0.77545995), np.float32(0.93450165), np.float32(0.8111641), np.float32(1.0287235), np.float32(0.8296428), np.float32(0.9647263), np.float32(0.8613682), np.float32(0.79247147), np.float32(1.0096773), np.float32(0.9940199), np.float32(0.85542804), np.float32(0.8640411), np.float32(0.85522604), np.float32(1.0518744), np.float32(0.9883875), np.float32(0.90062445), np.float32(0.8394065), np.float32(0.8344053), np.float32(0.88948375)]"
2018-02-21 09:58:00+00:00,14.581107,0,LOEO,29,"[np.float32(-8.690023), np.float32(-13.512719), np.float32(-24.99151), np.float32(-41.778187), np.float32(-0.25074938), np.float32(18.214945), np.float32(-70.671265), np.float32(-114.07607), np.float32(21.13473), np.float32(0.359408), np.float32(0.69655925), np.float32(21.776299), np.float32(-0.5147256), np.float32(-3.8180332), np.float32(-16.96238), np.float32(-21.468203), np.float32(12.734768), np.float32(24.793816), np.float32(1.3680766), np.float32(-2.593758), np.float32(16.166613), np.float32(-3.7588665), np.float32(-3.684034), np.float32(3.453877), np.float32(2.368015), np.float32(0.9118581), np.float32(6.908676), np.float32(-1.8563979), np.float32(-1.1252711), np.float32(0.85091823), np.float32(-5.705672), np.float32(0.43867144)]","[np.float32(-0.025164027), np.float32(-0.3092581), np.float32(-0.26770186), np.float32(-0.054035082), np.float32(-0.370197), np.float32(-0.050351724), np.float32(0.18625525), np.float32(-0.37655878), np.float32(0.23157248), np.float32(-0.047354862), np.float32(-0.06671979), np.float32(-0.07692434), np.float32(-0.13279411), np.float32(0.21561012), np.float32(0.20139), np.float32(-0.0367134), np.float32(0.025753923), np.float32(-0.26102993), np.float32(-0.102525584), np.float32(-0.03994322), np.float32(0.12873138), np.float32(0.045895457), np.float32(0.24185811), np.float32(0.16405126), np.float32(0.18803352), np.float32(0.23082834), np.float32(-0.03672652), np.float32(-0.2399466), np.float32(0.0037849434), np.float32(0.2821454), np.float32(0.11643607), np.float32(-0.17197809)]","[np.float32(0.7319002), np.float32(0.7827414), np.float32(1.0155352), np.float32(0.98376906), np.float32(0.75550985), np.float32(0.9605403), np.float32(0.9726125), np.float32(0.9399961), np.float32(0.8925057), np.float32(0.9184617), np.float32(0.94011855), np.float32(0.9501613), np.float32(0.97301656), np.float32(0.8037417), np.float32(1.0450853), np.float32(0.853925), np.float32(1.1156015), np.float32(0.86939627), np.float32(0.9919092), np.float32(0.88647515), np.float32(0.89083445), np.float32(1.0720117), np.float32(1.0901736), np.float32(0.8305624), np.float32(0.8752043), np.float32(0.84202325), np.float32(1.0764577), np.float32(1.0455278), np.float32(0.99120677), np.float32(0.8897445), np.float32(0.92478776), np.float32(0.89581305)]"
2018-02-21 10:14:00+00:00,10572.449,1,LOEO,30,"[np.float32(-275.38773), np.float32(21385.29), np.float32(14.547488), np.float32(-2613.1902), np.float32(-6296.031), np.float32(2768.8323), np.float32(4931.1294), np.float32(-7390.789), np.float32(-27386.17), np.float32(-3239.409), np.float32(43770.34), np.float32(1463.2445), np.float32(6524.813), np.float32(1049.7617), np.float32(4570.6104), np.float32(3068.4355), np.float32(1750.0396), np.float32(-21778.906), np.float32(10510.824), np.float32(27152.355), np.float32(16538.543), np.float32(-940.82605), np.float32(17366.064), np.float32(-20549.738), np.float32(19762.895), np.float32(3277.189), np.float32(31215.236), np.float32(190.77118), np.float32(6546.0933), np.float32(12957.153), np.float32(-2893.278), np.float32(8140.1084)]","[np.float32(-0.13326657), np.float32(-0.32896718), np.float32(0.1760819), np.float32(0.23073861), np.float32(-0.104813844), np.float32(-0.2753592), np.float32(-0.025427205), np.float32(-0.028849572), np.float32(0.08514603), np.float32(-0.18478583), np.float32(-0.0089930855), np.float32(-0.027966104), np.float32(-0.2761489), np.float32(0.0648464), np.float32(0.19600976), np.float32(-0.11029442), np.float32(0.21635908), np.float32(-0.35012874), np.float32(-0.117012486), np.float32(-0.11576491), np.float32(0.08213274), np.float32(0.29877454), np.float32(0.17443584), np.float32(0.09809695), np.float32(0.09537866), np.float32(0.097095534), np.float32(0.08857922), np.float32(-0.022873841), np.float32(-0.07262479), np.float32(-0.014548451), np.float32(0.091959946), np.float32(-0.12735637)]","[np.float32(0.71691406), np.float32(0.7305835), np.float32(0.8850506), np.float32(0.89964604), np.float32(0.77579546), np.float32(0.8281317), np.float32(0.8862664), np.float32(0.7665755), np.float32(0.7313585), np.float32(0.8652212), np.float32(0.78966326), np.float32(0.9025818), np.float32(0.84657264), np.float32(0.74564886), np.float32(0.89533126), np.float32(0.74661905), np.float32(0.921442), np.float32(0.75695086), np.float32(0.7961892), np.float32(0.8047159), np.float32(0.9233301), np.float32(0.99964017), np.float32(0.93972087), np.float32(0.99230134), np.float32(0.87053543), np.float32(0.8744778), np.float32(1.1057256), np.float32(0.9571502), np.float32(1.0359778), np.float32(0.79398054), np.float32(0.7042459), np.float32(0.89159536)]"
2018-02-21 10:15:00+00:00,9242.229,1,LOEO,30,"[np.float32(-248.58118), np.float32(19053.938), np.float32(-1.1687498), np.float32(-2460.5713), np.float32(-5538.002), np.float32(2447.4038), np.float32(4381.512), np.float32(-6320.6484), np.float32(-23734.605), np.float32(-3036.5876), np.float32(38975.004), np.float32(1277.9268), np.float32(5604.735), np.float32(878.0047), np.float32(3964.1428), np.float32(2646.6604), np.float32(1536.3099), np.float32(-18746.838), np.float32(9229.087), np.float32(23393.719), np.float32(14175.386), np.float32(-760.09125), np.float32(15150.8), np.float32(-18033.56), np.float32(17268.715), np.float32(2803.3152), np.float32(27423.863), np.float32(149.03146), np.float32(5611.477), np.float32(11370.064), np.float32(-2551.1943), np.float32(6977.6587)]","[np.float32(-0.11403531), np.float32(-0.3726347), np.float32(0.18594694), np.float32(0.19198458), np.float32(-0.08898413), np.float32(-0.35708955), np.float32(0.025082065), np.float32(-0.07245233), np.float32(0.13850722), np.float32(-0.20638417), np.float32(-0.028808123), np.float32(-0.0053690635), np.float32(-0.24023996), np.float32(0.10297482), np.float32(0.16235353), np.float32(-0.1388485), np.float32(0.22220787), np.float32(-0.3088138), np.float32(-0.13479581), np.float32(-0.1238612), np.float32(0.05933526), np.float32(0.2622133), np.float32(0.22077236), np.float32(0.11640838), np.float32(0.10803419), np.float32(0.095348835), np.float32(0.11390035), np.float32(-0.001327917), np.float32(-0.088140406), np.float32(0.011366509), np.float32(0.09810937), np.float32(-0.12520987)]","[np.float32(0.720098), np.float32(0.7388935), np.float32(0.87352383), np.float32(0.8986739), np.float32(0.7925027), np.float32(0.8185694), np.float32(0.9126805), np.float32(0.77991486), np.float32(0.7200036), np.float32(0.867816), np.float32(0.78801894), np.float32(0.8836852), np.float32(0.86738294), np.float32(0.7516482), np.float32(0.92531866), np.float32(0.7279731), np.float32(0.9165063), np.float32(0.7901734), np.float32(0.7854022), np.float32(0.8098226), np.float32(0.9294103), np.float32(0.9929134), np.float32(0.9265259), np.float32(0.9960793), np.float32(0.8841022), np.float32(0.8891325), np.float32(1.1207023), np.float32(0.9884273), np.float32(1.0295008), np.float32(0.7905748), np.float32(0.71441346), np.float32(0.910185)]"
2018-02-21 10:02:00+00:00,16.12416,0,LOEO,30,"[np.float32(-0.6593148), np.float32(-12.399181), np.float32(-92.00364), np.float32(-46.999382), np.float32(-0.88267535), np.float32(10.057704), np.float32(-88.691376), np.float32(-145.29782), np.float32(24.91573), np.float32(-1.4715948), np.float32(3.6068027), np.float32(-4.9737473), np.float32(4.9176245), np.float32(-14.451329), np.float32(13.689194), np.float32(-1.9439656), np.float32(-0.7153407), np.float32(-0.49825653), np.float32(-1.4894817), np.float32(-10.434171), np.float32(8.434305), np.float32(-14.942855), np.float32(4.426138), np.float32(1.1730396), np.float32(2.7993014), np.float32(-2.6427827), np.float32(0.16957216), np.float32(0.37996528), np.float32(-0.023722807), np.float32(2.410696), np.float32(0.7168233), np.float32(0.069908425)]","[np.float32(-0.03637116), np.float32(-0.32416618), np.float32(-0.27999628), np.float32(-0.048489198), np.float32(-0.38998502), np.float32(-0.06461605), np.float32(0.20283139), np.float32(-0.42237324), np.float32(0.2661222), np.float32(-0.053656697), np.float32(-0.07425078), np.float32(-0.03539266), np.float32(-0.12534948), np.float32(0.24458446), np.float32(0.21048209), np.float32(-0.06451122), np.float32(0.049854502), np.float32(-0.2711866), np.float32(-0.15580241), np.float32(-0.07326477), np.float32(0.15508172), np.float32(0.055599667), np.float32(0.25403872), np.float32(0.18812951), np.float32(0.18352604), np.float32(0.20111364), np.float32(-0.04081983), np.float32(-0.2484158), np.float32(-0.009150282), np.float32(0.2900585), np.float32(0.117322885), np.float32(-0.20737195)]","[np.float32(0.7128124), np.float32(0.78827363), np.float32(1.0316323), np.float32(0.9513454), np.float32(0.7590942), np.float32(0.9559077), np.float32(0.9655444), np.float32(0.93456745), np.float32(0.9008816), np.float32(0.91073966), np.float32(0.93095165), np.float32(0.94144696), np.float32(0.9559759), np.float32(0.7945882), np.float32(1.0099248), np.float32(0.8235829), np.float32(1.0783974), np.float32(0.87301254), np.float32(1.00932), np.float32(0.8853293), np.float32(0.88007236), np.float32(1.0296904), np.float32(1.0568233), np.float32(0.8242857), np.float32(0.87834424), np.float32(0.8483432), np.float32(1.053969), np.float32(1.0510826), np.float32(0.9758823), np.float32(0.8947637), np.float32(0.9200637), np.float32(0.907105)]"
2018-02-21 10:01:00+00:00,16.140118,0,LOEO,30,"[np.float32(-0.6539692), np.float32(-12.399381), np.float32(-92.02614), np.float32(-47.03878), np.float32(-0.8756232), np.float32(10.071357), np.float32(-88.786125), np.float32(-145.44994), np.float32(24.950933), np.float32(-1.4926978), np.float32(3.613515), np.float32(-4.8934703), np.float32(4.9436274), np.float32(-14.517058), np.float32(13.778791), np.float32(-1.87773), np.float32(-0.8263029), np.float32(-0.5159984), np.float32(-1.5598574), np.float32(-10.265585), np.float32(8.34958), np.float32(-14.915883), np.float32(4.7317476), np.float32(0.7766562), np.float32(2.6124923), np.float32(-2.63326), np.float32(-0.24571174), np.float32(0.48469585), np.float32(-0.28845394), np.float32(2.430591), np.float32(0.9385861), np.float32(-0.06310148)]","[np.float32(-0.03177922), np.float32(-0.29775354), np.float32(-0.26508728), np.float32(-0.05620742), np.float32(-0.2257416), np.float32(-0.20432396), np.float32(0.12700626), np.float32(-0.53545296), np.float32(0.2989194), np.float32(-0.083408564), np.float32(0.0008898083), np.float32(-0.06334914), np.float32(-0.06941205), np.float32(0.22721562), np.float32(0.06475596), np.float32(-0.11176561), np.float32(0.084093176), np.float32(-0.31370017), np.float32(-0.1762087), np.float32(-0.06487116), np.float32(0.22678298), np.float32(0.20767108), np.float32(0.27043033), np.float32(0.3521029), np.float32(0.12437358), np.float32(0.14068481), np.float32(0.111177206), np.float32(-0.36304277), np.float32(-0.05409418), np.float32(0.2869931), np.float32(0.16707323), np.float32(-0.13945913)]","[np.float32(0.6814719), np.float32(0.76168793), np.float32(1.011765), np.float32(0.92199457), np.float32(0.7226688), np.float32(0.88160634), np.float32(0.8185679), np.float32(0.846938), np.float32(0.9345172), np.float32(0.8883731), np.float32(0.83763707), np.float32(0.8479053), np.float32(0.942158), np.float32(0.7745149), np.float32(0.9250603), np.float32(0.81261176), np.float32(1.0239301), np.float32(0.8230482), np.float32(0.9570014), np.float32(0.87408406), np.float32(0.77301574), np.float32(0.9904376), np.float32(0.98818), np.float32(0.83619994), np.float32(0.889882), np.float32(0.8362491), np.float32(1.0384688), np.float32(0.9993455), np.float32(0.9022335), np.float32(0.8703968), np.float32(0.83256173), np.float32(0.9113684)]"
2018-02-21 10:00:00+00:00,14.532734,0,LOEO,30,"[np.float32(-8.584693), np.float32(-13.20879), np.float32(-25.563938), np.float32(-42.842285), np.float32(-0.17729102), np.float32(19.421389), np.float32(-74.836586), np.float32(-120.77539), np.float32(21.678318), np.float32(-0.79682535), np.float32(1.1288475), np.float32(24.470697), np.float32(1.2238386), np.float32(-9.549296), np.float32(-13.948248), np.float32(-14.753425), np.float32(8.073736), np.float32(22.583363), np.float32(0.11648758), np.float32(0.1897402), np.float32(14.879312), np.float32(-5.3862934), np.float32(4.3108077), np.float32(-4.710663), np.float32(0.07728079), np.float32(0.2887346), np.float32(-2.791695), np.float32(1.0103683), np.float32(-4.7887826), np.float32(0.91982406), np.float32(-0.03412972), np.float32(-2.355524)]","[np.float32(-0.0134231895), np.float32(-0.2572312), np.float32(-0.23903514), np.float32(0.008107691), np.float32(-0.3110909), np.float32(-0.12374525), np.float32(0.15440692), np.float32(-0.39579162), np.float32(0.23926046), np.float32(-0.029618144), np.float32(-0.04933303), np.float32(-0.059069585), np.float32(-0.062440712), np.float32(0.23578529), np.float32(0.14951777), np.float32(-0.088309884), np.float32(0.028874006), np.float32(-0.25570062), np.float32(-0.14183217), np.float32(-0.012048399), np.float32(0.15597999), np.float32(0.07627635), np.float32(0.2213829), np.float32(0.20482811), np.float32(0.16263887), np.float32(0.21034417), np.float32(-0.023648405), np.float32(-0.28638282), np.float32(0.004165683), np.float32(0.27494007), np.float32(0.10895074), np.float32(-0.1484246)]","[np.float32(0.7203506), np.float32(0.76662344), np.float32(0.9984605), np.float32(0.9584142), np.float32(0.7399093), np.float32(0.9038367), np.float32(0.8981554), np.float32(0.9064159), np.float32(0.9002219), np.float32(0.8673354), np.float32(0.8932425), np.float32(0.9159406), np.float32(0.9745372), np.float32(0.7967599), np.float32(0.97460085), np.float32(0.85004944), np.float32(1.0748682), np.float32(0.8474076), np.float32(0.97138613), np.float32(0.8731199), np.float32(0.8520826), np.float32(1.017155), np.float32(1.0149219), np.float32(0.82550246), np.float32(0.8573261), np.float32(0.8399588), np.float32(1.0449455), np.float32(1.0004606), np.float32(0.93584144), np.float32(0.8625193), np.float32(0.9102999), np.float32(0.88035715)]"
2018-02-21 09:59:00+00:00,16.01827,0,LOEO,30,"[np.float32(-0.90328676), np.float32(-12.838683), np.float32(-91.505684), np.float32(-41.16117), np.float32(-1.8096079), np.float32(16.865103), np.float32(-77.66583), np.float32(-129.45207), np.float32(23.828484), np.float32(0.59015757), np.float32(2.4817038), np.float32(-11.927599), np.float32(0.23171927), np.float32(-2.1538124), np.float32(2.6766582), np.float32(-9.809312), np.float32(7.2574806), np.float32(3.7698386), np.float32(-0.8236133), np.float32(-14.617909), np.float32(10.979426), np.float32(-14.756608), np.float32(-2.783163), np.float32(8.529245), np.float32(1.4592804), np.float32(-2.1940057), np.float32(9.716623), np.float32(-1.8950619), np.float32(0.6454284), np.float32(2.0955722), np.float32(-4.897253), np.float32(1.8487059)]","[np.float32(-0.027396083), np.float32(-0.24341507), np.float32(-0.27659565), np.float32(-0.04906363), np.float32(-0.2532733), np.float32(-0.20019518), np.float32(0.117932975), np.float32(-0.47875988), np.float32(0.30613118), np.float32(-0.072561845), np.float32(-0.002249634), np.float32(-0.07693188), np.float32(-0.066353716), np.float32(0.23059623), np.float32(0.050749075), np.float32(-0.119616434), np.float32(0.0390435), np.float32(-0.30987772), np.float32(-0.19574845), np.float32(-0.03725964), np.float32(0.23134553), np.float32(0.18359709), np.float32(0.28808084), np.float32(0.3227351), np.float32(0.14213441), np.float32(0.15914005), np.float32(0.102281354), np.float32(-0.35913664), np.float32(-0.065856755), np.float32(0.26624042), np.float32(0.1755035), np.float32(-0.120448254)]","[np.float32(0.68521196), np.float32(0.74367064), np.float32(1.0112187), np.float32(0.93950236), np.float32(0.71767926), np.float32(0.86638236), np.float32(0.8110109), np.float32(0.8395787), np.float32(0.92366886), np.float32(0.87210524), np.float32(0.8318053), np.float32(0.8774674), np.float32(0.9482755), np.float32(0.77545995), np.float32(0.93450165), np.float32(0.8111641), np.float32(1.0287235), np.float32(0.8296428), np.float32(0.9647263), np.float32(0.8613682), np.float32(0.79247147), np.float32(1.0096773), np.float32(0.9940199), np.float32(0.85542804), np.float32(0.8640411), np.float32(0.85522604), np.float32(1.0518744), np.float32(0.9883875), np.float32(0.90062445), np.float32(0.8394065), np.float32(0.8344053), np.float32(0.88948375)]"
2018-02-21 09:58:00+00:00,14.581107,0,LOEO,30,"[np.float32(-8.690023), np.float32(-13.512719), np.float32(-24.99151), np.float32(-41.778187), np.float32(-0.25074938), np.float32(18.214945), np.float32(-70.671265), np.float32(-114.07607), np.float32(21.13473), np.float32(0.359408), np.float32(0.69655925), np.float32(21.776299), np.float32(-0.5147256), np.float32(-3.8180332), np.float32(-16.96238), np.float32(-21.468203), np.float32(12.734768), np.float32(24.793816), np.float32(1.3680766), np.float32(-2.593758), np.float32(16.166613), np.float32(-3.7588665), np.float32(-3.684034), np.float32(3.453877), np.float32(2.368015), np.float32(0.9118581), np.float32(6.908676), np.float32(-1.8563979), np.float32(-1.1252711), np.float32(0.85091823), np.float32(-5.705672), np.float32(0.43867144)]","[np.float32(-0.025164027), np.float32(-0.3092581), np.float32(-0.26770186), np.float32(-0.054035082), np.float32(-0.370197), np.float32(-0.050351724), np.float32(0.18625525), np.float32(-0.37655878), np.float32(0.23157248), np.float32(-0.047354862), np.float32(-0.06671979), np.float32(-0.07692434), np.float32(-0.13279411), np.float32(0.21561012), np.float32(0.20139), np.float32(-0.0367134), np.float32(0.025753923), np.float32(-0.26102993), np.float32(-0.102525584), np.float32(-0.03994322), np.float32(0.12873138), np.float32(0.045895457), np.float32(0.24185811), np.float32(0.16405126), np.float32(0.18803352), np.float32(0.23082834), np.float32(-0.03672652), np.float32(-0.2399466), np.float32(0.0037849434), np.float32(0.2821454), np.float32(0.11643607), np.float32(-0.17197809)]","[np.float32(0.7319002), np.float32(0.7827414), np.float32(1.0155352), np.float32(0.98376906), np.float32(0.75550985), np.float32(0.9605403), np.float32(0.9726125), np.float32(0.9399961), np.float32(0.8925057), np.float32(0.9184617), np.float32(0.94011855), np.float32(0.9501613), np.float32(0.97301656), np.float32(0.8037417), np.float32(1.0450853), np.float32(0.853925), np.float32(1.1156015), np.float32(0.86939627), np.float32(0.9919092), np.float32(0.88647515), np.float32(0.89083445), np.float32(1.0720117), np.float32(1.0901736), np.float32(0.8305624), np.float32(0.8752043), np.float32(0.84202325), np.float32(1.0764577), np.float32(1.0455278), np.float32(0.99120677), np.float32(0.8897445), np.float32(0.92478776), np.float32(0.89581305)]"
2018-02-21 10:17:00+00:00,10613.522,1,LOEO,31,"[np.float32(-268.18124), np.float32(20969.713), np.float32(2.0417078), np.float32(-2588.801), np.float32(-6076.0312), np.float32(2759.5664), np.float32(5038.45), np.float32(-7416.1025), np.float32(-27065.098), np.float32(-3242.688), np.float32(42875.66), np.float32(1513.5543), np.float32(6855.953), np.float32(985.4033), np.float32(4749.965), np.float32(3059.5803), np.float32(1791.6763), np.float32(-22059.592), np.float32(11052.696), np.float32(27580.363), np.float32(16803.857), np.float32(-903.3223), np.float32(17519.611), np.float32(-20725.334), np.float32(19914.955), np.float32(3097.6892), np.float32(31760.441), np.float32(240.032), np.float32(6481.2734), np.float32(13179.285), np.float32(-2966.1853), np.float32(8089.3726)]","[np.float32(-0.09006538), np.float32(-0.36645827), np.float32(0.14013079), np.float32(0.15746135), np.float32(-0.13304201), np.float32(-0.32320654), np.float32(0.0066634472), np.float32(-0.12934384), np.float32(0.12662184), np.float32(-0.17919348), np.float32(-0.017572748), np.float32(-0.02021733), np.float32(-0.23822077), np.float32(0.09011388), np.float32(0.18432458), np.float32(-0.13719657), np.float32(0.19376123), np.float32(-0.26426363), np.float32(-0.1508345), np.float32(-0.07140104), np.float32(0.07338545), np.float32(0.21952158), np.float32(0.19072354), np.float32(0.18047476), np.float32(0.09203415), np.float32(0.12057491), np.float32(0.11032886), np.float32(0.049010746), np.float32(-0.053134665), np.float32(0.021545175), np.float32(0.13046451), np.float32(-0.10835786)]","[np.float32(0.7616551), np.float32(0.74039704), np.float32(0.8674947), np.float32(0.920981), np.float32(0.823742), np.float32(0.83981705), np.float32(0.92389184), np.float32(0.8258137), np.float32(0.70768803), np.float32(0.87423193), np.float32(0.7859421), np.float32(0.9173904), np.float32(0.88582367), np.float32(0.752899), np.float32(0.97117007), np.float32(0.7209286), np.float32(0.8937464), np.float32(0.7738464), np.float32(0.8293475), np.float32(0.8144092), np.float32(0.95752805), np.float32(0.9639494), np.float32(0.8880433), np.float32(0.9843628), np.float32(0.87333304), np.float32(0.9014162), np.float32(1.1441814), np.float32(0.9961331), np.float32(1.0741512), np.float32(0.8304041), np.float32(0.74113953), np.float32(0.9180909)]"
2018-02-21 10:02:00+00:00,16.12416,0,LOEO,31,"[np.float32(-0.6593148), np.float32(-12.399181), np.float32(-92.00364), np.float32(-46.999382), np.float32(-0.88267535), np.float32(10.057704), np.float32(-88.691376), np.float32(-145.29782), np.float32(24.91573), np.float32(-1.4715948), np.float32(3.6068027), np.float32(-4.9737473), np.float32(4.9176245), np.float32(-14.451329), np.float32(13.689194), np.float32(-1.9439656), np.float32(-0.7153407), np.float32(-0.49825653), np.float32(-1.4894817), np.float32(-10.434171), np.float32(8.434305), np.float32(-14.942855), np.float32(4.426138), np.float32(1.1730396), np.float32(2.7993014), np.float32(-2.6427827), np.float32(0.16957216), np.float32(0.37996528), np.float32(-0.023722807), np.float32(2.410696), np.float32(0.7168233), np.float32(0.069908425)]","[np.float32(-0.03637116), np.float32(-0.32416618), np.float32(-0.27999628), np.float32(-0.048489198), np.float32(-0.38998502), np.float32(-0.06461605), np.float32(0.20283139), np.float32(-0.42237324), np.float32(0.2661222), np.float32(-0.053656697), np.float32(-0.07425078), np.float32(-0.03539266), np.float32(-0.12534948), np.float32(0.24458446), np.float32(0.21048209), np.float32(-0.06451122), np.float32(0.049854502), np.float32(-0.2711866), np.float32(-0.15580241), np.float32(-0.07326477), np.float32(0.15508172), np.float32(0.055599667), np.float32(0.25403872), np.float32(0.18812951), np.float32(0.18352604), np.float32(0.20111364), np.float32(-0.04081983), np.float32(-0.2484158), np.float32(-0.009150282), np.float32(0.2900585), np.float32(0.117322885), np.float32(-0.20737195)]","[np.float32(0.7128124), np.float32(0.78827363), np.float32(1.0316323), np.float32(0.9513454), np.float32(0.7590942), np.float32(0.9559077), np.float32(0.9655444), np.float32(0.93456745), np.float32(0.9008816), np.float32(0.91073966), np.float32(0.93095165), np.float32(0.94144696), np.float32(0.9559759), np.float32(0.7945882), np.float32(1.0099248), np.float32(0.8235829), np.float32(1.0783974), np.float32(0.87301254), np.float32(1.00932), np.float32(0.8853293), np.float32(0.88007236), np.float32(1.0296904), np.float32(1.0568233), np.float32(0.8242857), np.float32(0.87834424), np.float32(0.8483432), np.float32(1.053969), np.float32(1.0510826), np.float32(0.9758823), np.float32(0.8947637), np.float32(0.9200637), np.float32(0.907105)]"
2018-02-21 10:01:00+00:00,16.140118,0,LOEO,31,"[np.float32(-0.6539692), np.float32(-12.399381), np.float32(-92.02614), np.float32(-47.03878), np.float32(-0.8756232), np.float32(10.071357), np.float32(-88.786125), np.float32(-145.44994), np.float32(24.950933), np.float32(-1.4926978), np.float32(3.613515), np.float32(-4.8934703), np.float32(4.9436274), np.float32(-14.517058), np.float32(13.778791), np.float32(-1.87773), np.float32(-0.8263029), np.float32(-0.5159984), np.float32(-1.5598574), np.float32(-10.265585), np.float32(8.34958), np.float32(-14.915883), np.float32(4.7317476), np.float32(0.7766562), np.float32(2.6124923), np.float32(-2.63326), np.float32(-0.24571174), np.float32(0.48469585), np.float32(-0.28845394), np.float32(2.430591), np.float32(0.9385861), np.float32(-0.06310148)]","[np.float32(-0.03177922), np.float32(-0.29775354), np.float32(-0.26508728), np.float32(-0.05620742), np.float32(-0.2257416), np.float32(-0.20432396), np.float32(0.12700626), np.float32(-0.53545296), np.float32(0.2989194), np.float32(-0.083408564), np.float32(0.0008898083), np.float32(-0.06334914), np.float32(-0.06941205), np.float32(0.22721562), np.float32(0.06475596), np.float32(-0.11176561), np.float32(0.084093176), np.float32(-0.31370017), np.float32(-0.1762087), np.float32(-0.06487116), np.float32(0.22678298), np.float32(0.20767108), np.float32(0.27043033), np.float32(0.3521029), np.float32(0.12437358), np.float32(0.14068481), np.float32(0.111177206), np.float32(-0.36304277), np.float32(-0.05409418), np.float32(0.2869931), np.float32(0.16707323), np.float32(-0.13945913)]","[np.float32(0.6814719), np.float32(0.76168793), np.float32(1.011765), np.float32(0.92199457), np.float32(0.7226688), np.float32(0.88160634), np.float32(0.8185679), np.float32(0.846938), np.float32(0.9345172), np.float32(0.8883731), np.float32(0.83763707), np.float32(0.8479053), np.float32(0.942158), np.float32(0.7745149), np.float32(0.9250603), np.float32(0.81261176), np.float32(1.0239301), np.float32(0.8230482), np.float32(0.9570014), np.float32(0.87408406), np.float32(0.77301574), np.float32(0.9904376), np.float32(0.98818), np.float32(0.83619994), np.float32(0.889882), np.float32(0.8362491), np.float32(1.0384688), np.float32(0.9993455), np.float32(0.9022335), np.float32(0.8703968), np.float32(0.83256173), np.float32(0.9113684)]"
2018-02-21 10:00:00+00:00,14.532734,0,LOEO,31,"[np.float32(-8.584693), np.float32(-13.20879), np.float32(-25.563938), np.float32(-42.842285), np.float32(-0.17729102), np.float32(19.421389), np.float32(-74.836586), np.float32(-120.77539), np.float32(21.678318), np.float32(-0.79682535), np.float32(1.1288475), np.float32(24.470697), np.float32(1.2238386), np.float32(-9.549296), np.float32(-13.948248), np.float32(-14.753425), np.float32(8.073736), np.float32(22.583363), np.float32(0.11648758), np.float32(0.1897402), np.float32(14.879312), np.float32(-5.3862934), np.float32(4.3108077), np.float32(-4.710663), np.float32(0.07728079), np.float32(0.2887346), np.float32(-2.791695), np.float32(1.0103683), np.float32(-4.7887826), np.float32(0.91982406), np.float32(-0.03412972), np.float32(-2.355524)]","[np.float32(-0.0134231895), np.float32(-0.2572312), np.float32(-0.23903514), np.float32(0.008107691), np.float32(-0.3110909), np.float32(-0.12374525), np.float32(0.15440692), np.float32(-0.39579162), np.float32(0.23926046), np.float32(-0.029618144), np.float32(-0.04933303), np.float32(-0.059069585), np.float32(-0.062440712), np.float32(0.23578529), np.float32(0.14951777), np.float32(-0.088309884), np.float32(0.028874006), np.float32(-0.25570062), np.float32(-0.14183217), np.float32(-0.012048399), np.float32(0.15597999), np.float32(0.07627635), np.float32(0.2213829), np.float32(0.20482811), np.float32(0.16263887), np.float32(0.21034417), np.float32(-0.023648405), np.float32(-0.28638282), np.float32(0.004165683), np.float32(0.27494007), np.float32(0.10895074), np.float32(-0.1484246)]","[np.float32(0.7203506), np.float32(0.76662344), np.float32(0.9984605), np.float32(0.9584142), np.float32(0.7399093), np.float32(0.9038367), np.float32(0.8981554), np.float32(0.9064159), np.float32(0.9002219), np.float32(0.8673354), np.float32(0.8932425), np.float32(0.9159406), np.float32(0.9745372), np.float32(0.7967599), np.float32(0.97460085), np.float32(0.85004944), np.float32(1.0748682), np.float32(0.8474076), np.float32(0.97138613), np.float32(0.8731199), np.float32(0.8520826), np.float32(1.017155), np.float32(1.0149219), np.float32(0.82550246), np.float32(0.8573261), np.float32(0.8399588), np.float32(1.0449455), np.float32(1.0004606), np.float32(0.93584144), np.float32(0.8625193), np.float32(0.9102999), np.float32(0.88035715)]"
2018-02-21 09:59:00+00:00,16.01827,0,LOEO,31,"[np.float32(-0.90328676), np.float32(-12.838683), np.float32(-91.505684), np.float32(-41.16117), np.float32(-1.8096079), np.float32(16.865103), np.float32(-77.66583), np.float32(-129.45207), np.float32(23.828484), np.float32(0.59015757), np.float32(2.4817038), np.float32(-11.927599), np.float32(0.23171927), np.float32(-2.1538124), np.float32(2.6766582), np.float32(-9.809312), np.float32(7.2574806), np.float32(3.7698386), np.float32(-0.8236133), np.float32(-14.617909), np.float32(10.979426), np.float32(-14.756608), np.float32(-2.783163), np.float32(8.529245), np.float32(1.4592804), np.float32(-2.1940057), np.float32(9.716623), np.float32(-1.8950619), np.float32(0.6454284), np.float32(2.0955722), np.float32(-4.897253), np.float32(1.8487059)]","[np.float32(-0.027396083), np.float32(-0.24341507), np.float32(-0.27659565), np.float32(-0.04906363), np.float32(-0.2532733), np.float32(-0.20019518), np.float32(0.117932975), np.float32(-0.47875988), np.float32(0.30613118), np.float32(-0.072561845), np.float32(-0.002249634), np.float32(-0.07693188), np.float32(-0.066353716), np.float32(0.23059623), np.float32(0.050749075), np.float32(-0.119616434), np.float32(0.0390435), np.float32(-0.30987772), np.float32(-0.19574845), np.float32(-0.03725964), np.float32(0.23134553), np.float32(0.18359709), np.float32(0.28808084), np.float32(0.3227351), np.float32(0.14213441), np.float32(0.15914005), np.float32(0.102281354), np.float32(-0.35913664), np.float32(-0.065856755), np.float32(0.26624042), np.float32(0.1755035), np.float32(-0.120448254)]","[np.float32(0.68521196), np.float32(0.74367064), np.float32(1.0112187), np.float32(0.93950236), np.float32(0.71767926), np.float32(0.86638236), np.float32(0.8110109), np.float32(0.8395787), np.float32(0.92366886), np.float32(0.87210524), np.float32(0.8318053), np.float32(0.8774674), np.float32(0.9482755), np.float32(0.77545995), np.float32(0.93450165), np.float32(0.8111641), np.float32(1.0287235), np.float32(0.8296428), np.float32(0.9647263), np.float32(0.8613682), np.float32(0.79247147), np.float32(1.0096773), np.float32(0.9940199), np.float32(0.85542804), np.float32(0.8640411), np.float32(0.85522604), np.float32(1.0518744), np.float32(0.9883875), np.float32(0.90062445), np.float32(0.8394065), np.float32(0.8344053), np.float32(0.88948375)]"
2018-02-21 09:58:00+00:00,14.581107,0,LOEO,31,"[np.float32(-8.690023), np.float32(-13.512719), np.float32(-24.99151), np.float32(-41.778187), np.float32(-0.25074938), np.float32(18.214945), np.float32(-70.671265), np.float32(-114.07607), np.float32(21.13473), np.float32(0.359408), np.float32(0.69655925), np.float32(21.776299), np.float32(-0.5147256), np.float32(-3.8180332), np.float32(-16.96238), np.float32(-21.468203), np.float32(12.734768), np.float32(24.793816), np.float32(1.3680766), np.float32(-2.593758), np.float32(16.166613), np.float32(-3.7588665), np.float32(-3.684034), np.float32(3.453877), np.float32(2.368015), np.float32(0.9118581), np.float32(6.908676), np.float32(-1.8563979), np.float32(-1.1252711), np.float32(0.85091823), np.float32(-5.705672), np.float32(0.43867144)]","[np.float32(-0.025164027), np.float32(-0.3092581), np.float32(-0.26770186), np.float32(-0.054035082), np.float32(-0.370197), np.float32(-0.050351724), np.float32(0.18625525), np.float32(-0.37655878), np.float32(0.23157248), np.float32(-0.047354862), np.float32(-0.06671979), np.float32(-0.07692434), np.float32(-0.13279411), np.float32(0.21561012), np.float32(0.20139), np.float32(-0.0367134), np.float32(0.025753923), np.float32(-0.26102993), np.float32(-0.102525584), np.float32(-0.03994322), np.float32(0.12873138), np.float32(0.045895457), np.float32(0.24185811), np.float32(0.16405126), np.float32(0.18803352), np.float32(0.23082834), np.float32(-0.03672652), np.float32(-0.2399466), np.float32(0.0037849434), np.float32(0.2821454), np.float32(0.11643607), np.float32(-0.17197809)]","[np.float32(0.7319002), np.float32(0.7827414), np.float32(1.0155352), np.float32(0.98376906), np.float32(0.75550985), np.float32(0.9605403), np.float32(0.9726125), np.float32(0.9399961), np.float32(0.8925057), np.float32(0.9184617), np.float32(0.94011855), np.float32(0.9501613), np.float32(0.97301656), np.float32(0.8037417), np.float32(1.0450853), np.float32(0.853925), np.float32(1.1156015), np.float32(0.86939627), np.float32(0.9919092), np.float32(0.88647515), np.float32(0.89083445), np.float32(1.0720117), np.float32(1.0901736), np.float32(0.8305624), np.float32(0.8752043), np.float32(0.84202325), np.float32(1.0764577), np.float32(1.0455278), np.float32(0.99120677), np.float32(0.8897445), np.float32(0.92478776), np.float32(0.89581305)]"
2018-02-21 10:19:00+00:00,11888.824,1,LOEO,32,"[np.float32(-267.37723), np.float32(21730.486), np.float32(-15.728496), np.float32(-2471.429), np.float32(-6239.869), np.float32(3005.029), np.float32(5651.2188), np.float32(-8621.296), np.float32(-29969.896), np.float32(-3154.7134), np.float32(44401.164), np.float32(1753.6313), np.float32(8468.81), np.float32(1123.741), np.float32(5489.844), np.float32(3575.879), np.float32(2089.6597), np.float32(-25779.67), np.float32(13264.425), np.float32(32277.785), np.float32(19809.22), np.float32(-1054.3596), np.float32(19842.408), np.float32(-23257.375), np.float32(22456.15), np.float32(3246.765), np.float32(36094.844), np.float32(397.4597), np.float32(7339.3965), np.float32(14994.711), np.float32(-3385.2659), np.float32(9212.557)]","[np.float32(-0.09689367), np.float32(-0.29322928), np.float32(0.21212661), np.float32(0.23762211), np.float32(-0.14123103), np.float32(-0.28021318), np.float32(-0.011189224), np.float32(-0.10720622), np.float32(0.031278107), np.float32(-0.26913917), np.float32(-0.008287011), np.float32(-0.051669564), np.float32(-0.1578813), np.float32(0.0986453), np.float32(0.23441936), np.float32(-0.06033684), np.float32(0.18406078), np.float32(-0.22740623), np.float32(-0.053966176), np.float32(-0.10356616), np.float32(0.06867297), np.float32(0.21066937), np.float32(0.21532974), np.float32(0.11044194), np.float32(0.16732101), np.float32(0.07640199), np.float32(0.00999598), np.float32(0.10138302), np.float32(0.008524362), np.float32(-0.085964695), np.float32(0.16614877), np.float32(-0.1426658)]","[np.float32(0.80145085), np.float32(0.7675025), np.float32(0.89242107), np.float32(0.9505105), np.float32(0.833236), np.float32(0.88726753), np.float32(0.9148282), np.float32(0.8828318), np.float32(0.69010764), np.float32(0.8698556), np.float32(0.8108407), np.float32(0.90713674), np.float32(0.90051496), np.float32(0.79196763), np.float32(0.95366824), np.float32(0.72327507), np.float32(0.93995225), np.float32(0.77556163), np.float32(0.86093897), np.float32(0.83960617), np.float32(0.9708194), np.float32(0.9563628), np.float32(0.9413613), np.float32(0.95701355), np.float32(0.86527836), np.float32(0.8911435), np.float32(1.2014782), np.float32(0.9719027), np.float32(1.0528531), np.float32(0.83807564), np.float32(0.7688816), np.float32(0.9410572)]"
2018-02-21 10:02:00+00:00,16.12416,0,LOEO,32,"[np.float32(-0.6593148), np.float32(-12.399181), np.float32(-92.00364), np.float32(-46.999382), np.float32(-0.88267535), np.float32(10.057704), np.float32(-88.691376), np.float32(-145.29782), np.float32(24.91573), np.float32(-1.4715948), np.float32(3.6068027), np.float32(-4.9737473), np.float32(4.9176245), np.float32(-14.451329), np.float32(13.689194), np.float32(-1.9439656), np.float32(-0.7153407), np.float32(-0.49825653), np.float32(-1.4894817), np.float32(-10.434171), np.float32(8.434305), np.float32(-14.942855), np.float32(4.426138), np.float32(1.1730396), np.float32(2.7993014), np.float32(-2.6427827), np.float32(0.16957216), np.float32(0.37996528), np.float32(-0.023722807), np.float32(2.410696), np.float32(0.7168233), np.float32(0.069908425)]","[np.float32(-0.03637116), np.float32(-0.32416618), np.float32(-0.27999628), np.float32(-0.048489198), np.float32(-0.38998502), np.float32(-0.06461605), np.float32(0.20283139), np.float32(-0.42237324), np.float32(0.2661222), np.float32(-0.053656697), np.float32(-0.07425078), np.float32(-0.03539266), np.float32(-0.12534948), np.float32(0.24458446), np.float32(0.21048209), np.float32(-0.06451122), np.float32(0.049854502), np.float32(-0.2711866), np.float32(-0.15580241), np.float32(-0.07326477), np.float32(0.15508172), np.float32(0.055599667), np.float32(0.25403872), np.float32(0.18812951), np.float32(0.18352604), np.float32(0.20111364), np.float32(-0.04081983), np.float32(-0.2484158), np.float32(-0.009150282), np.float32(0.2900585), np.float32(0.117322885), np.float32(-0.20737195)]","[np.float32(0.7128124), np.float32(0.78827363), np.float32(1.0316323), np.float32(0.9513454), np.float32(0.7590942), np.float32(0.9559077), np.float32(0.9655444), np.float32(0.93456745), np.float32(0.9008816), np.float32(0.91073966), np.float32(0.93095165), np.float32(0.94144696), np.float32(0.9559759), np.float32(0.7945882), np.float32(1.0099248), np.float32(0.8235829), np.float32(1.0783974), np.float32(0.87301254), np.float32(1.00932), np.float32(0.8853293), np.float32(0.88007236), np.float32(1.0296904), np.float32(1.0568233), np.float32(0.8242857), np.float32(0.87834424), np.float32(0.8483432), np.float32(1.053969), np.float32(1.0510826), np.float32(0.9758823), np.float32(0.8947637), np.float32(0.9200637), np.float32(0.907105)]"
2018-02-21 10:01:00+00:00,16.140118,0,LOEO,32,"[np.float32(-0.6539692), np.float32(-12.399381), np.float32(-92.02614), np.float32(-47.03878), np.float32(-0.8756232), np.float32(10.071357), np.float32(-88.786125), np.float32(-145.44994), np.float32(24.950933), np.float32(-1.4926978), np.float32(3.613515), np.float32(-4.8934703), np.float32(4.9436274), np.float32(-14.517058), np.float32(13.778791), np.float32(-1.87773), np.float32(-0.8263029), np.float32(-0.5159984), np.float32(-1.5598574), np.float32(-10.265585), np.float32(8.34958), np.float32(-14.915883), np.float32(4.7317476), np.float32(0.7766562), np.float32(2.6124923), np.float32(-2.63326), np.float32(-0.24571174), np.float32(0.48469585), np.float32(-0.28845394), np.float32(2.430591), np.float32(0.9385861), np.float32(-0.06310148)]","[np.float32(-0.03177922), np.float32(-0.29775354), np.float32(-0.26508728), np.float32(-0.05620742), np.float32(-0.2257416), np.float32(-0.20432396), np.float32(0.12700626), np.float32(-0.53545296), np.float32(0.2989194), np.float32(-0.083408564), np.float32(0.0008898083), np.float32(-0.06334914), np.float32(-0.06941205), np.float32(0.22721562), np.float32(0.06475596), np.float32(-0.11176561), np.float32(0.084093176), np.float32(-0.31370017), np.float32(-0.1762087), np.float32(-0.06487116), np.float32(0.22678298), np.float32(0.20767108), np.float32(0.27043033), np.float32(0.3521029), np.float32(0.12437358), np.float32(0.14068481), np.float32(0.111177206), np.float32(-0.36304277), np.float32(-0.05409418), np.float32(0.2869931), np.float32(0.16707323), np.float32(-0.13945913)]","[np.float32(0.6814719), np.float32(0.76168793), np.float32(1.011765), np.float32(0.92199457), np.float32(0.7226688), np.float32(0.88160634), np.float32(0.8185679), np.float32(0.846938), np.float32(0.9345172), np.float32(0.8883731), np.float32(0.83763707), np.float32(0.8479053), np.float32(0.942158), np.float32(0.7745149), np.float32(0.9250603), np.float32(0.81261176), np.float32(1.0239301), np.float32(0.8230482), np.float32(0.9570014), np.float32(0.87408406), np.float32(0.77301574), np.float32(0.9904376), np.float32(0.98818), np.float32(0.83619994), np.float32(0.889882), np.float32(0.8362491), np.float32(1.0384688), np.float32(0.9993455), np.float32(0.9022335), np.float32(0.8703968), np.float32(0.83256173), np.float32(0.9113684)]"
2018-02-21 10:00:00+00:00,14.532734,0,LOEO,32,"[np.float32(-8.584693), np.float32(-13.20879), np.float32(-25.563938), np.float32(-42.842285), np.float32(-0.17729102), np.float32(19.421389), np.float32(-74.836586), np.float32(-120.77539), np.float32(21.678318), np.float32(-0.79682535), np.float32(1.1288475), np.float32(24.470697), np.float32(1.2238386), np.float32(-9.549296), np.float32(-13.948248), np.float32(-14.753425), np.float32(8.073736), np.float32(22.583363), np.float32(0.11648758), np.float32(0.1897402), np.float32(14.879312), np.float32(-5.3862934), np.float32(4.3108077), np.float32(-4.710663), np.float32(0.07728079), np.float32(0.2887346), np.float32(-2.791695), np.float32(1.0103683), np.float32(-4.7887826), np.float32(0.91982406), np.float32(-0.03412972), np.float32(-2.355524)]","[np.float32(-0.0134231895), np.float32(-0.2572312), np.float32(-0.23903514), np.float32(0.008107691), np.float32(-0.3110909), np.float32(-0.12374525), np.float32(0.15440692), np.float32(-0.39579162), np.float32(0.23926046), np.float32(-0.029618144), np.float32(-0.04933303), np.float32(-0.059069585), np.float32(-0.062440712), np.float32(0.23578529), np.float32(0.14951777), np.float32(-0.088309884), np.float32(0.028874006), np.float32(-0.25570062), np.float32(-0.14183217), np.float32(-0.012048399), np.float32(0.15597999), np.float32(0.07627635), np.float32(0.2213829), np.float32(0.20482811), np.float32(0.16263887), np.float32(0.21034417), np.float32(-0.023648405), np.float32(-0.28638282), np.float32(0.004165683), np.float32(0.27494007), np.float32(0.10895074), np.float32(-0.1484246)]","[np.float32(0.7203506), np.float32(0.76662344), np.float32(0.9984605), np.float32(0.9584142), np.float32(0.7399093), np.float32(0.9038367), np.float32(0.8981554), np.float32(0.9064159), np.float32(0.9002219), np.float32(0.8673354), np.float32(0.8932425), np.float32(0.9159406), np.float32(0.9745372), np.float32(0.7967599), np.float32(0.97460085), np.float32(0.85004944), np.float32(1.0748682), np.float32(0.8474076), np.float32(0.97138613), np.float32(0.8731199), np.float32(0.8520826), np.float32(1.017155), np.float32(1.0149219), np.float32(0.82550246), np.float32(0.8573261), np.float32(0.8399588), np.float32(1.0449455), np.float32(1.0004606), np.float32(0.93584144), np.float32(0.8625193), np.float32(0.9102999), np.float32(0.88035715)]"
2018-02-21 09:59:00+00:00,16.01827,0,LOEO,32,"[np.float32(-0.90328676), np.float32(-12.838683), np.float32(-91.505684), np.float32(-41.16117), np.float32(-1.8096079), np.float32(16.865103), np.float32(-77.66583), np.float32(-129.45207), np.float32(23.828484), np.float32(0.59015757), np.float32(2.4817038), np.float32(-11.927599), np.float32(0.23171927), np.float32(-2.1538124), np.float32(2.6766582), np.float32(-9.809312), np.float32(7.2574806), np.float32(3.7698386), np.float32(-0.8236133), np.float32(-14.617909), np.float32(10.979426), np.float32(-14.756608), np.float32(-2.783163), np.float32(8.529245), np.float32(1.4592804), np.float32(-2.1940057), np.float32(9.716623), np.float32(-1.8950619), np.float32(0.6454284), np.float32(2.0955722), np.float32(-4.897253), np.float32(1.8487059)]","[np.float32(-0.027396083), np.float32(-0.24341507), np.float32(-0.27659565), np.float32(-0.04906363), np.float32(-0.2532733), np.float32(-0.20019518), np.float32(0.117932975), np.float32(-0.47875988), np.float32(0.30613118), np.float32(-0.072561845), np.float32(-0.002249634), np.float32(-0.07693188), np.float32(-0.066353716), np.float32(0.23059623), np.float32(0.050749075), np.float32(-0.119616434), np.float32(0.0390435), np.float32(-0.30987772), np.float32(-0.19574845), np.float32(-0.03725964), np.float32(0.23134553), np.float32(0.18359709), np.float32(0.28808084), np.float32(0.3227351), np.float32(0.14213441), np.float32(0.15914005), np.float32(0.102281354), np.float32(-0.35913664), np.float32(-0.065856755), np.float32(0.26624042), np.float32(0.1755035), np.float32(-0.120448254)]","[np.float32(0.68521196), np.float32(0.74367064), np.float32(1.0112187), np.float32(0.93950236), np.float32(0.71767926), np.float32(0.86638236), np.float32(0.8110109), np.float32(0.8395787), np.float32(0.92366886), np.float32(0.87210524), np.float32(0.8318053), np.float32(0.8774674), np.float32(0.9482755), np.float32(0.77545995), np.float32(0.93450165), np.float32(0.8111641), np.float32(1.0287235), np.float32(0.8296428), np.float32(0.9647263), np.float32(0.8613682), np.float32(0.79247147), np.float32(1.0096773), np.float32(0.9940199), np.float32(0.85542804), np.float32(0.8640411), np.float32(0.85522604), np.float32(1.0518744), np.float32(0.9883875), np.float32(0.90062445), np.float32(0.8394065), np.float32(0.8344053), np.float32(0.88948375)]"
2018-02-21 09:58:00+00:00,14.581107,0,LOEO,32,"[np.float32(-8.690023), np.float32(-13.512719), np.float32(-24.99151), np.float32(-41.778187), np.float32(-0.25074938), np.float32(18.214945), np.float32(-70.671265), np.float32(-114.07607), np.float32(21.13473), np.float32(0.359408), np.float32(0.69655925), np.float32(21.776299), np.float32(-0.5147256), np.float32(-3.8180332), np.float32(-16.96238), np.float32(-21.468203), np.float32(12.734768), np.float32(24.793816), np.float32(1.3680766), np.float32(-2.593758), np.float32(16.166613), np.float32(-3.7588665), np.float32(-3.684034), np.float32(3.453877), np.float32(2.368015), np.float32(0.9118581), np.float32(6.908676), np.float32(-1.8563979), np.float32(-1.1252711), np.float32(0.85091823), np.float32(-5.705672), np.float32(0.43867144)]","[np.float32(-0.025164027), np.float32(-0.3092581), np.float32(-0.26770186), np.float32(-0.054035082), np.float32(-0.370197), np.float32(-0.050351724), np.float32(0.18625525), np.float32(-0.37655878), np.float32(0.23157248), np.float32(-0.047354862), np.float32(-0.06671979), np.float32(-0.07692434), np.float32(-0.13279411), np.float32(0.21561012), np.float32(0.20139), np.float32(-0.0367134), np.float32(0.025753923), np.float32(-0.26102993), np.float32(-0.102525584), np.float32(-0.03994322), np.float32(0.12873138), np.float32(0.045895457), np.float32(0.24185811), np.float32(0.16405126), np.float32(0.18803352), np.float32(0.23082834), np.float32(-0.03672652), np.float32(-0.2399466), np.float32(0.0037849434), np.float32(0.2821454), np.float32(0.11643607), np.float32(-0.17197809)]","[np.float32(0.7319002), np.float32(0.7827414), np.float32(1.0155352), np.float32(0.98376906), np.float32(0.75550985), np.float32(0.9605403), np.float32(0.9726125), np.float32(0.9399961), np.float32(0.8925057), np.float32(0.9184617), np.float32(0.94011855), np.float32(0.9501613), np.float32(0.97301656), np.float32(0.8037417), np.float32(1.0450853), np.float32(0.853925), np.float32(1.1156015), np.float32(0.86939627), np.float32(0.9919092), np.float32(0.88647515), np.float32(0.89083445), np.float32(1.0720117), np.float32(1.0901736), np.float32(0.8305624), np.float32(0.8752043), np.float32(0.84202325), np.float32(1.0764577), np.float32(1.0455278), np.float32(0.99120677), np.float32(0.8897445), np.float32(0.92478776), np.float32(0.89581305)]"
2018-02-21 10:21:00+00:00,12438.963,1,LOEO,33,"[np.float32(-259.84592), np.float32(21592.273), np.float32(-17.89419), np.float32(-2300.1567), np.float32(-6161.112), np.float32(3085.1206), np.float32(5922.2383), np.float32(-9213.619), np.float32(-31154.61), np.float32(-2984.79), np.float32(44101.414), np.float32(1862.7264), np.float32(9372.7), np.float32(1179.3365), np.float32(5872.5664), np.float32(3839.0068), np.float32(2232.8022), np.float32(-27650.506), np.float32(14438.623), np.float32(34648.113), np.float32(21364.436), np.float32(-1143.302), np.float32(20910.484), np.float32(-24371.488), np.float32(23600.36), np.float32(3260.3608), np.float32(38108.52), np.float32(497.67664), np.float32(7731.605), np.float32(15846.488), np.float32(-3585.1401), np.float32(9737.313)]","[np.float32(-0.10366094), np.float32(-0.25840962), np.float32(0.2032575), np.float32(0.21412875), np.float32(-0.16521305), np.float32(-0.22844571), np.float32(0.0145946555), np.float32(-0.15233955), np.float32(0.007996067), np.float32(-0.24254973), np.float32(-0.009892944), np.float32(-0.08318296), np.float32(-0.20580122), np.float32(0.029258903), np.float32(0.2344261), np.float32(-0.03338103), np.float32(0.14756215), np.float32(-0.27117032), np.float32(-0.07133544), np.float32(-0.112834744), np.float32(0.13143852), np.float32(0.26727453), np.float32(0.15546323), np.float32(0.16202475), np.float32(0.16023946), np.float32(0.08627647), np.float32(0.03906173), np.float32(0.12635055), np.float32(0.009723607), np.float32(-0.11636111), np.float32(0.17699891), np.float32(-0.13198832)]","[np.float32(0.8235658), np.float32(0.7851168), np.float32(0.8838368), np.float32(0.94987214), np.float32(0.8300343), np.float32(0.92068124), np.float32(0.93334824), np.float32(0.89317733), np.float32(0.69129866), np.float32(0.89047533), np.float32(0.801859), np.float32(0.90991354), np.float32(0.8983155), np.float32(0.7875111), np.float32(0.95546764), np.float32(0.70804644), np.float32(0.94541067), np.float32(0.7675769), np.float32(0.85205585), np.float32(0.89122045), np.float32(0.9953109), np.float32(0.9488703), np.float32(0.9402292), np.float32(0.9678317), np.float32(0.8614863), np.float32(0.9028927), np.float32(1.2017277), np.float32(1.0031976), np.float32(1.0751469), np.float32(0.83038205), np.float32(0.78159785), np.float32(0.9618882)]"
2018-02-21 10:02:00+00:00,16.12416,0,LOEO,33,"[np.float32(-0.6593148), np.float32(-12.399181), np.float32(-92.00364), np.float32(-46.999382), np.float32(-0.88267535), np.float32(10.057704), np.float32(-88.691376), np.float32(-145.29782), np.float32(24.91573), np.float32(-1.4715948), np.float32(3.6068027), np.float32(-4.9737473), np.float32(4.9176245), np.float32(-14.451329), np.float32(13.689194), np.float32(-1.9439656), np.float32(-0.7153407), np.float32(-0.49825653), np.float32(-1.4894817), np.float32(-10.434171), np.float32(8.434305), np.float32(-14.942855), np.float32(4.426138), np.float32(1.1730396), np.float32(2.7993014), np.float32(-2.6427827), np.float32(0.16957216), np.float32(0.37996528), np.float32(-0.023722807), np.float32(2.410696), np.float32(0.7168233), np.float32(0.069908425)]","[np.float32(-0.03637116), np.float32(-0.32416618), np.float32(-0.27999628), np.float32(-0.048489198), np.float32(-0.38998502), np.float32(-0.06461605), np.float32(0.20283139), np.float32(-0.42237324), np.float32(0.2661222), np.float32(-0.053656697), np.float32(-0.07425078), np.float32(-0.03539266), np.float32(-0.12534948), np.float32(0.24458446), np.float32(0.21048209), np.float32(-0.06451122), np.float32(0.049854502), np.float32(-0.2711866), np.float32(-0.15580241), np.float32(-0.07326477), np.float32(0.15508172), np.float32(0.055599667), np.float32(0.25403872), np.float32(0.18812951), np.float32(0.18352604), np.float32(0.20111364), np.float32(-0.04081983), np.float32(-0.2484158), np.float32(-0.009150282), np.float32(0.2900585), np.float32(0.117322885), np.float32(-0.20737195)]","[np.float32(0.7128124), np.float32(0.78827363), np.float32(1.0316323), np.float32(0.9513454), np.float32(0.7590942), np.float32(0.9559077), np.float32(0.9655444), np.float32(0.93456745), np.float32(0.9008816), np.float32(0.91073966), np.float32(0.93095165), np.float32(0.94144696), np.float32(0.9559759), np.float32(0.7945882), np.float32(1.0099248), np.float32(0.8235829), np.float32(1.0783974), np.float32(0.87301254), np.float32(1.00932), np.float32(0.8853293), np.float32(0.88007236), np.float32(1.0296904), np.float32(1.0568233), np.float32(0.8242857), np.float32(0.87834424), np.float32(0.8483432), np.float32(1.053969), np.float32(1.0510826), np.float32(0.9758823), np.float32(0.8947637), np.float32(0.9200637), np.float32(0.907105)]"
2018-02-21 10:01:00+00:00,16.140118,0,LOEO,33,"[np.float32(-0.6539692), np.float32(-12.399381), np.float32(-92.02614), np.float32(-47.03878), np.float32(-0.8756232), np.float32(10.071357), np.float32(-88.786125), np.float32(-145.44994), np.float32(24.950933), np.float32(-1.4926978), np.float32(3.613515), np.float32(-4.8934703), np.float32(4.9436274), np.float32(-14.517058), np.float32(13.778791), np.float32(-1.87773), np.float32(-0.8263029), np.float32(-0.5159984), np.float32(-1.5598574), np.float32(-10.265585), np.float32(8.34958), np.float32(-14.915883), np.float32(4.7317476), np.float32(0.7766562), np.float32(2.6124923), np.float32(-2.63326), np.float32(-0.24571174), np.float32(0.48469585), np.float32(-0.28845394), np.float32(2.430591), np.float32(0.9385861), np.float32(-0.06310148)]","[np.float32(-0.03177922), np.float32(-0.29775354), np.float32(-0.26508728), np.float32(-0.05620742), np.float32(-0.2257416), np.float32(-0.20432396), np.float32(0.12700626), np.float32(-0.53545296), np.float32(0.2989194), np.float32(-0.083408564), np.float32(0.0008898083), np.float32(-0.06334914), np.float32(-0.06941205), np.float32(0.22721562), np.float32(0.06475596), np.float32(-0.11176561), np.float32(0.084093176), np.float32(-0.31370017), np.float32(-0.1762087), np.float32(-0.06487116), np.float32(0.22678298), np.float32(0.20767108), np.float32(0.27043033), np.float32(0.3521029), np.float32(0.12437358), np.float32(0.14068481), np.float32(0.111177206), np.float32(-0.36304277), np.float32(-0.05409418), np.float32(0.2869931), np.float32(0.16707323), np.float32(-0.13945913)]","[np.float32(0.6814719), np.float32(0.76168793), np.float32(1.011765), np.float32(0.92199457), np.float32(0.7226688), np.float32(0.88160634), np.float32(0.8185679), np.float32(0.846938), np.float32(0.9345172), np.float32(0.8883731), np.float32(0.83763707), np.float32(0.8479053), np.float32(0.942158), np.float32(0.7745149), np.float32(0.9250603), np.float32(0.81261176), np.float32(1.0239301), np.float32(0.8230482), np.float32(0.9570014), np.float32(0.87408406), np.float32(0.77301574), np.float32(0.9904376), np.float32(0.98818), np.float32(0.83619994), np.float32(0.889882), np.float32(0.8362491), np.float32(1.0384688), np.float32(0.9993455), np.float32(0.9022335), np.float32(0.8703968), np.float32(0.83256173), np.float32(0.9113684)]"
2018-02-21 10:00:00+00:00,14.532734,0,LOEO,33,"[np.float32(-8.584693), np.float32(-13.20879), np.float32(-25.563938), np.float32(-42.842285), np.float32(-0.17729102), np.float32(19.421389), np.float32(-74.836586), np.float32(-120.77539), np.float32(21.678318), np.float32(-0.79682535), np.float32(1.1288475), np.float32(24.470697), np.float32(1.2238386), np.float32(-9.549296), np.float32(-13.948248), np.float32(-14.753425), np.float32(8.073736), np.float32(22.583363), np.float32(0.11648758), np.float32(0.1897402), np.float32(14.879312), np.float32(-5.3862934), np.float32(4.3108077), np.float32(-4.710663), np.float32(0.07728079), np.float32(0.2887346), np.float32(-2.791695), np.float32(1.0103683), np.float32(-4.7887826), np.float32(0.91982406), np.float32(-0.03412972), np.float32(-2.355524)]","[np.float32(-0.0134231895), np.float32(-0.2572312), np.float32(-0.23903514), np.float32(0.008107691), np.float32(-0.3110909), np.float32(-0.12374525), np.float32(0.15440692), np.float32(-0.39579162), np.float32(0.23926046), np.float32(-0.029618144), np.float32(-0.04933303), np.float32(-0.059069585), np.float32(-0.062440712), np.float32(0.23578529), np.float32(0.14951777), np.float32(-0.088309884), np.float32(0.028874006), np.float32(-0.25570062), np.float32(-0.14183217), np.float32(-0.012048399), np.float32(0.15597999), np.float32(0.07627635), np.float32(0.2213829), np.float32(0.20482811), np.float32(0.16263887), np.float32(0.21034417), np.float32(-0.023648405), np.float32(-0.28638282), np.float32(0.004165683), np.float32(0.27494007), np.float32(0.10895074), np.float32(-0.1484246)]","[np.float32(0.7203506), np.float32(0.76662344), np.float32(0.9984605), np.float32(0.9584142), np.float32(0.7399093), np.float32(0.9038367), np.float32(0.8981554), np.float32(0.9064159), np.float32(0.9002219), np.float32(0.8673354), np.float32(0.8932425), np.float32(0.9159406), np.float32(0.9745372), np.float32(0.7967599), np.float32(0.97460085), np.float32(0.85004944), np.float32(1.0748682), np.float32(0.8474076), np.float32(0.97138613), np.float32(0.8731199), np.float32(0.8520826), np.float32(1.017155), np.float32(1.0149219), np.float32(0.82550246), np.float32(0.8573261), np.float32(0.8399588), np.float32(1.0449455), np.float32(1.0004606), np.float32(0.93584144), np.float32(0.8625193), np.float32(0.9102999), np.float32(0.88035715)]"
2018-02-21 09:59:00+00:00,16.01827,0,LOEO,33,"[np.float32(-0.90328676), np.float32(-12.838683), np.float32(-91.505684), np.float32(-41.16117), np.float32(-1.8096079), np.float32(16.865103), np.float32(-77.66583), np.float32(-129.45207), np.float32(23.828484), np.float32(0.59015757), np.float32(2.4817038), np.float32(-11.927599), np.float32(0.23171927), np.float32(-2.1538124), np.float32(2.6766582), np.float32(-9.809312), np.float32(7.2574806), np.float32(3.7698386), np.float32(-0.8236133), np.float32(-14.617909), np.float32(10.979426), np.float32(-14.756608), np.float32(-2.783163), np.float32(8.529245), np.float32(1.4592804), np.float32(-2.1940057), np.float32(9.716623), np.float32(-1.8950619), np.float32(0.6454284), np.float32(2.0955722), np.float32(-4.897253), np.float32(1.8487059)]","[np.float32(-0.027396083), np.float32(-0.24341507), np.float32(-0.27659565), np.float32(-0.04906363), np.float32(-0.2532733), np.float32(-0.20019518), np.float32(0.117932975), np.float32(-0.47875988), np.float32(0.30613118), np.float32(-0.072561845), np.float32(-0.002249634), np.float32(-0.07693188), np.float32(-0.066353716), np.float32(0.23059623), np.float32(0.050749075), np.float32(-0.119616434), np.float32(0.0390435), np.float32(-0.30987772), np.float32(-0.19574845), np.float32(-0.03725964), np.float32(0.23134553), np.float32(0.18359709), np.float32(0.28808084), np.float32(0.3227351), np.float32(0.14213441), np.float32(0.15914005), np.float32(0.102281354), np.float32(-0.35913664), np.float32(-0.065856755), np.float32(0.26624042), np.float32(0.1755035), np.float32(-0.120448254)]","[np.float32(0.68521196), np.float32(0.74367064), np.float32(1.0112187), np.float32(0.93950236), np.float32(0.71767926), np.float32(0.86638236), np.float32(0.8110109), np.float32(0.8395787), np.float32(0.92366886), np.float32(0.87210524), np.float32(0.8318053), np.float32(0.8774674), np.float32(0.9482755), np.float32(0.77545995), np.float32(0.93450165), np.float32(0.8111641), np.float32(1.0287235), np.float32(0.8296428), np.float32(0.9647263), np.float32(0.8613682), np.float32(0.79247147), np.float32(1.0096773), np.float32(0.9940199), np.float32(0.85542804), np.float32(0.8640411), np.float32(0.85522604), np.float32(1.0518744), np.float32(0.9883875), np.float32(0.90062445), np.float32(0.8394065), np.float32(0.8344053), np.float32(0.88948375)]"
2018-02-21 09:58:00+00:00,14.581107,0,LOEO,33,"[np.float32(-8.690023), np.float32(-13.512719), np.float32(-24.99151), np.float32(-41.778187), np.float32(-0.25074938), np.float32(18.214945), np.float32(-70.671265), np.float32(-114.07607), np.float32(21.13473), np.float32(0.359408), np.float32(0.69655925), np.float32(21.776299), np.float32(-0.5147256), np.float32(-3.8180332), np.float32(-16.96238), np.float32(-21.468203), np.float32(12.734768), np.float32(24.793816), np.float32(1.3680766), np.float32(-2.593758), np.float32(16.166613), np.float32(-3.7588665), np.float32(-3.684034), np.float32(3.453877), np.float32(2.368015), np.float32(0.9118581), np.float32(6.908676), np.float32(-1.8563979), np.float32(-1.1252711), np.float32(0.85091823), np.float32(-5.705672), np.float32(0.43867144)]","[np.float32(-0.025164027), np.float32(-0.3092581), np.float32(-0.26770186), np.float32(-0.054035082), np.float32(-0.370197), np.float32(-0.050351724), np.float32(0.18625525), np.float32(-0.37655878), np.float32(0.23157248), np.float32(-0.047354862), np.float32(-0.06671979), np.float32(-0.07692434), np.float32(-0.13279411), np.float32(0.21561012), np.float32(0.20139), np.float32(-0.0367134), np.float32(0.025753923), np.float32(-0.26102993), np.float32(-0.102525584), np.float32(-0.03994322), np.float32(0.12873138), np.float32(0.045895457), np.float32(0.24185811), np.float32(0.16405126), np.float32(0.18803352), np.float32(0.23082834), np.float32(-0.03672652), np.float32(-0.2399466), np.float32(0.0037849434), np.float32(0.2821454), np.float32(0.11643607), np.float32(-0.17197809)]","[np.float32(0.7319002), np.float32(0.7827414), np.float32(1.0155352), np.float32(0.98376906), np.float32(0.75550985), np.float32(0.9605403), np.float32(0.9726125), np.float32(0.9399961), np.float32(0.8925057), np.float32(0.9184617), np.float32(0.94011855), np.float32(0.9501613), np.float32(0.97301656), np.float32(0.8037417), np.float32(1.0450853), np.float32(0.853925), np.float32(1.1156015), np.float32(0.86939627), np.float32(0.9919092), np.float32(0.88647515), np.float32(0.89083445), np.float32(1.0720117), np.float32(1.0901736), np.float32(0.8305624), np.float32(0.8752043), np.float32(0.84202325), np.float32(1.0764577), np.float32(1.0455278), np.float32(0.99120677), np.float32(0.8897445), np.float32(0.92478776), np.float32(0.89581305)]"
2018-02-21 10:23:00+00:00,12366.741,1,LOEO,34,"[np.float32(-257.32303), np.float32(21346.941), np.float32(-10.9200535), np.float32(-2239.5896), np.float32(-6082.9043), np.float32(3054.719), np.float32(5907.598), np.float32(-9145.878), np.float32(-30954.33), np.float32(-2937.5344), np.float32(43598.406), np.float32(1849.8132), np.float32(9374.47), np.float32(1163.314), np.float32(5873.103), np.float32(3833.8652), np.float32(2216.3188), np.float32(-27559.664), np.float32(14416.887), np.float32(34525.832), np.float32(21307.846), np.float32(-1153.9241), np.float32(20812.908), np.float32(-24234.889), np.float32(23477.568), np.float32(3225.32), np.float32(37938.043), np.float32(500.14774), np.float32(7690.9956), np.float32(15776.464), np.float32(-3573.9526), np.float32(9694.046)]","[np.float32(-0.10362275), np.float32(-0.25840905), np.float32(0.20326191), np.float32(0.21416104), np.float32(-0.16516747), np.float32(-0.22846961), np.float32(0.014663838), np.float32(-0.15228033), np.float32(0.007956095), np.float32(-0.2426079), np.float32(-0.0098736035), np.float32(-0.083151415), np.float32(-0.20583245), np.float32(0.029252984), np.float32(0.23439533), np.float32(-0.033394277), np.float32(0.14755353), np.float32(-0.2711778), np.float32(-0.07130603), np.float32(-0.112747245), np.float32(0.13136867), np.float32(0.26727605), np.float32(0.15548566), np.float32(0.16198611), np.float32(0.16024761), np.float32(0.08625458), np.float32(0.03905654), np.float32(0.12631571), np.float32(0.009761419), np.float32(-0.11637308), np.float32(0.17702459), np.float32(-0.13196792)]","[np.float32(0.8236072), np.float32(0.78511095), np.float32(0.88383424), np.float32(0.94987506), np.float32(0.83006024), np.float32(0.9207825), np.float32(0.9333543), np.float32(0.8932268), np.float32(0.69134337), np.float32(0.8904941), np.float32(0.80188984), np.float32(0.90996087), np.float32(0.8983485), np.float32(0.78755826), np.float32(0.95552367), np.float32(0.7080162), np.float32(0.94545513), np.float32(0.76758856), np.float32(0.8520933), np.float32(0.8912463), np.float32(0.9953296), np.float32(0.9489013), np.float32(0.9402352), np.float32(0.96781284), np.float32(0.8615286), np.float32(0.902948), np.float32(1.2017167), np.float32(1.0032336), np.float32(1.0751573), np.float32(0.83037144), np.float32(0.78162223), np.float32(0.96189016)]"
2018-02-21 10:02:00+00:00,16.12416,0,LOEO,34,"[np.float32(-0.6593148), np.float32(-12.399181), np.float32(-92.00364), np.float32(-46.999382), np.float32(-0.88267535), np.float32(10.057704), np.float32(-88.691376), np.float32(-145.29782), np.float32(24.91573), np.float32(-1.4715948), np.float32(3.6068027), np.float32(-4.9737473), np.float32(4.9176245), np.float32(-14.451329), np.float32(13.689194), np.float32(-1.9439656), np.float32(-0.7153407), np.float32(-0.49825653), np.float32(-1.4894817), np.float32(-10.434171), np.float32(8.434305), np.float32(-14.942855), np.float32(4.426138), np.float32(1.1730396), np.float32(2.7993014), np.float32(-2.6427827), np.float32(0.16957216), np.float32(0.37996528), np.float32(-0.023722807), np.float32(2.410696), np.float32(0.7168233), np.float32(0.069908425)]","[np.float32(-0.03637116), np.float32(-0.32416618), np.float32(-0.27999628), np.float32(-0.048489198), np.float32(-0.38998502), np.float32(-0.06461605), np.float32(0.20283139), np.float32(-0.42237324), np.float32(0.2661222), np.float32(-0.053656697), np.float32(-0.07425078), np.float32(-0.03539266), np.float32(-0.12534948), np.float32(0.24458446), np.float32(0.21048209), np.float32(-0.06451122), np.float32(0.049854502), np.float32(-0.2711866), np.float32(-0.15580241), np.float32(-0.07326477), np.float32(0.15508172), np.float32(0.055599667), np.float32(0.25403872), np.float32(0.18812951), np.float32(0.18352604), np.float32(0.20111364), np.float32(-0.04081983), np.float32(-0.2484158), np.float32(-0.009150282), np.float32(0.2900585), np.float32(0.117322885), np.float32(-0.20737195)]","[np.float32(0.7128124), np.float32(0.78827363), np.float32(1.0316323), np.float32(0.9513454), np.float32(0.7590942), np.float32(0.9559077), np.float32(0.9655444), np.float32(0.93456745), np.float32(0.9008816), np.float32(0.91073966), np.float32(0.93095165), np.float32(0.94144696), np.float32(0.9559759), np.float32(0.7945882), np.float32(1.0099248), np.float32(0.8235829), np.float32(1.0783974), np.float32(0.87301254), np.float32(1.00932), np.float32(0.8853293), np.float32(0.88007236), np.float32(1.0296904), np.float32(1.0568233), np.float32(0.8242857), np.float32(0.87834424), np.float32(0.8483432), np.float32(1.053969), np.float32(1.0510826), np.float32(0.9758823), np.float32(0.8947637), np.float32(0.9200637), np.float32(0.907105)]"
2018-02-21 10:01:00+00:00,16.140118,0,LOEO,34,"[np.float32(-0.6539692), np.float32(-12.399381), np.float32(-92.02614), np.float32(-47.03878), np.float32(-0.8756232), np.float32(10.071357), np.float32(-88.786125), np.float32(-145.44994), np.float32(24.950933), np.float32(-1.4926978), np.float32(3.613515), np.float32(-4.8934703), np.float32(4.9436274), np.float32(-14.517058), np.float32(13.778791), np.float32(-1.87773), np.float32(-0.8263029), np.float32(-0.5159984), np.float32(-1.5598574), np.float32(-10.265585), np.float32(8.34958), np.float32(-14.915883), np.float32(4.7317476), np.float32(0.7766562), np.float32(2.6124923), np.float32(-2.63326), np.float32(-0.24571174), np.float32(0.48469585), np.float32(-0.28845394), np.float32(2.430591), np.float32(0.9385861), np.float32(-0.06310148)]","[np.float32(-0.03177922), np.float32(-0.29775354), np.float32(-0.26508728), np.float32(-0.05620742), np.float32(-0.2257416), np.float32(-0.20432396), np.float32(0.12700626), np.float32(-0.53545296), np.float32(0.2989194), np.float32(-0.083408564), np.float32(0.0008898083), np.float32(-0.06334914), np.float32(-0.06941205), np.float32(0.22721562), np.float32(0.06475596), np.float32(-0.11176561), np.float32(0.084093176), np.float32(-0.31370017), np.float32(-0.1762087), np.float32(-0.06487116), np.float32(0.22678298), np.float32(0.20767108), np.float32(0.27043033), np.float32(0.3521029), np.float32(0.12437358), np.float32(0.14068481), np.float32(0.111177206), np.float32(-0.36304277), np.float32(-0.05409418), np.float32(0.2869931), np.float32(0.16707323), np.float32(-0.13945913)]","[np.float32(0.6814719), np.float32(0.76168793), np.float32(1.011765), np.float32(0.92199457), np.float32(0.7226688), np.float32(0.88160634), np.float32(0.8185679), np.float32(0.846938), np.float32(0.9345172), np.float32(0.8883731), np.float32(0.83763707), np.float32(0.8479053), np.float32(0.942158), np.float32(0.7745149), np.float32(0.9250603), np.float32(0.81261176), np.float32(1.0239301), np.float32(0.8230482), np.float32(0.9570014), np.float32(0.87408406), np.float32(0.77301574), np.float32(0.9904376), np.float32(0.98818), np.float32(0.83619994), np.float32(0.889882), np.float32(0.8362491), np.float32(1.0384688), np.float32(0.9993455), np.float32(0.9022335), np.float32(0.8703968), np.float32(0.83256173), np.float32(0.9113684)]"
2018-02-21 10:00:00+00:00,14.532734,0,LOEO,34,"[np.float32(-8.584693), np.float32(-13.20879), np.float32(-25.563938), np.float32(-42.842285), np.float32(-0.17729102), np.float32(19.421389), np.float32(-74.836586), np.float32(-120.77539), np.float32(21.678318), np.float32(-0.79682535), np.float32(1.1288475), np.float32(24.470697), np.float32(1.2238386), np.float32(-9.549296), np.float32(-13.948248), np.float32(-14.753425), np.float32(8.073736), np.float32(22.583363), np.float32(0.11648758), np.float32(0.1897402), np.float32(14.879312), np.float32(-5.3862934), np.float32(4.3108077), np.float32(-4.710663), np.float32(0.07728079), np.float32(0.2887346), np.float32(-2.791695), np.float32(1.0103683), np.float32(-4.7887826), np.float32(0.91982406), np.float32(-0.03412972), np.float32(-2.355524)]","[np.float32(-0.0134231895), np.float32(-0.2572312), np.float32(-0.23903514), np.float32(0.008107691), np.float32(-0.3110909), np.float32(-0.12374525), np.float32(0.15440692), np.float32(-0.39579162), np.float32(0.23926046), np.float32(-0.029618144), np.float32(-0.04933303), np.float32(-0.059069585), np.float32(-0.062440712), np.float32(0.23578529), np.float32(0.14951777), np.float32(-0.088309884), np.float32(0.028874006), np.float32(-0.25570062), np.float32(-0.14183217), np.float32(-0.012048399), np.float32(0.15597999), np.float32(0.07627635), np.float32(0.2213829), np.float32(0.20482811), np.float32(0.16263887), np.float32(0.21034417), np.float32(-0.023648405), np.float32(-0.28638282), np.float32(0.004165683), np.float32(0.27494007), np.float32(0.10895074), np.float32(-0.1484246)]","[np.float32(0.7203506), np.float32(0.76662344), np.float32(0.9984605), np.float32(0.9584142), np.float32(0.7399093), np.float32(0.9038367), np.float32(0.8981554), np.float32(0.9064159), np.float32(0.9002219), np.float32(0.8673354), np.float32(0.8932425), np.float32(0.9159406), np.float32(0.9745372), np.float32(0.7967599), np.float32(0.97460085), np.float32(0.85004944), np.float32(1.0748682), np.float32(0.8474076), np.float32(0.97138613), np.float32(0.8731199), np.float32(0.8520826), np.float32(1.017155), np.float32(1.0149219), np.float32(0.82550246), np.float32(0.8573261), np.float32(0.8399588), np.float32(1.0449455), np.float32(1.0004606), np.float32(0.93584144), np.float32(0.8625193), np.float32(0.9102999), np.float32(0.88035715)]"
2018-02-21 09:59:00+00:00,16.01827,0,LOEO,34,"[np.float32(-0.90328676), np.float32(-12.838683), np.float32(-91.505684), np.float32(-41.16117), np.float32(-1.8096079), np.float32(16.865103), np.float32(-77.66583), np.float32(-129.45207), np.float32(23.828484), np.float32(0.59015757), np.float32(2.4817038), np.float32(-11.927599), np.float32(0.23171927), np.float32(-2.1538124), np.float32(2.6766582), np.float32(-9.809312), np.float32(7.2574806), np.float32(3.7698386), np.float32(-0.8236133), np.float32(-14.617909), np.float32(10.979426), np.float32(-14.756608), np.float32(-2.783163), np.float32(8.529245), np.float32(1.4592804), np.float32(-2.1940057), np.float32(9.716623), np.float32(-1.8950619), np.float32(0.6454284), np.float32(2.0955722), np.float32(-4.897253), np.float32(1.8487059)]","[np.float32(-0.027396083), np.float32(-0.24341507), np.float32(-0.27659565), np.float32(-0.04906363), np.float32(-0.2532733), np.float32(-0.20019518), np.float32(0.117932975), np.float32(-0.47875988), np.float32(0.30613118), np.float32(-0.072561845), np.float32(-0.002249634), np.float32(-0.07693188), np.float32(-0.066353716), np.float32(0.23059623), np.float32(0.050749075), np.float32(-0.119616434), np.float32(0.0390435), np.float32(-0.30987772), np.float32(-0.19574845), np.float32(-0.03725964), np.float32(0.23134553), np.float32(0.18359709), np.float32(0.28808084), np.float32(0.3227351), np.float32(0.14213441), np.float32(0.15914005), np.float32(0.102281354), np.float32(-0.35913664), np.float32(-0.065856755), np.float32(0.26624042), np.float32(0.1755035), np.float32(-0.120448254)]","[np.float32(0.68521196), np.float32(0.74367064), np.float32(1.0112187), np.float32(0.93950236), np.float32(0.71767926), np.float32(0.86638236), np.float32(0.8110109), np.float32(0.8395787), np.float32(0.92366886), np.float32(0.87210524), np.float32(0.8318053), np.float32(0.8774674), np.float32(0.9482755), np.float32(0.77545995), np.float32(0.93450165), np.float32(0.8111641), np.float32(1.0287235), np.float32(0.8296428), np.float32(0.9647263), np.float32(0.8613682), np.float32(0.79247147), np.float32(1.0096773), np.float32(0.9940199), np.float32(0.85542804), np.float32(0.8640411), np.float32(0.85522604), np.float32(1.0518744), np.float32(0.9883875), np.float32(0.90062445), np.float32(0.8394065), np.float32(0.8344053), np.float32(0.88948375)]"
2018-02-21 09:58:00+00:00,14.581107,0,LOEO,34,"[np.float32(-8.690023), np.float32(-13.512719), np.float32(-24.99151), np.float32(-41.778187), np.float32(-0.25074938), np.float32(18.214945), np.float32(-70.671265), np.float32(-114.07607), np.float32(21.13473), np.float32(0.359408), np.float32(0.69655925), np.float32(21.776299), np.float32(-0.5147256), np.float32(-3.8180332), np.float32(-16.96238), np.float32(-21.468203), np.float32(12.734768), np.float32(24.793816), np.float32(1.3680766), np.float32(-2.593758), np.float32(16.166613), np.float32(-3.7588665), np.float32(-3.684034), np.float32(3.453877), np.float32(2.368015), np.float32(0.9118581), np.float32(6.908676), np.float32(-1.8563979), np.float32(-1.1252711), np.float32(0.85091823), np.float32(-5.705672), np.float32(0.43867144)]","[np.float32(-0.025164027), np.float32(-0.3092581), np.float32(-0.26770186), np.float32(-0.054035082), np.float32(-0.370197), np.float32(-0.050351724), np.float32(0.18625525), np.float32(-0.37655878), np.float32(0.23157248), np.float32(-0.047354862), np.float32(-0.06671979), np.float32(-0.07692434), np.float32(-0.13279411), np.float32(0.21561012), np.float32(0.20139), np.float32(-0.0367134), np.float32(0.025753923), np.float32(-0.26102993), np.float32(-0.102525584), np.float32(-0.03994322), np.float32(0.12873138), np.float32(0.045895457), np.float32(0.24185811), np.float32(0.16405126), np.float32(0.18803352), np.float32(0.23082834), np.float32(-0.03672652), np.float32(-0.2399466), np.float32(0.0037849434), np.float32(0.2821454), np.float32(0.11643607), np.float32(-0.17197809)]","[np.float32(0.7319002), np.float32(0.7827414), np.float32(1.0155352), np.float32(0.98376906), np.float32(0.75550985), np.float32(0.9605403), np.float32(0.9726125), np.float32(0.9399961), np.float32(0.8925057), np.float32(0.9184617), np.float32(0.94011855), np.float32(0.9501613), np.float32(0.97301656), np.float32(0.8037417), np.float32(1.0450853), np.float32(0.853925), np.float32(1.1156015), np.float32(0.86939627), np.float32(0.9919092), np.float32(0.88647515), np.float32(0.89083445), np.float32(1.0720117), np.float32(1.0901736), np.float32(0.8305624), np.float32(0.8752043), np.float32(0.84202325), np.float32(1.0764577), np.float32(1.0455278), np.float32(0.99120677), np.float32(0.8897445), np.float32(0.92478776), np.float32(0.89581305)]"
2018-02-21 10:25:00+00:00,13172.197,1,LOEO,35,"[np.float32(-247.49336), np.float32(21286.797), np.float32(-24.995857), np.float32(-2047.0791), np.float32(-6014.4927), np.float32(3185.9897), np.float32(6298.2017), np.float32(-10003.697), np.float32(-32654.363), np.float32(-2744.3762), np.float32(43443.766), np.float32(2014.897), np.float32(10639.895), np.float32(1254.3373), np.float32(6391.892), np.float32(4202.768), np.float32(2433.5422), np.float32(-30232.795), np.float32(16101.191), np.float32(37925.496), np.float32(23510.746), np.float32(-1262.5787), np.float32(22342.47), np.float32(-25844.559), np.float32(25128.598), np.float32(3237.466), np.float32(40846.37), np.float32(643.10187), np.float32(8249.448), np.float32(16997.143), np.float32(-3859.691), np.float32(10439.745)]","[np.float32(-0.09026959), np.float32(-0.26674467), np.float32(0.22665432), np.float32(0.2429552), np.float32(-0.17543133), np.float32(-0.22842073), np.float32(0.058331072), np.float32(-0.1623694), np.float32(-0.0076223835), np.float32(-0.21508984), np.float32(-0.011178072), np.float32(-0.07218012), np.float32(-0.2305514), np.float32(0.04974313), np.float32(0.26849896), np.float32(-0.06984517), np.float32(0.14218964), np.float32(-0.24347034), np.float32(-0.05871868), np.float32(-0.10784616), np.float32(0.11538524), np.float32(0.30674997), np.float32(0.17054898), np.float32(0.15530537), np.float32(0.14555846), np.float32(0.07831719), np.float32(-0.0070351604), np.float32(0.14230123), np.float32(0.007641319), np.float32(-0.08525787), np.float32(0.17097922), np.float32(-0.15980396)]","[np.float32(0.82147163), np.float32(0.78121084), np.float32(0.85409975), np.float32(0.9415888), np.float32(0.8238916), np.float32(0.9007973), np.float32(0.89073545), np.float32(0.8913641), np.float32(0.69708574), np.float32(0.87938094), np.float32(0.81525344), np.float32(0.9032407), np.float32(0.8790447), np.float32(0.7641406), np.float32(0.9314074), np.float32(0.7015738), np.float32(0.92720735), np.float32(0.7463279), np.float32(0.8467133), np.float32(0.861302), np.float32(0.9550568), np.float32(0.9556499), np.float32(0.9174645), np.float32(0.93964165), np.float32(0.8384993), np.float32(0.88645357), np.float32(1.1556456), np.float32(0.9783186), np.float32(1.0638726), np.float32(0.8254234), np.float32(0.78200626), np.float32(0.930789)]"
2018-02-21 10:02:00+00:00,16.12416,0,LOEO,35,"[np.float32(-0.6593148), np.float32(-12.399181), np.float32(-92.00364), np.float32(-46.999382), np.float32(-0.88267535), np.float32(10.057704), np.float32(-88.691376), np.float32(-145.29782), np.float32(24.91573), np.float32(-1.4715948), np.float32(3.6068027), np.float32(-4.9737473), np.float32(4.9176245), np.float32(-14.451329), np.float32(13.689194), np.float32(-1.9439656), np.float32(-0.7153407), np.float32(-0.49825653), np.float32(-1.4894817), np.float32(-10.434171), np.float32(8.434305), np.float32(-14.942855), np.float32(4.426138), np.float32(1.1730396), np.float32(2.7993014), np.float32(-2.6427827), np.float32(0.16957216), np.float32(0.37996528), np.float32(-0.023722807), np.float32(2.410696), np.float32(0.7168233), np.float32(0.069908425)]","[np.float32(-0.03637116), np.float32(-0.32416618), np.float32(-0.27999628), np.float32(-0.048489198), np.float32(-0.38998502), np.float32(-0.06461605), np.float32(0.20283139), np.float32(-0.42237324), np.float32(0.2661222), np.float32(-0.053656697), np.float32(-0.07425078), np.float32(-0.03539266), np.float32(-0.12534948), np.float32(0.24458446), np.float32(0.21048209), np.float32(-0.06451122), np.float32(0.049854502), np.float32(-0.2711866), np.float32(-0.15580241), np.float32(-0.07326477), np.float32(0.15508172), np.float32(0.055599667), np.float32(0.25403872), np.float32(0.18812951), np.float32(0.18352604), np.float32(0.20111364), np.float32(-0.04081983), np.float32(-0.2484158), np.float32(-0.009150282), np.float32(0.2900585), np.float32(0.117322885), np.float32(-0.20737195)]","[np.float32(0.7128124), np.float32(0.78827363), np.float32(1.0316323), np.float32(0.9513454), np.float32(0.7590942), np.float32(0.9559077), np.float32(0.9655444), np.float32(0.93456745), np.float32(0.9008816), np.float32(0.91073966), np.float32(0.93095165), np.float32(0.94144696), np.float32(0.9559759), np.float32(0.7945882), np.float32(1.0099248), np.float32(0.8235829), np.float32(1.0783974), np.float32(0.87301254), np.float32(1.00932), np.float32(0.8853293), np.float32(0.88007236), np.float32(1.0296904), np.float32(1.0568233), np.float32(0.8242857), np.float32(0.87834424), np.float32(0.8483432), np.float32(1.053969), np.float32(1.0510826), np.float32(0.9758823), np.float32(0.8947637), np.float32(0.9200637), np.float32(0.907105)]"
2018-02-21 10:01:00+00:00,16.140118,0,LOEO,35,"[np.float32(-0.6539692), np.float32(-12.399381), np.float32(-92.02614), np.float32(-47.03878), np.float32(-0.8756232), np.float32(10.071357), np.float32(-88.786125), np.float32(-145.44994), np.float32(24.950933), np.float32(-1.4926978), np.float32(3.613515), np.float32(-4.8934703), np.float32(4.9436274), np.float32(-14.517058), np.float32(13.778791), np.float32(-1.87773), np.float32(-0.8263029), np.float32(-0.5159984), np.float32(-1.5598574), np.float32(-10.265585), np.float32(8.34958), np.float32(-14.915883), np.float32(4.7317476), np.float32(0.7766562), np.float32(2.6124923), np.float32(-2.63326), np.float32(-0.24571174), np.float32(0.48469585), np.float32(-0.28845394), np.float32(2.430591), np.float32(0.9385861), np.float32(-0.06310148)]","[np.float32(-0.03177922), np.float32(-0.29775354), np.float32(-0.26508728), np.float32(-0.05620742), np.float32(-0.2257416), np.float32(-0.20432396), np.float32(0.12700626), np.float32(-0.53545296), np.float32(0.2989194), np.float32(-0.083408564), np.float32(0.0008898083), np.float32(-0.06334914), np.float32(-0.06941205), np.float32(0.22721562), np.float32(0.06475596), np.float32(-0.11176561), np.float32(0.084093176), np.float32(-0.31370017), np.float32(-0.1762087), np.float32(-0.06487116), np.float32(0.22678298), np.float32(0.20767108), np.float32(0.27043033), np.float32(0.3521029), np.float32(0.12437358), np.float32(0.14068481), np.float32(0.111177206), np.float32(-0.36304277), np.float32(-0.05409418), np.float32(0.2869931), np.float32(0.16707323), np.float32(-0.13945913)]","[np.float32(0.6814719), np.float32(0.76168793), np.float32(1.011765), np.float32(0.92199457), np.float32(0.7226688), np.float32(0.88160634), np.float32(0.8185679), np.float32(0.846938), np.float32(0.9345172), np.float32(0.8883731), np.float32(0.83763707), np.float32(0.8479053), np.float32(0.942158), np.float32(0.7745149), np.float32(0.9250603), np.float32(0.81261176), np.float32(1.0239301), np.float32(0.8230482), np.float32(0.9570014), np.float32(0.87408406), np.float32(0.77301574), np.float32(0.9904376), np.float32(0.98818), np.float32(0.83619994), np.float32(0.889882), np.float32(0.8362491), np.float32(1.0384688), np.float32(0.9993455), np.float32(0.9022335), np.float32(0.8703968), np.float32(0.83256173), np.float32(0.9113684)]"
2018-02-21 10:00:00+00:00,14.532734,0,LOEO,35,"[np.float32(-8.584693), np.float32(-13.20879), np.float32(-25.563938), np.float32(-42.842285), np.float32(-0.17729102), np.float32(19.421389), np.float32(-74.836586), np.float32(-120.77539), np.float32(21.678318), np.float32(-0.79682535), np.float32(1.1288475), np.float32(24.470697), np.float32(1.2238386), np.float32(-9.549296), np.float32(-13.948248), np.float32(-14.753425), np.float32(8.073736), np.float32(22.583363), np.float32(0.11648758), np.float32(0.1897402), np.float32(14.879312), np.float32(-5.3862934), np.float32(4.3108077), np.float32(-4.710663), np.float32(0.07728079), np.float32(0.2887346), np.float32(-2.791695), np.float32(1.0103683), np.float32(-4.7887826), np.float32(0.91982406), np.float32(-0.03412972), np.float32(-2.355524)]","[np.float32(-0.0134231895), np.float32(-0.2572312), np.float32(-0.23903514), np.float32(0.008107691), np.float32(-0.3110909), np.float32(-0.12374525), np.float32(0.15440692), np.float32(-0.39579162), np.float32(0.23926046), np.float32(-0.029618144), np.float32(-0.04933303), np.float32(-0.059069585), np.float32(-0.062440712), np.float32(0.23578529), np.float32(0.14951777), np.float32(-0.088309884), np.float32(0.028874006), np.float32(-0.25570062), np.float32(-0.14183217), np.float32(-0.012048399), np.float32(0.15597999), np.float32(0.07627635), np.float32(0.2213829), np.float32(0.20482811), np.float32(0.16263887), np.float32(0.21034417), np.float32(-0.023648405), np.float32(-0.28638282), np.float32(0.004165683), np.float32(0.27494007), np.float32(0.10895074), np.float32(-0.1484246)]","[np.float32(0.7203506), np.float32(0.76662344), np.float32(0.9984605), np.float32(0.9584142), np.float32(0.7399093), np.float32(0.9038367), np.float32(0.8981554), np.float32(0.9064159), np.float32(0.9002219), np.float32(0.8673354), np.float32(0.8932425), np.float32(0.9159406), np.float32(0.9745372), np.float32(0.7967599), np.float32(0.97460085), np.float32(0.85004944), np.float32(1.0748682), np.float32(0.8474076), np.float32(0.97138613), np.float32(0.8731199), np.float32(0.8520826), np.float32(1.017155), np.float32(1.0149219), np.float32(0.82550246), np.float32(0.8573261), np.float32(0.8399588), np.float32(1.0449455), np.float32(1.0004606), np.float32(0.93584144), np.float32(0.8625193), np.float32(0.9102999), np.float32(0.88035715)]"
2018-02-21 09:59:00+00:00,16.01827,0,LOEO,35,"[np.float32(-0.90328676), np.float32(-12.838683), np.float32(-91.505684), np.float32(-41.16117), np.float32(-1.8096079), np.float32(16.865103), np.float32(-77.66583), np.float32(-129.45207), np.float32(23.828484), np.float32(0.59015757), np.float32(2.4817038), np.float32(-11.927599), np.float32(0.23171927), np.float32(-2.1538124), np.float32(2.6766582), np.float32(-9.809312), np.float32(7.2574806), np.float32(3.7698386), np.float32(-0.8236133), np.float32(-14.617909), np.float32(10.979426), np.float32(-14.756608), np.float32(-2.783163), np.float32(8.529245), np.float32(1.4592804), np.float32(-2.1940057), np.float32(9.716623), np.float32(-1.8950619), np.float32(0.6454284), np.float32(2.0955722), np.float32(-4.897253), np.float32(1.8487059)]","[np.float32(-0.027396083), np.float32(-0.24341507), np.float32(-0.27659565), np.float32(-0.04906363), np.float32(-0.2532733), np.float32(-0.20019518), np.float32(0.117932975), np.float32(-0.47875988), np.float32(0.30613118), np.float32(-0.072561845), np.float32(-0.002249634), np.float32(-0.07693188), np.float32(-0.066353716), np.float32(0.23059623), np.float32(0.050749075), np.float32(-0.119616434), np.float32(0.0390435), np.float32(-0.30987772), np.float32(-0.19574845), np.float32(-0.03725964), np.float32(0.23134553), np.float32(0.18359709), np.float32(0.28808084), np.float32(0.3227351), np.float32(0.14213441), np.float32(0.15914005), np.float32(0.102281354), np.float32(-0.35913664), np.float32(-0.065856755), np.float32(0.26624042), np.float32(0.1755035), np.float32(-0.120448254)]","[np.float32(0.68521196), np.float32(0.74367064), np.float32(1.0112187), np.float32(0.93950236), np.float32(0.71767926), np.float32(0.86638236), np.float32(0.8110109), np.float32(0.8395787), np.float32(0.92366886), np.float32(0.87210524), np.float32(0.8318053), np.float32(0.8774674), np.float32(0.9482755), np.float32(0.77545995), np.float32(0.93450165), np.float32(0.8111641), np.float32(1.0287235), np.float32(0.8296428), np.float32(0.9647263), np.float32(0.8613682), np.float32(0.79247147), np.float32(1.0096773), np.float32(0.9940199), np.float32(0.85542804), np.float32(0.8640411), np.float32(0.85522604), np.float32(1.0518744), np.float32(0.9883875), np.float32(0.90062445), np.float32(0.8394065), np.float32(0.8344053), np.float32(0.88948375)]"
2018-02-21 09:58:00+00:00,14.581107,0,LOEO,35,"[np.float32(-8.690023), np.float32(-13.512719), np.float32(-24.99151), np.float32(-41.778187), np.float32(-0.25074938), np.float32(18.214945), np.float32(-70.671265), np.float32(-114.07607), np.float32(21.13473), np.float32(0.359408), np.float32(0.69655925), np.float32(21.776299), np.float32(-0.5147256), np.float32(-3.8180332), np.float32(-16.96238), np.float32(-21.468203), np.float32(12.734768), np.float32(24.793816), np.float32(1.3680766), np.float32(-2.593758), np.float32(16.166613), np.float32(-3.7588665), np.float32(-3.684034), np.float32(3.453877), np.float32(2.368015), np.float32(0.9118581), np.float32(6.908676), np.float32(-1.8563979), np.float32(-1.1252711), np.float32(0.85091823), np.float32(-5.705672), np.float32(0.43867144)]","[np.float32(-0.025164027), np.float32(-0.3092581), np.float32(-0.26770186), np.float32(-0.054035082), np.float32(-0.370197), np.float32(-0.050351724), np.float32(0.18625525), np.float32(-0.37655878), np.float32(0.23157248), np.float32(-0.047354862), np.float32(-0.06671979), np.float32(-0.07692434), np.float32(-0.13279411), np.float32(0.21561012), np.float32(0.20139), np.float32(-0.0367134), np.float32(0.025753923), np.float32(-0.26102993), np.float32(-0.102525584), np.float32(-0.03994322), np.float32(0.12873138), np.float32(0.045895457), np.float32(0.24185811), np.float32(0.16405126), np.float32(0.18803352), np.float32(0.23082834), np.float32(-0.03672652), np.float32(-0.2399466), np.float32(0.0037849434), np.float32(0.2821454), np.float32(0.11643607), np.float32(-0.17197809)]","[np.float32(0.7319002), np.float32(0.7827414), np.float32(1.0155352), np.float32(0.98376906), np.float32(0.75550985), np.float32(0.9605403), np.float32(0.9726125), np.float32(0.9399961), np.float32(0.8925057), np.float32(0.9184617), np.float32(0.94011855), np.float32(0.9501613), np.float32(0.97301656), np.float32(0.8037417), np.float32(1.0450853), np.float32(0.853925), np.float32(1.1156015), np.float32(0.86939627), np.float32(0.9919092), np.float32(0.88647515), np.float32(0.89083445), np.float32(1.0720117), np.float32(1.0901736), np.float32(0.8305624), np.float32(0.8752043), np.float32(0.84202325), np.float32(1.0764577), np.float32(1.0455278), np.float32(0.99120677), np.float32(0.8897445), np.float32(0.92478776), np.float32(0.89581305)]"
2018-02-21 10:27:00+00:00,12678.17,1,LOEO,36,"[np.float32(-238.53969), np.float32(20440.088), np.float32(-21.953226), np.float32(-1954.615), np.float32(-5769.8223), np.float32(3058.497), np.float32(6084.682), np.float32(-9597.375), np.float32(-31447.812), np.float32(-2625.088), np.float32(41716.15), np.float32(1922.9506), np.float32(10258.337), np.float32(1212.8829), np.float32(6122.399), np.float32(4093.654), np.float32(2338.2966), np.float32(-29133.285), np.float32(15511.144), np.float32(36524.812), np.float32(22629.965), np.float32(-1223.9484), np.float32(21521.826), np.float32(-24899.371), np.float32(24191.979), np.float32(3107.7944), np.float32(39351.16), np.float32(622.78375), np.float32(7934.493), np.float32(16378.481), np.float32(-3716.09), np.float32(10050.951)]","[np.float32(-0.10381451), np.float32(-0.2550832), np.float32(0.19848588), np.float32(0.21495682), np.float32(-0.16336718), np.float32(-0.22432697), np.float32(-0.004321102), np.float32(-0.1503827), np.float32(0.0056196824), np.float32(-0.24135695), np.float32(-0.004645488), np.float32(-0.08456147), np.float32(-0.20917876), np.float32(0.023437876), np.float32(0.22812359), np.float32(-0.031420708), np.float32(0.15001738), np.float32(-0.27349952), np.float32(-0.071567185), np.float32(-0.110617556), np.float32(0.13072084), np.float32(0.26193032), np.float32(0.15338641), np.float32(0.15896837), np.float32(0.16477063), np.float32(0.08317694), np.float32(0.046419214), np.float32(0.122957), np.float32(0.0049227737), np.float32(-0.11349037), np.float32(0.17103092), np.float32(-0.13308322)]","[np.float32(0.8239361), np.float32(0.7874923), np.float32(0.8832168), np.float32(0.9473768), np.float32(0.82904154), np.float32(0.9252493), np.float32(0.9378328), np.float32(0.89378786), np.float32(0.6917652), np.float32(0.88956845), np.float32(0.8002643), np.float32(0.9108345), np.float32(0.90187883), np.float32(0.78916705), np.float32(0.9546681), np.float32(0.707559), np.float32(0.9464966), np.float32(0.7719399), np.float32(0.8486731), np.float32(0.8943441), np.float32(1.0009687), np.float32(0.945092), np.float32(0.93747663), np.float32(0.967532), np.float32(0.8613644), np.float32(0.9005978), np.float32(1.2002487), np.float32(1.0049206), np.float32(1.0742025), np.float32(0.82977766), np.float32(0.78139716), np.float32(0.96298575)]"
2018-02-21 10:02:00+00:00,16.12416,0,LOEO,36,"[np.float32(-0.6593148), np.float32(-12.399181), np.float32(-92.00364), np.float32(-46.999382), np.float32(-0.88267535), np.float32(10.057704), np.float32(-88.691376), np.float32(-145.29782), np.float32(24.91573), np.float32(-1.4715948), np.float32(3.6068027), np.float32(-4.9737473), np.float32(4.9176245), np.float32(-14.451329), np.float32(13.689194), np.float32(-1.9439656), np.float32(-0.7153407), np.float32(-0.49825653), np.float32(-1.4894817), np.float32(-10.434171), np.float32(8.434305), np.float32(-14.942855), np.float32(4.426138), np.float32(1.1730396), np.float32(2.7993014), np.float32(-2.6427827), np.float32(0.16957216), np.float32(0.37996528), np.float32(-0.023722807), np.float32(2.410696), np.float32(0.7168233), np.float32(0.069908425)]","[np.float32(-0.03637116), np.float32(-0.32416618), np.float32(-0.27999628), np.float32(-0.048489198), np.float32(-0.38998502), np.float32(-0.06461605), np.float32(0.20283139), np.float32(-0.42237324), np.float32(0.2661222), np.float32(-0.053656697), np.float32(-0.07425078), np.float32(-0.03539266), np.float32(-0.12534948), np.float32(0.24458446), np.float32(0.21048209), np.float32(-0.06451122), np.float32(0.049854502), np.float32(-0.2711866), np.float32(-0.15580241), np.float32(-0.07326477), np.float32(0.15508172), np.float32(0.055599667), np.float32(0.25403872), np.float32(0.18812951), np.float32(0.18352604), np.float32(0.20111364), np.float32(-0.04081983), np.float32(-0.2484158), np.float32(-0.009150282), np.float32(0.2900585), np.float32(0.117322885), np.float32(-0.20737195)]","[np.float32(0.7128124), np.float32(0.78827363), np.float32(1.0316323), np.float32(0.9513454), np.float32(0.7590942), np.float32(0.9559077), np.float32(0.9655444), np.float32(0.93456745), np.float32(0.9008816), np.float32(0.91073966), np.float32(0.93095165), np.float32(0.94144696), np.float32(0.9559759), np.float32(0.7945882), np.float32(1.0099248), np.float32(0.8235829), np.float32(1.0783974), np.float32(0.87301254), np.float32(1.00932), np.float32(0.8853293), np.float32(0.88007236), np.float32(1.0296904), np.float32(1.0568233), np.float32(0.8242857), np.float32(0.87834424), np.float32(0.8483432), np.float32(1.053969), np.float32(1.0510826), np.float32(0.9758823), np.float32(0.8947637), np.float32(0.9200637), np.float32(0.907105)]"
2018-02-21 10:01:00+00:00,16.140118,0,LOEO,36,"[np.float32(-0.6539692), np.float32(-12.399381), np.float32(-92.02614), np.float32(-47.03878), np.float32(-0.8756232), np.float32(10.071357), np.float32(-88.786125), np.float32(-145.44994), np.float32(24.950933), np.float32(-1.4926978), np.float32(3.613515), np.float32(-4.8934703), np.float32(4.9436274), np.float32(-14.517058), np.float32(13.778791), np.float32(-1.87773), np.float32(-0.8263029), np.float32(-0.5159984), np.float32(-1.5598574), np.float32(-10.265585), np.float32(8.34958), np.float32(-14.915883), np.float32(4.7317476), np.float32(0.7766562), np.float32(2.6124923), np.float32(-2.63326), np.float32(-0.24571174), np.float32(0.48469585), np.float32(-0.28845394), np.float32(2.430591), np.float32(0.9385861), np.float32(-0.06310148)]","[np.float32(-0.03177922), np.float32(-0.29775354), np.float32(-0.26508728), np.float32(-0.05620742), np.float32(-0.2257416), np.float32(-0.20432396), np.float32(0.12700626), np.float32(-0.53545296), np.float32(0.2989194), np.float32(-0.083408564), np.float32(0.0008898083), np.float32(-0.06334914), np.float32(-0.06941205), np.float32(0.22721562), np.float32(0.06475596), np.float32(-0.11176561), np.float32(0.084093176), np.float32(-0.31370017), np.float32(-0.1762087), np.float32(-0.06487116), np.float32(0.22678298), np.float32(0.20767108), np.float32(0.27043033), np.float32(0.3521029), np.float32(0.12437358), np.float32(0.14068481), np.float32(0.111177206), np.float32(-0.36304277), np.float32(-0.05409418), np.float32(0.2869931), np.float32(0.16707323), np.float32(-0.13945913)]","[np.float32(0.6814719), np.float32(0.76168793), np.float32(1.011765), np.float32(0.92199457), np.float32(0.7226688), np.float32(0.88160634), np.float32(0.8185679), np.float32(0.846938), np.float32(0.9345172), np.float32(0.8883731), np.float32(0.83763707), np.float32(0.8479053), np.float32(0.942158), np.float32(0.7745149), np.float32(0.9250603), np.float32(0.81261176), np.float32(1.0239301), np.float32(0.8230482), np.float32(0.9570014), np.float32(0.87408406), np.float32(0.77301574), np.float32(0.9904376), np.float32(0.98818), np.float32(0.83619994), np.float32(0.889882), np.float32(0.8362491), np.float32(1.0384688), np.float32(0.9993455), np.float32(0.9022335), np.float32(0.8703968), np.float32(0.83256173), np.float32(0.9113684)]"
2018-02-21 10:00:00+00:00,14.532734,0,LOEO,36,"[np.float32(-8.584693), np.float32(-13.20879), np.float32(-25.563938), np.float32(-42.842285), np.float32(-0.17729102), np.float32(19.421389), np.float32(-74.836586), np.float32(-120.77539), np.float32(21.678318), np.float32(-0.79682535), np.float32(1.1288475), np.float32(24.470697), np.float32(1.2238386), np.float32(-9.549296), np.float32(-13.948248), np.float32(-14.753425), np.float32(8.073736), np.float32(22.583363), np.float32(0.11648758), np.float32(0.1897402), np.float32(14.879312), np.float32(-5.3862934), np.float32(4.3108077), np.float32(-4.710663), np.float32(0.07728079), np.float32(0.2887346), np.float32(-2.791695), np.float32(1.0103683), np.float32(-4.7887826), np.float32(0.91982406), np.float32(-0.03412972), np.float32(-2.355524)]","[np.float32(-0.0134231895), np.float32(-0.2572312), np.float32(-0.23903514), np.float32(0.008107691), np.float32(-0.3110909), np.float32(-0.12374525), np.float32(0.15440692), np.float32(-0.39579162), np.float32(0.23926046), np.float32(-0.029618144), np.float32(-0.04933303), np.float32(-0.059069585), np.float32(-0.062440712), np.float32(0.23578529), np.float32(0.14951777), np.float32(-0.088309884), np.float32(0.028874006), np.float32(-0.25570062), np.float32(-0.14183217), np.float32(-0.012048399), np.float32(0.15597999), np.float32(0.07627635), np.float32(0.2213829), np.float32(0.20482811), np.float32(0.16263887), np.float32(0.21034417), np.float32(-0.023648405), np.float32(-0.28638282), np.float32(0.004165683), np.float32(0.27494007), np.float32(0.10895074), np.float32(-0.1484246)]","[np.float32(0.7203506), np.float32(0.76662344), np.float32(0.9984605), np.float32(0.9584142), np.float32(0.7399093), np.float32(0.9038367), np.float32(0.8981554), np.float32(0.9064159), np.float32(0.9002219), np.float32(0.8673354), np.float32(0.8932425), np.float32(0.9159406), np.float32(0.9745372), np.float32(0.7967599), np.float32(0.97460085), np.float32(0.85004944), np.float32(1.0748682), np.float32(0.8474076), np.float32(0.97138613), np.float32(0.8731199), np.float32(0.8520826), np.float32(1.017155), np.float32(1.0149219), np.float32(0.82550246), np.float32(0.8573261), np.float32(0.8399588), np.float32(1.0449455), np.float32(1.0004606), np.float32(0.93584144), np.float32(0.8625193), np.float32(0.9102999), np.float32(0.88035715)]"
2018-02-21 09:59:00+00:00,16.01827,0,LOEO,36,"[np.float32(-0.90328676), np.float32(-12.838683), np.float32(-91.505684), np.float32(-41.16117), np.float32(-1.8096079), np.float32(16.865103), np.float32(-77.66583), np.float32(-129.45207), np.float32(23.828484), np.float32(0.59015757), np.float32(2.4817038), np.float32(-11.927599), np.float32(0.23171927), np.float32(-2.1538124), np.float32(2.6766582), np.float32(-9.809312), np.float32(7.2574806), np.float32(3.7698386), np.float32(-0.8236133), np.float32(-14.617909), np.float32(10.979426), np.float32(-14.756608), np.float32(-2.783163), np.float32(8.529245), np.float32(1.4592804), np.float32(-2.1940057), np.float32(9.716623), np.float32(-1.8950619), np.float32(0.6454284), np.float32(2.0955722), np.float32(-4.897253), np.float32(1.8487059)]","[np.float32(-0.027396083), np.float32(-0.24341507), np.float32(-0.27659565), np.float32(-0.04906363), np.float32(-0.2532733), np.float32(-0.20019518), np.float32(0.117932975), np.float32(-0.47875988), np.float32(0.30613118), np.float32(-0.072561845), np.float32(-0.002249634), np.float32(-0.07693188), np.float32(-0.066353716), np.float32(0.23059623), np.float32(0.050749075), np.float32(-0.119616434), np.float32(0.0390435), np.float32(-0.30987772), np.float32(-0.19574845), np.float32(-0.03725964), np.float32(0.23134553), np.float32(0.18359709), np.float32(0.28808084), np.float32(0.3227351), np.float32(0.14213441), np.float32(0.15914005), np.float32(0.102281354), np.float32(-0.35913664), np.float32(-0.065856755), np.float32(0.26624042), np.float32(0.1755035), np.float32(-0.120448254)]","[np.float32(0.68521196), np.float32(0.74367064), np.float32(1.0112187), np.float32(0.93950236), np.float32(0.71767926), np.float32(0.86638236), np.float32(0.8110109), np.float32(0.8395787), np.float32(0.92366886), np.float32(0.87210524), np.float32(0.8318053), np.float32(0.8774674), np.float32(0.9482755), np.float32(0.77545995), np.float32(0.93450165), np.float32(0.8111641), np.float32(1.0287235), np.float32(0.8296428), np.float32(0.9647263), np.float32(0.8613682), np.float32(0.79247147), np.float32(1.0096773), np.float32(0.9940199), np.float32(0.85542804), np.float32(0.8640411), np.float32(0.85522604), np.float32(1.0518744), np.float32(0.9883875), np.float32(0.90062445), np.float32(0.8394065), np.float32(0.8344053), np.float32(0.88948375)]"
2018-02-21 09:58:00+00:00,14.581107,0,LOEO,36,"[np.float32(-8.690023), np.float32(-13.512719), np.float32(-24.99151), np.float32(-41.778187), np.float32(-0.25074938), np.float32(18.214945), np.float32(-70.671265), np.float32(-114.07607), np.float32(21.13473), np.float32(0.359408), np.float32(0.69655925), np.float32(21.776299), np.float32(-0.5147256), np.float32(-3.8180332), np.float32(-16.96238), np.float32(-21.468203), np.float32(12.734768), np.float32(24.793816), np.float32(1.3680766), np.float32(-2.593758), np.float32(16.166613), np.float32(-3.7588665), np.float32(-3.684034), np.float32(3.453877), np.float32(2.368015), np.float32(0.9118581), np.float32(6.908676), np.float32(-1.8563979), np.float32(-1.1252711), np.float32(0.85091823), np.float32(-5.705672), np.float32(0.43867144)]","[np.float32(-0.025164027), np.float32(-0.3092581), np.float32(-0.26770186), np.float32(-0.054035082), np.float32(-0.370197), np.float32(-0.050351724), np.float32(0.18625525), np.float32(-0.37655878), np.float32(0.23157248), np.float32(-0.047354862), np.float32(-0.06671979), np.float32(-0.07692434), np.float32(-0.13279411), np.float32(0.21561012), np.float32(0.20139), np.float32(-0.0367134), np.float32(0.025753923), np.float32(-0.26102993), np.float32(-0.102525584), np.float32(-0.03994322), np.float32(0.12873138), np.float32(0.045895457), np.float32(0.24185811), np.float32(0.16405126), np.float32(0.18803352), np.float32(0.23082834), np.float32(-0.03672652), np.float32(-0.2399466), np.float32(0.0037849434), np.float32(0.2821454), np.float32(0.11643607), np.float32(-0.17197809)]","[np.float32(0.7319002), np.float32(0.7827414), np.float32(1.0155352), np.float32(0.98376906), np.float32(0.75550985), np.float32(0.9605403), np.float32(0.9726125), np.float32(0.9399961), np.float32(0.8925057), np.float32(0.9184617), np.float32(0.94011855), np.float32(0.9501613), np.float32(0.97301656), np.float32(0.8037417), np.float32(1.0450853), np.float32(0.853925), np.float32(1.1156015), np.float32(0.86939627), np.float32(0.9919092), np.float32(0.88647515), np.float32(0.89083445), np.float32(1.0720117), np.float32(1.0901736), np.float32(0.8305624), np.float32(0.8752043), np.float32(0.84202325), np.float32(1.0764577), np.float32(1.0455278), np.float32(0.99120677), np.float32(0.8897445), np.float32(0.92478776), np.float32(0.89581305)]"
